solid OpenSCAD_Model
  facet normal -0.988761 -0.149503 0
    outer loop
      vertex -10.2942 -42.6585 0
      vertex -10.2986 -42.6294 0.4
      vertex -10.2986 -42.6294 0
    endloop
  endfacet
  facet normal -0.988761 -0.149503 0
    outer loop
      vertex -10.2986 -42.6294 0.4
      vertex -10.2942 -42.6585 0
      vertex -10.2942 -42.6585 0.4
    endloop
  endfacet
  facet normal -0.998868 -0.0475651 0
    outer loop
      vertex -10.2986 -42.6294 0
      vertex -10.3 -42.6 0.4
      vertex -10.3 -42.6 0
    endloop
  endfacet
  facet normal -0.998868 -0.0475651 0
    outer loop
      vertex -10.3 -42.6 0.4
      vertex -10.2986 -42.6294 0
      vertex -10.2986 -42.6294 0.4
    endloop
  endfacet
  facet normal 0.241256 0.970461 -0
    outer loop
      vertex -9.91291 -22.7129 0
      vertex -9.94147 -22.7058 0.4
      vertex -9.91291 -22.7129 0.4
    endloop
  endfacet
  facet normal 0.241256 0.970461 0
    outer loop
      vertex -9.94147 -22.7058 0.4
      vertex -9.91291 -22.7129 0
      vertex -9.94147 -22.7058 0
    endloop
  endfacet
  facet normal 1 -0 0
    outer loop
      vertex -9.7 -42.6 0.4
      vertex -9.7 -23 0
      vertex -9.7 -23 0.4
    endloop
  endfacet
  facet normal 1 0 0
    outer loop
      vertex -9.7 -23 0
      vertex -9.7 -42.6 0.4
      vertex -9.7 -42.6 0
    endloop
  endfacet
  facet normal 0.970063 -0.242855 0
    outer loop
      vertex -9.71292 -42.6871 0.4
      vertex -9.70576 -42.6585 0
      vertex -9.70576 -42.6585 0.4
    endloop
  endfacet
  facet normal 0.970063 -0.242855 0
    outer loop
      vertex -9.70576 -42.6585 0
      vertex -9.71292 -42.6871 0.4
      vertex -9.71292 -42.6871 0
    endloop
  endfacet
  facet normal 0.998803 0.0489209 0
    outer loop
      vertex -9.7 -23 0.4
      vertex -9.70144 -22.9706 0
      vertex -9.70144 -22.9706 0.4
    endloop
  endfacet
  facet normal 0.998803 0.0489209 0
    outer loop
      vertex -9.70144 -22.9706 0
      vertex -9.7 -23 0.4
      vertex -9.7 -23 0
    endloop
  endfacet
  facet normal 0.98916 0.146844 0
    outer loop
      vertex -9.70144 -22.9706 0.4
      vertex -9.70576 -22.9415 0
      vertex -9.70576 -22.9415 0.4
    endloop
  endfacet
  facet normal 0.98916 0.146844 0
    outer loop
      vertex -9.70576 -22.9415 0
      vertex -9.70144 -22.9706 0.4
      vertex -9.70144 -22.9706 0
    endloop
  endfacet
  facet normal -1 0 0
    outer loop
      vertex -10.3 -42.6 0
      vertex -10.3 -23 0.4
      vertex -10.3 -23 0
    endloop
  endfacet
  facet normal -1 -0 0
    outer loop
      vertex -10.3 -23 0.4
      vertex -10.3 -42.6 0
      vertex -10.3 -42.6 0.4
    endloop
  endfacet
  facet normal 0.858091 -0.513498 0
    outer loop
      vertex -9.75056 -42.7667 0.4
      vertex -9.73542 -42.7414 0
      vertex -9.73542 -42.7414 0.4
    endloop
  endfacet
  facet normal 0.858091 -0.513498 0
    outer loop
      vertex -9.73542 -42.7414 0
      vertex -9.75056 -42.7667 0.4
      vertex -9.75056 -42.7667 0
    endloop
  endfacet
  facet normal -0.903738 -0.428086 0
    outer loop
      vertex -10.2646 -42.7414 0
      vertex -10.2772 -42.7148 0.4
      vertex -10.2772 -42.7148 0
    endloop
  endfacet
  facet normal -0.903738 -0.428086 0
    outer loop
      vertex -10.2772 -42.7148 0.4
      vertex -10.2646 -42.7414 0
      vertex -10.2646 -42.7414 0.4
    endloop
  endfacet
  facet normal 0.998803 -0.0489209 0
    outer loop
      vertex -9.70144 -42.6294 0.4
      vertex -9.7 -42.6 0
      vertex -9.7 -42.6 0.4
    endloop
  endfacet
  facet normal 0.998803 -0.0489209 0
    outer loop
      vertex -9.7 -42.6 0
      vertex -9.70144 -42.6294 0.4
      vertex -9.70144 -42.6294 0
    endloop
  endfacet
  facet normal -0.998868 0.0475651 0
    outer loop
      vertex -10.3 -23 0
      vertex -10.2986 -22.9706 0.4
      vertex -10.2986 -22.9706 0
    endloop
  endfacet
  facet normal -0.998868 0.0475651 0
    outer loop
      vertex -10.2986 -22.9706 0.4
      vertex -10.3 -23 0
      vertex -10.3 -23 0.4
    endloop
  endfacet
  facet normal -0.672335 0.740247 0
    outer loop
      vertex -10.1903 -22.7681 0
      vertex -10.2121 -22.7879 0.4
      vertex -10.1903 -22.7681 0.4
    endloop
  endfacet
  facet normal -0.672335 0.740247 0
    outer loop
      vertex -10.2121 -22.7879 0.4
      vertex -10.1903 -22.7681 0
      vertex -10.2121 -22.7879 0
    endloop
  endfacet
  facet normal 0.740754 0.671776 0
    outer loop
      vertex -9.7681 -22.8097 0.4
      vertex -9.78787 -22.7879 0
      vertex -9.78787 -22.7879 0.4
    endloop
  endfacet
  facet normal 0.740754 0.671776 0
    outer loop
      vertex -9.78787 -22.7879 0
      vertex -9.7681 -22.8097 0.4
      vertex -9.7681 -22.8097 0
    endloop
  endfacet
  facet normal 0.802604 -0.596512 0
    outer loop
      vertex -9.7681 -42.7903 0.4
      vertex -9.75056 -42.7667 0
      vertex -9.75056 -42.7667 0.4
    endloop
  endfacet
  facet normal 0.802604 -0.596512 0
    outer loop
      vertex -9.75056 -42.7667 0
      vertex -9.7681 -42.7903 0.4
      vertex -9.7681 -42.7903 0
    endloop
  endfacet
  facet normal -0.514994 0.857194 0
    outer loop
      vertex -10.1414 -22.7354 0
      vertex -10.1667 -22.7506 0.4
      vertex -10.1414 -22.7354 0.4
    endloop
  endfacet
  facet normal -0.514994 0.857194 0
    outer loop
      vertex -10.1667 -22.7506 0.4
      vertex -10.1414 -22.7354 0
      vertex -10.1667 -22.7506 0
    endloop
  endfacet
  facet normal -0.857194 0.514994 0
    outer loop
      vertex -10.2646 -22.8586 0
      vertex -10.2494 -22.8333 0.4
      vertex -10.2494 -22.8333 0
    endloop
  endfacet
  facet normal -0.857194 0.514994 0
    outer loop
      vertex -10.2494 -22.8333 0.4
      vertex -10.2646 -22.8586 0
      vertex -10.2646 -22.8586 0.4
    endloop
  endfacet
  facet normal 0.672166 0.740401 -0
    outer loop
      vertex -9.78787 -22.7879 0
      vertex -9.80968 -22.7681 0.4
      vertex -9.78787 -22.7879 0.4
    endloop
  endfacet
  facet normal 0.672166 0.740401 0
    outer loop
      vertex -9.80968 -22.7681 0.4
      vertex -9.78787 -22.7879 0
      vertex -9.80968 -22.7681 0
    endloop
  endfacet
  facet normal 0.858091 0.513498 0
    outer loop
      vertex -9.73542 -22.8586 0.4
      vertex -9.75056 -22.8333 0
      vertex -9.75056 -22.8333 0.4
    endloop
  endfacet
  facet normal 0.858091 0.513498 0
    outer loop
      vertex -9.75056 -22.8333 0
      vertex -9.73542 -22.8586 0.4
      vertex -9.73542 -22.8586 0
    endloop
  endfacet
  facet normal -0.97054 -0.240938 0
    outer loop
      vertex -10.2871 -42.6871 0
      vertex -10.2942 -42.6585 0.4
      vertex -10.2942 -42.6585 0
    endloop
  endfacet
  facet normal -0.97054 -0.240938 0
    outer loop
      vertex -10.2942 -42.6585 0.4
      vertex -10.2871 -42.6871 0
      vertex -10.2871 -42.6871 0.4
    endloop
  endfacet
  facet normal 0.149403 0.988776 -0
    outer loop
      vertex -9.94147 -22.7058 0
      vertex -9.97059 -22.7014 0.4
      vertex -9.94147 -22.7058 0.4
    endloop
  endfacet
  facet normal 0.149403 0.988776 0
    outer loop
      vertex -9.97059 -22.7014 0.4
      vertex -9.94147 -22.7058 0
      vertex -9.97059 -22.7014 0
    endloop
  endfacet
  facet normal 0.904001 -0.427531 0
    outer loop
      vertex -9.73542 -42.7414 0.4
      vertex -9.72284 -42.7148 0
      vertex -9.72284 -42.7148 0.4
    endloop
  endfacet
  facet normal 0.904001 -0.427531 0
    outer loop
      vertex -9.72284 -42.7148 0
      vertex -9.73542 -42.7414 0.4
      vertex -9.73542 -42.7414 0
    endloop
  endfacet
  facet normal -0.941665 -0.336552 0
    outer loop
      vertex -10.2772 -42.7148 0
      vertex -10.2871 -42.6871 0.4
      vertex -10.2871 -42.6871 0
    endloop
  endfacet
  facet normal -0.941665 -0.336552 0
    outer loop
      vertex -10.2871 -42.6871 0.4
      vertex -10.2772 -42.7148 0
      vertex -10.2772 -42.7148 0.4
    endloop
  endfacet
  facet normal -0.240938 0.97054 0
    outer loop
      vertex -10.0585 -22.7058 0
      vertex -10.0871 -22.7129 0.4
      vertex -10.0585 -22.7058 0.4
    endloop
  endfacet
  facet normal -0.240938 0.97054 0
    outer loop
      vertex -10.0871 -22.7129 0.4
      vertex -10.0585 -22.7058 0
      vertex -10.0871 -22.7129 0
    endloop
  endfacet
  facet normal 0.941449 -0.337154 0
    outer loop
      vertex -9.72284 -42.7148 0.4
      vertex -9.71292 -42.6871 0
      vertex -9.71292 -42.6871 0.4
    endloop
  endfacet
  facet normal 0.941449 -0.337154 0
    outer loop
      vertex -9.71292 -42.6871 0
      vertex -9.72284 -42.7148 0.4
      vertex -9.72284 -42.7148 0
    endloop
  endfacet
  facet normal -0.803256 -0.595634 0
    outer loop
      vertex -10.2319 -42.7903 0
      vertex -10.2494 -42.7667 0.4
      vertex -10.2494 -42.7667 0
    endloop
  endfacet
  facet normal -0.803256 -0.595634 0
    outer loop
      vertex -10.2494 -42.7667 0.4
      vertex -10.2319 -42.7903 0
      vertex -10.2319 -42.7903 0.4
    endloop
  endfacet
  facet normal 0.98916 -0.146844 0
    outer loop
      vertex -9.70576 -42.6585 0.4
      vertex -9.70144 -42.6294 0
      vertex -9.70144 -42.6294 0.4
    endloop
  endfacet
  facet normal 0.98916 -0.146844 0
    outer loop
      vertex -9.70144 -42.6294 0
      vertex -9.70576 -42.6585 0.4
      vertex -9.70576 -42.6585 0
    endloop
  endfacet
  facet normal -0.149503 0.988761 0
    outer loop
      vertex -10.0294 -22.7014 0
      vertex -10.0585 -22.7058 0.4
      vertex -10.0294 -22.7014 0.4
    endloop
  endfacet
  facet normal -0.149503 0.988761 0
    outer loop
      vertex -10.0585 -22.7058 0.4
      vertex -10.0294 -22.7014 0
      vertex -10.0585 -22.7058 0
    endloop
  endfacet
  facet normal -0.97054 0.240938 0
    outer loop
      vertex -10.2942 -22.9415 0
      vertex -10.2871 -22.9129 0.4
      vertex -10.2871 -22.9129 0
    endloop
  endfacet
  facet normal -0.97054 0.240938 0
    outer loop
      vertex -10.2871 -22.9129 0.4
      vertex -10.2942 -22.9415 0
      vertex -10.2942 -22.9415 0.4
    endloop
  endfacet
  facet normal -0.803256 0.595634 0
    outer loop
      vertex -10.2494 -22.8333 0
      vertex -10.2319 -22.8097 0.4
      vertex -10.2319 -22.8097 0
    endloop
  endfacet
  facet normal -0.803256 0.595634 0
    outer loop
      vertex -10.2319 -22.8097 0.4
      vertex -10.2494 -22.8333 0
      vertex -10.2494 -22.8333 0.4
    endloop
  endfacet
  facet normal -0.0475651 0.998868 0
    outer loop
      vertex -10 -22.7 0
      vertex -10.0294 -22.7014 0.4
      vertex -10 -22.7 0.4
    endloop
  endfacet
  facet normal -0.0475651 0.998868 0
    outer loop
      vertex -10.0294 -22.7014 0.4
      vertex -10 -22.7 0
      vertex -10.0294 -22.7014 0
    endloop
  endfacet
  facet normal 0.970063 0.242855 0
    outer loop
      vertex -9.70576 -22.9415 0.4
      vertex -9.71292 -22.9129 0
      vertex -9.71292 -22.9129 0.4
    endloop
  endfacet
  facet normal 0.970063 0.242855 0
    outer loop
      vertex -9.71292 -22.9129 0
      vertex -9.70576 -22.9415 0.4
      vertex -9.70576 -22.9415 0
    endloop
  endfacet
  facet normal 0.802604 0.596512 0
    outer loop
      vertex -9.75056 -22.8333 0.4
      vertex -9.7681 -22.8097 0
      vertex -9.7681 -22.8097 0.4
    endloop
  endfacet
  facet normal 0.802604 0.596512 0
    outer loop
      vertex -9.7681 -22.8097 0
      vertex -9.75056 -22.8333 0.4
      vertex -9.75056 -22.8333 0
    endloop
  endfacet
  facet normal 0.904001 0.427531 0
    outer loop
      vertex -9.72284 -22.8852 0.4
      vertex -9.73542 -22.8586 0
      vertex -9.73542 -22.8586 0.4
    endloop
  endfacet
  facet normal 0.904001 0.427531 0
    outer loop
      vertex -9.73542 -22.8586 0
      vertex -9.72284 -22.8852 0.4
      vertex -9.72284 -22.8852 0
    endloop
  endfacet
  facet normal -0.988761 0.149503 0
    outer loop
      vertex -10.2986 -22.9706 0
      vertex -10.2942 -22.9415 0.4
      vertex -10.2942 -22.9415 0
    endloop
  endfacet
  facet normal -0.988761 0.149503 0
    outer loop
      vertex -10.2942 -22.9415 0.4
      vertex -10.2986 -22.9706 0
      vertex -10.2986 -22.9706 0.4
    endloop
  endfacet
  facet normal -0.428086 0.903738 0
    outer loop
      vertex -10.1148 -22.7228 0
      vertex -10.1414 -22.7354 0.4
      vertex -10.1148 -22.7228 0.4
    endloop
  endfacet
  facet normal -0.428086 0.903738 0
    outer loop
      vertex -10.1414 -22.7354 0.4
      vertex -10.1148 -22.7228 0
      vertex -10.1414 -22.7354 0
    endloop
  endfacet
  facet normal 0.742152 -0.670232 0
    outer loop
      vertex -9.77686 -42.8 0.4
      vertex -9.7681 -42.7903 0
      vertex -9.7681 -42.7903 0.4
    endloop
  endfacet
  facet normal 0.742152 -0.670232 0
    outer loop
      vertex -9.7681 -42.7903 0
      vertex -9.77686 -42.8 0.4
      vertex -9.77686 -42.8 0
    endloop
  endfacet
  facet normal -0.903738 0.428086 0
    outer loop
      vertex -10.2772 -22.8852 0
      vertex -10.2646 -22.8586 0.4
      vertex -10.2646 -22.8586 0
    endloop
  endfacet
  facet normal -0.903738 0.428086 0
    outer loop
      vertex -10.2646 -22.8586 0.4
      vertex -10.2772 -22.8852 0
      vertex -10.2772 -22.8852 0.4
    endloop
  endfacet
  facet normal 0.047549 0.998869 -0
    outer loop
      vertex -9.97059 -22.7014 0
      vertex -10 -22.7 0.4
      vertex -9.97059 -22.7014 0.4
    endloop
  endfacet
  facet normal 0.047549 0.998869 0
    outer loop
      vertex -10 -22.7 0.4
      vertex -9.97059 -22.7014 0
      vertex -10 -22.7 0
    endloop
  endfacet
  facet normal -0.595634 0.803256 0
    outer loop
      vertex -10.1667 -22.7506 0
      vertex -10.1903 -22.7681 0.4
      vertex -10.1667 -22.7506 0.4
    endloop
  endfacet
  facet normal -0.595634 0.803256 0
    outer loop
      vertex -10.1903 -22.7681 0.4
      vertex -10.1667 -22.7506 0
      vertex -10.1903 -22.7681 0
    endloop
  endfacet
  facet normal -0.336552 0.941665 0
    outer loop
      vertex -10.0871 -22.7129 0
      vertex -10.1148 -22.7228 0.4
      vertex -10.0871 -22.7129 0.4
    endloop
  endfacet
  facet normal -0.336552 0.941665 0
    outer loop
      vertex -10.1148 -22.7228 0.4
      vertex -10.0871 -22.7129 0
      vertex -10.1148 -22.7228 0
    endloop
  endfacet
  facet normal 0.941449 0.337154 0
    outer loop
      vertex -9.71292 -22.9129 0.4
      vertex -9.72284 -22.8852 0
      vertex -9.72284 -22.8852 0.4
    endloop
  endfacet
  facet normal 0.941449 0.337154 0
    outer loop
      vertex -9.72284 -22.8852 0
      vertex -9.71292 -22.9129 0.4
      vertex -9.71292 -22.9129 0
    endloop
  endfacet
  facet normal -0.941665 0.336552 0
    outer loop
      vertex -10.2871 -22.9129 0
      vertex -10.2772 -22.8852 0.4
      vertex -10.2772 -22.8852 0
    endloop
  endfacet
  facet normal -0.941665 0.336552 0
    outer loop
      vertex -10.2772 -22.8852 0.4
      vertex -10.2871 -22.9129 0
      vertex -10.2871 -22.9129 0.4
    endloop
  endfacet
  facet normal 0.515743 0.856744 -0
    outer loop
      vertex -9.83333 -22.7506 0
      vertex -9.85858 -22.7354 0.4
      vertex -9.83333 -22.7506 0.4
    endloop
  endfacet
  facet normal 0.515743 0.856744 0
    outer loop
      vertex -9.85858 -22.7354 0.4
      vertex -9.83333 -22.7506 0
      vertex -9.85858 -22.7354 0
    endloop
  endfacet
  facet normal -0.857194 -0.514994 0
    outer loop
      vertex -10.2494 -42.7667 0
      vertex -10.2646 -42.7414 0.4
      vertex -10.2646 -42.7414 0
    endloop
  endfacet
  facet normal -0.857194 -0.514994 0
    outer loop
      vertex -10.2646 -42.7414 0.4
      vertex -10.2494 -42.7667 0
      vertex -10.2494 -42.7667 0.4
    endloop
  endfacet
  facet normal -0.740247 0.672335 0
    outer loop
      vertex -10.2319 -22.8097 0
      vertex -10.2121 -22.7879 0.4
      vertex -10.2121 -22.7879 0
    endloop
  endfacet
  facet normal -0.740247 0.672335 0
    outer loop
      vertex -10.2121 -22.7879 0.4
      vertex -10.2319 -22.8097 0
      vertex -10.2319 -22.8097 0.4
    endloop
  endfacet
  facet normal 0.427955 0.9038 -0
    outer loop
      vertex -9.85858 -22.7354 0
      vertex -9.88519 -22.7228 0.4
      vertex -9.85858 -22.7354 0.4
    endloop
  endfacet
  facet normal 0.427955 0.9038 0
    outer loop
      vertex -9.88519 -22.7228 0.4
      vertex -9.85858 -22.7354 0
      vertex -9.88519 -22.7228 0
    endloop
  endfacet
  facet normal 0.336336 0.941742 -0
    outer loop
      vertex -9.88519 -22.7228 0
      vertex -9.91291 -22.7129 0.4
      vertex -9.88519 -22.7228 0.4
    endloop
  endfacet
  facet normal 0.336336 0.941742 0
    outer loop
      vertex -9.91291 -22.7129 0.4
      vertex -9.88519 -22.7228 0
      vertex -9.91291 -22.7129 0
    endloop
  endfacet
  facet normal 0.594821 0.803858 -0
    outer loop
      vertex -9.80968 -22.7681 0
      vertex -9.83333 -22.7506 0.4
      vertex -9.80968 -22.7681 0.4
    endloop
  endfacet
  facet normal 0.594821 0.803858 0
    outer loop
      vertex -9.83333 -22.7506 0.4
      vertex -9.80968 -22.7681 0
      vertex -9.83333 -22.7506 0
    endloop
  endfacet
  facet normal -0.740631 -0.671912 0
    outer loop
      vertex -10.2231 -42.8 0
      vertex -10.2319 -42.7903 0.4
      vertex -10.2319 -42.7903 0
    endloop
  endfacet
  facet normal -0.740631 -0.671912 0
    outer loop
      vertex -10.2319 -42.7903 0.4
      vertex -10.2231 -42.8 0
      vertex -10.2231 -42.8 0.4
    endloop
  endfacet
  facet normal 0 0 1
    outer loop
      vertex -59.4014 7.0294 0.4
      vertex -59.4014 6.97059 0.4
      vertex -59.4 7 0.4
    endloop
  endfacet
  facet normal 0 0 1
    outer loop
      vertex -59.4058 7.05853 0.4
      vertex -59.4014 6.97059 0.4
      vertex -59.4014 7.0294 0.4
    endloop
  endfacet
  facet normal 0 0 1
    outer loop
      vertex -59.4058 7.05853 0.4
      vertex -59.4058 6.94147 0.4
      vertex -59.4014 6.97059 0.4
    endloop
  endfacet
  facet normal 0 0 1
    outer loop
      vertex -59.4129 7.08708 0.4
      vertex -59.4058 6.94147 0.4
      vertex -59.4058 7.05853 0.4
    endloop
  endfacet
  facet normal 0 0 1
    outer loop
      vertex -59.4129 7.08708 0.4
      vertex -59.4129 6.91291 0.4
      vertex -59.4058 6.94147 0.4
    endloop
  endfacet
  facet normal 0 0 1
    outer loop
      vertex -59.4228 7.1148 0.4
      vertex -59.4129 6.91291 0.4
      vertex -59.4129 7.08708 0.4
    endloop
  endfacet
  facet normal 0 0 1
    outer loop
      vertex -59.4228 7.1148 0.4
      vertex -59.4228 6.88519 0.4
      vertex -59.4129 6.91291 0.4
    endloop
  endfacet
  facet normal 0 0 1
    outer loop
      vertex -59.4354 7.14142 0.4
      vertex -59.4228 6.88519 0.4
      vertex -59.4228 7.1148 0.4
    endloop
  endfacet
  facet normal 0 0 1
    outer loop
      vertex -59.4354 7.14142 0.4
      vertex -59.4354 6.85858 0.4
      vertex -59.4228 6.88519 0.4
    endloop
  endfacet
  facet normal 0 0 1
    outer loop
      vertex -59.4506 7.16667 0.4
      vertex -59.4354 6.85858 0.4
      vertex -59.4354 7.14142 0.4
    endloop
  endfacet
  facet normal 0 0 1
    outer loop
      vertex -59.4506 7.16667 0.4
      vertex -59.4506 6.83333 0.4
      vertex -59.4354 6.85858 0.4
    endloop
  endfacet
  facet normal 0 0 1
    outer loop
      vertex -59.4681 7.19032 0.4
      vertex -59.4506 6.83333 0.4
      vertex -59.4506 7.16667 0.4
    endloop
  endfacet
  facet normal 0 0 1
    outer loop
      vertex -59.4681 7.19032 0.4
      vertex -59.4681 6.80968 0.4
      vertex -59.4506 6.83333 0.4
    endloop
  endfacet
  facet normal 0 0 1
    outer loop
      vertex -59.4879 7.21213 0.4
      vertex -59.4681 6.80968 0.4
      vertex -59.4681 7.19032 0.4
    endloop
  endfacet
  facet normal 0 0 1
    outer loop
      vertex -59.4879 7.21213 0.4
      vertex -59.4879 6.78787 0.4
      vertex -59.4681 6.80968 0.4
    endloop
  endfacet
  facet normal 0 0 1
    outer loop
      vertex -59.5097 7.2319 0.4
      vertex -59.4879 6.78787 0.4
      vertex -59.4879 7.21213 0.4
    endloop
  endfacet
  facet normal 0 0 1
    outer loop
      vertex -59.5097 7.2319 0.4
      vertex -59.5097 6.7681 0.4
      vertex -59.4879 6.78787 0.4
    endloop
  endfacet
  facet normal 0 0 1
    outer loop
      vertex -59.5333 7.24944 0.4
      vertex -59.5097 6.7681 0.4
      vertex -59.5097 7.2319 0.4
    endloop
  endfacet
  facet normal 0 0 1
    outer loop
      vertex -59.5333 7.24944 0.4
      vertex -59.5333 6.75056 0.4
      vertex -59.5097 6.7681 0.4
    endloop
  endfacet
  facet normal 0 0 1
    outer loop
      vertex -59.5586 7.26458 0.4
      vertex -59.5333 6.75056 0.4
      vertex -59.5333 7.24944 0.4
    endloop
  endfacet
  facet normal 0 0 1
    outer loop
      vertex -59.5586 7.26458 0.4
      vertex -59.5586 6.73542 0.4
      vertex -59.5333 6.75056 0.4
    endloop
  endfacet
  facet normal 0 0 1
    outer loop
      vertex -59.5852 7.27716 0.4
      vertex -59.5586 6.73542 0.4
      vertex -59.5586 7.26458 0.4
    endloop
  endfacet
  facet normal 0 0 1
    outer loop
      vertex -59.5852 7.27716 0.4
      vertex -59.5852 6.72284 0.4
      vertex -59.5586 6.73542 0.4
    endloop
  endfacet
  facet normal 0 0 1
    outer loop
      vertex -59.6129 7.28708 0.4
      vertex -59.5852 6.72284 0.4
      vertex -59.5852 7.27716 0.4
    endloop
  endfacet
  facet normal 0 0 1
    outer loop
      vertex -59.6129 7.28708 0.4
      vertex -59.6129 6.71292 0.4
      vertex -59.5852 6.72284 0.4
    endloop
  endfacet
  facet normal 0 0 1
    outer loop
      vertex -59.6415 7.29424 0.4
      vertex -59.6129 6.71292 0.4
      vertex -59.6129 7.28708 0.4
    endloop
  endfacet
  facet normal 0 0 1
    outer loop
      vertex -59.6415 7.29424 0.4
      vertex -59.6415 6.70576 0.4
      vertex -59.6129 6.71292 0.4
    endloop
  endfacet
  facet normal 0 0 1
    outer loop
      vertex -59.6706 7.29856 0.4
      vertex -59.6415 6.70576 0.4
      vertex -59.6415 7.29424 0.4
    endloop
  endfacet
  facet normal 0 0 1
    outer loop
      vertex -59.6706 7.29856 0.4
      vertex -59.6706 6.70144 0.4
      vertex -59.6415 6.70576 0.4
    endloop
  endfacet
  facet normal 0 0 1
    outer loop
      vertex -59.7 7.3 0.4
      vertex -59.6706 6.70144 0.4
      vertex -59.6706 7.29856 0.4
    endloop
  endfacet
  facet normal 0 0 1
    outer loop
      vertex -59.7 7.3 0.4
      vertex -59.7 6.7 0.4
      vertex -59.6706 6.70144 0.4
    endloop
  endfacet
  facet normal -0 0 1
    outer loop
      vertex -68 7.3 0.4
      vertex -59.7 6.7 0.4
      vertex -59.7 7.3 0.4
    endloop
  endfacet
  facet normal 0 0 1
    outer loop
      vertex -68 7.3 0.4
      vertex -68 6.7 0.4
      vertex -59.7 6.7 0.4
    endloop
  endfacet
  facet normal -0 0 1
    outer loop
      vertex -68.0294 7.29856 0.4
      vertex -68 6.7 0.4
      vertex -68 7.3 0.4
    endloop
  endfacet
  facet normal 0 0 1
    outer loop
      vertex -68.0294 7.29856 0.4
      vertex -68.0294 6.70144 0.4
      vertex -68 6.7 0.4
    endloop
  endfacet
  facet normal -0 0 1
    outer loop
      vertex -68.0585 7.29424 0.4
      vertex -68.0294 6.70144 0.4
      vertex -68.0294 7.29856 0.4
    endloop
  endfacet
  facet normal 0 0 1
    outer loop
      vertex -68.0585 7.29424 0.4
      vertex -68.0585 6.70576 0.4
      vertex -68.0294 6.70144 0.4
    endloop
  endfacet
  facet normal -0 0 1
    outer loop
      vertex -68.0871 7.28708 0.4
      vertex -68.0585 6.70576 0.4
      vertex -68.0585 7.29424 0.4
    endloop
  endfacet
  facet normal 0 0 1
    outer loop
      vertex -68.0871 7.28708 0.4
      vertex -68.0871 6.71292 0.4
      vertex -68.0585 6.70576 0.4
    endloop
  endfacet
  facet normal -0 0 1
    outer loop
      vertex -68.1148 7.27716 0.4
      vertex -68.0871 6.71292 0.4
      vertex -68.0871 7.28708 0.4
    endloop
  endfacet
  facet normal 0 0 1
    outer loop
      vertex -68.1148 7.27716 0.4
      vertex -68.1148 6.72284 0.4
      vertex -68.0871 6.71292 0.4
    endloop
  endfacet
  facet normal -0 0 1
    outer loop
      vertex -68.1414 7.26458 0.4
      vertex -68.1148 6.72284 0.4
      vertex -68.1148 7.27716 0.4
    endloop
  endfacet
  facet normal 0 0 1
    outer loop
      vertex -68.1414 7.26458 0.4
      vertex -68.1414 6.73542 0.4
      vertex -68.1148 6.72284 0.4
    endloop
  endfacet
  facet normal -0 0 1
    outer loop
      vertex -68.1667 7.24944 0.4
      vertex -68.1414 6.73542 0.4
      vertex -68.1414 7.26458 0.4
    endloop
  endfacet
  facet normal 0 0 1
    outer loop
      vertex -68.1667 7.24944 0.4
      vertex -68.1667 6.75056 0.4
      vertex -68.1414 6.73542 0.4
    endloop
  endfacet
  facet normal 0 0 1
    outer loop
      vertex -68.2 7.22313 0.4
      vertex -68.1667 7.24944 0.4
      vertex -68.1903 7.2319 0.4
    endloop
  endfacet
  facet normal 0 0 1
    outer loop
      vertex -68.1667 7.24944 0.4
      vertex -68.2 7.22313 0.4
      vertex -68.1667 6.75056 0.4
    endloop
  endfacet
  facet normal -0 0 1
    outer loop
      vertex -68.2 6.77687 0.4
      vertex -68.1667 6.75056 0.4
      vertex -68.2 7.22313 0.4
    endloop
  endfacet
  facet normal 0 0 1
    outer loop
      vertex -68.1667 6.75056 0.4
      vertex -68.2 6.77687 0.4
      vertex -68.1903 6.7681 0.4
    endloop
  endfacet
  facet normal 0 0 1
    outer loop
      vertex -10.3 -23 0.4
      vertex -9.7 -23 0.4
      vertex -9.70144 -22.9706 0.4
    endloop
  endfacet
  facet normal 0 0 1
    outer loop
      vertex -9.7 -23 0.4
      vertex -10.3 -23 0.4
      vertex -9.7 -42.6 0.4
    endloop
  endfacet
  facet normal 0 0 1
    outer loop
      vertex -10.3 -23 0.4
      vertex -9.70144 -22.9706 0.4
      vertex -9.70576 -22.9415 0.4
    endloop
  endfacet
  facet normal 0 0 1
    outer loop
      vertex -10.3 -42.6 0.4
      vertex -9.7 -42.6 0.4
      vertex -10.3 -23 0.4
    endloop
  endfacet
  facet normal 0 0 1
    outer loop
      vertex -10.3 -23 0.4
      vertex -9.70576 -22.9415 0.4
      vertex -9.71292 -22.9129 0.4
    endloop
  endfacet
  facet normal 0 0 1
    outer loop
      vertex -9.7 -42.6 0.4
      vertex -10.3 -42.6 0.4
      vertex -9.70144 -42.6294 0.4
    endloop
  endfacet
  facet normal 0 0 1
    outer loop
      vertex -10.3 -23 0.4
      vertex -9.71292 -22.9129 0.4
      vertex -9.72284 -22.8852 0.4
    endloop
  endfacet
  facet normal 0 0 1
    outer loop
      vertex -9.70144 -42.6294 0.4
      vertex -10.3 -42.6 0.4
      vertex -9.70576 -42.6585 0.4
    endloop
  endfacet
  facet normal 0 0 1
    outer loop
      vertex -10.3 -23 0.4
      vertex -9.72284 -22.8852 0.4
      vertex -9.73542 -22.8586 0.4
    endloop
  endfacet
  facet normal 0 0 1
    outer loop
      vertex -9.70576 -42.6585 0.4
      vertex -10.3 -42.6 0.4
      vertex -9.71292 -42.6871 0.4
    endloop
  endfacet
  facet normal 0 0 1
    outer loop
      vertex -10.3 -23 0.4
      vertex -9.73542 -22.8586 0.4
      vertex -9.75056 -22.8333 0.4
    endloop
  endfacet
  facet normal 0 0 1
    outer loop
      vertex -9.71292 -42.6871 0.4
      vertex -10.3 -42.6 0.4
      vertex -9.72284 -42.7148 0.4
    endloop
  endfacet
  facet normal 0 0 1
    outer loop
      vertex -10.3 -23 0.4
      vertex -9.75056 -22.8333 0.4
      vertex -9.7681 -22.8097 0.4
    endloop
  endfacet
  facet normal 0 0 1
    outer loop
      vertex -9.72284 -42.7148 0.4
      vertex -10.3 -42.6 0.4
      vertex -9.73542 -42.7414 0.4
    endloop
  endfacet
  facet normal 0 -0 1
    outer loop
      vertex -9.77686 -42.8 0.4
      vertex -9.75056 -42.7667 0.4
      vertex -10.3 -42.6 0.4
    endloop
  endfacet
  facet normal 0 0 1
    outer loop
      vertex -10.3 -23 0.4
      vertex -9.7681 -22.8097 0.4
      vertex -9.78787 -22.7879 0.4
    endloop
  endfacet
  facet normal 0 0 1
    outer loop
      vertex 33.7 -23 0.4
      vertex 34.3 -23 0.4
      vertex 34.2986 -22.9706 0.4
    endloop
  endfacet
  facet normal 0 0 1
    outer loop
      vertex 34.3 -23 0.4
      vertex 33.7 -23 0.4
      vertex 34.3 -42.6 0.4
    endloop
  endfacet
  facet normal 0 0 1
    outer loop
      vertex 33.7 -23 0.4
      vertex 34.2986 -22.9706 0.4
      vertex 34.2942 -22.9415 0.4
    endloop
  endfacet
  facet normal 0 0 1
    outer loop
      vertex 33.7 -42.6 0.4
      vertex 34.3 -42.6 0.4
      vertex 33.7 -23 0.4
    endloop
  endfacet
  facet normal 0 0 1
    outer loop
      vertex 33.7 -23 0.4
      vertex 34.2942 -22.9415 0.4
      vertex 34.2871 -22.9129 0.4
    endloop
  endfacet
  facet normal 0 0 1
    outer loop
      vertex 34.3 -42.6 0.4
      vertex 33.7 -42.6 0.4
      vertex 34.2986 -42.6294 0.4
    endloop
  endfacet
  facet normal 0 0 1
    outer loop
      vertex 33.7 -23 0.4
      vertex 34.2871 -22.9129 0.4
      vertex 34.2772 -22.8852 0.4
    endloop
  endfacet
  facet normal 0 0 1
    outer loop
      vertex 34.2986 -42.6294 0.4
      vertex 33.7 -42.6 0.4
      vertex 34.2942 -42.6585 0.4
    endloop
  endfacet
  facet normal 0 0 1
    outer loop
      vertex 33.7 -23 0.4
      vertex 34.2772 -22.8852 0.4
      vertex 34.2646 -22.8586 0.4
    endloop
  endfacet
  facet normal 0 0 1
    outer loop
      vertex 34.2942 -42.6585 0.4
      vertex 33.7 -42.6 0.4
      vertex 34.2871 -42.6871 0.4
    endloop
  endfacet
  facet normal 0 0 1
    outer loop
      vertex 33.7 -23 0.4
      vertex 34.2646 -22.8586 0.4
      vertex 34.2494 -22.8333 0.4
    endloop
  endfacet
  facet normal 0 0 1
    outer loop
      vertex 34.2871 -42.6871 0.4
      vertex 33.7 -42.6 0.4
      vertex 34.2772 -42.7148 0.4
    endloop
  endfacet
  facet normal 0 0 1
    outer loop
      vertex 33.7 -23 0.4
      vertex 34.2494 -22.8333 0.4
      vertex 34.2319 -22.8097 0.4
    endloop
  endfacet
  facet normal 0 0 1
    outer loop
      vertex 34.2772 -42.7148 0.4
      vertex 33.7 -42.6 0.4
      vertex 34.2646 -42.7414 0.4
    endloop
  endfacet
  facet normal 0 -0 1
    outer loop
      vertex 34.2231 -42.8 0.4
      vertex 34.2494 -42.7667 0.4
      vertex 33.7 -42.6 0.4
    endloop
  endfacet
  facet normal 0 0 1
    outer loop
      vertex 33.7 -23 0.4
      vertex 34.2319 -22.8097 0.4
      vertex 34.2121 -22.7879 0.4
    endloop
  endfacet
  facet normal 0 0 1
    outer loop
      vertex 68.1667 7.24944 0.4
      vertex 68.2 7.22313 0.4
      vertex 68.1903 7.2319 0.4
    endloop
  endfacet
  facet normal 0 0 1
    outer loop
      vertex 68.2 7.22313 0.4
      vertex 68.1667 7.24944 0.4
      vertex 68.2 6.77687 0.4
    endloop
  endfacet
  facet normal 0 0 1
    outer loop
      vertex 68.1667 6.75056 0.4
      vertex 68.2 6.77687 0.4
      vertex 68.1667 7.24944 0.4
    endloop
  endfacet
  facet normal 0 0 1
    outer loop
      vertex 68.2 6.77687 0.4
      vertex 68.1667 6.75056 0.4
      vertex 68.1903 6.7681 0.4
    endloop
  endfacet
  facet normal 0 0 1
    outer loop
      vertex 68.1414 7.26458 0.4
      vertex 68.1667 6.75056 0.4
      vertex 68.1667 7.24944 0.4
    endloop
  endfacet
  facet normal 0 0 1
    outer loop
      vertex 68.1414 7.26458 0.4
      vertex 68.1414 6.73542 0.4
      vertex 68.1667 6.75056 0.4
    endloop
  endfacet
  facet normal 0 0 1
    outer loop
      vertex 68.1148 7.27716 0.4
      vertex 68.1414 6.73542 0.4
      vertex 68.1414 7.26458 0.4
    endloop
  endfacet
  facet normal 0 0 1
    outer loop
      vertex 68.1148 7.27716 0.4
      vertex 68.1148 6.72284 0.4
      vertex 68.1414 6.73542 0.4
    endloop
  endfacet
  facet normal 0 0 1
    outer loop
      vertex 68.0871 7.28708 0.4
      vertex 68.1148 6.72284 0.4
      vertex 68.1148 7.27716 0.4
    endloop
  endfacet
  facet normal 0 0 1
    outer loop
      vertex 68.0871 7.28708 0.4
      vertex 68.0871 6.71292 0.4
      vertex 68.1148 6.72284 0.4
    endloop
  endfacet
  facet normal 0 0 1
    outer loop
      vertex 68.0585 7.29424 0.4
      vertex 68.0871 6.71292 0.4
      vertex 68.0871 7.28708 0.4
    endloop
  endfacet
  facet normal 0 0 1
    outer loop
      vertex 68.0585 7.29424 0.4
      vertex 68.0585 6.70576 0.4
      vertex 68.0871 6.71292 0.4
    endloop
  endfacet
  facet normal 0 0 1
    outer loop
      vertex 68.0294 7.29856 0.4
      vertex 68.0585 6.70576 0.4
      vertex 68.0585 7.29424 0.4
    endloop
  endfacet
  facet normal 0 0 1
    outer loop
      vertex 68.0294 7.29856 0.4
      vertex 68.0294 6.70144 0.4
      vertex 68.0585 6.70576 0.4
    endloop
  endfacet
  facet normal 0 0 1
    outer loop
      vertex 68 7.3 0.4
      vertex 68.0294 6.70144 0.4
      vertex 68.0294 7.29856 0.4
    endloop
  endfacet
  facet normal 0 0 1
    outer loop
      vertex 68 7.3 0.4
      vertex 68 6.7 0.4
      vertex 68.0294 6.70144 0.4
    endloop
  endfacet
  facet normal -0 0 1
    outer loop
      vertex 59.7 7.3 0.4
      vertex 68 6.7 0.4
      vertex 68 7.3 0.4
    endloop
  endfacet
  facet normal 0 0 1
    outer loop
      vertex 59.7 7.3 0.4
      vertex 59.7 6.7 0.4
      vertex 68 6.7 0.4
    endloop
  endfacet
  facet normal -0 0 1
    outer loop
      vertex 59.6706 7.29856 0.4
      vertex 59.7 6.7 0.4
      vertex 59.7 7.3 0.4
    endloop
  endfacet
  facet normal 0 0 1
    outer loop
      vertex 59.6706 7.29856 0.4
      vertex 59.6706 6.70144 0.4
      vertex 59.7 6.7 0.4
    endloop
  endfacet
  facet normal -0 0 1
    outer loop
      vertex 59.6415 7.29424 0.4
      vertex 59.6706 6.70144 0.4
      vertex 59.6706 7.29856 0.4
    endloop
  endfacet
  facet normal 0 0 1
    outer loop
      vertex 59.6415 7.29424 0.4
      vertex 59.6415 6.70576 0.4
      vertex 59.6706 6.70144 0.4
    endloop
  endfacet
  facet normal -0 0 1
    outer loop
      vertex 59.6129 7.28708 0.4
      vertex 59.6415 6.70576 0.4
      vertex 59.6415 7.29424 0.4
    endloop
  endfacet
  facet normal 0 0 1
    outer loop
      vertex 59.6129 7.28708 0.4
      vertex 59.6129 6.71292 0.4
      vertex 59.6415 6.70576 0.4
    endloop
  endfacet
  facet normal -0 0 1
    outer loop
      vertex 59.5852 7.27716 0.4
      vertex 59.6129 6.71292 0.4
      vertex 59.6129 7.28708 0.4
    endloop
  endfacet
  facet normal 0 0 1
    outer loop
      vertex 59.5852 7.27716 0.4
      vertex 59.5852 6.72284 0.4
      vertex 59.6129 6.71292 0.4
    endloop
  endfacet
  facet normal -0 0 1
    outer loop
      vertex 59.5586 7.26458 0.4
      vertex 59.5852 6.72284 0.4
      vertex 59.5852 7.27716 0.4
    endloop
  endfacet
  facet normal 0 0 1
    outer loop
      vertex 59.5586 7.26458 0.4
      vertex 59.5586 6.73542 0.4
      vertex 59.5852 6.72284 0.4
    endloop
  endfacet
  facet normal -0 0 1
    outer loop
      vertex 59.5333 7.24944 0.4
      vertex 59.5586 6.73542 0.4
      vertex 59.5586 7.26458 0.4
    endloop
  endfacet
  facet normal 0 0 1
    outer loop
      vertex 59.5333 7.24944 0.4
      vertex 59.5333 6.75056 0.4
      vertex 59.5586 6.73542 0.4
    endloop
  endfacet
  facet normal -0 0 1
    outer loop
      vertex 59.5097 7.2319 0.4
      vertex 59.5333 6.75056 0.4
      vertex 59.5333 7.24944 0.4
    endloop
  endfacet
  facet normal 0 0 1
    outer loop
      vertex 59.5097 7.2319 0.4
      vertex 59.5097 6.7681 0.4
      vertex 59.5333 6.75056 0.4
    endloop
  endfacet
  facet normal -0 0 1
    outer loop
      vertex 59.4879 7.21213 0.4
      vertex 59.5097 6.7681 0.4
      vertex 59.5097 7.2319 0.4
    endloop
  endfacet
  facet normal 0 0 1
    outer loop
      vertex 59.4879 7.21213 0.4
      vertex 59.4879 6.78787 0.4
      vertex 59.5097 6.7681 0.4
    endloop
  endfacet
  facet normal -0 0 1
    outer loop
      vertex 59.4681 7.19032 0.4
      vertex 59.4879 6.78787 0.4
      vertex 59.4879 7.21213 0.4
    endloop
  endfacet
  facet normal 0 0 1
    outer loop
      vertex 59.4681 7.19032 0.4
      vertex 59.4681 6.80968 0.4
      vertex 59.4879 6.78787 0.4
    endloop
  endfacet
  facet normal -0 0 1
    outer loop
      vertex 59.4506 7.16667 0.4
      vertex 59.4681 6.80968 0.4
      vertex 59.4681 7.19032 0.4
    endloop
  endfacet
  facet normal 0 0 1
    outer loop
      vertex 59.4506 7.16667 0.4
      vertex 59.4506 6.83333 0.4
      vertex 59.4681 6.80968 0.4
    endloop
  endfacet
  facet normal -0 0 1
    outer loop
      vertex 59.4354 7.14142 0.4
      vertex 59.4506 6.83333 0.4
      vertex 59.4506 7.16667 0.4
    endloop
  endfacet
  facet normal 0 0 1
    outer loop
      vertex 59.4354 7.14142 0.4
      vertex 59.4354 6.85858 0.4
      vertex 59.4506 6.83333 0.4
    endloop
  endfacet
  facet normal -0 0 1
    outer loop
      vertex 59.4228 7.1148 0.4
      vertex 59.4354 6.85858 0.4
      vertex 59.4354 7.14142 0.4
    endloop
  endfacet
  facet normal 0 0 1
    outer loop
      vertex 59.4228 7.1148 0.4
      vertex 59.4228 6.88519 0.4
      vertex 59.4354 6.85858 0.4
    endloop
  endfacet
  facet normal -0 0 1
    outer loop
      vertex 59.4129 7.08708 0.4
      vertex 59.4228 6.88519 0.4
      vertex 59.4228 7.1148 0.4
    endloop
  endfacet
  facet normal 0 0 1
    outer loop
      vertex 59.4129 7.08708 0.4
      vertex 59.4129 6.91291 0.4
      vertex 59.4228 6.88519 0.4
    endloop
  endfacet
  facet normal -0 0 1
    outer loop
      vertex 59.4058 7.05853 0.4
      vertex 59.4129 6.91291 0.4
      vertex 59.4129 7.08708 0.4
    endloop
  endfacet
  facet normal 0 0 1
    outer loop
      vertex 59.4058 7.05853 0.4
      vertex 59.4058 6.94147 0.4
      vertex 59.4129 6.91291 0.4
    endloop
  endfacet
  facet normal -0 0 1
    outer loop
      vertex 59.4014 7.0294 0.4
      vertex 59.4058 6.94147 0.4
      vertex 59.4058 7.05853 0.4
    endloop
  endfacet
  facet normal 0 0 1
    outer loop
      vertex 59.4014 7.0294 0.4
      vertex 59.4014 6.97059 0.4
      vertex 59.4058 6.94147 0.4
    endloop
  endfacet
  facet normal 0 -0 1
    outer loop
      vertex 59.4014 6.97059 0.4
      vertex 59.4014 7.0294 0.4
      vertex 59.4 7 0.4
    endloop
  endfacet
  facet normal 0 0 1
    outer loop
      vertex 68.2 7.22313 0.4
      vertex 76.2 42.8 0.4
      vertex 68.2 42.8 0.4
    endloop
  endfacet
  facet normal 0 0 1
    outer loop
      vertex 68.2 6.77687 0.4
      vertex 76.2 42.8 0.4
      vertex 68.2 7.22313 0.4
    endloop
  endfacet
  facet normal 0 0 1
    outer loop
      vertex 76.2 42.8 0.4
      vertex 68.2 6.77687 0.4
      vertex 76.2 -42.8 0.4
    endloop
  endfacet
  facet normal 0 0 1
    outer loop
      vertex 68.2 -42.8 0.4
      vertex 76.2 -42.8 0.4
      vertex 68.2 6.77687 0.4
    endloop
  endfacet
  facet normal 0 0 1
    outer loop
      vertex 68.2 -42.8 0.4
      vertex 34.2231 -42.8 0.4
      vertex 68.2 -50.8 0.4
    endloop
  endfacet
  facet normal 0 0 1
    outer loop
      vertex 33.7 -23 0.4
      vertex 34.2121 -22.7879 0.4
      vertex 34.1903 -22.7681 0.4
    endloop
  endfacet
  facet normal 0 0 1
    outer loop
      vertex 33.7 -23 0.4
      vertex 34.1903 -22.7681 0.4
      vertex 34.1667 -22.7506 0.4
    endloop
  endfacet
  facet normal 0 0 1
    outer loop
      vertex 33.7 -23 0.4
      vertex 34.1667 -22.7506 0.4
      vertex 34.1414 -22.7354 0.4
    endloop
  endfacet
  facet normal 0 0 1
    outer loop
      vertex 33.7 -23 0.4
      vertex 34.1414 -22.7354 0.4
      vertex 34.1148 -22.7228 0.4
    endloop
  endfacet
  facet normal 0 0 1
    outer loop
      vertex 33.7 -23 0.4
      vertex 34.1148 -22.7228 0.4
      vertex 34.0871 -22.7129 0.4
    endloop
  endfacet
  facet normal 0 0 1
    outer loop
      vertex 33.7 -23 0.4
      vertex 34.0871 -22.7129 0.4
      vertex 34.0585 -22.7058 0.4
    endloop
  endfacet
  facet normal 0 0 1
    outer loop
      vertex 33.7 -23 0.4
      vertex 34.0585 -22.7058 0.4
      vertex 34.0294 -22.7014 0.4
    endloop
  endfacet
  facet normal 0 0 1
    outer loop
      vertex 33.7 -23 0.4
      vertex 34.0294 -22.7014 0.4
      vertex 34 -22.7 0.4
    endloop
  endfacet
  facet normal 0 0 1
    outer loop
      vertex 33.7 -23 0.4
      vertex 34 -22.7 0.4
      vertex 33.9706 -22.7014 0.4
    endloop
  endfacet
  facet normal 0 0 1
    outer loop
      vertex 33.7 -23 0.4
      vertex 33.9706 -22.7014 0.4
      vertex 33.9415 -22.7058 0.4
    endloop
  endfacet
  facet normal 0 0 1
    outer loop
      vertex 33.7 -23 0.4
      vertex 33.9415 -22.7058 0.4
      vertex 33.9129 -22.7129 0.4
    endloop
  endfacet
  facet normal 0 0 1
    outer loop
      vertex 33.7 -23 0.4
      vertex 33.9129 -22.7129 0.4
      vertex 33.8852 -22.7228 0.4
    endloop
  endfacet
  facet normal 0 0 1
    outer loop
      vertex 33.7 -23 0.4
      vertex 33.8852 -22.7228 0.4
      vertex 33.8586 -22.7354 0.4
    endloop
  endfacet
  facet normal 0 0 1
    outer loop
      vertex 33.7 -23 0.4
      vertex 33.8586 -22.7354 0.4
      vertex 33.8333 -22.7506 0.4
    endloop
  endfacet
  facet normal 0 0 1
    outer loop
      vertex 33.7 -23 0.4
      vertex 33.8333 -22.7506 0.4
      vertex 33.8097 -22.7681 0.4
    endloop
  endfacet
  facet normal 0 0 1
    outer loop
      vertex 33.7 -23 0.4
      vertex 33.8097 -22.7681 0.4
      vertex 33.7879 -22.7879 0.4
    endloop
  endfacet
  facet normal 0 0 1
    outer loop
      vertex 34.2646 -42.7414 0.4
      vertex 33.7 -42.6 0.4
      vertex 34.2494 -42.7667 0.4
    endloop
  endfacet
  facet normal -0 0 1
    outer loop
      vertex 33.7769 -42.8 0.4
      vertex 68.2 -50.8 0.4
      vertex 34.2231 -42.8 0.4
    endloop
  endfacet
  facet normal -0 0 1
    outer loop
      vertex -9.77686 -42.8 0.4
      vertex 68.2 -50.8 0.4
      vertex 33.7769 -42.8 0.4
    endloop
  endfacet
  facet normal 0 0 1
    outer loop
      vertex -10.3 -23 0.4
      vertex -9.78787 -22.7879 0.4
      vertex -9.80968 -22.7681 0.4
    endloop
  endfacet
  facet normal 0 0 1
    outer loop
      vertex -10.3 -23 0.4
      vertex -9.80968 -22.7681 0.4
      vertex -9.83333 -22.7506 0.4
    endloop
  endfacet
  facet normal 0 0 1
    outer loop
      vertex -10.3 -23 0.4
      vertex -9.83333 -22.7506 0.4
      vertex -9.85858 -22.7354 0.4
    endloop
  endfacet
  facet normal 0 0 1
    outer loop
      vertex -10.3 -23 0.4
      vertex -9.85858 -22.7354 0.4
      vertex -9.88519 -22.7228 0.4
    endloop
  endfacet
  facet normal 0 0 1
    outer loop
      vertex -10.3 -23 0.4
      vertex -9.88519 -22.7228 0.4
      vertex -9.91291 -22.7129 0.4
    endloop
  endfacet
  facet normal 0 0 1
    outer loop
      vertex -10.3 -23 0.4
      vertex -9.91291 -22.7129 0.4
      vertex -9.94147 -22.7058 0.4
    endloop
  endfacet
  facet normal 0 0 1
    outer loop
      vertex -10.3 -23 0.4
      vertex -9.94147 -22.7058 0.4
      vertex -9.97059 -22.7014 0.4
    endloop
  endfacet
  facet normal 0 0 1
    outer loop
      vertex -10.3 -23 0.4
      vertex -9.97059 -22.7014 0.4
      vertex -10 -22.7 0.4
    endloop
  endfacet
  facet normal 0 0 1
    outer loop
      vertex -10.3 -23 0.4
      vertex -10 -22.7 0.4
      vertex -10.0294 -22.7014 0.4
    endloop
  endfacet
  facet normal 0 0 1
    outer loop
      vertex -10.3 -23 0.4
      vertex -10.0294 -22.7014 0.4
      vertex -10.0585 -22.7058 0.4
    endloop
  endfacet
  facet normal 0 0 1
    outer loop
      vertex -10.3 -23 0.4
      vertex -10.0585 -22.7058 0.4
      vertex -10.0871 -22.7129 0.4
    endloop
  endfacet
  facet normal 0 0 1
    outer loop
      vertex -10.3 -23 0.4
      vertex -10.0871 -22.7129 0.4
      vertex -10.1148 -22.7228 0.4
    endloop
  endfacet
  facet normal 0 0 1
    outer loop
      vertex -10.3 -23 0.4
      vertex -10.1148 -22.7228 0.4
      vertex -10.1414 -22.7354 0.4
    endloop
  endfacet
  facet normal 0 0 1
    outer loop
      vertex -10.3 -23 0.4
      vertex -10.1414 -22.7354 0.4
      vertex -10.1667 -22.7506 0.4
    endloop
  endfacet
  facet normal 0 0 1
    outer loop
      vertex -10.3 -23 0.4
      vertex -10.1667 -22.7506 0.4
      vertex -10.1903 -22.7681 0.4
    endloop
  endfacet
  facet normal 0 0 1
    outer loop
      vertex -10.3 -23 0.4
      vertex -10.1903 -22.7681 0.4
      vertex -10.2121 -22.7879 0.4
    endloop
  endfacet
  facet normal 0 0 1
    outer loop
      vertex -9.73542 -42.7414 0.4
      vertex -10.3 -42.6 0.4
      vertex -9.75056 -42.7667 0.4
    endloop
  endfacet
  facet normal 0 0 1
    outer loop
      vertex -68.2 -50.8 0.4
      vertex -9.77686 -42.8 0.4
      vertex -10.2231 -42.8 0.4
    endloop
  endfacet
  facet normal 0 0 1
    outer loop
      vertex -68.2 -50.8 0.4
      vertex -10.2231 -42.8 0.4
      vertex -68.2 -42.8 0.4
    endloop
  endfacet
  facet normal 0 0 1
    outer loop
      vertex -9.77686 -42.8 0.4
      vertex -68.2 -50.8 0.4
      vertex 68.2 -50.8 0.4
    endloop
  endfacet
  facet normal -0 0 1
    outer loop
      vertex -68.2 50.8 0.4
      vertex 68.2 42.8 0.4
      vertex 68.2 50.8 0.4
    endloop
  endfacet
  facet normal 0 0 1
    outer loop
      vertex -68.2 42.8 0.4
      vertex 68.2 42.8 0.4
      vertex -68.2 50.8 0.4
    endloop
  endfacet
  facet normal 0 0 1
    outer loop
      vertex -68.2 42.8 0.4
      vertex -76.2 42.8 0.4
      vertex -68.2 7.22313 0.4
    endloop
  endfacet
  facet normal 0 0 1
    outer loop
      vertex -68.2 7.22313 0.4
      vertex -76.2 42.8 0.4
      vertex -68.2 6.77687 0.4
    endloop
  endfacet
  facet normal 0 0 1
    outer loop
      vertex -76.2 -42.8 0.4
      vertex -68.2 6.77687 0.4
      vertex -76.2 42.8 0.4
    endloop
  endfacet
  facet normal 0 0 1
    outer loop
      vertex -68.2 6.77687 0.4
      vertex -76.2 -42.8 0.4
      vertex -68.2 -42.8 0.4
    endloop
  endfacet
  facet normal 0 0 1
    outer loop
      vertex 33.7 -23 0.4
      vertex 33.7879 -22.7879 0.4
      vertex 33.7681 -22.8097 0.4
    endloop
  endfacet
  facet normal 0 0 1
    outer loop
      vertex 34.2494 -42.7667 0.4
      vertex 34.2231 -42.8 0.4
      vertex 34.2319 -42.7903 0.4
    endloop
  endfacet
  facet normal 0 0 1
    outer loop
      vertex 33.7 -23 0.4
      vertex 33.7681 -22.8097 0.4
      vertex 33.7506 -22.8333 0.4
    endloop
  endfacet
  facet normal 0 0 1
    outer loop
      vertex 34.2231 -42.8 0.4
      vertex 33.7 -42.6 0.4
      vertex 33.7769 -42.8 0.4
    endloop
  endfacet
  facet normal 0 0 1
    outer loop
      vertex 33.7 -23 0.4
      vertex 33.7506 -22.8333 0.4
      vertex 33.7354 -22.8586 0.4
    endloop
  endfacet
  facet normal -0 -0 1
    outer loop
      vertex 33.7506 -42.7667 0.4
      vertex 33.7769 -42.8 0.4
      vertex 33.7 -42.6 0.4
    endloop
  endfacet
  facet normal 0 0 1
    outer loop
      vertex 33.7 -23 0.4
      vertex 33.7354 -22.8586 0.4
      vertex 33.7228 -22.8852 0.4
    endloop
  endfacet
  facet normal 0 0 1
    outer loop
      vertex 33.7769 -42.8 0.4
      vertex 33.7506 -42.7667 0.4
      vertex 33.7681 -42.7903 0.4
    endloop
  endfacet
  facet normal 0 0 1
    outer loop
      vertex 33.7 -23 0.4
      vertex 33.7228 -22.8852 0.4
      vertex 33.7129 -22.9129 0.4
    endloop
  endfacet
  facet normal 0 0 1
    outer loop
      vertex 33.7506 -42.7667 0.4
      vertex 33.7 -42.6 0.4
      vertex 33.7354 -42.7414 0.4
    endloop
  endfacet
  facet normal 0 0 1
    outer loop
      vertex 33.7 -23 0.4
      vertex 33.7129 -22.9129 0.4
      vertex 33.7058 -22.9415 0.4
    endloop
  endfacet
  facet normal 0 0 1
    outer loop
      vertex 33.7354 -42.7414 0.4
      vertex 33.7 -42.6 0.4
      vertex 33.7228 -42.7148 0.4
    endloop
  endfacet
  facet normal 0 0 1
    outer loop
      vertex 33.7 -23 0.4
      vertex 33.7058 -22.9415 0.4
      vertex 33.7014 -22.9706 0.4
    endloop
  endfacet
  facet normal 0 0 1
    outer loop
      vertex 33.7228 -42.7148 0.4
      vertex 33.7 -42.6 0.4
      vertex 33.7129 -42.6871 0.4
    endloop
  endfacet
  facet normal 0 0 1
    outer loop
      vertex 33.7129 -42.6871 0.4
      vertex 33.7 -42.6 0.4
      vertex 33.7058 -42.6585 0.4
    endloop
  endfacet
  facet normal 0 0 1
    outer loop
      vertex 33.7058 -42.6585 0.4
      vertex 33.7 -42.6 0.4
      vertex 33.7014 -42.6294 0.4
    endloop
  endfacet
  facet normal 0 0 1
    outer loop
      vertex -10.3 -23 0.4
      vertex -10.2121 -22.7879 0.4
      vertex -10.2319 -22.8097 0.4
    endloop
  endfacet
  facet normal 0 0 1
    outer loop
      vertex -9.75056 -42.7667 0.4
      vertex -9.77686 -42.8 0.4
      vertex -9.7681 -42.7903 0.4
    endloop
  endfacet
  facet normal 0 0 1
    outer loop
      vertex -10.3 -23 0.4
      vertex -10.2319 -22.8097 0.4
      vertex -10.2494 -22.8333 0.4
    endloop
  endfacet
  facet normal 0 0 1
    outer loop
      vertex -9.77686 -42.8 0.4
      vertex -10.3 -42.6 0.4
      vertex -10.2231 -42.8 0.4
    endloop
  endfacet
  facet normal 0 0 1
    outer loop
      vertex -10.3 -23 0.4
      vertex -10.2494 -22.8333 0.4
      vertex -10.2646 -22.8586 0.4
    endloop
  endfacet
  facet normal -0 -0 1
    outer loop
      vertex -10.2494 -42.7667 0.4
      vertex -10.2231 -42.8 0.4
      vertex -10.3 -42.6 0.4
    endloop
  endfacet
  facet normal 0 0 1
    outer loop
      vertex -10.3 -23 0.4
      vertex -10.2646 -22.8586 0.4
      vertex -10.2772 -22.8852 0.4
    endloop
  endfacet
  facet normal 0 0 1
    outer loop
      vertex -10.2231 -42.8 0.4
      vertex -10.2494 -42.7667 0.4
      vertex -10.2319 -42.7903 0.4
    endloop
  endfacet
  facet normal 0 0 1
    outer loop
      vertex -10.3 -23 0.4
      vertex -10.2772 -22.8852 0.4
      vertex -10.2871 -22.9129 0.4
    endloop
  endfacet
  facet normal 0 0 1
    outer loop
      vertex -10.2494 -42.7667 0.4
      vertex -10.3 -42.6 0.4
      vertex -10.2646 -42.7414 0.4
    endloop
  endfacet
  facet normal 0 0 1
    outer loop
      vertex -10.3 -23 0.4
      vertex -10.2871 -22.9129 0.4
      vertex -10.2942 -22.9415 0.4
    endloop
  endfacet
  facet normal 0 0 1
    outer loop
      vertex -10.2646 -42.7414 0.4
      vertex -10.3 -42.6 0.4
      vertex -10.2772 -42.7148 0.4
    endloop
  endfacet
  facet normal 0 0 1
    outer loop
      vertex -10.3 -23 0.4
      vertex -10.2942 -22.9415 0.4
      vertex -10.2986 -22.9706 0.4
    endloop
  endfacet
  facet normal 0 0 1
    outer loop
      vertex -10.2772 -42.7148 0.4
      vertex -10.3 -42.6 0.4
      vertex -10.2871 -42.6871 0.4
    endloop
  endfacet
  facet normal 0 0 1
    outer loop
      vertex -10.2871 -42.6871 0.4
      vertex -10.3 -42.6 0.4
      vertex -10.2942 -42.6585 0.4
    endloop
  endfacet
  facet normal 0 0 1
    outer loop
      vertex -10.2942 -42.6585 0.4
      vertex -10.3 -42.6 0.4
      vertex -10.2986 -42.6294 0.4
    endloop
  endfacet
  facet normal 0 0 -1
    outer loop
      vertex 33.7 -42.6 0
      vertex 34.3 -42.6 0
      vertex 34.2986 -42.6294 0
    endloop
  endfacet
  facet normal 0 0 -1
    outer loop
      vertex 34.3 -42.6 0
      vertex 33.7 -42.6 0
      vertex 34.3 -23 0
    endloop
  endfacet
  facet normal 0 0 -1
    outer loop
      vertex 33.7 -42.6 0
      vertex 34.2986 -42.6294 0
      vertex 34.2942 -42.6585 0
    endloop
  endfacet
  facet normal 0 0 -1
    outer loop
      vertex 33.7 -23 0
      vertex 34.3 -23 0
      vertex 33.7 -42.6 0
    endloop
  endfacet
  facet normal 0 0 -1
    outer loop
      vertex 33.7 -42.6 0
      vertex 34.2942 -42.6585 0
      vertex 34.2871 -42.6871 0
    endloop
  endfacet
  facet normal 0 0 -1
    outer loop
      vertex 34.3 -23 0
      vertex 33.7 -23 0
      vertex 34.2986 -22.9706 0
    endloop
  endfacet
  facet normal 0 0 -1
    outer loop
      vertex 33.7 -42.6 0
      vertex 34.2871 -42.6871 0
      vertex 34.2772 -42.7148 0
    endloop
  endfacet
  facet normal -0 0 -1
    outer loop
      vertex 34.2986 -22.9706 0
      vertex 33.7 -23 0
      vertex 34.2942 -22.9415 0
    endloop
  endfacet
  facet normal 0 0 -1
    outer loop
      vertex 33.7 -42.6 0
      vertex 34.2772 -42.7148 0
      vertex 34.2646 -42.7414 0
    endloop
  endfacet
  facet normal -0 0 -1
    outer loop
      vertex 34.2942 -22.9415 0
      vertex 33.7 -23 0
      vertex 34.2871 -22.9129 0
    endloop
  endfacet
  facet normal 0 0 -1
    outer loop
      vertex 33.7 -42.6 0
      vertex 34.2646 -42.7414 0
      vertex 34.2494 -42.7667 0
    endloop
  endfacet
  facet normal -0 0 -1
    outer loop
      vertex 34.2871 -22.9129 0
      vertex 33.7 -23 0
      vertex 34.2772 -22.8852 0
    endloop
  endfacet
  facet normal 0 0 -1
    outer loop
      vertex 34.2231 -42.8 0
      vertex 34.2494 -42.7667 0
      vertex 34.2319 -42.7903 0
    endloop
  endfacet
  facet normal -0 0 -1
    outer loop
      vertex 34.2772 -22.8852 0
      vertex 33.7 -23 0
      vertex 34.2646 -22.8586 0
    endloop
  endfacet
  facet normal -0 0 -1
    outer loop
      vertex 34.2494 -42.7667 0
      vertex 34.2231 -42.8 0
      vertex 33.7 -42.6 0
    endloop
  endfacet
  facet normal -0 0 -1
    outer loop
      vertex 34.2646 -22.8586 0
      vertex 33.7 -23 0
      vertex 34.2494 -22.8333 0
    endloop
  endfacet
  facet normal -0 0 -1
    outer loop
      vertex 34.2494 -22.8333 0
      vertex 33.7 -23 0
      vertex 34.2319 -22.8097 0
    endloop
  endfacet
  facet normal -0 0 -1
    outer loop
      vertex 34.2319 -22.8097 0
      vertex 33.7 -23 0
      vertex 34.2121 -22.7879 0
    endloop
  endfacet
  facet normal 0 0 -1
    outer loop
      vertex 33.7 -42.6 0
      vertex 33.7681 -42.7903 0
      vertex 33.7506 -42.7667 0
    endloop
  endfacet
  facet normal -0 0 -1
    outer loop
      vertex 34.2121 -22.7879 0
      vertex 33.7 -23 0
      vertex 33.7879 -22.7879 0
    endloop
  endfacet
  facet normal 0 0 -1
    outer loop
      vertex 33.7 -42.6 0
      vertex 33.7506 -42.7667 0
      vertex 33.7354 -42.7414 0
    endloop
  endfacet
  facet normal 0 0 -1
    outer loop
      vertex 33.7879 -22.7879 0
      vertex 33.7 -23 0
      vertex 33.7681 -22.8097 0
    endloop
  endfacet
  facet normal 0 0 -1
    outer loop
      vertex 33.7 -42.6 0
      vertex 33.7354 -42.7414 0
      vertex 33.7228 -42.7148 0
    endloop
  endfacet
  facet normal 0 0 -1
    outer loop
      vertex 33.7681 -22.8097 0
      vertex 33.7 -23 0
      vertex 33.7506 -22.8333 0
    endloop
  endfacet
  facet normal 0 0 -1
    outer loop
      vertex 33.7 -42.6 0
      vertex 33.7228 -42.7148 0
      vertex 33.7129 -42.6871 0
    endloop
  endfacet
  facet normal 0 0 -1
    outer loop
      vertex 33.7506 -22.8333 0
      vertex 33.7 -23 0
      vertex 33.7354 -22.8586 0
    endloop
  endfacet
  facet normal 0 0 -1
    outer loop
      vertex 33.7 -42.6 0
      vertex 33.7129 -42.6871 0
      vertex 33.7058 -42.6585 0
    endloop
  endfacet
  facet normal 0 0 -1
    outer loop
      vertex 33.7354 -22.8586 0
      vertex 33.7 -23 0
      vertex 33.7228 -22.8852 0
    endloop
  endfacet
  facet normal 0 0 -1
    outer loop
      vertex 33.7 -42.6 0
      vertex 33.7058 -42.6585 0
      vertex 33.7014 -42.6294 0
    endloop
  endfacet
  facet normal 0 0 -1
    outer loop
      vertex 33.7228 -22.8852 0
      vertex 33.7 -23 0
      vertex 33.7129 -22.9129 0
    endloop
  endfacet
  facet normal 0 0 -1
    outer loop
      vertex 33.7129 -22.9129 0
      vertex 33.7 -23 0
      vertex 33.7058 -22.9415 0
    endloop
  endfacet
  facet normal 0 0 -1
    outer loop
      vertex 33.7058 -22.9415 0
      vertex 33.7 -23 0
      vertex 33.7014 -22.9706 0
    endloop
  endfacet
  facet normal 0 0 -1
    outer loop
      vertex -10.3 -42.6 0
      vertex -9.7 -42.6 0
      vertex -9.70144 -42.6294 0
    endloop
  endfacet
  facet normal 0 0 -1
    outer loop
      vertex -9.7 -42.6 0
      vertex -10.3 -42.6 0
      vertex -9.7 -23 0
    endloop
  endfacet
  facet normal 0 0 -1
    outer loop
      vertex -10.3 -42.6 0
      vertex -9.70144 -42.6294 0
      vertex -9.70576 -42.6585 0
    endloop
  endfacet
  facet normal 0 0 -1
    outer loop
      vertex -10.3 -23 0
      vertex -9.7 -23 0
      vertex -10.3 -42.6 0
    endloop
  endfacet
  facet normal 0 0 -1
    outer loop
      vertex -10.3 -42.6 0
      vertex -9.70576 -42.6585 0
      vertex -9.71292 -42.6871 0
    endloop
  endfacet
  facet normal 0 0 -1
    outer loop
      vertex -9.7 -23 0
      vertex -10.3 -23 0
      vertex -9.70144 -22.9706 0
    endloop
  endfacet
  facet normal 0 0 -1
    outer loop
      vertex -10.3 -42.6 0
      vertex -9.71292 -42.6871 0
      vertex -9.72284 -42.7148 0
    endloop
  endfacet
  facet normal -0 0 -1
    outer loop
      vertex -9.70144 -22.9706 0
      vertex -10.3 -23 0
      vertex -9.70576 -22.9415 0
    endloop
  endfacet
  facet normal 0 0 -1
    outer loop
      vertex -10.3 -42.6 0
      vertex -9.72284 -42.7148 0
      vertex -9.73542 -42.7414 0
    endloop
  endfacet
  facet normal -0 0 -1
    outer loop
      vertex -9.70576 -22.9415 0
      vertex -10.3 -23 0
      vertex -9.71292 -22.9129 0
    endloop
  endfacet
  facet normal 0 0 -1
    outer loop
      vertex -10.3 -42.6 0
      vertex -9.73542 -42.7414 0
      vertex -9.75056 -42.7667 0
    endloop
  endfacet
  facet normal -0 0 -1
    outer loop
      vertex -9.71292 -22.9129 0
      vertex -10.3 -23 0
      vertex -9.72284 -22.8852 0
    endloop
  endfacet
  facet normal 0 0 -1
    outer loop
      vertex -9.77686 -42.8 0
      vertex -9.75056 -42.7667 0
      vertex -9.7681 -42.7903 0
    endloop
  endfacet
  facet normal -0 0 -1
    outer loop
      vertex -9.72284 -22.8852 0
      vertex -10.3 -23 0
      vertex -9.73542 -22.8586 0
    endloop
  endfacet
  facet normal -0 0 -1
    outer loop
      vertex -9.75056 -42.7667 0
      vertex -9.77686 -42.8 0
      vertex -10.3 -42.6 0
    endloop
  endfacet
  facet normal -0 0 -1
    outer loop
      vertex -9.73542 -22.8586 0
      vertex -10.3 -23 0
      vertex -9.75056 -22.8333 0
    endloop
  endfacet
  facet normal -0 0 -1
    outer loop
      vertex -9.75056 -22.8333 0
      vertex -10.3 -23 0
      vertex -9.7681 -22.8097 0
    endloop
  endfacet
  facet normal -0 0 -1
    outer loop
      vertex -9.7681 -22.8097 0
      vertex -10.3 -23 0
      vertex -9.78787 -22.7879 0
    endloop
  endfacet
  facet normal 0 0 -1
    outer loop
      vertex -10.3 -42.6 0
      vertex -10.2319 -42.7903 0
      vertex -10.2494 -42.7667 0
    endloop
  endfacet
  facet normal -0 0 -1
    outer loop
      vertex -9.78787 -22.7879 0
      vertex -10.3 -23 0
      vertex -10.2121 -22.7879 0
    endloop
  endfacet
  facet normal 0 0 -1
    outer loop
      vertex -10.3 -42.6 0
      vertex -10.2494 -42.7667 0
      vertex -10.2646 -42.7414 0
    endloop
  endfacet
  facet normal 0 0 -1
    outer loop
      vertex -10.2121 -22.7879 0
      vertex -10.3 -23 0
      vertex -10.2319 -22.8097 0
    endloop
  endfacet
  facet normal 0 0 -1
    outer loop
      vertex -10.3 -42.6 0
      vertex -10.2646 -42.7414 0
      vertex -10.2772 -42.7148 0
    endloop
  endfacet
  facet normal 0 0 -1
    outer loop
      vertex -10.2319 -22.8097 0
      vertex -10.3 -23 0
      vertex -10.2494 -22.8333 0
    endloop
  endfacet
  facet normal 0 0 -1
    outer loop
      vertex -10.3 -42.6 0
      vertex -10.2772 -42.7148 0
      vertex -10.2871 -42.6871 0
    endloop
  endfacet
  facet normal 0 0 -1
    outer loop
      vertex -10.2494 -22.8333 0
      vertex -10.3 -23 0
      vertex -10.2646 -22.8586 0
    endloop
  endfacet
  facet normal 0 0 -1
    outer loop
      vertex -10.3 -42.6 0
      vertex -10.2871 -42.6871 0
      vertex -10.2942 -42.6585 0
    endloop
  endfacet
  facet normal 0 0 -1
    outer loop
      vertex -10.2646 -22.8586 0
      vertex -10.3 -23 0
      vertex -10.2772 -22.8852 0
    endloop
  endfacet
  facet normal 0 0 -1
    outer loop
      vertex -10.3 -42.6 0
      vertex -10.2942 -42.6585 0
      vertex -10.2986 -42.6294 0
    endloop
  endfacet
  facet normal 0 0 -1
    outer loop
      vertex -10.2772 -22.8852 0
      vertex -10.3 -23 0
      vertex -10.2871 -22.9129 0
    endloop
  endfacet
  facet normal 0 0 -1
    outer loop
      vertex -10.2871 -22.9129 0
      vertex -10.3 -23 0
      vertex -10.2942 -22.9415 0
    endloop
  endfacet
  facet normal 0 0 -1
    outer loop
      vertex -10.2942 -22.9415 0
      vertex -10.3 -23 0
      vertex -10.2986 -22.9706 0
    endloop
  endfacet
  facet normal 0 0 -1
    outer loop
      vertex 68.1667 6.75056 0
      vertex 68.2 6.77687 0
      vertex 68.1903 6.7681 0
    endloop
  endfacet
  facet normal -0 0 -1
    outer loop
      vertex 68.2 6.77687 0
      vertex 68.1667 6.75056 0
      vertex 68.2 7.22313 0
    endloop
  endfacet
  facet normal 0 0 -1
    outer loop
      vertex 68.1667 7.24944 0
      vertex 68.2 7.22313 0
      vertex 68.1667 6.75056 0
    endloop
  endfacet
  facet normal 0 0 -1
    outer loop
      vertex 68.2 7.22313 0
      vertex 68.1667 7.24944 0
      vertex 68.1903 7.2319 0
    endloop
  endfacet
  facet normal 0 0 -1
    outer loop
      vertex 68.1414 6.73542 0
      vertex 68.1667 7.24944 0
      vertex 68.1667 6.75056 0
    endloop
  endfacet
  facet normal 0 0 -1
    outer loop
      vertex 68.1414 6.73542 0
      vertex 68.1414 7.26458 0
      vertex 68.1667 7.24944 0
    endloop
  endfacet
  facet normal 0 0 -1
    outer loop
      vertex 68.1148 6.72284 0
      vertex 68.1414 7.26458 0
      vertex 68.1414 6.73542 0
    endloop
  endfacet
  facet normal 0 0 -1
    outer loop
      vertex 68.1148 6.72284 0
      vertex 68.1148 7.27716 0
      vertex 68.1414 7.26458 0
    endloop
  endfacet
  facet normal 0 0 -1
    outer loop
      vertex 68.0871 6.71292 0
      vertex 68.1148 7.27716 0
      vertex 68.1148 6.72284 0
    endloop
  endfacet
  facet normal 0 0 -1
    outer loop
      vertex 68.0871 6.71292 0
      vertex 68.0871 7.28708 0
      vertex 68.1148 7.27716 0
    endloop
  endfacet
  facet normal 0 0 -1
    outer loop
      vertex 68.0585 6.70576 0
      vertex 68.0871 7.28708 0
      vertex 68.0871 6.71292 0
    endloop
  endfacet
  facet normal 0 0 -1
    outer loop
      vertex 68.0585 6.70576 0
      vertex 68.0585 7.29424 0
      vertex 68.0871 7.28708 0
    endloop
  endfacet
  facet normal 0 0 -1
    outer loop
      vertex 68.0294 6.70144 0
      vertex 68.0585 7.29424 0
      vertex 68.0585 6.70576 0
    endloop
  endfacet
  facet normal 0 0 -1
    outer loop
      vertex 68.0294 6.70144 0
      vertex 68.0294 7.29856 0
      vertex 68.0585 7.29424 0
    endloop
  endfacet
  facet normal 0 0 -1
    outer loop
      vertex 68 6.7 0
      vertex 68.0294 7.29856 0
      vertex 68.0294 6.70144 0
    endloop
  endfacet
  facet normal 0 0 -1
    outer loop
      vertex 68 6.7 0
      vertex 68 7.3 0
      vertex 68.0294 7.29856 0
    endloop
  endfacet
  facet normal 0 0 -1
    outer loop
      vertex 59.7 6.7 0
      vertex 68 7.3 0
      vertex 68 6.7 0
    endloop
  endfacet
  facet normal 0 0 -1
    outer loop
      vertex 59.7 6.7 0
      vertex 59.7 7.3 0
      vertex 68 7.3 0
    endloop
  endfacet
  facet normal 0 0 -1
    outer loop
      vertex 59.6706 6.70144 0
      vertex 59.7 7.3 0
      vertex 59.7 6.7 0
    endloop
  endfacet
  facet normal 0 0 -1
    outer loop
      vertex 59.6706 6.70144 0
      vertex 59.6706 7.29856 0
      vertex 59.7 7.3 0
    endloop
  endfacet
  facet normal 0 0 -1
    outer loop
      vertex 59.6415 6.70576 0
      vertex 59.6706 7.29856 0
      vertex 59.6706 6.70144 0
    endloop
  endfacet
  facet normal 0 0 -1
    outer loop
      vertex 59.6415 6.70576 0
      vertex 59.6415 7.29424 0
      vertex 59.6706 7.29856 0
    endloop
  endfacet
  facet normal 0 0 -1
    outer loop
      vertex 59.6129 6.71292 0
      vertex 59.6415 7.29424 0
      vertex 59.6415 6.70576 0
    endloop
  endfacet
  facet normal 0 0 -1
    outer loop
      vertex 59.6129 6.71292 0
      vertex 59.6129 7.28708 0
      vertex 59.6415 7.29424 0
    endloop
  endfacet
  facet normal 0 0 -1
    outer loop
      vertex 59.5852 6.72284 0
      vertex 59.6129 7.28708 0
      vertex 59.6129 6.71292 0
    endloop
  endfacet
  facet normal 0 0 -1
    outer loop
      vertex 59.5852 6.72284 0
      vertex 59.5852 7.27716 0
      vertex 59.6129 7.28708 0
    endloop
  endfacet
  facet normal 0 0 -1
    outer loop
      vertex 59.5586 6.73542 0
      vertex 59.5852 7.27716 0
      vertex 59.5852 6.72284 0
    endloop
  endfacet
  facet normal 0 0 -1
    outer loop
      vertex 59.5586 6.73542 0
      vertex 59.5586 7.26458 0
      vertex 59.5852 7.27716 0
    endloop
  endfacet
  facet normal 0 0 -1
    outer loop
      vertex 59.5333 6.75056 0
      vertex 59.5586 7.26458 0
      vertex 59.5586 6.73542 0
    endloop
  endfacet
  facet normal 0 0 -1
    outer loop
      vertex 59.5333 6.75056 0
      vertex 59.5333 7.24944 0
      vertex 59.5586 7.26458 0
    endloop
  endfacet
  facet normal 0 0 -1
    outer loop
      vertex 59.5097 6.7681 0
      vertex 59.5333 7.24944 0
      vertex 59.5333 6.75056 0
    endloop
  endfacet
  facet normal 0 0 -1
    outer loop
      vertex 59.5097 6.7681 0
      vertex 59.5097 7.2319 0
      vertex 59.5333 7.24944 0
    endloop
  endfacet
  facet normal 0 0 -1
    outer loop
      vertex 59.4879 6.78787 0
      vertex 59.5097 7.2319 0
      vertex 59.5097 6.7681 0
    endloop
  endfacet
  facet normal 0 0 -1
    outer loop
      vertex 59.4879 6.78787 0
      vertex 59.4879 7.21213 0
      vertex 59.5097 7.2319 0
    endloop
  endfacet
  facet normal 0 0 -1
    outer loop
      vertex 59.4681 6.80968 0
      vertex 59.4879 7.21213 0
      vertex 59.4879 6.78787 0
    endloop
  endfacet
  facet normal 0 0 -1
    outer loop
      vertex 59.4681 6.80968 0
      vertex 59.4681 7.19032 0
      vertex 59.4879 7.21213 0
    endloop
  endfacet
  facet normal 0 0 -1
    outer loop
      vertex 59.4506 6.83333 0
      vertex 59.4681 7.19032 0
      vertex 59.4681 6.80968 0
    endloop
  endfacet
  facet normal 0 0 -1
    outer loop
      vertex 59.4506 6.83333 0
      vertex 59.4506 7.16667 0
      vertex 59.4681 7.19032 0
    endloop
  endfacet
  facet normal 0 0 -1
    outer loop
      vertex 59.4354 6.85858 0
      vertex 59.4506 7.16667 0
      vertex 59.4506 6.83333 0
    endloop
  endfacet
  facet normal 0 0 -1
    outer loop
      vertex 59.4354 6.85858 0
      vertex 59.4354 7.14142 0
      vertex 59.4506 7.16667 0
    endloop
  endfacet
  facet normal 0 0 -1
    outer loop
      vertex 59.4228 6.88519 0
      vertex 59.4354 7.14142 0
      vertex 59.4354 6.85858 0
    endloop
  endfacet
  facet normal 0 0 -1
    outer loop
      vertex 59.4228 6.88519 0
      vertex 59.4228 7.1148 0
      vertex 59.4354 7.14142 0
    endloop
  endfacet
  facet normal 0 0 -1
    outer loop
      vertex 59.4129 6.91291 0
      vertex 59.4228 7.1148 0
      vertex 59.4228 6.88519 0
    endloop
  endfacet
  facet normal 0 0 -1
    outer loop
      vertex 59.4129 6.91291 0
      vertex 59.4129 7.08708 0
      vertex 59.4228 7.1148 0
    endloop
  endfacet
  facet normal 0 0 -1
    outer loop
      vertex 59.4058 6.94147 0
      vertex 59.4129 7.08708 0
      vertex 59.4129 6.91291 0
    endloop
  endfacet
  facet normal 0 0 -1
    outer loop
      vertex 59.4058 6.94147 0
      vertex 59.4058 7.05853 0
      vertex 59.4129 7.08708 0
    endloop
  endfacet
  facet normal 0 0 -1
    outer loop
      vertex 59.4014 6.97059 0
      vertex 59.4058 7.05853 0
      vertex 59.4058 6.94147 0
    endloop
  endfacet
  facet normal 0 0 -1
    outer loop
      vertex 59.4014 6.97059 0
      vertex 59.4014 7.0294 0
      vertex 59.4058 7.05853 0
    endloop
  endfacet
  facet normal 0 -0 -1
    outer loop
      vertex 59.4014 7.0294 0
      vertex 59.4014 6.97059 0
      vertex 59.4 7 0
    endloop
  endfacet
  facet normal 0 0 -1
    outer loop
      vertex 68.2 6.77687 0
      vertex 76.2 -50.8 0
      vertex 68.2 -42.8 0
    endloop
  endfacet
  facet normal 0 0 -1
    outer loop
      vertex 76.2 -50.8 0
      vertex 34.2231 -42.8 0
      vertex 68.2 -42.8 0
    endloop
  endfacet
  facet normal 0 0 -1
    outer loop
      vertex 33.7769 -42.8 0
      vertex 33.7 -42.6 0
      vertex 34.2231 -42.8 0
    endloop
  endfacet
  facet normal 0 0 -1
    outer loop
      vertex 34.2121 -22.7879 0
      vertex 33.7879 -22.7879 0
      vertex 34.1903 -22.7681 0
    endloop
  endfacet
  facet normal -0 0 -1
    outer loop
      vertex 34.1903 -22.7681 0
      vertex 33.7879 -22.7879 0
      vertex 34.1667 -22.7506 0
    endloop
  endfacet
  facet normal -0 0 -1
    outer loop
      vertex 34.1667 -22.7506 0
      vertex 33.7879 -22.7879 0
      vertex 34.1414 -22.7354 0
    endloop
  endfacet
  facet normal -0 0 -1
    outer loop
      vertex 34.1414 -22.7354 0
      vertex 33.7879 -22.7879 0
      vertex 34.1148 -22.7228 0
    endloop
  endfacet
  facet normal -0 0 -1
    outer loop
      vertex 34.1148 -22.7228 0
      vertex 33.7879 -22.7879 0
      vertex 34.0871 -22.7129 0
    endloop
  endfacet
  facet normal -0 0 -1
    outer loop
      vertex 34.0871 -22.7129 0
      vertex 33.7879 -22.7879 0
      vertex 34.0585 -22.7058 0
    endloop
  endfacet
  facet normal -0 0 -1
    outer loop
      vertex 34.0585 -22.7058 0
      vertex 33.7879 -22.7879 0
      vertex 34.0294 -22.7014 0
    endloop
  endfacet
  facet normal -0 0 -1
    outer loop
      vertex 34.0294 -22.7014 0
      vertex 33.7879 -22.7879 0
      vertex 34 -22.7 0
    endloop
  endfacet
  facet normal 0 0 -1
    outer loop
      vertex 34 -22.7 0
      vertex 33.7879 -22.7879 0
      vertex 33.9706 -22.7014 0
    endloop
  endfacet
  facet normal 0 0 -1
    outer loop
      vertex 33.9706 -22.7014 0
      vertex 33.7879 -22.7879 0
      vertex 33.9415 -22.7058 0
    endloop
  endfacet
  facet normal 0 0 -1
    outer loop
      vertex 33.9415 -22.7058 0
      vertex 33.7879 -22.7879 0
      vertex 33.9129 -22.7129 0
    endloop
  endfacet
  facet normal 0 0 -1
    outer loop
      vertex 33.9129 -22.7129 0
      vertex 33.7879 -22.7879 0
      vertex 33.8852 -22.7228 0
    endloop
  endfacet
  facet normal 0 0 -1
    outer loop
      vertex 33.8852 -22.7228 0
      vertex 33.7879 -22.7879 0
      vertex 33.8586 -22.7354 0
    endloop
  endfacet
  facet normal 0 0 -1
    outer loop
      vertex 33.8586 -22.7354 0
      vertex 33.7879 -22.7879 0
      vertex 33.8333 -22.7506 0
    endloop
  endfacet
  facet normal 0 0 -1
    outer loop
      vertex 33.8333 -22.7506 0
      vertex 33.7879 -22.7879 0
      vertex 33.8097 -22.7681 0
    endloop
  endfacet
  facet normal 0 0 -1
    outer loop
      vertex 33.7 -42.6 0
      vertex 33.7769 -42.8 0
      vertex 33.7681 -42.7903 0
    endloop
  endfacet
  facet normal 0 0 -1
    outer loop
      vertex 76.2 -50.8 0
      vertex 33.7769 -42.8 0
      vertex 34.2231 -42.8 0
    endloop
  endfacet
  facet normal 0 0 -1
    outer loop
      vertex 76.2 -50.8 0
      vertex -9.77686 -42.8 0
      vertex 33.7769 -42.8 0
    endloop
  endfacet
  facet normal 0 0 -1
    outer loop
      vertex -10.2231 -42.8 0
      vertex -10.3 -42.6 0
      vertex -9.77686 -42.8 0
    endloop
  endfacet
  facet normal 0 0 -1
    outer loop
      vertex -9.78787 -22.7879 0
      vertex -10.2121 -22.7879 0
      vertex -9.80968 -22.7681 0
    endloop
  endfacet
  facet normal -0 0 -1
    outer loop
      vertex -9.80968 -22.7681 0
      vertex -10.2121 -22.7879 0
      vertex -9.83333 -22.7506 0
    endloop
  endfacet
  facet normal -0 0 -1
    outer loop
      vertex -9.83333 -22.7506 0
      vertex -10.2121 -22.7879 0
      vertex -9.85858 -22.7354 0
    endloop
  endfacet
  facet normal -0 0 -1
    outer loop
      vertex -9.85858 -22.7354 0
      vertex -10.2121 -22.7879 0
      vertex -9.88519 -22.7228 0
    endloop
  endfacet
  facet normal -0 0 -1
    outer loop
      vertex -9.88519 -22.7228 0
      vertex -10.2121 -22.7879 0
      vertex -9.91291 -22.7129 0
    endloop
  endfacet
  facet normal -0 0 -1
    outer loop
      vertex -9.91291 -22.7129 0
      vertex -10.2121 -22.7879 0
      vertex -9.94147 -22.7058 0
    endloop
  endfacet
  facet normal -0 0 -1
    outer loop
      vertex -9.94147 -22.7058 0
      vertex -10.2121 -22.7879 0
      vertex -9.97059 -22.7014 0
    endloop
  endfacet
  facet normal -0 0 -1
    outer loop
      vertex -9.97059 -22.7014 0
      vertex -10.2121 -22.7879 0
      vertex -10 -22.7 0
    endloop
  endfacet
  facet normal 0 0 -1
    outer loop
      vertex -10 -22.7 0
      vertex -10.2121 -22.7879 0
      vertex -10.0294 -22.7014 0
    endloop
  endfacet
  facet normal 0 0 -1
    outer loop
      vertex -10.0294 -22.7014 0
      vertex -10.2121 -22.7879 0
      vertex -10.0585 -22.7058 0
    endloop
  endfacet
  facet normal 0 0 -1
    outer loop
      vertex -10.0585 -22.7058 0
      vertex -10.2121 -22.7879 0
      vertex -10.0871 -22.7129 0
    endloop
  endfacet
  facet normal 0 0 -1
    outer loop
      vertex -10.0871 -22.7129 0
      vertex -10.2121 -22.7879 0
      vertex -10.1148 -22.7228 0
    endloop
  endfacet
  facet normal 0 0 -1
    outer loop
      vertex -10.1148 -22.7228 0
      vertex -10.2121 -22.7879 0
      vertex -10.1414 -22.7354 0
    endloop
  endfacet
  facet normal 0 0 -1
    outer loop
      vertex -10.1414 -22.7354 0
      vertex -10.2121 -22.7879 0
      vertex -10.1667 -22.7506 0
    endloop
  endfacet
  facet normal 0 0 -1
    outer loop
      vertex -10.1667 -22.7506 0
      vertex -10.2121 -22.7879 0
      vertex -10.1903 -22.7681 0
    endloop
  endfacet
  facet normal 0 0 -1
    outer loop
      vertex -10.3 -42.6 0
      vertex -10.2231 -42.8 0
      vertex -10.2319 -42.7903 0
    endloop
  endfacet
  facet normal 0 0 -1
    outer loop
      vertex -76.2 -50.8 0
      vertex -9.77686 -42.8 0
      vertex 76.2 -50.8 0
    endloop
  endfacet
  facet normal -0 0 -1
    outer loop
      vertex -9.77686 -42.8 0
      vertex -76.2 -50.8 0
      vertex -10.2231 -42.8 0
    endloop
  endfacet
  facet normal 0 0 -1
    outer loop
      vertex -76.2 -50.8 0
      vertex -68.2 6.77687 0
      vertex -68.2 -42.8 0
    endloop
  endfacet
  facet normal 0 0 -1
    outer loop
      vertex -76.2 50.8 0
      vertex -68.2 6.77687 0
      vertex -76.2 -50.8 0
    endloop
  endfacet
  facet normal 0 0 -1
    outer loop
      vertex -68.2 6.77687 0
      vertex -76.2 50.8 0
      vertex -68.2 7.22313 0
    endloop
  endfacet
  facet normal -0 0 -1
    outer loop
      vertex -10.2231 -42.8 0
      vertex -76.2 -50.8 0
      vertex -68.2 -42.8 0
    endloop
  endfacet
  facet normal 0 0 -1
    outer loop
      vertex 76.2 -50.8 0
      vertex 68.2 6.77687 0
      vertex 76.2 50.8 0
    endloop
  endfacet
  facet normal 0 0 -1
    outer loop
      vertex 68.2 7.22313 0
      vertex 76.2 50.8 0
      vertex 68.2 6.77687 0
    endloop
  endfacet
  facet normal 0 0 -1
    outer loop
      vertex 68.2 42.8 0
      vertex 76.2 50.8 0
      vertex 68.2 7.22313 0
    endloop
  endfacet
  facet normal 0 0 -1
    outer loop
      vertex -68.2 42.8 0
      vertex 76.2 50.8 0
      vertex 68.2 42.8 0
    endloop
  endfacet
  facet normal 0 0 -1
    outer loop
      vertex -68.2 42.8 0
      vertex -76.2 50.8 0
      vertex 76.2 50.8 0
    endloop
  endfacet
  facet normal 0 0 -1
    outer loop
      vertex -68.2 7.22313 0
      vertex -76.2 50.8 0
      vertex -68.2 42.8 0
    endloop
  endfacet
  facet normal 0 0 -1
    outer loop
      vertex -59.4014 6.97059 0
      vertex -59.4014 7.0294 0
      vertex -59.4 7 0
    endloop
  endfacet
  facet normal 0 0 -1
    outer loop
      vertex -59.4058 6.94147 0
      vertex -59.4014 7.0294 0
      vertex -59.4014 6.97059 0
    endloop
  endfacet
  facet normal 0 0 -1
    outer loop
      vertex -59.4058 6.94147 0
      vertex -59.4058 7.05853 0
      vertex -59.4014 7.0294 0
    endloop
  endfacet
  facet normal 0 0 -1
    outer loop
      vertex -59.4129 6.91291 0
      vertex -59.4058 7.05853 0
      vertex -59.4058 6.94147 0
    endloop
  endfacet
  facet normal 0 0 -1
    outer loop
      vertex -59.4129 6.91291 0
      vertex -59.4129 7.08708 0
      vertex -59.4058 7.05853 0
    endloop
  endfacet
  facet normal 0 0 -1
    outer loop
      vertex -59.4228 6.88519 0
      vertex -59.4129 7.08708 0
      vertex -59.4129 6.91291 0
    endloop
  endfacet
  facet normal 0 0 -1
    outer loop
      vertex -59.4228 6.88519 0
      vertex -59.4228 7.1148 0
      vertex -59.4129 7.08708 0
    endloop
  endfacet
  facet normal 0 0 -1
    outer loop
      vertex -59.4354 6.85858 0
      vertex -59.4228 7.1148 0
      vertex -59.4228 6.88519 0
    endloop
  endfacet
  facet normal 0 0 -1
    outer loop
      vertex -59.4354 6.85858 0
      vertex -59.4354 7.14142 0
      vertex -59.4228 7.1148 0
    endloop
  endfacet
  facet normal 0 0 -1
    outer loop
      vertex -59.4506 6.83333 0
      vertex -59.4354 7.14142 0
      vertex -59.4354 6.85858 0
    endloop
  endfacet
  facet normal 0 0 -1
    outer loop
      vertex -59.4506 6.83333 0
      vertex -59.4506 7.16667 0
      vertex -59.4354 7.14142 0
    endloop
  endfacet
  facet normal 0 0 -1
    outer loop
      vertex -59.4681 6.80968 0
      vertex -59.4506 7.16667 0
      vertex -59.4506 6.83333 0
    endloop
  endfacet
  facet normal 0 0 -1
    outer loop
      vertex -59.4681 6.80968 0
      vertex -59.4681 7.19032 0
      vertex -59.4506 7.16667 0
    endloop
  endfacet
  facet normal 0 0 -1
    outer loop
      vertex -59.4879 6.78787 0
      vertex -59.4681 7.19032 0
      vertex -59.4681 6.80968 0
    endloop
  endfacet
  facet normal 0 0 -1
    outer loop
      vertex -59.4879 6.78787 0
      vertex -59.4879 7.21213 0
      vertex -59.4681 7.19032 0
    endloop
  endfacet
  facet normal 0 0 -1
    outer loop
      vertex -59.5097 6.7681 0
      vertex -59.4879 7.21213 0
      vertex -59.4879 6.78787 0
    endloop
  endfacet
  facet normal 0 0 -1
    outer loop
      vertex -59.5097 6.7681 0
      vertex -59.5097 7.2319 0
      vertex -59.4879 7.21213 0
    endloop
  endfacet
  facet normal 0 0 -1
    outer loop
      vertex -59.5333 6.75056 0
      vertex -59.5097 7.2319 0
      vertex -59.5097 6.7681 0
    endloop
  endfacet
  facet normal 0 0 -1
    outer loop
      vertex -59.5333 6.75056 0
      vertex -59.5333 7.24944 0
      vertex -59.5097 7.2319 0
    endloop
  endfacet
  facet normal 0 0 -1
    outer loop
      vertex -59.5586 6.73542 0
      vertex -59.5333 7.24944 0
      vertex -59.5333 6.75056 0
    endloop
  endfacet
  facet normal 0 0 -1
    outer loop
      vertex -59.5586 6.73542 0
      vertex -59.5586 7.26458 0
      vertex -59.5333 7.24944 0
    endloop
  endfacet
  facet normal 0 0 -1
    outer loop
      vertex -59.5852 6.72284 0
      vertex -59.5586 7.26458 0
      vertex -59.5586 6.73542 0
    endloop
  endfacet
  facet normal 0 0 -1
    outer loop
      vertex -59.5852 6.72284 0
      vertex -59.5852 7.27716 0
      vertex -59.5586 7.26458 0
    endloop
  endfacet
  facet normal 0 0 -1
    outer loop
      vertex -59.6129 6.71292 0
      vertex -59.5852 7.27716 0
      vertex -59.5852 6.72284 0
    endloop
  endfacet
  facet normal 0 0 -1
    outer loop
      vertex -59.6129 6.71292 0
      vertex -59.6129 7.28708 0
      vertex -59.5852 7.27716 0
    endloop
  endfacet
  facet normal 0 0 -1
    outer loop
      vertex -59.6415 6.70576 0
      vertex -59.6129 7.28708 0
      vertex -59.6129 6.71292 0
    endloop
  endfacet
  facet normal 0 0 -1
    outer loop
      vertex -59.6415 6.70576 0
      vertex -59.6415 7.29424 0
      vertex -59.6129 7.28708 0
    endloop
  endfacet
  facet normal 0 0 -1
    outer loop
      vertex -59.6706 6.70144 0
      vertex -59.6415 7.29424 0
      vertex -59.6415 6.70576 0
    endloop
  endfacet
  facet normal 0 0 -1
    outer loop
      vertex -59.6706 6.70144 0
      vertex -59.6706 7.29856 0
      vertex -59.6415 7.29424 0
    endloop
  endfacet
  facet normal 0 0 -1
    outer loop
      vertex -59.7 6.7 0
      vertex -59.6706 7.29856 0
      vertex -59.6706 6.70144 0
    endloop
  endfacet
  facet normal 0 0 -1
    outer loop
      vertex -59.7 6.7 0
      vertex -59.7 7.3 0
      vertex -59.6706 7.29856 0
    endloop
  endfacet
  facet normal 0 0 -1
    outer loop
      vertex -68 6.7 0
      vertex -59.7 7.3 0
      vertex -59.7 6.7 0
    endloop
  endfacet
  facet normal 0 0 -1
    outer loop
      vertex -68 6.7 0
      vertex -68 7.3 0
      vertex -59.7 7.3 0
    endloop
  endfacet
  facet normal 0 0 -1
    outer loop
      vertex -68.0294 6.70144 0
      vertex -68 7.3 0
      vertex -68 6.7 0
    endloop
  endfacet
  facet normal 0 0 -1
    outer loop
      vertex -68.0294 6.70144 0
      vertex -68.0294 7.29856 0
      vertex -68 7.3 0
    endloop
  endfacet
  facet normal 0 0 -1
    outer loop
      vertex -68.0585 6.70576 0
      vertex -68.0294 7.29856 0
      vertex -68.0294 6.70144 0
    endloop
  endfacet
  facet normal 0 0 -1
    outer loop
      vertex -68.0585 6.70576 0
      vertex -68.0585 7.29424 0
      vertex -68.0294 7.29856 0
    endloop
  endfacet
  facet normal 0 0 -1
    outer loop
      vertex -68.0871 6.71292 0
      vertex -68.0585 7.29424 0
      vertex -68.0585 6.70576 0
    endloop
  endfacet
  facet normal 0 0 -1
    outer loop
      vertex -68.0871 6.71292 0
      vertex -68.0871 7.28708 0
      vertex -68.0585 7.29424 0
    endloop
  endfacet
  facet normal 0 0 -1
    outer loop
      vertex -68.1148 6.72284 0
      vertex -68.0871 7.28708 0
      vertex -68.0871 6.71292 0
    endloop
  endfacet
  facet normal 0 0 -1
    outer loop
      vertex -68.1148 6.72284 0
      vertex -68.1148 7.27716 0
      vertex -68.0871 7.28708 0
    endloop
  endfacet
  facet normal 0 0 -1
    outer loop
      vertex -68.1414 6.73542 0
      vertex -68.1148 7.27716 0
      vertex -68.1148 6.72284 0
    endloop
  endfacet
  facet normal 0 0 -1
    outer loop
      vertex -68.1414 6.73542 0
      vertex -68.1414 7.26458 0
      vertex -68.1148 7.27716 0
    endloop
  endfacet
  facet normal 0 0 -1
    outer loop
      vertex -68.1667 6.75056 0
      vertex -68.1414 7.26458 0
      vertex -68.1414 6.73542 0
    endloop
  endfacet
  facet normal 0 0 -1
    outer loop
      vertex -68.1667 6.75056 0
      vertex -68.1667 7.24944 0
      vertex -68.1414 7.26458 0
    endloop
  endfacet
  facet normal 0 0 -1
    outer loop
      vertex -68.2 6.77687 0
      vertex -68.1667 6.75056 0
      vertex -68.1903 6.7681 0
    endloop
  endfacet
  facet normal 0 0 -1
    outer loop
      vertex -68.1667 6.75056 0
      vertex -68.2 6.77687 0
      vertex -68.1667 7.24944 0
    endloop
  endfacet
  facet normal 0 0 -1
    outer loop
      vertex -68.2 7.22313 0
      vertex -68.1667 7.24944 0
      vertex -68.2 6.77687 0
    endloop
  endfacet
  facet normal 0 0 -1
    outer loop
      vertex -68.1667 7.24944 0
      vertex -68.2 7.22313 0
      vertex -68.1903 7.2319 0
    endloop
  endfacet
  facet normal 0.803256 0.595634 0
    outer loop
      vertex 34.2494 -22.8333 0.4
      vertex 34.2319 -22.8097 0
      vertex 34.2319 -22.8097 0.4
    endloop
  endfacet
  facet normal 0.803256 0.595634 0
    outer loop
      vertex 34.2319 -22.8097 0
      vertex 34.2494 -22.8333 0.4
      vertex 34.2494 -22.8333 0
    endloop
  endfacet
  facet normal -0.988761 -0.149503 0
    outer loop
      vertex 33.7058 -42.6585 0
      vertex 33.7014 -42.6294 0.4
      vertex 33.7014 -42.6294 0
    endloop
  endfacet
  facet normal -0.988761 -0.149503 0
    outer loop
      vertex 33.7014 -42.6294 0.4
      vertex 33.7058 -42.6585 0
      vertex 33.7058 -42.6585 0.4
    endloop
  endfacet
  facet normal 0.514994 0.857194 -0
    outer loop
      vertex 34.1667 -22.7506 0
      vertex 34.1414 -22.7354 0.4
      vertex 34.1667 -22.7506 0.4
    endloop
  endfacet
  facet normal 0.514994 0.857194 0
    outer loop
      vertex 34.1414 -22.7354 0.4
      vertex 34.1667 -22.7506 0
      vertex 34.1414 -22.7354 0
    endloop
  endfacet
  facet normal -0.941665 0.336552 0
    outer loop
      vertex 33.7129 -22.9129 0
      vertex 33.7228 -22.8852 0.4
      vertex 33.7228 -22.8852 0
    endloop
  endfacet
  facet normal -0.941665 0.336552 0
    outer loop
      vertex 33.7228 -22.8852 0.4
      vertex 33.7129 -22.9129 0
      vertex 33.7129 -22.9129 0.4
    endloop
  endfacet
  facet normal -0.998868 -0.0475651 0
    outer loop
      vertex 33.7014 -42.6294 0
      vertex 33.7 -42.6 0.4
      vertex 33.7 -42.6 0
    endloop
  endfacet
  facet normal -0.998868 -0.0475651 0
    outer loop
      vertex 33.7 -42.6 0.4
      vertex 33.7014 -42.6294 0
      vertex 33.7014 -42.6294 0.4
    endloop
  endfacet
  facet normal -0.803256 -0.595634 0
    outer loop
      vertex 33.7681 -42.7903 0
      vertex 33.7506 -42.7667 0.4
      vertex 33.7506 -42.7667 0
    endloop
  endfacet
  facet normal -0.803256 -0.595634 0
    outer loop
      vertex 33.7506 -42.7667 0.4
      vertex 33.7681 -42.7903 0
      vertex 33.7681 -42.7903 0.4
    endloop
  endfacet
  facet normal -0.97054 -0.240938 0
    outer loop
      vertex 33.7129 -42.6871 0
      vertex 33.7058 -42.6585 0.4
      vertex 33.7058 -42.6585 0
    endloop
  endfacet
  facet normal -0.97054 -0.240938 0
    outer loop
      vertex 33.7058 -42.6585 0.4
      vertex 33.7129 -42.6871 0
      vertex 33.7129 -42.6871 0.4
    endloop
  endfacet
  facet normal 0.97054 0.240938 0
    outer loop
      vertex 34.2942 -22.9415 0.4
      vertex 34.2871 -22.9129 0
      vertex 34.2871 -22.9129 0.4
    endloop
  endfacet
  facet normal 0.97054 0.240938 0
    outer loop
      vertex 34.2871 -22.9129 0
      vertex 34.2942 -22.9415 0.4
      vertex 34.2942 -22.9415 0
    endloop
  endfacet
  facet normal 0.998868 0.0475651 0
    outer loop
      vertex 34.3 -23 0.4
      vertex 34.2986 -22.9706 0
      vertex 34.2986 -22.9706 0.4
    endloop
  endfacet
  facet normal 0.998868 0.0475651 0
    outer loop
      vertex 34.2986 -22.9706 0
      vertex 34.3 -23 0.4
      vertex 34.3 -23 0
    endloop
  endfacet
  facet normal -1 0 0
    outer loop
      vertex 33.7 -42.6 0
      vertex 33.7 -23 0.4
      vertex 33.7 -23 0
    endloop
  endfacet
  facet normal -1 -0 0
    outer loop
      vertex 33.7 -23 0.4
      vertex 33.7 -42.6 0
      vertex 33.7 -42.6 0.4
    endloop
  endfacet
  facet normal 0.740631 -0.671912 0
    outer loop
      vertex 34.2231 -42.8 0.4
      vertex 34.2319 -42.7903 0
      vertex 34.2319 -42.7903 0.4
    endloop
  endfacet
  facet normal 0.740631 -0.671912 0
    outer loop
      vertex 34.2319 -42.7903 0
      vertex 34.2231 -42.8 0.4
      vertex 34.2231 -42.8 0
    endloop
  endfacet
  facet normal 0.672335 0.740247 -0
    outer loop
      vertex 34.2121 -22.7879 0
      vertex 34.1903 -22.7681 0.4
      vertex 34.2121 -22.7879 0.4
    endloop
  endfacet
  facet normal 0.672335 0.740247 0
    outer loop
      vertex 34.1903 -22.7681 0.4
      vertex 34.2121 -22.7879 0
      vertex 34.1903 -22.7681 0
    endloop
  endfacet
  facet normal 1 -0 0
    outer loop
      vertex 34.3 -42.6 0.4
      vertex 34.3 -23 0
      vertex 34.3 -23 0.4
    endloop
  endfacet
  facet normal 1 0 0
    outer loop
      vertex 34.3 -23 0
      vertex 34.3 -42.6 0.4
      vertex 34.3 -42.6 0
    endloop
  endfacet
  facet normal 0.903738 0.428086 0
    outer loop
      vertex 34.2772 -22.8852 0.4
      vertex 34.2646 -22.8586 0
      vertex 34.2646 -22.8586 0.4
    endloop
  endfacet
  facet normal 0.903738 0.428086 0
    outer loop
      vertex 34.2646 -22.8586 0
      vertex 34.2772 -22.8852 0.4
      vertex 34.2772 -22.8852 0
    endloop
  endfacet
  facet normal 0.0475651 0.998868 -0
    outer loop
      vertex 34.0294 -22.7014 0
      vertex 34 -22.7 0.4
      vertex 34.0294 -22.7014 0.4
    endloop
  endfacet
  facet normal 0.0475651 0.998868 0
    outer loop
      vertex 34 -22.7 0.4
      vertex 34.0294 -22.7014 0
      vertex 34 -22.7 0
    endloop
  endfacet
  facet normal 0.595634 0.803256 -0
    outer loop
      vertex 34.1903 -22.7681 0
      vertex 34.1667 -22.7506 0.4
      vertex 34.1903 -22.7681 0.4
    endloop
  endfacet
  facet normal 0.595634 0.803256 0
    outer loop
      vertex 34.1667 -22.7506 0.4
      vertex 34.1903 -22.7681 0
      vertex 34.1667 -22.7506 0
    endloop
  endfacet
  facet normal 0.857194 -0.514994 0
    outer loop
      vertex 34.2494 -42.7667 0.4
      vertex 34.2646 -42.7414 0
      vertex 34.2646 -42.7414 0.4
    endloop
  endfacet
  facet normal 0.857194 -0.514994 0
    outer loop
      vertex 34.2646 -42.7414 0
      vertex 34.2494 -42.7667 0.4
      vertex 34.2494 -42.7667 0
    endloop
  endfacet
  facet normal -0.941665 -0.336552 0
    outer loop
      vertex 33.7228 -42.7148 0
      vertex 33.7129 -42.6871 0.4
      vertex 33.7129 -42.6871 0
    endloop
  endfacet
  facet normal -0.941665 -0.336552 0
    outer loop
      vertex 33.7129 -42.6871 0.4
      vertex 33.7228 -42.7148 0
      vertex 33.7228 -42.7148 0.4
    endloop
  endfacet
  facet normal 0.903738 -0.428086 0
    outer loop
      vertex 34.2646 -42.7414 0.4
      vertex 34.2772 -42.7148 0
      vertex 34.2772 -42.7148 0.4
    endloop
  endfacet
  facet normal 0.903738 -0.428086 0
    outer loop
      vertex 34.2772 -42.7148 0
      vertex 34.2646 -42.7414 0.4
      vertex 34.2646 -42.7414 0
    endloop
  endfacet
  facet normal -0.97054 0.240938 0
    outer loop
      vertex 33.7058 -22.9415 0
      vertex 33.7129 -22.9129 0.4
      vertex 33.7129 -22.9129 0
    endloop
  endfacet
  facet normal -0.97054 0.240938 0
    outer loop
      vertex 33.7129 -22.9129 0.4
      vertex 33.7058 -22.9415 0
      vertex 33.7058 -22.9415 0.4
    endloop
  endfacet
  facet normal 0.428086 0.903738 -0
    outer loop
      vertex 34.1414 -22.7354 0
      vertex 34.1148 -22.7228 0.4
      vertex 34.1414 -22.7354 0.4
    endloop
  endfacet
  facet normal 0.428086 0.903738 0
    outer loop
      vertex 34.1148 -22.7228 0.4
      vertex 34.1414 -22.7354 0
      vertex 34.1148 -22.7228 0
    endloop
  endfacet
  facet normal 0.740247 0.672335 0
    outer loop
      vertex 34.2319 -22.8097 0.4
      vertex 34.2121 -22.7879 0
      vertex 34.2121 -22.7879 0.4
    endloop
  endfacet
  facet normal 0.740247 0.672335 0
    outer loop
      vertex 34.2121 -22.7879 0
      vertex 34.2319 -22.8097 0.4
      vertex 34.2319 -22.8097 0
    endloop
  endfacet
  facet normal -0.903738 -0.428086 0
    outer loop
      vertex 33.7354 -42.7414 0
      vertex 33.7228 -42.7148 0.4
      vertex 33.7228 -42.7148 0
    endloop
  endfacet
  facet normal -0.903738 -0.428086 0
    outer loop
      vertex 33.7228 -42.7148 0.4
      vertex 33.7354 -42.7414 0
      vertex 33.7354 -42.7414 0.4
    endloop
  endfacet
  facet normal 0.988761 0.149503 0
    outer loop
      vertex 34.2986 -22.9706 0.4
      vertex 34.2942 -22.9415 0
      vertex 34.2942 -22.9415 0.4
    endloop
  endfacet
  facet normal 0.988761 0.149503 0
    outer loop
      vertex 34.2942 -22.9415 0
      vertex 34.2986 -22.9706 0.4
      vertex 34.2986 -22.9706 0
    endloop
  endfacet
  facet normal -0.149503 0.988761 0
    outer loop
      vertex 33.9706 -22.7014 0
      vertex 33.9415 -22.7058 0.4
      vertex 33.9706 -22.7014 0.4
    endloop
  endfacet
  facet normal -0.149503 0.988761 0
    outer loop
      vertex 33.9415 -22.7058 0.4
      vertex 33.9706 -22.7014 0
      vertex 33.9415 -22.7058 0
    endloop
  endfacet
  facet normal -0.903738 0.428086 0
    outer loop
      vertex 33.7228 -22.8852 0
      vertex 33.7354 -22.8586 0.4
      vertex 33.7354 -22.8586 0
    endloop
  endfacet
  facet normal -0.903738 0.428086 0
    outer loop
      vertex 33.7354 -22.8586 0.4
      vertex 33.7228 -22.8852 0
      vertex 33.7228 -22.8852 0.4
    endloop
  endfacet
  facet normal 0.336552 0.941665 -0
    outer loop
      vertex 34.1148 -22.7228 0
      vertex 34.0871 -22.7129 0.4
      vertex 34.1148 -22.7228 0.4
    endloop
  endfacet
  facet normal 0.336552 0.941665 0
    outer loop
      vertex 34.0871 -22.7129 0.4
      vertex 34.1148 -22.7228 0
      vertex 34.0871 -22.7129 0
    endloop
  endfacet
  facet normal -0.998868 0.0475651 0
    outer loop
      vertex 33.7 -23 0
      vertex 33.7014 -22.9706 0.4
      vertex 33.7014 -22.9706 0
    endloop
  endfacet
  facet normal -0.998868 0.0475651 0
    outer loop
      vertex 33.7014 -22.9706 0.4
      vertex 33.7 -23 0
      vertex 33.7 -23 0.4
    endloop
  endfacet
  facet normal -0.672335 0.740247 0
    outer loop
      vertex 33.8097 -22.7681 0
      vertex 33.7879 -22.7879 0.4
      vertex 33.8097 -22.7681 0.4
    endloop
  endfacet
  facet normal -0.672335 0.740247 0
    outer loop
      vertex 33.7879 -22.7879 0.4
      vertex 33.8097 -22.7681 0
      vertex 33.7879 -22.7879 0
    endloop
  endfacet
  facet normal -0.428086 0.903738 0
    outer loop
      vertex 33.8852 -22.7228 0
      vertex 33.8586 -22.7354 0.4
      vertex 33.8852 -22.7228 0.4
    endloop
  endfacet
  facet normal -0.428086 0.903738 0
    outer loop
      vertex 33.8586 -22.7354 0.4
      vertex 33.8852 -22.7228 0
      vertex 33.8586 -22.7354 0
    endloop
  endfacet
  facet normal -0.240938 0.97054 0
    outer loop
      vertex 33.9415 -22.7058 0
      vertex 33.9129 -22.7129 0.4
      vertex 33.9415 -22.7058 0.4
    endloop
  endfacet
  facet normal -0.240938 0.97054 0
    outer loop
      vertex 33.9129 -22.7129 0.4
      vertex 33.9415 -22.7058 0
      vertex 33.9129 -22.7129 0
    endloop
  endfacet
  facet normal -0.595634 0.803256 0
    outer loop
      vertex 33.8333 -22.7506 0
      vertex 33.8097 -22.7681 0.4
      vertex 33.8333 -22.7506 0.4
    endloop
  endfacet
  facet normal -0.595634 0.803256 0
    outer loop
      vertex 33.8097 -22.7681 0.4
      vertex 33.8333 -22.7506 0
      vertex 33.8097 -22.7681 0
    endloop
  endfacet
  facet normal 0.998868 -0.0475651 0
    outer loop
      vertex 34.2986 -42.6294 0.4
      vertex 34.3 -42.6 0
      vertex 34.3 -42.6 0.4
    endloop
  endfacet
  facet normal 0.998868 -0.0475651 0
    outer loop
      vertex 34.3 -42.6 0
      vertex 34.2986 -42.6294 0.4
      vertex 34.2986 -42.6294 0
    endloop
  endfacet
  facet normal -0.336552 0.941665 0
    outer loop
      vertex 33.9129 -22.7129 0
      vertex 33.8852 -22.7228 0.4
      vertex 33.9129 -22.7129 0.4
    endloop
  endfacet
  facet normal -0.336552 0.941665 0
    outer loop
      vertex 33.8852 -22.7228 0.4
      vertex 33.9129 -22.7129 0
      vertex 33.8852 -22.7228 0
    endloop
  endfacet
  facet normal 0.97054 -0.240938 0
    outer loop
      vertex 34.2871 -42.6871 0.4
      vertex 34.2942 -42.6585 0
      vertex 34.2942 -42.6585 0.4
    endloop
  endfacet
  facet normal 0.97054 -0.240938 0
    outer loop
      vertex 34.2942 -42.6585 0
      vertex 34.2871 -42.6871 0.4
      vertex 34.2871 -42.6871 0
    endloop
  endfacet
  facet normal -0.514994 0.857194 0
    outer loop
      vertex 33.8586 -22.7354 0
      vertex 33.8333 -22.7506 0.4
      vertex 33.8586 -22.7354 0.4
    endloop
  endfacet
  facet normal -0.514994 0.857194 0
    outer loop
      vertex 33.8333 -22.7506 0.4
      vertex 33.8586 -22.7354 0
      vertex 33.8333 -22.7506 0
    endloop
  endfacet
  facet normal 0.941665 0.336552 0
    outer loop
      vertex 34.2871 -22.9129 0.4
      vertex 34.2772 -22.8852 0
      vertex 34.2772 -22.8852 0.4
    endloop
  endfacet
  facet normal 0.941665 0.336552 0
    outer loop
      vertex 34.2772 -22.8852 0
      vertex 34.2871 -22.9129 0.4
      vertex 34.2871 -22.9129 0
    endloop
  endfacet
  facet normal 0.857194 0.514994 0
    outer loop
      vertex 34.2646 -22.8586 0.4
      vertex 34.2494 -22.8333 0
      vertex 34.2494 -22.8333 0.4
    endloop
  endfacet
  facet normal 0.857194 0.514994 0
    outer loop
      vertex 34.2494 -22.8333 0
      vertex 34.2646 -22.8586 0.4
      vertex 34.2646 -22.8586 0
    endloop
  endfacet
  facet normal 0.240938 0.97054 -0
    outer loop
      vertex 34.0871 -22.7129 0
      vertex 34.0585 -22.7058 0.4
      vertex 34.0871 -22.7129 0.4
    endloop
  endfacet
  facet normal 0.240938 0.97054 0
    outer loop
      vertex 34.0585 -22.7058 0.4
      vertex 34.0871 -22.7129 0
      vertex 34.0585 -22.7058 0
    endloop
  endfacet
  facet normal -0.803256 0.595634 0
    outer loop
      vertex 33.7506 -22.8333 0
      vertex 33.7681 -22.8097 0.4
      vertex 33.7681 -22.8097 0
    endloop
  endfacet
  facet normal -0.803256 0.595634 0
    outer loop
      vertex 33.7681 -22.8097 0.4
      vertex 33.7506 -22.8333 0
      vertex 33.7506 -22.8333 0.4
    endloop
  endfacet
  facet normal -0.988761 0.149503 0
    outer loop
      vertex 33.7014 -22.9706 0
      vertex 33.7058 -22.9415 0.4
      vertex 33.7058 -22.9415 0
    endloop
  endfacet
  facet normal -0.988761 0.149503 0
    outer loop
      vertex 33.7058 -22.9415 0.4
      vertex 33.7014 -22.9706 0
      vertex 33.7014 -22.9706 0.4
    endloop
  endfacet
  facet normal -0.740247 0.672335 0
    outer loop
      vertex 33.7681 -22.8097 0
      vertex 33.7879 -22.7879 0.4
      vertex 33.7879 -22.7879 0
    endloop
  endfacet
  facet normal -0.740247 0.672335 0
    outer loop
      vertex 33.7879 -22.7879 0.4
      vertex 33.7681 -22.8097 0
      vertex 33.7681 -22.8097 0.4
    endloop
  endfacet
  facet normal -0.857194 -0.514994 0
    outer loop
      vertex 33.7506 -42.7667 0
      vertex 33.7354 -42.7414 0.4
      vertex 33.7354 -42.7414 0
    endloop
  endfacet
  facet normal -0.857194 -0.514994 0
    outer loop
      vertex 33.7354 -42.7414 0.4
      vertex 33.7506 -42.7667 0
      vertex 33.7506 -42.7667 0.4
    endloop
  endfacet
  facet normal 0.803256 -0.595634 0
    outer loop
      vertex 34.2319 -42.7903 0.4
      vertex 34.2494 -42.7667 0
      vertex 34.2494 -42.7667 0.4
    endloop
  endfacet
  facet normal 0.803256 -0.595634 0
    outer loop
      vertex 34.2494 -42.7667 0
      vertex 34.2319 -42.7903 0.4
      vertex 34.2319 -42.7903 0
    endloop
  endfacet
  facet normal 0.988761 -0.149503 0
    outer loop
      vertex 34.2942 -42.6585 0.4
      vertex 34.2986 -42.6294 0
      vertex 34.2986 -42.6294 0.4
    endloop
  endfacet
  facet normal 0.988761 -0.149503 0
    outer loop
      vertex 34.2986 -42.6294 0
      vertex 34.2942 -42.6585 0.4
      vertex 34.2942 -42.6585 0
    endloop
  endfacet
  facet normal 0.941665 -0.336552 0
    outer loop
      vertex 34.2772 -42.7148 0.4
      vertex 34.2871 -42.6871 0
      vertex 34.2871 -42.6871 0.4
    endloop
  endfacet
  facet normal 0.941665 -0.336552 0
    outer loop
      vertex 34.2871 -42.6871 0
      vertex 34.2772 -42.7148 0.4
      vertex 34.2772 -42.7148 0
    endloop
  endfacet
  facet normal -0.740631 -0.671912 0
    outer loop
      vertex 33.7769 -42.8 0
      vertex 33.7681 -42.7903 0.4
      vertex 33.7681 -42.7903 0
    endloop
  endfacet
  facet normal -0.740631 -0.671912 0
    outer loop
      vertex 33.7681 -42.7903 0.4
      vertex 33.7769 -42.8 0
      vertex 33.7769 -42.8 0.4
    endloop
  endfacet
  facet normal 0.149503 0.988761 -0
    outer loop
      vertex 34.0585 -22.7058 0
      vertex 34.0294 -22.7014 0.4
      vertex 34.0585 -22.7058 0.4
    endloop
  endfacet
  facet normal 0.149503 0.988761 0
    outer loop
      vertex 34.0294 -22.7014 0.4
      vertex 34.0585 -22.7058 0
      vertex 34.0294 -22.7014 0
    endloop
  endfacet
  facet normal -0.857194 0.514994 0
    outer loop
      vertex 33.7354 -22.8586 0
      vertex 33.7506 -22.8333 0.4
      vertex 33.7506 -22.8333 0
    endloop
  endfacet
  facet normal -0.857194 0.514994 0
    outer loop
      vertex 33.7506 -22.8333 0.4
      vertex 33.7354 -22.8586 0
      vertex 33.7354 -22.8586 0.4
    endloop
  endfacet
  facet normal -0.0475651 0.998868 0
    outer loop
      vertex 34 -22.7 0
      vertex 33.9706 -22.7014 0.4
      vertex 34 -22.7 0.4
    endloop
  endfacet
  facet normal -0.0475651 0.998868 0
    outer loop
      vertex 33.9706 -22.7014 0.4
      vertex 34 -22.7 0
      vertex 33.9706 -22.7014 0
    endloop
  endfacet
  facet normal 0.998868 0.0475651 0
    outer loop
      vertex -59.4 7 0.4
      vertex -59.4014 7.0294 0
      vertex -59.4014 7.0294 0.4
    endloop
  endfacet
  facet normal 0.998868 0.0475651 0
    outer loop
      vertex -59.4014 7.0294 0
      vertex -59.4 7 0.4
      vertex -59.4 7 0
    endloop
  endfacet
  facet normal 0.427531 -0.904001 0
    outer loop
      vertex -59.5852 6.72284 0
      vertex -59.5586 6.73542 0.4
      vertex -59.5852 6.72284 0.4
    endloop
  endfacet
  facet normal 0.427531 -0.904001 0
    outer loop
      vertex -59.5586 6.73542 0.4
      vertex -59.5852 6.72284 0
      vertex -59.5586 6.73542 0
    endloop
  endfacet
  facet normal 0 1 -0
    outer loop
      vertex -59.7 7.3 0
      vertex -68 7.3 0.4
      vertex -59.7 7.3 0.4
    endloop
  endfacet
  facet normal 0 1 0
    outer loop
      vertex -68 7.3 0.4
      vertex -59.7 7.3 0
      vertex -68 7.3 0
    endloop
  endfacet
  facet normal 0.803858 0.594821 0
    outer loop
      vertex -59.4506 7.16667 0.4
      vertex -59.4681 7.19032 0
      vertex -59.4681 7.19032 0.4
    endloop
  endfacet
  facet normal 0.803858 0.594821 0
    outer loop
      vertex -59.4681 7.19032 0
      vertex -59.4506 7.16667 0.4
      vertex -59.4506 7.16667 0
    endloop
  endfacet
  facet normal 0.988784 0.149353 0
    outer loop
      vertex -59.4014 7.0294 0.4
      vertex -59.4058 7.05853 0
      vertex -59.4058 7.05853 0.4
    endloop
  endfacet
  facet normal 0.988784 0.149353 0
    outer loop
      vertex -59.4058 7.05853 0
      vertex -59.4014 7.0294 0.4
      vertex -59.4014 7.0294 0
    endloop
  endfacet
  facet normal 0.740401 -0.672166 0
    outer loop
      vertex -59.4879 6.78787 0.4
      vertex -59.4681 6.80968 0
      vertex -59.4681 6.80968 0.4
    endloop
  endfacet
  facet normal 0.740401 -0.672166 0
    outer loop
      vertex -59.4681 6.80968 0
      vertex -59.4879 6.78787 0.4
      vertex -59.4879 6.78787 0
    endloop
  endfacet
  facet normal 0.941742 0.336336 0
    outer loop
      vertex -59.4129 7.08708 0.4
      vertex -59.4228 7.1148 0
      vertex -59.4228 7.1148 0.4
    endloop
  endfacet
  facet normal 0.941742 0.336336 0
    outer loop
      vertex -59.4228 7.1148 0
      vertex -59.4129 7.08708 0.4
      vertex -59.4129 7.08708 0
    endloop
  endfacet
  facet normal 0.242855 0.970063 -0
    outer loop
      vertex -59.6129 7.28708 0
      vertex -59.6415 7.29424 0.4
      vertex -59.6129 7.28708 0.4
    endloop
  endfacet
  facet normal 0.242855 0.970063 0
    outer loop
      vertex -59.6415 7.29424 0.4
      vertex -59.6129 7.28708 0
      vertex -59.6415 7.29424 0
    endloop
  endfacet
  facet normal 0.970461 -0.241256 0
    outer loop
      vertex -59.4129 6.91291 0.4
      vertex -59.4058 6.94147 0
      vertex -59.4058 6.94147 0.4
    endloop
  endfacet
  facet normal 0.970461 -0.241256 0
    outer loop
      vertex -59.4058 6.94147 0
      vertex -59.4129 6.91291 0.4
      vertex -59.4129 6.91291 0
    endloop
  endfacet
  facet normal 0 -1 0
    outer loop
      vertex -68 6.7 0
      vertex -59.7 6.7 0.4
      vertex -68 6.7 0.4
    endloop
  endfacet
  facet normal 0 -1 -0
    outer loop
      vertex -59.7 6.7 0.4
      vertex -68 6.7 0
      vertex -59.7 6.7 0
    endloop
  endfacet
  facet normal -0.596512 -0.802604 0
    outer loop
      vertex -68.1903 6.7681 0
      vertex -68.1667 6.75056 0.4
      vertex -68.1903 6.7681 0.4
    endloop
  endfacet
  facet normal -0.596512 -0.802604 -0
    outer loop
      vertex -68.1667 6.75056 0.4
      vertex -68.1903 6.7681 0
      vertex -68.1667 6.75056 0
    endloop
  endfacet
  facet normal -0.337154 0.941449 0
    outer loop
      vertex -68.0871 7.28708 0
      vertex -68.1148 7.27716 0.4
      vertex -68.0871 7.28708 0.4
    endloop
  endfacet
  facet normal -0.337154 0.941449 0
    outer loop
      vertex -68.1148 7.27716 0.4
      vertex -68.0871 7.28708 0
      vertex -68.1148 7.27716 0
    endloop
  endfacet
  facet normal -0.146844 0.98916 0
    outer loop
      vertex -68.0294 7.29856 0
      vertex -68.0585 7.29424 0.4
      vertex -68.0294 7.29856 0.4
    endloop
  endfacet
  facet normal -0.146844 0.98916 0
    outer loop
      vertex -68.0585 7.29424 0.4
      vertex -68.0294 7.29856 0
      vertex -68.0585 7.29424 0
    endloop
  endfacet
  facet normal -0.670653 -0.741771 0
    outer loop
      vertex -68.2 6.77687 0
      vertex -68.1903 6.7681 0.4
      vertex -68.2 6.77687 0.4
    endloop
  endfacet
  facet normal -0.670653 -0.741771 -0
    outer loop
      vertex -68.1903 6.7681 0.4
      vertex -68.2 6.77687 0
      vertex -68.1903 6.7681 0
    endloop
  endfacet
  facet normal -0.337154 -0.941449 0
    outer loop
      vertex -68.1148 6.72284 0
      vertex -68.0871 6.71292 0.4
      vertex -68.1148 6.72284 0.4
    endloop
  endfacet
  facet normal -0.337154 -0.941449 -0
    outer loop
      vertex -68.0871 6.71292 0.4
      vertex -68.1148 6.72284 0
      vertex -68.0871 6.71292 0
    endloop
  endfacet
  facet normal 0.596512 0.802604 -0
    outer loop
      vertex -59.5097 7.2319 0
      vertex -59.5333 7.24944 0.4
      vertex -59.5097 7.2319 0.4
    endloop
  endfacet
  facet normal 0.596512 0.802604 0
    outer loop
      vertex -59.5333 7.24944 0.4
      vertex -59.5097 7.2319 0
      vertex -59.5333 7.24944 0
    endloop
  endfacet
  facet normal -0.242855 -0.970063 0
    outer loop
      vertex -68.0871 6.71292 0
      vertex -68.0585 6.70576 0.4
      vertex -68.0871 6.71292 0.4
    endloop
  endfacet
  facet normal -0.242855 -0.970063 -0
    outer loop
      vertex -68.0585 6.70576 0.4
      vertex -68.0871 6.71292 0
      vertex -68.0585 6.70576 0
    endloop
  endfacet
  facet normal -0.0489209 0.998803 0
    outer loop
      vertex -68 7.3 0
      vertex -68.0294 7.29856 0.4
      vertex -68 7.3 0.4
    endloop
  endfacet
  facet normal -0.0489209 0.998803 0
    outer loop
      vertex -68.0294 7.29856 0.4
      vertex -68 7.3 0
      vertex -68.0294 7.29856 0
    endloop
  endfacet
  facet normal 0.0489209 0.998803 -0
    outer loop
      vertex -59.6706 7.29856 0
      vertex -59.7 7.3 0.4
      vertex -59.6706 7.29856 0.4
    endloop
  endfacet
  facet normal 0.0489209 0.998803 0
    outer loop
      vertex -59.7 7.3 0.4
      vertex -59.6706 7.29856 0
      vertex -59.7 7.3 0
    endloop
  endfacet
  facet normal -0.670653 0.741771 0
    outer loop
      vertex -68.1903 7.2319 0
      vertex -68.2 7.22313 0.4
      vertex -68.1903 7.2319 0.4
    endloop
  endfacet
  facet normal -0.670653 0.741771 0
    outer loop
      vertex -68.2 7.22313 0.4
      vertex -68.1903 7.2319 0
      vertex -68.2 7.22313 0
    endloop
  endfacet
  facet normal 0.427531 0.904001 -0
    outer loop
      vertex -59.5586 7.26458 0
      vertex -59.5852 7.27716 0.4
      vertex -59.5586 7.26458 0.4
    endloop
  endfacet
  facet normal 0.427531 0.904001 0
    outer loop
      vertex -59.5852 7.27716 0.4
      vertex -59.5586 7.26458 0
      vertex -59.5852 7.27716 0
    endloop
  endfacet
  facet normal 0.856744 0.515743 0
    outer loop
      vertex -59.4354 7.14142 0.4
      vertex -59.4506 7.16667 0
      vertex -59.4506 7.16667 0.4
    endloop
  endfacet
  facet normal 0.856744 0.515743 0
    outer loop
      vertex -59.4506 7.16667 0
      vertex -59.4354 7.14142 0.4
      vertex -59.4354 7.14142 0
    endloop
  endfacet
  facet normal 0.970442 0.241336 0
    outer loop
      vertex -59.4058 7.05853 0.4
      vertex -59.4129 7.08708 0
      vertex -59.4129 7.08708 0.4
    endloop
  endfacet
  facet normal 0.970442 0.241336 0
    outer loop
      vertex -59.4129 7.08708 0
      vertex -59.4058 7.05853 0.4
      vertex -59.4058 7.05853 0
    endloop
  endfacet
  facet normal 0.903862 0.427824 0
    outer loop
      vertex -59.4228 7.1148 0.4
      vertex -59.4354 7.14142 0
      vertex -59.4354 7.14142 0.4
    endloop
  endfacet
  facet normal 0.903862 0.427824 0
    outer loop
      vertex -59.4354 7.14142 0
      vertex -59.4228 7.1148 0.4
      vertex -59.4228 7.1148 0
    endloop
  endfacet
  facet normal -0.513498 0.858091 0
    outer loop
      vertex -68.1414 7.26458 0
      vertex -68.1667 7.24944 0.4
      vertex -68.1414 7.26458 0.4
    endloop
  endfacet
  facet normal -0.513498 0.858091 0
    outer loop
      vertex -68.1667 7.24944 0.4
      vertex -68.1414 7.26458 0
      vertex -68.1667 7.24944 0
    endloop
  endfacet
  facet normal 0.596512 -0.802604 0
    outer loop
      vertex -59.5333 6.75056 0
      vertex -59.5097 6.7681 0.4
      vertex -59.5333 6.75056 0.4
    endloop
  endfacet
  facet normal 0.596512 -0.802604 0
    outer loop
      vertex -59.5097 6.7681 0.4
      vertex -59.5333 6.75056 0
      vertex -59.5097 6.7681 0
    endloop
  endfacet
  facet normal 0.513498 0.858091 -0
    outer loop
      vertex -59.5333 7.24944 0
      vertex -59.5586 7.26458 0.4
      vertex -59.5333 7.24944 0.4
    endloop
  endfacet
  facet normal 0.513498 0.858091 0
    outer loop
      vertex -59.5586 7.26458 0.4
      vertex -59.5333 7.24944 0
      vertex -59.5586 7.26458 0
    endloop
  endfacet
  facet normal 0.671776 0.740754 -0
    outer loop
      vertex -59.4879 7.21213 0
      vertex -59.5097 7.2319 0.4
      vertex -59.4879 7.21213 0.4
    endloop
  endfacet
  facet normal 0.671776 0.740754 0
    outer loop
      vertex -59.5097 7.2319 0.4
      vertex -59.4879 7.21213 0
      vertex -59.5097 7.2319 0
    endloop
  endfacet
  facet normal 0.740401 0.672166 0
    outer loop
      vertex -59.4681 7.19032 0.4
      vertex -59.4879 7.21213 0
      vertex -59.4879 7.21213 0.4
    endloop
  endfacet
  facet normal 0.740401 0.672166 0
    outer loop
      vertex -59.4879 7.21213 0
      vertex -59.4681 7.19032 0.4
      vertex -59.4681 7.19032 0
    endloop
  endfacet
  facet normal 0.803858 -0.594821 0
    outer loop
      vertex -59.4681 6.80968 0.4
      vertex -59.4506 6.83333 0
      vertex -59.4506 6.83333 0.4
    endloop
  endfacet
  facet normal 0.803858 -0.594821 0
    outer loop
      vertex -59.4506 6.83333 0
      vertex -59.4681 6.80968 0.4
      vertex -59.4681 6.80968 0
    endloop
  endfacet
  facet normal -0.427531 0.904001 0
    outer loop
      vertex -68.1148 7.27716 0
      vertex -68.1414 7.26458 0.4
      vertex -68.1148 7.27716 0.4
    endloop
  endfacet
  facet normal -0.427531 0.904001 0
    outer loop
      vertex -68.1414 7.26458 0.4
      vertex -68.1148 7.27716 0
      vertex -68.1414 7.26458 0
    endloop
  endfacet
  facet normal -0.146844 -0.98916 0
    outer loop
      vertex -68.0585 6.70576 0
      vertex -68.0294 6.70144 0.4
      vertex -68.0585 6.70576 0.4
    endloop
  endfacet
  facet normal -0.146844 -0.98916 -0
    outer loop
      vertex -68.0294 6.70144 0.4
      vertex -68.0585 6.70576 0
      vertex -68.0294 6.70144 0
    endloop
  endfacet
  facet normal -0.242855 0.970063 0
    outer loop
      vertex -68.0585 7.29424 0
      vertex -68.0871 7.28708 0.4
      vertex -68.0585 7.29424 0.4
    endloop
  endfacet
  facet normal -0.242855 0.970063 0
    outer loop
      vertex -68.0871 7.28708 0.4
      vertex -68.0585 7.29424 0
      vertex -68.0871 7.28708 0
    endloop
  endfacet
  facet normal 0.988776 -0.149403 0
    outer loop
      vertex -59.4058 6.94147 0.4
      vertex -59.4014 6.97059 0
      vertex -59.4014 6.97059 0.4
    endloop
  endfacet
  facet normal 0.988776 -0.149403 0
    outer loop
      vertex -59.4014 6.97059 0
      vertex -59.4058 6.94147 0.4
      vertex -59.4058 6.94147 0
    endloop
  endfacet
  facet normal 0.998869 -0.047549 0
    outer loop
      vertex -59.4014 6.97059 0.4
      vertex -59.4 7 0
      vertex -59.4 7 0.4
    endloop
  endfacet
  facet normal 0.998869 -0.047549 0
    outer loop
      vertex -59.4 7 0
      vertex -59.4014 6.97059 0.4
      vertex -59.4014 6.97059 0
    endloop
  endfacet
  facet normal 0.337154 -0.941449 0
    outer loop
      vertex -59.6129 6.71292 0
      vertex -59.5852 6.72284 0.4
      vertex -59.6129 6.71292 0.4
    endloop
  endfacet
  facet normal 0.337154 -0.941449 0
    outer loop
      vertex -59.5852 6.72284 0.4
      vertex -59.6129 6.71292 0
      vertex -59.5852 6.72284 0
    endloop
  endfacet
  facet normal 0.146844 -0.98916 0
    outer loop
      vertex -59.6706 6.70144 0
      vertex -59.6415 6.70576 0.4
      vertex -59.6706 6.70144 0.4
    endloop
  endfacet
  facet normal 0.146844 -0.98916 0
    outer loop
      vertex -59.6415 6.70576 0.4
      vertex -59.6706 6.70144 0
      vertex -59.6415 6.70576 0
    endloop
  endfacet
  facet normal 0.0489209 -0.998803 0
    outer loop
      vertex -59.7 6.7 0
      vertex -59.6706 6.70144 0.4
      vertex -59.7 6.7 0.4
    endloop
  endfacet
  facet normal 0.0489209 -0.998803 0
    outer loop
      vertex -59.6706 6.70144 0.4
      vertex -59.7 6.7 0
      vertex -59.6706 6.70144 0
    endloop
  endfacet
  facet normal 0.941742 -0.336336 0
    outer loop
      vertex -59.4228 6.88519 0.4
      vertex -59.4129 6.91291 0
      vertex -59.4129 6.91291 0.4
    endloop
  endfacet
  facet normal 0.941742 -0.336336 0
    outer loop
      vertex -59.4129 6.91291 0
      vertex -59.4228 6.88519 0.4
      vertex -59.4228 6.88519 0
    endloop
  endfacet
  facet normal -0.0489209 -0.998803 0
    outer loop
      vertex -68.0294 6.70144 0
      vertex -68 6.7 0.4
      vertex -68.0294 6.70144 0.4
    endloop
  endfacet
  facet normal -0.0489209 -0.998803 -0
    outer loop
      vertex -68 6.7 0.4
      vertex -68.0294 6.70144 0
      vertex -68 6.7 0
    endloop
  endfacet
  facet normal -0.596512 0.802604 0
    outer loop
      vertex -68.1667 7.24944 0
      vertex -68.1903 7.2319 0.4
      vertex -68.1667 7.24944 0.4
    endloop
  endfacet
  facet normal -0.596512 0.802604 0
    outer loop
      vertex -68.1903 7.2319 0.4
      vertex -68.1667 7.24944 0
      vertex -68.1903 7.2319 0
    endloop
  endfacet
  facet normal 0.146844 0.98916 -0
    outer loop
      vertex -59.6415 7.29424 0
      vertex -59.6706 7.29856 0.4
      vertex -59.6415 7.29424 0.4
    endloop
  endfacet
  facet normal 0.146844 0.98916 0
    outer loop
      vertex -59.6706 7.29856 0.4
      vertex -59.6415 7.29424 0
      vertex -59.6706 7.29856 0
    endloop
  endfacet
  facet normal 0.856744 -0.515743 0
    outer loop
      vertex -59.4506 6.83333 0.4
      vertex -59.4354 6.85858 0
      vertex -59.4354 6.85858 0.4
    endloop
  endfacet
  facet normal 0.856744 -0.515743 0
    outer loop
      vertex -59.4354 6.85858 0
      vertex -59.4506 6.83333 0.4
      vertex -59.4506 6.83333 0
    endloop
  endfacet
  facet normal 0.9038 -0.427955 0
    outer loop
      vertex -59.4354 6.85858 0.4
      vertex -59.4228 6.88519 0
      vertex -59.4228 6.88519 0.4
    endloop
  endfacet
  facet normal 0.9038 -0.427955 0
    outer loop
      vertex -59.4228 6.88519 0
      vertex -59.4354 6.85858 0.4
      vertex -59.4354 6.85858 0
    endloop
  endfacet
  facet normal -0.513498 -0.858091 0
    outer loop
      vertex -68.1667 6.75056 0
      vertex -68.1414 6.73542 0.4
      vertex -68.1667 6.75056 0.4
    endloop
  endfacet
  facet normal -0.513498 -0.858091 -0
    outer loop
      vertex -68.1414 6.73542 0.4
      vertex -68.1667 6.75056 0
      vertex -68.1414 6.73542 0
    endloop
  endfacet
  facet normal 0.242855 -0.970063 0
    outer loop
      vertex -59.6415 6.70576 0
      vertex -59.6129 6.71292 0.4
      vertex -59.6415 6.70576 0.4
    endloop
  endfacet
  facet normal 0.242855 -0.970063 0
    outer loop
      vertex -59.6129 6.71292 0.4
      vertex -59.6415 6.70576 0
      vertex -59.6129 6.71292 0
    endloop
  endfacet
  facet normal -0.427531 -0.904001 0
    outer loop
      vertex -68.1414 6.73542 0
      vertex -68.1148 6.72284 0.4
      vertex -68.1414 6.73542 0.4
    endloop
  endfacet
  facet normal -0.427531 -0.904001 -0
    outer loop
      vertex -68.1148 6.72284 0.4
      vertex -68.1414 6.73542 0
      vertex -68.1148 6.72284 0
    endloop
  endfacet
  facet normal 0.337154 0.941449 -0
    outer loop
      vertex -59.5852 7.27716 0
      vertex -59.6129 7.28708 0.4
      vertex -59.5852 7.27716 0.4
    endloop
  endfacet
  facet normal 0.337154 0.941449 0
    outer loop
      vertex -59.6129 7.28708 0.4
      vertex -59.5852 7.27716 0
      vertex -59.6129 7.28708 0
    endloop
  endfacet
  facet normal 0.513498 -0.858091 0
    outer loop
      vertex -59.5586 6.73542 0
      vertex -59.5333 6.75056 0.4
      vertex -59.5586 6.73542 0.4
    endloop
  endfacet
  facet normal 0.513498 -0.858091 0
    outer loop
      vertex -59.5333 6.75056 0.4
      vertex -59.5586 6.73542 0
      vertex -59.5333 6.75056 0
    endloop
  endfacet
  facet normal 0.671776 -0.740754 0
    outer loop
      vertex -59.5097 6.7681 0
      vertex -59.4879 6.78787 0.4
      vertex -59.5097 6.7681 0.4
    endloop
  endfacet
  facet normal 0.671776 -0.740754 0
    outer loop
      vertex -59.4879 6.78787 0.4
      vertex -59.5097 6.7681 0
      vertex -59.4879 6.78787 0
    endloop
  endfacet
  facet normal -0.988776 -0.149403 0
    outer loop
      vertex 59.4058 6.94147 0
      vertex 59.4014 6.97059 0.4
      vertex 59.4014 6.97059 0
    endloop
  endfacet
  facet normal -0.988776 -0.149403 0
    outer loop
      vertex 59.4014 6.97059 0.4
      vertex 59.4058 6.94147 0
      vertex 59.4058 6.94147 0.4
    endloop
  endfacet
  facet normal 0.0489209 0.998803 -0
    outer loop
      vertex 68.0294 7.29856 0
      vertex 68 7.3 0.4
      vertex 68.0294 7.29856 0.4
    endloop
  endfacet
  facet normal 0.0489209 0.998803 0
    outer loop
      vertex 68 7.3 0.4
      vertex 68.0294 7.29856 0
      vertex 68 7.3 0
    endloop
  endfacet
  facet normal -0.998869 -0.047549 0
    outer loop
      vertex 59.4014 6.97059 0
      vertex 59.4 7 0.4
      vertex 59.4 7 0
    endloop
  endfacet
  facet normal -0.998869 -0.047549 0
    outer loop
      vertex 59.4 7 0.4
      vertex 59.4014 6.97059 0
      vertex 59.4014 6.97059 0.4
    endloop
  endfacet
  facet normal 0 1 -0
    outer loop
      vertex 68 7.3 0
      vertex 59.7 7.3 0.4
      vertex 68 7.3 0.4
    endloop
  endfacet
  facet normal 0 1 0
    outer loop
      vertex 59.7 7.3 0.4
      vertex 68 7.3 0
      vertex 59.7 7.3 0
    endloop
  endfacet
  facet normal 0.596512 0.802604 -0
    outer loop
      vertex 68.1903 7.2319 0
      vertex 68.1667 7.24944 0.4
      vertex 68.1903 7.2319 0.4
    endloop
  endfacet
  facet normal 0.596512 0.802604 0
    outer loop
      vertex 68.1667 7.24944 0.4
      vertex 68.1903 7.2319 0
      vertex 68.1667 7.24944 0
    endloop
  endfacet
  facet normal 0.670653 -0.741771 0
    outer loop
      vertex 68.1903 6.7681 0
      vertex 68.2 6.77687 0.4
      vertex 68.1903 6.7681 0.4
    endloop
  endfacet
  facet normal 0.670653 -0.741771 0
    outer loop
      vertex 68.2 6.77687 0.4
      vertex 68.1903 6.7681 0
      vertex 68.2 6.77687 0
    endloop
  endfacet
  facet normal 0.146844 0.98916 -0
    outer loop
      vertex 68.0585 7.29424 0
      vertex 68.0294 7.29856 0.4
      vertex 68.0585 7.29424 0.4
    endloop
  endfacet
  facet normal 0.146844 0.98916 0
    outer loop
      vertex 68.0294 7.29856 0.4
      vertex 68.0585 7.29424 0
      vertex 68.0294 7.29856 0
    endloop
  endfacet
  facet normal 0.427531 -0.904001 0
    outer loop
      vertex 68.1148 6.72284 0
      vertex 68.1414 6.73542 0.4
      vertex 68.1148 6.72284 0.4
    endloop
  endfacet
  facet normal 0.427531 -0.904001 0
    outer loop
      vertex 68.1414 6.73542 0.4
      vertex 68.1148 6.72284 0
      vertex 68.1414 6.73542 0
    endloop
  endfacet
  facet normal -0.513498 0.858091 0
    outer loop
      vertex 59.5586 7.26458 0
      vertex 59.5333 7.24944 0.4
      vertex 59.5586 7.26458 0.4
    endloop
  endfacet
  facet normal -0.513498 0.858091 0
    outer loop
      vertex 59.5333 7.24944 0.4
      vertex 59.5586 7.26458 0
      vertex 59.5333 7.24944 0
    endloop
  endfacet
  facet normal 0 -1 0
    outer loop
      vertex 59.7 6.7 0
      vertex 68 6.7 0.4
      vertex 59.7 6.7 0.4
    endloop
  endfacet
  facet normal 0 -1 -0
    outer loop
      vertex 68 6.7 0.4
      vertex 59.7 6.7 0
      vertex 68 6.7 0
    endloop
  endfacet
  facet normal -0.803858 0.594821 0
    outer loop
      vertex 59.4506 7.16667 0
      vertex 59.4681 7.19032 0.4
      vertex 59.4681 7.19032 0
    endloop
  endfacet
  facet normal -0.803858 0.594821 0
    outer loop
      vertex 59.4681 7.19032 0.4
      vertex 59.4506 7.16667 0
      vertex 59.4506 7.16667 0.4
    endloop
  endfacet
  facet normal -0.427531 0.904001 0
    outer loop
      vertex 59.5852 7.27716 0
      vertex 59.5586 7.26458 0.4
      vertex 59.5852 7.27716 0.4
    endloop
  endfacet
  facet normal -0.427531 0.904001 0
    outer loop
      vertex 59.5586 7.26458 0.4
      vertex 59.5852 7.27716 0
      vertex 59.5586 7.26458 0
    endloop
  endfacet
  facet normal -0.740401 0.672166 0
    outer loop
      vertex 59.4681 7.19032 0
      vertex 59.4879 7.21213 0.4
      vertex 59.4879 7.21213 0
    endloop
  endfacet
  facet normal -0.740401 0.672166 0
    outer loop
      vertex 59.4879 7.21213 0.4
      vertex 59.4681 7.19032 0
      vertex 59.4681 7.19032 0.4
    endloop
  endfacet
  facet normal 0.337154 -0.941449 0
    outer loop
      vertex 68.0871 6.71292 0
      vertex 68.1148 6.72284 0.4
      vertex 68.0871 6.71292 0.4
    endloop
  endfacet
  facet normal 0.337154 -0.941449 0
    outer loop
      vertex 68.1148 6.72284 0.4
      vertex 68.0871 6.71292 0
      vertex 68.1148 6.72284 0
    endloop
  endfacet
  facet normal -0.970442 0.241336 0
    outer loop
      vertex 59.4058 7.05853 0
      vertex 59.4129 7.08708 0.4
      vertex 59.4129 7.08708 0
    endloop
  endfacet
  facet normal -0.970442 0.241336 0
    outer loop
      vertex 59.4129 7.08708 0.4
      vertex 59.4058 7.05853 0
      vertex 59.4058 7.05853 0.4
    endloop
  endfacet
  facet normal -0.941742 0.336336 0
    outer loop
      vertex 59.4129 7.08708 0
      vertex 59.4228 7.1148 0.4
      vertex 59.4228 7.1148 0
    endloop
  endfacet
  facet normal -0.941742 0.336336 0
    outer loop
      vertex 59.4228 7.1148 0.4
      vertex 59.4129 7.08708 0
      vertex 59.4129 7.08708 0.4
    endloop
  endfacet
  facet normal -0.856744 0.515743 0
    outer loop
      vertex 59.4354 7.14142 0
      vertex 59.4506 7.16667 0.4
      vertex 59.4506 7.16667 0
    endloop
  endfacet
  facet normal -0.856744 0.515743 0
    outer loop
      vertex 59.4506 7.16667 0.4
      vertex 59.4354 7.14142 0
      vertex 59.4354 7.14142 0.4
    endloop
  endfacet
  facet normal -0.9038 -0.427955 0
    outer loop
      vertex 59.4354 6.85858 0
      vertex 59.4228 6.88519 0.4
      vertex 59.4228 6.88519 0
    endloop
  endfacet
  facet normal -0.9038 -0.427955 0
    outer loop
      vertex 59.4228 6.88519 0.4
      vertex 59.4354 6.85858 0
      vertex 59.4354 6.85858 0.4
    endloop
  endfacet
  facet normal -0.0489209 0.998803 0
    outer loop
      vertex 59.7 7.3 0
      vertex 59.6706 7.29856 0.4
      vertex 59.7 7.3 0.4
    endloop
  endfacet
  facet normal -0.0489209 0.998803 0
    outer loop
      vertex 59.6706 7.29856 0.4
      vertex 59.7 7.3 0
      vertex 59.6706 7.29856 0
    endloop
  endfacet
  facet normal 0.0489209 -0.998803 0
    outer loop
      vertex 68 6.7 0
      vertex 68.0294 6.70144 0.4
      vertex 68 6.7 0.4
    endloop
  endfacet
  facet normal 0.0489209 -0.998803 0
    outer loop
      vertex 68.0294 6.70144 0.4
      vertex 68 6.7 0
      vertex 68.0294 6.70144 0
    endloop
  endfacet
  facet normal -0.146844 0.98916 0
    outer loop
      vertex 59.6706 7.29856 0
      vertex 59.6415 7.29424 0.4
      vertex 59.6706 7.29856 0.4
    endloop
  endfacet
  facet normal -0.146844 0.98916 0
    outer loop
      vertex 59.6415 7.29424 0.4
      vertex 59.6706 7.29856 0
      vertex 59.6415 7.29424 0
    endloop
  endfacet
  facet normal 0.146844 -0.98916 0
    outer loop
      vertex 68.0294 6.70144 0
      vertex 68.0585 6.70576 0.4
      vertex 68.0294 6.70144 0.4
    endloop
  endfacet
  facet normal 0.146844 -0.98916 0
    outer loop
      vertex 68.0585 6.70576 0.4
      vertex 68.0294 6.70144 0
      vertex 68.0585 6.70576 0
    endloop
  endfacet
  facet normal 0.242855 0.970063 -0
    outer loop
      vertex 68.0871 7.28708 0
      vertex 68.0585 7.29424 0.4
      vertex 68.0871 7.28708 0.4
    endloop
  endfacet
  facet normal 0.242855 0.970063 0
    outer loop
      vertex 68.0585 7.29424 0.4
      vertex 68.0871 7.28708 0
      vertex 68.0585 7.29424 0
    endloop
  endfacet
  facet normal -0.671776 0.740754 0
    outer loop
      vertex 59.5097 7.2319 0
      vertex 59.4879 7.21213 0.4
      vertex 59.5097 7.2319 0.4
    endloop
  endfacet
  facet normal -0.671776 0.740754 0
    outer loop
      vertex 59.4879 7.21213 0.4
      vertex 59.5097 7.2319 0
      vertex 59.4879 7.21213 0
    endloop
  endfacet
  facet normal 0.242855 -0.970063 0
    outer loop
      vertex 68.0585 6.70576 0
      vertex 68.0871 6.71292 0.4
      vertex 68.0585 6.70576 0.4
    endloop
  endfacet
  facet normal 0.242855 -0.970063 0
    outer loop
      vertex 68.0871 6.71292 0.4
      vertex 68.0585 6.70576 0
      vertex 68.0871 6.71292 0
    endloop
  endfacet
  facet normal -0.856744 -0.515743 0
    outer loop
      vertex 59.4506 6.83333 0
      vertex 59.4354 6.85858 0.4
      vertex 59.4354 6.85858 0
    endloop
  endfacet
  facet normal -0.856744 -0.515743 0
    outer loop
      vertex 59.4354 6.85858 0.4
      vertex 59.4506 6.83333 0
      vertex 59.4506 6.83333 0.4
    endloop
  endfacet
  facet normal -0.988784 0.149353 0
    outer loop
      vertex 59.4014 7.0294 0
      vertex 59.4058 7.05853 0.4
      vertex 59.4058 7.05853 0
    endloop
  endfacet
  facet normal -0.988784 0.149353 0
    outer loop
      vertex 59.4058 7.05853 0.4
      vertex 59.4014 7.0294 0
      vertex 59.4014 7.0294 0.4
    endloop
  endfacet
  facet normal -0.998868 0.0475651 0
    outer loop
      vertex 59.4 7 0
      vertex 59.4014 7.0294 0.4
      vertex 59.4014 7.0294 0
    endloop
  endfacet
  facet normal -0.998868 0.0475651 0
    outer loop
      vertex 59.4014 7.0294 0.4
      vertex 59.4 7 0
      vertex 59.4 7 0.4
    endloop
  endfacet
  facet normal -0.337154 0.941449 0
    outer loop
      vertex 59.6129 7.28708 0
      vertex 59.5852 7.27716 0.4
      vertex 59.6129 7.28708 0.4
    endloop
  endfacet
  facet normal -0.337154 0.941449 0
    outer loop
      vertex 59.5852 7.27716 0.4
      vertex 59.6129 7.28708 0
      vertex 59.5852 7.27716 0
    endloop
  endfacet
  facet normal -0.596512 0.802604 0
    outer loop
      vertex 59.5333 7.24944 0
      vertex 59.5097 7.2319 0.4
      vertex 59.5333 7.24944 0.4
    endloop
  endfacet
  facet normal -0.596512 0.802604 0
    outer loop
      vertex 59.5097 7.2319 0.4
      vertex 59.5333 7.24944 0
      vertex 59.5097 7.2319 0
    endloop
  endfacet
  facet normal -0.242855 0.970063 0
    outer loop
      vertex 59.6415 7.29424 0
      vertex 59.6129 7.28708 0.4
      vertex 59.6415 7.29424 0.4
    endloop
  endfacet
  facet normal -0.242855 0.970063 0
    outer loop
      vertex 59.6129 7.28708 0.4
      vertex 59.6415 7.29424 0
      vertex 59.6129 7.28708 0
    endloop
  endfacet
  facet normal 0.513498 0.858091 -0
    outer loop
      vertex 68.1667 7.24944 0
      vertex 68.1414 7.26458 0.4
      vertex 68.1667 7.24944 0.4
    endloop
  endfacet
  facet normal 0.513498 0.858091 0
    outer loop
      vertex 68.1414 7.26458 0.4
      vertex 68.1667 7.24944 0
      vertex 68.1414 7.26458 0
    endloop
  endfacet
  facet normal -0.903862 0.427824 0
    outer loop
      vertex 59.4228 7.1148 0
      vertex 59.4354 7.14142 0.4
      vertex 59.4354 7.14142 0
    endloop
  endfacet
  facet normal -0.903862 0.427824 0
    outer loop
      vertex 59.4354 7.14142 0.4
      vertex 59.4228 7.1148 0
      vertex 59.4228 7.1148 0.4
    endloop
  endfacet
  facet normal -0.740401 -0.672166 0
    outer loop
      vertex 59.4879 6.78787 0
      vertex 59.4681 6.80968 0.4
      vertex 59.4681 6.80968 0
    endloop
  endfacet
  facet normal -0.740401 -0.672166 0
    outer loop
      vertex 59.4681 6.80968 0.4
      vertex 59.4879 6.78787 0
      vertex 59.4879 6.78787 0.4
    endloop
  endfacet
  facet normal 0.337154 0.941449 -0
    outer loop
      vertex 68.1148 7.27716 0
      vertex 68.0871 7.28708 0.4
      vertex 68.1148 7.27716 0.4
    endloop
  endfacet
  facet normal 0.337154 0.941449 0
    outer loop
      vertex 68.0871 7.28708 0.4
      vertex 68.1148 7.27716 0
      vertex 68.0871 7.28708 0
    endloop
  endfacet
  facet normal 0.427531 0.904001 -0
    outer loop
      vertex 68.1414 7.26458 0
      vertex 68.1148 7.27716 0.4
      vertex 68.1414 7.26458 0.4
    endloop
  endfacet
  facet normal 0.427531 0.904001 0
    outer loop
      vertex 68.1148 7.27716 0.4
      vertex 68.1414 7.26458 0
      vertex 68.1148 7.27716 0
    endloop
  endfacet
  facet normal -0.146844 -0.98916 0
    outer loop
      vertex 59.6415 6.70576 0
      vertex 59.6706 6.70144 0.4
      vertex 59.6415 6.70576 0.4
    endloop
  endfacet
  facet normal -0.146844 -0.98916 -0
    outer loop
      vertex 59.6706 6.70144 0.4
      vertex 59.6415 6.70576 0
      vertex 59.6706 6.70144 0
    endloop
  endfacet
  facet normal 0.670653 0.741771 -0
    outer loop
      vertex 68.2 7.22313 0
      vertex 68.1903 7.2319 0.4
      vertex 68.2 7.22313 0.4
    endloop
  endfacet
  facet normal 0.670653 0.741771 0
    outer loop
      vertex 68.1903 7.2319 0.4
      vertex 68.2 7.22313 0
      vertex 68.1903 7.2319 0
    endloop
  endfacet
  facet normal -0.513498 -0.858091 0
    outer loop
      vertex 59.5333 6.75056 0
      vertex 59.5586 6.73542 0.4
      vertex 59.5333 6.75056 0.4
    endloop
  endfacet
  facet normal -0.513498 -0.858091 -0
    outer loop
      vertex 59.5586 6.73542 0.4
      vertex 59.5333 6.75056 0
      vertex 59.5586 6.73542 0
    endloop
  endfacet
  facet normal -0.803858 -0.594821 0
    outer loop
      vertex 59.4681 6.80968 0
      vertex 59.4506 6.83333 0.4
      vertex 59.4506 6.83333 0
    endloop
  endfacet
  facet normal -0.803858 -0.594821 0
    outer loop
      vertex 59.4506 6.83333 0.4
      vertex 59.4681 6.80968 0
      vertex 59.4681 6.80968 0.4
    endloop
  endfacet
  facet normal -0.596512 -0.802604 0
    outer loop
      vertex 59.5097 6.7681 0
      vertex 59.5333 6.75056 0.4
      vertex 59.5097 6.7681 0.4
    endloop
  endfacet
  facet normal -0.596512 -0.802604 -0
    outer loop
      vertex 59.5333 6.75056 0.4
      vertex 59.5097 6.7681 0
      vertex 59.5333 6.75056 0
    endloop
  endfacet
  facet normal -0.0489209 -0.998803 0
    outer loop
      vertex 59.6706 6.70144 0
      vertex 59.7 6.7 0.4
      vertex 59.6706 6.70144 0.4
    endloop
  endfacet
  facet normal -0.0489209 -0.998803 -0
    outer loop
      vertex 59.7 6.7 0.4
      vertex 59.6706 6.70144 0
      vertex 59.7 6.7 0
    endloop
  endfacet
  facet normal 0.513498 -0.858091 0
    outer loop
      vertex 68.1414 6.73542 0
      vertex 68.1667 6.75056 0.4
      vertex 68.1414 6.73542 0.4
    endloop
  endfacet
  facet normal 0.513498 -0.858091 0
    outer loop
      vertex 68.1667 6.75056 0.4
      vertex 68.1414 6.73542 0
      vertex 68.1667 6.75056 0
    endloop
  endfacet
  facet normal 0.596512 -0.802604 0
    outer loop
      vertex 68.1667 6.75056 0
      vertex 68.1903 6.7681 0.4
      vertex 68.1667 6.75056 0.4
    endloop
  endfacet
  facet normal 0.596512 -0.802604 0
    outer loop
      vertex 68.1903 6.7681 0.4
      vertex 68.1667 6.75056 0
      vertex 68.1903 6.7681 0
    endloop
  endfacet
  facet normal -0.337154 -0.941449 0
    outer loop
      vertex 59.5852 6.72284 0
      vertex 59.6129 6.71292 0.4
      vertex 59.5852 6.72284 0.4
    endloop
  endfacet
  facet normal -0.337154 -0.941449 -0
    outer loop
      vertex 59.6129 6.71292 0.4
      vertex 59.5852 6.72284 0
      vertex 59.6129 6.71292 0
    endloop
  endfacet
  facet normal -0.242855 -0.970063 0
    outer loop
      vertex 59.6129 6.71292 0
      vertex 59.6415 6.70576 0.4
      vertex 59.6129 6.71292 0.4
    endloop
  endfacet
  facet normal -0.242855 -0.970063 -0
    outer loop
      vertex 59.6415 6.70576 0.4
      vertex 59.6129 6.71292 0
      vertex 59.6415 6.70576 0
    endloop
  endfacet
  facet normal -0.427531 -0.904001 0
    outer loop
      vertex 59.5586 6.73542 0
      vertex 59.5852 6.72284 0.4
      vertex 59.5586 6.73542 0.4
    endloop
  endfacet
  facet normal -0.427531 -0.904001 -0
    outer loop
      vertex 59.5852 6.72284 0.4
      vertex 59.5586 6.73542 0
      vertex 59.5852 6.72284 0
    endloop
  endfacet
  facet normal -0.671776 -0.740754 0
    outer loop
      vertex 59.4879 6.78787 0
      vertex 59.5097 6.7681 0.4
      vertex 59.4879 6.78787 0.4
    endloop
  endfacet
  facet normal -0.671776 -0.740754 -0
    outer loop
      vertex 59.5097 6.7681 0.4
      vertex 59.4879 6.78787 0
      vertex 59.5097 6.7681 0
    endloop
  endfacet
  facet normal -0.941742 -0.336336 0
    outer loop
      vertex 59.4228 6.88519 0
      vertex 59.4129 6.91291 0.4
      vertex 59.4129 6.91291 0
    endloop
  endfacet
  facet normal -0.941742 -0.336336 0
    outer loop
      vertex 59.4129 6.91291 0.4
      vertex 59.4228 6.88519 0
      vertex 59.4228 6.88519 0.4
    endloop
  endfacet
  facet normal -0.970461 -0.241256 0
    outer loop
      vertex 59.4129 6.91291 0
      vertex 59.4058 6.94147 0.4
      vertex 59.4058 6.94147 0
    endloop
  endfacet
  facet normal -0.970461 -0.241256 0
    outer loop
      vertex 59.4058 6.94147 0.4
      vertex 59.4129 6.91291 0
      vertex 59.4129 6.91291 0.4
    endloop
  endfacet
  facet normal 1 0 0
    outer loop
      vertex -68.2 -42.8 2
      vertex -68.2 -50.8 0.4
      vertex -68.2 -42.8 0.4
    endloop
  endfacet
  facet normal 1 -0 0
    outer loop
      vertex -68.2 -50.8 2
      vertex -68.2 -50.8 0.4
      vertex -68.2 -42.8 2
    endloop
  endfacet
  facet normal 0 0 0
    outer loop
      vertex -68.2 -50.8 0.299999
      vertex -68.2 -50.8 0.4
      vertex -68.2 -50.8 2
    endloop
  endfacet
  facet normal 0 0 1
    outer loop
      vertex -68.2 -42.8 2
      vertex -70.6 -46.8 2
      vertex -68.2 -50.8 2
    endloop
  endfacet
  facet normal 0 0 1
    outer loop
      vertex -68.2 -42.8 2
      vertex -70.6077 -46.6432 2
      vertex -70.6 -46.8 2
    endloop
  endfacet
  facet normal 0 0 1
    outer loop
      vertex -68.2 -42.8 2
      vertex -70.6307 -46.4879 2
      vertex -70.6077 -46.6432 2
    endloop
  endfacet
  facet normal 0 0 1
    outer loop
      vertex -68.2 -42.8 2
      vertex -70.6689 -46.3355 2
      vertex -70.6307 -46.4879 2
    endloop
  endfacet
  facet normal 0 0 1
    outer loop
      vertex -68.2 -42.8 2
      vertex -70.7218 -46.1877 2
      vertex -70.6689 -46.3355 2
    endloop
  endfacet
  facet normal 0 0 1
    outer loop
      vertex -68.2 -42.8 2
      vertex -70.7889 -46.0458 2
      vertex -70.7218 -46.1877 2
    endloop
  endfacet
  facet normal 0 0 1
    outer loop
      vertex -68.2 -42.8 2
      vertex -70.8696 -45.9111 2
      vertex -70.7889 -46.0458 2
    endloop
  endfacet
  facet normal 0 0 1
    outer loop
      vertex -68.2 -42.8 2
      vertex -70.9632 -45.785 2
      vertex -70.8696 -45.9111 2
    endloop
  endfacet
  facet normal 0 0 1
    outer loop
      vertex -68.2 -42.8 2
      vertex -71.0686 -45.6686 2
      vertex -70.9632 -45.785 2
    endloop
  endfacet
  facet normal 0 0 1
    outer loop
      vertex -68.2 -42.8 2
      vertex -71.185 -45.5632 2
      vertex -71.0686 -45.6686 2
    endloop
  endfacet
  facet normal 0 0 1
    outer loop
      vertex -68.2 -42.8 2
      vertex -71.3111 -45.4697 2
      vertex -71.185 -45.5632 2
    endloop
  endfacet
  facet normal 0 0 1
    outer loop
      vertex -68.2 -42.8 2
      vertex -71.4458 -45.3889 2
      vertex -71.3111 -45.4697 2
    endloop
  endfacet
  facet normal 0 0 1
    outer loop
      vertex -68.2 -42.8 2
      vertex -71.5877 -45.3218 2
      vertex -71.4458 -45.3889 2
    endloop
  endfacet
  facet normal 0 0 1
    outer loop
      vertex -68.2 -42.8 2
      vertex -71.7355 -45.2689 2
      vertex -71.5877 -45.3218 2
    endloop
  endfacet
  facet normal 0 0 1
    outer loop
      vertex -68.2 -42.8 2
      vertex -71.8879 -45.2307 2
      vertex -71.7355 -45.2689 2
    endloop
  endfacet
  facet normal 0 0 1
    outer loop
      vertex -68.2 -42.8 2
      vertex -72.0432 -45.2077 2
      vertex -71.8879 -45.2307 2
    endloop
  endfacet
  facet normal 0 0 1
    outer loop
      vertex -68.2 -42.8 2
      vertex -72.2 -45.2 2
      vertex -72.0432 -45.2077 2
    endloop
  endfacet
  facet normal -0 0 1
    outer loop
      vertex -76.2 -42.8 2
      vertex -72.2 -45.2 2
      vertex -68.2 -42.8 2
    endloop
  endfacet
  facet normal 0 0 1
    outer loop
      vertex -72.2 -45.2 2
      vertex -76.2 -42.8 2
      vertex -72.3568 -45.2077 2
    endloop
  endfacet
  facet normal 0 0 1
    outer loop
      vertex -72.3568 -45.2077 2
      vertex -76.2 -42.8 2
      vertex -72.5121 -45.2307 2
    endloop
  endfacet
  facet normal 0 0 1
    outer loop
      vertex -72.5121 -45.2307 2
      vertex -76.2 -42.8 2
      vertex -72.6645 -45.2689 2
    endloop
  endfacet
  facet normal 0 0 1
    outer loop
      vertex -72.6645 -45.2689 2
      vertex -76.2 -42.8 2
      vertex -72.8123 -45.3218 2
    endloop
  endfacet
  facet normal 0 0 1
    outer loop
      vertex -73.7923 -46.6432 2
      vertex -76.2 -42.8 2
      vertex -73.8 -46.8 2
    endloop
  endfacet
  facet normal 0 0 1
    outer loop
      vertex -73.7693 -46.4879 2
      vertex -76.2 -42.8 2
      vertex -73.7923 -46.6432 2
    endloop
  endfacet
  facet normal 0 0 1
    outer loop
      vertex -73.7311 -46.3355 2
      vertex -76.2 -42.8 2
      vertex -73.7693 -46.4879 2
    endloop
  endfacet
  facet normal 0 0 1
    outer loop
      vertex -73.6782 -46.1877 2
      vertex -76.2 -42.8 2
      vertex -73.7311 -46.3355 2
    endloop
  endfacet
  facet normal 0 0 1
    outer loop
      vertex -73.6111 -46.0458 2
      vertex -76.2 -42.8 2
      vertex -73.6782 -46.1877 2
    endloop
  endfacet
  facet normal 0 0 1
    outer loop
      vertex -73.5303 -45.9111 2
      vertex -76.2 -42.8 2
      vertex -73.6111 -46.0458 2
    endloop
  endfacet
  facet normal 0 0 1
    outer loop
      vertex -73.4368 -45.785 2
      vertex -76.2 -42.8 2
      vertex -73.5303 -45.9111 2
    endloop
  endfacet
  facet normal 0 0 1
    outer loop
      vertex -73.3314 -45.6686 2
      vertex -76.2 -42.8 2
      vertex -73.4368 -45.785 2
    endloop
  endfacet
  facet normal 0 0 1
    outer loop
      vertex -73.215 -45.5632 2
      vertex -76.2 -42.8 2
      vertex -73.3314 -45.6686 2
    endloop
  endfacet
  facet normal 0 0 1
    outer loop
      vertex -73.0889 -45.4697 2
      vertex -76.2 -42.8 2
      vertex -73.215 -45.5632 2
    endloop
  endfacet
  facet normal 0 0 1
    outer loop
      vertex -72.9542 -45.3889 2
      vertex -76.2 -42.8 2
      vertex -73.0889 -45.4697 2
    endloop
  endfacet
  facet normal 0 0 1
    outer loop
      vertex -72.8123 -45.3218 2
      vertex -76.2 -42.8 2
      vertex -72.9542 -45.3889 2
    endloop
  endfacet
  facet normal -0 0 1
    outer loop
      vertex -70.6077 -46.9568 2
      vertex -68.2 -50.8 2
      vertex -70.6 -46.8 2
    endloop
  endfacet
  facet normal -0 0 1
    outer loop
      vertex -70.6307 -47.1121 2
      vertex -68.2 -50.8 2
      vertex -70.6077 -46.9568 2
    endloop
  endfacet
  facet normal -0 0 1
    outer loop
      vertex -70.6689 -47.2645 2
      vertex -68.2 -50.8 2
      vertex -70.6307 -47.1121 2
    endloop
  endfacet
  facet normal -0 0 1
    outer loop
      vertex -70.7218 -47.4123 2
      vertex -68.2 -50.8 2
      vertex -70.6689 -47.2645 2
    endloop
  endfacet
  facet normal -0 0 1
    outer loop
      vertex -70.7889 -47.5542 2
      vertex -68.2 -50.8 2
      vertex -70.7218 -47.4123 2
    endloop
  endfacet
  facet normal -0 0 1
    outer loop
      vertex -70.8696 -47.6889 2
      vertex -68.2 -50.8 2
      vertex -70.7889 -47.5542 2
    endloop
  endfacet
  facet normal -0 0 1
    outer loop
      vertex -70.9632 -47.815 2
      vertex -68.2 -50.8 2
      vertex -70.8696 -47.6889 2
    endloop
  endfacet
  facet normal -0 0 1
    outer loop
      vertex -71.0686 -47.9314 2
      vertex -68.2 -50.8 2
      vertex -70.9632 -47.815 2
    endloop
  endfacet
  facet normal -0 0 1
    outer loop
      vertex -71.185 -48.0368 2
      vertex -68.2 -50.8 2
      vertex -71.0686 -47.9314 2
    endloop
  endfacet
  facet normal -0 0 1
    outer loop
      vertex -71.3111 -48.1304 2
      vertex -68.2 -50.8 2
      vertex -71.185 -48.0368 2
    endloop
  endfacet
  facet normal -0 0 1
    outer loop
      vertex -71.4458 -48.2111 2
      vertex -68.2 -50.8 2
      vertex -71.3111 -48.1304 2
    endloop
  endfacet
  facet normal -0 0 1
    outer loop
      vertex -71.5877 -48.2782 2
      vertex -68.2 -50.8 2
      vertex -71.4458 -48.2111 2
    endloop
  endfacet
  facet normal -0 0 1
    outer loop
      vertex -71.7355 -48.3311 2
      vertex -68.2 -50.8 2
      vertex -71.5877 -48.2782 2
    endloop
  endfacet
  facet normal -0 0 1
    outer loop
      vertex -71.8879 -48.3693 2
      vertex -68.2 -50.8 2
      vertex -71.7355 -48.3311 2
    endloop
  endfacet
  facet normal -0 0 1
    outer loop
      vertex -72.0432 -48.3923 2
      vertex -68.2 -50.8 2
      vertex -71.8879 -48.3693 2
    endloop
  endfacet
  facet normal -0 0 1
    outer loop
      vertex -72.2 -48.4 2
      vertex -68.2 -50.8 2
      vertex -72.0432 -48.3923 2
    endloop
  endfacet
  facet normal 0 0 1
    outer loop
      vertex -76.2 -50.8 2
      vertex -72.2 -48.4 2
      vertex -72.3568 -48.3923 2
    endloop
  endfacet
  facet normal 0 0 1
    outer loop
      vertex -76.2 -50.8 2
      vertex -72.3568 -48.3923 2
      vertex -72.5121 -48.3693 2
    endloop
  endfacet
  facet normal 0 0 1
    outer loop
      vertex -76.2 -50.8 2
      vertex -72.5121 -48.3693 2
      vertex -72.6645 -48.3311 2
    endloop
  endfacet
  facet normal 0 0 1
    outer loop
      vertex -76.2 -50.8 2
      vertex -72.6645 -48.3311 2
      vertex -72.8123 -48.2782 2
    endloop
  endfacet
  facet normal 0 0 1
    outer loop
      vertex -76.2 -50.8 2
      vertex -72.8123 -48.2782 2
      vertex -72.9542 -48.2111 2
    endloop
  endfacet
  facet normal 0 0 1
    outer loop
      vertex -76.2 -50.8 2
      vertex -73.8 -46.8 2
      vertex -76.2 -42.8 2
    endloop
  endfacet
  facet normal 0 0 1
    outer loop
      vertex -73.8 -46.8 2
      vertex -76.2 -50.8 2
      vertex -73.7923 -46.9568 2
    endloop
  endfacet
  facet normal 0 0 1
    outer loop
      vertex -73.7923 -46.9568 2
      vertex -76.2 -50.8 2
      vertex -73.7693 -47.1121 2
    endloop
  endfacet
  facet normal 0 0 1
    outer loop
      vertex -73.7693 -47.1121 2
      vertex -76.2 -50.8 2
      vertex -73.7311 -47.2645 2
    endloop
  endfacet
  facet normal 0 0 1
    outer loop
      vertex -73.7311 -47.2645 2
      vertex -76.2 -50.8 2
      vertex -73.6782 -47.4123 2
    endloop
  endfacet
  facet normal 0 0 1
    outer loop
      vertex -72.2 -48.4 2
      vertex -76.2 -50.8 2
      vertex -68.2 -50.8 2
    endloop
  endfacet
  facet normal 0 0 1
    outer loop
      vertex -73.0889 -48.1304 2
      vertex -76.2 -50.8 2
      vertex -72.9542 -48.2111 2
    endloop
  endfacet
  facet normal 0 0 1
    outer loop
      vertex -73.215 -48.0368 2
      vertex -76.2 -50.8 2
      vertex -73.0889 -48.1304 2
    endloop
  endfacet
  facet normal 0 0 1
    outer loop
      vertex -73.3314 -47.9314 2
      vertex -76.2 -50.8 2
      vertex -73.215 -48.0368 2
    endloop
  endfacet
  facet normal 0 0 1
    outer loop
      vertex -73.4368 -47.815 2
      vertex -76.2 -50.8 2
      vertex -73.3314 -47.9314 2
    endloop
  endfacet
  facet normal 0 0 1
    outer loop
      vertex -73.5303 -47.6889 2
      vertex -76.2 -50.8 2
      vertex -73.4368 -47.815 2
    endloop
  endfacet
  facet normal 0 0 1
    outer loop
      vertex -73.6111 -47.5542 2
      vertex -76.2 -50.8 2
      vertex -73.5303 -47.6889 2
    endloop
  endfacet
  facet normal 0 0 1
    outer loop
      vertex -73.6782 -47.4123 2
      vertex -76.2 -50.8 2
      vertex -73.6111 -47.5542 2
    endloop
  endfacet
  facet normal -1 0 0
    outer loop
      vertex -76.2 -50.8 0.299999
      vertex -76.2 -42.8 2
      vertex -76.2 -42.8 0.299999
    endloop
  endfacet
  facet normal -1 -0 0
    outer loop
      vertex -76.2 -42.8 2
      vertex -76.2 -50.8 0.299999
      vertex -76.2 -50.8 2
    endloop
  endfacet
  facet normal 0 1 -0
    outer loop
      vertex -68.2 -42.8 0.4
      vertex -76.2 -42.8 2
      vertex -68.2 -42.8 2
    endloop
  endfacet
  facet normal 0 1 0
    outer loop
      vertex -76.2 -42.8 2
      vertex -68.2 -42.8 0.4
      vertex -76.2 -42.8 0.4
    endloop
  endfacet
  facet normal 0 -0 0
    outer loop
      vertex -76.2 -42.8 0.4
      vertex -76.2 -42.8 0.299999
      vertex -76.2 -42.8 2
    endloop
  endfacet
  facet normal 0 -1 0
    outer loop
      vertex -76.2 -50.8 0.299999
      vertex -68.2 -50.8 2
      vertex -76.2 -50.8 2
    endloop
  endfacet
  facet normal 0 -1 -0
    outer loop
      vertex -68.2 -50.8 2
      vertex -76.2 -50.8 0.299999
      vertex -68.2 -50.8 0.299999
    endloop
  endfacet
  facet normal 0.998796 -0.049048 0
    outer loop
      vertex -73.8 -46.8 2
      vertex -73.7923 -46.6432 0.99
      vertex -73.7923 -46.6432 2
    endloop
  endfacet
  facet normal 0.998796 -0.049048 0
    outer loop
      vertex -73.7923 -46.6432 0.99
      vertex -73.8 -46.8 2
      vertex -73.8 -46.8 0.99
    endloop
  endfacet
  facet normal -0.98921 -0.146502 0
    outer loop
      vertex -70.6077 -46.6432 0.99
      vertex -70.6307 -46.4879 2
      vertex -70.6307 -46.4879 0.99
    endloop
  endfacet
  facet normal -0.98921 -0.146502 0
    outer loop
      vertex -70.6307 -46.4879 2
      vertex -70.6077 -46.6432 0.99
      vertex -70.6077 -46.6432 2
    endloop
  endfacet
  facet normal -0.998796 -0.049048 0
    outer loop
      vertex -70.6 -46.8 0.99
      vertex -70.6077 -46.6432 2
      vertex -70.6077 -46.6432 0.99
    endloop
  endfacet
  facet normal -0.998796 -0.049048 0
    outer loop
      vertex -70.6077 -46.6432 2
      vertex -70.6 -46.8 0.99
      vertex -70.6 -46.8 2
    endloop
  endfacet
  facet normal -0.969993 -0.243135 0
    outer loop
      vertex -70.6307 -46.4879 0.99
      vertex -70.6689 -46.3355 2
      vertex -70.6689 -46.3355 0.99
    endloop
  endfacet
  facet normal -0.969993 -0.243135 0
    outer loop
      vertex -70.6689 -46.3355 2
      vertex -70.6307 -46.4879 0.99
      vertex -70.6307 -46.4879 2
    endloop
  endfacet
  facet normal -0.146502 -0.98921 0
    outer loop
      vertex -72.0432 -45.2077 0.99
      vertex -71.8879 -45.2307 2
      vertex -72.0432 -45.2077 2
    endloop
  endfacet
  facet normal -0.146502 -0.98921 -0
    outer loop
      vertex -71.8879 -45.2307 2
      vertex -72.0432 -45.2077 0.99
      vertex -71.8879 -45.2307 0.99
    endloop
  endfacet
  facet normal 0.969993 0.243135 0
    outer loop
      vertex -73.7311 -47.2645 2
      vertex -73.7693 -47.1121 0.99
      vertex -73.7693 -47.1121 2
    endloop
  endfacet
  facet normal 0.969993 0.243135 0
    outer loop
      vertex -73.7693 -47.1121 0.99
      vertex -73.7311 -47.2645 2
      vertex -73.7311 -47.2645 0.99
    endloop
  endfacet
  facet normal 0.336982 0.941511 -0
    outer loop
      vertex -72.6645 -48.3311 0.99
      vertex -72.8123 -48.2782 2
      vertex -72.6645 -48.3311 2
    endloop
  endfacet
  facet normal 0.336982 0.941511 0
    outer loop
      vertex -72.8123 -48.2782 2
      vertex -72.6645 -48.3311 0.99
      vertex -72.8123 -48.2782 0.99
    endloop
  endfacet
  facet normal -0.998796 0.049048 0
    outer loop
      vertex -70.6077 -46.9568 0.99
      vertex -70.6 -46.8 2
      vertex -70.6 -46.8 0.99
    endloop
  endfacet
  facet normal -0.998796 0.049048 0
    outer loop
      vertex -70.6 -46.8 2
      vertex -70.6077 -46.9568 0.99
      vertex -70.6077 -46.9568 2
    endloop
  endfacet
  facet normal 0.98921 -0.146502 0
    outer loop
      vertex -73.7923 -46.6432 2
      vertex -73.7693 -46.4879 0.99
      vertex -73.7693 -46.4879 2
    endloop
  endfacet
  facet normal 0.98921 -0.146502 0
    outer loop
      vertex -73.7693 -46.4879 0.99
      vertex -73.7923 -46.6432 2
      vertex -73.7923 -46.6432 0.99
    endloop
  endfacet
  facet normal -0.146502 0.98921 0
    outer loop
      vertex -71.8879 -48.3693 0.99
      vertex -72.0432 -48.3923 2
      vertex -71.8879 -48.3693 2
    endloop
  endfacet
  facet normal -0.146502 0.98921 0
    outer loop
      vertex -72.0432 -48.3923 2
      vertex -71.8879 -48.3693 0.99
      vertex -72.0432 -48.3923 0.99
    endloop
  endfacet
  facet normal -0.941511 -0.336982 0
    outer loop
      vertex -70.6689 -46.3355 0.99
      vertex -70.7218 -46.1877 2
      vertex -70.7218 -46.1877 0.99
    endloop
  endfacet
  facet normal -0.941511 -0.336982 0
    outer loop
      vertex -70.7218 -46.1877 2
      vertex -70.6689 -46.3355 0.99
      vertex -70.6689 -46.3355 2
    endloop
  endfacet
  facet normal 0.427484 -0.904023 0
    outer loop
      vertex -72.9542 -45.3889 0.99
      vertex -72.8123 -45.3218 2
      vertex -72.9542 -45.3889 2
    endloop
  endfacet
  facet normal 0.427484 -0.904023 0
    outer loop
      vertex -72.8123 -45.3218 2
      vertex -72.9542 -45.3889 0.99
      vertex -72.8123 -45.3218 0.99
    endloop
  endfacet
  facet normal -0.969993 0.243135 0
    outer loop
      vertex -70.6689 -47.2645 0.99
      vertex -70.6307 -47.1121 2
      vertex -70.6307 -47.1121 0.99
    endloop
  endfacet
  facet normal -0.969993 0.243135 0
    outer loop
      vertex -70.6307 -47.1121 2
      vertex -70.6689 -47.2645 0.99
      vertex -70.6689 -47.2645 2
    endloop
  endfacet
  facet normal 0.427484 0.904023 -0
    outer loop
      vertex -72.8123 -48.2782 0.99
      vertex -72.9542 -48.2111 2
      vertex -72.8123 -48.2782 2
    endloop
  endfacet
  facet normal 0.427484 0.904023 0
    outer loop
      vertex -72.9542 -48.2111 2
      vertex -72.8123 -48.2782 0.99
      vertex -72.9542 -48.2111 0.99
    endloop
  endfacet
  facet normal 0.243135 -0.969993 0
    outer loop
      vertex -72.6645 -45.2689 0.99
      vertex -72.5121 -45.2307 2
      vertex -72.6645 -45.2689 2
    endloop
  endfacet
  facet normal 0.243135 -0.969993 0
    outer loop
      vertex -72.5121 -45.2307 2
      vertex -72.6645 -45.2689 0.99
      vertex -72.5121 -45.2307 0.99
    endloop
  endfacet
  facet normal 0.904023 -0.427484 0
    outer loop
      vertex -73.6782 -46.1877 2
      vertex -73.6111 -46.0458 0.99
      vertex -73.6111 -46.0458 2
    endloop
  endfacet
  facet normal 0.904023 -0.427484 0
    outer loop
      vertex -73.6111 -46.0458 0.99
      vertex -73.6782 -46.1877 2
      vertex -73.6782 -46.1877 0.99
    endloop
  endfacet
  facet normal 0.904023 0.427484 0
    outer loop
      vertex -73.6111 -47.5542 2
      vertex -73.6782 -47.4123 0.99
      vertex -73.6782 -47.4123 2
    endloop
  endfacet
  facet normal 0.904023 0.427484 0
    outer loop
      vertex -73.6782 -47.4123 0.99
      vertex -73.6111 -47.5542 2
      vertex -73.6111 -47.5542 0.99
    endloop
  endfacet
  facet normal -0.336982 -0.941511 0
    outer loop
      vertex -71.7355 -45.2689 0.99
      vertex -71.5877 -45.3218 2
      vertex -71.7355 -45.2689 2
    endloop
  endfacet
  facet normal -0.336982 -0.941511 -0
    outer loop
      vertex -71.5877 -45.3218 2
      vertex -71.7355 -45.2689 0.99
      vertex -71.5877 -45.3218 0.99
    endloop
  endfacet
  facet normal -0.243135 -0.969993 0
    outer loop
      vertex -71.8879 -45.2307 0.99
      vertex -71.7355 -45.2689 2
      vertex -71.8879 -45.2307 2
    endloop
  endfacet
  facet normal -0.243135 -0.969993 -0
    outer loop
      vertex -71.7355 -45.2689 2
      vertex -71.8879 -45.2307 0.99
      vertex -71.7355 -45.2689 0.99
    endloop
  endfacet
  facet normal 0.336982 -0.941511 0
    outer loop
      vertex -72.8123 -45.3218 0.99
      vertex -72.6645 -45.2689 2
      vertex -72.8123 -45.3218 2
    endloop
  endfacet
  facet normal 0.336982 -0.941511 0
    outer loop
      vertex -72.6645 -45.2689 2
      vertex -72.8123 -45.3218 0.99
      vertex -72.6645 -45.2689 0.99
    endloop
  endfacet
  facet normal -0.80297 0.596019 0
    outer loop
      vertex -70.9632 -47.815 0.99
      vertex -70.8696 -47.6889 2
      vertex -70.8696 -47.6889 0.99
    endloop
  endfacet
  facet normal -0.80297 0.596019 0
    outer loop
      vertex -70.8696 -47.6889 2
      vertex -70.9632 -47.815 0.99
      vertex -70.9632 -47.815 2
    endloop
  endfacet
  facet normal 0.857549 -0.514402 0
    outer loop
      vertex -73.6111 -46.0458 2
      vertex -73.5303 -45.9111 0.99
      vertex -73.5303 -45.9111 2
    endloop
  endfacet
  facet normal 0.857549 -0.514402 0
    outer loop
      vertex -73.5303 -45.9111 0.99
      vertex -73.6111 -46.0458 2
      vertex -73.6111 -46.0458 0.99
    endloop
  endfacet
  facet normal -0.671213 -0.741264 0
    outer loop
      vertex -71.185 -45.5632 0.99
      vertex -71.0686 -45.6686 2
      vertex -71.185 -45.5632 2
    endloop
  endfacet
  facet normal -0.671213 -0.741264 -0
    outer loop
      vertex -71.0686 -45.6686 2
      vertex -71.185 -45.5632 0.99
      vertex -71.0686 -45.6686 0.99
    endloop
  endfacet
  facet normal -0.049048 0.998796 0
    outer loop
      vertex -72.0432 -48.3923 0.99
      vertex -72.2 -48.4 2
      vertex -72.0432 -48.3923 2
    endloop
  endfacet
  facet normal -0.049048 0.998796 0
    outer loop
      vertex -72.2 -48.4 2
      vertex -72.0432 -48.3923 0.99
      vertex -72.2 -48.4 0.99
    endloop
  endfacet
  facet normal -0.427484 -0.904023 0
    outer loop
      vertex -71.5877 -45.3218 0.99
      vertex -71.4458 -45.3889 2
      vertex -71.5877 -45.3218 2
    endloop
  endfacet
  facet normal -0.427484 -0.904023 -0
    outer loop
      vertex -71.4458 -45.3889 2
      vertex -71.5877 -45.3218 0.99
      vertex -71.4458 -45.3889 0.99
    endloop
  endfacet
  facet normal 0.741264 0.671213 0
    outer loop
      vertex -73.3314 -47.9314 2
      vertex -73.4368 -47.815 0.99
      vertex -73.4368 -47.815 2
    endloop
  endfacet
  facet normal 0.741264 0.671213 0
    outer loop
      vertex -73.4368 -47.815 0.99
      vertex -73.3314 -47.9314 2
      vertex -73.3314 -47.9314 0.99
    endloop
  endfacet
  facet normal -0.904023 -0.427484 0
    outer loop
      vertex -70.7218 -46.1877 0.99
      vertex -70.7889 -46.0458 2
      vertex -70.7889 -46.0458 0.99
    endloop
  endfacet
  facet normal -0.904023 -0.427484 0
    outer loop
      vertex -70.7889 -46.0458 2
      vertex -70.7218 -46.1877 0.99
      vertex -70.7218 -46.1877 2
    endloop
  endfacet
  facet normal -0.85783 0.513934 0
    outer loop
      vertex -70.8696 -47.6889 0.99
      vertex -70.7889 -47.5542 2
      vertex -70.7889 -47.5542 0.99
    endloop
  endfacet
  facet normal -0.85783 0.513934 0
    outer loop
      vertex -70.7889 -47.5542 2
      vertex -70.8696 -47.6889 0.99
      vertex -70.8696 -47.6889 2
    endloop
  endfacet
  facet normal 0.671213 0.741264 -0
    outer loop
      vertex -73.215 -48.0368 0.99
      vertex -73.3314 -47.9314 2
      vertex -73.215 -48.0368 2
    endloop
  endfacet
  facet normal 0.671213 0.741264 0
    outer loop
      vertex -73.3314 -47.9314 2
      vertex -73.215 -48.0368 0.99
      vertex -73.3314 -47.9314 0.99
    endloop
  endfacet
  facet normal 0.941511 0.336982 0
    outer loop
      vertex -73.6782 -47.4123 2
      vertex -73.7311 -47.2645 0.99
      vertex -73.7311 -47.2645 2
    endloop
  endfacet
  facet normal 0.941511 0.336982 0
    outer loop
      vertex -73.7311 -47.2645 0.99
      vertex -73.6782 -47.4123 2
      vertex -73.6782 -47.4123 0.99
    endloop
  endfacet
  facet normal -0.514402 -0.857549 0
    outer loop
      vertex -71.4458 -45.3889 0.99
      vertex -71.3111 -45.4697 2
      vertex -71.4458 -45.3889 2
    endloop
  endfacet
  facet normal -0.514402 -0.857549 -0
    outer loop
      vertex -71.3111 -45.4697 2
      vertex -71.4458 -45.3889 0.99
      vertex -71.3111 -45.4697 0.99
    endloop
  endfacet
  facet normal 0.049048 0.998796 -0
    outer loop
      vertex -72.2 -48.4 0.99
      vertex -72.3568 -48.3923 2
      vertex -72.2 -48.4 2
    endloop
  endfacet
  facet normal 0.049048 0.998796 0
    outer loop
      vertex -72.3568 -48.3923 2
      vertex -72.2 -48.4 0.99
      vertex -72.3568 -48.3923 0.99
    endloop
  endfacet
  facet normal -0.596019 0.80297 0
    outer loop
      vertex -71.185 -48.0368 0.99
      vertex -71.3111 -48.1304 2
      vertex -71.185 -48.0368 2
    endloop
  endfacet
  facet normal -0.596019 0.80297 0
    outer loop
      vertex -71.3111 -48.1304 2
      vertex -71.185 -48.0368 0.99
      vertex -71.3111 -48.1304 0.99
    endloop
  endfacet
  facet normal 0.969993 -0.243135 0
    outer loop
      vertex -73.7693 -46.4879 2
      vertex -73.7311 -46.3355 0.99
      vertex -73.7311 -46.3355 2
    endloop
  endfacet
  facet normal 0.969993 -0.243135 0
    outer loop
      vertex -73.7311 -46.3355 0.99
      vertex -73.7693 -46.4879 2
      vertex -73.7693 -46.4879 0.99
    endloop
  endfacet
  facet normal -0.336982 0.941511 0
    outer loop
      vertex -71.5877 -48.2782 0.99
      vertex -71.7355 -48.3311 2
      vertex -71.5877 -48.2782 2
    endloop
  endfacet
  facet normal -0.336982 0.941511 0
    outer loop
      vertex -71.7355 -48.3311 2
      vertex -71.5877 -48.2782 0.99
      vertex -71.7355 -48.3311 0.99
    endloop
  endfacet
  facet normal -0.80297 -0.596019 0
    outer loop
      vertex -70.8696 -45.9111 0.99
      vertex -70.9632 -45.785 2
      vertex -70.9632 -45.785 0.99
    endloop
  endfacet
  facet normal -0.80297 -0.596019 0
    outer loop
      vertex -70.9632 -45.785 2
      vertex -70.8696 -45.9111 0.99
      vertex -70.8696 -45.9111 2
    endloop
  endfacet
  facet normal 0.513934 0.85783 -0
    outer loop
      vertex -72.9542 -48.2111 0.99
      vertex -73.0889 -48.1304 2
      vertex -72.9542 -48.2111 2
    endloop
  endfacet
  facet normal 0.513934 0.85783 0
    outer loop
      vertex -73.0889 -48.1304 2
      vertex -72.9542 -48.2111 0.99
      vertex -73.0889 -48.1304 0.99
    endloop
  endfacet
  facet normal -0.595608 -0.803275 0
    outer loop
      vertex -71.3111 -45.4697 0.99
      vertex -71.185 -45.5632 2
      vertex -71.3111 -45.4697 2
    endloop
  endfacet
  facet normal -0.595608 -0.803275 -0
    outer loop
      vertex -71.185 -45.5632 2
      vertex -71.3111 -45.4697 0.99
      vertex -71.185 -45.5632 0.99
    endloop
  endfacet
  facet normal -0.904023 0.427484 0
    outer loop
      vertex -70.7889 -47.5542 0.99
      vertex -70.7218 -47.4123 2
      vertex -70.7218 -47.4123 0.99
    endloop
  endfacet
  facet normal -0.904023 0.427484 0
    outer loop
      vertex -70.7218 -47.4123 2
      vertex -70.7889 -47.5542 0.99
      vertex -70.7889 -47.5542 2
    endloop
  endfacet
  facet normal -0.741264 0.671213 0
    outer loop
      vertex -71.0686 -47.9314 0.99
      vertex -70.9632 -47.815 2
      vertex -70.9632 -47.815 0.99
    endloop
  endfacet
  facet normal -0.741264 0.671213 0
    outer loop
      vertex -70.9632 -47.815 2
      vertex -71.0686 -47.9314 0.99
      vertex -71.0686 -47.9314 2
    endloop
  endfacet
  facet normal -0.049048 -0.998796 0
    outer loop
      vertex -72.2 -45.2 0.99
      vertex -72.0432 -45.2077 2
      vertex -72.2 -45.2 2
    endloop
  endfacet
  facet normal -0.049048 -0.998796 -0
    outer loop
      vertex -72.0432 -45.2077 2
      vertex -72.2 -45.2 0.99
      vertex -72.0432 -45.2077 0.99
    endloop
  endfacet
  facet normal -0.427484 0.904023 0
    outer loop
      vertex -71.4458 -48.2111 0.99
      vertex -71.5877 -48.2782 2
      vertex -71.4458 -48.2111 2
    endloop
  endfacet
  facet normal -0.427484 0.904023 0
    outer loop
      vertex -71.5877 -48.2782 2
      vertex -71.4458 -48.2111 0.99
      vertex -71.5877 -48.2782 0.99
    endloop
  endfacet
  facet normal 0.146502 -0.98921 0
    outer loop
      vertex -72.5121 -45.2307 0.99
      vertex -72.3568 -45.2077 2
      vertex -72.5121 -45.2307 2
    endloop
  endfacet
  facet normal 0.146502 -0.98921 0
    outer loop
      vertex -72.3568 -45.2077 2
      vertex -72.5121 -45.2307 0.99
      vertex -72.3568 -45.2077 0.99
    endloop
  endfacet
  facet normal -0.98921 0.146502 0
    outer loop
      vertex -70.6307 -47.1121 0.99
      vertex -70.6077 -46.9568 2
      vertex -70.6077 -46.9568 0.99
    endloop
  endfacet
  facet normal -0.98921 0.146502 0
    outer loop
      vertex -70.6077 -46.9568 2
      vertex -70.6307 -47.1121 0.99
      vertex -70.6307 -47.1121 2
    endloop
  endfacet
  facet normal -0.243135 0.969993 0
    outer loop
      vertex -71.7355 -48.3311 0.99
      vertex -71.8879 -48.3693 2
      vertex -71.7355 -48.3311 2
    endloop
  endfacet
  facet normal -0.243135 0.969993 0
    outer loop
      vertex -71.8879 -48.3693 2
      vertex -71.7355 -48.3311 0.99
      vertex -71.8879 -48.3693 0.99
    endloop
  endfacet
  facet normal 0.671213 -0.741264 0
    outer loop
      vertex -73.3314 -45.6686 0.99
      vertex -73.215 -45.5632 2
      vertex -73.3314 -45.6686 2
    endloop
  endfacet
  facet normal 0.671213 -0.741264 0
    outer loop
      vertex -73.215 -45.5632 2
      vertex -73.3314 -45.6686 0.99
      vertex -73.215 -45.5632 0.99
    endloop
  endfacet
  facet normal -0.85783 -0.513934 0
    outer loop
      vertex -70.7889 -46.0458 0.99
      vertex -70.8696 -45.9111 2
      vertex -70.8696 -45.9111 0.99
    endloop
  endfacet
  facet normal -0.85783 -0.513934 0
    outer loop
      vertex -70.8696 -45.9111 2
      vertex -70.7889 -46.0458 0.99
      vertex -70.7889 -46.0458 2
    endloop
  endfacet
  facet normal -0.741264 -0.671213 0
    outer loop
      vertex -70.9632 -45.785 0.99
      vertex -71.0686 -45.6686 2
      vertex -71.0686 -45.6686 0.99
    endloop
  endfacet
  facet normal -0.741264 -0.671213 0
    outer loop
      vertex -71.0686 -45.6686 2
      vertex -70.9632 -45.785 0.99
      vertex -70.9632 -45.785 2
    endloop
  endfacet
  facet normal 0.803275 0.595608 0
    outer loop
      vertex -73.4368 -47.815 2
      vertex -73.5303 -47.6889 0.99
      vertex -73.5303 -47.6889 2
    endloop
  endfacet
  facet normal 0.803275 0.595608 0
    outer loop
      vertex -73.5303 -47.6889 0.99
      vertex -73.4368 -47.815 2
      vertex -73.4368 -47.815 0.99
    endloop
  endfacet
  facet normal 0.741264 -0.671213 0
    outer loop
      vertex -73.4368 -45.785 2
      vertex -73.3314 -45.6686 0.99
      vertex -73.3314 -45.6686 2
    endloop
  endfacet
  facet normal 0.741264 -0.671213 0
    outer loop
      vertex -73.3314 -45.6686 0.99
      vertex -73.4368 -45.785 2
      vertex -73.4368 -45.785 0.99
    endloop
  endfacet
  facet normal 0.596019 0.80297 -0
    outer loop
      vertex -73.0889 -48.1304 0.99
      vertex -73.215 -48.0368 2
      vertex -73.0889 -48.1304 2
    endloop
  endfacet
  facet normal 0.596019 0.80297 0
    outer loop
      vertex -73.215 -48.0368 2
      vertex -73.0889 -48.1304 0.99
      vertex -73.215 -48.0368 0.99
    endloop
  endfacet
  facet normal -0.513934 0.85783 0
    outer loop
      vertex -71.3111 -48.1304 0.99
      vertex -71.4458 -48.2111 2
      vertex -71.3111 -48.1304 2
    endloop
  endfacet
  facet normal -0.513934 0.85783 0
    outer loop
      vertex -71.4458 -48.2111 2
      vertex -71.3111 -48.1304 0.99
      vertex -71.4458 -48.2111 0.99
    endloop
  endfacet
  facet normal -0.671213 0.741264 0
    outer loop
      vertex -71.0686 -47.9314 0.99
      vertex -71.185 -48.0368 2
      vertex -71.0686 -47.9314 2
    endloop
  endfacet
  facet normal -0.671213 0.741264 0
    outer loop
      vertex -71.185 -48.0368 2
      vertex -71.0686 -47.9314 0.99
      vertex -71.185 -48.0368 0.99
    endloop
  endfacet
  facet normal 0.049048 -0.998796 0
    outer loop
      vertex -72.3568 -45.2077 0.99
      vertex -72.2 -45.2 2
      vertex -72.3568 -45.2077 2
    endloop
  endfacet
  facet normal 0.049048 -0.998796 0
    outer loop
      vertex -72.2 -45.2 2
      vertex -72.3568 -45.2077 0.99
      vertex -72.2 -45.2 0.99
    endloop
  endfacet
  facet normal 0.243135 0.969993 -0
    outer loop
      vertex -72.5121 -48.3693 0.99
      vertex -72.6645 -48.3311 2
      vertex -72.5121 -48.3693 2
    endloop
  endfacet
  facet normal 0.243135 0.969993 0
    outer loop
      vertex -72.6645 -48.3311 2
      vertex -72.5121 -48.3693 0.99
      vertex -72.6645 -48.3311 0.99
    endloop
  endfacet
  facet normal 0.98921 0.146502 0
    outer loop
      vertex -73.7693 -47.1121 2
      vertex -73.7923 -46.9568 0.99
      vertex -73.7923 -46.9568 2
    endloop
  endfacet
  facet normal 0.98921 0.146502 0
    outer loop
      vertex -73.7923 -46.9568 0.99
      vertex -73.7693 -47.1121 2
      vertex -73.7693 -47.1121 0.99
    endloop
  endfacet
  facet normal 0.514402 -0.857549 0
    outer loop
      vertex -73.0889 -45.4697 0.99
      vertex -72.9542 -45.3889 2
      vertex -73.0889 -45.4697 2
    endloop
  endfacet
  facet normal 0.514402 -0.857549 0
    outer loop
      vertex -72.9542 -45.3889 2
      vertex -73.0889 -45.4697 0.99
      vertex -72.9542 -45.3889 0.99
    endloop
  endfacet
  facet normal 0.595608 -0.803275 0
    outer loop
      vertex -73.215 -45.5632 0.99
      vertex -73.0889 -45.4697 2
      vertex -73.215 -45.5632 2
    endloop
  endfacet
  facet normal 0.595608 -0.803275 0
    outer loop
      vertex -73.0889 -45.4697 2
      vertex -73.215 -45.5632 0.99
      vertex -73.0889 -45.4697 0.99
    endloop
  endfacet
  facet normal 0.941511 -0.336982 0
    outer loop
      vertex -73.7311 -46.3355 2
      vertex -73.6782 -46.1877 0.99
      vertex -73.6782 -46.1877 2
    endloop
  endfacet
  facet normal 0.941511 -0.336982 0
    outer loop
      vertex -73.6782 -46.1877 0.99
      vertex -73.7311 -46.3355 2
      vertex -73.7311 -46.3355 0.99
    endloop
  endfacet
  facet normal -0.941511 0.336982 0
    outer loop
      vertex -70.7218 -47.4123 0.99
      vertex -70.6689 -47.2645 2
      vertex -70.6689 -47.2645 0.99
    endloop
  endfacet
  facet normal -0.941511 0.336982 0
    outer loop
      vertex -70.6689 -47.2645 2
      vertex -70.7218 -47.4123 0.99
      vertex -70.7218 -47.4123 2
    endloop
  endfacet
  facet normal 0.857549 0.514402 0
    outer loop
      vertex -73.5303 -47.6889 2
      vertex -73.6111 -47.5542 0.99
      vertex -73.6111 -47.5542 2
    endloop
  endfacet
  facet normal 0.857549 0.514402 0
    outer loop
      vertex -73.6111 -47.5542 0.99
      vertex -73.5303 -47.6889 2
      vertex -73.5303 -47.6889 0.99
    endloop
  endfacet
  facet normal 0.998796 0.049048 0
    outer loop
      vertex -73.7923 -46.9568 2
      vertex -73.8 -46.8 0.99
      vertex -73.8 -46.8 2
    endloop
  endfacet
  facet normal 0.998796 0.049048 0
    outer loop
      vertex -73.8 -46.8 0.99
      vertex -73.7923 -46.9568 2
      vertex -73.7923 -46.9568 0.99
    endloop
  endfacet
  facet normal 0.146502 0.98921 -0
    outer loop
      vertex -72.3568 -48.3923 0.99
      vertex -72.5121 -48.3693 2
      vertex -72.3568 -48.3923 2
    endloop
  endfacet
  facet normal 0.146502 0.98921 0
    outer loop
      vertex -72.5121 -48.3693 2
      vertex -72.3568 -48.3923 0.99
      vertex -72.5121 -48.3693 0.99
    endloop
  endfacet
  facet normal 0.803275 -0.595608 0
    outer loop
      vertex -73.5303 -45.9111 2
      vertex -73.4368 -45.785 0.99
      vertex -73.4368 -45.785 2
    endloop
  endfacet
  facet normal 0.803275 -0.595608 0
    outer loop
      vertex -73.4368 -45.785 0.99
      vertex -73.5303 -45.9111 2
      vertex -73.5303 -45.9111 0.99
    endloop
  endfacet
  facet normal 0 0 1
    outer loop
      vertex -70.6077 -46.6432 0.99
      vertex -70.6077 -46.9568 0.99
      vertex -70.6 -46.8 0.99
    endloop
  endfacet
  facet normal 0 0 1
    outer loop
      vertex -70.6307 -46.4879 0.99
      vertex -70.6077 -46.9568 0.99
      vertex -70.6077 -46.6432 0.99
    endloop
  endfacet
  facet normal 0 0 1
    outer loop
      vertex -70.6307 -46.4879 0.99
      vertex -70.6307 -47.1121 0.99
      vertex -70.6077 -46.9568 0.99
    endloop
  endfacet
  facet normal 0 0 1
    outer loop
      vertex -70.6689 -46.3355 0.99
      vertex -70.6307 -47.1121 0.99
      vertex -70.6307 -46.4879 0.99
    endloop
  endfacet
  facet normal 0 0 1
    outer loop
      vertex -70.6689 -46.3355 0.99
      vertex -70.6689 -47.2645 0.99
      vertex -70.6307 -47.1121 0.99
    endloop
  endfacet
  facet normal 0 0 1
    outer loop
      vertex -70.7218 -46.1877 0.99
      vertex -70.6689 -47.2645 0.99
      vertex -70.6689 -46.3355 0.99
    endloop
  endfacet
  facet normal 0 0 1
    outer loop
      vertex -70.7218 -46.1877 0.99
      vertex -70.7218 -47.4123 0.99
      vertex -70.6689 -47.2645 0.99
    endloop
  endfacet
  facet normal 0 0 1
    outer loop
      vertex -70.7889 -46.0458 0.99
      vertex -70.7218 -47.4123 0.99
      vertex -70.7218 -46.1877 0.99
    endloop
  endfacet
  facet normal 0 0 1
    outer loop
      vertex -70.7889 -46.0458 0.99
      vertex -70.7889 -47.5542 0.99
      vertex -70.7218 -47.4123 0.99
    endloop
  endfacet
  facet normal 0 0 1
    outer loop
      vertex -70.8696 -45.9111 0.99
      vertex -70.7889 -47.5542 0.99
      vertex -70.7889 -46.0458 0.99
    endloop
  endfacet
  facet normal 0 0 1
    outer loop
      vertex -70.8696 -45.9111 0.99
      vertex -70.8696 -47.6889 0.99
      vertex -70.7889 -47.5542 0.99
    endloop
  endfacet
  facet normal 0 0 1
    outer loop
      vertex -70.9632 -45.785 0.99
      vertex -70.8696 -47.6889 0.99
      vertex -70.8696 -45.9111 0.99
    endloop
  endfacet
  facet normal 0 0 1
    outer loop
      vertex -70.9632 -45.785 0.99
      vertex -70.9632 -47.815 0.99
      vertex -70.8696 -47.6889 0.99
    endloop
  endfacet
  facet normal 0 0 1
    outer loop
      vertex -71.0686 -45.6686 0.99
      vertex -70.9632 -47.815 0.99
      vertex -70.9632 -45.785 0.99
    endloop
  endfacet
  facet normal 0 0 1
    outer loop
      vertex -71.0686 -45.6686 0.99
      vertex -71.0686 -47.9314 0.99
      vertex -70.9632 -47.815 0.99
    endloop
  endfacet
  facet normal 0 0 1
    outer loop
      vertex -71.185 -45.5632 0.99
      vertex -71.0686 -47.9314 0.99
      vertex -71.0686 -45.6686 0.99
    endloop
  endfacet
  facet normal 0 0 1
    outer loop
      vertex -71.185 -45.5632 0.99
      vertex -71.185 -48.0368 0.99
      vertex -71.0686 -47.9314 0.99
    endloop
  endfacet
  facet normal 0 0 1
    outer loop
      vertex -71.3111 -45.4697 0.99
      vertex -71.185 -48.0368 0.99
      vertex -71.185 -45.5632 0.99
    endloop
  endfacet
  facet normal 0 0 1
    outer loop
      vertex -71.3111 -45.4697 0.99
      vertex -71.3111 -48.1304 0.99
      vertex -71.185 -48.0368 0.99
    endloop
  endfacet
  facet normal 0 0 1
    outer loop
      vertex -71.4458 -45.3889 0.99
      vertex -71.3111 -48.1304 0.99
      vertex -71.3111 -45.4697 0.99
    endloop
  endfacet
  facet normal 0 0 1
    outer loop
      vertex -71.4458 -45.3889 0.99
      vertex -71.4458 -48.2111 0.99
      vertex -71.3111 -48.1304 0.99
    endloop
  endfacet
  facet normal 0 0 1
    outer loop
      vertex -71.5877 -45.3218 0.99
      vertex -71.4458 -48.2111 0.99
      vertex -71.4458 -45.3889 0.99
    endloop
  endfacet
  facet normal 0 0 1
    outer loop
      vertex -71.5877 -45.3218 0.99
      vertex -71.5877 -48.2782 0.99
      vertex -71.4458 -48.2111 0.99
    endloop
  endfacet
  facet normal 0 0 1
    outer loop
      vertex -71.7355 -45.2689 0.99
      vertex -71.5877 -48.2782 0.99
      vertex -71.5877 -45.3218 0.99
    endloop
  endfacet
  facet normal 0 0 1
    outer loop
      vertex -71.7355 -45.2689 0.99
      vertex -71.7355 -48.3311 0.99
      vertex -71.5877 -48.2782 0.99
    endloop
  endfacet
  facet normal 0 0 1
    outer loop
      vertex -71.8879 -45.2307 0.99
      vertex -71.7355 -48.3311 0.99
      vertex -71.7355 -45.2689 0.99
    endloop
  endfacet
  facet normal 0 0 1
    outer loop
      vertex -71.8879 -45.2307 0.99
      vertex -71.8879 -48.3693 0.99
      vertex -71.7355 -48.3311 0.99
    endloop
  endfacet
  facet normal 0 0 1
    outer loop
      vertex -72.0432 -45.2077 0.99
      vertex -71.8879 -48.3693 0.99
      vertex -71.8879 -45.2307 0.99
    endloop
  endfacet
  facet normal 0 0 1
    outer loop
      vertex -72.0432 -45.2077 0.99
      vertex -72.0432 -48.3923 0.99
      vertex -71.8879 -48.3693 0.99
    endloop
  endfacet
  facet normal 0 0 1
    outer loop
      vertex -72.2 -45.2 0.99
      vertex -72.0432 -48.3923 0.99
      vertex -72.0432 -45.2077 0.99
    endloop
  endfacet
  facet normal 0 0 1
    outer loop
      vertex -72.2 -45.2 0.99
      vertex -72.2 -48.4 0.99
      vertex -72.0432 -48.3923 0.99
    endloop
  endfacet
  facet normal -0 0 1
    outer loop
      vertex -72.3568 -45.2077 0.99
      vertex -72.2 -48.4 0.99
      vertex -72.2 -45.2 0.99
    endloop
  endfacet
  facet normal 0 0 1
    outer loop
      vertex -72.3568 -45.2077 0.99
      vertex -72.3568 -48.3923 0.99
      vertex -72.2 -48.4 0.99
    endloop
  endfacet
  facet normal -0 0 1
    outer loop
      vertex -72.5121 -45.2307 0.99
      vertex -72.3568 -48.3923 0.99
      vertex -72.3568 -45.2077 0.99
    endloop
  endfacet
  facet normal 0 0 1
    outer loop
      vertex -72.5121 -45.2307 0.99
      vertex -72.5121 -48.3693 0.99
      vertex -72.3568 -48.3923 0.99
    endloop
  endfacet
  facet normal -0 0 1
    outer loop
      vertex -72.6645 -45.2689 0.99
      vertex -72.5121 -48.3693 0.99
      vertex -72.5121 -45.2307 0.99
    endloop
  endfacet
  facet normal 0 0 1
    outer loop
      vertex -72.6645 -45.2689 0.99
      vertex -72.6645 -48.3311 0.99
      vertex -72.5121 -48.3693 0.99
    endloop
  endfacet
  facet normal -0 0 1
    outer loop
      vertex -72.8123 -45.3218 0.99
      vertex -72.6645 -48.3311 0.99
      vertex -72.6645 -45.2689 0.99
    endloop
  endfacet
  facet normal 0 0 1
    outer loop
      vertex -72.8123 -45.3218 0.99
      vertex -72.8123 -48.2782 0.99
      vertex -72.6645 -48.3311 0.99
    endloop
  endfacet
  facet normal -0 0 1
    outer loop
      vertex -72.9542 -45.3889 0.99
      vertex -72.8123 -48.2782 0.99
      vertex -72.8123 -45.3218 0.99
    endloop
  endfacet
  facet normal 0 0 1
    outer loop
      vertex -72.9542 -45.3889 0.99
      vertex -72.9542 -48.2111 0.99
      vertex -72.8123 -48.2782 0.99
    endloop
  endfacet
  facet normal -0 0 1
    outer loop
      vertex -73.0889 -45.4697 0.99
      vertex -72.9542 -48.2111 0.99
      vertex -72.9542 -45.3889 0.99
    endloop
  endfacet
  facet normal 0 0 1
    outer loop
      vertex -73.0889 -45.4697 0.99
      vertex -73.0889 -48.1304 0.99
      vertex -72.9542 -48.2111 0.99
    endloop
  endfacet
  facet normal -0 0 1
    outer loop
      vertex -73.215 -45.5632 0.99
      vertex -73.0889 -48.1304 0.99
      vertex -73.0889 -45.4697 0.99
    endloop
  endfacet
  facet normal 0 0 1
    outer loop
      vertex -73.215 -45.5632 0.99
      vertex -73.215 -48.0368 0.99
      vertex -73.0889 -48.1304 0.99
    endloop
  endfacet
  facet normal -0 0 1
    outer loop
      vertex -73.3314 -45.6686 0.99
      vertex -73.215 -48.0368 0.99
      vertex -73.215 -45.5632 0.99
    endloop
  endfacet
  facet normal 0 0 1
    outer loop
      vertex -73.3314 -45.6686 0.99
      vertex -73.3314 -47.9314 0.99
      vertex -73.215 -48.0368 0.99
    endloop
  endfacet
  facet normal -0 0 1
    outer loop
      vertex -73.4368 -45.785 0.99
      vertex -73.3314 -47.9314 0.99
      vertex -73.3314 -45.6686 0.99
    endloop
  endfacet
  facet normal 0 0 1
    outer loop
      vertex -73.4368 -45.785 0.99
      vertex -73.4368 -47.815 0.99
      vertex -73.3314 -47.9314 0.99
    endloop
  endfacet
  facet normal -0 0 1
    outer loop
      vertex -73.5303 -45.9111 0.99
      vertex -73.4368 -47.815 0.99
      vertex -73.4368 -45.785 0.99
    endloop
  endfacet
  facet normal 0 0 1
    outer loop
      vertex -73.5303 -45.9111 0.99
      vertex -73.5303 -47.6889 0.99
      vertex -73.4368 -47.815 0.99
    endloop
  endfacet
  facet normal -0 0 1
    outer loop
      vertex -73.6111 -46.0458 0.99
      vertex -73.5303 -47.6889 0.99
      vertex -73.5303 -45.9111 0.99
    endloop
  endfacet
  facet normal 0 0 1
    outer loop
      vertex -73.6111 -46.0458 0.99
      vertex -73.6111 -47.5542 0.99
      vertex -73.5303 -47.6889 0.99
    endloop
  endfacet
  facet normal -0 0 1
    outer loop
      vertex -73.6782 -46.1877 0.99
      vertex -73.6111 -47.5542 0.99
      vertex -73.6111 -46.0458 0.99
    endloop
  endfacet
  facet normal 0 0 1
    outer loop
      vertex -73.6782 -46.1877 0.99
      vertex -73.6782 -47.4123 0.99
      vertex -73.6111 -47.5542 0.99
    endloop
  endfacet
  facet normal -0 0 1
    outer loop
      vertex -73.7311 -46.3355 0.99
      vertex -73.6782 -47.4123 0.99
      vertex -73.6782 -46.1877 0.99
    endloop
  endfacet
  facet normal 0 0 1
    outer loop
      vertex -73.7311 -46.3355 0.99
      vertex -73.7311 -47.2645 0.99
      vertex -73.6782 -47.4123 0.99
    endloop
  endfacet
  facet normal -0 0 1
    outer loop
      vertex -73.7693 -46.4879 0.99
      vertex -73.7311 -47.2645 0.99
      vertex -73.7311 -46.3355 0.99
    endloop
  endfacet
  facet normal 0 0 1
    outer loop
      vertex -73.7693 -46.4879 0.99
      vertex -73.7693 -47.1121 0.99
      vertex -73.7311 -47.2645 0.99
    endloop
  endfacet
  facet normal -0 0 1
    outer loop
      vertex -73.7923 -46.6432 0.99
      vertex -73.7693 -47.1121 0.99
      vertex -73.7693 -46.4879 0.99
    endloop
  endfacet
  facet normal 0 0 1
    outer loop
      vertex -73.7923 -46.6432 0.99
      vertex -73.7923 -46.9568 0.99
      vertex -73.7693 -47.1121 0.99
    endloop
  endfacet
  facet normal 0 -0 1
    outer loop
      vertex -73.7923 -46.9568 0.99
      vertex -73.7923 -46.6432 0.99
      vertex -73.8 -46.8 0.99
    endloop
  endfacet
  facet normal 0 0 0
    outer loop
      vertex -68.2 50.8 2
      vertex -68.2 50.8 0.4
      vertex -68.2 50.8 0.299999
    endloop
  endfacet
  facet normal 1 -0 0
    outer loop
      vertex -68.2 42.8 2
      vertex -68.2 50.8 0.4
      vertex -68.2 50.8 2
    endloop
  endfacet
  facet normal 1 0 0
    outer loop
      vertex -68.2 50.8 0.4
      vertex -68.2 42.8 2
      vertex -68.2 42.8 0.4
    endloop
  endfacet
  facet normal 0 0 1
    outer loop
      vertex -68.2 50.8 2
      vertex -70.6 46.8 2
      vertex -68.2 42.8 2
    endloop
  endfacet
  facet normal 0 0 1
    outer loop
      vertex -68.2 50.8 2
      vertex -70.6077 46.9568 2
      vertex -70.6 46.8 2
    endloop
  endfacet
  facet normal 0 0 1
    outer loop
      vertex -68.2 50.8 2
      vertex -70.6307 47.1121 2
      vertex -70.6077 46.9568 2
    endloop
  endfacet
  facet normal 0 0 1
    outer loop
      vertex -68.2 50.8 2
      vertex -70.6689 47.2645 2
      vertex -70.6307 47.1121 2
    endloop
  endfacet
  facet normal 0 0 1
    outer loop
      vertex -68.2 50.8 2
      vertex -70.7218 47.4123 2
      vertex -70.6689 47.2645 2
    endloop
  endfacet
  facet normal 0 0 1
    outer loop
      vertex -68.2 50.8 2
      vertex -70.7889 47.5542 2
      vertex -70.7218 47.4123 2
    endloop
  endfacet
  facet normal 0 0 1
    outer loop
      vertex -68.2 50.8 2
      vertex -70.8696 47.6889 2
      vertex -70.7889 47.5542 2
    endloop
  endfacet
  facet normal 0 0 1
    outer loop
      vertex -68.2 50.8 2
      vertex -70.9632 47.815 2
      vertex -70.8696 47.6889 2
    endloop
  endfacet
  facet normal 0 0 1
    outer loop
      vertex -68.2 50.8 2
      vertex -71.0686 47.9314 2
      vertex -70.9632 47.815 2
    endloop
  endfacet
  facet normal 0 0 1
    outer loop
      vertex -68.2 50.8 2
      vertex -71.185 48.0368 2
      vertex -71.0686 47.9314 2
    endloop
  endfacet
  facet normal 0 0 1
    outer loop
      vertex -68.2 50.8 2
      vertex -71.3111 48.1304 2
      vertex -71.185 48.0368 2
    endloop
  endfacet
  facet normal 0 0 1
    outer loop
      vertex -68.2 50.8 2
      vertex -71.4458 48.2111 2
      vertex -71.3111 48.1304 2
    endloop
  endfacet
  facet normal 0 0 1
    outer loop
      vertex -68.2 50.8 2
      vertex -71.5877 48.2782 2
      vertex -71.4458 48.2111 2
    endloop
  endfacet
  facet normal 0 0 1
    outer loop
      vertex -68.2 50.8 2
      vertex -71.7355 48.3311 2
      vertex -71.5877 48.2782 2
    endloop
  endfacet
  facet normal 0 0 1
    outer loop
      vertex -68.2 50.8 2
      vertex -71.8879 48.3693 2
      vertex -71.7355 48.3311 2
    endloop
  endfacet
  facet normal 0 0 1
    outer loop
      vertex -68.2 50.8 2
      vertex -72.0432 48.3923 2
      vertex -71.8879 48.3693 2
    endloop
  endfacet
  facet normal 0 0 1
    outer loop
      vertex -68.2 50.8 2
      vertex -72.2 48.4 2
      vertex -72.0432 48.3923 2
    endloop
  endfacet
  facet normal -0 0 1
    outer loop
      vertex -76.2 50.8 2
      vertex -72.2 48.4 2
      vertex -68.2 50.8 2
    endloop
  endfacet
  facet normal 0 0 1
    outer loop
      vertex -72.2 48.4 2
      vertex -76.2 50.8 2
      vertex -72.3568 48.3923 2
    endloop
  endfacet
  facet normal 0 0 1
    outer loop
      vertex -72.3568 48.3923 2
      vertex -76.2 50.8 2
      vertex -72.5121 48.3693 2
    endloop
  endfacet
  facet normal 0 0 1
    outer loop
      vertex -72.5121 48.3693 2
      vertex -76.2 50.8 2
      vertex -72.6645 48.3311 2
    endloop
  endfacet
  facet normal 0 0 1
    outer loop
      vertex -72.6645 48.3311 2
      vertex -76.2 50.8 2
      vertex -72.8123 48.2782 2
    endloop
  endfacet
  facet normal 0 0 1
    outer loop
      vertex -73.7923 46.9568 2
      vertex -76.2 50.8 2
      vertex -73.8 46.8 2
    endloop
  endfacet
  facet normal 0 0 1
    outer loop
      vertex -73.7693 47.1121 2
      vertex -76.2 50.8 2
      vertex -73.7923 46.9568 2
    endloop
  endfacet
  facet normal 0 0 1
    outer loop
      vertex -73.7311 47.2645 2
      vertex -76.2 50.8 2
      vertex -73.7693 47.1121 2
    endloop
  endfacet
  facet normal 0 0 1
    outer loop
      vertex -73.6782 47.4123 2
      vertex -76.2 50.8 2
      vertex -73.7311 47.2645 2
    endloop
  endfacet
  facet normal 0 0 1
    outer loop
      vertex -73.6111 47.5542 2
      vertex -76.2 50.8 2
      vertex -73.6782 47.4123 2
    endloop
  endfacet
  facet normal 0 0 1
    outer loop
      vertex -73.5303 47.6889 2
      vertex -76.2 50.8 2
      vertex -73.6111 47.5542 2
    endloop
  endfacet
  facet normal 0 0 1
    outer loop
      vertex -73.4368 47.815 2
      vertex -76.2 50.8 2
      vertex -73.5303 47.6889 2
    endloop
  endfacet
  facet normal 0 0 1
    outer loop
      vertex -73.3314 47.9314 2
      vertex -76.2 50.8 2
      vertex -73.4368 47.815 2
    endloop
  endfacet
  facet normal 0 0 1
    outer loop
      vertex -73.215 48.0368 2
      vertex -76.2 50.8 2
      vertex -73.3314 47.9314 2
    endloop
  endfacet
  facet normal 0 0 1
    outer loop
      vertex -73.0889 48.1304 2
      vertex -76.2 50.8 2
      vertex -73.215 48.0368 2
    endloop
  endfacet
  facet normal 0 0 1
    outer loop
      vertex -72.9542 48.2111 2
      vertex -76.2 50.8 2
      vertex -73.0889 48.1304 2
    endloop
  endfacet
  facet normal 0 0 1
    outer loop
      vertex -72.8123 48.2782 2
      vertex -76.2 50.8 2
      vertex -72.9542 48.2111 2
    endloop
  endfacet
  facet normal -0 0 1
    outer loop
      vertex -70.6077 46.6432 2
      vertex -68.2 42.8 2
      vertex -70.6 46.8 2
    endloop
  endfacet
  facet normal -0 0 1
    outer loop
      vertex -70.6307 46.4879 2
      vertex -68.2 42.8 2
      vertex -70.6077 46.6432 2
    endloop
  endfacet
  facet normal -0 0 1
    outer loop
      vertex -70.6689 46.3355 2
      vertex -68.2 42.8 2
      vertex -70.6307 46.4879 2
    endloop
  endfacet
  facet normal -0 0 1
    outer loop
      vertex -70.7218 46.1877 2
      vertex -68.2 42.8 2
      vertex -70.6689 46.3355 2
    endloop
  endfacet
  facet normal -0 0 1
    outer loop
      vertex -70.7889 46.0458 2
      vertex -68.2 42.8 2
      vertex -70.7218 46.1877 2
    endloop
  endfacet
  facet normal -0 0 1
    outer loop
      vertex -70.8696 45.9111 2
      vertex -68.2 42.8 2
      vertex -70.7889 46.0458 2
    endloop
  endfacet
  facet normal -0 0 1
    outer loop
      vertex -70.9632 45.785 2
      vertex -68.2 42.8 2
      vertex -70.8696 45.9111 2
    endloop
  endfacet
  facet normal -0 0 1
    outer loop
      vertex -71.0686 45.6686 2
      vertex -68.2 42.8 2
      vertex -70.9632 45.785 2
    endloop
  endfacet
  facet normal -0 0 1
    outer loop
      vertex -71.185 45.5632 2
      vertex -68.2 42.8 2
      vertex -71.0686 45.6686 2
    endloop
  endfacet
  facet normal -0 0 1
    outer loop
      vertex -71.3111 45.4697 2
      vertex -68.2 42.8 2
      vertex -71.185 45.5632 2
    endloop
  endfacet
  facet normal -0 0 1
    outer loop
      vertex -71.4458 45.3889 2
      vertex -68.2 42.8 2
      vertex -71.3111 45.4697 2
    endloop
  endfacet
  facet normal -0 0 1
    outer loop
      vertex -71.5877 45.3218 2
      vertex -68.2 42.8 2
      vertex -71.4458 45.3889 2
    endloop
  endfacet
  facet normal -0 0 1
    outer loop
      vertex -71.7355 45.2689 2
      vertex -68.2 42.8 2
      vertex -71.5877 45.3218 2
    endloop
  endfacet
  facet normal -0 0 1
    outer loop
      vertex -71.8879 45.2307 2
      vertex -68.2 42.8 2
      vertex -71.7355 45.2689 2
    endloop
  endfacet
  facet normal -0 0 1
    outer loop
      vertex -72.0432 45.2077 2
      vertex -68.2 42.8 2
      vertex -71.8879 45.2307 2
    endloop
  endfacet
  facet normal -0 0 1
    outer loop
      vertex -72.2 45.2 2
      vertex -68.2 42.8 2
      vertex -72.0432 45.2077 2
    endloop
  endfacet
  facet normal 0 0 1
    outer loop
      vertex -76.2 42.8 2
      vertex -72.2 45.2 2
      vertex -72.3568 45.2077 2
    endloop
  endfacet
  facet normal 0 0 1
    outer loop
      vertex -76.2 42.8 2
      vertex -72.3568 45.2077 2
      vertex -72.5121 45.2307 2
    endloop
  endfacet
  facet normal 0 0 1
    outer loop
      vertex -76.2 42.8 2
      vertex -72.5121 45.2307 2
      vertex -72.6645 45.2689 2
    endloop
  endfacet
  facet normal 0 0 1
    outer loop
      vertex -76.2 42.8 2
      vertex -72.6645 45.2689 2
      vertex -72.8123 45.3218 2
    endloop
  endfacet
  facet normal 0 0 1
    outer loop
      vertex -76.2 42.8 2
      vertex -72.8123 45.3218 2
      vertex -72.9542 45.3889 2
    endloop
  endfacet
  facet normal 0 0 1
    outer loop
      vertex -76.2 42.8 2
      vertex -73.8 46.8 2
      vertex -76.2 50.8 2
    endloop
  endfacet
  facet normal 0 0 1
    outer loop
      vertex -73.8 46.8 2
      vertex -76.2 42.8 2
      vertex -73.7923 46.6432 2
    endloop
  endfacet
  facet normal 0 0 1
    outer loop
      vertex -73.7923 46.6432 2
      vertex -76.2 42.8 2
      vertex -73.7693 46.4879 2
    endloop
  endfacet
  facet normal 0 0 1
    outer loop
      vertex -73.7693 46.4879 2
      vertex -76.2 42.8 2
      vertex -73.7311 46.3355 2
    endloop
  endfacet
  facet normal 0 0 1
    outer loop
      vertex -73.7311 46.3355 2
      vertex -76.2 42.8 2
      vertex -73.6782 46.1877 2
    endloop
  endfacet
  facet normal 0 0 1
    outer loop
      vertex -72.2 45.2 2
      vertex -76.2 42.8 2
      vertex -68.2 42.8 2
    endloop
  endfacet
  facet normal 0 0 1
    outer loop
      vertex -73.0889 45.4697 2
      vertex -76.2 42.8 2
      vertex -72.9542 45.3889 2
    endloop
  endfacet
  facet normal 0 0 1
    outer loop
      vertex -73.215 45.5632 2
      vertex -76.2 42.8 2
      vertex -73.0889 45.4697 2
    endloop
  endfacet
  facet normal 0 0 1
    outer loop
      vertex -73.3314 45.6686 2
      vertex -76.2 42.8 2
      vertex -73.215 45.5632 2
    endloop
  endfacet
  facet normal 0 0 1
    outer loop
      vertex -73.4368 45.785 2
      vertex -76.2 42.8 2
      vertex -73.3314 45.6686 2
    endloop
  endfacet
  facet normal 0 0 1
    outer loop
      vertex -73.5303 45.9111 2
      vertex -76.2 42.8 2
      vertex -73.4368 45.785 2
    endloop
  endfacet
  facet normal 0 0 1
    outer loop
      vertex -73.6111 46.0458 2
      vertex -76.2 42.8 2
      vertex -73.5303 45.9111 2
    endloop
  endfacet
  facet normal 0 0 1
    outer loop
      vertex -73.6782 46.1877 2
      vertex -76.2 42.8 2
      vertex -73.6111 46.0458 2
    endloop
  endfacet
  facet normal -1 0 0
    outer loop
      vertex -76.2 42.8 0.299999
      vertex -76.2 50.8 2
      vertex -76.2 50.8 0.299999
    endloop
  endfacet
  facet normal -1 -0 0
    outer loop
      vertex -76.2 50.8 2
      vertex -76.2 42.8 0.299999
      vertex -76.2 42.8 2
    endloop
  endfacet
  facet normal 0 1 -0
    outer loop
      vertex -68.2 50.8 0.299999
      vertex -76.2 50.8 2
      vertex -68.2 50.8 2
    endloop
  endfacet
  facet normal 0 1 0
    outer loop
      vertex -76.2 50.8 2
      vertex -68.2 50.8 0.299999
      vertex -76.2 50.8 0.299999
    endloop
  endfacet
  facet normal 0 -1 0
    outer loop
      vertex -76.2 42.8 0.4
      vertex -68.2 42.8 2
      vertex -76.2 42.8 2
    endloop
  endfacet
  facet normal 0 -1 -0
    outer loop
      vertex -68.2 42.8 2
      vertex -76.2 42.8 0.4
      vertex -68.2 42.8 0.4
    endloop
  endfacet
  facet normal 0 0 0
    outer loop
      vertex -76.2 42.8 0.299999
      vertex -76.2 42.8 0.4
      vertex -76.2 42.8 2
    endloop
  endfacet
  facet normal 0.336982 0.941511 -0
    outer loop
      vertex -72.6645 45.2689 0.99
      vertex -72.8123 45.3218 2
      vertex -72.6645 45.2689 2
    endloop
  endfacet
  facet normal 0.336982 0.941511 0
    outer loop
      vertex -72.8123 45.3218 2
      vertex -72.6645 45.2689 0.99
      vertex -72.8123 45.3218 0.99
    endloop
  endfacet
  facet normal -0.98921 -0.146502 0
    outer loop
      vertex -70.6077 46.9568 0.99
      vertex -70.6307 47.1121 2
      vertex -70.6307 47.1121 0.99
    endloop
  endfacet
  facet normal -0.98921 -0.146502 0
    outer loop
      vertex -70.6307 47.1121 2
      vertex -70.6077 46.9568 0.99
      vertex -70.6077 46.9568 2
    endloop
  endfacet
  facet normal -0.998796 -0.049048 0
    outer loop
      vertex -70.6 46.8 0.99
      vertex -70.6077 46.9568 2
      vertex -70.6077 46.9568 0.99
    endloop
  endfacet
  facet normal -0.998796 -0.049048 0
    outer loop
      vertex -70.6077 46.9568 2
      vertex -70.6 46.8 0.99
      vertex -70.6 46.8 2
    endloop
  endfacet
  facet normal -0.969993 -0.243135 0
    outer loop
      vertex -70.6307 47.1121 0.99
      vertex -70.6689 47.2645 2
      vertex -70.6689 47.2645 0.99
    endloop
  endfacet
  facet normal -0.969993 -0.243135 0
    outer loop
      vertex -70.6689 47.2645 2
      vertex -70.6307 47.1121 0.99
      vertex -70.6307 47.1121 2
    endloop
  endfacet
  facet normal 0.98921 -0.146502 0
    outer loop
      vertex -73.7923 46.9568 2
      vertex -73.7693 47.1121 0.99
      vertex -73.7693 47.1121 2
    endloop
  endfacet
  facet normal 0.98921 -0.146502 0
    outer loop
      vertex -73.7693 47.1121 0.99
      vertex -73.7923 46.9568 2
      vertex -73.7923 46.9568 0.99
    endloop
  endfacet
  facet normal 0.243135 0.969993 -0
    outer loop
      vertex -72.5121 45.2307 0.99
      vertex -72.6645 45.2689 2
      vertex -72.5121 45.2307 2
    endloop
  endfacet
  facet normal 0.243135 0.969993 0
    outer loop
      vertex -72.6645 45.2689 2
      vertex -72.5121 45.2307 0.99
      vertex -72.6645 45.2689 0.99
    endloop
  endfacet
  facet normal -0.336982 -0.941511 0
    outer loop
      vertex -71.7355 48.3311 0.99
      vertex -71.5877 48.2782 2
      vertex -71.7355 48.3311 2
    endloop
  endfacet
  facet normal -0.336982 -0.941511 -0
    outer loop
      vertex -71.5877 48.2782 2
      vertex -71.7355 48.3311 0.99
      vertex -71.5877 48.2782 0.99
    endloop
  endfacet
  facet normal 0.513934 -0.85783 0
    outer loop
      vertex -73.0889 48.1304 0.99
      vertex -72.9542 48.2111 2
      vertex -73.0889 48.1304 2
    endloop
  endfacet
  facet normal 0.513934 -0.85783 0
    outer loop
      vertex -72.9542 48.2111 2
      vertex -73.0889 48.1304 0.99
      vertex -72.9542 48.2111 0.99
    endloop
  endfacet
  facet normal 0.904023 0.427484 0
    outer loop
      vertex -73.6111 46.0458 2
      vertex -73.6782 46.1877 0.99
      vertex -73.6782 46.1877 2
    endloop
  endfacet
  facet normal 0.904023 0.427484 0
    outer loop
      vertex -73.6782 46.1877 0.99
      vertex -73.6111 46.0458 2
      vertex -73.6111 46.0458 0.99
    endloop
  endfacet
  facet normal 0.243135 -0.969993 0
    outer loop
      vertex -72.6645 48.3311 0.99
      vertex -72.5121 48.3693 2
      vertex -72.6645 48.3311 2
    endloop
  endfacet
  facet normal 0.243135 -0.969993 0
    outer loop
      vertex -72.5121 48.3693 2
      vertex -72.6645 48.3311 0.99
      vertex -72.5121 48.3693 0.99
    endloop
  endfacet
  facet normal 0.857549 0.514402 0
    outer loop
      vertex -73.5303 45.9111 2
      vertex -73.6111 46.0458 0.99
      vertex -73.6111 46.0458 2
    endloop
  endfacet
  facet normal 0.857549 0.514402 0
    outer loop
      vertex -73.6111 46.0458 0.99
      vertex -73.5303 45.9111 2
      vertex -73.5303 45.9111 0.99
    endloop
  endfacet
  facet normal -0.243135 0.969993 0
    outer loop
      vertex -71.7355 45.2689 0.99
      vertex -71.8879 45.2307 2
      vertex -71.7355 45.2689 2
    endloop
  endfacet
  facet normal -0.243135 0.969993 0
    outer loop
      vertex -71.8879 45.2307 2
      vertex -71.7355 45.2689 0.99
      vertex -71.8879 45.2307 0.99
    endloop
  endfacet
  facet normal 0.595608 0.803275 -0
    outer loop
      vertex -73.0889 45.4697 0.99
      vertex -73.215 45.5632 2
      vertex -73.0889 45.4697 2
    endloop
  endfacet
  facet normal 0.595608 0.803275 0
    outer loop
      vertex -73.215 45.5632 2
      vertex -73.0889 45.4697 0.99
      vertex -73.215 45.5632 0.99
    endloop
  endfacet
  facet normal -0.514402 0.857549 0
    outer loop
      vertex -71.3111 45.4697 0.99
      vertex -71.4458 45.3889 2
      vertex -71.3111 45.4697 2
    endloop
  endfacet
  facet normal -0.514402 0.857549 0
    outer loop
      vertex -71.4458 45.3889 2
      vertex -71.3111 45.4697 0.99
      vertex -71.4458 45.3889 0.99
    endloop
  endfacet
  facet normal -0.80297 0.596019 0
    outer loop
      vertex -70.9632 45.785 0.99
      vertex -70.8696 45.9111 2
      vertex -70.8696 45.9111 0.99
    endloop
  endfacet
  facet normal -0.80297 0.596019 0
    outer loop
      vertex -70.8696 45.9111 2
      vertex -70.9632 45.785 0.99
      vertex -70.9632 45.785 2
    endloop
  endfacet
  facet normal -0.146502 -0.98921 0
    outer loop
      vertex -72.0432 48.3923 0.99
      vertex -71.8879 48.3693 2
      vertex -72.0432 48.3923 2
    endloop
  endfacet
  facet normal -0.146502 -0.98921 -0
    outer loop
      vertex -71.8879 48.3693 2
      vertex -72.0432 48.3923 0.99
      vertex -71.8879 48.3693 0.99
    endloop
  endfacet
  facet normal 0.596019 -0.80297 0
    outer loop
      vertex -73.215 48.0368 0.99
      vertex -73.0889 48.1304 2
      vertex -73.215 48.0368 2
    endloop
  endfacet
  facet normal 0.596019 -0.80297 0
    outer loop
      vertex -73.0889 48.1304 2
      vertex -73.215 48.0368 0.99
      vertex -73.0889 48.1304 0.99
    endloop
  endfacet
  facet normal 0.803275 -0.595608 0
    outer loop
      vertex -73.5303 47.6889 2
      vertex -73.4368 47.815 0.99
      vertex -73.4368 47.815 2
    endloop
  endfacet
  facet normal 0.803275 -0.595608 0
    outer loop
      vertex -73.4368 47.815 0.99
      vertex -73.5303 47.6889 2
      vertex -73.5303 47.6889 0.99
    endloop
  endfacet
  facet normal -0.98921 0.146502 0
    outer loop
      vertex -70.6307 46.4879 0.99
      vertex -70.6077 46.6432 2
      vertex -70.6077 46.6432 0.99
    endloop
  endfacet
  facet normal -0.98921 0.146502 0
    outer loop
      vertex -70.6077 46.6432 2
      vertex -70.6307 46.4879 0.99
      vertex -70.6307 46.4879 2
    endloop
  endfacet
  facet normal 0.941511 -0.336982 0
    outer loop
      vertex -73.7311 47.2645 2
      vertex -73.6782 47.4123 0.99
      vertex -73.6782 47.4123 2
    endloop
  endfacet
  facet normal 0.941511 -0.336982 0
    outer loop
      vertex -73.6782 47.4123 0.99
      vertex -73.7311 47.2645 2
      vertex -73.7311 47.2645 0.99
    endloop
  endfacet
  facet normal -0.427484 -0.904023 0
    outer loop
      vertex -71.5877 48.2782 0.99
      vertex -71.4458 48.2111 2
      vertex -71.5877 48.2782 2
    endloop
  endfacet
  facet normal -0.427484 -0.904023 -0
    outer loop
      vertex -71.4458 48.2111 2
      vertex -71.5877 48.2782 0.99
      vertex -71.4458 48.2111 0.99
    endloop
  endfacet
  facet normal 0.941511 0.336982 0
    outer loop
      vertex -73.6782 46.1877 2
      vertex -73.7311 46.3355 0.99
      vertex -73.7311 46.3355 2
    endloop
  endfacet
  facet normal 0.941511 0.336982 0
    outer loop
      vertex -73.7311 46.3355 0.99
      vertex -73.6782 46.1877 2
      vertex -73.6782 46.1877 0.99
    endloop
  endfacet
  facet normal -0.969993 0.243135 0
    outer loop
      vertex -70.6689 46.3355 0.99
      vertex -70.6307 46.4879 2
      vertex -70.6307 46.4879 0.99
    endloop
  endfacet
  facet normal -0.969993 0.243135 0
    outer loop
      vertex -70.6307 46.4879 2
      vertex -70.6689 46.3355 0.99
      vertex -70.6689 46.3355 2
    endloop
  endfacet
  facet normal 0.049048 -0.998796 0
    outer loop
      vertex -72.3568 48.3923 0.99
      vertex -72.2 48.4 2
      vertex -72.3568 48.3923 2
    endloop
  endfacet
  facet normal 0.049048 -0.998796 0
    outer loop
      vertex -72.2 48.4 2
      vertex -72.3568 48.3923 0.99
      vertex -72.2 48.4 0.99
    endloop
  endfacet
  facet normal -0.671213 -0.741264 0
    outer loop
      vertex -71.185 48.0368 0.99
      vertex -71.0686 47.9314 2
      vertex -71.185 48.0368 2
    endloop
  endfacet
  facet normal -0.671213 -0.741264 -0
    outer loop
      vertex -71.0686 47.9314 2
      vertex -71.185 48.0368 0.99
      vertex -71.0686 47.9314 0.99
    endloop
  endfacet
  facet normal 0.427484 -0.904023 0
    outer loop
      vertex -72.9542 48.2111 0.99
      vertex -72.8123 48.2782 2
      vertex -72.9542 48.2111 2
    endloop
  endfacet
  facet normal 0.427484 -0.904023 0
    outer loop
      vertex -72.8123 48.2782 2
      vertex -72.9542 48.2111 0.99
      vertex -72.8123 48.2782 0.99
    endloop
  endfacet
  facet normal 0.671213 -0.741264 0
    outer loop
      vertex -73.3314 47.9314 0.99
      vertex -73.215 48.0368 2
      vertex -73.3314 47.9314 2
    endloop
  endfacet
  facet normal 0.671213 -0.741264 0
    outer loop
      vertex -73.215 48.0368 2
      vertex -73.3314 47.9314 0.99
      vertex -73.215 48.0368 0.99
    endloop
  endfacet
  facet normal -0.336982 0.941511 0
    outer loop
      vertex -71.5877 45.3218 0.99
      vertex -71.7355 45.2689 2
      vertex -71.5877 45.3218 2
    endloop
  endfacet
  facet normal -0.336982 0.941511 0
    outer loop
      vertex -71.7355 45.2689 2
      vertex -71.5877 45.3218 0.99
      vertex -71.7355 45.2689 0.99
    endloop
  endfacet
  facet normal 0.336982 -0.941511 0
    outer loop
      vertex -72.8123 48.2782 0.99
      vertex -72.6645 48.3311 2
      vertex -72.8123 48.2782 2
    endloop
  endfacet
  facet normal 0.336982 -0.941511 0
    outer loop
      vertex -72.6645 48.3311 2
      vertex -72.8123 48.2782 0.99
      vertex -72.6645 48.3311 0.99
    endloop
  endfacet
  facet normal -0.80297 -0.596019 0
    outer loop
      vertex -70.8696 47.6889 0.99
      vertex -70.9632 47.815 2
      vertex -70.9632 47.815 0.99
    endloop
  endfacet
  facet normal -0.80297 -0.596019 0
    outer loop
      vertex -70.9632 47.815 2
      vertex -70.8696 47.6889 0.99
      vertex -70.8696 47.6889 2
    endloop
  endfacet
  facet normal 0.857549 -0.514402 0
    outer loop
      vertex -73.6111 47.5542 2
      vertex -73.5303 47.6889 0.99
      vertex -73.5303 47.6889 2
    endloop
  endfacet
  facet normal 0.857549 -0.514402 0
    outer loop
      vertex -73.5303 47.6889 0.99
      vertex -73.6111 47.5542 2
      vertex -73.6111 47.5542 0.99
    endloop
  endfacet
  facet normal -0.998796 0.049048 0
    outer loop
      vertex -70.6077 46.6432 0.99
      vertex -70.6 46.8 2
      vertex -70.6 46.8 0.99
    endloop
  endfacet
  facet normal -0.998796 0.049048 0
    outer loop
      vertex -70.6 46.8 2
      vertex -70.6077 46.6432 0.99
      vertex -70.6077 46.6432 2
    endloop
  endfacet
  facet normal -0.904023 0.427484 0
    outer loop
      vertex -70.7889 46.0458 0.99
      vertex -70.7218 46.1877 2
      vertex -70.7218 46.1877 0.99
    endloop
  endfacet
  facet normal -0.904023 0.427484 0
    outer loop
      vertex -70.7218 46.1877 2
      vertex -70.7889 46.0458 0.99
      vertex -70.7889 46.0458 2
    endloop
  endfacet
  facet normal -0.596019 -0.80297 0
    outer loop
      vertex -71.3111 48.1304 0.99
      vertex -71.185 48.0368 2
      vertex -71.3111 48.1304 2
    endloop
  endfacet
  facet normal -0.596019 -0.80297 -0
    outer loop
      vertex -71.185 48.0368 2
      vertex -71.3111 48.1304 0.99
      vertex -71.185 48.0368 0.99
    endloop
  endfacet
  facet normal 0.514402 0.857549 -0
    outer loop
      vertex -72.9542 45.3889 0.99
      vertex -73.0889 45.4697 2
      vertex -72.9542 45.3889 2
    endloop
  endfacet
  facet normal 0.514402 0.857549 0
    outer loop
      vertex -73.0889 45.4697 2
      vertex -72.9542 45.3889 0.99
      vertex -73.0889 45.4697 0.99
    endloop
  endfacet
  facet normal -0.513934 -0.85783 0
    outer loop
      vertex -71.4458 48.2111 0.99
      vertex -71.3111 48.1304 2
      vertex -71.4458 48.2111 2
    endloop
  endfacet
  facet normal -0.513934 -0.85783 -0
    outer loop
      vertex -71.3111 48.1304 2
      vertex -71.4458 48.2111 0.99
      vertex -71.3111 48.1304 0.99
    endloop
  endfacet
  facet normal -0.146502 0.98921 0
    outer loop
      vertex -71.8879 45.2307 0.99
      vertex -72.0432 45.2077 2
      vertex -71.8879 45.2307 2
    endloop
  endfacet
  facet normal -0.146502 0.98921 0
    outer loop
      vertex -72.0432 45.2077 2
      vertex -71.8879 45.2307 0.99
      vertex -72.0432 45.2077 0.99
    endloop
  endfacet
  facet normal -0.941511 -0.336982 0
    outer loop
      vertex -70.6689 47.2645 0.99
      vertex -70.7218 47.4123 2
      vertex -70.7218 47.4123 0.99
    endloop
  endfacet
  facet normal -0.941511 -0.336982 0
    outer loop
      vertex -70.7218 47.4123 2
      vertex -70.6689 47.2645 0.99
      vertex -70.6689 47.2645 2
    endloop
  endfacet
  facet normal -0.85783 0.513934 0
    outer loop
      vertex -70.8696 45.9111 0.99
      vertex -70.7889 46.0458 2
      vertex -70.7889 46.0458 0.99
    endloop
  endfacet
  facet normal -0.85783 0.513934 0
    outer loop
      vertex -70.7889 46.0458 2
      vertex -70.8696 45.9111 0.99
      vertex -70.8696 45.9111 2
    endloop
  endfacet
  facet normal 0.998796 0.049048 0
    outer loop
      vertex -73.7923 46.6432 2
      vertex -73.8 46.8 0.99
      vertex -73.8 46.8 2
    endloop
  endfacet
  facet normal 0.998796 0.049048 0
    outer loop
      vertex -73.8 46.8 0.99
      vertex -73.7923 46.6432 2
      vertex -73.7923 46.6432 0.99
    endloop
  endfacet
  facet normal -0.941511 0.336982 0
    outer loop
      vertex -70.7218 46.1877 0.99
      vertex -70.6689 46.3355 2
      vertex -70.6689 46.3355 0.99
    endloop
  endfacet
  facet normal -0.941511 0.336982 0
    outer loop
      vertex -70.6689 46.3355 2
      vertex -70.7218 46.1877 0.99
      vertex -70.7218 46.1877 2
    endloop
  endfacet
  facet normal -0.741264 -0.671213 0
    outer loop
      vertex -70.9632 47.815 0.99
      vertex -71.0686 47.9314 2
      vertex -71.0686 47.9314 0.99
    endloop
  endfacet
  facet normal -0.741264 -0.671213 0
    outer loop
      vertex -71.0686 47.9314 2
      vertex -70.9632 47.815 0.99
      vertex -70.9632 47.815 2
    endloop
  endfacet
  facet normal -0.049048 -0.998796 0
    outer loop
      vertex -72.2 48.4 0.99
      vertex -72.0432 48.3923 2
      vertex -72.2 48.4 2
    endloop
  endfacet
  facet normal -0.049048 -0.998796 -0
    outer loop
      vertex -72.0432 48.3923 2
      vertex -72.2 48.4 0.99
      vertex -72.0432 48.3923 0.99
    endloop
  endfacet
  facet normal -0.904023 -0.427484 0
    outer loop
      vertex -70.7218 47.4123 0.99
      vertex -70.7889 47.5542 2
      vertex -70.7889 47.5542 0.99
    endloop
  endfacet
  facet normal -0.904023 -0.427484 0
    outer loop
      vertex -70.7889 47.5542 2
      vertex -70.7218 47.4123 0.99
      vertex -70.7218 47.4123 2
    endloop
  endfacet
  facet normal 0.146502 0.98921 -0
    outer loop
      vertex -72.3568 45.2077 0.99
      vertex -72.5121 45.2307 2
      vertex -72.3568 45.2077 2
    endloop
  endfacet
  facet normal 0.146502 0.98921 0
    outer loop
      vertex -72.5121 45.2307 2
      vertex -72.3568 45.2077 0.99
      vertex -72.5121 45.2307 0.99
    endloop
  endfacet
  facet normal -0.671213 0.741264 0
    outer loop
      vertex -71.0686 45.6686 0.99
      vertex -71.185 45.5632 2
      vertex -71.0686 45.6686 2
    endloop
  endfacet
  facet normal -0.671213 0.741264 0
    outer loop
      vertex -71.185 45.5632 2
      vertex -71.0686 45.6686 0.99
      vertex -71.185 45.5632 0.99
    endloop
  endfacet
  facet normal -0.85783 -0.513934 0
    outer loop
      vertex -70.7889 47.5542 0.99
      vertex -70.8696 47.6889 2
      vertex -70.8696 47.6889 0.99
    endloop
  endfacet
  facet normal -0.85783 -0.513934 0
    outer loop
      vertex -70.8696 47.6889 2
      vertex -70.7889 47.5542 0.99
      vertex -70.7889 47.5542 2
    endloop
  endfacet
  facet normal 0.049048 0.998796 -0
    outer loop
      vertex -72.2 45.2 0.99
      vertex -72.3568 45.2077 2
      vertex -72.2 45.2 2
    endloop
  endfacet
  facet normal 0.049048 0.998796 0
    outer loop
      vertex -72.3568 45.2077 2
      vertex -72.2 45.2 0.99
      vertex -72.3568 45.2077 0.99
    endloop
  endfacet
  facet normal 0.741264 -0.671213 0
    outer loop
      vertex -73.4368 47.815 2
      vertex -73.3314 47.9314 0.99
      vertex -73.3314 47.9314 2
    endloop
  endfacet
  facet normal 0.741264 -0.671213 0
    outer loop
      vertex -73.3314 47.9314 0.99
      vertex -73.4368 47.815 2
      vertex -73.4368 47.815 0.99
    endloop
  endfacet
  facet normal 0.146502 -0.98921 0
    outer loop
      vertex -72.5121 48.3693 0.99
      vertex -72.3568 48.3923 2
      vertex -72.5121 48.3693 2
    endloop
  endfacet
  facet normal 0.146502 -0.98921 0
    outer loop
      vertex -72.3568 48.3923 2
      vertex -72.5121 48.3693 0.99
      vertex -72.3568 48.3923 0.99
    endloop
  endfacet
  facet normal 0.904023 -0.427484 0
    outer loop
      vertex -73.6782 47.4123 2
      vertex -73.6111 47.5542 0.99
      vertex -73.6111 47.5542 2
    endloop
  endfacet
  facet normal 0.904023 -0.427484 0
    outer loop
      vertex -73.6111 47.5542 0.99
      vertex -73.6782 47.4123 2
      vertex -73.6782 47.4123 0.99
    endloop
  endfacet
  facet normal 0.671213 0.741264 -0
    outer loop
      vertex -73.215 45.5632 0.99
      vertex -73.3314 45.6686 2
      vertex -73.215 45.5632 2
    endloop
  endfacet
  facet normal 0.671213 0.741264 0
    outer loop
      vertex -73.3314 45.6686 2
      vertex -73.215 45.5632 0.99
      vertex -73.3314 45.6686 0.99
    endloop
  endfacet
  facet normal 0.969993 -0.243135 0
    outer loop
      vertex -73.7693 47.1121 2
      vertex -73.7311 47.2645 0.99
      vertex -73.7311 47.2645 2
    endloop
  endfacet
  facet normal 0.969993 -0.243135 0
    outer loop
      vertex -73.7311 47.2645 0.99
      vertex -73.7693 47.1121 2
      vertex -73.7693 47.1121 0.99
    endloop
  endfacet
  facet normal -0.243135 -0.969993 0
    outer loop
      vertex -71.8879 48.3693 0.99
      vertex -71.7355 48.3311 2
      vertex -71.8879 48.3693 2
    endloop
  endfacet
  facet normal -0.243135 -0.969993 -0
    outer loop
      vertex -71.7355 48.3311 2
      vertex -71.8879 48.3693 0.99
      vertex -71.7355 48.3311 0.99
    endloop
  endfacet
  facet normal 0.969993 0.243135 0
    outer loop
      vertex -73.7311 46.3355 2
      vertex -73.7693 46.4879 0.99
      vertex -73.7693 46.4879 2
    endloop
  endfacet
  facet normal 0.969993 0.243135 0
    outer loop
      vertex -73.7693 46.4879 0.99
      vertex -73.7311 46.3355 2
      vertex -73.7311 46.3355 0.99
    endloop
  endfacet
  facet normal 0.427484 0.904023 -0
    outer loop
      vertex -72.8123 45.3218 0.99
      vertex -72.9542 45.3889 2
      vertex -72.8123 45.3218 2
    endloop
  endfacet
  facet normal 0.427484 0.904023 0
    outer loop
      vertex -72.9542 45.3889 2
      vertex -72.8123 45.3218 0.99
      vertex -72.9542 45.3889 0.99
    endloop
  endfacet
  facet normal 0.741264 0.671213 0
    outer loop
      vertex -73.3314 45.6686 2
      vertex -73.4368 45.785 0.99
      vertex -73.4368 45.785 2
    endloop
  endfacet
  facet normal 0.741264 0.671213 0
    outer loop
      vertex -73.4368 45.785 0.99
      vertex -73.3314 45.6686 2
      vertex -73.3314 45.6686 0.99
    endloop
  endfacet
  facet normal -0.427484 0.904023 0
    outer loop
      vertex -71.4458 45.3889 0.99
      vertex -71.5877 45.3218 2
      vertex -71.4458 45.3889 2
    endloop
  endfacet
  facet normal -0.427484 0.904023 0
    outer loop
      vertex -71.5877 45.3218 2
      vertex -71.4458 45.3889 0.99
      vertex -71.5877 45.3218 0.99
    endloop
  endfacet
  facet normal -0.049048 0.998796 0
    outer loop
      vertex -72.0432 45.2077 0.99
      vertex -72.2 45.2 2
      vertex -72.0432 45.2077 2
    endloop
  endfacet
  facet normal -0.049048 0.998796 0
    outer loop
      vertex -72.2 45.2 2
      vertex -72.0432 45.2077 0.99
      vertex -72.2 45.2 0.99
    endloop
  endfacet
  facet normal 0.98921 0.146502 0
    outer loop
      vertex -73.7693 46.4879 2
      vertex -73.7923 46.6432 0.99
      vertex -73.7923 46.6432 2
    endloop
  endfacet
  facet normal 0.98921 0.146502 0
    outer loop
      vertex -73.7923 46.6432 0.99
      vertex -73.7693 46.4879 2
      vertex -73.7693 46.4879 0.99
    endloop
  endfacet
  facet normal -0.595608 0.803275 0
    outer loop
      vertex -71.185 45.5632 0.99
      vertex -71.3111 45.4697 2
      vertex -71.185 45.5632 2
    endloop
  endfacet
  facet normal -0.595608 0.803275 0
    outer loop
      vertex -71.3111 45.4697 2
      vertex -71.185 45.5632 0.99
      vertex -71.3111 45.4697 0.99
    endloop
  endfacet
  facet normal 0.803275 0.595608 0
    outer loop
      vertex -73.4368 45.785 2
      vertex -73.5303 45.9111 0.99
      vertex -73.5303 45.9111 2
    endloop
  endfacet
  facet normal 0.803275 0.595608 0
    outer loop
      vertex -73.5303 45.9111 0.99
      vertex -73.4368 45.785 2
      vertex -73.4368 45.785 0.99
    endloop
  endfacet
  facet normal 0.998796 -0.049048 0
    outer loop
      vertex -73.8 46.8 2
      vertex -73.7923 46.9568 0.99
      vertex -73.7923 46.9568 2
    endloop
  endfacet
  facet normal 0.998796 -0.049048 0
    outer loop
      vertex -73.7923 46.9568 0.99
      vertex -73.8 46.8 2
      vertex -73.8 46.8 0.99
    endloop
  endfacet
  facet normal 0 0 1
    outer loop
      vertex -70.6077 46.9568 0.99
      vertex -70.6077 46.6432 0.99
      vertex -70.6 46.8 0.99
    endloop
  endfacet
  facet normal 0 0 1
    outer loop
      vertex -70.6307 47.1121 0.99
      vertex -70.6077 46.6432 0.99
      vertex -70.6077 46.9568 0.99
    endloop
  endfacet
  facet normal 0 0 1
    outer loop
      vertex -70.6307 47.1121 0.99
      vertex -70.6307 46.4879 0.99
      vertex -70.6077 46.6432 0.99
    endloop
  endfacet
  facet normal 0 0 1
    outer loop
      vertex -70.6689 47.2645 0.99
      vertex -70.6307 46.4879 0.99
      vertex -70.6307 47.1121 0.99
    endloop
  endfacet
  facet normal 0 0 1
    outer loop
      vertex -70.6689 47.2645 0.99
      vertex -70.6689 46.3355 0.99
      vertex -70.6307 46.4879 0.99
    endloop
  endfacet
  facet normal 0 0 1
    outer loop
      vertex -70.7218 47.4123 0.99
      vertex -70.6689 46.3355 0.99
      vertex -70.6689 47.2645 0.99
    endloop
  endfacet
  facet normal 0 0 1
    outer loop
      vertex -70.7218 47.4123 0.99
      vertex -70.7218 46.1877 0.99
      vertex -70.6689 46.3355 0.99
    endloop
  endfacet
  facet normal 0 0 1
    outer loop
      vertex -70.7889 47.5542 0.99
      vertex -70.7218 46.1877 0.99
      vertex -70.7218 47.4123 0.99
    endloop
  endfacet
  facet normal 0 0 1
    outer loop
      vertex -70.7889 47.5542 0.99
      vertex -70.7889 46.0458 0.99
      vertex -70.7218 46.1877 0.99
    endloop
  endfacet
  facet normal 0 0 1
    outer loop
      vertex -70.8696 47.6889 0.99
      vertex -70.7889 46.0458 0.99
      vertex -70.7889 47.5542 0.99
    endloop
  endfacet
  facet normal 0 0 1
    outer loop
      vertex -70.8696 47.6889 0.99
      vertex -70.8696 45.9111 0.99
      vertex -70.7889 46.0458 0.99
    endloop
  endfacet
  facet normal 0 0 1
    outer loop
      vertex -70.9632 47.815 0.99
      vertex -70.8696 45.9111 0.99
      vertex -70.8696 47.6889 0.99
    endloop
  endfacet
  facet normal 0 0 1
    outer loop
      vertex -70.9632 47.815 0.99
      vertex -70.9632 45.785 0.99
      vertex -70.8696 45.9111 0.99
    endloop
  endfacet
  facet normal 0 0 1
    outer loop
      vertex -71.0686 47.9314 0.99
      vertex -70.9632 45.785 0.99
      vertex -70.9632 47.815 0.99
    endloop
  endfacet
  facet normal 0 0 1
    outer loop
      vertex -71.0686 47.9314 0.99
      vertex -71.0686 45.6686 0.99
      vertex -70.9632 45.785 0.99
    endloop
  endfacet
  facet normal 0 0 1
    outer loop
      vertex -71.185 48.0368 0.99
      vertex -71.0686 45.6686 0.99
      vertex -71.0686 47.9314 0.99
    endloop
  endfacet
  facet normal 0 0 1
    outer loop
      vertex -71.185 48.0368 0.99
      vertex -71.185 45.5632 0.99
      vertex -71.0686 45.6686 0.99
    endloop
  endfacet
  facet normal 0 0 1
    outer loop
      vertex -71.3111 48.1304 0.99
      vertex -71.185 45.5632 0.99
      vertex -71.185 48.0368 0.99
    endloop
  endfacet
  facet normal 0 0 1
    outer loop
      vertex -71.3111 48.1304 0.99
      vertex -71.3111 45.4697 0.99
      vertex -71.185 45.5632 0.99
    endloop
  endfacet
  facet normal 0 0 1
    outer loop
      vertex -71.4458 48.2111 0.99
      vertex -71.3111 45.4697 0.99
      vertex -71.3111 48.1304 0.99
    endloop
  endfacet
  facet normal 0 0 1
    outer loop
      vertex -71.4458 48.2111 0.99
      vertex -71.4458 45.3889 0.99
      vertex -71.3111 45.4697 0.99
    endloop
  endfacet
  facet normal 0 0 1
    outer loop
      vertex -71.5877 48.2782 0.99
      vertex -71.4458 45.3889 0.99
      vertex -71.4458 48.2111 0.99
    endloop
  endfacet
  facet normal 0 0 1
    outer loop
      vertex -71.5877 48.2782 0.99
      vertex -71.5877 45.3218 0.99
      vertex -71.4458 45.3889 0.99
    endloop
  endfacet
  facet normal 0 0 1
    outer loop
      vertex -71.7355 48.3311 0.99
      vertex -71.5877 45.3218 0.99
      vertex -71.5877 48.2782 0.99
    endloop
  endfacet
  facet normal 0 0 1
    outer loop
      vertex -71.7355 48.3311 0.99
      vertex -71.7355 45.2689 0.99
      vertex -71.5877 45.3218 0.99
    endloop
  endfacet
  facet normal 0 0 1
    outer loop
      vertex -71.8879 48.3693 0.99
      vertex -71.7355 45.2689 0.99
      vertex -71.7355 48.3311 0.99
    endloop
  endfacet
  facet normal 0 0 1
    outer loop
      vertex -71.8879 48.3693 0.99
      vertex -71.8879 45.2307 0.99
      vertex -71.7355 45.2689 0.99
    endloop
  endfacet
  facet normal 0 0 1
    outer loop
      vertex -72.0432 48.3923 0.99
      vertex -71.8879 45.2307 0.99
      vertex -71.8879 48.3693 0.99
    endloop
  endfacet
  facet normal 0 0 1
    outer loop
      vertex -72.0432 48.3923 0.99
      vertex -72.0432 45.2077 0.99
      vertex -71.8879 45.2307 0.99
    endloop
  endfacet
  facet normal 0 0 1
    outer loop
      vertex -72.2 48.4 0.99
      vertex -72.0432 45.2077 0.99
      vertex -72.0432 48.3923 0.99
    endloop
  endfacet
  facet normal 0 0 1
    outer loop
      vertex -72.2 48.4 0.99
      vertex -72.2 45.2 0.99
      vertex -72.0432 45.2077 0.99
    endloop
  endfacet
  facet normal -0 0 1
    outer loop
      vertex -72.3568 48.3923 0.99
      vertex -72.2 45.2 0.99
      vertex -72.2 48.4 0.99
    endloop
  endfacet
  facet normal 0 0 1
    outer loop
      vertex -72.3568 48.3923 0.99
      vertex -72.3568 45.2077 0.99
      vertex -72.2 45.2 0.99
    endloop
  endfacet
  facet normal -0 0 1
    outer loop
      vertex -72.5121 48.3693 0.99
      vertex -72.3568 45.2077 0.99
      vertex -72.3568 48.3923 0.99
    endloop
  endfacet
  facet normal 0 0 1
    outer loop
      vertex -72.5121 48.3693 0.99
      vertex -72.5121 45.2307 0.99
      vertex -72.3568 45.2077 0.99
    endloop
  endfacet
  facet normal -0 0 1
    outer loop
      vertex -72.6645 48.3311 0.99
      vertex -72.5121 45.2307 0.99
      vertex -72.5121 48.3693 0.99
    endloop
  endfacet
  facet normal 0 0 1
    outer loop
      vertex -72.6645 48.3311 0.99
      vertex -72.6645 45.2689 0.99
      vertex -72.5121 45.2307 0.99
    endloop
  endfacet
  facet normal -0 0 1
    outer loop
      vertex -72.8123 48.2782 0.99
      vertex -72.6645 45.2689 0.99
      vertex -72.6645 48.3311 0.99
    endloop
  endfacet
  facet normal 0 0 1
    outer loop
      vertex -72.8123 48.2782 0.99
      vertex -72.8123 45.3218 0.99
      vertex -72.6645 45.2689 0.99
    endloop
  endfacet
  facet normal -0 0 1
    outer loop
      vertex -72.9542 48.2111 0.99
      vertex -72.8123 45.3218 0.99
      vertex -72.8123 48.2782 0.99
    endloop
  endfacet
  facet normal 0 0 1
    outer loop
      vertex -72.9542 48.2111 0.99
      vertex -72.9542 45.3889 0.99
      vertex -72.8123 45.3218 0.99
    endloop
  endfacet
  facet normal -0 0 1
    outer loop
      vertex -73.0889 48.1304 0.99
      vertex -72.9542 45.3889 0.99
      vertex -72.9542 48.2111 0.99
    endloop
  endfacet
  facet normal 0 0 1
    outer loop
      vertex -73.0889 48.1304 0.99
      vertex -73.0889 45.4697 0.99
      vertex -72.9542 45.3889 0.99
    endloop
  endfacet
  facet normal -0 0 1
    outer loop
      vertex -73.215 48.0368 0.99
      vertex -73.0889 45.4697 0.99
      vertex -73.0889 48.1304 0.99
    endloop
  endfacet
  facet normal 0 0 1
    outer loop
      vertex -73.215 48.0368 0.99
      vertex -73.215 45.5632 0.99
      vertex -73.0889 45.4697 0.99
    endloop
  endfacet
  facet normal -0 0 1
    outer loop
      vertex -73.3314 47.9314 0.99
      vertex -73.215 45.5632 0.99
      vertex -73.215 48.0368 0.99
    endloop
  endfacet
  facet normal 0 0 1
    outer loop
      vertex -73.3314 47.9314 0.99
      vertex -73.3314 45.6686 0.99
      vertex -73.215 45.5632 0.99
    endloop
  endfacet
  facet normal -0 0 1
    outer loop
      vertex -73.4368 47.815 0.99
      vertex -73.3314 45.6686 0.99
      vertex -73.3314 47.9314 0.99
    endloop
  endfacet
  facet normal 0 0 1
    outer loop
      vertex -73.4368 47.815 0.99
      vertex -73.4368 45.785 0.99
      vertex -73.3314 45.6686 0.99
    endloop
  endfacet
  facet normal -0 0 1
    outer loop
      vertex -73.5303 47.6889 0.99
      vertex -73.4368 45.785 0.99
      vertex -73.4368 47.815 0.99
    endloop
  endfacet
  facet normal 0 0 1
    outer loop
      vertex -73.5303 47.6889 0.99
      vertex -73.5303 45.9111 0.99
      vertex -73.4368 45.785 0.99
    endloop
  endfacet
  facet normal -0 0 1
    outer loop
      vertex -73.6111 47.5542 0.99
      vertex -73.5303 45.9111 0.99
      vertex -73.5303 47.6889 0.99
    endloop
  endfacet
  facet normal 0 0 1
    outer loop
      vertex -73.6111 47.5542 0.99
      vertex -73.6111 46.0458 0.99
      vertex -73.5303 45.9111 0.99
    endloop
  endfacet
  facet normal -0 0 1
    outer loop
      vertex -73.6782 47.4123 0.99
      vertex -73.6111 46.0458 0.99
      vertex -73.6111 47.5542 0.99
    endloop
  endfacet
  facet normal 0 0 1
    outer loop
      vertex -73.6782 47.4123 0.99
      vertex -73.6782 46.1877 0.99
      vertex -73.6111 46.0458 0.99
    endloop
  endfacet
  facet normal -0 0 1
    outer loop
      vertex -73.7311 47.2645 0.99
      vertex -73.6782 46.1877 0.99
      vertex -73.6782 47.4123 0.99
    endloop
  endfacet
  facet normal 0 0 1
    outer loop
      vertex -73.7311 47.2645 0.99
      vertex -73.7311 46.3355 0.99
      vertex -73.6782 46.1877 0.99
    endloop
  endfacet
  facet normal -0 0 1
    outer loop
      vertex -73.7693 47.1121 0.99
      vertex -73.7311 46.3355 0.99
      vertex -73.7311 47.2645 0.99
    endloop
  endfacet
  facet normal 0 0 1
    outer loop
      vertex -73.7693 47.1121 0.99
      vertex -73.7693 46.4879 0.99
      vertex -73.7311 46.3355 0.99
    endloop
  endfacet
  facet normal -0 0 1
    outer loop
      vertex -73.7923 46.9568 0.99
      vertex -73.7693 46.4879 0.99
      vertex -73.7693 47.1121 0.99
    endloop
  endfacet
  facet normal 0 0 1
    outer loop
      vertex -73.7923 46.9568 0.99
      vertex -73.7923 46.6432 0.99
      vertex -73.7693 46.4879 0.99
    endloop
  endfacet
  facet normal 0 -0 1
    outer loop
      vertex -73.7923 46.6432 0.99
      vertex -73.7923 46.9568 0.99
      vertex -73.8 46.8 0.99
    endloop
  endfacet
  facet normal -0.741264 0.671213 0
    outer loop
      vertex -71.0686 45.6686 0.99
      vertex -70.9632 45.785 2
      vertex -70.9632 45.785 0.99
    endloop
  endfacet
  facet normal -0.741264 0.671213 0
    outer loop
      vertex -70.9632 45.785 2
      vertex -71.0686 45.6686 0.99
      vertex -71.0686 45.6686 2
    endloop
  endfacet
  facet normal 1 -0 0
    outer loop
      vertex 76.2 -50.8 2
      vertex 76.2 -42.8 0.299999
      vertex 76.2 -42.8 2
    endloop
  endfacet
  facet normal 1 0 0
    outer loop
      vertex 76.2 -42.8 0.299999
      vertex 76.2 -50.8 2
      vertex 76.2 -50.8 0.299999
    endloop
  endfacet
  facet normal 0 0 1
    outer loop
      vertex 76.2 -42.8 2
      vertex 73.8 -46.8 2
      vertex 76.2 -50.8 2
    endloop
  endfacet
  facet normal 0 0 1
    outer loop
      vertex 76.2 -42.8 2
      vertex 73.7923 -46.6432 2
      vertex 73.8 -46.8 2
    endloop
  endfacet
  facet normal 0 0 1
    outer loop
      vertex 76.2 -42.8 2
      vertex 73.7693 -46.4879 2
      vertex 73.7923 -46.6432 2
    endloop
  endfacet
  facet normal 0 0 1
    outer loop
      vertex 76.2 -42.8 2
      vertex 73.7311 -46.3355 2
      vertex 73.7693 -46.4879 2
    endloop
  endfacet
  facet normal 0 0 1
    outer loop
      vertex 76.2 -42.8 2
      vertex 73.6782 -46.1877 2
      vertex 73.7311 -46.3355 2
    endloop
  endfacet
  facet normal 0 0 1
    outer loop
      vertex 76.2 -42.8 2
      vertex 73.6111 -46.0458 2
      vertex 73.6782 -46.1877 2
    endloop
  endfacet
  facet normal 0 0 1
    outer loop
      vertex 76.2 -42.8 2
      vertex 73.5303 -45.9111 2
      vertex 73.6111 -46.0458 2
    endloop
  endfacet
  facet normal 0 0 1
    outer loop
      vertex 76.2 -42.8 2
      vertex 73.4368 -45.785 2
      vertex 73.5303 -45.9111 2
    endloop
  endfacet
  facet normal 0 0 1
    outer loop
      vertex 76.2 -42.8 2
      vertex 73.3314 -45.6686 2
      vertex 73.4368 -45.785 2
    endloop
  endfacet
  facet normal 0 0 1
    outer loop
      vertex 76.2 -42.8 2
      vertex 73.215 -45.5632 2
      vertex 73.3314 -45.6686 2
    endloop
  endfacet
  facet normal 0 0 1
    outer loop
      vertex 76.2 -42.8 2
      vertex 73.0889 -45.4697 2
      vertex 73.215 -45.5632 2
    endloop
  endfacet
  facet normal 0 0 1
    outer loop
      vertex 76.2 -42.8 2
      vertex 72.9542 -45.3889 2
      vertex 73.0889 -45.4697 2
    endloop
  endfacet
  facet normal 0 0 1
    outer loop
      vertex 76.2 -42.8 2
      vertex 72.8123 -45.3218 2
      vertex 72.9542 -45.3889 2
    endloop
  endfacet
  facet normal 0 0 1
    outer loop
      vertex 76.2 -42.8 2
      vertex 72.6645 -45.2689 2
      vertex 72.8123 -45.3218 2
    endloop
  endfacet
  facet normal 0 0 1
    outer loop
      vertex 76.2 -42.8 2
      vertex 72.5121 -45.2307 2
      vertex 72.6645 -45.2689 2
    endloop
  endfacet
  facet normal 0 0 1
    outer loop
      vertex 76.2 -42.8 2
      vertex 72.3568 -45.2077 2
      vertex 72.5121 -45.2307 2
    endloop
  endfacet
  facet normal 0 0 1
    outer loop
      vertex 76.2 -42.8 2
      vertex 72.2 -45.2 2
      vertex 72.3568 -45.2077 2
    endloop
  endfacet
  facet normal -0 0 1
    outer loop
      vertex 68.2 -42.8 2
      vertex 72.2 -45.2 2
      vertex 76.2 -42.8 2
    endloop
  endfacet
  facet normal 0 0 1
    outer loop
      vertex 72.2 -45.2 2
      vertex 68.2 -42.8 2
      vertex 72.0432 -45.2077 2
    endloop
  endfacet
  facet normal 0 0 1
    outer loop
      vertex 72.0432 -45.2077 2
      vertex 68.2 -42.8 2
      vertex 71.8879 -45.2307 2
    endloop
  endfacet
  facet normal 0 0 1
    outer loop
      vertex 71.8879 -45.2307 2
      vertex 68.2 -42.8 2
      vertex 71.7355 -45.2689 2
    endloop
  endfacet
  facet normal 0 0 1
    outer loop
      vertex 71.7355 -45.2689 2
      vertex 68.2 -42.8 2
      vertex 71.5877 -45.3218 2
    endloop
  endfacet
  facet normal 0 0 1
    outer loop
      vertex 70.6077 -46.6432 2
      vertex 68.2 -42.8 2
      vertex 70.6 -46.8 2
    endloop
  endfacet
  facet normal 0 0 1
    outer loop
      vertex 70.6307 -46.4879 2
      vertex 68.2 -42.8 2
      vertex 70.6077 -46.6432 2
    endloop
  endfacet
  facet normal 0 0 1
    outer loop
      vertex 70.6689 -46.3355 2
      vertex 68.2 -42.8 2
      vertex 70.6307 -46.4879 2
    endloop
  endfacet
  facet normal 0 0 1
    outer loop
      vertex 70.7218 -46.1877 2
      vertex 68.2 -42.8 2
      vertex 70.6689 -46.3355 2
    endloop
  endfacet
  facet normal 0 0 1
    outer loop
      vertex 70.7889 -46.0458 2
      vertex 68.2 -42.8 2
      vertex 70.7218 -46.1877 2
    endloop
  endfacet
  facet normal 0 0 1
    outer loop
      vertex 70.8696 -45.9111 2
      vertex 68.2 -42.8 2
      vertex 70.7889 -46.0458 2
    endloop
  endfacet
  facet normal 0 0 1
    outer loop
      vertex 70.9632 -45.785 2
      vertex 68.2 -42.8 2
      vertex 70.8696 -45.9111 2
    endloop
  endfacet
  facet normal 0 0 1
    outer loop
      vertex 71.0686 -45.6686 2
      vertex 68.2 -42.8 2
      vertex 70.9632 -45.785 2
    endloop
  endfacet
  facet normal 0 0 1
    outer loop
      vertex 71.185 -45.5632 2
      vertex 68.2 -42.8 2
      vertex 71.0686 -45.6686 2
    endloop
  endfacet
  facet normal 0 0 1
    outer loop
      vertex 71.3111 -45.4697 2
      vertex 68.2 -42.8 2
      vertex 71.185 -45.5632 2
    endloop
  endfacet
  facet normal 0 0 1
    outer loop
      vertex 71.4458 -45.3889 2
      vertex 68.2 -42.8 2
      vertex 71.3111 -45.4697 2
    endloop
  endfacet
  facet normal 0 0 1
    outer loop
      vertex 71.5877 -45.3218 2
      vertex 68.2 -42.8 2
      vertex 71.4458 -45.3889 2
    endloop
  endfacet
  facet normal -0 0 1
    outer loop
      vertex 73.7923 -46.9568 2
      vertex 76.2 -50.8 2
      vertex 73.8 -46.8 2
    endloop
  endfacet
  facet normal -0 0 1
    outer loop
      vertex 73.7693 -47.1121 2
      vertex 76.2 -50.8 2
      vertex 73.7923 -46.9568 2
    endloop
  endfacet
  facet normal -0 0 1
    outer loop
      vertex 73.7311 -47.2645 2
      vertex 76.2 -50.8 2
      vertex 73.7693 -47.1121 2
    endloop
  endfacet
  facet normal -0 0 1
    outer loop
      vertex 73.6782 -47.4123 2
      vertex 76.2 -50.8 2
      vertex 73.7311 -47.2645 2
    endloop
  endfacet
  facet normal -0 0 1
    outer loop
      vertex 73.6111 -47.5542 2
      vertex 76.2 -50.8 2
      vertex 73.6782 -47.4123 2
    endloop
  endfacet
  facet normal -0 0 1
    outer loop
      vertex 73.5303 -47.6889 2
      vertex 76.2 -50.8 2
      vertex 73.6111 -47.5542 2
    endloop
  endfacet
  facet normal -0 0 1
    outer loop
      vertex 73.4368 -47.815 2
      vertex 76.2 -50.8 2
      vertex 73.5303 -47.6889 2
    endloop
  endfacet
  facet normal -0 0 1
    outer loop
      vertex 73.3314 -47.9314 2
      vertex 76.2 -50.8 2
      vertex 73.4368 -47.815 2
    endloop
  endfacet
  facet normal -0 0 1
    outer loop
      vertex 73.215 -48.0368 2
      vertex 76.2 -50.8 2
      vertex 73.3314 -47.9314 2
    endloop
  endfacet
  facet normal -0 0 1
    outer loop
      vertex 73.0889 -48.1304 2
      vertex 76.2 -50.8 2
      vertex 73.215 -48.0368 2
    endloop
  endfacet
  facet normal -0 0 1
    outer loop
      vertex 72.9542 -48.2111 2
      vertex 76.2 -50.8 2
      vertex 73.0889 -48.1304 2
    endloop
  endfacet
  facet normal -0 0 1
    outer loop
      vertex 72.8123 -48.2782 2
      vertex 76.2 -50.8 2
      vertex 72.9542 -48.2111 2
    endloop
  endfacet
  facet normal -0 0 1
    outer loop
      vertex 72.6645 -48.3311 2
      vertex 76.2 -50.8 2
      vertex 72.8123 -48.2782 2
    endloop
  endfacet
  facet normal -0 0 1
    outer loop
      vertex 72.5121 -48.3693 2
      vertex 76.2 -50.8 2
      vertex 72.6645 -48.3311 2
    endloop
  endfacet
  facet normal -0 0 1
    outer loop
      vertex 72.3568 -48.3923 2
      vertex 76.2 -50.8 2
      vertex 72.5121 -48.3693 2
    endloop
  endfacet
  facet normal -0 0 1
    outer loop
      vertex 72.2 -48.4 2
      vertex 76.2 -50.8 2
      vertex 72.3568 -48.3923 2
    endloop
  endfacet
  facet normal 0 0 1
    outer loop
      vertex 68.2 -50.8 2
      vertex 72.2 -48.4 2
      vertex 72.0432 -48.3923 2
    endloop
  endfacet
  facet normal 0 0 1
    outer loop
      vertex 68.2 -50.8 2
      vertex 72.0432 -48.3923 2
      vertex 71.8879 -48.3693 2
    endloop
  endfacet
  facet normal 0 0 1
    outer loop
      vertex 68.2 -50.8 2
      vertex 71.8879 -48.3693 2
      vertex 71.7355 -48.3311 2
    endloop
  endfacet
  facet normal 0 0 1
    outer loop
      vertex 68.2 -50.8 2
      vertex 71.7355 -48.3311 2
      vertex 71.5877 -48.2782 2
    endloop
  endfacet
  facet normal 0 0 1
    outer loop
      vertex 68.2 -50.8 2
      vertex 71.5877 -48.2782 2
      vertex 71.4458 -48.2111 2
    endloop
  endfacet
  facet normal 0 0 1
    outer loop
      vertex 68.2 -50.8 2
      vertex 70.6 -46.8 2
      vertex 68.2 -42.8 2
    endloop
  endfacet
  facet normal 0 0 1
    outer loop
      vertex 70.6 -46.8 2
      vertex 68.2 -50.8 2
      vertex 70.6077 -46.9568 2
    endloop
  endfacet
  facet normal 0 0 1
    outer loop
      vertex 70.6077 -46.9568 2
      vertex 68.2 -50.8 2
      vertex 70.6307 -47.1121 2
    endloop
  endfacet
  facet normal 0 0 1
    outer loop
      vertex 70.6307 -47.1121 2
      vertex 68.2 -50.8 2
      vertex 70.6689 -47.2645 2
    endloop
  endfacet
  facet normal 0 0 1
    outer loop
      vertex 70.6689 -47.2645 2
      vertex 68.2 -50.8 2
      vertex 70.7218 -47.4123 2
    endloop
  endfacet
  facet normal 0 0 1
    outer loop
      vertex 72.2 -48.4 2
      vertex 68.2 -50.8 2
      vertex 76.2 -50.8 2
    endloop
  endfacet
  facet normal 0 0 1
    outer loop
      vertex 71.3111 -48.1304 2
      vertex 68.2 -50.8 2
      vertex 71.4458 -48.2111 2
    endloop
  endfacet
  facet normal 0 0 1
    outer loop
      vertex 71.185 -48.0368 2
      vertex 68.2 -50.8 2
      vertex 71.3111 -48.1304 2
    endloop
  endfacet
  facet normal 0 0 1
    outer loop
      vertex 71.0686 -47.9314 2
      vertex 68.2 -50.8 2
      vertex 71.185 -48.0368 2
    endloop
  endfacet
  facet normal 0 0 1
    outer loop
      vertex 70.9632 -47.815 2
      vertex 68.2 -50.8 2
      vertex 71.0686 -47.9314 2
    endloop
  endfacet
  facet normal 0 0 1
    outer loop
      vertex 70.8696 -47.6889 2
      vertex 68.2 -50.8 2
      vertex 70.9632 -47.815 2
    endloop
  endfacet
  facet normal 0 0 1
    outer loop
      vertex 70.7889 -47.5542 2
      vertex 68.2 -50.8 2
      vertex 70.8696 -47.6889 2
    endloop
  endfacet
  facet normal 0 0 1
    outer loop
      vertex 70.7218 -47.4123 2
      vertex 68.2 -50.8 2
      vertex 70.7889 -47.5542 2
    endloop
  endfacet
  facet normal -1 0 0
    outer loop
      vertex 68.2 -50.8 0.4
      vertex 68.2 -42.8 2
      vertex 68.2 -42.8 0.4
    endloop
  endfacet
  facet normal -1 0 0
    outer loop
      vertex 68.2 -50.8 0.4
      vertex 68.2 -50.8 2
      vertex 68.2 -42.8 2
    endloop
  endfacet
  facet normal 0 0 0
    outer loop
      vertex 68.2 -50.8 2
      vertex 68.2 -50.8 0.4
      vertex 68.2 -50.8 0.299999
    endloop
  endfacet
  facet normal 0 1 -0
    outer loop
      vertex 76.2 -42.8 0.4
      vertex 68.2 -42.8 2
      vertex 76.2 -42.8 2
    endloop
  endfacet
  facet normal 0 1 0
    outer loop
      vertex 68.2 -42.8 2
      vertex 76.2 -42.8 0.4
      vertex 68.2 -42.8 0.4
    endloop
  endfacet
  facet normal -0 0 0
    outer loop
      vertex 76.2 -42.8 0.4
      vertex 76.2 -42.8 2
      vertex 76.2 -42.8 0.299999
    endloop
  endfacet
  facet normal 0 -1 0
    outer loop
      vertex 68.2 -50.8 0.299999
      vertex 76.2 -50.8 2
      vertex 68.2 -50.8 2
    endloop
  endfacet
  facet normal 0 -1 -0
    outer loop
      vertex 76.2 -50.8 2
      vertex 68.2 -50.8 0.299999
      vertex 76.2 -50.8 0.299999
    endloop
  endfacet
  facet normal -0.049048 -0.998796 0
    outer loop
      vertex 72.2 -45.2 0.99
      vertex 72.3568 -45.2077 2
      vertex 72.2 -45.2 2
    endloop
  endfacet
  facet normal -0.049048 -0.998796 -0
    outer loop
      vertex 72.3568 -45.2077 2
      vertex 72.2 -45.2 0.99
      vertex 72.3568 -45.2077 0.99
    endloop
  endfacet
  facet normal 0.998796 0.049048 0
    outer loop
      vertex 70.6077 -46.9568 2
      vertex 70.6 -46.8 0.99
      vertex 70.6 -46.8 2
    endloop
  endfacet
  facet normal 0.998796 0.049048 0
    outer loop
      vertex 70.6 -46.8 0.99
      vertex 70.6077 -46.9568 2
      vertex 70.6077 -46.9568 0.99
    endloop
  endfacet
  facet normal -0.998796 0.049048 0
    outer loop
      vertex 73.7923 -46.9568 0.99
      vertex 73.8 -46.8 2
      vertex 73.8 -46.8 0.99
    endloop
  endfacet
  facet normal -0.998796 0.049048 0
    outer loop
      vertex 73.8 -46.8 2
      vertex 73.7923 -46.9568 0.99
      vertex 73.7923 -46.9568 2
    endloop
  endfacet
  facet normal 0.904023 -0.427484 0
    outer loop
      vertex 70.7218 -46.1877 2
      vertex 70.7889 -46.0458 0.99
      vertex 70.7889 -46.0458 2
    endloop
  endfacet
  facet normal 0.904023 -0.427484 0
    outer loop
      vertex 70.7889 -46.0458 0.99
      vertex 70.7218 -46.1877 2
      vertex 70.7218 -46.1877 0.99
    endloop
  endfacet
  facet normal 0.671213 -0.741264 0
    outer loop
      vertex 71.0686 -45.6686 0.99
      vertex 71.185 -45.5632 2
      vertex 71.0686 -45.6686 2
    endloop
  endfacet
  facet normal 0.671213 -0.741264 0
    outer loop
      vertex 71.185 -45.5632 2
      vertex 71.0686 -45.6686 0.99
      vertex 71.185 -45.5632 0.99
    endloop
  endfacet
  facet normal -0.741264 0.671213 0
    outer loop
      vertex 73.3314 -47.9314 0.99
      vertex 73.4368 -47.815 2
      vertex 73.4368 -47.815 0.99
    endloop
  endfacet
  facet normal -0.741264 0.671213 0
    outer loop
      vertex 73.4368 -47.815 2
      vertex 73.3314 -47.9314 0.99
      vertex 73.3314 -47.9314 2
    endloop
  endfacet
  facet normal 0.146502 0.98921 -0
    outer loop
      vertex 72.0432 -48.3923 0.99
      vertex 71.8879 -48.3693 2
      vertex 72.0432 -48.3923 2
    endloop
  endfacet
  facet normal 0.146502 0.98921 0
    outer loop
      vertex 71.8879 -48.3693 2
      vertex 72.0432 -48.3923 0.99
      vertex 71.8879 -48.3693 0.99
    endloop
  endfacet
  facet normal 0.336982 0.941511 -0
    outer loop
      vertex 71.7355 -48.3311 0.99
      vertex 71.5877 -48.2782 2
      vertex 71.7355 -48.3311 2
    endloop
  endfacet
  facet normal 0.336982 0.941511 0
    outer loop
      vertex 71.5877 -48.2782 2
      vertex 71.7355 -48.3311 0.99
      vertex 71.5877 -48.2782 0.99
    endloop
  endfacet
  facet normal 0.969993 0.243135 0
    outer loop
      vertex 70.6689 -47.2645 2
      vertex 70.6307 -47.1121 0.99
      vertex 70.6307 -47.1121 2
    endloop
  endfacet
  facet normal 0.969993 0.243135 0
    outer loop
      vertex 70.6307 -47.1121 0.99
      vertex 70.6689 -47.2645 2
      vertex 70.6689 -47.2645 0.99
    endloop
  endfacet
  facet normal -0.513934 0.85783 0
    outer loop
      vertex 73.0889 -48.1304 0.99
      vertex 72.9542 -48.2111 2
      vertex 73.0889 -48.1304 2
    endloop
  endfacet
  facet normal -0.513934 0.85783 0
    outer loop
      vertex 72.9542 -48.2111 2
      vertex 73.0889 -48.1304 0.99
      vertex 72.9542 -48.2111 0.99
    endloop
  endfacet
  facet normal 0.741264 -0.671213 0
    outer loop
      vertex 70.9632 -45.785 2
      vertex 71.0686 -45.6686 0.99
      vertex 71.0686 -45.6686 2
    endloop
  endfacet
  facet normal 0.741264 -0.671213 0
    outer loop
      vertex 71.0686 -45.6686 0.99
      vertex 70.9632 -45.785 2
      vertex 70.9632 -45.785 0.99
    endloop
  endfacet
  facet normal -0.803275 0.595608 0
    outer loop
      vertex 73.4368 -47.815 0.99
      vertex 73.5303 -47.6889 2
      vertex 73.5303 -47.6889 0.99
    endloop
  endfacet
  facet normal -0.803275 0.595608 0
    outer loop
      vertex 73.5303 -47.6889 2
      vertex 73.4368 -47.815 0.99
      vertex 73.4368 -47.815 2
    endloop
  endfacet
  facet normal -0.427484 -0.904023 0
    outer loop
      vertex 72.8123 -45.3218 0.99
      vertex 72.9542 -45.3889 2
      vertex 72.8123 -45.3218 2
    endloop
  endfacet
  facet normal -0.427484 -0.904023 -0
    outer loop
      vertex 72.9542 -45.3889 2
      vertex 72.8123 -45.3218 0.99
      vertex 72.9542 -45.3889 0.99
    endloop
  endfacet
  facet normal -0.741264 -0.671213 0
    outer loop
      vertex 73.4368 -45.785 0.99
      vertex 73.3314 -45.6686 2
      vertex 73.3314 -45.6686 0.99
    endloop
  endfacet
  facet normal -0.741264 -0.671213 0
    outer loop
      vertex 73.3314 -45.6686 2
      vertex 73.4368 -45.785 0.99
      vertex 73.4368 -45.785 2
    endloop
  endfacet
  facet normal -0.857549 0.514402 0
    outer loop
      vertex 73.5303 -47.6889 0.99
      vertex 73.6111 -47.5542 2
      vertex 73.6111 -47.5542 0.99
    endloop
  endfacet
  facet normal -0.857549 0.514402 0
    outer loop
      vertex 73.6111 -47.5542 2
      vertex 73.5303 -47.6889 0.99
      vertex 73.5303 -47.6889 2
    endloop
  endfacet
  facet normal -0.98921 -0.146502 0
    outer loop
      vertex 73.7923 -46.6432 0.99
      vertex 73.7693 -46.4879 2
      vertex 73.7693 -46.4879 0.99
    endloop
  endfacet
  facet normal -0.98921 -0.146502 0
    outer loop
      vertex 73.7693 -46.4879 2
      vertex 73.7923 -46.6432 0.99
      vertex 73.7923 -46.6432 2
    endloop
  endfacet
  facet normal -0.998796 -0.049048 0
    outer loop
      vertex 73.8 -46.8 0.99
      vertex 73.7923 -46.6432 2
      vertex 73.7923 -46.6432 0.99
    endloop
  endfacet
  facet normal -0.998796 -0.049048 0
    outer loop
      vertex 73.7923 -46.6432 2
      vertex 73.8 -46.8 0.99
      vertex 73.8 -46.8 2
    endloop
  endfacet
  facet normal -0.243135 0.969993 0
    outer loop
      vertex 72.6645 -48.3311 0.99
      vertex 72.5121 -48.3693 2
      vertex 72.6645 -48.3311 2
    endloop
  endfacet
  facet normal -0.243135 0.969993 0
    outer loop
      vertex 72.5121 -48.3693 2
      vertex 72.6645 -48.3311 0.99
      vertex 72.5121 -48.3693 0.99
    endloop
  endfacet
  facet normal -0.336982 -0.941511 0
    outer loop
      vertex 72.6645 -45.2689 0.99
      vertex 72.8123 -45.3218 2
      vertex 72.6645 -45.2689 2
    endloop
  endfacet
  facet normal -0.336982 -0.941511 -0
    outer loop
      vertex 72.8123 -45.3218 2
      vertex 72.6645 -45.2689 0.99
      vertex 72.8123 -45.3218 0.99
    endloop
  endfacet
  facet normal 0.941511 0.336982 0
    outer loop
      vertex 70.7218 -47.4123 2
      vertex 70.6689 -47.2645 0.99
      vertex 70.6689 -47.2645 2
    endloop
  endfacet
  facet normal 0.941511 0.336982 0
    outer loop
      vertex 70.6689 -47.2645 0.99
      vertex 70.7218 -47.4123 2
      vertex 70.7218 -47.4123 0.99
    endloop
  endfacet
  facet normal 0.049048 0.998796 -0
    outer loop
      vertex 72.2 -48.4 0.99
      vertex 72.0432 -48.3923 2
      vertex 72.2 -48.4 2
    endloop
  endfacet
  facet normal 0.049048 0.998796 0
    outer loop
      vertex 72.0432 -48.3923 2
      vertex 72.2 -48.4 0.99
      vertex 72.0432 -48.3923 0.99
    endloop
  endfacet
  facet normal 0.741264 0.671213 0
    outer loop
      vertex 71.0686 -47.9314 2
      vertex 70.9632 -47.815 0.99
      vertex 70.9632 -47.815 2
    endloop
  endfacet
  facet normal 0.741264 0.671213 0
    outer loop
      vertex 70.9632 -47.815 0.99
      vertex 71.0686 -47.9314 2
      vertex 71.0686 -47.9314 0.99
    endloop
  endfacet
  facet normal 0.336982 -0.941511 0
    outer loop
      vertex 71.5877 -45.3218 0.99
      vertex 71.7355 -45.2689 2
      vertex 71.5877 -45.3218 2
    endloop
  endfacet
  facet normal 0.336982 -0.941511 0
    outer loop
      vertex 71.7355 -45.2689 2
      vertex 71.5877 -45.3218 0.99
      vertex 71.7355 -45.2689 0.99
    endloop
  endfacet
  facet normal 0.146502 -0.98921 0
    outer loop
      vertex 71.8879 -45.2307 0.99
      vertex 72.0432 -45.2077 2
      vertex 71.8879 -45.2307 2
    endloop
  endfacet
  facet normal 0.146502 -0.98921 0
    outer loop
      vertex 72.0432 -45.2077 2
      vertex 71.8879 -45.2307 0.99
      vertex 72.0432 -45.2077 0.99
    endloop
  endfacet
  facet normal -0.803275 -0.595608 0
    outer loop
      vertex 73.5303 -45.9111 0.99
      vertex 73.4368 -45.785 2
      vertex 73.4368 -45.785 0.99
    endloop
  endfacet
  facet normal -0.803275 -0.595608 0
    outer loop
      vertex 73.4368 -45.785 2
      vertex 73.5303 -45.9111 0.99
      vertex 73.5303 -45.9111 2
    endloop
  endfacet
  facet normal 0.98921 -0.146502 0
    outer loop
      vertex 70.6077 -46.6432 2
      vertex 70.6307 -46.4879 0.99
      vertex 70.6307 -46.4879 2
    endloop
  endfacet
  facet normal 0.98921 -0.146502 0
    outer loop
      vertex 70.6307 -46.4879 0.99
      vertex 70.6077 -46.6432 2
      vertex 70.6077 -46.6432 0.99
    endloop
  endfacet
  facet normal -0.049048 0.998796 0
    outer loop
      vertex 72.3568 -48.3923 0.99
      vertex 72.2 -48.4 2
      vertex 72.3568 -48.3923 2
    endloop
  endfacet
  facet normal -0.049048 0.998796 0
    outer loop
      vertex 72.2 -48.4 2
      vertex 72.3568 -48.3923 0.99
      vertex 72.2 -48.4 0.99
    endloop
  endfacet
  facet normal -0.969993 -0.243135 0
    outer loop
      vertex 73.7693 -46.4879 0.99
      vertex 73.7311 -46.3355 2
      vertex 73.7311 -46.3355 0.99
    endloop
  endfacet
  facet normal -0.969993 -0.243135 0
    outer loop
      vertex 73.7311 -46.3355 2
      vertex 73.7693 -46.4879 0.99
      vertex 73.7693 -46.4879 2
    endloop
  endfacet
  facet normal 0 0 1
    outer loop
      vertex 73.7923 -46.6432 0.99
      vertex 73.7923 -46.9568 0.99
      vertex 73.8 -46.8 0.99
    endloop
  endfacet
  facet normal 0 0 1
    outer loop
      vertex 73.7693 -46.4879 0.99
      vertex 73.7923 -46.9568 0.99
      vertex 73.7923 -46.6432 0.99
    endloop
  endfacet
  facet normal 0 0 1
    outer loop
      vertex 73.7693 -46.4879 0.99
      vertex 73.7693 -47.1121 0.99
      vertex 73.7923 -46.9568 0.99
    endloop
  endfacet
  facet normal 0 0 1
    outer loop
      vertex 73.7311 -46.3355 0.99
      vertex 73.7693 -47.1121 0.99
      vertex 73.7693 -46.4879 0.99
    endloop
  endfacet
  facet normal 0 0 1
    outer loop
      vertex 73.7311 -46.3355 0.99
      vertex 73.7311 -47.2645 0.99
      vertex 73.7693 -47.1121 0.99
    endloop
  endfacet
  facet normal 0 0 1
    outer loop
      vertex 73.6782 -46.1877 0.99
      vertex 73.7311 -47.2645 0.99
      vertex 73.7311 -46.3355 0.99
    endloop
  endfacet
  facet normal 0 0 1
    outer loop
      vertex 73.6782 -46.1877 0.99
      vertex 73.6782 -47.4123 0.99
      vertex 73.7311 -47.2645 0.99
    endloop
  endfacet
  facet normal 0 0 1
    outer loop
      vertex 73.6111 -46.0458 0.99
      vertex 73.6782 -47.4123 0.99
      vertex 73.6782 -46.1877 0.99
    endloop
  endfacet
  facet normal 0 0 1
    outer loop
      vertex 73.6111 -46.0458 0.99
      vertex 73.6111 -47.5542 0.99
      vertex 73.6782 -47.4123 0.99
    endloop
  endfacet
  facet normal 0 0 1
    outer loop
      vertex 73.5303 -45.9111 0.99
      vertex 73.6111 -47.5542 0.99
      vertex 73.6111 -46.0458 0.99
    endloop
  endfacet
  facet normal 0 0 1
    outer loop
      vertex 73.5303 -45.9111 0.99
      vertex 73.5303 -47.6889 0.99
      vertex 73.6111 -47.5542 0.99
    endloop
  endfacet
  facet normal 0 0 1
    outer loop
      vertex 73.4368 -45.785 0.99
      vertex 73.5303 -47.6889 0.99
      vertex 73.5303 -45.9111 0.99
    endloop
  endfacet
  facet normal 0 0 1
    outer loop
      vertex 73.4368 -45.785 0.99
      vertex 73.4368 -47.815 0.99
      vertex 73.5303 -47.6889 0.99
    endloop
  endfacet
  facet normal 0 0 1
    outer loop
      vertex 73.3314 -45.6686 0.99
      vertex 73.4368 -47.815 0.99
      vertex 73.4368 -45.785 0.99
    endloop
  endfacet
  facet normal 0 0 1
    outer loop
      vertex 73.3314 -45.6686 0.99
      vertex 73.3314 -47.9314 0.99
      vertex 73.4368 -47.815 0.99
    endloop
  endfacet
  facet normal 0 0 1
    outer loop
      vertex 73.215 -45.5632 0.99
      vertex 73.3314 -47.9314 0.99
      vertex 73.3314 -45.6686 0.99
    endloop
  endfacet
  facet normal 0 0 1
    outer loop
      vertex 73.215 -45.5632 0.99
      vertex 73.215 -48.0368 0.99
      vertex 73.3314 -47.9314 0.99
    endloop
  endfacet
  facet normal 0 0 1
    outer loop
      vertex 73.0889 -45.4697 0.99
      vertex 73.215 -48.0368 0.99
      vertex 73.215 -45.5632 0.99
    endloop
  endfacet
  facet normal 0 0 1
    outer loop
      vertex 73.0889 -45.4697 0.99
      vertex 73.0889 -48.1304 0.99
      vertex 73.215 -48.0368 0.99
    endloop
  endfacet
  facet normal 0 0 1
    outer loop
      vertex 72.9542 -45.3889 0.99
      vertex 73.0889 -48.1304 0.99
      vertex 73.0889 -45.4697 0.99
    endloop
  endfacet
  facet normal 0 0 1
    outer loop
      vertex 72.9542 -45.3889 0.99
      vertex 72.9542 -48.2111 0.99
      vertex 73.0889 -48.1304 0.99
    endloop
  endfacet
  facet normal 0 0 1
    outer loop
      vertex 72.8123 -45.3218 0.99
      vertex 72.9542 -48.2111 0.99
      vertex 72.9542 -45.3889 0.99
    endloop
  endfacet
  facet normal 0 0 1
    outer loop
      vertex 72.8123 -45.3218 0.99
      vertex 72.8123 -48.2782 0.99
      vertex 72.9542 -48.2111 0.99
    endloop
  endfacet
  facet normal 0 0 1
    outer loop
      vertex 72.6645 -45.2689 0.99
      vertex 72.8123 -48.2782 0.99
      vertex 72.8123 -45.3218 0.99
    endloop
  endfacet
  facet normal 0 0 1
    outer loop
      vertex 72.6645 -45.2689 0.99
      vertex 72.6645 -48.3311 0.99
      vertex 72.8123 -48.2782 0.99
    endloop
  endfacet
  facet normal 0 0 1
    outer loop
      vertex 72.5121 -45.2307 0.99
      vertex 72.6645 -48.3311 0.99
      vertex 72.6645 -45.2689 0.99
    endloop
  endfacet
  facet normal 0 0 1
    outer loop
      vertex 72.5121 -45.2307 0.99
      vertex 72.5121 -48.3693 0.99
      vertex 72.6645 -48.3311 0.99
    endloop
  endfacet
  facet normal 0 0 1
    outer loop
      vertex 72.3568 -45.2077 0.99
      vertex 72.5121 -48.3693 0.99
      vertex 72.5121 -45.2307 0.99
    endloop
  endfacet
  facet normal 0 0 1
    outer loop
      vertex 72.3568 -45.2077 0.99
      vertex 72.3568 -48.3923 0.99
      vertex 72.5121 -48.3693 0.99
    endloop
  endfacet
  facet normal 0 0 1
    outer loop
      vertex 72.2 -45.2 0.99
      vertex 72.3568 -48.3923 0.99
      vertex 72.3568 -45.2077 0.99
    endloop
  endfacet
  facet normal 0 0 1
    outer loop
      vertex 72.2 -45.2 0.99
      vertex 72.2 -48.4 0.99
      vertex 72.3568 -48.3923 0.99
    endloop
  endfacet
  facet normal -0 0 1
    outer loop
      vertex 72.0432 -45.2077 0.99
      vertex 72.2 -48.4 0.99
      vertex 72.2 -45.2 0.99
    endloop
  endfacet
  facet normal 0 0 1
    outer loop
      vertex 72.0432 -45.2077 0.99
      vertex 72.0432 -48.3923 0.99
      vertex 72.2 -48.4 0.99
    endloop
  endfacet
  facet normal -0 0 1
    outer loop
      vertex 71.8879 -45.2307 0.99
      vertex 72.0432 -48.3923 0.99
      vertex 72.0432 -45.2077 0.99
    endloop
  endfacet
  facet normal 0 0 1
    outer loop
      vertex 71.8879 -45.2307 0.99
      vertex 71.8879 -48.3693 0.99
      vertex 72.0432 -48.3923 0.99
    endloop
  endfacet
  facet normal -0 0 1
    outer loop
      vertex 71.7355 -45.2689 0.99
      vertex 71.8879 -48.3693 0.99
      vertex 71.8879 -45.2307 0.99
    endloop
  endfacet
  facet normal 0 0 1
    outer loop
      vertex 71.7355 -45.2689 0.99
      vertex 71.7355 -48.3311 0.99
      vertex 71.8879 -48.3693 0.99
    endloop
  endfacet
  facet normal -0 0 1
    outer loop
      vertex 71.5877 -45.3218 0.99
      vertex 71.7355 -48.3311 0.99
      vertex 71.7355 -45.2689 0.99
    endloop
  endfacet
  facet normal 0 0 1
    outer loop
      vertex 71.5877 -45.3218 0.99
      vertex 71.5877 -48.2782 0.99
      vertex 71.7355 -48.3311 0.99
    endloop
  endfacet
  facet normal -0 0 1
    outer loop
      vertex 71.4458 -45.3889 0.99
      vertex 71.5877 -48.2782 0.99
      vertex 71.5877 -45.3218 0.99
    endloop
  endfacet
  facet normal 0 0 1
    outer loop
      vertex 71.4458 -45.3889 0.99
      vertex 71.4458 -48.2111 0.99
      vertex 71.5877 -48.2782 0.99
    endloop
  endfacet
  facet normal -0 0 1
    outer loop
      vertex 71.3111 -45.4697 0.99
      vertex 71.4458 -48.2111 0.99
      vertex 71.4458 -45.3889 0.99
    endloop
  endfacet
  facet normal 0 0 1
    outer loop
      vertex 71.3111 -45.4697 0.99
      vertex 71.3111 -48.1304 0.99
      vertex 71.4458 -48.2111 0.99
    endloop
  endfacet
  facet normal -0 0 1
    outer loop
      vertex 71.185 -45.5632 0.99
      vertex 71.3111 -48.1304 0.99
      vertex 71.3111 -45.4697 0.99
    endloop
  endfacet
  facet normal 0 0 1
    outer loop
      vertex 71.185 -45.5632 0.99
      vertex 71.185 -48.0368 0.99
      vertex 71.3111 -48.1304 0.99
    endloop
  endfacet
  facet normal -0 0 1
    outer loop
      vertex 71.0686 -45.6686 0.99
      vertex 71.185 -48.0368 0.99
      vertex 71.185 -45.5632 0.99
    endloop
  endfacet
  facet normal 0 0 1
    outer loop
      vertex 71.0686 -45.6686 0.99
      vertex 71.0686 -47.9314 0.99
      vertex 71.185 -48.0368 0.99
    endloop
  endfacet
  facet normal -0 0 1
    outer loop
      vertex 70.9632 -45.785 0.99
      vertex 71.0686 -47.9314 0.99
      vertex 71.0686 -45.6686 0.99
    endloop
  endfacet
  facet normal 0 0 1
    outer loop
      vertex 70.9632 -45.785 0.99
      vertex 70.9632 -47.815 0.99
      vertex 71.0686 -47.9314 0.99
    endloop
  endfacet
  facet normal -0 0 1
    outer loop
      vertex 70.8696 -45.9111 0.99
      vertex 70.9632 -47.815 0.99
      vertex 70.9632 -45.785 0.99
    endloop
  endfacet
  facet normal 0 0 1
    outer loop
      vertex 70.8696 -45.9111 0.99
      vertex 70.8696 -47.6889 0.99
      vertex 70.9632 -47.815 0.99
    endloop
  endfacet
  facet normal -0 0 1
    outer loop
      vertex 70.7889 -46.0458 0.99
      vertex 70.8696 -47.6889 0.99
      vertex 70.8696 -45.9111 0.99
    endloop
  endfacet
  facet normal 0 0 1
    outer loop
      vertex 70.7889 -46.0458 0.99
      vertex 70.7889 -47.5542 0.99
      vertex 70.8696 -47.6889 0.99
    endloop
  endfacet
  facet normal -0 0 1
    outer loop
      vertex 70.7218 -46.1877 0.99
      vertex 70.7889 -47.5542 0.99
      vertex 70.7889 -46.0458 0.99
    endloop
  endfacet
  facet normal 0 0 1
    outer loop
      vertex 70.7218 -46.1877 0.99
      vertex 70.7218 -47.4123 0.99
      vertex 70.7889 -47.5542 0.99
    endloop
  endfacet
  facet normal -0 0 1
    outer loop
      vertex 70.6689 -46.3355 0.99
      vertex 70.7218 -47.4123 0.99
      vertex 70.7218 -46.1877 0.99
    endloop
  endfacet
  facet normal 0 0 1
    outer loop
      vertex 70.6689 -46.3355 0.99
      vertex 70.6689 -47.2645 0.99
      vertex 70.7218 -47.4123 0.99
    endloop
  endfacet
  facet normal -0 0 1
    outer loop
      vertex 70.6307 -46.4879 0.99
      vertex 70.6689 -47.2645 0.99
      vertex 70.6689 -46.3355 0.99
    endloop
  endfacet
  facet normal 0 0 1
    outer loop
      vertex 70.6307 -46.4879 0.99
      vertex 70.6307 -47.1121 0.99
      vertex 70.6689 -47.2645 0.99
    endloop
  endfacet
  facet normal -0 0 1
    outer loop
      vertex 70.6077 -46.6432 0.99
      vertex 70.6307 -47.1121 0.99
      vertex 70.6307 -46.4879 0.99
    endloop
  endfacet
  facet normal 0 0 1
    outer loop
      vertex 70.6077 -46.6432 0.99
      vertex 70.6077 -46.9568 0.99
      vertex 70.6307 -47.1121 0.99
    endloop
  endfacet
  facet normal 0 -0 1
    outer loop
      vertex 70.6077 -46.9568 0.99
      vertex 70.6077 -46.6432 0.99
      vertex 70.6 -46.8 0.99
    endloop
  endfacet
  facet normal -0.146502 -0.98921 0
    outer loop
      vertex 72.3568 -45.2077 0.99
      vertex 72.5121 -45.2307 2
      vertex 72.3568 -45.2077 2
    endloop
  endfacet
  facet normal -0.146502 -0.98921 -0
    outer loop
      vertex 72.5121 -45.2307 2
      vertex 72.3568 -45.2077 0.99
      vertex 72.5121 -45.2307 0.99
    endloop
  endfacet
  facet normal -0.941511 -0.336982 0
    outer loop
      vertex 73.7311 -46.3355 0.99
      vertex 73.6782 -46.1877 2
      vertex 73.6782 -46.1877 0.99
    endloop
  endfacet
  facet normal -0.941511 -0.336982 0
    outer loop
      vertex 73.6782 -46.1877 2
      vertex 73.7311 -46.3355 0.99
      vertex 73.7311 -46.3355 2
    endloop
  endfacet
  facet normal 0.98921 0.146502 0
    outer loop
      vertex 70.6307 -47.1121 2
      vertex 70.6077 -46.9568 0.99
      vertex 70.6077 -46.9568 2
    endloop
  endfacet
  facet normal 0.98921 0.146502 0
    outer loop
      vertex 70.6077 -46.9568 0.99
      vertex 70.6307 -47.1121 2
      vertex 70.6307 -47.1121 0.99
    endloop
  endfacet
  facet normal -0.904023 -0.427484 0
    outer loop
      vertex 73.6782 -46.1877 0.99
      vertex 73.6111 -46.0458 2
      vertex 73.6111 -46.0458 0.99
    endloop
  endfacet
  facet normal -0.904023 -0.427484 0
    outer loop
      vertex 73.6111 -46.0458 2
      vertex 73.6782 -46.1877 0.99
      vertex 73.6782 -46.1877 2
    endloop
  endfacet
  facet normal 0.904023 0.427484 0
    outer loop
      vertex 70.7889 -47.5542 2
      vertex 70.7218 -47.4123 0.99
      vertex 70.7218 -47.4123 2
    endloop
  endfacet
  facet normal 0.904023 0.427484 0
    outer loop
      vertex 70.7218 -47.4123 0.99
      vertex 70.7889 -47.5542 2
      vertex 70.7889 -47.5542 0.99
    endloop
  endfacet
  facet normal -0.857549 -0.514402 0
    outer loop
      vertex 73.6111 -46.0458 0.99
      vertex 73.5303 -45.9111 2
      vertex 73.5303 -45.9111 0.99
    endloop
  endfacet
  facet normal -0.857549 -0.514402 0
    outer loop
      vertex 73.5303 -45.9111 2
      vertex 73.6111 -46.0458 0.99
      vertex 73.6111 -46.0458 2
    endloop
  endfacet
  facet normal -0.595608 -0.803275 0
    outer loop
      vertex 73.0889 -45.4697 0.99
      vertex 73.215 -45.5632 2
      vertex 73.0889 -45.4697 2
    endloop
  endfacet
  facet normal -0.595608 -0.803275 -0
    outer loop
      vertex 73.215 -45.5632 2
      vertex 73.0889 -45.4697 0.99
      vertex 73.215 -45.5632 0.99
    endloop
  endfacet
  facet normal 0.243135 -0.969993 0
    outer loop
      vertex 71.7355 -45.2689 0.99
      vertex 71.8879 -45.2307 2
      vertex 71.7355 -45.2689 2
    endloop
  endfacet
  facet normal 0.243135 -0.969993 0
    outer loop
      vertex 71.8879 -45.2307 2
      vertex 71.7355 -45.2689 0.99
      vertex 71.8879 -45.2307 0.99
    endloop
  endfacet
  facet normal 0.85783 0.513934 0
    outer loop
      vertex 70.8696 -47.6889 2
      vertex 70.7889 -47.5542 0.99
      vertex 70.7889 -47.5542 2
    endloop
  endfacet
  facet normal 0.85783 0.513934 0
    outer loop
      vertex 70.7889 -47.5542 0.99
      vertex 70.8696 -47.6889 2
      vertex 70.8696 -47.6889 0.99
    endloop
  endfacet
  facet normal -0.146502 0.98921 0
    outer loop
      vertex 72.5121 -48.3693 0.99
      vertex 72.3568 -48.3923 2
      vertex 72.5121 -48.3693 2
    endloop
  endfacet
  facet normal -0.146502 0.98921 0
    outer loop
      vertex 72.3568 -48.3923 2
      vertex 72.5121 -48.3693 0.99
      vertex 72.3568 -48.3923 0.99
    endloop
  endfacet
  facet normal 0.998796 -0.049048 0
    outer loop
      vertex 70.6 -46.8 2
      vertex 70.6077 -46.6432 0.99
      vertex 70.6077 -46.6432 2
    endloop
  endfacet
  facet normal 0.998796 -0.049048 0
    outer loop
      vertex 70.6077 -46.6432 0.99
      vertex 70.6 -46.8 2
      vertex 70.6 -46.8 0.99
    endloop
  endfacet
  facet normal 0.969993 -0.243135 0
    outer loop
      vertex 70.6307 -46.4879 2
      vertex 70.6689 -46.3355 0.99
      vertex 70.6689 -46.3355 2
    endloop
  endfacet
  facet normal 0.969993 -0.243135 0
    outer loop
      vertex 70.6689 -46.3355 0.99
      vertex 70.6307 -46.4879 2
      vertex 70.6307 -46.4879 0.99
    endloop
  endfacet
  facet normal -0.514402 -0.857549 0
    outer loop
      vertex 72.9542 -45.3889 0.99
      vertex 73.0889 -45.4697 2
      vertex 72.9542 -45.3889 2
    endloop
  endfacet
  facet normal -0.514402 -0.857549 -0
    outer loop
      vertex 73.0889 -45.4697 2
      vertex 72.9542 -45.3889 0.99
      vertex 73.0889 -45.4697 0.99
    endloop
  endfacet
  facet normal 0.513934 0.85783 -0
    outer loop
      vertex 71.4458 -48.2111 0.99
      vertex 71.3111 -48.1304 2
      vertex 71.4458 -48.2111 2
    endloop
  endfacet
  facet normal 0.513934 0.85783 0
    outer loop
      vertex 71.3111 -48.1304 2
      vertex 71.4458 -48.2111 0.99
      vertex 71.3111 -48.1304 0.99
    endloop
  endfacet
  facet normal 0.941511 -0.336982 0
    outer loop
      vertex 70.6689 -46.3355 2
      vertex 70.7218 -46.1877 0.99
      vertex 70.7218 -46.1877 2
    endloop
  endfacet
  facet normal 0.941511 -0.336982 0
    outer loop
      vertex 70.7218 -46.1877 0.99
      vertex 70.6689 -46.3355 2
      vertex 70.6689 -46.3355 0.99
    endloop
  endfacet
  facet normal -0.941511 0.336982 0
    outer loop
      vertex 73.6782 -47.4123 0.99
      vertex 73.7311 -47.2645 2
      vertex 73.7311 -47.2645 0.99
    endloop
  endfacet
  facet normal -0.941511 0.336982 0
    outer loop
      vertex 73.7311 -47.2645 2
      vertex 73.6782 -47.4123 0.99
      vertex 73.6782 -47.4123 2
    endloop
  endfacet
  facet normal -0.904023 0.427484 0
    outer loop
      vertex 73.6111 -47.5542 0.99
      vertex 73.6782 -47.4123 2
      vertex 73.6782 -47.4123 0.99
    endloop
  endfacet
  facet normal -0.904023 0.427484 0
    outer loop
      vertex 73.6782 -47.4123 2
      vertex 73.6111 -47.5542 0.99
      vertex 73.6111 -47.5542 2
    endloop
  endfacet
  facet normal 0.427484 0.904023 -0
    outer loop
      vertex 71.5877 -48.2782 0.99
      vertex 71.4458 -48.2111 2
      vertex 71.5877 -48.2782 2
    endloop
  endfacet
  facet normal 0.427484 0.904023 0
    outer loop
      vertex 71.4458 -48.2111 2
      vertex 71.5877 -48.2782 0.99
      vertex 71.4458 -48.2111 0.99
    endloop
  endfacet
  facet normal 0.049048 -0.998796 0
    outer loop
      vertex 72.0432 -45.2077 0.99
      vertex 72.2 -45.2 2
      vertex 72.0432 -45.2077 2
    endloop
  endfacet
  facet normal 0.049048 -0.998796 0
    outer loop
      vertex 72.2 -45.2 2
      vertex 72.0432 -45.2077 0.99
      vertex 72.2 -45.2 0.99
    endloop
  endfacet
  facet normal 0.671213 0.741264 -0
    outer loop
      vertex 71.185 -48.0368 0.99
      vertex 71.0686 -47.9314 2
      vertex 71.185 -48.0368 2
    endloop
  endfacet
  facet normal 0.671213 0.741264 0
    outer loop
      vertex 71.0686 -47.9314 2
      vertex 71.185 -48.0368 0.99
      vertex 71.0686 -47.9314 0.99
    endloop
  endfacet
  facet normal 0.595608 -0.803275 0
    outer loop
      vertex 71.185 -45.5632 0.99
      vertex 71.3111 -45.4697 2
      vertex 71.185 -45.5632 2
    endloop
  endfacet
  facet normal 0.595608 -0.803275 0
    outer loop
      vertex 71.3111 -45.4697 2
      vertex 71.185 -45.5632 0.99
      vertex 71.3111 -45.4697 0.99
    endloop
  endfacet
  facet normal 0.80297 0.596019 0
    outer loop
      vertex 70.9632 -47.815 2
      vertex 70.8696 -47.6889 0.99
      vertex 70.8696 -47.6889 2
    endloop
  endfacet
  facet normal 0.80297 0.596019 0
    outer loop
      vertex 70.8696 -47.6889 0.99
      vertex 70.9632 -47.815 2
      vertex 70.9632 -47.815 0.99
    endloop
  endfacet
  facet normal 0.80297 -0.596019 0
    outer loop
      vertex 70.8696 -45.9111 2
      vertex 70.9632 -45.785 0.99
      vertex 70.9632 -45.785 2
    endloop
  endfacet
  facet normal 0.80297 -0.596019 0
    outer loop
      vertex 70.9632 -45.785 0.99
      vertex 70.8696 -45.9111 2
      vertex 70.8696 -45.9111 0.99
    endloop
  endfacet
  facet normal -0.98921 0.146502 0
    outer loop
      vertex 73.7693 -47.1121 0.99
      vertex 73.7923 -46.9568 2
      vertex 73.7923 -46.9568 0.99
    endloop
  endfacet
  facet normal -0.98921 0.146502 0
    outer loop
      vertex 73.7923 -46.9568 2
      vertex 73.7693 -47.1121 0.99
      vertex 73.7693 -47.1121 2
    endloop
  endfacet
  facet normal 0.514402 -0.857549 0
    outer loop
      vertex 71.3111 -45.4697 0.99
      vertex 71.4458 -45.3889 2
      vertex 71.3111 -45.4697 2
    endloop
  endfacet
  facet normal 0.514402 -0.857549 0
    outer loop
      vertex 71.4458 -45.3889 2
      vertex 71.3111 -45.4697 0.99
      vertex 71.4458 -45.3889 0.99
    endloop
  endfacet
  facet normal 0.243135 0.969993 -0
    outer loop
      vertex 71.8879 -48.3693 0.99
      vertex 71.7355 -48.3311 2
      vertex 71.8879 -48.3693 2
    endloop
  endfacet
  facet normal 0.243135 0.969993 0
    outer loop
      vertex 71.7355 -48.3311 2
      vertex 71.8879 -48.3693 0.99
      vertex 71.7355 -48.3311 0.99
    endloop
  endfacet
  facet normal 0.427484 -0.904023 0
    outer loop
      vertex 71.4458 -45.3889 0.99
      vertex 71.5877 -45.3218 2
      vertex 71.4458 -45.3889 2
    endloop
  endfacet
  facet normal 0.427484 -0.904023 0
    outer loop
      vertex 71.5877 -45.3218 2
      vertex 71.4458 -45.3889 0.99
      vertex 71.5877 -45.3218 0.99
    endloop
  endfacet
  facet normal -0.671213 0.741264 0
    outer loop
      vertex 73.3314 -47.9314 0.99
      vertex 73.215 -48.0368 2
      vertex 73.3314 -47.9314 2
    endloop
  endfacet
  facet normal -0.671213 0.741264 0
    outer loop
      vertex 73.215 -48.0368 2
      vertex 73.3314 -47.9314 0.99
      vertex 73.215 -48.0368 0.99
    endloop
  endfacet
  facet normal -0.671213 -0.741264 0
    outer loop
      vertex 73.215 -45.5632 0.99
      vertex 73.3314 -45.6686 2
      vertex 73.215 -45.5632 2
    endloop
  endfacet
  facet normal -0.671213 -0.741264 -0
    outer loop
      vertex 73.3314 -45.6686 2
      vertex 73.215 -45.5632 0.99
      vertex 73.3314 -45.6686 0.99
    endloop
  endfacet
  facet normal -0.243135 -0.969993 0
    outer loop
      vertex 72.5121 -45.2307 0.99
      vertex 72.6645 -45.2689 2
      vertex 72.5121 -45.2307 2
    endloop
  endfacet
  facet normal -0.243135 -0.969993 -0
    outer loop
      vertex 72.6645 -45.2689 2
      vertex 72.5121 -45.2307 0.99
      vertex 72.6645 -45.2689 0.99
    endloop
  endfacet
  facet normal -0.336982 0.941511 0
    outer loop
      vertex 72.8123 -48.2782 0.99
      vertex 72.6645 -48.3311 2
      vertex 72.8123 -48.2782 2
    endloop
  endfacet
  facet normal -0.336982 0.941511 0
    outer loop
      vertex 72.6645 -48.3311 2
      vertex 72.8123 -48.2782 0.99
      vertex 72.6645 -48.3311 0.99
    endloop
  endfacet
  facet normal -0.427484 0.904023 0
    outer loop
      vertex 72.9542 -48.2111 0.99
      vertex 72.8123 -48.2782 2
      vertex 72.9542 -48.2111 2
    endloop
  endfacet
  facet normal -0.427484 0.904023 0
    outer loop
      vertex 72.8123 -48.2782 2
      vertex 72.9542 -48.2111 0.99
      vertex 72.8123 -48.2782 0.99
    endloop
  endfacet
  facet normal -0.596019 0.80297 0
    outer loop
      vertex 73.215 -48.0368 0.99
      vertex 73.0889 -48.1304 2
      vertex 73.215 -48.0368 2
    endloop
  endfacet
  facet normal -0.596019 0.80297 0
    outer loop
      vertex 73.0889 -48.1304 2
      vertex 73.215 -48.0368 0.99
      vertex 73.0889 -48.1304 0.99
    endloop
  endfacet
  facet normal 0.596019 0.80297 -0
    outer loop
      vertex 71.3111 -48.1304 0.99
      vertex 71.185 -48.0368 2
      vertex 71.3111 -48.1304 2
    endloop
  endfacet
  facet normal 0.596019 0.80297 0
    outer loop
      vertex 71.185 -48.0368 2
      vertex 71.3111 -48.1304 0.99
      vertex 71.185 -48.0368 0.99
    endloop
  endfacet
  facet normal -0.969993 0.243135 0
    outer loop
      vertex 73.7311 -47.2645 0.99
      vertex 73.7693 -47.1121 2
      vertex 73.7693 -47.1121 0.99
    endloop
  endfacet
  facet normal -0.969993 0.243135 0
    outer loop
      vertex 73.7693 -47.1121 2
      vertex 73.7311 -47.2645 0.99
      vertex 73.7311 -47.2645 2
    endloop
  endfacet
  facet normal 0.85783 -0.513934 0
    outer loop
      vertex 70.7889 -46.0458 2
      vertex 70.8696 -45.9111 0.99
      vertex 70.8696 -45.9111 2
    endloop
  endfacet
  facet normal 0.85783 -0.513934 0
    outer loop
      vertex 70.8696 -45.9111 0.99
      vertex 70.7889 -46.0458 2
      vertex 70.7889 -46.0458 0.99
    endloop
  endfacet
  facet normal 1 -0 0
    outer loop
      vertex 76.2 42.8 2
      vertex 76.2 50.8 0.299999
      vertex 76.2 50.8 2
    endloop
  endfacet
  facet normal 1 0 0
    outer loop
      vertex 76.2 50.8 0.299999
      vertex 76.2 42.8 2
      vertex 76.2 42.8 0.299999
    endloop
  endfacet
  facet normal 0 0 1
    outer loop
      vertex 76.2 50.8 2
      vertex 73.8 46.8 2
      vertex 76.2 42.8 2
    endloop
  endfacet
  facet normal 0 0 1
    outer loop
      vertex 76.2 50.8 2
      vertex 73.7923 46.9568 2
      vertex 73.8 46.8 2
    endloop
  endfacet
  facet normal 0 0 1
    outer loop
      vertex 76.2 50.8 2
      vertex 73.7693 47.1121 2
      vertex 73.7923 46.9568 2
    endloop
  endfacet
  facet normal 0 0 1
    outer loop
      vertex 76.2 50.8 2
      vertex 73.7311 47.2645 2
      vertex 73.7693 47.1121 2
    endloop
  endfacet
  facet normal 0 0 1
    outer loop
      vertex 76.2 50.8 2
      vertex 73.6782 47.4123 2
      vertex 73.7311 47.2645 2
    endloop
  endfacet
  facet normal 0 0 1
    outer loop
      vertex 76.2 50.8 2
      vertex 73.6111 47.5542 2
      vertex 73.6782 47.4123 2
    endloop
  endfacet
  facet normal 0 0 1
    outer loop
      vertex 76.2 50.8 2
      vertex 73.5303 47.6889 2
      vertex 73.6111 47.5542 2
    endloop
  endfacet
  facet normal 0 0 1
    outer loop
      vertex 76.2 50.8 2
      vertex 73.4368 47.815 2
      vertex 73.5303 47.6889 2
    endloop
  endfacet
  facet normal 0 0 1
    outer loop
      vertex 76.2 50.8 2
      vertex 73.3314 47.9314 2
      vertex 73.4368 47.815 2
    endloop
  endfacet
  facet normal 0 0 1
    outer loop
      vertex 76.2 50.8 2
      vertex 73.215 48.0368 2
      vertex 73.3314 47.9314 2
    endloop
  endfacet
  facet normal 0 0 1
    outer loop
      vertex 76.2 50.8 2
      vertex 73.0889 48.1304 2
      vertex 73.215 48.0368 2
    endloop
  endfacet
  facet normal 0 0 1
    outer loop
      vertex 76.2 50.8 2
      vertex 72.9542 48.2111 2
      vertex 73.0889 48.1304 2
    endloop
  endfacet
  facet normal 0 0 1
    outer loop
      vertex 76.2 50.8 2
      vertex 72.8123 48.2782 2
      vertex 72.9542 48.2111 2
    endloop
  endfacet
  facet normal 0 0 1
    outer loop
      vertex 76.2 50.8 2
      vertex 72.6645 48.3311 2
      vertex 72.8123 48.2782 2
    endloop
  endfacet
  facet normal 0 0 1
    outer loop
      vertex 76.2 50.8 2
      vertex 72.5121 48.3693 2
      vertex 72.6645 48.3311 2
    endloop
  endfacet
  facet normal 0 0 1
    outer loop
      vertex 76.2 50.8 2
      vertex 72.3568 48.3923 2
      vertex 72.5121 48.3693 2
    endloop
  endfacet
  facet normal 0 0 1
    outer loop
      vertex 76.2 50.8 2
      vertex 72.2 48.4 2
      vertex 72.3568 48.3923 2
    endloop
  endfacet
  facet normal -0 0 1
    outer loop
      vertex 68.2 50.8 2
      vertex 72.2 48.4 2
      vertex 76.2 50.8 2
    endloop
  endfacet
  facet normal 0 0 1
    outer loop
      vertex 72.2 48.4 2
      vertex 68.2 50.8 2
      vertex 72.0432 48.3923 2
    endloop
  endfacet
  facet normal 0 0 1
    outer loop
      vertex 72.0432 48.3923 2
      vertex 68.2 50.8 2
      vertex 71.8879 48.3693 2
    endloop
  endfacet
  facet normal 0 0 1
    outer loop
      vertex 71.8879 48.3693 2
      vertex 68.2 50.8 2
      vertex 71.7355 48.3311 2
    endloop
  endfacet
  facet normal 0 0 1
    outer loop
      vertex 71.7355 48.3311 2
      vertex 68.2 50.8 2
      vertex 71.5877 48.2782 2
    endloop
  endfacet
  facet normal 0 0 1
    outer loop
      vertex 70.6077 46.9568 2
      vertex 68.2 50.8 2
      vertex 70.6 46.8 2
    endloop
  endfacet
  facet normal 0 0 1
    outer loop
      vertex 70.6307 47.1121 2
      vertex 68.2 50.8 2
      vertex 70.6077 46.9568 2
    endloop
  endfacet
  facet normal 0 0 1
    outer loop
      vertex 70.6689 47.2645 2
      vertex 68.2 50.8 2
      vertex 70.6307 47.1121 2
    endloop
  endfacet
  facet normal 0 0 1
    outer loop
      vertex 70.7218 47.4123 2
      vertex 68.2 50.8 2
      vertex 70.6689 47.2645 2
    endloop
  endfacet
  facet normal 0 0 1
    outer loop
      vertex 70.7889 47.5542 2
      vertex 68.2 50.8 2
      vertex 70.7218 47.4123 2
    endloop
  endfacet
  facet normal 0 0 1
    outer loop
      vertex 70.8696 47.6889 2
      vertex 68.2 50.8 2
      vertex 70.7889 47.5542 2
    endloop
  endfacet
  facet normal 0 0 1
    outer loop
      vertex 70.9632 47.815 2
      vertex 68.2 50.8 2
      vertex 70.8696 47.6889 2
    endloop
  endfacet
  facet normal 0 0 1
    outer loop
      vertex 71.0686 47.9314 2
      vertex 68.2 50.8 2
      vertex 70.9632 47.815 2
    endloop
  endfacet
  facet normal 0 0 1
    outer loop
      vertex 71.185 48.0368 2
      vertex 68.2 50.8 2
      vertex 71.0686 47.9314 2
    endloop
  endfacet
  facet normal 0 0 1
    outer loop
      vertex 71.3111 48.1304 2
      vertex 68.2 50.8 2
      vertex 71.185 48.0368 2
    endloop
  endfacet
  facet normal 0 0 1
    outer loop
      vertex 71.4458 48.2111 2
      vertex 68.2 50.8 2
      vertex 71.3111 48.1304 2
    endloop
  endfacet
  facet normal 0 0 1
    outer loop
      vertex 71.5877 48.2782 2
      vertex 68.2 50.8 2
      vertex 71.4458 48.2111 2
    endloop
  endfacet
  facet normal -0 0 1
    outer loop
      vertex 73.7923 46.6432 2
      vertex 76.2 42.8 2
      vertex 73.8 46.8 2
    endloop
  endfacet
  facet normal -0 0 1
    outer loop
      vertex 73.7693 46.4879 2
      vertex 76.2 42.8 2
      vertex 73.7923 46.6432 2
    endloop
  endfacet
  facet normal -0 0 1
    outer loop
      vertex 73.7311 46.3355 2
      vertex 76.2 42.8 2
      vertex 73.7693 46.4879 2
    endloop
  endfacet
  facet normal -0 0 1
    outer loop
      vertex 73.6782 46.1877 2
      vertex 76.2 42.8 2
      vertex 73.7311 46.3355 2
    endloop
  endfacet
  facet normal -0 0 1
    outer loop
      vertex 73.6111 46.0458 2
      vertex 76.2 42.8 2
      vertex 73.6782 46.1877 2
    endloop
  endfacet
  facet normal -0 0 1
    outer loop
      vertex 73.5303 45.9111 2
      vertex 76.2 42.8 2
      vertex 73.6111 46.0458 2
    endloop
  endfacet
  facet normal -0 0 1
    outer loop
      vertex 73.4368 45.785 2
      vertex 76.2 42.8 2
      vertex 73.5303 45.9111 2
    endloop
  endfacet
  facet normal -0 0 1
    outer loop
      vertex 73.3314 45.6686 2
      vertex 76.2 42.8 2
      vertex 73.4368 45.785 2
    endloop
  endfacet
  facet normal -0 0 1
    outer loop
      vertex 73.215 45.5632 2
      vertex 76.2 42.8 2
      vertex 73.3314 45.6686 2
    endloop
  endfacet
  facet normal -0 0 1
    outer loop
      vertex 73.0889 45.4697 2
      vertex 76.2 42.8 2
      vertex 73.215 45.5632 2
    endloop
  endfacet
  facet normal -0 0 1
    outer loop
      vertex 72.9542 45.3889 2
      vertex 76.2 42.8 2
      vertex 73.0889 45.4697 2
    endloop
  endfacet
  facet normal -0 0 1
    outer loop
      vertex 72.8123 45.3218 2
      vertex 76.2 42.8 2
      vertex 72.9542 45.3889 2
    endloop
  endfacet
  facet normal -0 0 1
    outer loop
      vertex 72.6645 45.2689 2
      vertex 76.2 42.8 2
      vertex 72.8123 45.3218 2
    endloop
  endfacet
  facet normal -0 0 1
    outer loop
      vertex 72.5121 45.2307 2
      vertex 76.2 42.8 2
      vertex 72.6645 45.2689 2
    endloop
  endfacet
  facet normal -0 0 1
    outer loop
      vertex 72.3568 45.2077 2
      vertex 76.2 42.8 2
      vertex 72.5121 45.2307 2
    endloop
  endfacet
  facet normal -0 0 1
    outer loop
      vertex 72.2 45.2 2
      vertex 76.2 42.8 2
      vertex 72.3568 45.2077 2
    endloop
  endfacet
  facet normal 0 0 1
    outer loop
      vertex 68.2 42.8 2
      vertex 72.2 45.2 2
      vertex 72.0432 45.2077 2
    endloop
  endfacet
  facet normal 0 0 1
    outer loop
      vertex 68.2 42.8 2
      vertex 72.0432 45.2077 2
      vertex 71.8879 45.2307 2
    endloop
  endfacet
  facet normal 0 0 1
    outer loop
      vertex 68.2 42.8 2
      vertex 71.8879 45.2307 2
      vertex 71.7355 45.2689 2
    endloop
  endfacet
  facet normal 0 0 1
    outer loop
      vertex 68.2 42.8 2
      vertex 71.7355 45.2689 2
      vertex 71.5877 45.3218 2
    endloop
  endfacet
  facet normal 0 0 1
    outer loop
      vertex 68.2 42.8 2
      vertex 71.5877 45.3218 2
      vertex 71.4458 45.3889 2
    endloop
  endfacet
  facet normal 0 0 1
    outer loop
      vertex 68.2 42.8 2
      vertex 70.6 46.8 2
      vertex 68.2 50.8 2
    endloop
  endfacet
  facet normal 0 0 1
    outer loop
      vertex 70.6 46.8 2
      vertex 68.2 42.8 2
      vertex 70.6077 46.6432 2
    endloop
  endfacet
  facet normal 0 0 1
    outer loop
      vertex 70.6077 46.6432 2
      vertex 68.2 42.8 2
      vertex 70.6307 46.4879 2
    endloop
  endfacet
  facet normal 0 0 1
    outer loop
      vertex 70.6307 46.4879 2
      vertex 68.2 42.8 2
      vertex 70.6689 46.3355 2
    endloop
  endfacet
  facet normal 0 0 1
    outer loop
      vertex 70.6689 46.3355 2
      vertex 68.2 42.8 2
      vertex 70.7218 46.1877 2
    endloop
  endfacet
  facet normal 0 0 1
    outer loop
      vertex 72.2 45.2 2
      vertex 68.2 42.8 2
      vertex 76.2 42.8 2
    endloop
  endfacet
  facet normal 0 0 1
    outer loop
      vertex 71.3111 45.4697 2
      vertex 68.2 42.8 2
      vertex 71.4458 45.3889 2
    endloop
  endfacet
  facet normal 0 0 1
    outer loop
      vertex 71.185 45.5632 2
      vertex 68.2 42.8 2
      vertex 71.3111 45.4697 2
    endloop
  endfacet
  facet normal 0 0 1
    outer loop
      vertex 71.0686 45.6686 2
      vertex 68.2 42.8 2
      vertex 71.185 45.5632 2
    endloop
  endfacet
  facet normal 0 0 1
    outer loop
      vertex 70.9632 45.785 2
      vertex 68.2 42.8 2
      vertex 71.0686 45.6686 2
    endloop
  endfacet
  facet normal 0 0 1
    outer loop
      vertex 70.8696 45.9111 2
      vertex 68.2 42.8 2
      vertex 70.9632 45.785 2
    endloop
  endfacet
  facet normal 0 0 1
    outer loop
      vertex 70.7889 46.0458 2
      vertex 68.2 42.8 2
      vertex 70.8696 45.9111 2
    endloop
  endfacet
  facet normal 0 0 1
    outer loop
      vertex 70.7218 46.1877 2
      vertex 68.2 42.8 2
      vertex 70.7889 46.0458 2
    endloop
  endfacet
  facet normal 0 0 0
    outer loop
      vertex 68.2 50.8 0.299999
      vertex 68.2 50.8 0.4
      vertex 68.2 50.8 2
    endloop
  endfacet
  facet normal -1 0 0
    outer loop
      vertex 68.2 42.8 0.4
      vertex 68.2 50.8 2
      vertex 68.2 50.8 0.4
    endloop
  endfacet
  facet normal -1 -0 0
    outer loop
      vertex 68.2 50.8 2
      vertex 68.2 42.8 0.4
      vertex 68.2 42.8 2
    endloop
  endfacet
  facet normal 0 1 -0
    outer loop
      vertex 76.2 50.8 0.299999
      vertex 68.2 50.8 2
      vertex 76.2 50.8 2
    endloop
  endfacet
  facet normal 0 1 0
    outer loop
      vertex 68.2 50.8 2
      vertex 76.2 50.8 0.299999
      vertex 68.2 50.8 0.299999
    endloop
  endfacet
  facet normal 0 -1 0
    outer loop
      vertex 68.2 42.8 0.4
      vertex 76.2 42.8 2
      vertex 68.2 42.8 2
    endloop
  endfacet
  facet normal 0 -1 -0
    outer loop
      vertex 76.2 42.8 2
      vertex 68.2 42.8 0.4
      vertex 76.2 42.8 0.4
    endloop
  endfacet
  facet normal 0 0 0
    outer loop
      vertex 76.2 42.8 2
      vertex 76.2 42.8 0.4
      vertex 76.2 42.8 0.299999
    endloop
  endfacet
  facet normal -0.98921 -0.146502 0
    outer loop
      vertex 73.7923 46.9568 0.99
      vertex 73.7693 47.1121 2
      vertex 73.7693 47.1121 0.99
    endloop
  endfacet
  facet normal -0.98921 -0.146502 0
    outer loop
      vertex 73.7693 47.1121 2
      vertex 73.7923 46.9568 0.99
      vertex 73.7923 46.9568 2
    endloop
  endfacet
  facet normal -0.998796 -0.049048 0
    outer loop
      vertex 73.8 46.8 0.99
      vertex 73.7923 46.9568 2
      vertex 73.7923 46.9568 0.99
    endloop
  endfacet
  facet normal -0.998796 -0.049048 0
    outer loop
      vertex 73.7923 46.9568 2
      vertex 73.8 46.8 0.99
      vertex 73.8 46.8 2
    endloop
  endfacet
  facet normal -0.969993 -0.243135 0
    outer loop
      vertex 73.7693 47.1121 0.99
      vertex 73.7311 47.2645 2
      vertex 73.7311 47.2645 0.99
    endloop
  endfacet
  facet normal -0.969993 -0.243135 0
    outer loop
      vertex 73.7311 47.2645 2
      vertex 73.7693 47.1121 0.99
      vertex 73.7693 47.1121 2
    endloop
  endfacet
  facet normal -0.595608 0.803275 0
    outer loop
      vertex 73.215 45.5632 0.99
      vertex 73.0889 45.4697 2
      vertex 73.215 45.5632 2
    endloop
  endfacet
  facet normal -0.595608 0.803275 0
    outer loop
      vertex 73.0889 45.4697 2
      vertex 73.215 45.5632 0.99
      vertex 73.0889 45.4697 0.99
    endloop
  endfacet
  facet normal 0.998796 -0.049048 0
    outer loop
      vertex 70.6 46.8 2
      vertex 70.6077 46.9568 0.99
      vertex 70.6077 46.9568 2
    endloop
  endfacet
  facet normal 0.998796 -0.049048 0
    outer loop
      vertex 70.6077 46.9568 0.99
      vertex 70.6 46.8 2
      vertex 70.6 46.8 0.99
    endloop
  endfacet
  facet normal -0.336982 0.941511 0
    outer loop
      vertex 72.8123 45.3218 0.99
      vertex 72.6645 45.2689 2
      vertex 72.8123 45.3218 2
    endloop
  endfacet
  facet normal -0.336982 0.941511 0
    outer loop
      vertex 72.6645 45.2689 2
      vertex 72.8123 45.3218 0.99
      vertex 72.6645 45.2689 0.99
    endloop
  endfacet
  facet normal 0.514402 0.857549 -0
    outer loop
      vertex 71.4458 45.3889 0.99
      vertex 71.3111 45.4697 2
      vertex 71.4458 45.3889 2
    endloop
  endfacet
  facet normal 0.514402 0.857549 0
    outer loop
      vertex 71.3111 45.4697 2
      vertex 71.4458 45.3889 0.99
      vertex 71.3111 45.4697 0.99
    endloop
  endfacet
  facet normal -0.741264 0.671213 0
    outer loop
      vertex 73.3314 45.6686 0.99
      vertex 73.4368 45.785 2
      vertex 73.4368 45.785 0.99
    endloop
  endfacet
  facet normal -0.741264 0.671213 0
    outer loop
      vertex 73.4368 45.785 2
      vertex 73.3314 45.6686 0.99
      vertex 73.3314 45.6686 2
    endloop
  endfacet
  facet normal 0.595608 0.803275 -0
    outer loop
      vertex 71.3111 45.4697 0.99
      vertex 71.185 45.5632 2
      vertex 71.3111 45.4697 2
    endloop
  endfacet
  facet normal 0.595608 0.803275 0
    outer loop
      vertex 71.185 45.5632 2
      vertex 71.3111 45.4697 0.99
      vertex 71.185 45.5632 0.99
    endloop
  endfacet
  facet normal -0.803275 0.595608 0
    outer loop
      vertex 73.4368 45.785 0.99
      vertex 73.5303 45.9111 2
      vertex 73.5303 45.9111 0.99
    endloop
  endfacet
  facet normal -0.803275 0.595608 0
    outer loop
      vertex 73.5303 45.9111 2
      vertex 73.4368 45.785 0.99
      vertex 73.4368 45.785 2
    endloop
  endfacet
  facet normal 0.146502 -0.98921 0
    outer loop
      vertex 71.8879 48.3693 0.99
      vertex 72.0432 48.3923 2
      vertex 71.8879 48.3693 2
    endloop
  endfacet
  facet normal 0.146502 -0.98921 0
    outer loop
      vertex 72.0432 48.3923 2
      vertex 71.8879 48.3693 0.99
      vertex 72.0432 48.3923 0.99
    endloop
  endfacet
  facet normal 0.904023 0.427484 0
    outer loop
      vertex 70.7889 46.0458 2
      vertex 70.7218 46.1877 0.99
      vertex 70.7218 46.1877 2
    endloop
  endfacet
  facet normal 0.904023 0.427484 0
    outer loop
      vertex 70.7218 46.1877 0.99
      vertex 70.7889 46.0458 2
      vertex 70.7889 46.0458 0.99
    endloop
  endfacet
  facet normal -0.513934 -0.85783 0
    outer loop
      vertex 72.9542 48.2111 0.99
      vertex 73.0889 48.1304 2
      vertex 72.9542 48.2111 2
    endloop
  endfacet
  facet normal -0.513934 -0.85783 -0
    outer loop
      vertex 73.0889 48.1304 2
      vertex 72.9542 48.2111 0.99
      vertex 73.0889 48.1304 0.99
    endloop
  endfacet
  facet normal 0.98921 0.146502 0
    outer loop
      vertex 70.6307 46.4879 2
      vertex 70.6077 46.6432 0.99
      vertex 70.6077 46.6432 2
    endloop
  endfacet
  facet normal 0.98921 0.146502 0
    outer loop
      vertex 70.6077 46.6432 0.99
      vertex 70.6307 46.4879 2
      vertex 70.6307 46.4879 0.99
    endloop
  endfacet
  facet normal -0.146502 -0.98921 0
    outer loop
      vertex 72.3568 48.3923 0.99
      vertex 72.5121 48.3693 2
      vertex 72.3568 48.3923 2
    endloop
  endfacet
  facet normal -0.146502 -0.98921 -0
    outer loop
      vertex 72.5121 48.3693 2
      vertex 72.3568 48.3923 0.99
      vertex 72.5121 48.3693 0.99
    endloop
  endfacet
  facet normal 0.243135 -0.969993 0
    outer loop
      vertex 71.7355 48.3311 0.99
      vertex 71.8879 48.3693 2
      vertex 71.7355 48.3311 2
    endloop
  endfacet
  facet normal 0.243135 -0.969993 0
    outer loop
      vertex 71.8879 48.3693 2
      vertex 71.7355 48.3311 0.99
      vertex 71.8879 48.3693 0.99
    endloop
  endfacet
  facet normal -0.803275 -0.595608 0
    outer loop
      vertex 73.5303 47.6889 0.99
      vertex 73.4368 47.815 2
      vertex 73.4368 47.815 0.99
    endloop
  endfacet
  facet normal -0.803275 -0.595608 0
    outer loop
      vertex 73.4368 47.815 2
      vertex 73.5303 47.6889 0.99
      vertex 73.5303 47.6889 2
    endloop
  endfacet
  facet normal -0.969993 0.243135 0
    outer loop
      vertex 73.7311 46.3355 0.99
      vertex 73.7693 46.4879 2
      vertex 73.7693 46.4879 0.99
    endloop
  endfacet
  facet normal -0.969993 0.243135 0
    outer loop
      vertex 73.7693 46.4879 2
      vertex 73.7311 46.3355 0.99
      vertex 73.7311 46.3355 2
    endloop
  endfacet
  facet normal -0.596019 -0.80297 0
    outer loop
      vertex 73.0889 48.1304 0.99
      vertex 73.215 48.0368 2
      vertex 73.0889 48.1304 2
    endloop
  endfacet
  facet normal -0.596019 -0.80297 -0
    outer loop
      vertex 73.215 48.0368 2
      vertex 73.0889 48.1304 0.99
      vertex 73.215 48.0368 0.99
    endloop
  endfacet
  facet normal -0.904023 0.427484 0
    outer loop
      vertex 73.6111 46.0458 0.99
      vertex 73.6782 46.1877 2
      vertex 73.6782 46.1877 0.99
    endloop
  endfacet
  facet normal -0.904023 0.427484 0
    outer loop
      vertex 73.6782 46.1877 2
      vertex 73.6111 46.0458 0.99
      vertex 73.6111 46.0458 2
    endloop
  endfacet
  facet normal -0.336982 -0.941511 0
    outer loop
      vertex 72.6645 48.3311 0.99
      vertex 72.8123 48.2782 2
      vertex 72.6645 48.3311 2
    endloop
  endfacet
  facet normal -0.336982 -0.941511 -0
    outer loop
      vertex 72.8123 48.2782 2
      vertex 72.6645 48.3311 0.99
      vertex 72.8123 48.2782 0.99
    endloop
  endfacet
  facet normal 0.671213 0.741264 -0
    outer loop
      vertex 71.185 45.5632 0.99
      vertex 71.0686 45.6686 2
      vertex 71.185 45.5632 2
    endloop
  endfacet
  facet normal 0.671213 0.741264 0
    outer loop
      vertex 71.0686 45.6686 2
      vertex 71.185 45.5632 0.99
      vertex 71.0686 45.6686 0.99
    endloop
  endfacet
  facet normal 0 0 1
    outer loop
      vertex 73.7923 46.9568 0.99
      vertex 73.7923 46.6432 0.99
      vertex 73.8 46.8 0.99
    endloop
  endfacet
  facet normal 0 0 1
    outer loop
      vertex 73.7693 47.1121 0.99
      vertex 73.7923 46.6432 0.99
      vertex 73.7923 46.9568 0.99
    endloop
  endfacet
  facet normal 0 0 1
    outer loop
      vertex 73.7693 47.1121 0.99
      vertex 73.7693 46.4879 0.99
      vertex 73.7923 46.6432 0.99
    endloop
  endfacet
  facet normal 0 0 1
    outer loop
      vertex 73.7311 47.2645 0.99
      vertex 73.7693 46.4879 0.99
      vertex 73.7693 47.1121 0.99
    endloop
  endfacet
  facet normal 0 0 1
    outer loop
      vertex 73.7311 47.2645 0.99
      vertex 73.7311 46.3355 0.99
      vertex 73.7693 46.4879 0.99
    endloop
  endfacet
  facet normal 0 0 1
    outer loop
      vertex 73.6782 47.4123 0.99
      vertex 73.7311 46.3355 0.99
      vertex 73.7311 47.2645 0.99
    endloop
  endfacet
  facet normal 0 0 1
    outer loop
      vertex 73.6782 47.4123 0.99
      vertex 73.6782 46.1877 0.99
      vertex 73.7311 46.3355 0.99
    endloop
  endfacet
  facet normal 0 0 1
    outer loop
      vertex 73.6111 47.5542 0.99
      vertex 73.6782 46.1877 0.99
      vertex 73.6782 47.4123 0.99
    endloop
  endfacet
  facet normal 0 0 1
    outer loop
      vertex 73.6111 47.5542 0.99
      vertex 73.6111 46.0458 0.99
      vertex 73.6782 46.1877 0.99
    endloop
  endfacet
  facet normal 0 0 1
    outer loop
      vertex 73.5303 47.6889 0.99
      vertex 73.6111 46.0458 0.99
      vertex 73.6111 47.5542 0.99
    endloop
  endfacet
  facet normal 0 0 1
    outer loop
      vertex 73.5303 47.6889 0.99
      vertex 73.5303 45.9111 0.99
      vertex 73.6111 46.0458 0.99
    endloop
  endfacet
  facet normal 0 0 1
    outer loop
      vertex 73.4368 47.815 0.99
      vertex 73.5303 45.9111 0.99
      vertex 73.5303 47.6889 0.99
    endloop
  endfacet
  facet normal 0 0 1
    outer loop
      vertex 73.4368 47.815 0.99
      vertex 73.4368 45.785 0.99
      vertex 73.5303 45.9111 0.99
    endloop
  endfacet
  facet normal 0 0 1
    outer loop
      vertex 73.3314 47.9314 0.99
      vertex 73.4368 45.785 0.99
      vertex 73.4368 47.815 0.99
    endloop
  endfacet
  facet normal 0 0 1
    outer loop
      vertex 73.3314 47.9314 0.99
      vertex 73.3314 45.6686 0.99
      vertex 73.4368 45.785 0.99
    endloop
  endfacet
  facet normal 0 0 1
    outer loop
      vertex 73.215 48.0368 0.99
      vertex 73.3314 45.6686 0.99
      vertex 73.3314 47.9314 0.99
    endloop
  endfacet
  facet normal 0 0 1
    outer loop
      vertex 73.215 48.0368 0.99
      vertex 73.215 45.5632 0.99
      vertex 73.3314 45.6686 0.99
    endloop
  endfacet
  facet normal 0 0 1
    outer loop
      vertex 73.0889 48.1304 0.99
      vertex 73.215 45.5632 0.99
      vertex 73.215 48.0368 0.99
    endloop
  endfacet
  facet normal 0 0 1
    outer loop
      vertex 73.0889 48.1304 0.99
      vertex 73.0889 45.4697 0.99
      vertex 73.215 45.5632 0.99
    endloop
  endfacet
  facet normal 0 0 1
    outer loop
      vertex 72.9542 48.2111 0.99
      vertex 73.0889 45.4697 0.99
      vertex 73.0889 48.1304 0.99
    endloop
  endfacet
  facet normal 0 0 1
    outer loop
      vertex 72.9542 48.2111 0.99
      vertex 72.9542 45.3889 0.99
      vertex 73.0889 45.4697 0.99
    endloop
  endfacet
  facet normal 0 0 1
    outer loop
      vertex 72.8123 48.2782 0.99
      vertex 72.9542 45.3889 0.99
      vertex 72.9542 48.2111 0.99
    endloop
  endfacet
  facet normal 0 0 1
    outer loop
      vertex 72.8123 48.2782 0.99
      vertex 72.8123 45.3218 0.99
      vertex 72.9542 45.3889 0.99
    endloop
  endfacet
  facet normal 0 0 1
    outer loop
      vertex 72.6645 48.3311 0.99
      vertex 72.8123 45.3218 0.99
      vertex 72.8123 48.2782 0.99
    endloop
  endfacet
  facet normal 0 0 1
    outer loop
      vertex 72.6645 48.3311 0.99
      vertex 72.6645 45.2689 0.99
      vertex 72.8123 45.3218 0.99
    endloop
  endfacet
  facet normal 0 0 1
    outer loop
      vertex 72.5121 48.3693 0.99
      vertex 72.6645 45.2689 0.99
      vertex 72.6645 48.3311 0.99
    endloop
  endfacet
  facet normal 0 0 1
    outer loop
      vertex 72.5121 48.3693 0.99
      vertex 72.5121 45.2307 0.99
      vertex 72.6645 45.2689 0.99
    endloop
  endfacet
  facet normal 0 0 1
    outer loop
      vertex 72.3568 48.3923 0.99
      vertex 72.5121 45.2307 0.99
      vertex 72.5121 48.3693 0.99
    endloop
  endfacet
  facet normal 0 0 1
    outer loop
      vertex 72.3568 48.3923 0.99
      vertex 72.3568 45.2077 0.99
      vertex 72.5121 45.2307 0.99
    endloop
  endfacet
  facet normal 0 0 1
    outer loop
      vertex 72.2 48.4 0.99
      vertex 72.3568 45.2077 0.99
      vertex 72.3568 48.3923 0.99
    endloop
  endfacet
  facet normal 0 0 1
    outer loop
      vertex 72.2 48.4 0.99
      vertex 72.2 45.2 0.99
      vertex 72.3568 45.2077 0.99
    endloop
  endfacet
  facet normal -0 0 1
    outer loop
      vertex 72.0432 48.3923 0.99
      vertex 72.2 45.2 0.99
      vertex 72.2 48.4 0.99
    endloop
  endfacet
  facet normal 0 0 1
    outer loop
      vertex 72.0432 48.3923 0.99
      vertex 72.0432 45.2077 0.99
      vertex 72.2 45.2 0.99
    endloop
  endfacet
  facet normal -0 0 1
    outer loop
      vertex 71.8879 48.3693 0.99
      vertex 72.0432 45.2077 0.99
      vertex 72.0432 48.3923 0.99
    endloop
  endfacet
  facet normal 0 0 1
    outer loop
      vertex 71.8879 48.3693 0.99
      vertex 71.8879 45.2307 0.99
      vertex 72.0432 45.2077 0.99
    endloop
  endfacet
  facet normal -0 0 1
    outer loop
      vertex 71.7355 48.3311 0.99
      vertex 71.8879 45.2307 0.99
      vertex 71.8879 48.3693 0.99
    endloop
  endfacet
  facet normal 0 0 1
    outer loop
      vertex 71.7355 48.3311 0.99
      vertex 71.7355 45.2689 0.99
      vertex 71.8879 45.2307 0.99
    endloop
  endfacet
  facet normal -0 0 1
    outer loop
      vertex 71.5877 48.2782 0.99
      vertex 71.7355 45.2689 0.99
      vertex 71.7355 48.3311 0.99
    endloop
  endfacet
  facet normal 0 0 1
    outer loop
      vertex 71.5877 48.2782 0.99
      vertex 71.5877 45.3218 0.99
      vertex 71.7355 45.2689 0.99
    endloop
  endfacet
  facet normal -0 0 1
    outer loop
      vertex 71.4458 48.2111 0.99
      vertex 71.5877 45.3218 0.99
      vertex 71.5877 48.2782 0.99
    endloop
  endfacet
  facet normal 0 0 1
    outer loop
      vertex 71.4458 48.2111 0.99
      vertex 71.4458 45.3889 0.99
      vertex 71.5877 45.3218 0.99
    endloop
  endfacet
  facet normal -0 0 1
    outer loop
      vertex 71.3111 48.1304 0.99
      vertex 71.4458 45.3889 0.99
      vertex 71.4458 48.2111 0.99
    endloop
  endfacet
  facet normal 0 0 1
    outer loop
      vertex 71.3111 48.1304 0.99
      vertex 71.3111 45.4697 0.99
      vertex 71.4458 45.3889 0.99
    endloop
  endfacet
  facet normal -0 0 1
    outer loop
      vertex 71.185 48.0368 0.99
      vertex 71.3111 45.4697 0.99
      vertex 71.3111 48.1304 0.99
    endloop
  endfacet
  facet normal 0 0 1
    outer loop
      vertex 71.185 48.0368 0.99
      vertex 71.185 45.5632 0.99
      vertex 71.3111 45.4697 0.99
    endloop
  endfacet
  facet normal -0 0 1
    outer loop
      vertex 71.0686 47.9314 0.99
      vertex 71.185 45.5632 0.99
      vertex 71.185 48.0368 0.99
    endloop
  endfacet
  facet normal 0 0 1
    outer loop
      vertex 71.0686 47.9314 0.99
      vertex 71.0686 45.6686 0.99
      vertex 71.185 45.5632 0.99
    endloop
  endfacet
  facet normal -0 0 1
    outer loop
      vertex 70.9632 47.815 0.99
      vertex 71.0686 45.6686 0.99
      vertex 71.0686 47.9314 0.99
    endloop
  endfacet
  facet normal 0 0 1
    outer loop
      vertex 70.9632 47.815 0.99
      vertex 70.9632 45.785 0.99
      vertex 71.0686 45.6686 0.99
    endloop
  endfacet
  facet normal -0 0 1
    outer loop
      vertex 70.8696 47.6889 0.99
      vertex 70.9632 45.785 0.99
      vertex 70.9632 47.815 0.99
    endloop
  endfacet
  facet normal 0 0 1
    outer loop
      vertex 70.8696 47.6889 0.99
      vertex 70.8696 45.9111 0.99
      vertex 70.9632 45.785 0.99
    endloop
  endfacet
  facet normal -0 0 1
    outer loop
      vertex 70.7889 47.5542 0.99
      vertex 70.8696 45.9111 0.99
      vertex 70.8696 47.6889 0.99
    endloop
  endfacet
  facet normal 0 0 1
    outer loop
      vertex 70.7889 47.5542 0.99
      vertex 70.7889 46.0458 0.99
      vertex 70.8696 45.9111 0.99
    endloop
  endfacet
  facet normal -0 0 1
    outer loop
      vertex 70.7218 47.4123 0.99
      vertex 70.7889 46.0458 0.99
      vertex 70.7889 47.5542 0.99
    endloop
  endfacet
  facet normal 0 0 1
    outer loop
      vertex 70.7218 47.4123 0.99
      vertex 70.7218 46.1877 0.99
      vertex 70.7889 46.0458 0.99
    endloop
  endfacet
  facet normal -0 0 1
    outer loop
      vertex 70.6689 47.2645 0.99
      vertex 70.7218 46.1877 0.99
      vertex 70.7218 47.4123 0.99
    endloop
  endfacet
  facet normal 0 0 1
    outer loop
      vertex 70.6689 47.2645 0.99
      vertex 70.6689 46.3355 0.99
      vertex 70.7218 46.1877 0.99
    endloop
  endfacet
  facet normal -0 0 1
    outer loop
      vertex 70.6307 47.1121 0.99
      vertex 70.6689 46.3355 0.99
      vertex 70.6689 47.2645 0.99
    endloop
  endfacet
  facet normal 0 0 1
    outer loop
      vertex 70.6307 47.1121 0.99
      vertex 70.6307 46.4879 0.99
      vertex 70.6689 46.3355 0.99
    endloop
  endfacet
  facet normal -0 0 1
    outer loop
      vertex 70.6077 46.9568 0.99
      vertex 70.6307 46.4879 0.99
      vertex 70.6307 47.1121 0.99
    endloop
  endfacet
  facet normal 0 0 1
    outer loop
      vertex 70.6077 46.9568 0.99
      vertex 70.6077 46.6432 0.99
      vertex 70.6307 46.4879 0.99
    endloop
  endfacet
  facet normal 0 -0 1
    outer loop
      vertex 70.6077 46.6432 0.99
      vertex 70.6077 46.9568 0.99
      vertex 70.6 46.8 0.99
    endloop
  endfacet
  facet normal -0.741264 -0.671213 0
    outer loop
      vertex 73.4368 47.815 0.99
      vertex 73.3314 47.9314 2
      vertex 73.3314 47.9314 0.99
    endloop
  endfacet
  facet normal -0.741264 -0.671213 0
    outer loop
      vertex 73.3314 47.9314 2
      vertex 73.4368 47.815 0.99
      vertex 73.4368 47.815 2
    endloop
  endfacet
  facet normal 0.998796 0.049048 0
    outer loop
      vertex 70.6077 46.6432 2
      vertex 70.6 46.8 0.99
      vertex 70.6 46.8 2
    endloop
  endfacet
  facet normal 0.998796 0.049048 0
    outer loop
      vertex 70.6 46.8 0.99
      vertex 70.6077 46.6432 2
      vertex 70.6077 46.6432 0.99
    endloop
  endfacet
  facet normal -0.243135 -0.969993 0
    outer loop
      vertex 72.5121 48.3693 0.99
      vertex 72.6645 48.3311 2
      vertex 72.5121 48.3693 2
    endloop
  endfacet
  facet normal -0.243135 -0.969993 -0
    outer loop
      vertex 72.6645 48.3311 2
      vertex 72.5121 48.3693 0.99
      vertex 72.6645 48.3311 0.99
    endloop
  endfacet
  facet normal 0.596019 -0.80297 0
    outer loop
      vertex 71.185 48.0368 0.99
      vertex 71.3111 48.1304 2
      vertex 71.185 48.0368 2
    endloop
  endfacet
  facet normal 0.596019 -0.80297 0
    outer loop
      vertex 71.3111 48.1304 2
      vertex 71.185 48.0368 0.99
      vertex 71.3111 48.1304 0.99
    endloop
  endfacet
  facet normal -0.427484 -0.904023 0
    outer loop
      vertex 72.8123 48.2782 0.99
      vertex 72.9542 48.2111 2
      vertex 72.8123 48.2782 2
    endloop
  endfacet
  facet normal -0.427484 -0.904023 -0
    outer loop
      vertex 72.9542 48.2111 2
      vertex 72.8123 48.2782 0.99
      vertex 72.9542 48.2111 0.99
    endloop
  endfacet
  facet normal -0.941511 0.336982 0
    outer loop
      vertex 73.6782 46.1877 0.99
      vertex 73.7311 46.3355 2
      vertex 73.7311 46.3355 0.99
    endloop
  endfacet
  facet normal -0.941511 0.336982 0
    outer loop
      vertex 73.7311 46.3355 2
      vertex 73.6782 46.1877 0.99
      vertex 73.6782 46.1877 2
    endloop
  endfacet
  facet normal -0.941511 -0.336982 0
    outer loop
      vertex 73.7311 47.2645 0.99
      vertex 73.6782 47.4123 2
      vertex 73.6782 47.4123 0.99
    endloop
  endfacet
  facet normal -0.941511 -0.336982 0
    outer loop
      vertex 73.6782 47.4123 2
      vertex 73.7311 47.2645 0.99
      vertex 73.7311 47.2645 2
    endloop
  endfacet
  facet normal -0.98921 0.146502 0
    outer loop
      vertex 73.7693 46.4879 0.99
      vertex 73.7923 46.6432 2
      vertex 73.7923 46.6432 0.99
    endloop
  endfacet
  facet normal -0.98921 0.146502 0
    outer loop
      vertex 73.7923 46.6432 2
      vertex 73.7693 46.4879 0.99
      vertex 73.7693 46.4879 2
    endloop
  endfacet
  facet normal -0.998796 0.049048 0
    outer loop
      vertex 73.7923 46.6432 0.99
      vertex 73.8 46.8 2
      vertex 73.8 46.8 0.99
    endloop
  endfacet
  facet normal -0.998796 0.049048 0
    outer loop
      vertex 73.8 46.8 2
      vertex 73.7923 46.6432 0.99
      vertex 73.7923 46.6432 2
    endloop
  endfacet
  facet normal 0.049048 0.998796 -0
    outer loop
      vertex 72.2 45.2 0.99
      vertex 72.0432 45.2077 2
      vertex 72.2 45.2 2
    endloop
  endfacet
  facet normal 0.049048 0.998796 0
    outer loop
      vertex 72.0432 45.2077 2
      vertex 72.2 45.2 0.99
      vertex 72.0432 45.2077 0.99
    endloop
  endfacet
  facet normal 0.85783 -0.513934 0
    outer loop
      vertex 70.7889 47.5542 2
      vertex 70.8696 47.6889 0.99
      vertex 70.8696 47.6889 2
    endloop
  endfacet
  facet normal 0.85783 -0.513934 0
    outer loop
      vertex 70.8696 47.6889 0.99
      vertex 70.7889 47.5542 2
      vertex 70.7889 47.5542 0.99
    endloop
  endfacet
  facet normal 0.80297 0.596019 0
    outer loop
      vertex 70.9632 45.785 2
      vertex 70.8696 45.9111 0.99
      vertex 70.8696 45.9111 2
    endloop
  endfacet
  facet normal 0.80297 0.596019 0
    outer loop
      vertex 70.8696 45.9111 0.99
      vertex 70.9632 45.785 2
      vertex 70.9632 45.785 0.99
    endloop
  endfacet
  facet normal -0.514402 0.857549 0
    outer loop
      vertex 73.0889 45.4697 0.99
      vertex 72.9542 45.3889 2
      vertex 73.0889 45.4697 2
    endloop
  endfacet
  facet normal -0.514402 0.857549 0
    outer loop
      vertex 72.9542 45.3889 2
      vertex 73.0889 45.4697 0.99
      vertex 72.9542 45.3889 0.99
    endloop
  endfacet
  facet normal -0.904023 -0.427484 0
    outer loop
      vertex 73.6782 47.4123 0.99
      vertex 73.6111 47.5542 2
      vertex 73.6111 47.5542 0.99
    endloop
  endfacet
  facet normal -0.904023 -0.427484 0
    outer loop
      vertex 73.6111 47.5542 2
      vertex 73.6782 47.4123 0.99
      vertex 73.6782 47.4123 2
    endloop
  endfacet
  facet normal 0.741264 -0.671213 0
    outer loop
      vertex 70.9632 47.815 2
      vertex 71.0686 47.9314 0.99
      vertex 71.0686 47.9314 2
    endloop
  endfacet
  facet normal 0.741264 -0.671213 0
    outer loop
      vertex 71.0686 47.9314 0.99
      vertex 70.9632 47.815 2
      vertex 70.9632 47.815 0.99
    endloop
  endfacet
  facet normal -0.427484 0.904023 0
    outer loop
      vertex 72.9542 45.3889 0.99
      vertex 72.8123 45.3218 2
      vertex 72.9542 45.3889 2
    endloop
  endfacet
  facet normal -0.427484 0.904023 0
    outer loop
      vertex 72.8123 45.3218 2
      vertex 72.9542 45.3889 0.99
      vertex 72.8123 45.3218 0.99
    endloop
  endfacet
  facet normal 0.741264 0.671213 0
    outer loop
      vertex 71.0686 45.6686 2
      vertex 70.9632 45.785 0.99
      vertex 70.9632 45.785 2
    endloop
  endfacet
  facet normal 0.741264 0.671213 0
    outer loop
      vertex 70.9632 45.785 0.99
      vertex 71.0686 45.6686 2
      vertex 71.0686 45.6686 0.99
    endloop
  endfacet
  facet normal 0.513934 -0.85783 0
    outer loop
      vertex 71.3111 48.1304 0.99
      vertex 71.4458 48.2111 2
      vertex 71.3111 48.1304 2
    endloop
  endfacet
  facet normal 0.513934 -0.85783 0
    outer loop
      vertex 71.4458 48.2111 2
      vertex 71.3111 48.1304 0.99
      vertex 71.4458 48.2111 0.99
    endloop
  endfacet
  facet normal 0.904023 -0.427484 0
    outer loop
      vertex 70.7218 47.4123 2
      vertex 70.7889 47.5542 0.99
      vertex 70.7889 47.5542 2
    endloop
  endfacet
  facet normal 0.904023 -0.427484 0
    outer loop
      vertex 70.7889 47.5542 0.99
      vertex 70.7218 47.4123 2
      vertex 70.7218 47.4123 0.99
    endloop
  endfacet
  facet normal 0.85783 0.513934 0
    outer loop
      vertex 70.8696 45.9111 2
      vertex 70.7889 46.0458 0.99
      vertex 70.7889 46.0458 2
    endloop
  endfacet
  facet normal 0.85783 0.513934 0
    outer loop
      vertex 70.7889 46.0458 0.99
      vertex 70.8696 45.9111 2
      vertex 70.8696 45.9111 0.99
    endloop
  endfacet
  facet normal 0.049048 -0.998796 0
    outer loop
      vertex 72.0432 48.3923 0.99
      vertex 72.2 48.4 2
      vertex 72.0432 48.3923 2
    endloop
  endfacet
  facet normal 0.049048 -0.998796 0
    outer loop
      vertex 72.2 48.4 2
      vertex 72.0432 48.3923 0.99
      vertex 72.2 48.4 0.99
    endloop
  endfacet
  facet normal 0.98921 -0.146502 0
    outer loop
      vertex 70.6077 46.9568 2
      vertex 70.6307 47.1121 0.99
      vertex 70.6307 47.1121 2
    endloop
  endfacet
  facet normal 0.98921 -0.146502 0
    outer loop
      vertex 70.6307 47.1121 0.99
      vertex 70.6077 46.9568 2
      vertex 70.6077 46.9568 0.99
    endloop
  endfacet
  facet normal 0.336982 -0.941511 0
    outer loop
      vertex 71.5877 48.2782 0.99
      vertex 71.7355 48.3311 2
      vertex 71.5877 48.2782 2
    endloop
  endfacet
  facet normal 0.336982 -0.941511 0
    outer loop
      vertex 71.7355 48.3311 2
      vertex 71.5877 48.2782 0.99
      vertex 71.7355 48.3311 0.99
    endloop
  endfacet
  facet normal -0.049048 -0.998796 0
    outer loop
      vertex 72.2 48.4 0.99
      vertex 72.3568 48.3923 2
      vertex 72.2 48.4 2
    endloop
  endfacet
  facet normal -0.049048 -0.998796 -0
    outer loop
      vertex 72.3568 48.3923 2
      vertex 72.2 48.4 0.99
      vertex 72.3568 48.3923 0.99
    endloop
  endfacet
  facet normal -0.857549 -0.514402 0
    outer loop
      vertex 73.6111 47.5542 0.99
      vertex 73.5303 47.6889 2
      vertex 73.5303 47.6889 0.99
    endloop
  endfacet
  facet normal -0.857549 -0.514402 0
    outer loop
      vertex 73.5303 47.6889 2
      vertex 73.6111 47.5542 0.99
      vertex 73.6111 47.5542 2
    endloop
  endfacet
  facet normal -0.146502 0.98921 0
    outer loop
      vertex 72.5121 45.2307 0.99
      vertex 72.3568 45.2077 2
      vertex 72.5121 45.2307 2
    endloop
  endfacet
  facet normal -0.146502 0.98921 0
    outer loop
      vertex 72.3568 45.2077 2
      vertex 72.5121 45.2307 0.99
      vertex 72.3568 45.2077 0.99
    endloop
  endfacet
  facet normal 0.941511 0.336982 0
    outer loop
      vertex 70.7218 46.1877 2
      vertex 70.6689 46.3355 0.99
      vertex 70.6689 46.3355 2
    endloop
  endfacet
  facet normal 0.941511 0.336982 0
    outer loop
      vertex 70.6689 46.3355 0.99
      vertex 70.7218 46.1877 2
      vertex 70.7218 46.1877 0.99
    endloop
  endfacet
  facet normal 0.427484 -0.904023 0
    outer loop
      vertex 71.4458 48.2111 0.99
      vertex 71.5877 48.2782 2
      vertex 71.4458 48.2111 2
    endloop
  endfacet
  facet normal 0.427484 -0.904023 0
    outer loop
      vertex 71.5877 48.2782 2
      vertex 71.4458 48.2111 0.99
      vertex 71.5877 48.2782 0.99
    endloop
  endfacet
  facet normal 0.969993 0.243135 0
    outer loop
      vertex 70.6689 46.3355 2
      vertex 70.6307 46.4879 0.99
      vertex 70.6307 46.4879 2
    endloop
  endfacet
  facet normal 0.969993 0.243135 0
    outer loop
      vertex 70.6307 46.4879 0.99
      vertex 70.6689 46.3355 2
      vertex 70.6689 46.3355 0.99
    endloop
  endfacet
  facet normal -0.243135 0.969993 0
    outer loop
      vertex 72.6645 45.2689 0.99
      vertex 72.5121 45.2307 2
      vertex 72.6645 45.2689 2
    endloop
  endfacet
  facet normal -0.243135 0.969993 0
    outer loop
      vertex 72.5121 45.2307 2
      vertex 72.6645 45.2689 0.99
      vertex 72.5121 45.2307 0.99
    endloop
  endfacet
  facet normal 0.671213 -0.741264 0
    outer loop
      vertex 71.0686 47.9314 0.99
      vertex 71.185 48.0368 2
      vertex 71.0686 47.9314 2
    endloop
  endfacet
  facet normal 0.671213 -0.741264 0
    outer loop
      vertex 71.185 48.0368 2
      vertex 71.0686 47.9314 0.99
      vertex 71.185 48.0368 0.99
    endloop
  endfacet
  facet normal 0.80297 -0.596019 0
    outer loop
      vertex 70.8696 47.6889 2
      vertex 70.9632 47.815 0.99
      vertex 70.9632 47.815 2
    endloop
  endfacet
  facet normal 0.80297 -0.596019 0
    outer loop
      vertex 70.9632 47.815 0.99
      vertex 70.8696 47.6889 2
      vertex 70.8696 47.6889 0.99
    endloop
  endfacet
  facet normal 0.146502 0.98921 -0
    outer loop
      vertex 72.0432 45.2077 0.99
      vertex 71.8879 45.2307 2
      vertex 72.0432 45.2077 2
    endloop
  endfacet
  facet normal 0.146502 0.98921 0
    outer loop
      vertex 71.8879 45.2307 2
      vertex 72.0432 45.2077 0.99
      vertex 71.8879 45.2307 0.99
    endloop
  endfacet
  facet normal -0.049048 0.998796 0
    outer loop
      vertex 72.3568 45.2077 0.99
      vertex 72.2 45.2 2
      vertex 72.3568 45.2077 2
    endloop
  endfacet
  facet normal -0.049048 0.998796 0
    outer loop
      vertex 72.2 45.2 2
      vertex 72.3568 45.2077 0.99
      vertex 72.2 45.2 0.99
    endloop
  endfacet
  facet normal -0.671213 -0.741264 0
    outer loop
      vertex 73.215 48.0368 0.99
      vertex 73.3314 47.9314 2
      vertex 73.215 48.0368 2
    endloop
  endfacet
  facet normal -0.671213 -0.741264 -0
    outer loop
      vertex 73.3314 47.9314 2
      vertex 73.215 48.0368 0.99
      vertex 73.3314 47.9314 0.99
    endloop
  endfacet
  facet normal 0.941511 -0.336982 0
    outer loop
      vertex 70.6689 47.2645 2
      vertex 70.7218 47.4123 0.99
      vertex 70.7218 47.4123 2
    endloop
  endfacet
  facet normal 0.941511 -0.336982 0
    outer loop
      vertex 70.7218 47.4123 0.99
      vertex 70.6689 47.2645 2
      vertex 70.6689 47.2645 0.99
    endloop
  endfacet
  facet normal -0.857549 0.514402 0
    outer loop
      vertex 73.5303 45.9111 0.99
      vertex 73.6111 46.0458 2
      vertex 73.6111 46.0458 0.99
    endloop
  endfacet
  facet normal -0.857549 0.514402 0
    outer loop
      vertex 73.6111 46.0458 2
      vertex 73.5303 45.9111 0.99
      vertex 73.5303 45.9111 2
    endloop
  endfacet
  facet normal 0.969993 -0.243135 0
    outer loop
      vertex 70.6307 47.1121 2
      vertex 70.6689 47.2645 0.99
      vertex 70.6689 47.2645 2
    endloop
  endfacet
  facet normal 0.969993 -0.243135 0
    outer loop
      vertex 70.6689 47.2645 0.99
      vertex 70.6307 47.1121 2
      vertex 70.6307 47.1121 0.99
    endloop
  endfacet
  facet normal -0.671213 0.741264 0
    outer loop
      vertex 73.3314 45.6686 0.99
      vertex 73.215 45.5632 2
      vertex 73.3314 45.6686 2
    endloop
  endfacet
  facet normal -0.671213 0.741264 0
    outer loop
      vertex 73.215 45.5632 2
      vertex 73.3314 45.6686 0.99
      vertex 73.215 45.5632 0.99
    endloop
  endfacet
  facet normal 0.336982 0.941511 -0
    outer loop
      vertex 71.7355 45.2689 0.99
      vertex 71.5877 45.3218 2
      vertex 71.7355 45.2689 2
    endloop
  endfacet
  facet normal 0.336982 0.941511 0
    outer loop
      vertex 71.5877 45.3218 2
      vertex 71.7355 45.2689 0.99
      vertex 71.5877 45.3218 0.99
    endloop
  endfacet
  facet normal 0.243135 0.969993 -0
    outer loop
      vertex 71.8879 45.2307 0.99
      vertex 71.7355 45.2689 2
      vertex 71.8879 45.2307 2
    endloop
  endfacet
  facet normal 0.243135 0.969993 0
    outer loop
      vertex 71.7355 45.2689 2
      vertex 71.8879 45.2307 0.99
      vertex 71.7355 45.2689 0.99
    endloop
  endfacet
  facet normal 0.427484 0.904023 -0
    outer loop
      vertex 71.5877 45.3218 0.99
      vertex 71.4458 45.3889 2
      vertex 71.5877 45.3218 2
    endloop
  endfacet
  facet normal 0.427484 0.904023 0
    outer loop
      vertex 71.4458 45.3889 2
      vertex 71.5877 45.3218 0.99
      vertex 71.4458 45.3889 0.99
    endloop
  endfacet
  facet normal 0 1 -0
    outer loop
      vertex 76.2 50.8 0
      vertex 68.2 50.8 0.299999
      vertex 76.2 50.8 0.299999
    endloop
  endfacet
  facet normal 0 1 0
    outer loop
      vertex 68.2 50.8 0.299999
      vertex 76.2 50.8 0
      vertex -68.2 50.8 0.299999
    endloop
  endfacet
  facet normal 0 1 0
    outer loop
      vertex -76.2 50.8 0
      vertex -68.2 50.8 0.299999
      vertex 76.2 50.8 0
    endloop
  endfacet
  facet normal 0 1 0
    outer loop
      vertex -68.2 50.8 0.299999
      vertex -76.2 50.8 0
      vertex -76.2 50.8 0.299999
    endloop
  endfacet
  facet normal 0 1 -0
    outer loop
      vertex 68.2 50.8 0.299999
      vertex -68.2 50.8 0.4
      vertex 68.2 50.8 0.4
    endloop
  endfacet
  facet normal 0 1 0
    outer loop
      vertex -68.2 50.8 0.4
      vertex 68.2 50.8 0.299999
      vertex -68.2 50.8 0.299999
    endloop
  endfacet
  facet normal -1 0 0
    outer loop
      vertex -76.2 50.8 0
      vertex -76.2 42.8 0.299999
      vertex -76.2 50.8 0.299999
    endloop
  endfacet
  facet normal -1 0 0
    outer loop
      vertex -76.2 42.8 0.299999
      vertex -76.2 -42.8 0.299999
      vertex -76.2 42.8 0.4
    endloop
  endfacet
  facet normal -1 0 0
    outer loop
      vertex -76.2 50.8 0
      vertex -76.2 -42.8 0.299999
      vertex -76.2 42.8 0.299999
    endloop
  endfacet
  facet normal -1 0 0
    outer loop
      vertex -76.2 -50.8 0
      vertex -76.2 -42.8 0.299999
      vertex -76.2 50.8 0
    endloop
  endfacet
  facet normal -1 -0 0
    outer loop
      vertex -76.2 -42.8 0.299999
      vertex -76.2 -50.8 0
      vertex -76.2 -50.8 0.299999
    endloop
  endfacet
  facet normal -1 -0 0
    outer loop
      vertex -76.2 42.8 0.4
      vertex -76.2 -42.8 0.299999
      vertex -76.2 -42.8 0.4
    endloop
  endfacet
  facet normal 0 -1 0
    outer loop
      vertex -76.2 -50.8 0
      vertex -68.2 -50.8 0.299999
      vertex -76.2 -50.8 0.299999
    endloop
  endfacet
  facet normal 0 -1 -0
    outer loop
      vertex -68.2 -50.8 0.299999
      vertex -76.2 -50.8 0
      vertex 68.2 -50.8 0.299999
    endloop
  endfacet
  facet normal 0 -1 0
    outer loop
      vertex 76.2 -50.8 0
      vertex 68.2 -50.8 0.299999
      vertex -76.2 -50.8 0
    endloop
  endfacet
  facet normal 0 -1 0
    outer loop
      vertex 68.2 -50.8 0.299999
      vertex 76.2 -50.8 0
      vertex 76.2 -50.8 0.299999
    endloop
  endfacet
  facet normal 0 -1 0
    outer loop
      vertex -68.2 -50.8 0.299999
      vertex 68.2 -50.8 0.4
      vertex -68.2 -50.8 0.4
    endloop
  endfacet
  facet normal 0 -1 -0
    outer loop
      vertex 68.2 -50.8 0.4
      vertex -68.2 -50.8 0.299999
      vertex 68.2 -50.8 0.299999
    endloop
  endfacet
  facet normal 1 0 0
    outer loop
      vertex 76.2 42.8 0.4
      vertex 76.2 -42.8 0.4
      vertex 76.2 42.8 0.299999
    endloop
  endfacet
  facet normal 1 -0 0
    outer loop
      vertex 76.2 42.8 0.299999
      vertex 76.2 50.8 0
      vertex 76.2 50.8 0.299999
    endloop
  endfacet
  facet normal 1 0 0
    outer loop
      vertex 76.2 -42.8 0.299999
      vertex 76.2 42.8 0.299999
      vertex 76.2 -42.8 0.4
    endloop
  endfacet
  facet normal 1 0 0
    outer loop
      vertex 76.2 42.8 0.299999
      vertex 76.2 -42.8 0.299999
      vertex 76.2 50.8 0
    endloop
  endfacet
  facet normal 1 0 0
    outer loop
      vertex 76.2 -50.8 0
      vertex 76.2 -42.8 0.299999
      vertex 76.2 -50.8 0.299999
    endloop
  endfacet
  facet normal 1 0 0
    outer loop
      vertex 76.2 -42.8 0.299999
      vertex 76.2 -50.8 0
      vertex 76.2 50.8 0
    endloop
  endfacet
  facet normal 1 -0 0
    outer loop
      vertex -68.2 7.22313 0.4
      vertex -68.2 42.8 0
      vertex -68.2 42.8 0.4
    endloop
  endfacet
  facet normal 1 0 0
    outer loop
      vertex -68.2 42.8 0
      vertex -68.2 7.22313 0.4
      vertex -68.2 7.22313 0
    endloop
  endfacet
  facet normal 1 -0 0
    outer loop
      vertex -68.2 -42.8 0.4
      vertex -68.2 6.77687 0
      vertex -68.2 6.77687 0.4
    endloop
  endfacet
  facet normal 1 0 0
    outer loop
      vertex -68.2 6.77687 0
      vertex -68.2 -42.8 0.4
      vertex -68.2 -42.8 0
    endloop
  endfacet
  facet normal 0 -1 0
    outer loop
      vertex -68.2 42.8 0
      vertex 68.2 42.8 0.4
      vertex -68.2 42.8 0.4
    endloop
  endfacet
  facet normal 0 -1 -0
    outer loop
      vertex 68.2 42.8 0.4
      vertex -68.2 42.8 0
      vertex 68.2 42.8 0
    endloop
  endfacet
  facet normal -1 0 0
    outer loop
      vertex 68.2 7.22313 0
      vertex 68.2 42.8 0.4
      vertex 68.2 42.8 0
    endloop
  endfacet
  facet normal -1 -0 0
    outer loop
      vertex 68.2 42.8 0.4
      vertex 68.2 7.22313 0
      vertex 68.2 7.22313 0.4
    endloop
  endfacet
  facet normal -1 0 0
    outer loop
      vertex 68.2 -42.8 0
      vertex 68.2 6.77687 0.4
      vertex 68.2 6.77687 0
    endloop
  endfacet
  facet normal -1 -0 0
    outer loop
      vertex 68.2 6.77687 0.4
      vertex 68.2 -42.8 0
      vertex 68.2 -42.8 0.4
    endloop
  endfacet
  facet normal 0 1 -0
    outer loop
      vertex 68.2 -42.8 0
      vertex 34.2231 -42.8 0.4
      vertex 68.2 -42.8 0.4
    endloop
  endfacet
  facet normal 0 1 0
    outer loop
      vertex 34.2231 -42.8 0.4
      vertex 68.2 -42.8 0
      vertex 34.2231 -42.8 0
    endloop
  endfacet
  facet normal 0 1 -0
    outer loop
      vertex -10.2231 -42.8 0
      vertex -68.2 -42.8 0.4
      vertex -10.2231 -42.8 0.4
    endloop
  endfacet
  facet normal 0 1 0
    outer loop
      vertex -68.2 -42.8 0.4
      vertex -10.2231 -42.8 0
      vertex -68.2 -42.8 0
    endloop
  endfacet
  facet normal 0 1 -0
    outer loop
      vertex 33.7769 -42.8 0
      vertex -9.77686 -42.8 0.4
      vertex 33.7769 -42.8 0.4
    endloop
  endfacet
  facet normal 0 1 0
    outer loop
      vertex -9.77686 -42.8 0.4
      vertex 33.7769 -42.8 0
      vertex -9.77686 -42.8 0
    endloop
  endfacet
endsolid OpenSCAD_Model
