solid OpenSCAD_Model
  facet normal -0.989203 -0.146549 0
    outer loop
      vertex -78.1833 -54.3309 0
      vertex -78.2081 -54.1635 1.21
      vertex -78.2081 -54.1635 0
    endloop
  endfacet
  facet normal -0.989203 -0.146549 0
    outer loop
      vertex -78.2081 -54.1635 1.21
      vertex -78.1833 -54.3309 0
      vertex -78.1833 -54.3309 1.21
    endloop
  endfacet
  facet normal -0.998798 -0.0490244 0
    outer loop
      vertex -78.175 -54.5 0
      vertex -78.1833 -54.3309 1.21
      vertex -78.1833 -54.3309 0
    endloop
  endfacet
  facet normal -0.998798 -0.0490244 0
    outer loop
      vertex -78.1833 -54.3309 1.21
      vertex -78.175 -54.5 0
      vertex -78.175 -54.5 1.21
    endloop
  endfacet
  facet normal -0.969934 -0.243369 0
    outer loop
      vertex -78.2081 -54.1635 0
      vertex -78.2493 -53.9993 1.21
      vertex -78.2493 -53.9993 0
    endloop
  endfacet
  facet normal -0.969934 -0.243369 0
    outer loop
      vertex -78.2493 -53.9993 1.21
      vertex -78.2081 -54.1635 0
      vertex -78.2081 -54.1635 1.21
    endloop
  endfacet
  facet normal -0.989203 0.146549 0
    outer loop
      vertex -78.2081 -54.8365 0
      vertex -78.1833 -54.6691 1.21
      vertex -78.1833 -54.6691 0
    endloop
  endfacet
  facet normal -0.989203 0.146549 0
    outer loop
      vertex -78.1833 -54.6691 1.21
      vertex -78.2081 -54.8365 0
      vertex -78.2081 -54.8365 1.21
    endloop
  endfacet
  facet normal -0.513974 -0.857806 0
    outer loop
      vertex -79.0868 -52.9787 0
      vertex -78.9416 -53.0657 1.21
      vertex -79.0868 -52.9787 1.21
    endloop
  endfacet
  facet normal -0.513974 -0.857806 -0
    outer loop
      vertex -78.9416 -53.0657 1.21
      vertex -79.0868 -52.9787 0
      vertex -78.9416 -53.0657 0
    endloop
  endfacet
  facet normal -0.0490244 -0.998798 0
    outer loop
      vertex -79.9 -52.775 0
      vertex -79.7309 -52.7833 1.21
      vertex -79.9 -52.775 1.21
    endloop
  endfacet
  facet normal -0.0490244 -0.998798 -0
    outer loop
      vertex -79.7309 -52.7833 1.21
      vertex -79.9 -52.775 0
      vertex -79.7309 -52.7833 0
    endloop
  endfacet
  facet normal -0.146549 0.989203 0
    outer loop
      vertex -79.5635 -56.1919 0
      vertex -79.7309 -56.2167 1.21
      vertex -79.5635 -56.1919 1.21
    endloop
  endfacet
  facet normal -0.146549 0.989203 0
    outer loop
      vertex -79.7309 -56.2167 1.21
      vertex -79.5635 -56.1919 0
      vertex -79.7309 -56.2167 0
    endloop
  endfacet
  facet normal 0.969934 -0.243369 0
    outer loop
      vertex -81.5919 -54.1635 1.21
      vertex -81.5507 -53.9993 0
      vertex -81.5507 -53.9993 1.21
    endloop
  endfacet
  facet normal 0.969934 -0.243369 0
    outer loop
      vertex -81.5507 -53.9993 0
      vertex -81.5919 -54.1635 1.21
      vertex -81.5919 -54.1635 0
    endloop
  endfacet
  facet normal -0.427502 -0.904014 0
    outer loop
      vertex -79.2399 -52.9063 0
      vertex -79.0868 -52.9787 1.21
      vertex -79.2399 -52.9063 1.21
    endloop
  endfacet
  facet normal -0.427502 -0.904014 -0
    outer loop
      vertex -79.0868 -52.9787 1.21
      vertex -79.2399 -52.9063 0
      vertex -79.0868 -52.9787 0
    endloop
  endfacet
  facet normal 0.998798 0.0490244 0
    outer loop
      vertex -81.6167 -54.6691 1.21
      vertex -81.625 -54.5 0
      vertex -81.625 -54.5 1.21
    endloop
  endfacet
  facet normal 0.998798 0.0490244 0
    outer loop
      vertex -81.625 -54.5 0
      vertex -81.6167 -54.6691 1.21
      vertex -81.6167 -54.6691 0
    endloop
  endfacet
  facet normal -0.941608 0.336711 0
    outer loop
      vertex -78.3063 -55.1601 0
      vertex -78.2493 -55.0007 1.21
      vertex -78.2493 -55.0007 0
    endloop
  endfacet
  facet normal -0.941608 0.336711 0
    outer loop
      vertex -78.2493 -55.0007 1.21
      vertex -78.3063 -55.1601 0
      vertex -78.3063 -55.1601 1.21
    endloop
  endfacet
  facet normal 0.243369 -0.969934 0
    outer loop
      vertex -80.4007 -52.8493 0
      vertex -80.2365 -52.8081 1.21
      vertex -80.4007 -52.8493 1.21
    endloop
  endfacet
  facet normal 0.243369 -0.969934 0
    outer loop
      vertex -80.2365 -52.8081 1.21
      vertex -80.4007 -52.8493 0
      vertex -80.2365 -52.8081 0
    endloop
  endfacet
  facet normal -0.336711 -0.941608 0
    outer loop
      vertex -79.3993 -52.8493 0
      vertex -79.2399 -52.9063 1.21
      vertex -79.3993 -52.8493 1.21
    endloop
  endfacet
  facet normal -0.336711 -0.941608 -0
    outer loop
      vertex -79.2399 -52.9063 1.21
      vertex -79.3993 -52.8493 0
      vertex -79.2399 -52.9063 0
    endloop
  endfacet
  facet normal 0.0490244 0.998798 -0
    outer loop
      vertex -79.9 -56.225 0
      vertex -80.0691 -56.2167 1.21
      vertex -79.9 -56.225 1.21
    endloop
  endfacet
  facet normal 0.0490244 0.998798 0
    outer loop
      vertex -80.0691 -56.2167 1.21
      vertex -79.9 -56.225 0
      vertex -80.0691 -56.2167 0
    endloop
  endfacet
  facet normal 0.596117 0.802897 -0
    outer loop
      vertex -80.8584 -55.9343 0
      vertex -80.9943 -55.8334 1.21
      vertex -80.8584 -55.9343 1.21
    endloop
  endfacet
  facet normal 0.596117 0.802897 0
    outer loop
      vertex -80.9943 -55.8334 1.21
      vertex -80.8584 -55.9343 0
      vertex -80.9943 -55.8334 0
    endloop
  endfacet
  facet normal 0.146549 -0.989203 0
    outer loop
      vertex -80.2365 -52.8081 0
      vertex -80.0691 -52.7833 1.21
      vertex -80.2365 -52.8081 1.21
    endloop
  endfacet
  facet normal 0.146549 -0.989203 0
    outer loop
      vertex -80.0691 -52.7833 1.21
      vertex -80.2365 -52.8081 0
      vertex -80.0691 -52.7833 0
    endloop
  endfacet
  facet normal -0.336711 0.941608 0
    outer loop
      vertex -79.2399 -56.0937 0
      vertex -79.3993 -56.1507 1.21
      vertex -79.2399 -56.0937 1.21
    endloop
  endfacet
  facet normal -0.336711 0.941608 0
    outer loop
      vertex -79.3993 -56.1507 1.21
      vertex -79.2399 -56.0937 0
      vertex -79.3993 -56.1507 0
    endloop
  endfacet
  facet normal -0.941608 -0.336711 0
    outer loop
      vertex -78.2493 -53.9993 0
      vertex -78.3063 -53.8399 1.21
      vertex -78.3063 -53.8399 0
    endloop
  endfacet
  facet normal -0.941608 -0.336711 0
    outer loop
      vertex -78.3063 -53.8399 1.21
      vertex -78.2493 -53.9993 0
      vertex -78.2493 -53.9993 1.21
    endloop
  endfacet
  facet normal -0.427502 0.904014 0
    outer loop
      vertex -79.0868 -56.0213 0
      vertex -79.2399 -56.0937 1.21
      vertex -79.0868 -56.0213 1.21
    endloop
  endfacet
  facet normal -0.427502 0.904014 0
    outer loop
      vertex -79.2399 -56.0937 1.21
      vertex -79.0868 -56.0213 0
      vertex -79.2399 -56.0937 0
    endloop
  endfacet
  facet normal 0.336711 0.941608 -0
    outer loop
      vertex -80.4007 -56.1507 0
      vertex -80.5601 -56.0937 1.21
      vertex -80.4007 -56.1507 1.21
    endloop
  endfacet
  facet normal 0.336711 0.941608 0
    outer loop
      vertex -80.5601 -56.0937 1.21
      vertex -80.4007 -56.1507 0
      vertex -80.5601 -56.0937 0
    endloop
  endfacet
  facet normal -0.969934 0.243369 0
    outer loop
      vertex -78.2493 -55.0007 0
      vertex -78.2081 -54.8365 1.21
      vertex -78.2081 -54.8365 0
    endloop
  endfacet
  facet normal -0.969934 0.243369 0
    outer loop
      vertex -78.2081 -54.8365 1.21
      vertex -78.2493 -55.0007 0
      vertex -78.2493 -55.0007 1.21
    endloop
  endfacet
  facet normal 0.989203 -0.146549 0
    outer loop
      vertex -81.6167 -54.3309 1.21
      vertex -81.5919 -54.1635 0
      vertex -81.5919 -54.1635 1.21
    endloop
  endfacet
  facet normal 0.989203 -0.146549 0
    outer loop
      vertex -81.5919 -54.1635 0
      vertex -81.6167 -54.3309 1.21
      vertex -81.6167 -54.3309 0
    endloop
  endfacet
  facet normal 0.904014 0.427502 0
    outer loop
      vertex -81.4213 -55.3132 1.21
      vertex -81.4937 -55.1601 0
      vertex -81.4937 -55.1601 1.21
    endloop
  endfacet
  facet normal 0.904014 0.427502 0
    outer loop
      vertex -81.4937 -55.1601 0
      vertex -81.4213 -55.3132 1.21
      vertex -81.4213 -55.3132 0
    endloop
  endfacet
  facet normal -0.998798 0.0490244 0
    outer loop
      vertex -78.1833 -54.6691 0
      vertex -78.175 -54.5 1.21
      vertex -78.175 -54.5 0
    endloop
  endfacet
  facet normal -0.998798 0.0490244 0
    outer loop
      vertex -78.175 -54.5 1.21
      vertex -78.1833 -54.6691 0
      vertex -78.1833 -54.6691 1.21
    endloop
  endfacet
  facet normal -0.802897 -0.596117 0
    outer loop
      vertex -78.4657 -53.5416 0
      vertex -78.5666 -53.4057 1.21
      vertex -78.5666 -53.4057 0
    endloop
  endfacet
  facet normal -0.802897 -0.596117 0
    outer loop
      vertex -78.5666 -53.4057 1.21
      vertex -78.4657 -53.5416 0
      vertex -78.4657 -53.5416 1.21
    endloop
  endfacet
  facet normal -0.146549 -0.989203 0
    outer loop
      vertex -79.7309 -52.7833 0
      vertex -79.5635 -52.8081 1.21
      vertex -79.7309 -52.7833 1.21
    endloop
  endfacet
  facet normal -0.146549 -0.989203 -0
    outer loop
      vertex -79.5635 -52.8081 1.21
      vertex -79.7309 -52.7833 0
      vertex -79.5635 -52.8081 0
    endloop
  endfacet
  facet normal -0.741382 -0.671083 0
    outer loop
      vertex -78.5666 -53.4057 0
      vertex -78.6802 -53.2802 1.21
      vertex -78.6802 -53.2802 0
    endloop
  endfacet
  facet normal -0.741382 -0.671083 0
    outer loop
      vertex -78.6802 -53.2802 1.21
      vertex -78.5666 -53.4057 0
      vertex -78.5666 -53.4057 1.21
    endloop
  endfacet
  facet normal 0.671083 0.741382 -0
    outer loop
      vertex -80.9943 -55.8334 0
      vertex -81.1198 -55.7198 1.21
      vertex -80.9943 -55.8334 1.21
    endloop
  endfacet
  facet normal 0.671083 0.741382 0
    outer loop
      vertex -81.1198 -55.7198 1.21
      vertex -80.9943 -55.8334 0
      vertex -81.1198 -55.7198 0
    endloop
  endfacet
  facet normal 0.596117 -0.802897 0
    outer loop
      vertex -80.9943 -53.1666 0
      vertex -80.8584 -53.0657 1.21
      vertex -80.9943 -53.1666 1.21
    endloop
  endfacet
  facet normal 0.596117 -0.802897 0
    outer loop
      vertex -80.8584 -53.0657 1.21
      vertex -80.9943 -53.1666 0
      vertex -80.8584 -53.0657 0
    endloop
  endfacet
  facet normal 0.941608 0.336711 0
    outer loop
      vertex -81.4937 -55.1601 1.21
      vertex -81.5507 -55.0007 0
      vertex -81.5507 -55.0007 1.21
    endloop
  endfacet
  facet normal 0.941608 0.336711 0
    outer loop
      vertex -81.5507 -55.0007 0
      vertex -81.4937 -55.1601 1.21
      vertex -81.4937 -55.1601 0
    endloop
  endfacet
  facet normal 0.427502 -0.904014 0
    outer loop
      vertex -80.7132 -52.9787 0
      vertex -80.5601 -52.9063 1.21
      vertex -80.7132 -52.9787 1.21
    endloop
  endfacet
  facet normal 0.427502 -0.904014 0
    outer loop
      vertex -80.5601 -52.9063 1.21
      vertex -80.7132 -52.9787 0
      vertex -80.5601 -52.9063 0
    endloop
  endfacet
  facet normal 0.969934 0.243369 0
    outer loop
      vertex -81.5507 -55.0007 1.21
      vertex -81.5919 -54.8365 0
      vertex -81.5919 -54.8365 1.21
    endloop
  endfacet
  facet normal 0.969934 0.243369 0
    outer loop
      vertex -81.5919 -54.8365 0
      vertex -81.5507 -55.0007 1.21
      vertex -81.5507 -55.0007 0
    endloop
  endfacet
  facet normal 0.741382 -0.671083 0
    outer loop
      vertex -81.2334 -53.4057 1.21
      vertex -81.1198 -53.2802 0
      vertex -81.1198 -53.2802 1.21
    endloop
  endfacet
  facet normal 0.741382 -0.671083 0
    outer loop
      vertex -81.1198 -53.2802 0
      vertex -81.2334 -53.4057 1.21
      vertex -81.2334 -53.4057 0
    endloop
  endfacet
  facet normal -0.741382 0.671083 0
    outer loop
      vertex -78.6802 -55.7198 0
      vertex -78.5666 -55.5943 1.21
      vertex -78.5666 -55.5943 0
    endloop
  endfacet
  facet normal -0.741382 0.671083 0
    outer loop
      vertex -78.5666 -55.5943 1.21
      vertex -78.6802 -55.7198 0
      vertex -78.6802 -55.7198 1.21
    endloop
  endfacet
  facet normal -0.904014 -0.427502 0
    outer loop
      vertex -78.3063 -53.8399 0
      vertex -78.3787 -53.6868 1.21
      vertex -78.3787 -53.6868 0
    endloop
  endfacet
  facet normal -0.904014 -0.427502 0
    outer loop
      vertex -78.3787 -53.6868 1.21
      vertex -78.3063 -53.8399 0
      vertex -78.3063 -53.8399 1.21
    endloop
  endfacet
  facet normal 0.0490244 -0.998798 0
    outer loop
      vertex -80.0691 -52.7833 0
      vertex -79.9 -52.775 1.21
      vertex -80.0691 -52.7833 1.21
    endloop
  endfacet
  facet normal 0.0490244 -0.998798 0
    outer loop
      vertex -79.9 -52.775 1.21
      vertex -80.0691 -52.7833 0
      vertex -79.9 -52.775 0
    endloop
  endfacet
  facet normal -0.596117 -0.802897 0
    outer loop
      vertex -78.9416 -53.0657 0
      vertex -78.8057 -53.1666 1.21
      vertex -78.9416 -53.0657 1.21
    endloop
  endfacet
  facet normal -0.596117 -0.802897 -0
    outer loop
      vertex -78.8057 -53.1666 1.21
      vertex -78.9416 -53.0657 0
      vertex -78.8057 -53.1666 0
    endloop
  endfacet
  facet normal 0.146549 0.989203 -0
    outer loop
      vertex -80.0691 -56.2167 0
      vertex -80.2365 -56.1919 1.21
      vertex -80.0691 -56.2167 1.21
    endloop
  endfacet
  facet normal 0.146549 0.989203 0
    outer loop
      vertex -80.2365 -56.1919 1.21
      vertex -80.0691 -56.2167 0
      vertex -80.2365 -56.1919 0
    endloop
  endfacet
  facet normal -0.513974 0.857806 0
    outer loop
      vertex -78.9416 -55.9343 0
      vertex -79.0868 -56.0213 1.21
      vertex -78.9416 -55.9343 1.21
    endloop
  endfacet
  facet normal -0.513974 0.857806 0
    outer loop
      vertex -79.0868 -56.0213 1.21
      vertex -78.9416 -55.9343 0
      vertex -79.0868 -56.0213 0
    endloop
  endfacet
  facet normal -0.0490244 0.998798 0
    outer loop
      vertex -79.7309 -56.2167 0
      vertex -79.9 -56.225 1.21
      vertex -79.7309 -56.2167 1.21
    endloop
  endfacet
  facet normal -0.0490244 0.998798 0
    outer loop
      vertex -79.9 -56.225 1.21
      vertex -79.7309 -56.2167 0
      vertex -79.9 -56.225 0
    endloop
  endfacet
  facet normal -0.243369 0.969934 0
    outer loop
      vertex -79.3993 -56.1507 0
      vertex -79.5635 -56.1919 1.21
      vertex -79.3993 -56.1507 1.21
    endloop
  endfacet
  facet normal -0.243369 0.969934 0
    outer loop
      vertex -79.5635 -56.1919 1.21
      vertex -79.3993 -56.1507 0
      vertex -79.5635 -56.1919 0
    endloop
  endfacet
  facet normal 0.513974 -0.857806 0
    outer loop
      vertex -80.8584 -53.0657 0
      vertex -80.7132 -52.9787 1.21
      vertex -80.8584 -53.0657 1.21
    endloop
  endfacet
  facet normal 0.513974 -0.857806 0
    outer loop
      vertex -80.7132 -52.9787 1.21
      vertex -80.8584 -53.0657 0
      vertex -80.7132 -52.9787 0
    endloop
  endfacet
  facet normal -0.596117 0.802897 0
    outer loop
      vertex -78.8057 -55.8334 0
      vertex -78.9416 -55.9343 1.21
      vertex -78.8057 -55.8334 1.21
    endloop
  endfacet
  facet normal -0.596117 0.802897 0
    outer loop
      vertex -78.9416 -55.9343 1.21
      vertex -78.8057 -55.8334 0
      vertex -78.9416 -55.9343 0
    endloop
  endfacet
  facet normal -0.243369 -0.969934 0
    outer loop
      vertex -79.5635 -52.8081 0
      vertex -79.3993 -52.8493 1.21
      vertex -79.5635 -52.8081 1.21
    endloop
  endfacet
  facet normal -0.243369 -0.969934 -0
    outer loop
      vertex -79.3993 -52.8493 1.21
      vertex -79.5635 -52.8081 0
      vertex -79.3993 -52.8493 0
    endloop
  endfacet
  facet normal 0.941608 -0.336711 0
    outer loop
      vertex -81.5507 -53.9993 1.21
      vertex -81.4937 -53.8399 0
      vertex -81.4937 -53.8399 1.21
    endloop
  endfacet
  facet normal 0.941608 -0.336711 0
    outer loop
      vertex -81.4937 -53.8399 0
      vertex -81.5507 -53.9993 1.21
      vertex -81.5507 -53.9993 0
    endloop
  endfacet
  facet normal -0.904014 0.427502 0
    outer loop
      vertex -78.3787 -55.3132 0
      vertex -78.3063 -55.1601 1.21
      vertex -78.3063 -55.1601 0
    endloop
  endfacet
  facet normal -0.904014 0.427502 0
    outer loop
      vertex -78.3063 -55.1601 1.21
      vertex -78.3787 -55.3132 0
      vertex -78.3787 -55.3132 1.21
    endloop
  endfacet
  facet normal -0.857806 -0.513974 0
    outer loop
      vertex -78.3787 -53.6868 0
      vertex -78.4657 -53.5416 1.21
      vertex -78.4657 -53.5416 0
    endloop
  endfacet
  facet normal -0.857806 -0.513974 0
    outer loop
      vertex -78.4657 -53.5416 1.21
      vertex -78.3787 -53.6868 0
      vertex -78.3787 -53.6868 1.21
    endloop
  endfacet
  facet normal 0.336711 -0.941608 0
    outer loop
      vertex -80.5601 -52.9063 0
      vertex -80.4007 -52.8493 1.21
      vertex -80.5601 -52.9063 1.21
    endloop
  endfacet
  facet normal 0.336711 -0.941608 0
    outer loop
      vertex -80.4007 -52.8493 1.21
      vertex -80.5601 -52.9063 0
      vertex -80.4007 -52.8493 0
    endloop
  endfacet
  facet normal 0.741382 0.671083 0
    outer loop
      vertex -81.1198 -55.7198 1.21
      vertex -81.2334 -55.5943 0
      vertex -81.2334 -55.5943 1.21
    endloop
  endfacet
  facet normal 0.741382 0.671083 0
    outer loop
      vertex -81.2334 -55.5943 0
      vertex -81.1198 -55.7198 1.21
      vertex -81.1198 -55.7198 0
    endloop
  endfacet
  facet normal 0.671083 -0.741382 0
    outer loop
      vertex -81.1198 -53.2802 0
      vertex -80.9943 -53.1666 1.21
      vertex -81.1198 -53.2802 1.21
    endloop
  endfacet
  facet normal 0.671083 -0.741382 0
    outer loop
      vertex -80.9943 -53.1666 1.21
      vertex -81.1198 -53.2802 0
      vertex -80.9943 -53.1666 0
    endloop
  endfacet
  facet normal 0.857806 -0.513974 0
    outer loop
      vertex -81.4213 -53.6868 1.21
      vertex -81.3343 -53.5416 0
      vertex -81.3343 -53.5416 1.21
    endloop
  endfacet
  facet normal 0.857806 -0.513974 0
    outer loop
      vertex -81.3343 -53.5416 0
      vertex -81.4213 -53.6868 1.21
      vertex -81.4213 -53.6868 0
    endloop
  endfacet
  facet normal 0.998798 -0.0490244 0
    outer loop
      vertex -81.625 -54.5 1.21
      vertex -81.6167 -54.3309 0
      vertex -81.6167 -54.3309 1.21
    endloop
  endfacet
  facet normal 0.998798 -0.0490244 0
    outer loop
      vertex -81.6167 -54.3309 0
      vertex -81.625 -54.5 1.21
      vertex -81.625 -54.5 0
    endloop
  endfacet
  facet normal 0.989203 0.146549 0
    outer loop
      vertex -81.5919 -54.8365 1.21
      vertex -81.6167 -54.6691 0
      vertex -81.6167 -54.6691 1.21
    endloop
  endfacet
  facet normal 0.989203 0.146549 0
    outer loop
      vertex -81.6167 -54.6691 0
      vertex -81.5919 -54.8365 1.21
      vertex -81.5919 -54.8365 0
    endloop
  endfacet
  facet normal 0.802897 -0.596117 0
    outer loop
      vertex -81.3343 -53.5416 1.21
      vertex -81.2334 -53.4057 0
      vertex -81.2334 -53.4057 1.21
    endloop
  endfacet
  facet normal 0.802897 -0.596117 0
    outer loop
      vertex -81.2334 -53.4057 0
      vertex -81.3343 -53.5416 1.21
      vertex -81.3343 -53.5416 0
    endloop
  endfacet
  facet normal -0.671083 -0.741382 0
    outer loop
      vertex -78.8057 -53.1666 0
      vertex -78.6802 -53.2802 1.21
      vertex -78.8057 -53.1666 1.21
    endloop
  endfacet
  facet normal -0.671083 -0.741382 -0
    outer loop
      vertex -78.6802 -53.2802 1.21
      vertex -78.8057 -53.1666 0
      vertex -78.6802 -53.2802 0
    endloop
  endfacet
  facet normal 0.802897 0.596117 0
    outer loop
      vertex -81.2334 -55.5943 1.21
      vertex -81.3343 -55.4584 0
      vertex -81.3343 -55.4584 1.21
    endloop
  endfacet
  facet normal 0.802897 0.596117 0
    outer loop
      vertex -81.3343 -55.4584 0
      vertex -81.2334 -55.5943 1.21
      vertex -81.2334 -55.5943 0
    endloop
  endfacet
  facet normal 0.513974 0.857806 -0
    outer loop
      vertex -80.7132 -56.0213 0
      vertex -80.8584 -55.9343 1.21
      vertex -80.7132 -56.0213 1.21
    endloop
  endfacet
  facet normal 0.513974 0.857806 0
    outer loop
      vertex -80.8584 -55.9343 1.21
      vertex -80.7132 -56.0213 0
      vertex -80.8584 -55.9343 0
    endloop
  endfacet
  facet normal -0.857806 0.513974 0
    outer loop
      vertex -78.4657 -55.4584 0
      vertex -78.3787 -55.3132 1.21
      vertex -78.3787 -55.3132 0
    endloop
  endfacet
  facet normal -0.857806 0.513974 0
    outer loop
      vertex -78.3787 -55.3132 1.21
      vertex -78.4657 -55.4584 0
      vertex -78.4657 -55.4584 1.21
    endloop
  endfacet
  facet normal 0.427502 0.904014 -0
    outer loop
      vertex -80.5601 -56.0937 0
      vertex -80.7132 -56.0213 1.21
      vertex -80.5601 -56.0937 1.21
    endloop
  endfacet
  facet normal 0.427502 0.904014 0
    outer loop
      vertex -80.7132 -56.0213 1.21
      vertex -80.5601 -56.0937 0
      vertex -80.7132 -56.0213 0
    endloop
  endfacet
  facet normal -0.802897 0.596117 0
    outer loop
      vertex -78.5666 -55.5943 0
      vertex -78.4657 -55.4584 1.21
      vertex -78.4657 -55.4584 0
    endloop
  endfacet
  facet normal -0.802897 0.596117 0
    outer loop
      vertex -78.4657 -55.4584 1.21
      vertex -78.5666 -55.5943 0
      vertex -78.5666 -55.5943 1.21
    endloop
  endfacet
  facet normal 0.243369 0.969934 -0
    outer loop
      vertex -80.2365 -56.1919 0
      vertex -80.4007 -56.1507 1.21
      vertex -80.2365 -56.1919 1.21
    endloop
  endfacet
  facet normal 0.243369 0.969934 0
    outer loop
      vertex -80.4007 -56.1507 1.21
      vertex -80.2365 -56.1919 0
      vertex -80.4007 -56.1507 0
    endloop
  endfacet
  facet normal 0.857806 0.513974 0
    outer loop
      vertex -81.3343 -55.4584 1.21
      vertex -81.4213 -55.3132 0
      vertex -81.4213 -55.3132 1.21
    endloop
  endfacet
  facet normal 0.857806 0.513974 0
    outer loop
      vertex -81.4213 -55.3132 0
      vertex -81.3343 -55.4584 1.21
      vertex -81.3343 -55.4584 0
    endloop
  endfacet
  facet normal 0.904014 -0.427502 0
    outer loop
      vertex -81.4937 -53.8399 1.21
      vertex -81.4213 -53.6868 0
      vertex -81.4213 -53.6868 1.21
    endloop
  endfacet
  facet normal 0.904014 -0.427502 0
    outer loop
      vertex -81.4213 -53.6868 0
      vertex -81.4937 -53.8399 1.21
      vertex -81.4937 -53.8399 0
    endloop
  endfacet
  facet normal -0.671083 0.741382 0
    outer loop
      vertex -78.6802 -55.7198 0
      vertex -78.8057 -55.8334 1.21
      vertex -78.6802 -55.7198 1.21
    endloop
  endfacet
  facet normal -0.671083 0.741382 0
    outer loop
      vertex -78.8057 -55.8334 1.21
      vertex -78.6802 -55.7198 0
      vertex -78.8057 -55.8334 0
    endloop
  endfacet
  facet normal 0 0 -1
    outer loop
      vertex -78.1833 -54.6691 1.21
      vertex -78.1833 -54.3309 1.21
      vertex -78.175 -54.5 1.21
    endloop
  endfacet
  facet normal 0 0 -1
    outer loop
      vertex -78.2081 -54.8365 1.21
      vertex -78.1833 -54.3309 1.21
      vertex -78.1833 -54.6691 1.21
    endloop
  endfacet
  facet normal 0 0 -1
    outer loop
      vertex -78.2081 -54.8365 1.21
      vertex -78.2081 -54.1635 1.21
      vertex -78.1833 -54.3309 1.21
    endloop
  endfacet
  facet normal 0 0 -1
    outer loop
      vertex -78.2493 -55.0007 1.21
      vertex -78.2081 -54.1635 1.21
      vertex -78.2081 -54.8365 1.21
    endloop
  endfacet
  facet normal 0 0 -1
    outer loop
      vertex -78.2493 -55.0007 1.21
      vertex -78.2493 -53.9993 1.21
      vertex -78.2081 -54.1635 1.21
    endloop
  endfacet
  facet normal 0 0 -1
    outer loop
      vertex -78.3063 -55.1601 1.21
      vertex -78.2493 -53.9993 1.21
      vertex -78.2493 -55.0007 1.21
    endloop
  endfacet
  facet normal 0 0 -1
    outer loop
      vertex -78.3063 -55.1601 1.21
      vertex -78.3063 -53.8399 1.21
      vertex -78.2493 -53.9993 1.21
    endloop
  endfacet
  facet normal 0 0 -1
    outer loop
      vertex -78.3787 -55.3132 1.21
      vertex -78.3063 -53.8399 1.21
      vertex -78.3063 -55.1601 1.21
    endloop
  endfacet
  facet normal 0 0 -1
    outer loop
      vertex -78.3787 -55.3132 1.21
      vertex -78.3787 -53.6868 1.21
      vertex -78.3063 -53.8399 1.21
    endloop
  endfacet
  facet normal 0 0 -1
    outer loop
      vertex -78.4657 -55.4584 1.21
      vertex -78.3787 -53.6868 1.21
      vertex -78.3787 -55.3132 1.21
    endloop
  endfacet
  facet normal 0 0 -1
    outer loop
      vertex -78.4657 -55.4584 1.21
      vertex -78.4657 -53.5416 1.21
      vertex -78.3787 -53.6868 1.21
    endloop
  endfacet
  facet normal 0 0 -1
    outer loop
      vertex -78.5666 -55.5943 1.21
      vertex -78.4657 -53.5416 1.21
      vertex -78.4657 -55.4584 1.21
    endloop
  endfacet
  facet normal 0 0 -1
    outer loop
      vertex -78.5666 -55.5943 1.21
      vertex -78.5666 -53.4057 1.21
      vertex -78.4657 -53.5416 1.21
    endloop
  endfacet
  facet normal 0 0 -1
    outer loop
      vertex -78.6802 -55.7198 1.21
      vertex -78.5666 -53.4057 1.21
      vertex -78.5666 -55.5943 1.21
    endloop
  endfacet
  facet normal 0 0 -1
    outer loop
      vertex -78.6802 -55.7198 1.21
      vertex -78.6802 -53.2802 1.21
      vertex -78.5666 -53.4057 1.21
    endloop
  endfacet
  facet normal 0 0 -1
    outer loop
      vertex -78.8057 -55.8334 1.21
      vertex -78.6802 -53.2802 1.21
      vertex -78.6802 -55.7198 1.21
    endloop
  endfacet
  facet normal 0 0 -1
    outer loop
      vertex -78.8057 -55.8334 1.21
      vertex -78.8057 -53.1666 1.21
      vertex -78.6802 -53.2802 1.21
    endloop
  endfacet
  facet normal 0 0 -1
    outer loop
      vertex -78.9416 -55.9343 1.21
      vertex -78.8057 -53.1666 1.21
      vertex -78.8057 -55.8334 1.21
    endloop
  endfacet
  facet normal 0 0 -1
    outer loop
      vertex -78.9416 -55.9343 1.21
      vertex -78.9416 -53.0657 1.21
      vertex -78.8057 -53.1666 1.21
    endloop
  endfacet
  facet normal 0 0 -1
    outer loop
      vertex -79.0868 -56.0213 1.21
      vertex -78.9416 -53.0657 1.21
      vertex -78.9416 -55.9343 1.21
    endloop
  endfacet
  facet normal 0 0 -1
    outer loop
      vertex -79.0868 -56.0213 1.21
      vertex -79.0868 -52.9787 1.21
      vertex -78.9416 -53.0657 1.21
    endloop
  endfacet
  facet normal 0 0 -1
    outer loop
      vertex -79.2399 -56.0937 1.21
      vertex -79.0868 -52.9787 1.21
      vertex -79.0868 -56.0213 1.21
    endloop
  endfacet
  facet normal 0 0 -1
    outer loop
      vertex -79.2399 -56.0937 1.21
      vertex -79.2399 -52.9063 1.21
      vertex -79.0868 -52.9787 1.21
    endloop
  endfacet
  facet normal 0 0 -1
    outer loop
      vertex -79.3993 -56.1507 1.21
      vertex -79.2399 -52.9063 1.21
      vertex -79.2399 -56.0937 1.21
    endloop
  endfacet
  facet normal 0 0 -1
    outer loop
      vertex -79.3993 -56.1507 1.21
      vertex -79.3993 -52.8493 1.21
      vertex -79.2399 -52.9063 1.21
    endloop
  endfacet
  facet normal 0 0 -1
    outer loop
      vertex -79.5635 -56.1919 1.21
      vertex -79.3993 -52.8493 1.21
      vertex -79.3993 -56.1507 1.21
    endloop
  endfacet
  facet normal 0 0 -1
    outer loop
      vertex -79.5635 -56.1919 1.21
      vertex -79.5635 -52.8081 1.21
      vertex -79.3993 -52.8493 1.21
    endloop
  endfacet
  facet normal 0 0 -1
    outer loop
      vertex -79.7309 -56.2167 1.21
      vertex -79.5635 -52.8081 1.21
      vertex -79.5635 -56.1919 1.21
    endloop
  endfacet
  facet normal 0 0 -1
    outer loop
      vertex -79.7309 -56.2167 1.21
      vertex -79.7309 -52.7833 1.21
      vertex -79.5635 -52.8081 1.21
    endloop
  endfacet
  facet normal 0 0 -1
    outer loop
      vertex -79.9 -56.225 1.21
      vertex -79.7309 -52.7833 1.21
      vertex -79.7309 -56.2167 1.21
    endloop
  endfacet
  facet normal 0 0 -1
    outer loop
      vertex -79.9 -56.225 1.21
      vertex -79.9 -52.775 1.21
      vertex -79.7309 -52.7833 1.21
    endloop
  endfacet
  facet normal 0 0 -1
    outer loop
      vertex -80.0691 -56.2167 1.21
      vertex -79.9 -52.775 1.21
      vertex -79.9 -56.225 1.21
    endloop
  endfacet
  facet normal 0 0 -1
    outer loop
      vertex -80.0691 -56.2167 1.21
      vertex -80.0691 -52.7833 1.21
      vertex -79.9 -52.775 1.21
    endloop
  endfacet
  facet normal 0 0 -1
    outer loop
      vertex -80.2365 -56.1919 1.21
      vertex -80.0691 -52.7833 1.21
      vertex -80.0691 -56.2167 1.21
    endloop
  endfacet
  facet normal 0 0 -1
    outer loop
      vertex -80.2365 -56.1919 1.21
      vertex -80.2365 -52.8081 1.21
      vertex -80.0691 -52.7833 1.21
    endloop
  endfacet
  facet normal 0 0 -1
    outer loop
      vertex -80.4007 -56.1507 1.21
      vertex -80.2365 -52.8081 1.21
      vertex -80.2365 -56.1919 1.21
    endloop
  endfacet
  facet normal 0 0 -1
    outer loop
      vertex -80.4007 -56.1507 1.21
      vertex -80.4007 -52.8493 1.21
      vertex -80.2365 -52.8081 1.21
    endloop
  endfacet
  facet normal 0 0 -1
    outer loop
      vertex -80.5601 -56.0937 1.21
      vertex -80.4007 -52.8493 1.21
      vertex -80.4007 -56.1507 1.21
    endloop
  endfacet
  facet normal 0 0 -1
    outer loop
      vertex -80.5601 -56.0937 1.21
      vertex -80.5601 -52.9063 1.21
      vertex -80.4007 -52.8493 1.21
    endloop
  endfacet
  facet normal 0 0 -1
    outer loop
      vertex -80.7132 -56.0213 1.21
      vertex -80.5601 -52.9063 1.21
      vertex -80.5601 -56.0937 1.21
    endloop
  endfacet
  facet normal 0 0 -1
    outer loop
      vertex -80.7132 -56.0213 1.21
      vertex -80.7132 -52.9787 1.21
      vertex -80.5601 -52.9063 1.21
    endloop
  endfacet
  facet normal 0 0 -1
    outer loop
      vertex -80.8584 -55.9343 1.21
      vertex -80.7132 -52.9787 1.21
      vertex -80.7132 -56.0213 1.21
    endloop
  endfacet
  facet normal 0 0 -1
    outer loop
      vertex -80.8584 -55.9343 1.21
      vertex -80.8584 -53.0657 1.21
      vertex -80.7132 -52.9787 1.21
    endloop
  endfacet
  facet normal 0 0 -1
    outer loop
      vertex -80.9943 -55.8334 1.21
      vertex -80.8584 -53.0657 1.21
      vertex -80.8584 -55.9343 1.21
    endloop
  endfacet
  facet normal 0 0 -1
    outer loop
      vertex -80.9943 -55.8334 1.21
      vertex -80.9943 -53.1666 1.21
      vertex -80.8584 -53.0657 1.21
    endloop
  endfacet
  facet normal 0 0 -1
    outer loop
      vertex -81.1198 -55.7198 1.21
      vertex -80.9943 -53.1666 1.21
      vertex -80.9943 -55.8334 1.21
    endloop
  endfacet
  facet normal 0 0 -1
    outer loop
      vertex -81.1198 -55.7198 1.21
      vertex -81.1198 -53.2802 1.21
      vertex -80.9943 -53.1666 1.21
    endloop
  endfacet
  facet normal 0 0 -1
    outer loop
      vertex -81.2334 -55.5943 1.21
      vertex -81.1198 -53.2802 1.21
      vertex -81.1198 -55.7198 1.21
    endloop
  endfacet
  facet normal 0 0 -1
    outer loop
      vertex -81.2334 -55.5943 1.21
      vertex -81.2334 -53.4057 1.21
      vertex -81.1198 -53.2802 1.21
    endloop
  endfacet
  facet normal 0 0 -1
    outer loop
      vertex -81.3343 -55.4584 1.21
      vertex -81.2334 -53.4057 1.21
      vertex -81.2334 -55.5943 1.21
    endloop
  endfacet
  facet normal 0 0 -1
    outer loop
      vertex -81.3343 -55.4584 1.21
      vertex -81.3343 -53.5416 1.21
      vertex -81.2334 -53.4057 1.21
    endloop
  endfacet
  facet normal 0 0 -1
    outer loop
      vertex -81.4213 -55.3132 1.21
      vertex -81.3343 -53.5416 1.21
      vertex -81.3343 -55.4584 1.21
    endloop
  endfacet
  facet normal 0 0 -1
    outer loop
      vertex -81.4213 -55.3132 1.21
      vertex -81.4213 -53.6868 1.21
      vertex -81.3343 -53.5416 1.21
    endloop
  endfacet
  facet normal 0 0 -1
    outer loop
      vertex -81.4937 -55.1601 1.21
      vertex -81.4213 -53.6868 1.21
      vertex -81.4213 -55.3132 1.21
    endloop
  endfacet
  facet normal 0 0 -1
    outer loop
      vertex -81.4937 -55.1601 1.21
      vertex -81.4937 -53.8399 1.21
      vertex -81.4213 -53.6868 1.21
    endloop
  endfacet
  facet normal 0 0 -1
    outer loop
      vertex -81.5507 -55.0007 1.21
      vertex -81.4937 -53.8399 1.21
      vertex -81.4937 -55.1601 1.21
    endloop
  endfacet
  facet normal 0 0 -1
    outer loop
      vertex -81.5507 -55.0007 1.21
      vertex -81.5507 -53.9993 1.21
      vertex -81.4937 -53.8399 1.21
    endloop
  endfacet
  facet normal 0 0 -1
    outer loop
      vertex -81.5919 -54.8365 1.21
      vertex -81.5507 -53.9993 1.21
      vertex -81.5507 -55.0007 1.21
    endloop
  endfacet
  facet normal 0 0 -1
    outer loop
      vertex -81.5919 -54.8365 1.21
      vertex -81.5919 -54.1635 1.21
      vertex -81.5507 -53.9993 1.21
    endloop
  endfacet
  facet normal 0 0 -1
    outer loop
      vertex -81.6167 -54.6691 1.21
      vertex -81.5919 -54.1635 1.21
      vertex -81.5919 -54.8365 1.21
    endloop
  endfacet
  facet normal 0 0 -1
    outer loop
      vertex -81.6167 -54.6691 1.21
      vertex -81.6167 -54.3309 1.21
      vertex -81.5919 -54.1635 1.21
    endloop
  endfacet
  facet normal 0 -0 -1
    outer loop
      vertex -81.6167 -54.3309 1.21
      vertex -81.6167 -54.6691 1.21
      vertex -81.625 -54.5 1.21
    endloop
  endfacet
  facet normal 0.904014 0.427502 0
    outer loop
      vertex -81.4213 53.6868 1.21
      vertex -81.4937 53.8399 0
      vertex -81.4937 53.8399 1.21
    endloop
  endfacet
  facet normal 0.904014 0.427502 0
    outer loop
      vertex -81.4937 53.8399 0
      vertex -81.4213 53.6868 1.21
      vertex -81.4213 53.6868 0
    endloop
  endfacet
  facet normal -0.989203 -0.146549 0
    outer loop
      vertex -78.1833 54.6691 0
      vertex -78.2081 54.8365 1.21
      vertex -78.2081 54.8365 0
    endloop
  endfacet
  facet normal -0.989203 -0.146549 0
    outer loop
      vertex -78.2081 54.8365 1.21
      vertex -78.1833 54.6691 0
      vertex -78.1833 54.6691 1.21
    endloop
  endfacet
  facet normal -0.998798 -0.0490244 0
    outer loop
      vertex -78.175 54.5 0
      vertex -78.1833 54.6691 1.21
      vertex -78.1833 54.6691 0
    endloop
  endfacet
  facet normal -0.998798 -0.0490244 0
    outer loop
      vertex -78.1833 54.6691 1.21
      vertex -78.175 54.5 0
      vertex -78.175 54.5 1.21
    endloop
  endfacet
  facet normal -0.969934 -0.243369 0
    outer loop
      vertex -78.2081 54.8365 0
      vertex -78.2493 55.0007 1.21
      vertex -78.2493 55.0007 0
    endloop
  endfacet
  facet normal -0.969934 -0.243369 0
    outer loop
      vertex -78.2493 55.0007 1.21
      vertex -78.2081 54.8365 0
      vertex -78.2081 54.8365 1.21
    endloop
  endfacet
  facet normal -0.427502 -0.904014 0
    outer loop
      vertex -79.2399 56.0937 0
      vertex -79.0868 56.0213 1.21
      vertex -79.2399 56.0937 1.21
    endloop
  endfacet
  facet normal -0.427502 -0.904014 -0
    outer loop
      vertex -79.0868 56.0213 1.21
      vertex -79.2399 56.0937 0
      vertex -79.0868 56.0213 0
    endloop
  endfacet
  facet normal 0.243369 -0.969934 0
    outer loop
      vertex -80.4007 56.1507 0
      vertex -80.2365 56.1919 1.21
      vertex -80.4007 56.1507 1.21
    endloop
  endfacet
  facet normal 0.243369 -0.969934 0
    outer loop
      vertex -80.2365 56.1919 1.21
      vertex -80.4007 56.1507 0
      vertex -80.2365 56.1919 0
    endloop
  endfacet
  facet normal 0.146549 -0.989203 0
    outer loop
      vertex -80.2365 56.1919 0
      vertex -80.0691 56.2167 1.21
      vertex -80.2365 56.1919 1.21
    endloop
  endfacet
  facet normal 0.146549 -0.989203 0
    outer loop
      vertex -80.0691 56.2167 1.21
      vertex -80.2365 56.1919 0
      vertex -80.0691 56.2167 0
    endloop
  endfacet
  facet normal 0.802897 0.596117 0
    outer loop
      vertex -81.2334 53.4057 1.21
      vertex -81.3343 53.5416 0
      vertex -81.3343 53.5416 1.21
    endloop
  endfacet
  facet normal 0.802897 0.596117 0
    outer loop
      vertex -81.3343 53.5416 0
      vertex -81.2334 53.4057 1.21
      vertex -81.2334 53.4057 0
    endloop
  endfacet
  facet normal 0.146549 0.989203 -0
    outer loop
      vertex -80.0691 52.7833 0
      vertex -80.2365 52.8081 1.21
      vertex -80.0691 52.7833 1.21
    endloop
  endfacet
  facet normal 0.146549 0.989203 0
    outer loop
      vertex -80.2365 52.8081 1.21
      vertex -80.0691 52.7833 0
      vertex -80.2365 52.8081 0
    endloop
  endfacet
  facet normal -0.998798 0.0490244 0
    outer loop
      vertex -78.1833 54.3309 0
      vertex -78.175 54.5 1.21
      vertex -78.175 54.5 0
    endloop
  endfacet
  facet normal -0.998798 0.0490244 0
    outer loop
      vertex -78.175 54.5 1.21
      vertex -78.1833 54.3309 0
      vertex -78.1833 54.3309 1.21
    endloop
  endfacet
  facet normal 0.904014 -0.427502 0
    outer loop
      vertex -81.4937 55.1601 1.21
      vertex -81.4213 55.3132 0
      vertex -81.4213 55.3132 1.21
    endloop
  endfacet
  facet normal 0.904014 -0.427502 0
    outer loop
      vertex -81.4213 55.3132 0
      vertex -81.4937 55.1601 1.21
      vertex -81.4937 55.1601 0
    endloop
  endfacet
  facet normal 0.969934 0.243369 0
    outer loop
      vertex -81.5507 53.9993 1.21
      vertex -81.5919 54.1635 0
      vertex -81.5919 54.1635 1.21
    endloop
  endfacet
  facet normal 0.969934 0.243369 0
    outer loop
      vertex -81.5919 54.1635 0
      vertex -81.5507 53.9993 1.21
      vertex -81.5507 53.9993 0
    endloop
  endfacet
  facet normal -0.802897 0.596117 0
    outer loop
      vertex -78.5666 53.4057 0
      vertex -78.4657 53.5416 1.21
      vertex -78.4657 53.5416 0
    endloop
  endfacet
  facet normal -0.802897 0.596117 0
    outer loop
      vertex -78.4657 53.5416 1.21
      vertex -78.5666 53.4057 0
      vertex -78.5666 53.4057 1.21
    endloop
  endfacet
  facet normal -0.941608 -0.336711 0
    outer loop
      vertex -78.2493 55.0007 0
      vertex -78.3063 55.1601 1.21
      vertex -78.3063 55.1601 0
    endloop
  endfacet
  facet normal -0.941608 -0.336711 0
    outer loop
      vertex -78.3063 55.1601 1.21
      vertex -78.2493 55.0007 0
      vertex -78.2493 55.0007 1.21
    endloop
  endfacet
  facet normal 0.741382 0.671083 0
    outer loop
      vertex -81.1198 53.2802 1.21
      vertex -81.2334 53.4057 0
      vertex -81.2334 53.4057 1.21
    endloop
  endfacet
  facet normal 0.741382 0.671083 0
    outer loop
      vertex -81.2334 53.4057 0
      vertex -81.1198 53.2802 1.21
      vertex -81.1198 53.2802 0
    endloop
  endfacet
  facet normal -0.513974 -0.857806 0
    outer loop
      vertex -79.0868 56.0213 0
      vertex -78.9416 55.9343 1.21
      vertex -79.0868 56.0213 1.21
    endloop
  endfacet
  facet normal -0.513974 -0.857806 -0
    outer loop
      vertex -78.9416 55.9343 1.21
      vertex -79.0868 56.0213 0
      vertex -78.9416 55.9343 0
    endloop
  endfacet
  facet normal 0.0490244 0.998798 -0
    outer loop
      vertex -79.9 52.775 0
      vertex -80.0691 52.7833 1.21
      vertex -79.9 52.775 1.21
    endloop
  endfacet
  facet normal 0.0490244 0.998798 0
    outer loop
      vertex -80.0691 52.7833 1.21
      vertex -79.9 52.775 0
      vertex -80.0691 52.7833 0
    endloop
  endfacet
  facet normal 0.989203 0.146549 0
    outer loop
      vertex -81.5919 54.1635 1.21
      vertex -81.6167 54.3309 0
      vertex -81.6167 54.3309 1.21
    endloop
  endfacet
  facet normal 0.989203 0.146549 0
    outer loop
      vertex -81.6167 54.3309 0
      vertex -81.5919 54.1635 1.21
      vertex -81.5919 54.1635 0
    endloop
  endfacet
  facet normal 0.969934 -0.243369 0
    outer loop
      vertex -81.5919 54.8365 1.21
      vertex -81.5507 55.0007 0
      vertex -81.5507 55.0007 1.21
    endloop
  endfacet
  facet normal 0.969934 -0.243369 0
    outer loop
      vertex -81.5507 55.0007 0
      vertex -81.5919 54.8365 1.21
      vertex -81.5919 54.8365 0
    endloop
  endfacet
  facet normal 0.336711 0.941608 -0
    outer loop
      vertex -80.4007 52.8493 0
      vertex -80.5601 52.9063 1.21
      vertex -80.4007 52.8493 1.21
    endloop
  endfacet
  facet normal 0.336711 0.941608 0
    outer loop
      vertex -80.5601 52.9063 1.21
      vertex -80.4007 52.8493 0
      vertex -80.5601 52.9063 0
    endloop
  endfacet
  facet normal -0.427502 0.904014 0
    outer loop
      vertex -79.0868 52.9787 0
      vertex -79.2399 52.9063 1.21
      vertex -79.0868 52.9787 1.21
    endloop
  endfacet
  facet normal -0.427502 0.904014 0
    outer loop
      vertex -79.2399 52.9063 1.21
      vertex -79.0868 52.9787 0
      vertex -79.2399 52.9063 0
    endloop
  endfacet
  facet normal -0.0490244 -0.998798 0
    outer loop
      vertex -79.9 56.225 0
      vertex -79.7309 56.2167 1.21
      vertex -79.9 56.225 1.21
    endloop
  endfacet
  facet normal -0.0490244 -0.998798 -0
    outer loop
      vertex -79.7309 56.2167 1.21
      vertex -79.9 56.225 0
      vertex -79.7309 56.2167 0
    endloop
  endfacet
  facet normal 0.427502 0.904014 -0
    outer loop
      vertex -80.5601 52.9063 0
      vertex -80.7132 52.9787 1.21
      vertex -80.5601 52.9063 1.21
    endloop
  endfacet
  facet normal 0.427502 0.904014 0
    outer loop
      vertex -80.7132 52.9787 1.21
      vertex -80.5601 52.9063 0
      vertex -80.7132 52.9787 0
    endloop
  endfacet
  facet normal -0.513974 0.857806 0
    outer loop
      vertex -78.9416 53.0657 0
      vertex -79.0868 52.9787 1.21
      vertex -78.9416 53.0657 1.21
    endloop
  endfacet
  facet normal -0.513974 0.857806 0
    outer loop
      vertex -79.0868 52.9787 1.21
      vertex -78.9416 53.0657 0
      vertex -79.0868 52.9787 0
    endloop
  endfacet
  facet normal -0.969934 0.243369 0
    outer loop
      vertex -78.2493 53.9993 0
      vertex -78.2081 54.1635 1.21
      vertex -78.2081 54.1635 0
    endloop
  endfacet
  facet normal -0.969934 0.243369 0
    outer loop
      vertex -78.2081 54.1635 1.21
      vertex -78.2493 53.9993 0
      vertex -78.2493 53.9993 1.21
    endloop
  endfacet
  facet normal 0.513974 0.857806 -0
    outer loop
      vertex -80.7132 52.9787 0
      vertex -80.8584 53.0657 1.21
      vertex -80.7132 52.9787 1.21
    endloop
  endfacet
  facet normal 0.513974 0.857806 0
    outer loop
      vertex -80.8584 53.0657 1.21
      vertex -80.7132 52.9787 0
      vertex -80.8584 53.0657 0
    endloop
  endfacet
  facet normal 0.243369 0.969934 -0
    outer loop
      vertex -80.2365 52.8081 0
      vertex -80.4007 52.8493 1.21
      vertex -80.2365 52.8081 1.21
    endloop
  endfacet
  facet normal 0.243369 0.969934 0
    outer loop
      vertex -80.4007 52.8493 1.21
      vertex -80.2365 52.8081 0
      vertex -80.4007 52.8493 0
    endloop
  endfacet
  facet normal 0.0490244 -0.998798 0
    outer loop
      vertex -80.0691 56.2167 0
      vertex -79.9 56.225 1.21
      vertex -80.0691 56.2167 1.21
    endloop
  endfacet
  facet normal 0.0490244 -0.998798 0
    outer loop
      vertex -79.9 56.225 1.21
      vertex -80.0691 56.2167 0
      vertex -79.9 56.225 0
    endloop
  endfacet
  facet normal 0.336711 -0.941608 0
    outer loop
      vertex -80.5601 56.0937 0
      vertex -80.4007 56.1507 1.21
      vertex -80.5601 56.0937 1.21
    endloop
  endfacet
  facet normal 0.336711 -0.941608 0
    outer loop
      vertex -80.4007 56.1507 1.21
      vertex -80.5601 56.0937 0
      vertex -80.4007 56.1507 0
    endloop
  endfacet
  facet normal -0.146549 0.989203 0
    outer loop
      vertex -79.5635 52.8081 0
      vertex -79.7309 52.7833 1.21
      vertex -79.5635 52.8081 1.21
    endloop
  endfacet
  facet normal -0.146549 0.989203 0
    outer loop
      vertex -79.7309 52.7833 1.21
      vertex -79.5635 52.8081 0
      vertex -79.7309 52.7833 0
    endloop
  endfacet
  facet normal 0.857806 0.513974 0
    outer loop
      vertex -81.3343 53.5416 1.21
      vertex -81.4213 53.6868 0
      vertex -81.4213 53.6868 1.21
    endloop
  endfacet
  facet normal 0.857806 0.513974 0
    outer loop
      vertex -81.4213 53.6868 0
      vertex -81.3343 53.5416 1.21
      vertex -81.3343 53.5416 0
    endloop
  endfacet
  facet normal 0.857806 -0.513974 0
    outer loop
      vertex -81.4213 55.3132 1.21
      vertex -81.3343 55.4584 0
      vertex -81.3343 55.4584 1.21
    endloop
  endfacet
  facet normal 0.857806 -0.513974 0
    outer loop
      vertex -81.3343 55.4584 0
      vertex -81.4213 55.3132 1.21
      vertex -81.4213 55.3132 0
    endloop
  endfacet
  facet normal -0.802897 -0.596117 0
    outer loop
      vertex -78.4657 55.4584 0
      vertex -78.5666 55.5943 1.21
      vertex -78.5666 55.5943 0
    endloop
  endfacet
  facet normal -0.802897 -0.596117 0
    outer loop
      vertex -78.5666 55.5943 1.21
      vertex -78.4657 55.4584 0
      vertex -78.4657 55.4584 1.21
    endloop
  endfacet
  facet normal 0.596117 -0.802897 0
    outer loop
      vertex -80.9943 55.8334 0
      vertex -80.8584 55.9343 1.21
      vertex -80.9943 55.8334 1.21
    endloop
  endfacet
  facet normal 0.596117 -0.802897 0
    outer loop
      vertex -80.8584 55.9343 1.21
      vertex -80.9943 55.8334 0
      vertex -80.8584 55.9343 0
    endloop
  endfacet
  facet normal -0.336711 -0.941608 0
    outer loop
      vertex -79.3993 56.1507 0
      vertex -79.2399 56.0937 1.21
      vertex -79.3993 56.1507 1.21
    endloop
  endfacet
  facet normal -0.336711 -0.941608 -0
    outer loop
      vertex -79.2399 56.0937 1.21
      vertex -79.3993 56.1507 0
      vertex -79.2399 56.0937 0
    endloop
  endfacet
  facet normal 0.671083 0.741382 -0
    outer loop
      vertex -80.9943 53.1666 0
      vertex -81.1198 53.2802 1.21
      vertex -80.9943 53.1666 1.21
    endloop
  endfacet
  facet normal 0.671083 0.741382 0
    outer loop
      vertex -81.1198 53.2802 1.21
      vertex -80.9943 53.1666 0
      vertex -81.1198 53.2802 0
    endloop
  endfacet
  facet normal 0.998798 0.0490244 0
    outer loop
      vertex -81.6167 54.3309 1.21
      vertex -81.625 54.5 0
      vertex -81.625 54.5 1.21
    endloop
  endfacet
  facet normal 0.998798 0.0490244 0
    outer loop
      vertex -81.625 54.5 0
      vertex -81.6167 54.3309 1.21
      vertex -81.6167 54.3309 0
    endloop
  endfacet
  facet normal -0.904014 0.427502 0
    outer loop
      vertex -78.3787 53.6868 0
      vertex -78.3063 53.8399 1.21
      vertex -78.3063 53.8399 0
    endloop
  endfacet
  facet normal -0.904014 0.427502 0
    outer loop
      vertex -78.3063 53.8399 1.21
      vertex -78.3787 53.6868 0
      vertex -78.3787 53.6868 1.21
    endloop
  endfacet
  facet normal 0.941608 -0.336711 0
    outer loop
      vertex -81.5507 55.0007 1.21
      vertex -81.4937 55.1601 0
      vertex -81.4937 55.1601 1.21
    endloop
  endfacet
  facet normal 0.941608 -0.336711 0
    outer loop
      vertex -81.4937 55.1601 0
      vertex -81.5507 55.0007 1.21
      vertex -81.5507 55.0007 0
    endloop
  endfacet
  facet normal 0.941608 0.336711 0
    outer loop
      vertex -81.4937 53.8399 1.21
      vertex -81.5507 53.9993 0
      vertex -81.5507 53.9993 1.21
    endloop
  endfacet
  facet normal 0.941608 0.336711 0
    outer loop
      vertex -81.5507 53.9993 0
      vertex -81.4937 53.8399 1.21
      vertex -81.4937 53.8399 0
    endloop
  endfacet
  facet normal 0.427502 -0.904014 0
    outer loop
      vertex -80.7132 56.0213 0
      vertex -80.5601 56.0937 1.21
      vertex -80.7132 56.0213 1.21
    endloop
  endfacet
  facet normal 0.427502 -0.904014 0
    outer loop
      vertex -80.5601 56.0937 1.21
      vertex -80.7132 56.0213 0
      vertex -80.5601 56.0937 0
    endloop
  endfacet
  facet normal -0.596117 -0.802897 0
    outer loop
      vertex -78.9416 55.9343 0
      vertex -78.8057 55.8334 1.21
      vertex -78.9416 55.9343 1.21
    endloop
  endfacet
  facet normal -0.596117 -0.802897 -0
    outer loop
      vertex -78.8057 55.8334 1.21
      vertex -78.9416 55.9343 0
      vertex -78.8057 55.8334 0
    endloop
  endfacet
  facet normal -0.989203 0.146549 0
    outer loop
      vertex -78.2081 54.1635 0
      vertex -78.1833 54.3309 1.21
      vertex -78.1833 54.3309 0
    endloop
  endfacet
  facet normal -0.989203 0.146549 0
    outer loop
      vertex -78.1833 54.3309 1.21
      vertex -78.2081 54.1635 0
      vertex -78.2081 54.1635 1.21
    endloop
  endfacet
  facet normal -0.904014 -0.427502 0
    outer loop
      vertex -78.3063 55.1601 0
      vertex -78.3787 55.3132 1.21
      vertex -78.3787 55.3132 0
    endloop
  endfacet
  facet normal -0.904014 -0.427502 0
    outer loop
      vertex -78.3787 55.3132 1.21
      vertex -78.3063 55.1601 0
      vertex -78.3063 55.1601 1.21
    endloop
  endfacet
  facet normal -0.243369 -0.969934 0
    outer loop
      vertex -79.5635 56.1919 0
      vertex -79.3993 56.1507 1.21
      vertex -79.5635 56.1919 1.21
    endloop
  endfacet
  facet normal -0.243369 -0.969934 -0
    outer loop
      vertex -79.3993 56.1507 1.21
      vertex -79.5635 56.1919 0
      vertex -79.3993 56.1507 0
    endloop
  endfacet
  facet normal -0.857806 -0.513974 0
    outer loop
      vertex -78.3787 55.3132 0
      vertex -78.4657 55.4584 1.21
      vertex -78.4657 55.4584 0
    endloop
  endfacet
  facet normal -0.857806 -0.513974 0
    outer loop
      vertex -78.4657 55.4584 1.21
      vertex -78.3787 55.3132 0
      vertex -78.3787 55.3132 1.21
    endloop
  endfacet
  facet normal -0.336711 0.941608 0
    outer loop
      vertex -79.2399 52.9063 0
      vertex -79.3993 52.8493 1.21
      vertex -79.2399 52.9063 1.21
    endloop
  endfacet
  facet normal -0.336711 0.941608 0
    outer loop
      vertex -79.3993 52.8493 1.21
      vertex -79.2399 52.9063 0
      vertex -79.3993 52.8493 0
    endloop
  endfacet
  facet normal 0.671083 -0.741382 0
    outer loop
      vertex -81.1198 55.7198 0
      vertex -80.9943 55.8334 1.21
      vertex -81.1198 55.7198 1.21
    endloop
  endfacet
  facet normal 0.671083 -0.741382 0
    outer loop
      vertex -80.9943 55.8334 1.21
      vertex -81.1198 55.7198 0
      vertex -80.9943 55.8334 0
    endloop
  endfacet
  facet normal 0.513974 -0.857806 0
    outer loop
      vertex -80.8584 55.9343 0
      vertex -80.7132 56.0213 1.21
      vertex -80.8584 55.9343 1.21
    endloop
  endfacet
  facet normal 0.513974 -0.857806 0
    outer loop
      vertex -80.7132 56.0213 1.21
      vertex -80.8584 55.9343 0
      vertex -80.7132 56.0213 0
    endloop
  endfacet
  facet normal -0.0490244 0.998798 0
    outer loop
      vertex -79.7309 52.7833 0
      vertex -79.9 52.775 1.21
      vertex -79.7309 52.7833 1.21
    endloop
  endfacet
  facet normal -0.0490244 0.998798 0
    outer loop
      vertex -79.9 52.775 1.21
      vertex -79.7309 52.7833 0
      vertex -79.9 52.775 0
    endloop
  endfacet
  facet normal 0.741382 -0.671083 0
    outer loop
      vertex -81.2334 55.5943 1.21
      vertex -81.1198 55.7198 0
      vertex -81.1198 55.7198 1.21
    endloop
  endfacet
  facet normal 0.741382 -0.671083 0
    outer loop
      vertex -81.1198 55.7198 0
      vertex -81.2334 55.5943 1.21
      vertex -81.2334 55.5943 0
    endloop
  endfacet
  facet normal -0.741382 0.671083 0
    outer loop
      vertex -78.6802 53.2802 0
      vertex -78.5666 53.4057 1.21
      vertex -78.5666 53.4057 0
    endloop
  endfacet
  facet normal -0.741382 0.671083 0
    outer loop
      vertex -78.5666 53.4057 1.21
      vertex -78.6802 53.2802 0
      vertex -78.6802 53.2802 1.21
    endloop
  endfacet
  facet normal 0.802897 -0.596117 0
    outer loop
      vertex -81.3343 55.4584 1.21
      vertex -81.2334 55.5943 0
      vertex -81.2334 55.5943 1.21
    endloop
  endfacet
  facet normal 0.802897 -0.596117 0
    outer loop
      vertex -81.2334 55.5943 0
      vertex -81.3343 55.4584 1.21
      vertex -81.3343 55.4584 0
    endloop
  endfacet
  facet normal -0.596117 0.802897 0
    outer loop
      vertex -78.8057 53.1666 0
      vertex -78.9416 53.0657 1.21
      vertex -78.8057 53.1666 1.21
    endloop
  endfacet
  facet normal -0.596117 0.802897 0
    outer loop
      vertex -78.9416 53.0657 1.21
      vertex -78.8057 53.1666 0
      vertex -78.9416 53.0657 0
    endloop
  endfacet
  facet normal -0.671083 -0.741382 0
    outer loop
      vertex -78.8057 55.8334 0
      vertex -78.6802 55.7198 1.21
      vertex -78.8057 55.8334 1.21
    endloop
  endfacet
  facet normal -0.671083 -0.741382 -0
    outer loop
      vertex -78.6802 55.7198 1.21
      vertex -78.8057 55.8334 0
      vertex -78.6802 55.7198 0
    endloop
  endfacet
  facet normal -0.741382 -0.671083 0
    outer loop
      vertex -78.5666 55.5943 0
      vertex -78.6802 55.7198 1.21
      vertex -78.6802 55.7198 0
    endloop
  endfacet
  facet normal -0.741382 -0.671083 0
    outer loop
      vertex -78.6802 55.7198 1.21
      vertex -78.5666 55.5943 0
      vertex -78.5666 55.5943 1.21
    endloop
  endfacet
  facet normal -0.857806 0.513974 0
    outer loop
      vertex -78.4657 53.5416 0
      vertex -78.3787 53.6868 1.21
      vertex -78.3787 53.6868 0
    endloop
  endfacet
  facet normal -0.857806 0.513974 0
    outer loop
      vertex -78.3787 53.6868 1.21
      vertex -78.4657 53.5416 0
      vertex -78.4657 53.5416 1.21
    endloop
  endfacet
  facet normal 0.989203 -0.146549 0
    outer loop
      vertex -81.6167 54.6691 1.21
      vertex -81.5919 54.8365 0
      vertex -81.5919 54.8365 1.21
    endloop
  endfacet
  facet normal 0.989203 -0.146549 0
    outer loop
      vertex -81.5919 54.8365 0
      vertex -81.6167 54.6691 1.21
      vertex -81.6167 54.6691 0
    endloop
  endfacet
  facet normal -0.941608 0.336711 0
    outer loop
      vertex -78.3063 53.8399 0
      vertex -78.2493 53.9993 1.21
      vertex -78.2493 53.9993 0
    endloop
  endfacet
  facet normal -0.941608 0.336711 0
    outer loop
      vertex -78.2493 53.9993 1.21
      vertex -78.3063 53.8399 0
      vertex -78.3063 53.8399 1.21
    endloop
  endfacet
  facet normal -0.671083 0.741382 0
    outer loop
      vertex -78.6802 53.2802 0
      vertex -78.8057 53.1666 1.21
      vertex -78.6802 53.2802 1.21
    endloop
  endfacet
  facet normal -0.671083 0.741382 0
    outer loop
      vertex -78.8057 53.1666 1.21
      vertex -78.6802 53.2802 0
      vertex -78.8057 53.1666 0
    endloop
  endfacet
  facet normal -0.243369 0.969934 0
    outer loop
      vertex -79.3993 52.8493 0
      vertex -79.5635 52.8081 1.21
      vertex -79.3993 52.8493 1.21
    endloop
  endfacet
  facet normal -0.243369 0.969934 0
    outer loop
      vertex -79.5635 52.8081 1.21
      vertex -79.3993 52.8493 0
      vertex -79.5635 52.8081 0
    endloop
  endfacet
  facet normal 0.998798 -0.0490244 0
    outer loop
      vertex -81.625 54.5 1.21
      vertex -81.6167 54.6691 0
      vertex -81.6167 54.6691 1.21
    endloop
  endfacet
  facet normal 0.998798 -0.0490244 0
    outer loop
      vertex -81.6167 54.6691 0
      vertex -81.625 54.5 1.21
      vertex -81.625 54.5 0
    endloop
  endfacet
  facet normal 0 0 -1
    outer loop
      vertex -78.1833 54.3309 1.21
      vertex -78.1833 54.6691 1.21
      vertex -78.175 54.5 1.21
    endloop
  endfacet
  facet normal 0 0 -1
    outer loop
      vertex -78.2081 54.1635 1.21
      vertex -78.1833 54.6691 1.21
      vertex -78.1833 54.3309 1.21
    endloop
  endfacet
  facet normal 0 0 -1
    outer loop
      vertex -78.2081 54.1635 1.21
      vertex -78.2081 54.8365 1.21
      vertex -78.1833 54.6691 1.21
    endloop
  endfacet
  facet normal 0 0 -1
    outer loop
      vertex -78.2493 53.9993 1.21
      vertex -78.2081 54.8365 1.21
      vertex -78.2081 54.1635 1.21
    endloop
  endfacet
  facet normal 0 0 -1
    outer loop
      vertex -78.2493 53.9993 1.21
      vertex -78.2493 55.0007 1.21
      vertex -78.2081 54.8365 1.21
    endloop
  endfacet
  facet normal 0 0 -1
    outer loop
      vertex -78.3063 53.8399 1.21
      vertex -78.2493 55.0007 1.21
      vertex -78.2493 53.9993 1.21
    endloop
  endfacet
  facet normal 0 0 -1
    outer loop
      vertex -78.3063 53.8399 1.21
      vertex -78.3063 55.1601 1.21
      vertex -78.2493 55.0007 1.21
    endloop
  endfacet
  facet normal 0 0 -1
    outer loop
      vertex -78.3787 53.6868 1.21
      vertex -78.3063 55.1601 1.21
      vertex -78.3063 53.8399 1.21
    endloop
  endfacet
  facet normal 0 0 -1
    outer loop
      vertex -78.3787 53.6868 1.21
      vertex -78.3787 55.3132 1.21
      vertex -78.3063 55.1601 1.21
    endloop
  endfacet
  facet normal 0 0 -1
    outer loop
      vertex -78.4657 53.5416 1.21
      vertex -78.3787 55.3132 1.21
      vertex -78.3787 53.6868 1.21
    endloop
  endfacet
  facet normal 0 0 -1
    outer loop
      vertex -78.4657 53.5416 1.21
      vertex -78.4657 55.4584 1.21
      vertex -78.3787 55.3132 1.21
    endloop
  endfacet
  facet normal 0 0 -1
    outer loop
      vertex -78.5666 53.4057 1.21
      vertex -78.4657 55.4584 1.21
      vertex -78.4657 53.5416 1.21
    endloop
  endfacet
  facet normal 0 0 -1
    outer loop
      vertex -78.5666 53.4057 1.21
      vertex -78.5666 55.5943 1.21
      vertex -78.4657 55.4584 1.21
    endloop
  endfacet
  facet normal 0 0 -1
    outer loop
      vertex -78.6802 53.2802 1.21
      vertex -78.5666 55.5943 1.21
      vertex -78.5666 53.4057 1.21
    endloop
  endfacet
  facet normal 0 0 -1
    outer loop
      vertex -78.6802 53.2802 1.21
      vertex -78.6802 55.7198 1.21
      vertex -78.5666 55.5943 1.21
    endloop
  endfacet
  facet normal 0 0 -1
    outer loop
      vertex -78.8057 53.1666 1.21
      vertex -78.6802 55.7198 1.21
      vertex -78.6802 53.2802 1.21
    endloop
  endfacet
  facet normal 0 0 -1
    outer loop
      vertex -78.8057 53.1666 1.21
      vertex -78.8057 55.8334 1.21
      vertex -78.6802 55.7198 1.21
    endloop
  endfacet
  facet normal 0 0 -1
    outer loop
      vertex -78.9416 53.0657 1.21
      vertex -78.8057 55.8334 1.21
      vertex -78.8057 53.1666 1.21
    endloop
  endfacet
  facet normal 0 0 -1
    outer loop
      vertex -78.9416 53.0657 1.21
      vertex -78.9416 55.9343 1.21
      vertex -78.8057 55.8334 1.21
    endloop
  endfacet
  facet normal 0 0 -1
    outer loop
      vertex -79.0868 52.9787 1.21
      vertex -78.9416 55.9343 1.21
      vertex -78.9416 53.0657 1.21
    endloop
  endfacet
  facet normal 0 0 -1
    outer loop
      vertex -79.0868 52.9787 1.21
      vertex -79.0868 56.0213 1.21
      vertex -78.9416 55.9343 1.21
    endloop
  endfacet
  facet normal 0 0 -1
    outer loop
      vertex -79.2399 52.9063 1.21
      vertex -79.0868 56.0213 1.21
      vertex -79.0868 52.9787 1.21
    endloop
  endfacet
  facet normal 0 0 -1
    outer loop
      vertex -79.2399 52.9063 1.21
      vertex -79.2399 56.0937 1.21
      vertex -79.0868 56.0213 1.21
    endloop
  endfacet
  facet normal 0 0 -1
    outer loop
      vertex -79.3993 52.8493 1.21
      vertex -79.2399 56.0937 1.21
      vertex -79.2399 52.9063 1.21
    endloop
  endfacet
  facet normal 0 0 -1
    outer loop
      vertex -79.3993 52.8493 1.21
      vertex -79.3993 56.1507 1.21
      vertex -79.2399 56.0937 1.21
    endloop
  endfacet
  facet normal 0 0 -1
    outer loop
      vertex -79.5635 52.8081 1.21
      vertex -79.3993 56.1507 1.21
      vertex -79.3993 52.8493 1.21
    endloop
  endfacet
  facet normal 0 0 -1
    outer loop
      vertex -79.5635 52.8081 1.21
      vertex -79.5635 56.1919 1.21
      vertex -79.3993 56.1507 1.21
    endloop
  endfacet
  facet normal 0 0 -1
    outer loop
      vertex -79.7309 52.7833 1.21
      vertex -79.5635 56.1919 1.21
      vertex -79.5635 52.8081 1.21
    endloop
  endfacet
  facet normal 0 0 -1
    outer loop
      vertex -79.7309 52.7833 1.21
      vertex -79.7309 56.2167 1.21
      vertex -79.5635 56.1919 1.21
    endloop
  endfacet
  facet normal 0 0 -1
    outer loop
      vertex -79.9 52.775 1.21
      vertex -79.7309 56.2167 1.21
      vertex -79.7309 52.7833 1.21
    endloop
  endfacet
  facet normal 0 0 -1
    outer loop
      vertex -79.9 52.775 1.21
      vertex -79.9 56.225 1.21
      vertex -79.7309 56.2167 1.21
    endloop
  endfacet
  facet normal 0 0 -1
    outer loop
      vertex -80.0691 52.7833 1.21
      vertex -79.9 56.225 1.21
      vertex -79.9 52.775 1.21
    endloop
  endfacet
  facet normal 0 0 -1
    outer loop
      vertex -80.0691 52.7833 1.21
      vertex -80.0691 56.2167 1.21
      vertex -79.9 56.225 1.21
    endloop
  endfacet
  facet normal 0 0 -1
    outer loop
      vertex -80.2365 52.8081 1.21
      vertex -80.0691 56.2167 1.21
      vertex -80.0691 52.7833 1.21
    endloop
  endfacet
  facet normal 0 0 -1
    outer loop
      vertex -80.2365 52.8081 1.21
      vertex -80.2365 56.1919 1.21
      vertex -80.0691 56.2167 1.21
    endloop
  endfacet
  facet normal 0 0 -1
    outer loop
      vertex -80.4007 52.8493 1.21
      vertex -80.2365 56.1919 1.21
      vertex -80.2365 52.8081 1.21
    endloop
  endfacet
  facet normal 0 0 -1
    outer loop
      vertex -80.4007 52.8493 1.21
      vertex -80.4007 56.1507 1.21
      vertex -80.2365 56.1919 1.21
    endloop
  endfacet
  facet normal 0 0 -1
    outer loop
      vertex -80.5601 52.9063 1.21
      vertex -80.4007 56.1507 1.21
      vertex -80.4007 52.8493 1.21
    endloop
  endfacet
  facet normal 0 0 -1
    outer loop
      vertex -80.5601 52.9063 1.21
      vertex -80.5601 56.0937 1.21
      vertex -80.4007 56.1507 1.21
    endloop
  endfacet
  facet normal 0 0 -1
    outer loop
      vertex -80.7132 52.9787 1.21
      vertex -80.5601 56.0937 1.21
      vertex -80.5601 52.9063 1.21
    endloop
  endfacet
  facet normal 0 0 -1
    outer loop
      vertex -80.7132 52.9787 1.21
      vertex -80.7132 56.0213 1.21
      vertex -80.5601 56.0937 1.21
    endloop
  endfacet
  facet normal 0 0 -1
    outer loop
      vertex -80.8584 53.0657 1.21
      vertex -80.7132 56.0213 1.21
      vertex -80.7132 52.9787 1.21
    endloop
  endfacet
  facet normal 0 0 -1
    outer loop
      vertex -80.8584 53.0657 1.21
      vertex -80.8584 55.9343 1.21
      vertex -80.7132 56.0213 1.21
    endloop
  endfacet
  facet normal 0 0 -1
    outer loop
      vertex -80.9943 53.1666 1.21
      vertex -80.8584 55.9343 1.21
      vertex -80.8584 53.0657 1.21
    endloop
  endfacet
  facet normal 0 0 -1
    outer loop
      vertex -80.9943 53.1666 1.21
      vertex -80.9943 55.8334 1.21
      vertex -80.8584 55.9343 1.21
    endloop
  endfacet
  facet normal 0 0 -1
    outer loop
      vertex -81.1198 53.2802 1.21
      vertex -80.9943 55.8334 1.21
      vertex -80.9943 53.1666 1.21
    endloop
  endfacet
  facet normal 0 0 -1
    outer loop
      vertex -81.1198 53.2802 1.21
      vertex -81.1198 55.7198 1.21
      vertex -80.9943 55.8334 1.21
    endloop
  endfacet
  facet normal 0 0 -1
    outer loop
      vertex -81.2334 53.4057 1.21
      vertex -81.1198 55.7198 1.21
      vertex -81.1198 53.2802 1.21
    endloop
  endfacet
  facet normal 0 0 -1
    outer loop
      vertex -81.2334 53.4057 1.21
      vertex -81.2334 55.5943 1.21
      vertex -81.1198 55.7198 1.21
    endloop
  endfacet
  facet normal 0 0 -1
    outer loop
      vertex -81.3343 53.5416 1.21
      vertex -81.2334 55.5943 1.21
      vertex -81.2334 53.4057 1.21
    endloop
  endfacet
  facet normal 0 0 -1
    outer loop
      vertex -81.3343 53.5416 1.21
      vertex -81.3343 55.4584 1.21
      vertex -81.2334 55.5943 1.21
    endloop
  endfacet
  facet normal 0 0 -1
    outer loop
      vertex -81.4213 53.6868 1.21
      vertex -81.3343 55.4584 1.21
      vertex -81.3343 53.5416 1.21
    endloop
  endfacet
  facet normal 0 0 -1
    outer loop
      vertex -81.4213 53.6868 1.21
      vertex -81.4213 55.3132 1.21
      vertex -81.3343 55.4584 1.21
    endloop
  endfacet
  facet normal 0 0 -1
    outer loop
      vertex -81.4937 53.8399 1.21
      vertex -81.4213 55.3132 1.21
      vertex -81.4213 53.6868 1.21
    endloop
  endfacet
  facet normal 0 0 -1
    outer loop
      vertex -81.4937 53.8399 1.21
      vertex -81.4937 55.1601 1.21
      vertex -81.4213 55.3132 1.21
    endloop
  endfacet
  facet normal 0 0 -1
    outer loop
      vertex -81.5507 53.9993 1.21
      vertex -81.4937 55.1601 1.21
      vertex -81.4937 53.8399 1.21
    endloop
  endfacet
  facet normal 0 0 -1
    outer loop
      vertex -81.5507 53.9993 1.21
      vertex -81.5507 55.0007 1.21
      vertex -81.4937 55.1601 1.21
    endloop
  endfacet
  facet normal 0 0 -1
    outer loop
      vertex -81.5919 54.1635 1.21
      vertex -81.5507 55.0007 1.21
      vertex -81.5507 53.9993 1.21
    endloop
  endfacet
  facet normal 0 0 -1
    outer loop
      vertex -81.5919 54.1635 1.21
      vertex -81.5919 54.8365 1.21
      vertex -81.5507 55.0007 1.21
    endloop
  endfacet
  facet normal 0 0 -1
    outer loop
      vertex -81.6167 54.3309 1.21
      vertex -81.5919 54.8365 1.21
      vertex -81.5919 54.1635 1.21
    endloop
  endfacet
  facet normal 0 0 -1
    outer loop
      vertex -81.6167 54.3309 1.21
      vertex -81.6167 54.6691 1.21
      vertex -81.5919 54.8365 1.21
    endloop
  endfacet
  facet normal 0 -0 -1
    outer loop
      vertex -81.6167 54.6691 1.21
      vertex -81.6167 54.3309 1.21
      vertex -81.625 54.5 1.21
    endloop
  endfacet
  facet normal -0.146549 -0.989203 0
    outer loop
      vertex -79.7309 56.2167 0
      vertex -79.5635 56.1919 1.21
      vertex -79.7309 56.2167 1.21
    endloop
  endfacet
  facet normal -0.146549 -0.989203 -0
    outer loop
      vertex -79.5635 56.1919 1.21
      vertex -79.7309 56.2167 0
      vertex -79.5635 56.1919 0
    endloop
  endfacet
  facet normal 0.596117 0.802897 -0
    outer loop
      vertex -80.8584 53.0657 0
      vertex -80.9943 53.1666 1.21
      vertex -80.8584 53.0657 1.21
    endloop
  endfacet
  facet normal 0.596117 0.802897 0
    outer loop
      vertex -80.9943 53.1666 1.21
      vertex -80.8584 53.0657 0
      vertex -80.9943 53.1666 0
    endloop
  endfacet
  facet normal -0.741382 -0.671083 0
    outer loop
      vertex 81.2334 -53.4057 0
      vertex 81.1198 -53.2802 1.21
      vertex 81.1198 -53.2802 0
    endloop
  endfacet
  facet normal -0.741382 -0.671083 0
    outer loop
      vertex 81.1198 -53.2802 1.21
      vertex 81.2334 -53.4057 0
      vertex 81.2334 -53.4057 1.21
    endloop
  endfacet
  facet normal -0.989203 -0.146549 0
    outer loop
      vertex 81.6167 -54.3309 0
      vertex 81.5919 -54.1635 1.21
      vertex 81.5919 -54.1635 0
    endloop
  endfacet
  facet normal -0.989203 -0.146549 0
    outer loop
      vertex 81.5919 -54.1635 1.21
      vertex 81.6167 -54.3309 0
      vertex 81.6167 -54.3309 1.21
    endloop
  endfacet
  facet normal -0.998798 -0.0490244 0
    outer loop
      vertex 81.625 -54.5 0
      vertex 81.6167 -54.3309 1.21
      vertex 81.6167 -54.3309 0
    endloop
  endfacet
  facet normal -0.998798 -0.0490244 0
    outer loop
      vertex 81.6167 -54.3309 1.21
      vertex 81.625 -54.5 0
      vertex 81.625 -54.5 1.21
    endloop
  endfacet
  facet normal -0.596117 -0.802897 0
    outer loop
      vertex 80.8584 -53.0657 0
      vertex 80.9943 -53.1666 1.21
      vertex 80.8584 -53.0657 1.21
    endloop
  endfacet
  facet normal -0.596117 -0.802897 -0
    outer loop
      vertex 80.9943 -53.1666 1.21
      vertex 80.8584 -53.0657 0
      vertex 80.9943 -53.1666 0
    endloop
  endfacet
  facet normal 0.857806 -0.513974 0
    outer loop
      vertex 78.3787 -53.6868 1.21
      vertex 78.4657 -53.5416 0
      vertex 78.4657 -53.5416 1.21
    endloop
  endfacet
  facet normal 0.857806 -0.513974 0
    outer loop
      vertex 78.4657 -53.5416 0
      vertex 78.3787 -53.6868 1.21
      vertex 78.3787 -53.6868 0
    endloop
  endfacet
  facet normal -0.336711 0.941608 0
    outer loop
      vertex 80.5601 -56.0937 0
      vertex 80.4007 -56.1507 1.21
      vertex 80.5601 -56.0937 1.21
    endloop
  endfacet
  facet normal -0.336711 0.941608 0
    outer loop
      vertex 80.4007 -56.1507 1.21
      vertex 80.5601 -56.0937 0
      vertex 80.4007 -56.1507 0
    endloop
  endfacet
  facet normal 0.998798 0.0490244 0
    outer loop
      vertex 78.1833 -54.6691 1.21
      vertex 78.175 -54.5 0
      vertex 78.175 -54.5 1.21
    endloop
  endfacet
  facet normal 0.998798 0.0490244 0
    outer loop
      vertex 78.175 -54.5 0
      vertex 78.1833 -54.6691 1.21
      vertex 78.1833 -54.6691 0
    endloop
  endfacet
  facet normal 0.671083 -0.741382 0
    outer loop
      vertex 78.6802 -53.2802 0
      vertex 78.8057 -53.1666 1.21
      vertex 78.6802 -53.2802 1.21
    endloop
  endfacet
  facet normal 0.671083 -0.741382 0
    outer loop
      vertex 78.8057 -53.1666 1.21
      vertex 78.6802 -53.2802 0
      vertex 78.8057 -53.1666 0
    endloop
  endfacet
  facet normal 0.969934 0.243369 0
    outer loop
      vertex 78.2493 -55.0007 1.21
      vertex 78.2081 -54.8365 0
      vertex 78.2081 -54.8365 1.21
    endloop
  endfacet
  facet normal 0.969934 0.243369 0
    outer loop
      vertex 78.2081 -54.8365 0
      vertex 78.2493 -55.0007 1.21
      vertex 78.2493 -55.0007 0
    endloop
  endfacet
  facet normal -0.989203 0.146549 0
    outer loop
      vertex 81.5919 -54.8365 0
      vertex 81.6167 -54.6691 1.21
      vertex 81.6167 -54.6691 0
    endloop
  endfacet
  facet normal -0.989203 0.146549 0
    outer loop
      vertex 81.6167 -54.6691 1.21
      vertex 81.5919 -54.8365 0
      vertex 81.5919 -54.8365 1.21
    endloop
  endfacet
  facet normal 0.427502 -0.904014 0
    outer loop
      vertex 79.0868 -52.9787 0
      vertex 79.2399 -52.9063 1.21
      vertex 79.0868 -52.9787 1.21
    endloop
  endfacet
  facet normal 0.427502 -0.904014 0
    outer loop
      vertex 79.2399 -52.9063 1.21
      vertex 79.0868 -52.9787 0
      vertex 79.2399 -52.9063 0
    endloop
  endfacet
  facet normal 0.941608 0.336711 0
    outer loop
      vertex 78.3063 -55.1601 1.21
      vertex 78.2493 -55.0007 0
      vertex 78.2493 -55.0007 1.21
    endloop
  endfacet
  facet normal 0.941608 0.336711 0
    outer loop
      vertex 78.2493 -55.0007 0
      vertex 78.3063 -55.1601 1.21
      vertex 78.3063 -55.1601 0
    endloop
  endfacet
  facet normal 0.243369 -0.969934 0
    outer loop
      vertex 79.3993 -52.8493 0
      vertex 79.5635 -52.8081 1.21
      vertex 79.3993 -52.8493 1.21
    endloop
  endfacet
  facet normal 0.243369 -0.969934 0
    outer loop
      vertex 79.5635 -52.8081 1.21
      vertex 79.3993 -52.8493 0
      vertex 79.5635 -52.8081 0
    endloop
  endfacet
  facet normal 0.596117 0.802897 -0
    outer loop
      vertex 78.9416 -55.9343 0
      vertex 78.8057 -55.8334 1.21
      vertex 78.9416 -55.9343 1.21
    endloop
  endfacet
  facet normal 0.596117 0.802897 0
    outer loop
      vertex 78.8057 -55.8334 1.21
      vertex 78.9416 -55.9343 0
      vertex 78.8057 -55.8334 0
    endloop
  endfacet
  facet normal 0.969934 -0.243369 0
    outer loop
      vertex 78.2081 -54.1635 1.21
      vertex 78.2493 -53.9993 0
      vertex 78.2493 -53.9993 1.21
    endloop
  endfacet
  facet normal 0.969934 -0.243369 0
    outer loop
      vertex 78.2493 -53.9993 0
      vertex 78.2081 -54.1635 1.21
      vertex 78.2081 -54.1635 0
    endloop
  endfacet
  facet normal 0.941608 -0.336711 0
    outer loop
      vertex 78.2493 -53.9993 1.21
      vertex 78.3063 -53.8399 0
      vertex 78.3063 -53.8399 1.21
    endloop
  endfacet
  facet normal 0.941608 -0.336711 0
    outer loop
      vertex 78.3063 -53.8399 0
      vertex 78.2493 -53.9993 1.21
      vertex 78.2493 -53.9993 0
    endloop
  endfacet
  facet normal -0.427502 -0.904014 0
    outer loop
      vertex 80.5601 -52.9063 0
      vertex 80.7132 -52.9787 1.21
      vertex 80.5601 -52.9063 1.21
    endloop
  endfacet
  facet normal -0.427502 -0.904014 -0
    outer loop
      vertex 80.7132 -52.9787 1.21
      vertex 80.5601 -52.9063 0
      vertex 80.7132 -52.9787 0
    endloop
  endfacet
  facet normal -0.671083 -0.741382 0
    outer loop
      vertex 80.9943 -53.1666 0
      vertex 81.1198 -53.2802 1.21
      vertex 80.9943 -53.1666 1.21
    endloop
  endfacet
  facet normal -0.671083 -0.741382 -0
    outer loop
      vertex 81.1198 -53.2802 1.21
      vertex 80.9943 -53.1666 0
      vertex 81.1198 -53.2802 0
    endloop
  endfacet
  facet normal -0.998798 0.0490244 0
    outer loop
      vertex 81.6167 -54.6691 0
      vertex 81.625 -54.5 1.21
      vertex 81.625 -54.5 0
    endloop
  endfacet
  facet normal -0.998798 0.0490244 0
    outer loop
      vertex 81.625 -54.5 1.21
      vertex 81.6167 -54.6691 0
      vertex 81.6167 -54.6691 1.21
    endloop
  endfacet
  facet normal -0.857806 -0.513974 0
    outer loop
      vertex 81.4213 -53.6868 0
      vertex 81.3343 -53.5416 1.21
      vertex 81.3343 -53.5416 0
    endloop
  endfacet
  facet normal -0.857806 -0.513974 0
    outer loop
      vertex 81.3343 -53.5416 1.21
      vertex 81.4213 -53.6868 0
      vertex 81.4213 -53.6868 1.21
    endloop
  endfacet
  facet normal -0.904014 -0.427502 0
    outer loop
      vertex 81.4937 -53.8399 0
      vertex 81.4213 -53.6868 1.21
      vertex 81.4213 -53.6868 0
    endloop
  endfacet
  facet normal -0.904014 -0.427502 0
    outer loop
      vertex 81.4213 -53.6868 1.21
      vertex 81.4937 -53.8399 0
      vertex 81.4937 -53.8399 1.21
    endloop
  endfacet
  facet normal -0.243369 -0.969934 0
    outer loop
      vertex 80.2365 -52.8081 0
      vertex 80.4007 -52.8493 1.21
      vertex 80.2365 -52.8081 1.21
    endloop
  endfacet
  facet normal -0.243369 -0.969934 -0
    outer loop
      vertex 80.4007 -52.8493 1.21
      vertex 80.2365 -52.8081 0
      vertex 80.4007 -52.8493 0
    endloop
  endfacet
  facet normal 0.427502 0.904014 -0
    outer loop
      vertex 79.2399 -56.0937 0
      vertex 79.0868 -56.0213 1.21
      vertex 79.2399 -56.0937 1.21
    endloop
  endfacet
  facet normal 0.427502 0.904014 0
    outer loop
      vertex 79.0868 -56.0213 1.21
      vertex 79.2399 -56.0937 0
      vertex 79.0868 -56.0213 0
    endloop
  endfacet
  facet normal -0.336711 -0.941608 0
    outer loop
      vertex 80.4007 -52.8493 0
      vertex 80.5601 -52.9063 1.21
      vertex 80.4007 -52.8493 1.21
    endloop
  endfacet
  facet normal -0.336711 -0.941608 -0
    outer loop
      vertex 80.5601 -52.9063 1.21
      vertex 80.4007 -52.8493 0
      vertex 80.5601 -52.9063 0
    endloop
  endfacet
  facet normal -0.146549 0.989203 0
    outer loop
      vertex 80.2365 -56.1919 0
      vertex 80.0691 -56.2167 1.21
      vertex 80.2365 -56.1919 1.21
    endloop
  endfacet
  facet normal -0.146549 0.989203 0
    outer loop
      vertex 80.0691 -56.2167 1.21
      vertex 80.2365 -56.1919 0
      vertex 80.0691 -56.2167 0
    endloop
  endfacet
  facet normal -0.941608 -0.336711 0
    outer loop
      vertex 81.5507 -53.9993 0
      vertex 81.4937 -53.8399 1.21
      vertex 81.4937 -53.8399 0
    endloop
  endfacet
  facet normal -0.941608 -0.336711 0
    outer loop
      vertex 81.4937 -53.8399 1.21
      vertex 81.5507 -53.9993 0
      vertex 81.5507 -53.9993 1.21
    endloop
  endfacet
  facet normal -0.427502 0.904014 0
    outer loop
      vertex 80.7132 -56.0213 0
      vertex 80.5601 -56.0937 1.21
      vertex 80.7132 -56.0213 1.21
    endloop
  endfacet
  facet normal -0.427502 0.904014 0
    outer loop
      vertex 80.5601 -56.0937 1.21
      vertex 80.7132 -56.0213 0
      vertex 80.5601 -56.0937 0
    endloop
  endfacet
  facet normal 0.336711 0.941608 -0
    outer loop
      vertex 79.3993 -56.1507 0
      vertex 79.2399 -56.0937 1.21
      vertex 79.3993 -56.1507 1.21
    endloop
  endfacet
  facet normal 0.336711 0.941608 0
    outer loop
      vertex 79.2399 -56.0937 1.21
      vertex 79.3993 -56.1507 0
      vertex 79.2399 -56.0937 0
    endloop
  endfacet
  facet normal 0.0490244 -0.998798 0
    outer loop
      vertex 79.7309 -52.7833 0
      vertex 79.9 -52.775 1.21
      vertex 79.7309 -52.7833 1.21
    endloop
  endfacet
  facet normal 0.0490244 -0.998798 0
    outer loop
      vertex 79.9 -52.775 1.21
      vertex 79.7309 -52.7833 0
      vertex 79.9 -52.775 0
    endloop
  endfacet
  facet normal 0.596117 -0.802897 0
    outer loop
      vertex 78.8057 -53.1666 0
      vertex 78.9416 -53.0657 1.21
      vertex 78.8057 -53.1666 1.21
    endloop
  endfacet
  facet normal 0.596117 -0.802897 0
    outer loop
      vertex 78.9416 -53.0657 1.21
      vertex 78.8057 -53.1666 0
      vertex 78.9416 -53.0657 0
    endloop
  endfacet
  facet normal 0.904014 0.427502 0
    outer loop
      vertex 78.3787 -55.3132 1.21
      vertex 78.3063 -55.1601 0
      vertex 78.3063 -55.1601 1.21
    endloop
  endfacet
  facet normal 0.904014 0.427502 0
    outer loop
      vertex 78.3063 -55.1601 0
      vertex 78.3787 -55.3132 1.21
      vertex 78.3787 -55.3132 0
    endloop
  endfacet
  facet normal -0.802897 -0.596117 0
    outer loop
      vertex 81.3343 -53.5416 0
      vertex 81.2334 -53.4057 1.21
      vertex 81.2334 -53.4057 0
    endloop
  endfacet
  facet normal -0.802897 -0.596117 0
    outer loop
      vertex 81.2334 -53.4057 1.21
      vertex 81.3343 -53.5416 0
      vertex 81.3343 -53.5416 1.21
    endloop
  endfacet
  facet normal 0.741382 -0.671083 0
    outer loop
      vertex 78.5666 -53.4057 1.21
      vertex 78.6802 -53.2802 0
      vertex 78.6802 -53.2802 1.21
    endloop
  endfacet
  facet normal 0.741382 -0.671083 0
    outer loop
      vertex 78.6802 -53.2802 0
      vertex 78.5666 -53.4057 1.21
      vertex 78.5666 -53.4057 0
    endloop
  endfacet
  facet normal 0.146549 -0.989203 0
    outer loop
      vertex 79.5635 -52.8081 0
      vertex 79.7309 -52.7833 1.21
      vertex 79.5635 -52.8081 1.21
    endloop
  endfacet
  facet normal 0.146549 -0.989203 0
    outer loop
      vertex 79.7309 -52.7833 1.21
      vertex 79.5635 -52.8081 0
      vertex 79.7309 -52.7833 0
    endloop
  endfacet
  facet normal -0.0490244 0.998798 0
    outer loop
      vertex 80.0691 -56.2167 0
      vertex 79.9 -56.225 1.21
      vertex 80.0691 -56.2167 1.21
    endloop
  endfacet
  facet normal -0.0490244 0.998798 0
    outer loop
      vertex 79.9 -56.225 1.21
      vertex 80.0691 -56.2167 0
      vertex 79.9 -56.225 0
    endloop
  endfacet
  facet normal -0.857806 0.513974 0
    outer loop
      vertex 81.3343 -55.4584 0
      vertex 81.4213 -55.3132 1.21
      vertex 81.4213 -55.3132 0
    endloop
  endfacet
  facet normal -0.857806 0.513974 0
    outer loop
      vertex 81.4213 -55.3132 1.21
      vertex 81.3343 -55.4584 0
      vertex 81.3343 -55.4584 1.21
    endloop
  endfacet
  facet normal -0.741382 0.671083 0
    outer loop
      vertex 81.1198 -55.7198 0
      vertex 81.2334 -55.5943 1.21
      vertex 81.2334 -55.5943 0
    endloop
  endfacet
  facet normal -0.741382 0.671083 0
    outer loop
      vertex 81.2334 -55.5943 1.21
      vertex 81.1198 -55.7198 0
      vertex 81.1198 -55.7198 1.21
    endloop
  endfacet
  facet normal -0.941608 0.336711 0
    outer loop
      vertex 81.4937 -55.1601 0
      vertex 81.5507 -55.0007 1.21
      vertex 81.5507 -55.0007 0
    endloop
  endfacet
  facet normal -0.941608 0.336711 0
    outer loop
      vertex 81.5507 -55.0007 1.21
      vertex 81.4937 -55.1601 0
      vertex 81.4937 -55.1601 1.21
    endloop
  endfacet
  facet normal -0.802897 0.596117 0
    outer loop
      vertex 81.2334 -55.5943 0
      vertex 81.3343 -55.4584 1.21
      vertex 81.3343 -55.4584 0
    endloop
  endfacet
  facet normal -0.802897 0.596117 0
    outer loop
      vertex 81.3343 -55.4584 1.21
      vertex 81.2334 -55.5943 0
      vertex 81.2334 -55.5943 1.21
    endloop
  endfacet
  facet normal -0.513974 -0.857806 0
    outer loop
      vertex 80.7132 -52.9787 0
      vertex 80.8584 -53.0657 1.21
      vertex 80.7132 -52.9787 1.21
    endloop
  endfacet
  facet normal -0.513974 -0.857806 -0
    outer loop
      vertex 80.8584 -53.0657 1.21
      vertex 80.7132 -52.9787 0
      vertex 80.8584 -53.0657 0
    endloop
  endfacet
  facet normal 0.146549 0.989203 -0
    outer loop
      vertex 79.7309 -56.2167 0
      vertex 79.5635 -56.1919 1.21
      vertex 79.7309 -56.2167 1.21
    endloop
  endfacet
  facet normal 0.146549 0.989203 0
    outer loop
      vertex 79.5635 -56.1919 1.21
      vertex 79.7309 -56.2167 0
      vertex 79.5635 -56.1919 0
    endloop
  endfacet
  facet normal -0.596117 0.802897 0
    outer loop
      vertex 80.9943 -55.8334 0
      vertex 80.8584 -55.9343 1.21
      vertex 80.9943 -55.8334 1.21
    endloop
  endfacet
  facet normal -0.596117 0.802897 0
    outer loop
      vertex 80.8584 -55.9343 1.21
      vertex 80.9943 -55.8334 0
      vertex 80.8584 -55.9343 0
    endloop
  endfacet
  facet normal 0.989203 -0.146549 0
    outer loop
      vertex 78.1833 -54.3309 1.21
      vertex 78.2081 -54.1635 0
      vertex 78.2081 -54.1635 1.21
    endloop
  endfacet
  facet normal 0.989203 -0.146549 0
    outer loop
      vertex 78.2081 -54.1635 0
      vertex 78.1833 -54.3309 1.21
      vertex 78.1833 -54.3309 0
    endloop
  endfacet
  facet normal -0.243369 0.969934 0
    outer loop
      vertex 80.4007 -56.1507 0
      vertex 80.2365 -56.1919 1.21
      vertex 80.4007 -56.1507 1.21
    endloop
  endfacet
  facet normal -0.243369 0.969934 0
    outer loop
      vertex 80.2365 -56.1919 1.21
      vertex 80.4007 -56.1507 0
      vertex 80.2365 -56.1919 0
    endloop
  endfacet
  facet normal -0.0490244 -0.998798 0
    outer loop
      vertex 79.9 -52.775 0
      vertex 80.0691 -52.7833 1.21
      vertex 79.9 -52.775 1.21
    endloop
  endfacet
  facet normal -0.0490244 -0.998798 -0
    outer loop
      vertex 80.0691 -52.7833 1.21
      vertex 79.9 -52.775 0
      vertex 80.0691 -52.7833 0
    endloop
  endfacet
  facet normal 0.243369 0.969934 -0
    outer loop
      vertex 79.5635 -56.1919 0
      vertex 79.3993 -56.1507 1.21
      vertex 79.5635 -56.1919 1.21
    endloop
  endfacet
  facet normal 0.243369 0.969934 0
    outer loop
      vertex 79.3993 -56.1507 1.21
      vertex 79.5635 -56.1919 0
      vertex 79.3993 -56.1507 0
    endloop
  endfacet
  facet normal -0.969934 -0.243369 0
    outer loop
      vertex 81.5919 -54.1635 0
      vertex 81.5507 -53.9993 1.21
      vertex 81.5507 -53.9993 0
    endloop
  endfacet
  facet normal -0.969934 -0.243369 0
    outer loop
      vertex 81.5507 -53.9993 1.21
      vertex 81.5919 -54.1635 0
      vertex 81.5919 -54.1635 1.21
    endloop
  endfacet
  facet normal -0.969934 0.243369 0
    outer loop
      vertex 81.5507 -55.0007 0
      vertex 81.5919 -54.8365 1.21
      vertex 81.5919 -54.8365 0
    endloop
  endfacet
  facet normal -0.969934 0.243369 0
    outer loop
      vertex 81.5919 -54.8365 1.21
      vertex 81.5507 -55.0007 0
      vertex 81.5507 -55.0007 1.21
    endloop
  endfacet
  facet normal -0.146549 -0.989203 0
    outer loop
      vertex 80.0691 -52.7833 0
      vertex 80.2365 -52.8081 1.21
      vertex 80.0691 -52.7833 1.21
    endloop
  endfacet
  facet normal -0.146549 -0.989203 -0
    outer loop
      vertex 80.2365 -52.8081 1.21
      vertex 80.0691 -52.7833 0
      vertex 80.2365 -52.8081 0
    endloop
  endfacet
  facet normal 0.741382 0.671083 0
    outer loop
      vertex 78.6802 -55.7198 1.21
      vertex 78.5666 -55.5943 0
      vertex 78.5666 -55.5943 1.21
    endloop
  endfacet
  facet normal 0.741382 0.671083 0
    outer loop
      vertex 78.5666 -55.5943 0
      vertex 78.6802 -55.7198 1.21
      vertex 78.6802 -55.7198 0
    endloop
  endfacet
  facet normal 0.857806 0.513974 0
    outer loop
      vertex 78.4657 -55.4584 1.21
      vertex 78.3787 -55.3132 0
      vertex 78.3787 -55.3132 1.21
    endloop
  endfacet
  facet normal 0.857806 0.513974 0
    outer loop
      vertex 78.3787 -55.3132 0
      vertex 78.4657 -55.4584 1.21
      vertex 78.4657 -55.4584 0
    endloop
  endfacet
  facet normal 0.336711 -0.941608 0
    outer loop
      vertex 79.2399 -52.9063 0
      vertex 79.3993 -52.8493 1.21
      vertex 79.2399 -52.9063 1.21
    endloop
  endfacet
  facet normal 0.336711 -0.941608 0
    outer loop
      vertex 79.3993 -52.8493 1.21
      vertex 79.2399 -52.9063 0
      vertex 79.3993 -52.8493 0
    endloop
  endfacet
  facet normal 0.513974 0.857806 -0
    outer loop
      vertex 79.0868 -56.0213 0
      vertex 78.9416 -55.9343 1.21
      vertex 79.0868 -56.0213 1.21
    endloop
  endfacet
  facet normal 0.513974 0.857806 0
    outer loop
      vertex 78.9416 -55.9343 1.21
      vertex 79.0868 -56.0213 0
      vertex 78.9416 -55.9343 0
    endloop
  endfacet
  facet normal 0.802897 0.596117 0
    outer loop
      vertex 78.5666 -55.5943 1.21
      vertex 78.4657 -55.4584 0
      vertex 78.4657 -55.4584 1.21
    endloop
  endfacet
  facet normal 0.802897 0.596117 0
    outer loop
      vertex 78.4657 -55.4584 0
      vertex 78.5666 -55.5943 1.21
      vertex 78.5666 -55.5943 0
    endloop
  endfacet
  facet normal 0.513974 -0.857806 0
    outer loop
      vertex 78.9416 -53.0657 0
      vertex 79.0868 -52.9787 1.21
      vertex 78.9416 -53.0657 1.21
    endloop
  endfacet
  facet normal 0.513974 -0.857806 0
    outer loop
      vertex 79.0868 -52.9787 1.21
      vertex 78.9416 -53.0657 0
      vertex 79.0868 -52.9787 0
    endloop
  endfacet
  facet normal 0.989203 0.146549 0
    outer loop
      vertex 78.2081 -54.8365 1.21
      vertex 78.1833 -54.6691 0
      vertex 78.1833 -54.6691 1.21
    endloop
  endfacet
  facet normal 0.989203 0.146549 0
    outer loop
      vertex 78.1833 -54.6691 0
      vertex 78.2081 -54.8365 1.21
      vertex 78.2081 -54.8365 0
    endloop
  endfacet
  facet normal 0.904014 -0.427502 0
    outer loop
      vertex 78.3063 -53.8399 1.21
      vertex 78.3787 -53.6868 0
      vertex 78.3787 -53.6868 1.21
    endloop
  endfacet
  facet normal 0.904014 -0.427502 0
    outer loop
      vertex 78.3787 -53.6868 0
      vertex 78.3063 -53.8399 1.21
      vertex 78.3063 -53.8399 0
    endloop
  endfacet
  facet normal -0.513974 0.857806 0
    outer loop
      vertex 80.8584 -55.9343 0
      vertex 80.7132 -56.0213 1.21
      vertex 80.8584 -55.9343 1.21
    endloop
  endfacet
  facet normal -0.513974 0.857806 0
    outer loop
      vertex 80.7132 -56.0213 1.21
      vertex 80.8584 -55.9343 0
      vertex 80.7132 -56.0213 0
    endloop
  endfacet
  facet normal -0.904014 0.427502 0
    outer loop
      vertex 81.4213 -55.3132 0
      vertex 81.4937 -55.1601 1.21
      vertex 81.4937 -55.1601 0
    endloop
  endfacet
  facet normal -0.904014 0.427502 0
    outer loop
      vertex 81.4937 -55.1601 1.21
      vertex 81.4213 -55.3132 0
      vertex 81.4213 -55.3132 1.21
    endloop
  endfacet
  facet normal 0.671083 0.741382 -0
    outer loop
      vertex 78.8057 -55.8334 0
      vertex 78.6802 -55.7198 1.21
      vertex 78.8057 -55.8334 1.21
    endloop
  endfacet
  facet normal 0.671083 0.741382 0
    outer loop
      vertex 78.6802 -55.7198 1.21
      vertex 78.8057 -55.8334 0
      vertex 78.6802 -55.7198 0
    endloop
  endfacet
  facet normal 0.802897 -0.596117 0
    outer loop
      vertex 78.4657 -53.5416 1.21
      vertex 78.5666 -53.4057 0
      vertex 78.5666 -53.4057 1.21
    endloop
  endfacet
  facet normal 0.802897 -0.596117 0
    outer loop
      vertex 78.5666 -53.4057 0
      vertex 78.4657 -53.5416 1.21
      vertex 78.4657 -53.5416 0
    endloop
  endfacet
  facet normal 0.0490244 0.998798 -0
    outer loop
      vertex 79.9 -56.225 0
      vertex 79.7309 -56.2167 1.21
      vertex 79.9 -56.225 1.21
    endloop
  endfacet
  facet normal 0.0490244 0.998798 0
    outer loop
      vertex 79.7309 -56.2167 1.21
      vertex 79.9 -56.225 0
      vertex 79.7309 -56.2167 0
    endloop
  endfacet
  facet normal 0 0 -1
    outer loop
      vertex 81.6167 -54.6691 1.21
      vertex 81.6167 -54.3309 1.21
      vertex 81.625 -54.5 1.21
    endloop
  endfacet
  facet normal 0 0 -1
    outer loop
      vertex 81.5919 -54.8365 1.21
      vertex 81.6167 -54.3309 1.21
      vertex 81.6167 -54.6691 1.21
    endloop
  endfacet
  facet normal 0 0 -1
    outer loop
      vertex 81.5919 -54.8365 1.21
      vertex 81.5919 -54.1635 1.21
      vertex 81.6167 -54.3309 1.21
    endloop
  endfacet
  facet normal 0 0 -1
    outer loop
      vertex 81.5507 -55.0007 1.21
      vertex 81.5919 -54.1635 1.21
      vertex 81.5919 -54.8365 1.21
    endloop
  endfacet
  facet normal 0 0 -1
    outer loop
      vertex 81.5507 -55.0007 1.21
      vertex 81.5507 -53.9993 1.21
      vertex 81.5919 -54.1635 1.21
    endloop
  endfacet
  facet normal 0 0 -1
    outer loop
      vertex 81.4937 -55.1601 1.21
      vertex 81.5507 -53.9993 1.21
      vertex 81.5507 -55.0007 1.21
    endloop
  endfacet
  facet normal 0 0 -1
    outer loop
      vertex 81.4937 -55.1601 1.21
      vertex 81.4937 -53.8399 1.21
      vertex 81.5507 -53.9993 1.21
    endloop
  endfacet
  facet normal 0 0 -1
    outer loop
      vertex 81.4213 -55.3132 1.21
      vertex 81.4937 -53.8399 1.21
      vertex 81.4937 -55.1601 1.21
    endloop
  endfacet
  facet normal 0 0 -1
    outer loop
      vertex 81.4213 -55.3132 1.21
      vertex 81.4213 -53.6868 1.21
      vertex 81.4937 -53.8399 1.21
    endloop
  endfacet
  facet normal 0 0 -1
    outer loop
      vertex 81.3343 -55.4584 1.21
      vertex 81.4213 -53.6868 1.21
      vertex 81.4213 -55.3132 1.21
    endloop
  endfacet
  facet normal 0 0 -1
    outer loop
      vertex 81.3343 -55.4584 1.21
      vertex 81.3343 -53.5416 1.21
      vertex 81.4213 -53.6868 1.21
    endloop
  endfacet
  facet normal 0 0 -1
    outer loop
      vertex 81.2334 -55.5943 1.21
      vertex 81.3343 -53.5416 1.21
      vertex 81.3343 -55.4584 1.21
    endloop
  endfacet
  facet normal 0 0 -1
    outer loop
      vertex 81.2334 -55.5943 1.21
      vertex 81.2334 -53.4057 1.21
      vertex 81.3343 -53.5416 1.21
    endloop
  endfacet
  facet normal 0 0 -1
    outer loop
      vertex 81.1198 -55.7198 1.21
      vertex 81.2334 -53.4057 1.21
      vertex 81.2334 -55.5943 1.21
    endloop
  endfacet
  facet normal 0 0 -1
    outer loop
      vertex 81.1198 -55.7198 1.21
      vertex 81.1198 -53.2802 1.21
      vertex 81.2334 -53.4057 1.21
    endloop
  endfacet
  facet normal 0 0 -1
    outer loop
      vertex 80.9943 -55.8334 1.21
      vertex 81.1198 -53.2802 1.21
      vertex 81.1198 -55.7198 1.21
    endloop
  endfacet
  facet normal 0 0 -1
    outer loop
      vertex 80.9943 -55.8334 1.21
      vertex 80.9943 -53.1666 1.21
      vertex 81.1198 -53.2802 1.21
    endloop
  endfacet
  facet normal 0 0 -1
    outer loop
      vertex 80.8584 -55.9343 1.21
      vertex 80.9943 -53.1666 1.21
      vertex 80.9943 -55.8334 1.21
    endloop
  endfacet
  facet normal 0 0 -1
    outer loop
      vertex 80.8584 -55.9343 1.21
      vertex 80.8584 -53.0657 1.21
      vertex 80.9943 -53.1666 1.21
    endloop
  endfacet
  facet normal 0 0 -1
    outer loop
      vertex 80.7132 -56.0213 1.21
      vertex 80.8584 -53.0657 1.21
      vertex 80.8584 -55.9343 1.21
    endloop
  endfacet
  facet normal 0 0 -1
    outer loop
      vertex 80.7132 -56.0213 1.21
      vertex 80.7132 -52.9787 1.21
      vertex 80.8584 -53.0657 1.21
    endloop
  endfacet
  facet normal 0 0 -1
    outer loop
      vertex 80.5601 -56.0937 1.21
      vertex 80.7132 -52.9787 1.21
      vertex 80.7132 -56.0213 1.21
    endloop
  endfacet
  facet normal 0 0 -1
    outer loop
      vertex 80.5601 -56.0937 1.21
      vertex 80.5601 -52.9063 1.21
      vertex 80.7132 -52.9787 1.21
    endloop
  endfacet
  facet normal 0 0 -1
    outer loop
      vertex 80.4007 -56.1507 1.21
      vertex 80.5601 -52.9063 1.21
      vertex 80.5601 -56.0937 1.21
    endloop
  endfacet
  facet normal 0 0 -1
    outer loop
      vertex 80.4007 -56.1507 1.21
      vertex 80.4007 -52.8493 1.21
      vertex 80.5601 -52.9063 1.21
    endloop
  endfacet
  facet normal 0 0 -1
    outer loop
      vertex 80.2365 -56.1919 1.21
      vertex 80.4007 -52.8493 1.21
      vertex 80.4007 -56.1507 1.21
    endloop
  endfacet
  facet normal 0 0 -1
    outer loop
      vertex 80.2365 -56.1919 1.21
      vertex 80.2365 -52.8081 1.21
      vertex 80.4007 -52.8493 1.21
    endloop
  endfacet
  facet normal 0 0 -1
    outer loop
      vertex 80.0691 -56.2167 1.21
      vertex 80.2365 -52.8081 1.21
      vertex 80.2365 -56.1919 1.21
    endloop
  endfacet
  facet normal 0 0 -1
    outer loop
      vertex 80.0691 -56.2167 1.21
      vertex 80.0691 -52.7833 1.21
      vertex 80.2365 -52.8081 1.21
    endloop
  endfacet
  facet normal 0 0 -1
    outer loop
      vertex 79.9 -56.225 1.21
      vertex 80.0691 -52.7833 1.21
      vertex 80.0691 -56.2167 1.21
    endloop
  endfacet
  facet normal 0 0 -1
    outer loop
      vertex 79.9 -56.225 1.21
      vertex 79.9 -52.775 1.21
      vertex 80.0691 -52.7833 1.21
    endloop
  endfacet
  facet normal 0 0 -1
    outer loop
      vertex 79.7309 -56.2167 1.21
      vertex 79.9 -52.775 1.21
      vertex 79.9 -56.225 1.21
    endloop
  endfacet
  facet normal 0 0 -1
    outer loop
      vertex 79.7309 -56.2167 1.21
      vertex 79.7309 -52.7833 1.21
      vertex 79.9 -52.775 1.21
    endloop
  endfacet
  facet normal 0 0 -1
    outer loop
      vertex 79.5635 -56.1919 1.21
      vertex 79.7309 -52.7833 1.21
      vertex 79.7309 -56.2167 1.21
    endloop
  endfacet
  facet normal 0 0 -1
    outer loop
      vertex 79.5635 -56.1919 1.21
      vertex 79.5635 -52.8081 1.21
      vertex 79.7309 -52.7833 1.21
    endloop
  endfacet
  facet normal 0 0 -1
    outer loop
      vertex 79.3993 -56.1507 1.21
      vertex 79.5635 -52.8081 1.21
      vertex 79.5635 -56.1919 1.21
    endloop
  endfacet
  facet normal 0 0 -1
    outer loop
      vertex 79.3993 -56.1507 1.21
      vertex 79.3993 -52.8493 1.21
      vertex 79.5635 -52.8081 1.21
    endloop
  endfacet
  facet normal 0 0 -1
    outer loop
      vertex 79.2399 -56.0937 1.21
      vertex 79.3993 -52.8493 1.21
      vertex 79.3993 -56.1507 1.21
    endloop
  endfacet
  facet normal 0 0 -1
    outer loop
      vertex 79.2399 -56.0937 1.21
      vertex 79.2399 -52.9063 1.21
      vertex 79.3993 -52.8493 1.21
    endloop
  endfacet
  facet normal 0 0 -1
    outer loop
      vertex 79.0868 -56.0213 1.21
      vertex 79.2399 -52.9063 1.21
      vertex 79.2399 -56.0937 1.21
    endloop
  endfacet
  facet normal 0 0 -1
    outer loop
      vertex 79.0868 -56.0213 1.21
      vertex 79.0868 -52.9787 1.21
      vertex 79.2399 -52.9063 1.21
    endloop
  endfacet
  facet normal 0 0 -1
    outer loop
      vertex 78.9416 -55.9343 1.21
      vertex 79.0868 -52.9787 1.21
      vertex 79.0868 -56.0213 1.21
    endloop
  endfacet
  facet normal 0 0 -1
    outer loop
      vertex 78.9416 -55.9343 1.21
      vertex 78.9416 -53.0657 1.21
      vertex 79.0868 -52.9787 1.21
    endloop
  endfacet
  facet normal 0 0 -1
    outer loop
      vertex 78.8057 -55.8334 1.21
      vertex 78.9416 -53.0657 1.21
      vertex 78.9416 -55.9343 1.21
    endloop
  endfacet
  facet normal 0 0 -1
    outer loop
      vertex 78.8057 -55.8334 1.21
      vertex 78.8057 -53.1666 1.21
      vertex 78.9416 -53.0657 1.21
    endloop
  endfacet
  facet normal 0 0 -1
    outer loop
      vertex 78.6802 -55.7198 1.21
      vertex 78.8057 -53.1666 1.21
      vertex 78.8057 -55.8334 1.21
    endloop
  endfacet
  facet normal 0 0 -1
    outer loop
      vertex 78.6802 -55.7198 1.21
      vertex 78.6802 -53.2802 1.21
      vertex 78.8057 -53.1666 1.21
    endloop
  endfacet
  facet normal 0 0 -1
    outer loop
      vertex 78.5666 -55.5943 1.21
      vertex 78.6802 -53.2802 1.21
      vertex 78.6802 -55.7198 1.21
    endloop
  endfacet
  facet normal 0 0 -1
    outer loop
      vertex 78.5666 -55.5943 1.21
      vertex 78.5666 -53.4057 1.21
      vertex 78.6802 -53.2802 1.21
    endloop
  endfacet
  facet normal 0 0 -1
    outer loop
      vertex 78.4657 -55.4584 1.21
      vertex 78.5666 -53.4057 1.21
      vertex 78.5666 -55.5943 1.21
    endloop
  endfacet
  facet normal 0 0 -1
    outer loop
      vertex 78.4657 -55.4584 1.21
      vertex 78.4657 -53.5416 1.21
      vertex 78.5666 -53.4057 1.21
    endloop
  endfacet
  facet normal 0 0 -1
    outer loop
      vertex 78.3787 -55.3132 1.21
      vertex 78.4657 -53.5416 1.21
      vertex 78.4657 -55.4584 1.21
    endloop
  endfacet
  facet normal 0 0 -1
    outer loop
      vertex 78.3787 -55.3132 1.21
      vertex 78.3787 -53.6868 1.21
      vertex 78.4657 -53.5416 1.21
    endloop
  endfacet
  facet normal 0 0 -1
    outer loop
      vertex 78.3063 -55.1601 1.21
      vertex 78.3787 -53.6868 1.21
      vertex 78.3787 -55.3132 1.21
    endloop
  endfacet
  facet normal 0 0 -1
    outer loop
      vertex 78.3063 -55.1601 1.21
      vertex 78.3063 -53.8399 1.21
      vertex 78.3787 -53.6868 1.21
    endloop
  endfacet
  facet normal 0 0 -1
    outer loop
      vertex 78.2493 -55.0007 1.21
      vertex 78.3063 -53.8399 1.21
      vertex 78.3063 -55.1601 1.21
    endloop
  endfacet
  facet normal 0 0 -1
    outer loop
      vertex 78.2493 -55.0007 1.21
      vertex 78.2493 -53.9993 1.21
      vertex 78.3063 -53.8399 1.21
    endloop
  endfacet
  facet normal 0 0 -1
    outer loop
      vertex 78.2081 -54.8365 1.21
      vertex 78.2493 -53.9993 1.21
      vertex 78.2493 -55.0007 1.21
    endloop
  endfacet
  facet normal 0 0 -1
    outer loop
      vertex 78.2081 -54.8365 1.21
      vertex 78.2081 -54.1635 1.21
      vertex 78.2493 -53.9993 1.21
    endloop
  endfacet
  facet normal 0 0 -1
    outer loop
      vertex 78.1833 -54.6691 1.21
      vertex 78.2081 -54.1635 1.21
      vertex 78.2081 -54.8365 1.21
    endloop
  endfacet
  facet normal 0 0 -1
    outer loop
      vertex 78.1833 -54.6691 1.21
      vertex 78.1833 -54.3309 1.21
      vertex 78.2081 -54.1635 1.21
    endloop
  endfacet
  facet normal 0 -0 -1
    outer loop
      vertex 78.1833 -54.3309 1.21
      vertex 78.1833 -54.6691 1.21
      vertex 78.175 -54.5 1.21
    endloop
  endfacet
  facet normal 0.998798 -0.0490244 0
    outer loop
      vertex 78.175 -54.5 1.21
      vertex 78.1833 -54.3309 0
      vertex 78.1833 -54.3309 1.21
    endloop
  endfacet
  facet normal 0.998798 -0.0490244 0
    outer loop
      vertex 78.1833 -54.3309 0
      vertex 78.175 -54.5 1.21
      vertex 78.175 -54.5 0
    endloop
  endfacet
  facet normal -0.671083 0.741382 0
    outer loop
      vertex 81.1198 -55.7198 0
      vertex 80.9943 -55.8334 1.21
      vertex 81.1198 -55.7198 1.21
    endloop
  endfacet
  facet normal -0.671083 0.741382 0
    outer loop
      vertex 80.9943 -55.8334 1.21
      vertex 81.1198 -55.7198 0
      vertex 80.9943 -55.8334 0
    endloop
  endfacet
  facet normal -0.336711 -0.941608 0
    outer loop
      vertex 80.4007 56.1507 0
      vertex 80.5601 56.0937 1.21
      vertex 80.4007 56.1507 1.21
    endloop
  endfacet
  facet normal -0.336711 -0.941608 -0
    outer loop
      vertex 80.5601 56.0937 1.21
      vertex 80.4007 56.1507 0
      vertex 80.5601 56.0937 0
    endloop
  endfacet
  facet normal -0.989203 -0.146549 0
    outer loop
      vertex 81.6167 54.6691 0
      vertex 81.5919 54.8365 1.21
      vertex 81.5919 54.8365 0
    endloop
  endfacet
  facet normal -0.989203 -0.146549 0
    outer loop
      vertex 81.5919 54.8365 1.21
      vertex 81.6167 54.6691 0
      vertex 81.6167 54.6691 1.21
    endloop
  endfacet
  facet normal -0.998798 -0.0490244 0
    outer loop
      vertex 81.625 54.5 0
      vertex 81.6167 54.6691 1.21
      vertex 81.6167 54.6691 0
    endloop
  endfacet
  facet normal -0.998798 -0.0490244 0
    outer loop
      vertex 81.6167 54.6691 1.21
      vertex 81.625 54.5 0
      vertex 81.625 54.5 1.21
    endloop
  endfacet
  facet normal -0.969934 -0.243369 0
    outer loop
      vertex 81.5919 54.8365 0
      vertex 81.5507 55.0007 1.21
      vertex 81.5507 55.0007 0
    endloop
  endfacet
  facet normal -0.969934 -0.243369 0
    outer loop
      vertex 81.5507 55.0007 1.21
      vertex 81.5919 54.8365 0
      vertex 81.5919 54.8365 1.21
    endloop
  endfacet
  facet normal 0.596117 -0.802897 0
    outer loop
      vertex 78.8057 55.8334 0
      vertex 78.9416 55.9343 1.21
      vertex 78.8057 55.8334 1.21
    endloop
  endfacet
  facet normal 0.596117 -0.802897 0
    outer loop
      vertex 78.9416 55.9343 1.21
      vertex 78.8057 55.8334 0
      vertex 78.9416 55.9343 0
    endloop
  endfacet
  facet normal 0.146549 0.989203 -0
    outer loop
      vertex 79.7309 52.7833 0
      vertex 79.5635 52.8081 1.21
      vertex 79.7309 52.7833 1.21
    endloop
  endfacet
  facet normal 0.146549 0.989203 0
    outer loop
      vertex 79.5635 52.8081 1.21
      vertex 79.7309 52.7833 0
      vertex 79.5635 52.8081 0
    endloop
  endfacet
  facet normal -0.998798 0.0490244 0
    outer loop
      vertex 81.6167 54.3309 0
      vertex 81.625 54.5 1.21
      vertex 81.625 54.5 0
    endloop
  endfacet
  facet normal -0.998798 0.0490244 0
    outer loop
      vertex 81.625 54.5 1.21
      vertex 81.6167 54.3309 0
      vertex 81.6167 54.3309 1.21
    endloop
  endfacet
  facet normal 0.802897 0.596117 0
    outer loop
      vertex 78.5666 53.4057 1.21
      vertex 78.4657 53.5416 0
      vertex 78.4657 53.5416 1.21
    endloop
  endfacet
  facet normal 0.802897 0.596117 0
    outer loop
      vertex 78.4657 53.5416 0
      vertex 78.5666 53.4057 1.21
      vertex 78.5666 53.4057 0
    endloop
  endfacet
  facet normal -0.941608 -0.336711 0
    outer loop
      vertex 81.5507 55.0007 0
      vertex 81.4937 55.1601 1.21
      vertex 81.4937 55.1601 0
    endloop
  endfacet
  facet normal -0.941608 -0.336711 0
    outer loop
      vertex 81.4937 55.1601 1.21
      vertex 81.5507 55.0007 0
      vertex 81.5507 55.0007 1.21
    endloop
  endfacet
  facet normal -0.904014 -0.427502 0
    outer loop
      vertex 81.4937 55.1601 0
      vertex 81.4213 55.3132 1.21
      vertex 81.4213 55.3132 0
    endloop
  endfacet
  facet normal -0.904014 -0.427502 0
    outer loop
      vertex 81.4213 55.3132 1.21
      vertex 81.4937 55.1601 0
      vertex 81.4937 55.1601 1.21
    endloop
  endfacet
  facet normal 0.243369 -0.969934 0
    outer loop
      vertex 79.3993 56.1507 0
      vertex 79.5635 56.1919 1.21
      vertex 79.3993 56.1507 1.21
    endloop
  endfacet
  facet normal 0.243369 -0.969934 0
    outer loop
      vertex 79.5635 56.1919 1.21
      vertex 79.3993 56.1507 0
      vertex 79.5635 56.1919 0
    endloop
  endfacet
  facet normal -0.671083 0.741382 0
    outer loop
      vertex 81.1198 53.2802 0
      vertex 80.9943 53.1666 1.21
      vertex 81.1198 53.2802 1.21
    endloop
  endfacet
  facet normal -0.671083 0.741382 0
    outer loop
      vertex 80.9943 53.1666 1.21
      vertex 81.1198 53.2802 0
      vertex 80.9943 53.1666 0
    endloop
  endfacet
  facet normal -0.513974 -0.857806 0
    outer loop
      vertex 80.7132 56.0213 0
      vertex 80.8584 55.9343 1.21
      vertex 80.7132 56.0213 1.21
    endloop
  endfacet
  facet normal -0.513974 -0.857806 -0
    outer loop
      vertex 80.8584 55.9343 1.21
      vertex 80.7132 56.0213 0
      vertex 80.8584 55.9343 0
    endloop
  endfacet
  facet normal -0.969934 0.243369 0
    outer loop
      vertex 81.5507 53.9993 0
      vertex 81.5919 54.1635 1.21
      vertex 81.5919 54.1635 0
    endloop
  endfacet
  facet normal -0.969934 0.243369 0
    outer loop
      vertex 81.5919 54.1635 1.21
      vertex 81.5507 53.9993 0
      vertex 81.5507 53.9993 1.21
    endloop
  endfacet
  facet normal 0.904014 0.427502 0
    outer loop
      vertex 78.3787 53.6868 1.21
      vertex 78.3063 53.8399 0
      vertex 78.3063 53.8399 1.21
    endloop
  endfacet
  facet normal 0.904014 0.427502 0
    outer loop
      vertex 78.3063 53.8399 0
      vertex 78.3787 53.6868 1.21
      vertex 78.3787 53.6868 0
    endloop
  endfacet
  facet normal -0.513974 0.857806 0
    outer loop
      vertex 80.8584 53.0657 0
      vertex 80.7132 52.9787 1.21
      vertex 80.8584 53.0657 1.21
    endloop
  endfacet
  facet normal -0.513974 0.857806 0
    outer loop
      vertex 80.7132 52.9787 1.21
      vertex 80.8584 53.0657 0
      vertex 80.7132 52.9787 0
    endloop
  endfacet
  facet normal -0.146549 0.989203 0
    outer loop
      vertex 80.2365 52.8081 0
      vertex 80.0691 52.7833 1.21
      vertex 80.2365 52.8081 1.21
    endloop
  endfacet
  facet normal -0.146549 0.989203 0
    outer loop
      vertex 80.0691 52.7833 1.21
      vertex 80.2365 52.8081 0
      vertex 80.0691 52.7833 0
    endloop
  endfacet
  facet normal -0.596117 0.802897 0
    outer loop
      vertex 80.9943 53.1666 0
      vertex 80.8584 53.0657 1.21
      vertex 80.9943 53.1666 1.21
    endloop
  endfacet
  facet normal -0.596117 0.802897 0
    outer loop
      vertex 80.8584 53.0657 1.21
      vertex 80.9943 53.1666 0
      vertex 80.8584 53.0657 0
    endloop
  endfacet
  facet normal 0.969934 -0.243369 0
    outer loop
      vertex 78.2081 54.8365 1.21
      vertex 78.2493 55.0007 0
      vertex 78.2493 55.0007 1.21
    endloop
  endfacet
  facet normal 0.969934 -0.243369 0
    outer loop
      vertex 78.2493 55.0007 0
      vertex 78.2081 54.8365 1.21
      vertex 78.2081 54.8365 0
    endloop
  endfacet
  facet normal 0.336711 0.941608 -0
    outer loop
      vertex 79.3993 52.8493 0
      vertex 79.2399 52.9063 1.21
      vertex 79.3993 52.8493 1.21
    endloop
  endfacet
  facet normal 0.336711 0.941608 0
    outer loop
      vertex 79.2399 52.9063 1.21
      vertex 79.3993 52.8493 0
      vertex 79.2399 52.9063 0
    endloop
  endfacet
  facet normal -0.802897 -0.596117 0
    outer loop
      vertex 81.3343 55.4584 0
      vertex 81.2334 55.5943 1.21
      vertex 81.2334 55.5943 0
    endloop
  endfacet
  facet normal -0.802897 -0.596117 0
    outer loop
      vertex 81.2334 55.5943 1.21
      vertex 81.3343 55.4584 0
      vertex 81.3343 55.4584 1.21
    endloop
  endfacet
  facet normal 0.671083 0.741382 -0
    outer loop
      vertex 78.8057 53.1666 0
      vertex 78.6802 53.2802 1.21
      vertex 78.8057 53.1666 1.21
    endloop
  endfacet
  facet normal 0.671083 0.741382 0
    outer loop
      vertex 78.6802 53.2802 1.21
      vertex 78.8057 53.1666 0
      vertex 78.6802 53.2802 0
    endloop
  endfacet
  facet normal -0.427502 -0.904014 0
    outer loop
      vertex 80.5601 56.0937 0
      vertex 80.7132 56.0213 1.21
      vertex 80.5601 56.0937 1.21
    endloop
  endfacet
  facet normal -0.427502 -0.904014 -0
    outer loop
      vertex 80.7132 56.0213 1.21
      vertex 80.5601 56.0937 0
      vertex 80.7132 56.0213 0
    endloop
  endfacet
  facet normal -0.802897 0.596117 0
    outer loop
      vertex 81.2334 53.4057 0
      vertex 81.3343 53.5416 1.21
      vertex 81.3343 53.5416 0
    endloop
  endfacet
  facet normal -0.802897 0.596117 0
    outer loop
      vertex 81.3343 53.5416 1.21
      vertex 81.2334 53.4057 0
      vertex 81.2334 53.4057 1.21
    endloop
  endfacet
  facet normal -0.243369 -0.969934 0
    outer loop
      vertex 80.2365 56.1919 0
      vertex 80.4007 56.1507 1.21
      vertex 80.2365 56.1919 1.21
    endloop
  endfacet
  facet normal -0.243369 -0.969934 -0
    outer loop
      vertex 80.4007 56.1507 1.21
      vertex 80.2365 56.1919 0
      vertex 80.4007 56.1507 0
    endloop
  endfacet
  facet normal 0.941608 0.336711 0
    outer loop
      vertex 78.3063 53.8399 1.21
      vertex 78.2493 53.9993 0
      vertex 78.2493 53.9993 1.21
    endloop
  endfacet
  facet normal 0.941608 0.336711 0
    outer loop
      vertex 78.2493 53.9993 0
      vertex 78.3063 53.8399 1.21
      vertex 78.3063 53.8399 0
    endloop
  endfacet
  facet normal -0.671083 -0.741382 0
    outer loop
      vertex 80.9943 55.8334 0
      vertex 81.1198 55.7198 1.21
      vertex 80.9943 55.8334 1.21
    endloop
  endfacet
  facet normal -0.671083 -0.741382 -0
    outer loop
      vertex 81.1198 55.7198 1.21
      vertex 80.9943 55.8334 0
      vertex 81.1198 55.7198 0
    endloop
  endfacet
  facet normal 0.336711 -0.941608 0
    outer loop
      vertex 79.2399 56.0937 0
      vertex 79.3993 56.1507 1.21
      vertex 79.2399 56.0937 1.21
    endloop
  endfacet
  facet normal 0.336711 -0.941608 0
    outer loop
      vertex 79.3993 56.1507 1.21
      vertex 79.2399 56.0937 0
      vertex 79.3993 56.1507 0
    endloop
  endfacet
  facet normal 0.671083 -0.741382 0
    outer loop
      vertex 78.6802 55.7198 0
      vertex 78.8057 55.8334 1.21
      vertex 78.6802 55.7198 1.21
    endloop
  endfacet
  facet normal 0.671083 -0.741382 0
    outer loop
      vertex 78.8057 55.8334 1.21
      vertex 78.6802 55.7198 0
      vertex 78.8057 55.8334 0
    endloop
  endfacet
  facet normal -0.596117 -0.802897 0
    outer loop
      vertex 80.8584 55.9343 0
      vertex 80.9943 55.8334 1.21
      vertex 80.8584 55.9343 1.21
    endloop
  endfacet
  facet normal -0.596117 -0.802897 -0
    outer loop
      vertex 80.9943 55.8334 1.21
      vertex 80.8584 55.9343 0
      vertex 80.9943 55.8334 0
    endloop
  endfacet
  facet normal -0.857806 0.513974 0
    outer loop
      vertex 81.3343 53.5416 0
      vertex 81.4213 53.6868 1.21
      vertex 81.4213 53.6868 0
    endloop
  endfacet
  facet normal -0.857806 0.513974 0
    outer loop
      vertex 81.4213 53.6868 1.21
      vertex 81.3343 53.5416 0
      vertex 81.3343 53.5416 1.21
    endloop
  endfacet
  facet normal 0.857806 0.513974 0
    outer loop
      vertex 78.4657 53.5416 1.21
      vertex 78.3787 53.6868 0
      vertex 78.3787 53.6868 1.21
    endloop
  endfacet
  facet normal 0.857806 0.513974 0
    outer loop
      vertex 78.3787 53.6868 0
      vertex 78.4657 53.5416 1.21
      vertex 78.4657 53.5416 0
    endloop
  endfacet
  facet normal 0.989203 0.146549 0
    outer loop
      vertex 78.2081 54.1635 1.21
      vertex 78.1833 54.3309 0
      vertex 78.1833 54.3309 1.21
    endloop
  endfacet
  facet normal 0.989203 0.146549 0
    outer loop
      vertex 78.1833 54.3309 0
      vertex 78.2081 54.1635 1.21
      vertex 78.2081 54.1635 0
    endloop
  endfacet
  facet normal 0.857806 -0.513974 0
    outer loop
      vertex 78.3787 55.3132 1.21
      vertex 78.4657 55.4584 0
      vertex 78.4657 55.4584 1.21
    endloop
  endfacet
  facet normal 0.857806 -0.513974 0
    outer loop
      vertex 78.4657 55.4584 0
      vertex 78.3787 55.3132 1.21
      vertex 78.3787 55.3132 0
    endloop
  endfacet
  facet normal 0.513974 -0.857806 0
    outer loop
      vertex 78.9416 55.9343 0
      vertex 79.0868 56.0213 1.21
      vertex 78.9416 55.9343 1.21
    endloop
  endfacet
  facet normal 0.513974 -0.857806 0
    outer loop
      vertex 79.0868 56.0213 1.21
      vertex 78.9416 55.9343 0
      vertex 79.0868 56.0213 0
    endloop
  endfacet
  facet normal 0.0490244 0.998798 -0
    outer loop
      vertex 79.9 52.775 0
      vertex 79.7309 52.7833 1.21
      vertex 79.9 52.775 1.21
    endloop
  endfacet
  facet normal 0.0490244 0.998798 0
    outer loop
      vertex 79.7309 52.7833 1.21
      vertex 79.9 52.775 0
      vertex 79.7309 52.7833 0
    endloop
  endfacet
  facet normal -0.741382 -0.671083 0
    outer loop
      vertex 81.2334 55.5943 0
      vertex 81.1198 55.7198 1.21
      vertex 81.1198 55.7198 0
    endloop
  endfacet
  facet normal -0.741382 -0.671083 0
    outer loop
      vertex 81.1198 55.7198 1.21
      vertex 81.2334 55.5943 0
      vertex 81.2334 55.5943 1.21
    endloop
  endfacet
  facet normal -0.904014 0.427502 0
    outer loop
      vertex 81.4213 53.6868 0
      vertex 81.4937 53.8399 1.21
      vertex 81.4937 53.8399 0
    endloop
  endfacet
  facet normal -0.904014 0.427502 0
    outer loop
      vertex 81.4937 53.8399 1.21
      vertex 81.4213 53.6868 0
      vertex 81.4213 53.6868 1.21
    endloop
  endfacet
  facet normal -0.427502 0.904014 0
    outer loop
      vertex 80.7132 52.9787 0
      vertex 80.5601 52.9063 1.21
      vertex 80.7132 52.9787 1.21
    endloop
  endfacet
  facet normal -0.427502 0.904014 0
    outer loop
      vertex 80.5601 52.9063 1.21
      vertex 80.7132 52.9787 0
      vertex 80.5601 52.9063 0
    endloop
  endfacet
  facet normal 0 0 -1
    outer loop
      vertex 81.6167 54.3309 1.21
      vertex 81.6167 54.6691 1.21
      vertex 81.625 54.5 1.21
    endloop
  endfacet
  facet normal 0 0 -1
    outer loop
      vertex 81.5919 54.1635 1.21
      vertex 81.6167 54.6691 1.21
      vertex 81.6167 54.3309 1.21
    endloop
  endfacet
  facet normal 0 0 -1
    outer loop
      vertex 81.5919 54.1635 1.21
      vertex 81.5919 54.8365 1.21
      vertex 81.6167 54.6691 1.21
    endloop
  endfacet
  facet normal 0 0 -1
    outer loop
      vertex 81.5507 53.9993 1.21
      vertex 81.5919 54.8365 1.21
      vertex 81.5919 54.1635 1.21
    endloop
  endfacet
  facet normal 0 0 -1
    outer loop
      vertex 81.5507 53.9993 1.21
      vertex 81.5507 55.0007 1.21
      vertex 81.5919 54.8365 1.21
    endloop
  endfacet
  facet normal 0 0 -1
    outer loop
      vertex 81.4937 53.8399 1.21
      vertex 81.5507 55.0007 1.21
      vertex 81.5507 53.9993 1.21
    endloop
  endfacet
  facet normal 0 0 -1
    outer loop
      vertex 81.4937 53.8399 1.21
      vertex 81.4937 55.1601 1.21
      vertex 81.5507 55.0007 1.21
    endloop
  endfacet
  facet normal 0 0 -1
    outer loop
      vertex 81.4213 53.6868 1.21
      vertex 81.4937 55.1601 1.21
      vertex 81.4937 53.8399 1.21
    endloop
  endfacet
  facet normal 0 0 -1
    outer loop
      vertex 81.4213 53.6868 1.21
      vertex 81.4213 55.3132 1.21
      vertex 81.4937 55.1601 1.21
    endloop
  endfacet
  facet normal 0 0 -1
    outer loop
      vertex 81.3343 53.5416 1.21
      vertex 81.4213 55.3132 1.21
      vertex 81.4213 53.6868 1.21
    endloop
  endfacet
  facet normal 0 0 -1
    outer loop
      vertex 81.3343 53.5416 1.21
      vertex 81.3343 55.4584 1.21
      vertex 81.4213 55.3132 1.21
    endloop
  endfacet
  facet normal 0 0 -1
    outer loop
      vertex 81.2334 53.4057 1.21
      vertex 81.3343 55.4584 1.21
      vertex 81.3343 53.5416 1.21
    endloop
  endfacet
  facet normal 0 0 -1
    outer loop
      vertex 81.2334 53.4057 1.21
      vertex 81.2334 55.5943 1.21
      vertex 81.3343 55.4584 1.21
    endloop
  endfacet
  facet normal 0 0 -1
    outer loop
      vertex 81.1198 53.2802 1.21
      vertex 81.2334 55.5943 1.21
      vertex 81.2334 53.4057 1.21
    endloop
  endfacet
  facet normal 0 0 -1
    outer loop
      vertex 81.1198 53.2802 1.21
      vertex 81.1198 55.7198 1.21
      vertex 81.2334 55.5943 1.21
    endloop
  endfacet
  facet normal 0 0 -1
    outer loop
      vertex 80.9943 53.1666 1.21
      vertex 81.1198 55.7198 1.21
      vertex 81.1198 53.2802 1.21
    endloop
  endfacet
  facet normal 0 0 -1
    outer loop
      vertex 80.9943 53.1666 1.21
      vertex 80.9943 55.8334 1.21
      vertex 81.1198 55.7198 1.21
    endloop
  endfacet
  facet normal 0 0 -1
    outer loop
      vertex 80.8584 53.0657 1.21
      vertex 80.9943 55.8334 1.21
      vertex 80.9943 53.1666 1.21
    endloop
  endfacet
  facet normal 0 0 -1
    outer loop
      vertex 80.8584 53.0657 1.21
      vertex 80.8584 55.9343 1.21
      vertex 80.9943 55.8334 1.21
    endloop
  endfacet
  facet normal 0 0 -1
    outer loop
      vertex 80.7132 52.9787 1.21
      vertex 80.8584 55.9343 1.21
      vertex 80.8584 53.0657 1.21
    endloop
  endfacet
  facet normal 0 0 -1
    outer loop
      vertex 80.7132 52.9787 1.21
      vertex 80.7132 56.0213 1.21
      vertex 80.8584 55.9343 1.21
    endloop
  endfacet
  facet normal 0 0 -1
    outer loop
      vertex 80.5601 52.9063 1.21
      vertex 80.7132 56.0213 1.21
      vertex 80.7132 52.9787 1.21
    endloop
  endfacet
  facet normal 0 0 -1
    outer loop
      vertex 80.5601 52.9063 1.21
      vertex 80.5601 56.0937 1.21
      vertex 80.7132 56.0213 1.21
    endloop
  endfacet
  facet normal 0 0 -1
    outer loop
      vertex 80.4007 52.8493 1.21
      vertex 80.5601 56.0937 1.21
      vertex 80.5601 52.9063 1.21
    endloop
  endfacet
  facet normal 0 0 -1
    outer loop
      vertex 80.4007 52.8493 1.21
      vertex 80.4007 56.1507 1.21
      vertex 80.5601 56.0937 1.21
    endloop
  endfacet
  facet normal 0 0 -1
    outer loop
      vertex 80.2365 52.8081 1.21
      vertex 80.4007 56.1507 1.21
      vertex 80.4007 52.8493 1.21
    endloop
  endfacet
  facet normal 0 0 -1
    outer loop
      vertex 80.2365 52.8081 1.21
      vertex 80.2365 56.1919 1.21
      vertex 80.4007 56.1507 1.21
    endloop
  endfacet
  facet normal 0 0 -1
    outer loop
      vertex 80.0691 52.7833 1.21
      vertex 80.2365 56.1919 1.21
      vertex 80.2365 52.8081 1.21
    endloop
  endfacet
  facet normal 0 0 -1
    outer loop
      vertex 80.0691 52.7833 1.21
      vertex 80.0691 56.2167 1.21
      vertex 80.2365 56.1919 1.21
    endloop
  endfacet
  facet normal 0 0 -1
    outer loop
      vertex 79.9 52.775 1.21
      vertex 80.0691 56.2167 1.21
      vertex 80.0691 52.7833 1.21
    endloop
  endfacet
  facet normal 0 0 -1
    outer loop
      vertex 79.9 52.775 1.21
      vertex 79.9 56.225 1.21
      vertex 80.0691 56.2167 1.21
    endloop
  endfacet
  facet normal 0 0 -1
    outer loop
      vertex 79.7309 52.7833 1.21
      vertex 79.9 56.225 1.21
      vertex 79.9 52.775 1.21
    endloop
  endfacet
  facet normal 0 0 -1
    outer loop
      vertex 79.7309 52.7833 1.21
      vertex 79.7309 56.2167 1.21
      vertex 79.9 56.225 1.21
    endloop
  endfacet
  facet normal 0 0 -1
    outer loop
      vertex 79.5635 52.8081 1.21
      vertex 79.7309 56.2167 1.21
      vertex 79.7309 52.7833 1.21
    endloop
  endfacet
  facet normal 0 0 -1
    outer loop
      vertex 79.5635 52.8081 1.21
      vertex 79.5635 56.1919 1.21
      vertex 79.7309 56.2167 1.21
    endloop
  endfacet
  facet normal 0 0 -1
    outer loop
      vertex 79.3993 52.8493 1.21
      vertex 79.5635 56.1919 1.21
      vertex 79.5635 52.8081 1.21
    endloop
  endfacet
  facet normal 0 0 -1
    outer loop
      vertex 79.3993 52.8493 1.21
      vertex 79.3993 56.1507 1.21
      vertex 79.5635 56.1919 1.21
    endloop
  endfacet
  facet normal 0 0 -1
    outer loop
      vertex 79.2399 52.9063 1.21
      vertex 79.3993 56.1507 1.21
      vertex 79.3993 52.8493 1.21
    endloop
  endfacet
  facet normal 0 0 -1
    outer loop
      vertex 79.2399 52.9063 1.21
      vertex 79.2399 56.0937 1.21
      vertex 79.3993 56.1507 1.21
    endloop
  endfacet
  facet normal 0 0 -1
    outer loop
      vertex 79.0868 52.9787 1.21
      vertex 79.2399 56.0937 1.21
      vertex 79.2399 52.9063 1.21
    endloop
  endfacet
  facet normal 0 0 -1
    outer loop
      vertex 79.0868 52.9787 1.21
      vertex 79.0868 56.0213 1.21
      vertex 79.2399 56.0937 1.21
    endloop
  endfacet
  facet normal 0 0 -1
    outer loop
      vertex 78.9416 53.0657 1.21
      vertex 79.0868 56.0213 1.21
      vertex 79.0868 52.9787 1.21
    endloop
  endfacet
  facet normal 0 0 -1
    outer loop
      vertex 78.9416 53.0657 1.21
      vertex 78.9416 55.9343 1.21
      vertex 79.0868 56.0213 1.21
    endloop
  endfacet
  facet normal 0 0 -1
    outer loop
      vertex 78.8057 53.1666 1.21
      vertex 78.9416 55.9343 1.21
      vertex 78.9416 53.0657 1.21
    endloop
  endfacet
  facet normal 0 0 -1
    outer loop
      vertex 78.8057 53.1666 1.21
      vertex 78.8057 55.8334 1.21
      vertex 78.9416 55.9343 1.21
    endloop
  endfacet
  facet normal 0 0 -1
    outer loop
      vertex 78.6802 53.2802 1.21
      vertex 78.8057 55.8334 1.21
      vertex 78.8057 53.1666 1.21
    endloop
  endfacet
  facet normal 0 0 -1
    outer loop
      vertex 78.6802 53.2802 1.21
      vertex 78.6802 55.7198 1.21
      vertex 78.8057 55.8334 1.21
    endloop
  endfacet
  facet normal 0 0 -1
    outer loop
      vertex 78.5666 53.4057 1.21
      vertex 78.6802 55.7198 1.21
      vertex 78.6802 53.2802 1.21
    endloop
  endfacet
  facet normal 0 0 -1
    outer loop
      vertex 78.5666 53.4057 1.21
      vertex 78.5666 55.5943 1.21
      vertex 78.6802 55.7198 1.21
    endloop
  endfacet
  facet normal 0 0 -1
    outer loop
      vertex 78.4657 53.5416 1.21
      vertex 78.5666 55.5943 1.21
      vertex 78.5666 53.4057 1.21
    endloop
  endfacet
  facet normal 0 0 -1
    outer loop
      vertex 78.4657 53.5416 1.21
      vertex 78.4657 55.4584 1.21
      vertex 78.5666 55.5943 1.21
    endloop
  endfacet
  facet normal 0 0 -1
    outer loop
      vertex 78.3787 53.6868 1.21
      vertex 78.4657 55.4584 1.21
      vertex 78.4657 53.5416 1.21
    endloop
  endfacet
  facet normal 0 0 -1
    outer loop
      vertex 78.3787 53.6868 1.21
      vertex 78.3787 55.3132 1.21
      vertex 78.4657 55.4584 1.21
    endloop
  endfacet
  facet normal 0 0 -1
    outer loop
      vertex 78.3063 53.8399 1.21
      vertex 78.3787 55.3132 1.21
      vertex 78.3787 53.6868 1.21
    endloop
  endfacet
  facet normal 0 0 -1
    outer loop
      vertex 78.3063 53.8399 1.21
      vertex 78.3063 55.1601 1.21
      vertex 78.3787 55.3132 1.21
    endloop
  endfacet
  facet normal 0 0 -1
    outer loop
      vertex 78.2493 53.9993 1.21
      vertex 78.3063 55.1601 1.21
      vertex 78.3063 53.8399 1.21
    endloop
  endfacet
  facet normal 0 0 -1
    outer loop
      vertex 78.2493 53.9993 1.21
      vertex 78.2493 55.0007 1.21
      vertex 78.3063 55.1601 1.21
    endloop
  endfacet
  facet normal 0 0 -1
    outer loop
      vertex 78.2081 54.1635 1.21
      vertex 78.2493 55.0007 1.21
      vertex 78.2493 53.9993 1.21
    endloop
  endfacet
  facet normal 0 0 -1
    outer loop
      vertex 78.2081 54.1635 1.21
      vertex 78.2081 54.8365 1.21
      vertex 78.2493 55.0007 1.21
    endloop
  endfacet
  facet normal 0 0 -1
    outer loop
      vertex 78.1833 54.3309 1.21
      vertex 78.2081 54.8365 1.21
      vertex 78.2081 54.1635 1.21
    endloop
  endfacet
  facet normal 0 0 -1
    outer loop
      vertex 78.1833 54.3309 1.21
      vertex 78.1833 54.6691 1.21
      vertex 78.2081 54.8365 1.21
    endloop
  endfacet
  facet normal 0 -0 -1
    outer loop
      vertex 78.1833 54.6691 1.21
      vertex 78.1833 54.3309 1.21
      vertex 78.175 54.5 1.21
    endloop
  endfacet
  facet normal 0.802897 -0.596117 0
    outer loop
      vertex 78.4657 55.4584 1.21
      vertex 78.5666 55.5943 0
      vertex 78.5666 55.5943 1.21
    endloop
  endfacet
  facet normal 0.802897 -0.596117 0
    outer loop
      vertex 78.5666 55.5943 0
      vertex 78.4657 55.4584 1.21
      vertex 78.4657 55.4584 0
    endloop
  endfacet
  facet normal -0.989203 0.146549 0
    outer loop
      vertex 81.5919 54.1635 0
      vertex 81.6167 54.3309 1.21
      vertex 81.6167 54.3309 0
    endloop
  endfacet
  facet normal -0.989203 0.146549 0
    outer loop
      vertex 81.6167 54.3309 1.21
      vertex 81.5919 54.1635 0
      vertex 81.5919 54.1635 1.21
    endloop
  endfacet
  facet normal 0.146549 -0.989203 0
    outer loop
      vertex 79.5635 56.1919 0
      vertex 79.7309 56.2167 1.21
      vertex 79.5635 56.1919 1.21
    endloop
  endfacet
  facet normal 0.146549 -0.989203 0
    outer loop
      vertex 79.7309 56.2167 1.21
      vertex 79.5635 56.1919 0
      vertex 79.7309 56.2167 0
    endloop
  endfacet
  facet normal 0.427502 -0.904014 0
    outer loop
      vertex 79.0868 56.0213 0
      vertex 79.2399 56.0937 1.21
      vertex 79.0868 56.0213 1.21
    endloop
  endfacet
  facet normal 0.427502 -0.904014 0
    outer loop
      vertex 79.2399 56.0937 1.21
      vertex 79.0868 56.0213 0
      vertex 79.2399 56.0937 0
    endloop
  endfacet
  facet normal -0.741382 0.671083 0
    outer loop
      vertex 81.1198 53.2802 0
      vertex 81.2334 53.4057 1.21
      vertex 81.2334 53.4057 0
    endloop
  endfacet
  facet normal -0.741382 0.671083 0
    outer loop
      vertex 81.2334 53.4057 1.21
      vertex 81.1198 53.2802 0
      vertex 81.1198 53.2802 1.21
    endloop
  endfacet
  facet normal -0.857806 -0.513974 0
    outer loop
      vertex 81.4213 55.3132 0
      vertex 81.3343 55.4584 1.21
      vertex 81.3343 55.4584 0
    endloop
  endfacet
  facet normal -0.857806 -0.513974 0
    outer loop
      vertex 81.3343 55.4584 1.21
      vertex 81.4213 55.3132 0
      vertex 81.4213 55.3132 1.21
    endloop
  endfacet
  facet normal 0.904014 -0.427502 0
    outer loop
      vertex 78.3063 55.1601 1.21
      vertex 78.3787 55.3132 0
      vertex 78.3787 55.3132 1.21
    endloop
  endfacet
  facet normal 0.904014 -0.427502 0
    outer loop
      vertex 78.3787 55.3132 0
      vertex 78.3063 55.1601 1.21
      vertex 78.3063 55.1601 0
    endloop
  endfacet
  facet normal 0.427502 0.904014 -0
    outer loop
      vertex 79.2399 52.9063 0
      vertex 79.0868 52.9787 1.21
      vertex 79.2399 52.9063 1.21
    endloop
  endfacet
  facet normal 0.427502 0.904014 0
    outer loop
      vertex 79.0868 52.9787 1.21
      vertex 79.2399 52.9063 0
      vertex 79.0868 52.9787 0
    endloop
  endfacet
  facet normal 0.243369 0.969934 -0
    outer loop
      vertex 79.5635 52.8081 0
      vertex 79.3993 52.8493 1.21
      vertex 79.5635 52.8081 1.21
    endloop
  endfacet
  facet normal 0.243369 0.969934 0
    outer loop
      vertex 79.3993 52.8493 1.21
      vertex 79.5635 52.8081 0
      vertex 79.3993 52.8493 0
    endloop
  endfacet
  facet normal 0.741382 -0.671083 0
    outer loop
      vertex 78.5666 55.5943 1.21
      vertex 78.6802 55.7198 0
      vertex 78.6802 55.7198 1.21
    endloop
  endfacet
  facet normal 0.741382 -0.671083 0
    outer loop
      vertex 78.6802 55.7198 0
      vertex 78.5666 55.5943 1.21
      vertex 78.5666 55.5943 0
    endloop
  endfacet
  facet normal -0.146549 -0.989203 0
    outer loop
      vertex 80.0691 56.2167 0
      vertex 80.2365 56.1919 1.21
      vertex 80.0691 56.2167 1.21
    endloop
  endfacet
  facet normal -0.146549 -0.989203 -0
    outer loop
      vertex 80.2365 56.1919 1.21
      vertex 80.0691 56.2167 0
      vertex 80.2365 56.1919 0
    endloop
  endfacet
  facet normal 0.741382 0.671083 0
    outer loop
      vertex 78.6802 53.2802 1.21
      vertex 78.5666 53.4057 0
      vertex 78.5666 53.4057 1.21
    endloop
  endfacet
  facet normal 0.741382 0.671083 0
    outer loop
      vertex 78.5666 53.4057 0
      vertex 78.6802 53.2802 1.21
      vertex 78.6802 53.2802 0
    endloop
  endfacet
  facet normal 0.989203 -0.146549 0
    outer loop
      vertex 78.1833 54.6691 1.21
      vertex 78.2081 54.8365 0
      vertex 78.2081 54.8365 1.21
    endloop
  endfacet
  facet normal 0.989203 -0.146549 0
    outer loop
      vertex 78.2081 54.8365 0
      vertex 78.1833 54.6691 1.21
      vertex 78.1833 54.6691 0
    endloop
  endfacet
  facet normal 0.513974 0.857806 -0
    outer loop
      vertex 79.0868 52.9787 0
      vertex 78.9416 53.0657 1.21
      vertex 79.0868 52.9787 1.21
    endloop
  endfacet
  facet normal 0.513974 0.857806 0
    outer loop
      vertex 78.9416 53.0657 1.21
      vertex 79.0868 52.9787 0
      vertex 78.9416 53.0657 0
    endloop
  endfacet
  facet normal -0.0490244 0.998798 0
    outer loop
      vertex 80.0691 52.7833 0
      vertex 79.9 52.775 1.21
      vertex 80.0691 52.7833 1.21
    endloop
  endfacet
  facet normal -0.0490244 0.998798 0
    outer loop
      vertex 79.9 52.775 1.21
      vertex 80.0691 52.7833 0
      vertex 79.9 52.775 0
    endloop
  endfacet
  facet normal 0.0490244 -0.998798 0
    outer loop
      vertex 79.7309 56.2167 0
      vertex 79.9 56.225 1.21
      vertex 79.7309 56.2167 1.21
    endloop
  endfacet
  facet normal 0.0490244 -0.998798 0
    outer loop
      vertex 79.9 56.225 1.21
      vertex 79.7309 56.2167 0
      vertex 79.9 56.225 0
    endloop
  endfacet
  facet normal -0.0490244 -0.998798 0
    outer loop
      vertex 79.9 56.225 0
      vertex 80.0691 56.2167 1.21
      vertex 79.9 56.225 1.21
    endloop
  endfacet
  facet normal -0.0490244 -0.998798 -0
    outer loop
      vertex 80.0691 56.2167 1.21
      vertex 79.9 56.225 0
      vertex 80.0691 56.2167 0
    endloop
  endfacet
  facet normal 0.969934 0.243369 0
    outer loop
      vertex 78.2493 53.9993 1.21
      vertex 78.2081 54.1635 0
      vertex 78.2081 54.1635 1.21
    endloop
  endfacet
  facet normal 0.969934 0.243369 0
    outer loop
      vertex 78.2081 54.1635 0
      vertex 78.2493 53.9993 1.21
      vertex 78.2493 53.9993 0
    endloop
  endfacet
  facet normal 0.941608 -0.336711 0
    outer loop
      vertex 78.2493 55.0007 1.21
      vertex 78.3063 55.1601 0
      vertex 78.3063 55.1601 1.21
    endloop
  endfacet
  facet normal 0.941608 -0.336711 0
    outer loop
      vertex 78.3063 55.1601 0
      vertex 78.2493 55.0007 1.21
      vertex 78.2493 55.0007 0
    endloop
  endfacet
  facet normal -0.336711 0.941608 0
    outer loop
      vertex 80.5601 52.9063 0
      vertex 80.4007 52.8493 1.21
      vertex 80.5601 52.9063 1.21
    endloop
  endfacet
  facet normal -0.336711 0.941608 0
    outer loop
      vertex 80.4007 52.8493 1.21
      vertex 80.5601 52.9063 0
      vertex 80.4007 52.8493 0
    endloop
  endfacet
  facet normal -0.941608 0.336711 0
    outer loop
      vertex 81.4937 53.8399 0
      vertex 81.5507 53.9993 1.21
      vertex 81.5507 53.9993 0
    endloop
  endfacet
  facet normal -0.941608 0.336711 0
    outer loop
      vertex 81.5507 53.9993 1.21
      vertex 81.4937 53.8399 0
      vertex 81.4937 53.8399 1.21
    endloop
  endfacet
  facet normal -0.243369 0.969934 0
    outer loop
      vertex 80.4007 52.8493 0
      vertex 80.2365 52.8081 1.21
      vertex 80.4007 52.8493 1.21
    endloop
  endfacet
  facet normal -0.243369 0.969934 0
    outer loop
      vertex 80.2365 52.8081 1.21
      vertex 80.4007 52.8493 0
      vertex 80.2365 52.8081 0
    endloop
  endfacet
  facet normal 0.998798 -0.0490244 0
    outer loop
      vertex 78.175 54.5 1.21
      vertex 78.1833 54.6691 0
      vertex 78.1833 54.6691 1.21
    endloop
  endfacet
  facet normal 0.998798 -0.0490244 0
    outer loop
      vertex 78.1833 54.6691 0
      vertex 78.175 54.5 1.21
      vertex 78.175 54.5 0
    endloop
  endfacet
  facet normal 0.998798 0.0490244 0
    outer loop
      vertex 78.1833 54.3309 1.21
      vertex 78.175 54.5 0
      vertex 78.175 54.5 1.21
    endloop
  endfacet
  facet normal 0.998798 0.0490244 0
    outer loop
      vertex 78.175 54.5 0
      vertex 78.1833 54.3309 1.21
      vertex 78.1833 54.3309 0
    endloop
  endfacet
  facet normal 0.596117 0.802897 -0
    outer loop
      vertex 78.9416 53.0657 0
      vertex 78.8057 53.1666 1.21
      vertex 78.9416 53.0657 1.21
    endloop
  endfacet
  facet normal 0.596117 0.802897 0
    outer loop
      vertex 78.8057 53.1666 1.21
      vertex 78.9416 53.0657 0
      vertex 78.8057 53.1666 0
    endloop
  endfacet
  facet normal 1 -0 0
    outer loop
      vertex 88.9 -63.5 3
      vertex 88.9 63.5 0
      vertex 88.9 63.5 3
    endloop
  endfacet
  facet normal 1 0 0
    outer loop
      vertex 88.9 63.5 0
      vertex 88.9 -63.5 3
      vertex 88.9 -63.5 0
    endloop
  endfacet
  facet normal 0 0 1
    outer loop
      vertex 73.2 -50.8 3
      vertex 3.98074 -56.1079 3
      vertex 4 -56.5 3
    endloop
  endfacet
  facet normal 0 0 1
    outer loop
      vertex 73.2 -50.8 3
      vertex 3.92314 -55.7196 3
      vertex 3.98074 -56.1079 3
    endloop
  endfacet
  facet normal 0 0 1
    outer loop
      vertex 73.2 -50.8 3
      vertex 3.82776 -55.3389 3
      vertex 3.92314 -55.7196 3
    endloop
  endfacet
  facet normal 0 0 1
    outer loop
      vertex 73.2 -50.8 3
      vertex 3.69552 -54.9693 3
      vertex 3.82776 -55.3389 3
    endloop
  endfacet
  facet normal 0 0 1
    outer loop
      vertex 73.2 -50.8 3
      vertex 3.52768 -54.6144 3
      vertex 3.69552 -54.9693 3
    endloop
  endfacet
  facet normal 0 0 1
    outer loop
      vertex 73.2 -50.8 3
      vertex 3.32588 -54.2777 3
      vertex 3.52768 -54.6144 3
    endloop
  endfacet
  facet normal 0 0 1
    outer loop
      vertex 73.2 -50.8 3
      vertex 3.09204 -53.9624 3
      vertex 3.32588 -54.2777 3
    endloop
  endfacet
  facet normal 0 0 1
    outer loop
      vertex 73.2 -50.8 3
      vertex 2.82843 -53.6716 3
      vertex 3.09204 -53.9624 3
    endloop
  endfacet
  facet normal 0 0 1
    outer loop
      vertex 73.2 -50.8 3
      vertex 2.53757 -53.408 3
      vertex 2.82843 -53.6716 3
    endloop
  endfacet
  facet normal 0 0 1
    outer loop
      vertex 73.2 -50.8 3
      vertex 2.22228 -53.1741 3
      vertex 2.53757 -53.408 3
    endloop
  endfacet
  facet normal 0 0 1
    outer loop
      vertex 73.2 -50.8 3
      vertex 1.88559 -52.9723 3
      vertex 2.22228 -53.1741 3
    endloop
  endfacet
  facet normal 0 0 1
    outer loop
      vertex 73.2 -50.8 3
      vertex 1.53073 -52.8045 3
      vertex 1.88559 -52.9723 3
    endloop
  endfacet
  facet normal 0 0 1
    outer loop
      vertex 73.2 -50.8 3
      vertex 1.16114 -52.6722 3
      vertex 1.53073 -52.8045 3
    endloop
  endfacet
  facet normal 0 0 1
    outer loop
      vertex 73.2 -50.8 3
      vertex 0.780361 -52.5769 3
      vertex 1.16114 -52.6722 3
    endloop
  endfacet
  facet normal 0 0 1
    outer loop
      vertex 73.2 -50.8 3
      vertex 0.392068 -52.5193 3
      vertex 0.780361 -52.5769 3
    endloop
  endfacet
  facet normal 0 0 1
    outer loop
      vertex 73.2 -50.8 3
      vertex 0 -52.5 3
      vertex 0.392068 -52.5193 3
    endloop
  endfacet
  facet normal 0 0 1
    outer loop
      vertex -3.98074 -56.1079 3
      vertex -73.2 -50.8 3
      vertex -4 -56.5 3
    endloop
  endfacet
  facet normal 0 0 1
    outer loop
      vertex -3.92314 -55.7196 3
      vertex -73.2 -50.8 3
      vertex -3.98074 -56.1079 3
    endloop
  endfacet
  facet normal 0 0 1
    outer loop
      vertex -3.82776 -55.3389 3
      vertex -73.2 -50.8 3
      vertex -3.92314 -55.7196 3
    endloop
  endfacet
  facet normal 0 0 1
    outer loop
      vertex -3.69552 -54.9693 3
      vertex -73.2 -50.8 3
      vertex -3.82776 -55.3389 3
    endloop
  endfacet
  facet normal 0 0 1
    outer loop
      vertex -3.52768 -54.6144 3
      vertex -73.2 -50.8 3
      vertex -3.69552 -54.9693 3
    endloop
  endfacet
  facet normal 0 0 1
    outer loop
      vertex -3.32588 -54.2777 3
      vertex -73.2 -50.8 3
      vertex -3.52768 -54.6144 3
    endloop
  endfacet
  facet normal 0 0 1
    outer loop
      vertex -3.09204 -53.9624 3
      vertex -73.2 -50.8 3
      vertex -3.32588 -54.2777 3
    endloop
  endfacet
  facet normal 0 0 1
    outer loop
      vertex -2.82843 -53.6716 3
      vertex -73.2 -50.8 3
      vertex -3.09204 -53.9624 3
    endloop
  endfacet
  facet normal 0 0 1
    outer loop
      vertex -2.53757 -53.408 3
      vertex -73.2 -50.8 3
      vertex -2.82843 -53.6716 3
    endloop
  endfacet
  facet normal 0 0 1
    outer loop
      vertex -2.22228 -53.1741 3
      vertex -73.2 -50.8 3
      vertex -2.53757 -53.408 3
    endloop
  endfacet
  facet normal 0 0 1
    outer loop
      vertex -1.88559 -52.9723 3
      vertex -73.2 -50.8 3
      vertex -2.22228 -53.1741 3
    endloop
  endfacet
  facet normal 0 0 1
    outer loop
      vertex -1.53073 -52.8045 3
      vertex -73.2 -50.8 3
      vertex -1.88559 -52.9723 3
    endloop
  endfacet
  facet normal 0 0 1
    outer loop
      vertex -1.16114 -52.6722 3
      vertex -73.2 -50.8 3
      vertex -1.53073 -52.8045 3
    endloop
  endfacet
  facet normal 0 0 1
    outer loop
      vertex -0.780361 -52.5769 3
      vertex -73.2 -50.8 3
      vertex -1.16114 -52.6722 3
    endloop
  endfacet
  facet normal 0 0 1
    outer loop
      vertex -0.392068 -52.5193 3
      vertex -73.2 -50.8 3
      vertex -0.780361 -52.5769 3
    endloop
  endfacet
  facet normal 0 0 1
    outer loop
      vertex 0 -52.5 3
      vertex -73.2 -50.8 3
      vertex -0.392068 -52.5193 3
    endloop
  endfacet
  facet normal -0 0 1
    outer loop
      vertex -73.2 -50.8 3
      vertex 0 -52.5 3
      vertex 73.2 -50.8 3
    endloop
  endfacet
  facet normal 0 0 1
    outer loop
      vertex 88.9 63.5 3
      vertex 76.2 47.8 3
      vertex 88.9 -63.5 3
    endloop
  endfacet
  facet normal 0 0 1
    outer loop
      vertex 88.9 63.5 3
      vertex 76.1856 48.0941 3
      vertex 76.2 47.8 3
    endloop
  endfacet
  facet normal 0 0 1
    outer loop
      vertex 88.9 63.5 3
      vertex 76.1424 48.3853 3
      vertex 76.1856 48.0941 3
    endloop
  endfacet
  facet normal 0 0 1
    outer loop
      vertex 88.9 63.5 3
      vertex 76.0708 48.6709 3
      vertex 76.1424 48.3853 3
    endloop
  endfacet
  facet normal 0 0 1
    outer loop
      vertex 88.9 63.5 3
      vertex 75.9716 48.9481 3
      vertex 76.0708 48.6709 3
    endloop
  endfacet
  facet normal 0 0 1
    outer loop
      vertex 88.9 63.5 3
      vertex 75.8458 49.2142 3
      vertex 75.9716 48.9481 3
    endloop
  endfacet
  facet normal 0 0 1
    outer loop
      vertex 88.9 63.5 3
      vertex 75.6944 49.4667 3
      vertex 75.8458 49.2142 3
    endloop
  endfacet
  facet normal 0 0 1
    outer loop
      vertex 88.9 63.5 3
      vertex 75.519 49.7032 3
      vertex 75.6944 49.4667 3
    endloop
  endfacet
  facet normal 0 0 1
    outer loop
      vertex 88.9 63.5 3
      vertex 75.3213 49.9213 3
      vertex 75.519 49.7032 3
    endloop
  endfacet
  facet normal 0 0 1
    outer loop
      vertex 88.9 63.5 3
      vertex 75.1032 50.119 3
      vertex 75.3213 49.9213 3
    endloop
  endfacet
  facet normal 0 0 1
    outer loop
      vertex 88.9 63.5 3
      vertex 74.8667 50.2944 3
      vertex 75.1032 50.119 3
    endloop
  endfacet
  facet normal 0 0 1
    outer loop
      vertex 88.9 63.5 3
      vertex 74.6142 50.4458 3
      vertex 74.8667 50.2944 3
    endloop
  endfacet
  facet normal 0 0 1
    outer loop
      vertex 88.9 63.5 3
      vertex 74.3481 50.5716 3
      vertex 74.6142 50.4458 3
    endloop
  endfacet
  facet normal 0 0 1
    outer loop
      vertex 88.9 63.5 3
      vertex 74.0709 50.6708 3
      vertex 74.3481 50.5716 3
    endloop
  endfacet
  facet normal 0 0 1
    outer loop
      vertex 88.9 63.5 3
      vertex 73.7853 50.7424 3
      vertex 74.0709 50.6708 3
    endloop
  endfacet
  facet normal 0 0 1
    outer loop
      vertex 88.9 63.5 3
      vertex 73.494 50.7856 3
      vertex 73.7853 50.7424 3
    endloop
  endfacet
  facet normal 0 0 1
    outer loop
      vertex 88.9 63.5 3
      vertex 73.2 50.8 3
      vertex 73.494 50.7856 3
    endloop
  endfacet
  facet normal 0 0 1
    outer loop
      vertex 88.9 63.5 3
      vertex -73.2 50.8 3
      vertex 73.2 50.8 3
    endloop
  endfacet
  facet normal -0 0 1
    outer loop
      vertex -88.9 63.5 3
      vertex -73.2 50.8 3
      vertex 88.9 63.5 3
    endloop
  endfacet
  facet normal 0 0 1
    outer loop
      vertex -76.2 47.8 3
      vertex -77.9 0 3
      vertex -76.2 -47.8 3
    endloop
  endfacet
  facet normal 0 0 1
    outer loop
      vertex -76.2 47.8 3
      vertex -77.9193 0.392068 3
      vertex -77.9 0 3
    endloop
  endfacet
  facet normal 0 0 1
    outer loop
      vertex -76.2 47.8 3
      vertex -77.9769 0.780361 3
      vertex -77.9193 0.392068 3
    endloop
  endfacet
  facet normal 0 0 1
    outer loop
      vertex -76.2 47.8 3
      vertex -78.0722 1.16114 3
      vertex -77.9769 0.780361 3
    endloop
  endfacet
  facet normal 0 0 1
    outer loop
      vertex -76.2 47.8 3
      vertex -78.2045 1.53073 3
      vertex -78.0722 1.16114 3
    endloop
  endfacet
  facet normal 0 0 1
    outer loop
      vertex -76.2 47.8 3
      vertex -78.3723 1.88559 3
      vertex -78.2045 1.53073 3
    endloop
  endfacet
  facet normal 0 0 1
    outer loop
      vertex -76.2 47.8 3
      vertex -78.5741 2.22228 3
      vertex -78.3723 1.88559 3
    endloop
  endfacet
  facet normal 0 0 1
    outer loop
      vertex -88.9 63.5 3
      vertex -76.2 47.8 3
      vertex -76.1856 48.0941 3
    endloop
  endfacet
  facet normal 0 0 1
    outer loop
      vertex -76.2 47.8 3
      vertex -78.808 2.53757 3
      vertex -78.5741 2.22228 3
    endloop
  endfacet
  facet normal 0 0 1
    outer loop
      vertex -76.2 47.8 3
      vertex -79.0716 2.82843 3
      vertex -78.808 2.53757 3
    endloop
  endfacet
  facet normal 0 0 1
    outer loop
      vertex -76.2 47.8 3
      vertex -79.3624 3.09204 3
      vertex -79.0716 2.82843 3
    endloop
  endfacet
  facet normal 0 0 1
    outer loop
      vertex -76.2 47.8 3
      vertex -79.6777 3.32588 3
      vertex -79.3624 3.09204 3
    endloop
  endfacet
  facet normal 0 0 1
    outer loop
      vertex -76.2 47.8 3
      vertex -80.0144 3.52768 3
      vertex -79.6777 3.32588 3
    endloop
  endfacet
  facet normal 0 0 1
    outer loop
      vertex -76.2 47.8 3
      vertex -80.3693 3.69552 3
      vertex -80.0144 3.52768 3
    endloop
  endfacet
  facet normal 0 0 1
    outer loop
      vertex -76.2 47.8 3
      vertex -80.7389 3.82776 3
      vertex -80.3693 3.69552 3
    endloop
  endfacet
  facet normal 0 0 1
    outer loop
      vertex -76.2 47.8 3
      vertex -81.1196 3.92314 3
      vertex -80.7389 3.82776 3
    endloop
  endfacet
  facet normal 0 0 1
    outer loop
      vertex -76.2 47.8 3
      vertex -81.5079 3.98074 3
      vertex -81.1196 3.92314 3
    endloop
  endfacet
  facet normal 0 0 1
    outer loop
      vertex -76.2 47.8 3
      vertex -81.9 4 3
      vertex -81.5079 3.98074 3
    endloop
  endfacet
  facet normal 0 0 1
    outer loop
      vertex -76.2 47.8 3
      vertex -82.2921 3.98074 3
      vertex -81.9 4 3
    endloop
  endfacet
  facet normal 0 0 1
    outer loop
      vertex -76.2 47.8 3
      vertex -82.6804 3.92314 3
      vertex -82.2921 3.98074 3
    endloop
  endfacet
  facet normal 0 0 1
    outer loop
      vertex -76.2 47.8 3
      vertex -83.0611 3.82776 3
      vertex -82.6804 3.92314 3
    endloop
  endfacet
  facet normal 0 0 1
    outer loop
      vertex -88.9 63.5 3
      vertex -76.1856 48.0941 3
      vertex -76.1424 48.3853 3
    endloop
  endfacet
  facet normal 0 0 1
    outer loop
      vertex -76.2 47.8 3
      vertex -83.4307 3.69552 3
      vertex -83.0611 3.82776 3
    endloop
  endfacet
  facet normal 0 0 1
    outer loop
      vertex -76.2 47.8 3
      vertex -83.7856 3.52768 3
      vertex -83.4307 3.69552 3
    endloop
  endfacet
  facet normal 0 0 1
    outer loop
      vertex -76.2 47.8 3
      vertex -84.1223 3.32588 3
      vertex -83.7856 3.52768 3
    endloop
  endfacet
  facet normal 0 0 1
    outer loop
      vertex -76.2 47.8 3
      vertex -84.4376 3.09204 3
      vertex -84.1223 3.32588 3
    endloop
  endfacet
  facet normal 0 0 1
    outer loop
      vertex -76.2 47.8 3
      vertex -84.7284 2.82843 3
      vertex -84.4376 3.09204 3
    endloop
  endfacet
  facet normal 0 0 1
    outer loop
      vertex -76.2 47.8 3
      vertex -88.9 63.5 3
      vertex -84.7284 2.82843 3
    endloop
  endfacet
  facet normal 0 0 1
    outer loop
      vertex -84.7284 2.82843 3
      vertex -88.9 63.5 3
      vertex -84.992 2.53757 3
    endloop
  endfacet
  facet normal 0 0 1
    outer loop
      vertex -84.992 2.53757 3
      vertex -88.9 63.5 3
      vertex -85.2259 2.22228 3
    endloop
  endfacet
  facet normal 0 0 1
    outer loop
      vertex -85.2259 2.22228 3
      vertex -88.9 63.5 3
      vertex -85.4277 1.88559 3
    endloop
  endfacet
  facet normal 0 0 1
    outer loop
      vertex -85.4277 1.88559 3
      vertex -88.9 63.5 3
      vertex -85.5955 1.53073 3
    endloop
  endfacet
  facet normal 0 0 1
    outer loop
      vertex -85.5955 1.53073 3
      vertex -88.9 63.5 3
      vertex -85.7278 1.16114 3
    endloop
  endfacet
  facet normal 0 0 1
    outer loop
      vertex -85.8807 0.392068 3
      vertex -88.9 63.5 3
      vertex -85.9 0 3
    endloop
  endfacet
  facet normal 0 0 1
    outer loop
      vertex -85.8231 0.780361 3
      vertex -88.9 63.5 3
      vertex -85.8807 0.392068 3
    endloop
  endfacet
  facet normal 0 0 1
    outer loop
      vertex -85.7278 1.16114 3
      vertex -88.9 63.5 3
      vertex -85.8231 0.780361 3
    endloop
  endfacet
  facet normal 0 0 1
    outer loop
      vertex -76.0708 48.6709 3
      vertex -88.9 63.5 3
      vertex -76.1424 48.3853 3
    endloop
  endfacet
  facet normal 0 0 1
    outer loop
      vertex -75.9716 48.9481 3
      vertex -88.9 63.5 3
      vertex -76.0708 48.6709 3
    endloop
  endfacet
  facet normal 0 0 1
    outer loop
      vertex -75.8458 49.2142 3
      vertex -88.9 63.5 3
      vertex -75.9716 48.9481 3
    endloop
  endfacet
  facet normal 0 0 1
    outer loop
      vertex -75.6944 49.4667 3
      vertex -88.9 63.5 3
      vertex -75.8458 49.2142 3
    endloop
  endfacet
  facet normal 0 0 1
    outer loop
      vertex -75.519 49.7032 3
      vertex -88.9 63.5 3
      vertex -75.6944 49.4667 3
    endloop
  endfacet
  facet normal 0 0 1
    outer loop
      vertex -75.3213 49.9213 3
      vertex -88.9 63.5 3
      vertex -75.519 49.7032 3
    endloop
  endfacet
  facet normal 0 0 1
    outer loop
      vertex -75.1032 50.119 3
      vertex -88.9 63.5 3
      vertex -75.3213 49.9213 3
    endloop
  endfacet
  facet normal 0 0 1
    outer loop
      vertex -74.8667 50.2944 3
      vertex -88.9 63.5 3
      vertex -75.1032 50.119 3
    endloop
  endfacet
  facet normal 0 0 1
    outer loop
      vertex -74.6142 50.4458 3
      vertex -88.9 63.5 3
      vertex -74.8667 50.2944 3
    endloop
  endfacet
  facet normal 0 0 1
    outer loop
      vertex -74.3481 50.5716 3
      vertex -88.9 63.5 3
      vertex -74.6142 50.4458 3
    endloop
  endfacet
  facet normal 0 0 1
    outer loop
      vertex -74.0709 50.6708 3
      vertex -88.9 63.5 3
      vertex -74.3481 50.5716 3
    endloop
  endfacet
  facet normal 0 0 1
    outer loop
      vertex -73.7853 50.7424 3
      vertex -88.9 63.5 3
      vertex -74.0709 50.6708 3
    endloop
  endfacet
  facet normal 0 0 1
    outer loop
      vertex -73.494 50.7856 3
      vertex -88.9 63.5 3
      vertex -73.7853 50.7424 3
    endloop
  endfacet
  facet normal 0 0 1
    outer loop
      vertex -73.2 50.8 3
      vertex -88.9 63.5 3
      vertex -73.494 50.7856 3
    endloop
  endfacet
  facet normal -0 0 1
    outer loop
      vertex 76.2 -47.8 3
      vertex 88.9 -63.5 3
      vertex 76.2 47.8 3
    endloop
  endfacet
  facet normal -0 0 1
    outer loop
      vertex 76.1856 -48.0941 3
      vertex 88.9 -63.5 3
      vertex 76.2 -47.8 3
    endloop
  endfacet
  facet normal -0 0 1
    outer loop
      vertex 76.1424 -48.3853 3
      vertex 88.9 -63.5 3
      vertex 76.1856 -48.0941 3
    endloop
  endfacet
  facet normal -0 0 1
    outer loop
      vertex 76.0708 -48.6709 3
      vertex 88.9 -63.5 3
      vertex 76.1424 -48.3853 3
    endloop
  endfacet
  facet normal -0 0 1
    outer loop
      vertex 75.9716 -48.9481 3
      vertex 88.9 -63.5 3
      vertex 76.0708 -48.6709 3
    endloop
  endfacet
  facet normal -0 0 1
    outer loop
      vertex 75.8458 -49.2142 3
      vertex 88.9 -63.5 3
      vertex 75.9716 -48.9481 3
    endloop
  endfacet
  facet normal -0 0 1
    outer loop
      vertex 75.6944 -49.4667 3
      vertex 88.9 -63.5 3
      vertex 75.8458 -49.2142 3
    endloop
  endfacet
  facet normal -0 0 1
    outer loop
      vertex 75.519 -49.7032 3
      vertex 88.9 -63.5 3
      vertex 75.6944 -49.4667 3
    endloop
  endfacet
  facet normal -0 0 1
    outer loop
      vertex 75.3213 -49.9213 3
      vertex 88.9 -63.5 3
      vertex 75.519 -49.7032 3
    endloop
  endfacet
  facet normal -0 0 1
    outer loop
      vertex 75.1032 -50.119 3
      vertex 88.9 -63.5 3
      vertex 75.3213 -49.9213 3
    endloop
  endfacet
  facet normal -0 0 1
    outer loop
      vertex 74.8667 -50.2944 3
      vertex 88.9 -63.5 3
      vertex 75.1032 -50.119 3
    endloop
  endfacet
  facet normal -0 0 1
    outer loop
      vertex 74.6142 -50.4458 3
      vertex 88.9 -63.5 3
      vertex 74.8667 -50.2944 3
    endloop
  endfacet
  facet normal -0 0 1
    outer loop
      vertex 74.3481 -50.5716 3
      vertex 88.9 -63.5 3
      vertex 74.6142 -50.4458 3
    endloop
  endfacet
  facet normal -0 0 1
    outer loop
      vertex 74.0709 -50.6708 3
      vertex 88.9 -63.5 3
      vertex 74.3481 -50.5716 3
    endloop
  endfacet
  facet normal -0 0 1
    outer loop
      vertex 73.7853 -50.7424 3
      vertex 88.9 -63.5 3
      vertex 74.0709 -50.6708 3
    endloop
  endfacet
  facet normal -0 0 1
    outer loop
      vertex 73.494 -50.7856 3
      vertex 88.9 -63.5 3
      vertex 73.7853 -50.7424 3
    endloop
  endfacet
  facet normal -0 0 1
    outer loop
      vertex 73.2 -50.8 3
      vertex 88.9 -63.5 3
      vertex 73.494 -50.7856 3
    endloop
  endfacet
  facet normal 0 0 1
    outer loop
      vertex 3.98074 -56.8921 3
      vertex 73.2 -50.8 3
      vertex 4 -56.5 3
    endloop
  endfacet
  facet normal 0 0 1
    outer loop
      vertex 3.92314 -57.2804 3
      vertex 73.2 -50.8 3
      vertex 3.98074 -56.8921 3
    endloop
  endfacet
  facet normal 0 0 1
    outer loop
      vertex 3.82776 -57.6611 3
      vertex 73.2 -50.8 3
      vertex 3.92314 -57.2804 3
    endloop
  endfacet
  facet normal 0 0 1
    outer loop
      vertex 3.69552 -58.0307 3
      vertex 73.2 -50.8 3
      vertex 3.82776 -57.6611 3
    endloop
  endfacet
  facet normal 0 0 1
    outer loop
      vertex 3.52768 -58.3856 3
      vertex 73.2 -50.8 3
      vertex 3.69552 -58.0307 3
    endloop
  endfacet
  facet normal 0 0 1
    outer loop
      vertex 3.32588 -58.7223 3
      vertex 73.2 -50.8 3
      vertex 3.52768 -58.3856 3
    endloop
  endfacet
  facet normal 0 0 1
    outer loop
      vertex 3.09204 -59.0376 3
      vertex 73.2 -50.8 3
      vertex 3.32588 -58.7223 3
    endloop
  endfacet
  facet normal 0 0 1
    outer loop
      vertex 2.82843 -59.3284 3
      vertex 73.2 -50.8 3
      vertex 3.09204 -59.0376 3
    endloop
  endfacet
  facet normal 0 0 1
    outer loop
      vertex 73.2 -50.8 3
      vertex 2.82843 -59.3284 3
      vertex 88.9 -63.5 3
    endloop
  endfacet
  facet normal -0 0 1
    outer loop
      vertex 2.53757 -59.592 3
      vertex 88.9 -63.5 3
      vertex 2.82843 -59.3284 3
    endloop
  endfacet
  facet normal -0 0 1
    outer loop
      vertex 2.22228 -59.8259 3
      vertex 88.9 -63.5 3
      vertex 2.53757 -59.592 3
    endloop
  endfacet
  facet normal -0 0 1
    outer loop
      vertex 1.88559 -60.0277 3
      vertex 88.9 -63.5 3
      vertex 2.22228 -59.8259 3
    endloop
  endfacet
  facet normal -0 0 1
    outer loop
      vertex 1.53073 -60.1955 3
      vertex 88.9 -63.5 3
      vertex 1.88559 -60.0277 3
    endloop
  endfacet
  facet normal -0 0 1
    outer loop
      vertex 1.16114 -60.3278 3
      vertex 88.9 -63.5 3
      vertex 1.53073 -60.1955 3
    endloop
  endfacet
  facet normal -0 0 1
    outer loop
      vertex 0.780361 -60.4231 3
      vertex 88.9 -63.5 3
      vertex 1.16114 -60.3278 3
    endloop
  endfacet
  facet normal -0 0 1
    outer loop
      vertex 0.392068 -60.4807 3
      vertex 88.9 -63.5 3
      vertex 0.780361 -60.4231 3
    endloop
  endfacet
  facet normal -0 0 1
    outer loop
      vertex 0 -60.5 3
      vertex 88.9 -63.5 3
      vertex 0.392068 -60.4807 3
    endloop
  endfacet
  facet normal 0 0 1
    outer loop
      vertex -73.2 -50.8 3
      vertex -3.98074 -56.8921 3
      vertex -4 -56.5 3
    endloop
  endfacet
  facet normal 0 0 1
    outer loop
      vertex -73.2 -50.8 3
      vertex -3.92314 -57.2804 3
      vertex -3.98074 -56.8921 3
    endloop
  endfacet
  facet normal 0 0 1
    outer loop
      vertex -73.2 -50.8 3
      vertex -3.82776 -57.6611 3
      vertex -3.92314 -57.2804 3
    endloop
  endfacet
  facet normal 0 0 1
    outer loop
      vertex -73.2 -50.8 3
      vertex -3.69552 -58.0307 3
      vertex -3.82776 -57.6611 3
    endloop
  endfacet
  facet normal 0 0 1
    outer loop
      vertex -73.2 -50.8 3
      vertex -3.52768 -58.3856 3
      vertex -3.69552 -58.0307 3
    endloop
  endfacet
  facet normal 0 0 1
    outer loop
      vertex -73.2 -50.8 3
      vertex -3.32588 -58.7223 3
      vertex -3.52768 -58.3856 3
    endloop
  endfacet
  facet normal 0 0 1
    outer loop
      vertex -73.2 -50.8 3
      vertex -3.09204 -59.0376 3
      vertex -3.32588 -58.7223 3
    endloop
  endfacet
  facet normal 0 0 1
    outer loop
      vertex -73.2 -50.8 3
      vertex -2.82843 -59.3284 3
      vertex -3.09204 -59.0376 3
    endloop
  endfacet
  facet normal 0 0 1
    outer loop
      vertex -88.9 -63.5 3
      vertex -2.82843 -59.3284 3
      vertex -73.2 -50.8 3
    endloop
  endfacet
  facet normal 0 0 1
    outer loop
      vertex -2.82843 -59.3284 3
      vertex -88.9 -63.5 3
      vertex -2.53757 -59.592 3
    endloop
  endfacet
  facet normal 0 0 1
    outer loop
      vertex -2.53757 -59.592 3
      vertex -88.9 -63.5 3
      vertex -2.22228 -59.8259 3
    endloop
  endfacet
  facet normal 0 0 1
    outer loop
      vertex -2.22228 -59.8259 3
      vertex -88.9 -63.5 3
      vertex -1.88559 -60.0277 3
    endloop
  endfacet
  facet normal 0 0 1
    outer loop
      vertex -1.88559 -60.0277 3
      vertex -88.9 -63.5 3
      vertex -1.53073 -60.1955 3
    endloop
  endfacet
  facet normal 0 0 1
    outer loop
      vertex -1.53073 -60.1955 3
      vertex -88.9 -63.5 3
      vertex -1.16114 -60.3278 3
    endloop
  endfacet
  facet normal 0 0 1
    outer loop
      vertex -1.16114 -60.3278 3
      vertex -88.9 -63.5 3
      vertex -0.780361 -60.4231 3
    endloop
  endfacet
  facet normal 0 0 1
    outer loop
      vertex -88.9 -63.5 3
      vertex -73.2 -50.8 3
      vertex -73.494 -50.7856 3
    endloop
  endfacet
  facet normal -0 0 1
    outer loop
      vertex -77.9193 -0.392068 3
      vertex -76.2 -47.8 3
      vertex -77.9 0 3
    endloop
  endfacet
  facet normal -0 0 1
    outer loop
      vertex -77.9769 -0.780361 3
      vertex -76.2 -47.8 3
      vertex -77.9193 -0.392068 3
    endloop
  endfacet
  facet normal -0 0 1
    outer loop
      vertex -78.0722 -1.16114 3
      vertex -76.2 -47.8 3
      vertex -77.9769 -0.780361 3
    endloop
  endfacet
  facet normal -0 0 1
    outer loop
      vertex -78.2045 -1.53073 3
      vertex -76.2 -47.8 3
      vertex -78.0722 -1.16114 3
    endloop
  endfacet
  facet normal -0 0 1
    outer loop
      vertex -78.3723 -1.88559 3
      vertex -76.2 -47.8 3
      vertex -78.2045 -1.53073 3
    endloop
  endfacet
  facet normal -0 0 1
    outer loop
      vertex -78.5741 -2.22228 3
      vertex -76.2 -47.8 3
      vertex -78.3723 -1.88559 3
    endloop
  endfacet
  facet normal -0 0 1
    outer loop
      vertex -78.808 -2.53757 3
      vertex -76.2 -47.8 3
      vertex -78.5741 -2.22228 3
    endloop
  endfacet
  facet normal -0 0 1
    outer loop
      vertex -79.0716 -2.82843 3
      vertex -76.2 -47.8 3
      vertex -78.808 -2.53757 3
    endloop
  endfacet
  facet normal -0 0 1
    outer loop
      vertex -79.3624 -3.09204 3
      vertex -76.2 -47.8 3
      vertex -79.0716 -2.82843 3
    endloop
  endfacet
  facet normal -0 0 1
    outer loop
      vertex -79.6777 -3.32588 3
      vertex -76.2 -47.8 3
      vertex -79.3624 -3.09204 3
    endloop
  endfacet
  facet normal -0 0 1
    outer loop
      vertex -80.0144 -3.52768 3
      vertex -76.2 -47.8 3
      vertex -79.6777 -3.32588 3
    endloop
  endfacet
  facet normal -0 0 1
    outer loop
      vertex -80.3693 -3.69552 3
      vertex -76.2 -47.8 3
      vertex -80.0144 -3.52768 3
    endloop
  endfacet
  facet normal -0 0 1
    outer loop
      vertex -80.7389 -3.82776 3
      vertex -76.2 -47.8 3
      vertex -80.3693 -3.69552 3
    endloop
  endfacet
  facet normal -0 0 1
    outer loop
      vertex -81.1196 -3.92314 3
      vertex -76.2 -47.8 3
      vertex -80.7389 -3.82776 3
    endloop
  endfacet
  facet normal -0 0 1
    outer loop
      vertex -81.5079 -3.98074 3
      vertex -76.2 -47.8 3
      vertex -81.1196 -3.92314 3
    endloop
  endfacet
  facet normal -0 0 1
    outer loop
      vertex -81.9 -4 3
      vertex -76.2 -47.8 3
      vertex -81.5079 -3.98074 3
    endloop
  endfacet
  facet normal 0 0 1
    outer loop
      vertex -82.2921 -3.98074 3
      vertex -76.2 -47.8 3
      vertex -81.9 -4 3
    endloop
  endfacet
  facet normal 0 0 1
    outer loop
      vertex -82.6804 -3.92314 3
      vertex -76.2 -47.8 3
      vertex -82.2921 -3.98074 3
    endloop
  endfacet
  facet normal 0 0 1
    outer loop
      vertex -83.0611 -3.82776 3
      vertex -76.2 -47.8 3
      vertex -82.6804 -3.92314 3
    endloop
  endfacet
  facet normal 0 0 1
    outer loop
      vertex -83.4307 -3.69552 3
      vertex -76.2 -47.8 3
      vertex -83.0611 -3.82776 3
    endloop
  endfacet
  facet normal 0 0 1
    outer loop
      vertex -83.7856 -3.52768 3
      vertex -76.2 -47.8 3
      vertex -83.4307 -3.69552 3
    endloop
  endfacet
  facet normal 0 0 1
    outer loop
      vertex -84.1223 -3.32588 3
      vertex -76.2 -47.8 3
      vertex -83.7856 -3.52768 3
    endloop
  endfacet
  facet normal 0 0 1
    outer loop
      vertex -84.4376 -3.09204 3
      vertex -76.2 -47.8 3
      vertex -84.1223 -3.32588 3
    endloop
  endfacet
  facet normal 0 0 1
    outer loop
      vertex -84.7284 -2.82843 3
      vertex -76.2 -47.8 3
      vertex -84.4376 -3.09204 3
    endloop
  endfacet
  facet normal 0 0 1
    outer loop
      vertex -88.9 -63.5 3
      vertex -76.2 -47.8 3
      vertex -84.7284 -2.82843 3
    endloop
  endfacet
  facet normal 0 0 1
    outer loop
      vertex -76.2 -47.8 3
      vertex -88.9 -63.5 3
      vertex -76.1856 -48.0941 3
    endloop
  endfacet
  facet normal 0 0 1
    outer loop
      vertex -88.9 -63.5 3
      vertex -84.7284 -2.82843 3
      vertex -84.992 -2.53757 3
    endloop
  endfacet
  facet normal 0 0 1
    outer loop
      vertex -88.9 -63.5 3
      vertex -84.992 -2.53757 3
      vertex -85.2259 -2.22228 3
    endloop
  endfacet
  facet normal 0 0 1
    outer loop
      vertex -88.9 -63.5 3
      vertex -85.2259 -2.22228 3
      vertex -85.4277 -1.88559 3
    endloop
  endfacet
  facet normal 0 0 1
    outer loop
      vertex -88.9 -63.5 3
      vertex -85.4277 -1.88559 3
      vertex -85.5955 -1.53073 3
    endloop
  endfacet
  facet normal 0 0 1
    outer loop
      vertex -88.9 -63.5 3
      vertex -85.5955 -1.53073 3
      vertex -85.7278 -1.16114 3
    endloop
  endfacet
  facet normal 0 0 1
    outer loop
      vertex -88.9 -63.5 3
      vertex -85.7278 -1.16114 3
      vertex -85.8231 -0.780361 3
    endloop
  endfacet
  facet normal 0 0 1
    outer loop
      vertex 0 -60.5 3
      vertex -88.9 -63.5 3
      vertex 88.9 -63.5 3
    endloop
  endfacet
  facet normal 0 0 1
    outer loop
      vertex -0.392068 -60.4807 3
      vertex -88.9 -63.5 3
      vertex 0 -60.5 3
    endloop
  endfacet
  facet normal 0 0 1
    outer loop
      vertex -0.780361 -60.4231 3
      vertex -88.9 -63.5 3
      vertex -0.392068 -60.4807 3
    endloop
  endfacet
  facet normal 0 0 1
    outer loop
      vertex -73.7853 -50.7424 3
      vertex -88.9 -63.5 3
      vertex -73.494 -50.7856 3
    endloop
  endfacet
  facet normal 0 0 1
    outer loop
      vertex -74.0709 -50.6708 3
      vertex -88.9 -63.5 3
      vertex -73.7853 -50.7424 3
    endloop
  endfacet
  facet normal 0 0 1
    outer loop
      vertex -74.3481 -50.5716 3
      vertex -88.9 -63.5 3
      vertex -74.0709 -50.6708 3
    endloop
  endfacet
  facet normal 0 0 1
    outer loop
      vertex -74.6142 -50.4458 3
      vertex -88.9 -63.5 3
      vertex -74.3481 -50.5716 3
    endloop
  endfacet
  facet normal 0 0 1
    outer loop
      vertex -74.8667 -50.2944 3
      vertex -88.9 -63.5 3
      vertex -74.6142 -50.4458 3
    endloop
  endfacet
  facet normal 0 0 1
    outer loop
      vertex -75.1032 -50.119 3
      vertex -88.9 -63.5 3
      vertex -74.8667 -50.2944 3
    endloop
  endfacet
  facet normal 0 0 1
    outer loop
      vertex -75.3213 -49.9213 3
      vertex -88.9 -63.5 3
      vertex -75.1032 -50.119 3
    endloop
  endfacet
  facet normal 0 0 1
    outer loop
      vertex -75.519 -49.7032 3
      vertex -88.9 -63.5 3
      vertex -75.3213 -49.9213 3
    endloop
  endfacet
  facet normal 0 0 1
    outer loop
      vertex -75.6944 -49.4667 3
      vertex -88.9 -63.5 3
      vertex -75.519 -49.7032 3
    endloop
  endfacet
  facet normal 0 0 1
    outer loop
      vertex -75.8458 -49.2142 3
      vertex -88.9 -63.5 3
      vertex -75.6944 -49.4667 3
    endloop
  endfacet
  facet normal 0 0 1
    outer loop
      vertex -75.9716 -48.9481 3
      vertex -88.9 -63.5 3
      vertex -75.8458 -49.2142 3
    endloop
  endfacet
  facet normal 0 0 1
    outer loop
      vertex -76.0708 -48.6709 3
      vertex -88.9 -63.5 3
      vertex -75.9716 -48.9481 3
    endloop
  endfacet
  facet normal 0 0 1
    outer loop
      vertex -76.1424 -48.3853 3
      vertex -88.9 -63.5 3
      vertex -76.0708 -48.6709 3
    endloop
  endfacet
  facet normal 0 0 1
    outer loop
      vertex -76.1856 -48.0941 3
      vertex -88.9 -63.5 3
      vertex -76.1424 -48.3853 3
    endloop
  endfacet
  facet normal 0 0 1
    outer loop
      vertex -85.8807 -0.392068 3
      vertex -88.9 -63.5 3
      vertex -85.8231 -0.780361 3
    endloop
  endfacet
  facet normal 0 0 1
    outer loop
      vertex -85.9 0 3
      vertex -88.9 -63.5 3
      vertex -85.8807 -0.392068 3
    endloop
  endfacet
  facet normal 0 0 1
    outer loop
      vertex -88.9 -63.5 3
      vertex -85.9 0 3
      vertex -88.9 63.5 3
    endloop
  endfacet
  facet normal 0 0 -1
    outer loop
      vertex 78.1833 54.3309 0
      vertex -78.1833 54.3309 0
      vertex -78.175 54.5 0
    endloop
  endfacet
  facet normal 0 0 -1
    outer loop
      vertex -78.2493 53.9993 0
      vertex -78.0722 1.16114 0
      vertex -78.2045 1.53073 0
    endloop
  endfacet
  facet normal 0 0 -1
    outer loop
      vertex 0 -52.5 0
      vertex -78.2081 54.1635 0
      vertex -78.1833 54.3309 0
    endloop
  endfacet
  facet normal 0 0 -1
    outer loop
      vertex 0 -52.5 0
      vertex -78.2493 53.9993 0
      vertex -78.2081 54.1635 0
    endloop
  endfacet
  facet normal 0 0 -1
    outer loop
      vertex -78.2045 1.53073 0
      vertex -78.3063 53.8399 0
      vertex -78.2493 53.9993 0
    endloop
  endfacet
  facet normal 0 0 -1
    outer loop
      vertex -78.3723 1.88559 0
      vertex -78.3063 53.8399 0
      vertex -78.2045 1.53073 0
    endloop
  endfacet
  facet normal 0 0 -1
    outer loop
      vertex -78.3723 1.88559 0
      vertex -78.3787 53.6868 0
      vertex -78.3063 53.8399 0
    endloop
  endfacet
  facet normal 0 0 -1
    outer loop
      vertex -78.3723 1.88559 0
      vertex -78.4657 53.5416 0
      vertex -78.3787 53.6868 0
    endloop
  endfacet
  facet normal 0 0 -1
    outer loop
      vertex -78.5741 2.22228 0
      vertex -78.4657 53.5416 0
      vertex -78.3723 1.88559 0
    endloop
  endfacet
  facet normal 0 0 -1
    outer loop
      vertex -78.4657 53.5416 0
      vertex -78.5741 2.22228 0
      vertex -78.5666 53.4057 0
    endloop
  endfacet
  facet normal 0 0 -1
    outer loop
      vertex -78.808 2.53757 0
      vertex -78.5666 53.4057 0
      vertex -78.5741 2.22228 0
    endloop
  endfacet
  facet normal 0 0 -1
    outer loop
      vertex -78.5666 53.4057 0
      vertex -78.808 2.53757 0
      vertex -78.6802 53.2802 0
    endloop
  endfacet
  facet normal 0 0 -1
    outer loop
      vertex -79.0716 2.82843 0
      vertex -78.6802 53.2802 0
      vertex -78.808 2.53757 0
    endloop
  endfacet
  facet normal 0 0 -1
    outer loop
      vertex -78.6802 53.2802 0
      vertex -79.0716 2.82843 0
      vertex -78.8057 53.1666 0
    endloop
  endfacet
  facet normal 0 0 -1
    outer loop
      vertex -79.3624 3.09204 0
      vertex -78.8057 53.1666 0
      vertex -79.0716 2.82843 0
    endloop
  endfacet
  facet normal 0 0 -1
    outer loop
      vertex -78.8057 53.1666 0
      vertex -79.3624 3.09204 0
      vertex -78.9416 53.0657 0
    endloop
  endfacet
  facet normal 0 0 -1
    outer loop
      vertex -79.6777 3.32588 0
      vertex -78.9416 53.0657 0
      vertex -79.3624 3.09204 0
    endloop
  endfacet
  facet normal 0 0 -1
    outer loop
      vertex -78.9416 53.0657 0
      vertex -79.6777 3.32588 0
      vertex -79.0868 52.9787 0
    endloop
  endfacet
  facet normal 0 0 -1
    outer loop
      vertex -80.0144 3.52768 0
      vertex -79.0868 52.9787 0
      vertex -79.6777 3.32588 0
    endloop
  endfacet
  facet normal 0 0 -1
    outer loop
      vertex -79.0868 52.9787 0
      vertex -80.0144 3.52768 0
      vertex -79.2399 52.9063 0
    endloop
  endfacet
  facet normal 0 0 -1
    outer loop
      vertex -80.3693 3.69552 0
      vertex -79.2399 52.9063 0
      vertex -80.0144 3.52768 0
    endloop
  endfacet
  facet normal 0 0 -1
    outer loop
      vertex -79.2399 52.9063 0
      vertex -80.3693 3.69552 0
      vertex -79.3993 52.8493 0
    endloop
  endfacet
  facet normal 0 0 -1
    outer loop
      vertex -80.7389 3.82776 0
      vertex -79.3993 52.8493 0
      vertex -80.3693 3.69552 0
    endloop
  endfacet
  facet normal 0 0 -1
    outer loop
      vertex -79.3993 52.8493 0
      vertex -80.7389 3.82776 0
      vertex -79.5635 52.8081 0
    endloop
  endfacet
  facet normal 0 0 -1
    outer loop
      vertex -81.1196 3.92314 0
      vertex -79.5635 52.8081 0
      vertex -80.7389 3.82776 0
    endloop
  endfacet
  facet normal 0 0 -1
    outer loop
      vertex -79.5635 52.8081 0
      vertex -81.1196 3.92314 0
      vertex -79.7309 52.7833 0
    endloop
  endfacet
  facet normal 0 0 -1
    outer loop
      vertex -81.5079 3.98074 0
      vertex -79.7309 52.7833 0
      vertex -81.1196 3.92314 0
    endloop
  endfacet
  facet normal 0 0 -1
    outer loop
      vertex -79.7309 52.7833 0
      vertex -81.5079 3.98074 0
      vertex -79.9 52.775 0
    endloop
  endfacet
  facet normal 0 0 -1
    outer loop
      vertex -81.9 4 0
      vertex -79.9 52.775 0
      vertex -81.5079 3.98074 0
    endloop
  endfacet
  facet normal -0 0 -1
    outer loop
      vertex -79.9 52.775 0
      vertex -81.9 4 0
      vertex -80.0691 52.7833 0
    endloop
  endfacet
  facet normal 0 0 -1
    outer loop
      vertex -82.2921 3.98074 0
      vertex -80.0691 52.7833 0
      vertex -81.9 4 0
    endloop
  endfacet
  facet normal -0 0 -1
    outer loop
      vertex -80.0691 52.7833 0
      vertex -82.2921 3.98074 0
      vertex -80.2365 52.8081 0
    endloop
  endfacet
  facet normal -0 0 -1
    outer loop
      vertex -80.2365 52.8081 0
      vertex -82.2921 3.98074 0
      vertex -80.4007 52.8493 0
    endloop
  endfacet
  facet normal 0 0 -1
    outer loop
      vertex -82.6804 3.92314 0
      vertex -80.4007 52.8493 0
      vertex -82.2921 3.98074 0
    endloop
  endfacet
  facet normal -0 0 -1
    outer loop
      vertex -80.4007 52.8493 0
      vertex -82.6804 3.92314 0
      vertex -80.5601 52.9063 0
    endloop
  endfacet
  facet normal 0 0 -1
    outer loop
      vertex -83.0611 3.82776 0
      vertex -80.5601 52.9063 0
      vertex -82.6804 3.92314 0
    endloop
  endfacet
  facet normal -0 0 -1
    outer loop
      vertex -80.5601 52.9063 0
      vertex -83.0611 3.82776 0
      vertex -80.7132 52.9787 0
    endloop
  endfacet
  facet normal 0 0 -1
    outer loop
      vertex -83.4307 3.69552 0
      vertex -80.7132 52.9787 0
      vertex -83.0611 3.82776 0
    endloop
  endfacet
  facet normal -0 0 -1
    outer loop
      vertex -80.7132 52.9787 0
      vertex -83.4307 3.69552 0
      vertex -80.8584 53.0657 0
    endloop
  endfacet
  facet normal 0 0 -1
    outer loop
      vertex -83.7856 3.52768 0
      vertex -80.8584 53.0657 0
      vertex -83.4307 3.69552 0
    endloop
  endfacet
  facet normal -0 0 -1
    outer loop
      vertex -80.8584 53.0657 0
      vertex -83.7856 3.52768 0
      vertex -80.9943 53.1666 0
    endloop
  endfacet
  facet normal 0 0 -1
    outer loop
      vertex -84.1223 3.32588 0
      vertex -80.9943 53.1666 0
      vertex -83.7856 3.52768 0
    endloop
  endfacet
  facet normal -0 0 -1
    outer loop
      vertex -80.9943 53.1666 0
      vertex -84.1223 3.32588 0
      vertex -81.1198 53.2802 0
    endloop
  endfacet
  facet normal 0 0 -1
    outer loop
      vertex -84.4376 3.09204 0
      vertex -81.1198 53.2802 0
      vertex -84.1223 3.32588 0
    endloop
  endfacet
  facet normal -0 0 -1
    outer loop
      vertex -81.1198 53.2802 0
      vertex -84.4376 3.09204 0
      vertex -81.2334 53.4057 0
    endloop
  endfacet
  facet normal 0 0 -1
    outer loop
      vertex 81.5507 -53.9993 0
      vertex 88.9 -63.5 0
      vertex 81.5919 -54.1635 0
    endloop
  endfacet
  facet normal 0 0 -1
    outer loop
      vertex 88.9 63.5 0
      vertex 81.6167 54.3309 0
      vertex 81.625 54.5 0
    endloop
  endfacet
  facet normal 0 0 -1
    outer loop
      vertex 81.4937 -53.8399 0
      vertex 88.9 -63.5 0
      vertex 81.5507 -53.9993 0
    endloop
  endfacet
  facet normal 0 0 -1
    outer loop
      vertex 88.9 63.5 0
      vertex 81.5919 54.1635 0
      vertex 81.6167 54.3309 0
    endloop
  endfacet
  facet normal 0 0 -1
    outer loop
      vertex 81.4213 -53.6868 0
      vertex 88.9 -63.5 0
      vertex 81.4937 -53.8399 0
    endloop
  endfacet
  facet normal 0 0 -1
    outer loop
      vertex 88.9 63.5 0
      vertex 81.5507 53.9993 0
      vertex 81.5919 54.1635 0
    endloop
  endfacet
  facet normal 0 0 -1
    outer loop
      vertex 81.3343 -53.5416 0
      vertex 88.9 -63.5 0
      vertex 81.4213 -53.6868 0
    endloop
  endfacet
  facet normal 0 0 -1
    outer loop
      vertex 88.9 63.5 0
      vertex 81.4937 53.8399 0
      vertex 81.5507 53.9993 0
    endloop
  endfacet
  facet normal 0 0 -1
    outer loop
      vertex 88.9 -63.5 0
      vertex 81.3343 -53.5416 0
      vertex 88.9 63.5 0
    endloop
  endfacet
  facet normal 0 0 -1
    outer loop
      vertex 88.9 63.5 0
      vertex 81.4213 53.6868 0
      vertex 81.4937 53.8399 0
    endloop
  endfacet
  facet normal 0 0 -1
    outer loop
      vertex 81.3343 53.5416 0
      vertex 88.9 63.5 0
      vertex 81.3343 -53.5416 0
    endloop
  endfacet
  facet normal 0 0 -1
    outer loop
      vertex 88.9 63.5 0
      vertex 81.3343 53.5416 0
      vertex 81.4213 53.6868 0
    endloop
  endfacet
  facet normal 0 0 -1
    outer loop
      vertex 81.2334 -53.4057 0
      vertex 81.3343 53.5416 0
      vertex 81.3343 -53.5416 0
    endloop
  endfacet
  facet normal 0 0 -1
    outer loop
      vertex 81.2334 -53.4057 0
      vertex 81.2334 53.4057 0
      vertex 81.3343 53.5416 0
    endloop
  endfacet
  facet normal 0 0 -1
    outer loop
      vertex 81.1198 -53.2802 0
      vertex 81.2334 53.4057 0
      vertex 81.2334 -53.4057 0
    endloop
  endfacet
  facet normal 0 0 -1
    outer loop
      vertex 81.1198 -53.2802 0
      vertex 81.1198 53.2802 0
      vertex 81.2334 53.4057 0
    endloop
  endfacet
  facet normal 0 0 -1
    outer loop
      vertex 80.9943 -53.1666 0
      vertex 81.1198 53.2802 0
      vertex 81.1198 -53.2802 0
    endloop
  endfacet
  facet normal 0 0 -1
    outer loop
      vertex 80.9943 -53.1666 0
      vertex 80.9943 53.1666 0
      vertex 81.1198 53.2802 0
    endloop
  endfacet
  facet normal 0 0 -1
    outer loop
      vertex 80.8584 -53.0657 0
      vertex 80.9943 53.1666 0
      vertex 80.9943 -53.1666 0
    endloop
  endfacet
  facet normal 0 0 -1
    outer loop
      vertex 80.8584 -53.0657 0
      vertex 80.8584 53.0657 0
      vertex 80.9943 53.1666 0
    endloop
  endfacet
  facet normal 0 0 -1
    outer loop
      vertex 80.7132 -52.9787 0
      vertex 80.8584 53.0657 0
      vertex 80.8584 -53.0657 0
    endloop
  endfacet
  facet normal 0 0 -1
    outer loop
      vertex 80.7132 -52.9787 0
      vertex 80.7132 52.9787 0
      vertex 80.8584 53.0657 0
    endloop
  endfacet
  facet normal 0 0 -1
    outer loop
      vertex 80.5601 -52.9063 0
      vertex 80.7132 52.9787 0
      vertex 80.7132 -52.9787 0
    endloop
  endfacet
  facet normal 0 0 -1
    outer loop
      vertex 80.5601 -52.9063 0
      vertex 80.5601 52.9063 0
      vertex 80.7132 52.9787 0
    endloop
  endfacet
  facet normal 0 0 -1
    outer loop
      vertex 80.4007 -52.8493 0
      vertex 80.5601 52.9063 0
      vertex 80.5601 -52.9063 0
    endloop
  endfacet
  facet normal 0 0 -1
    outer loop
      vertex 80.4007 -52.8493 0
      vertex 80.4007 52.8493 0
      vertex 80.5601 52.9063 0
    endloop
  endfacet
  facet normal 0 0 -1
    outer loop
      vertex 80.2365 -52.8081 0
      vertex 80.4007 52.8493 0
      vertex 80.4007 -52.8493 0
    endloop
  endfacet
  facet normal 0 0 -1
    outer loop
      vertex 80.2365 -52.8081 0
      vertex 80.2365 52.8081 0
      vertex 80.4007 52.8493 0
    endloop
  endfacet
  facet normal 0 0 -1
    outer loop
      vertex 80.0691 -52.7833 0
      vertex 80.2365 52.8081 0
      vertex 80.2365 -52.8081 0
    endloop
  endfacet
  facet normal 0 0 -1
    outer loop
      vertex 80.0691 -52.7833 0
      vertex 80.0691 52.7833 0
      vertex 80.2365 52.8081 0
    endloop
  endfacet
  facet normal 0 0 -1
    outer loop
      vertex 79.9 -52.775 0
      vertex 80.0691 52.7833 0
      vertex 80.0691 -52.7833 0
    endloop
  endfacet
  facet normal 0 0 -1
    outer loop
      vertex 79.9 -52.775 0
      vertex 79.9 52.775 0
      vertex 80.0691 52.7833 0
    endloop
  endfacet
  facet normal 0 0 -1
    outer loop
      vertex 79.7309 -52.7833 0
      vertex 79.9 52.775 0
      vertex 79.9 -52.775 0
    endloop
  endfacet
  facet normal 0 0 -1
    outer loop
      vertex 79.7309 -52.7833 0
      vertex 79.7309 52.7833 0
      vertex 79.9 52.775 0
    endloop
  endfacet
  facet normal 0 0 -1
    outer loop
      vertex 79.5635 -52.8081 0
      vertex 79.7309 52.7833 0
      vertex 79.7309 -52.7833 0
    endloop
  endfacet
  facet normal 0 0 -1
    outer loop
      vertex 79.5635 -52.8081 0
      vertex 79.5635 52.8081 0
      vertex 79.7309 52.7833 0
    endloop
  endfacet
  facet normal 0 0 -1
    outer loop
      vertex 79.3993 -52.8493 0
      vertex 79.5635 52.8081 0
      vertex 79.5635 -52.8081 0
    endloop
  endfacet
  facet normal 0 0 -1
    outer loop
      vertex 79.3993 -52.8493 0
      vertex 79.3993 52.8493 0
      vertex 79.5635 52.8081 0
    endloop
  endfacet
  facet normal 0 0 -1
    outer loop
      vertex 79.2399 -52.9063 0
      vertex 79.3993 52.8493 0
      vertex 79.3993 -52.8493 0
    endloop
  endfacet
  facet normal 0 0 -1
    outer loop
      vertex 79.2399 -52.9063 0
      vertex 79.2399 52.9063 0
      vertex 79.3993 52.8493 0
    endloop
  endfacet
  facet normal 0 0 -1
    outer loop
      vertex 79.0868 -52.9787 0
      vertex 79.2399 52.9063 0
      vertex 79.2399 -52.9063 0
    endloop
  endfacet
  facet normal 0 0 -1
    outer loop
      vertex 79.0868 -52.9787 0
      vertex 79.0868 52.9787 0
      vertex 79.2399 52.9063 0
    endloop
  endfacet
  facet normal 0 0 -1
    outer loop
      vertex 78.9416 -53.0657 0
      vertex 79.0868 52.9787 0
      vertex 79.0868 -52.9787 0
    endloop
  endfacet
  facet normal 0 0 -1
    outer loop
      vertex 78.9416 -53.0657 0
      vertex 78.9416 53.0657 0
      vertex 79.0868 52.9787 0
    endloop
  endfacet
  facet normal 0 0 -1
    outer loop
      vertex 2.22228 -53.1741 0
      vertex 78.9416 -53.0657 0
      vertex 78.8057 -53.1666 0
    endloop
  endfacet
  facet normal -0 0 -1
    outer loop
      vertex 78.9416 -53.0657 0
      vertex 2.22228 -53.1741 0
      vertex 78.9416 53.0657 0
    endloop
  endfacet
  facet normal 0 0 -1
    outer loop
      vertex 2.53757 -53.408 0
      vertex 78.8057 -53.1666 0
      vertex 78.6802 -53.2802 0
    endloop
  endfacet
  facet normal -0 0 -1
    outer loop
      vertex 78.9416 53.0657 0
      vertex 2.22228 -53.1741 0
      vertex 78.8057 53.1666 0
    endloop
  endfacet
  facet normal 0 0 -1
    outer loop
      vertex 2.82843 -53.6716 0
      vertex 78.6802 -53.2802 0
      vertex 78.5666 -53.4057 0
    endloop
  endfacet
  facet normal 0 0 -1
    outer loop
      vertex 1.88559 -52.9723 0
      vertex 78.8057 53.1666 0
      vertex 2.22228 -53.1741 0
    endloop
  endfacet
  facet normal 0 0 -1
    outer loop
      vertex 3.09204 -53.9624 0
      vertex 78.5666 -53.4057 0
      vertex 78.4657 -53.5416 0
    endloop
  endfacet
  facet normal -0 0 -1
    outer loop
      vertex 78.8057 53.1666 0
      vertex 1.88559 -52.9723 0
      vertex 78.6802 53.2802 0
    endloop
  endfacet
  facet normal 0 0 -1
    outer loop
      vertex 3.32588 -54.2777 0
      vertex 78.4657 -53.5416 0
      vertex 78.3787 -53.6868 0
    endloop
  endfacet
  facet normal 0 0 -1
    outer loop
      vertex 1.53073 -52.8045 0
      vertex 78.6802 53.2802 0
      vertex 1.88559 -52.9723 0
    endloop
  endfacet
  facet normal 0 0 -1
    outer loop
      vertex 3.52768 -54.6144 0
      vertex 78.3787 -53.6868 0
      vertex 78.3063 -53.8399 0
    endloop
  endfacet
  facet normal -0 0 -1
    outer loop
      vertex 78.6802 53.2802 0
      vertex 1.53073 -52.8045 0
      vertex 78.5666 53.4057 0
    endloop
  endfacet
  facet normal 0 0 -1
    outer loop
      vertex 3.69552 -54.9693 0
      vertex 78.3063 -53.8399 0
      vertex 78.2493 -53.9993 0
    endloop
  endfacet
  facet normal 0 0 -1
    outer loop
      vertex 1.16114 -52.6722 0
      vertex 78.5666 53.4057 0
      vertex 1.53073 -52.8045 0
    endloop
  endfacet
  facet normal 0 0 -1
    outer loop
      vertex 3.82776 -55.3389 0
      vertex 78.2493 -53.9993 0
      vertex 78.2081 -54.1635 0
    endloop
  endfacet
  facet normal -0 0 -1
    outer loop
      vertex 78.5666 53.4057 0
      vertex 1.16114 -52.6722 0
      vertex 78.4657 53.5416 0
    endloop
  endfacet
  facet normal 0 0 -1
    outer loop
      vertex 3.92314 -55.7196 0
      vertex 78.2081 -54.1635 0
      vertex 78.1833 -54.3309 0
    endloop
  endfacet
  facet normal 0 0 -1
    outer loop
      vertex 0.780361 -52.5769 0
      vertex 78.4657 53.5416 0
      vertex 1.16114 -52.6722 0
    endloop
  endfacet
  facet normal 0 0 -1
    outer loop
      vertex 3.98074 -56.1079 0
      vertex 78.1833 -54.3309 0
      vertex 78.175 -54.5 0
    endloop
  endfacet
  facet normal 0 0 -1
    outer loop
      vertex 78.8057 -53.1666 0
      vertex 2.53757 -53.408 0
      vertex 2.22228 -53.1741 0
    endloop
  endfacet
  facet normal 0 0 -1
    outer loop
      vertex 81.6167 -54.3309 0
      vertex 88.9 -63.5 0
      vertex 81.625 -54.5 0
    endloop
  endfacet
  facet normal 0 0 -1
    outer loop
      vertex 88.9 -63.5 0
      vertex 81.6167 -54.6691 0
      vertex 81.625 -54.5 0
    endloop
  endfacet
  facet normal 0 0 -1
    outer loop
      vertex 88.9 -63.5 0
      vertex 81.5919 -54.8365 0
      vertex 81.6167 -54.6691 0
    endloop
  endfacet
  facet normal 0 0 -1
    outer loop
      vertex 88.9 -63.5 0
      vertex 81.5507 -55.0007 0
      vertex 81.5919 -54.8365 0
    endloop
  endfacet
  facet normal 0 0 -1
    outer loop
      vertex 88.9 -63.5 0
      vertex 81.4937 -55.1601 0
      vertex 81.5507 -55.0007 0
    endloop
  endfacet
  facet normal 0 0 -1
    outer loop
      vertex 88.9 -63.5 0
      vertex 81.4213 -55.3132 0
      vertex 81.4937 -55.1601 0
    endloop
  endfacet
  facet normal 0 0 -1
    outer loop
      vertex 88.9 -63.5 0
      vertex 81.3343 -55.4584 0
      vertex 81.4213 -55.3132 0
    endloop
  endfacet
  facet normal 0 0 -1
    outer loop
      vertex 88.9 -63.5 0
      vertex 81.2334 -55.5943 0
      vertex 81.3343 -55.4584 0
    endloop
  endfacet
  facet normal 0 0 -1
    outer loop
      vertex 88.9 -63.5 0
      vertex 81.1198 -55.7198 0
      vertex 81.2334 -55.5943 0
    endloop
  endfacet
  facet normal 0 0 -1
    outer loop
      vertex 88.9 -63.5 0
      vertex 80.9943 -55.8334 0
      vertex 81.1198 -55.7198 0
    endloop
  endfacet
  facet normal 0 0 -1
    outer loop
      vertex 88.9 -63.5 0
      vertex 80.8584 -55.9343 0
      vertex 80.9943 -55.8334 0
    endloop
  endfacet
  facet normal 0 0 -1
    outer loop
      vertex 88.9 -63.5 0
      vertex 80.7132 -56.0213 0
      vertex 80.8584 -55.9343 0
    endloop
  endfacet
  facet normal 0 0 -1
    outer loop
      vertex 88.9 -63.5 0
      vertex 80.5601 -56.0937 0
      vertex 80.7132 -56.0213 0
    endloop
  endfacet
  facet normal 0 0 -1
    outer loop
      vertex 88.9 -63.5 0
      vertex 80.4007 -56.1507 0
      vertex 80.5601 -56.0937 0
    endloop
  endfacet
  facet normal 0 0 -1
    outer loop
      vertex 88.9 -63.5 0
      vertex 80.2365 -56.1919 0
      vertex 80.4007 -56.1507 0
    endloop
  endfacet
  facet normal 0 0 -1
    outer loop
      vertex 88.9 -63.5 0
      vertex 80.0691 -56.2167 0
      vertex 80.2365 -56.1919 0
    endloop
  endfacet
  facet normal 0 0 -1
    outer loop
      vertex 88.9 -63.5 0
      vertex 79.9 -56.225 0
      vertex 80.0691 -56.2167 0
    endloop
  endfacet
  facet normal 0 0 -1
    outer loop
      vertex 88.9 -63.5 0
      vertex 79.7309 -56.2167 0
      vertex 79.9 -56.225 0
    endloop
  endfacet
  facet normal 0 0 -1
    outer loop
      vertex 88.9 -63.5 0
      vertex 79.5635 -56.1919 0
      vertex 79.7309 -56.2167 0
    endloop
  endfacet
  facet normal 0 0 -1
    outer loop
      vertex 88.9 -63.5 0
      vertex 79.3993 -56.1507 0
      vertex 79.5635 -56.1919 0
    endloop
  endfacet
  facet normal 0 0 -1
    outer loop
      vertex 88.9 -63.5 0
      vertex 79.2399 -56.0937 0
      vertex 79.3993 -56.1507 0
    endloop
  endfacet
  facet normal 0 0 -1
    outer loop
      vertex 88.9 -63.5 0
      vertex 79.0868 -56.0213 0
      vertex 79.2399 -56.0937 0
    endloop
  endfacet
  facet normal 0 0 -1
    outer loop
      vertex 88.9 -63.5 0
      vertex 78.9416 -55.9343 0
      vertex 79.0868 -56.0213 0
    endloop
  endfacet
  facet normal 0 0 -1
    outer loop
      vertex 2.53757 -59.592 0
      vertex 78.9416 -55.9343 0
      vertex 88.9 -63.5 0
    endloop
  endfacet
  facet normal 0 0 -1
    outer loop
      vertex 3.98074 -56.1079 0
      vertex 78.175 -54.5 0
      vertex 4 -56.5 0
    endloop
  endfacet
  facet normal -0 0 -1
    outer loop
      vertex 78.1833 -54.6691 0
      vertex 4 -56.5 0
      vertex 78.175 -54.5 0
    endloop
  endfacet
  facet normal 0 0 -1
    outer loop
      vertex 3.98074 -56.8921 0
      vertex 78.1833 -54.6691 0
      vertex 78.2081 -54.8365 0
    endloop
  endfacet
  facet normal 0 0 -1
    outer loop
      vertex 3.92314 -57.2804 0
      vertex 78.2081 -54.8365 0
      vertex 78.2493 -55.0007 0
    endloop
  endfacet
  facet normal 0 0 -1
    outer loop
      vertex 3.82776 -57.6611 0
      vertex 78.2493 -55.0007 0
      vertex 78.3063 -55.1601 0
    endloop
  endfacet
  facet normal 0 0 -1
    outer loop
      vertex 3.69552 -58.0307 0
      vertex 78.3063 -55.1601 0
      vertex 78.3787 -55.3132 0
    endloop
  endfacet
  facet normal 0 0 -1
    outer loop
      vertex 3.52768 -58.3856 0
      vertex 78.3787 -55.3132 0
      vertex 78.4657 -55.4584 0
    endloop
  endfacet
  facet normal 0 0 -1
    outer loop
      vertex 3.32588 -58.7223 0
      vertex 78.4657 -55.4584 0
      vertex 78.5666 -55.5943 0
    endloop
  endfacet
  facet normal 0 0 -1
    outer loop
      vertex 3.09204 -59.0376 0
      vertex 78.5666 -55.5943 0
      vertex 78.6802 -55.7198 0
    endloop
  endfacet
  facet normal 0 0 -1
    outer loop
      vertex 3.09204 -59.0376 0
      vertex 78.6802 -55.7198 0
      vertex 78.8057 -55.8334 0
    endloop
  endfacet
  facet normal -0 0 -1
    outer loop
      vertex 78.9416 -55.9343 0
      vertex 2.53757 -59.592 0
      vertex 78.8057 -55.8334 0
    endloop
  endfacet
  facet normal 0 0 -1
    outer loop
      vertex 78.1833 -54.6691 0
      vertex 3.98074 -56.8921 0
      vertex 4 -56.5 0
    endloop
  endfacet
  facet normal 0 0 -1
    outer loop
      vertex 78.2081 -54.8365 0
      vertex 3.92314 -57.2804 0
      vertex 3.98074 -56.8921 0
    endloop
  endfacet
  facet normal 0 0 -1
    outer loop
      vertex 78.2493 -55.0007 0
      vertex 3.82776 -57.6611 0
      vertex 3.92314 -57.2804 0
    endloop
  endfacet
  facet normal 0 0 -1
    outer loop
      vertex 78.3063 -55.1601 0
      vertex 3.69552 -58.0307 0
      vertex 3.82776 -57.6611 0
    endloop
  endfacet
  facet normal 0 0 -1
    outer loop
      vertex 78.3787 -55.3132 0
      vertex 3.52768 -58.3856 0
      vertex 3.69552 -58.0307 0
    endloop
  endfacet
  facet normal 0 0 -1
    outer loop
      vertex 78.4657 -55.4584 0
      vertex 3.32588 -58.7223 0
      vertex 3.52768 -58.3856 0
    endloop
  endfacet
  facet normal 0 0 -1
    outer loop
      vertex 78.5666 -55.5943 0
      vertex 3.09204 -59.0376 0
      vertex 3.32588 -58.7223 0
    endloop
  endfacet
  facet normal 0 0 -1
    outer loop
      vertex 78.8057 -55.8334 0
      vertex 2.82843 -59.3284 0
      vertex 3.09204 -59.0376 0
    endloop
  endfacet
  facet normal 0 0 -1
    outer loop
      vertex 78.8057 -55.8334 0
      vertex 2.53757 -59.592 0
      vertex 2.82843 -59.3284 0
    endloop
  endfacet
  facet normal 0 0 -1
    outer loop
      vertex 88.9 -63.5 0
      vertex 2.22228 -59.8259 0
      vertex 2.53757 -59.592 0
    endloop
  endfacet
  facet normal 0 0 -1
    outer loop
      vertex 88.9 -63.5 0
      vertex 1.88559 -60.0277 0
      vertex 2.22228 -59.8259 0
    endloop
  endfacet
  facet normal 0 0 -1
    outer loop
      vertex 88.9 -63.5 0
      vertex 1.53073 -60.1955 0
      vertex 1.88559 -60.0277 0
    endloop
  endfacet
  facet normal 0 0 -1
    outer loop
      vertex 88.9 -63.5 0
      vertex 1.16114 -60.3278 0
      vertex 1.53073 -60.1955 0
    endloop
  endfacet
  facet normal 0 0 -1
    outer loop
      vertex 88.9 -63.5 0
      vertex 0.780361 -60.4231 0
      vertex 1.16114 -60.3278 0
    endloop
  endfacet
  facet normal 0 0 -1
    outer loop
      vertex 88.9 -63.5 0
      vertex 0.392068 -60.4807 0
      vertex 0.780361 -60.4231 0
    endloop
  endfacet
  facet normal 0 0 -1
    outer loop
      vertex 88.9 -63.5 0
      vertex 0 -60.5 0
      vertex 0.392068 -60.4807 0
    endloop
  endfacet
  facet normal 0 0 -1
    outer loop
      vertex -78.1833 -54.6691 0
      vertex -4 -56.5 0
      vertex -3.98074 -56.8921 0
    endloop
  endfacet
  facet normal 0 0 -1
    outer loop
      vertex -78.2081 -54.8365 0
      vertex -3.98074 -56.8921 0
      vertex -3.92314 -57.2804 0
    endloop
  endfacet
  facet normal 0 0 -1
    outer loop
      vertex -78.2493 -55.0007 0
      vertex -3.92314 -57.2804 0
      vertex -3.82776 -57.6611 0
    endloop
  endfacet
  facet normal 0 0 -1
    outer loop
      vertex -78.3063 -55.1601 0
      vertex -3.82776 -57.6611 0
      vertex -3.69552 -58.0307 0
    endloop
  endfacet
  facet normal 0 0 -1
    outer loop
      vertex -78.3787 -55.3132 0
      vertex -3.69552 -58.0307 0
      vertex -3.52768 -58.3856 0
    endloop
  endfacet
  facet normal 0 0 -1
    outer loop
      vertex -78.4657 -55.4584 0
      vertex -3.52768 -58.3856 0
      vertex -3.32588 -58.7223 0
    endloop
  endfacet
  facet normal 0 0 -1
    outer loop
      vertex -78.5666 -55.5943 0
      vertex -3.32588 -58.7223 0
      vertex -3.09204 -59.0376 0
    endloop
  endfacet
  facet normal 0 0 -1
    outer loop
      vertex -78.6802 -55.7198 0
      vertex -3.09204 -59.0376 0
      vertex -2.82843 -59.3284 0
    endloop
  endfacet
  facet normal 0 0 -1
    outer loop
      vertex -78.8057 -55.8334 0
      vertex -2.82843 -59.3284 0
      vertex -2.53757 -59.592 0
    endloop
  endfacet
  facet normal 0 0 -1
    outer loop
      vertex -4 -56.5 0
      vertex -77.9193 -0.392068 0
      vertex -77.9 0 0
    endloop
  endfacet
  facet normal 0 0 -1
    outer loop
      vertex -4 -56.5 0
      vertex -77.9769 -0.780361 0
      vertex -77.9193 -0.392068 0
    endloop
  endfacet
  facet normal 0 0 -1
    outer loop
      vertex -4 -56.5 0
      vertex -78.0722 -1.16114 0
      vertex -77.9769 -0.780361 0
    endloop
  endfacet
  facet normal 0 0 -1
    outer loop
      vertex -4 -56.5 0
      vertex -78.175 -54.5 0
      vertex -78.1833 -54.3309 0
    endloop
  endfacet
  facet normal 0 0 -1
    outer loop
      vertex -88.9 -63.5 0
      vertex -2.53757 -59.592 0
      vertex -2.22228 -59.8259 0
    endloop
  endfacet
  facet normal 0 0 -1
    outer loop
      vertex -88.9 -63.5 0
      vertex -2.22228 -59.8259 0
      vertex -1.88559 -60.0277 0
    endloop
  endfacet
  facet normal 0 0 -1
    outer loop
      vertex -88.9 -63.5 0
      vertex -1.88559 -60.0277 0
      vertex -1.53073 -60.1955 0
    endloop
  endfacet
  facet normal 0 0 -1
    outer loop
      vertex -88.9 -63.5 0
      vertex -1.53073 -60.1955 0
      vertex -1.16114 -60.3278 0
    endloop
  endfacet
  facet normal 0 0 -1
    outer loop
      vertex -88.9 -63.5 0
      vertex -1.16114 -60.3278 0
      vertex -0.780361 -60.4231 0
    endloop
  endfacet
  facet normal 0 0 -1
    outer loop
      vertex -88.9 -63.5 0
      vertex -0.780361 -60.4231 0
      vertex -0.392068 -60.4807 0
    endloop
  endfacet
  facet normal 0 0 -1
    outer loop
      vertex -4 -56.5 0
      vertex -78.1833 -54.6691 0
      vertex -78.175 -54.5 0
    endloop
  endfacet
  facet normal 0 0 -1
    outer loop
      vertex -3.98074 -56.8921 0
      vertex -78.2081 -54.8365 0
      vertex -78.1833 -54.6691 0
    endloop
  endfacet
  facet normal 0 0 -1
    outer loop
      vertex -3.92314 -57.2804 0
      vertex -78.2493 -55.0007 0
      vertex -78.2081 -54.8365 0
    endloop
  endfacet
  facet normal 0 0 -1
    outer loop
      vertex -3.82776 -57.6611 0
      vertex -78.3063 -55.1601 0
      vertex -78.2493 -55.0007 0
    endloop
  endfacet
  facet normal 0 0 -1
    outer loop
      vertex -3.69552 -58.0307 0
      vertex -78.3787 -55.3132 0
      vertex -78.3063 -55.1601 0
    endloop
  endfacet
  facet normal 0 0 -1
    outer loop
      vertex -3.52768 -58.3856 0
      vertex -78.4657 -55.4584 0
      vertex -78.3787 -55.3132 0
    endloop
  endfacet
  facet normal 0 0 -1
    outer loop
      vertex -3.32588 -58.7223 0
      vertex -78.5666 -55.5943 0
      vertex -78.4657 -55.4584 0
    endloop
  endfacet
  facet normal 0 0 -1
    outer loop
      vertex -3.09204 -59.0376 0
      vertex -78.6802 -55.7198 0
      vertex -78.5666 -55.5943 0
    endloop
  endfacet
  facet normal 0 0 -1
    outer loop
      vertex -2.82843 -59.3284 0
      vertex -78.8057 -55.8334 0
      vertex -78.6802 -55.7198 0
    endloop
  endfacet
  facet normal 0 0 -1
    outer loop
      vertex -2.53757 -59.592 0
      vertex -78.9416 -55.9343 0
      vertex -78.8057 -55.8334 0
    endloop
  endfacet
  facet normal -0 0 -1
    outer loop
      vertex -2.53757 -59.592 0
      vertex -88.9 -63.5 0
      vertex -78.9416 -55.9343 0
    endloop
  endfacet
  facet normal 0 0 -1
    outer loop
      vertex -78.9416 -55.9343 0
      vertex -88.9 -63.5 0
      vertex -79.0868 -56.0213 0
    endloop
  endfacet
  facet normal 0 0 -1
    outer loop
      vertex -79.0868 -56.0213 0
      vertex -88.9 -63.5 0
      vertex -79.2399 -56.0937 0
    endloop
  endfacet
  facet normal 0 0 -1
    outer loop
      vertex -79.2399 -56.0937 0
      vertex -88.9 -63.5 0
      vertex -79.3993 -56.1507 0
    endloop
  endfacet
  facet normal 0 0 -1
    outer loop
      vertex -79.3993 -56.1507 0
      vertex -88.9 -63.5 0
      vertex -79.5635 -56.1919 0
    endloop
  endfacet
  facet normal 0 0 -1
    outer loop
      vertex -79.5635 -56.1919 0
      vertex -88.9 -63.5 0
      vertex -79.7309 -56.2167 0
    endloop
  endfacet
  facet normal 0 0 -1
    outer loop
      vertex -79.7309 -56.2167 0
      vertex -88.9 -63.5 0
      vertex -79.9 -56.225 0
    endloop
  endfacet
  facet normal 0 0 -1
    outer loop
      vertex -80.0691 -52.7833 0
      vertex -82.2921 -3.98074 0
      vertex -81.9 -4 0
    endloop
  endfacet
  facet normal 0 0 -1
    outer loop
      vertex -81.6167 -54.3309 0
      vertex -82.6804 -3.92314 0
      vertex -82.2921 -3.98074 0
    endloop
  endfacet
  facet normal 0 0 -1
    outer loop
      vertex -81.6167 -54.3309 0
      vertex -83.0611 -3.82776 0
      vertex -82.6804 -3.92314 0
    endloop
  endfacet
  facet normal 0 0 -1
    outer loop
      vertex -81.6167 -54.3309 0
      vertex -83.4307 -3.69552 0
      vertex -83.0611 -3.82776 0
    endloop
  endfacet
  facet normal 0 0 -1
    outer loop
      vertex -81.6167 -54.3309 0
      vertex -83.7856 -3.52768 0
      vertex -83.4307 -3.69552 0
    endloop
  endfacet
  facet normal 0 0 -1
    outer loop
      vertex -81.6167 -54.3309 0
      vertex -84.1223 -3.32588 0
      vertex -83.7856 -3.52768 0
    endloop
  endfacet
  facet normal 0 0 -1
    outer loop
      vertex -81.6167 -54.3309 0
      vertex -84.4376 -3.09204 0
      vertex -84.1223 -3.32588 0
    endloop
  endfacet
  facet normal 0 0 -1
    outer loop
      vertex -88.9 -63.5 0
      vertex -81.625 -54.5 0
      vertex -81.6167 -54.6691 0
    endloop
  endfacet
  facet normal 0 0 -1
    outer loop
      vertex -81.6167 -54.3309 0
      vertex -84.7284 -2.82843 0
      vertex -84.4376 -3.09204 0
    endloop
  endfacet
  facet normal 0 0 -1
    outer loop
      vertex -81.6167 -54.3309 0
      vertex -84.992 -2.53757 0
      vertex -84.7284 -2.82843 0
    endloop
  endfacet
  facet normal -0 0 -1
    outer loop
      vertex -81.6167 -54.3309 0
      vertex -88.9 -63.5 0
      vertex -84.992 -2.53757 0
    endloop
  endfacet
  facet normal -0 0 -1
    outer loop
      vertex -84.992 -2.53757 0
      vertex -88.9 -63.5 0
      vertex -85.2259 -2.22228 0
    endloop
  endfacet
  facet normal -0 0 -1
    outer loop
      vertex -85.2259 -2.22228 0
      vertex -88.9 -63.5 0
      vertex -85.4277 -1.88559 0
    endloop
  endfacet
  facet normal -0 0 -1
    outer loop
      vertex -85.4277 -1.88559 0
      vertex -88.9 -63.5 0
      vertex -85.5955 -1.53073 0
    endloop
  endfacet
  facet normal -0 0 -1
    outer loop
      vertex -85.5955 -1.53073 0
      vertex -88.9 -63.5 0
      vertex -85.7278 -1.16114 0
    endloop
  endfacet
  facet normal -0 0 -1
    outer loop
      vertex -85.7278 -1.16114 0
      vertex -88.9 -63.5 0
      vertex -85.8231 -0.780361 0
    endloop
  endfacet
  facet normal -0 0 -1
    outer loop
      vertex -85.8807 -0.392068 0
      vertex -88.9 -63.5 0
      vertex -85.9 0 0
    endloop
  endfacet
  facet normal -0 0 -1
    outer loop
      vertex -85.8231 -0.780361 0
      vertex -88.9 -63.5 0
      vertex -85.8807 -0.392068 0
    endloop
  endfacet
  facet normal -0 0 -1
    outer loop
      vertex -81.5919 -54.8365 0
      vertex -88.9 -63.5 0
      vertex -81.6167 -54.6691 0
    endloop
  endfacet
  facet normal -0 0 -1
    outer loop
      vertex -81.5507 -55.0007 0
      vertex -88.9 -63.5 0
      vertex -81.5919 -54.8365 0
    endloop
  endfacet
  facet normal -0 0 -1
    outer loop
      vertex -81.4937 -55.1601 0
      vertex -88.9 -63.5 0
      vertex -81.5507 -55.0007 0
    endloop
  endfacet
  facet normal -0 0 -1
    outer loop
      vertex -81.4213 -55.3132 0
      vertex -88.9 -63.5 0
      vertex -81.4937 -55.1601 0
    endloop
  endfacet
  facet normal -0 0 -1
    outer loop
      vertex -81.3343 -55.4584 0
      vertex -88.9 -63.5 0
      vertex -81.4213 -55.3132 0
    endloop
  endfacet
  facet normal -0 0 -1
    outer loop
      vertex -81.2334 -55.5943 0
      vertex -88.9 -63.5 0
      vertex -81.3343 -55.4584 0
    endloop
  endfacet
  facet normal -0 0 -1
    outer loop
      vertex -81.1198 -55.7198 0
      vertex -88.9 -63.5 0
      vertex -81.2334 -55.5943 0
    endloop
  endfacet
  facet normal -0 0 -1
    outer loop
      vertex -80.9943 -55.8334 0
      vertex -88.9 -63.5 0
      vertex -81.1198 -55.7198 0
    endloop
  endfacet
  facet normal -0 0 -1
    outer loop
      vertex -80.8584 -55.9343 0
      vertex -88.9 -63.5 0
      vertex -80.9943 -55.8334 0
    endloop
  endfacet
  facet normal -0 0 -1
    outer loop
      vertex -80.7132 -56.0213 0
      vertex -88.9 -63.5 0
      vertex -80.8584 -55.9343 0
    endloop
  endfacet
  facet normal -0 0 -1
    outer loop
      vertex -80.5601 -56.0937 0
      vertex -88.9 -63.5 0
      vertex -80.7132 -56.0213 0
    endloop
  endfacet
  facet normal -0 0 -1
    outer loop
      vertex -80.4007 -56.1507 0
      vertex -88.9 -63.5 0
      vertex -80.5601 -56.0937 0
    endloop
  endfacet
  facet normal -0 0 -1
    outer loop
      vertex -80.2365 -56.1919 0
      vertex -88.9 -63.5 0
      vertex -80.4007 -56.1507 0
    endloop
  endfacet
  facet normal -0 0 -1
    outer loop
      vertex -80.0691 -56.2167 0
      vertex -88.9 -63.5 0
      vertex -80.2365 -56.1919 0
    endloop
  endfacet
  facet normal -0 0 -1
    outer loop
      vertex -79.9 -56.225 0
      vertex -88.9 -63.5 0
      vertex -80.0691 -56.2167 0
    endloop
  endfacet
  facet normal -0 0 -1
    outer loop
      vertex 0 -60.5 0
      vertex -88.9 -63.5 0
      vertex -0.392068 -60.4807 0
    endloop
  endfacet
  facet normal 0 0 -1
    outer loop
      vertex -88.9 -63.5 0
      vertex 0 -60.5 0
      vertex 88.9 -63.5 0
    endloop
  endfacet
  facet normal 0 0 -1
    outer loop
      vertex 81.5919 -54.1635 0
      vertex 88.9 -63.5 0
      vertex 81.6167 -54.3309 0
    endloop
  endfacet
  facet normal 0 0 -1
    outer loop
      vertex 81.6167 54.6691 0
      vertex 88.9 63.5 0
      vertex 81.625 54.5 0
    endloop
  endfacet
  facet normal 0 0 -1
    outer loop
      vertex 81.5919 54.8365 0
      vertex 88.9 63.5 0
      vertex 81.6167 54.6691 0
    endloop
  endfacet
  facet normal 0 0 -1
    outer loop
      vertex 81.5507 55.0007 0
      vertex 88.9 63.5 0
      vertex 81.5919 54.8365 0
    endloop
  endfacet
  facet normal 0 0 -1
    outer loop
      vertex 81.4937 55.1601 0
      vertex 88.9 63.5 0
      vertex 81.5507 55.0007 0
    endloop
  endfacet
  facet normal 0 0 -1
    outer loop
      vertex 81.4213 55.3132 0
      vertex 88.9 63.5 0
      vertex 81.4937 55.1601 0
    endloop
  endfacet
  facet normal 0 0 -1
    outer loop
      vertex 81.3343 55.4584 0
      vertex 88.9 63.5 0
      vertex 81.4213 55.3132 0
    endloop
  endfacet
  facet normal 0 0 -1
    outer loop
      vertex 81.2334 55.5943 0
      vertex 88.9 63.5 0
      vertex 81.3343 55.4584 0
    endloop
  endfacet
  facet normal 0 0 -1
    outer loop
      vertex 81.1198 55.7198 0
      vertex 88.9 63.5 0
      vertex 81.2334 55.5943 0
    endloop
  endfacet
  facet normal 0 0 -1
    outer loop
      vertex 80.9943 55.8334 0
      vertex 88.9 63.5 0
      vertex 81.1198 55.7198 0
    endloop
  endfacet
  facet normal 0 0 -1
    outer loop
      vertex 80.8584 55.9343 0
      vertex 88.9 63.5 0
      vertex 80.9943 55.8334 0
    endloop
  endfacet
  facet normal 0 0 -1
    outer loop
      vertex 80.7132 56.0213 0
      vertex 88.9 63.5 0
      vertex 80.8584 55.9343 0
    endloop
  endfacet
  facet normal 0 0 -1
    outer loop
      vertex 80.5601 56.0937 0
      vertex 88.9 63.5 0
      vertex 80.7132 56.0213 0
    endloop
  endfacet
  facet normal 0 0 -1
    outer loop
      vertex 80.4007 56.1507 0
      vertex 88.9 63.5 0
      vertex 80.5601 56.0937 0
    endloop
  endfacet
  facet normal 0 0 -1
    outer loop
      vertex 80.2365 56.1919 0
      vertex 88.9 63.5 0
      vertex 80.4007 56.1507 0
    endloop
  endfacet
  facet normal 0 0 -1
    outer loop
      vertex 80.0691 56.2167 0
      vertex 88.9 63.5 0
      vertex 80.2365 56.1919 0
    endloop
  endfacet
  facet normal 0 0 -1
    outer loop
      vertex 79.9 56.225 0
      vertex 88.9 63.5 0
      vertex 80.0691 56.2167 0
    endloop
  endfacet
  facet normal 0 0 -1
    outer loop
      vertex 79.7309 56.2167 0
      vertex 88.9 63.5 0
      vertex 79.9 56.225 0
    endloop
  endfacet
  facet normal 0 0 -1
    outer loop
      vertex 79.5635 56.1919 0
      vertex 88.9 63.5 0
      vertex 79.7309 56.2167 0
    endloop
  endfacet
  facet normal 0 0 -1
    outer loop
      vertex 79.3993 56.1507 0
      vertex 88.9 63.5 0
      vertex 79.5635 56.1919 0
    endloop
  endfacet
  facet normal 0 0 -1
    outer loop
      vertex 79.2399 56.0937 0
      vertex 88.9 63.5 0
      vertex 79.3993 56.1507 0
    endloop
  endfacet
  facet normal 0 0 -1
    outer loop
      vertex 79.0868 56.0213 0
      vertex 88.9 63.5 0
      vertex 79.2399 56.0937 0
    endloop
  endfacet
  facet normal 0 0 -1
    outer loop
      vertex 78.9416 55.9343 0
      vertex 88.9 63.5 0
      vertex 79.0868 56.0213 0
    endloop
  endfacet
  facet normal 0 0 -1
    outer loop
      vertex -78.9416 55.9343 0
      vertex 78.9416 55.9343 0
      vertex 78.8057 55.8334 0
    endloop
  endfacet
  facet normal 0 0 -1
    outer loop
      vertex 78.1833 -54.3309 0
      vertex 3.98074 -56.1079 0
      vertex 3.92314 -55.7196 0
    endloop
  endfacet
  facet normal 0 0 -1
    outer loop
      vertex 78.2081 -54.1635 0
      vertex 3.92314 -55.7196 0
      vertex 3.82776 -55.3389 0
    endloop
  endfacet
  facet normal 0 0 -1
    outer loop
      vertex 78.2493 -53.9993 0
      vertex 3.82776 -55.3389 0
      vertex 3.69552 -54.9693 0
    endloop
  endfacet
  facet normal 0 0 -1
    outer loop
      vertex 78.3063 -53.8399 0
      vertex 3.69552 -54.9693 0
      vertex 3.52768 -54.6144 0
    endloop
  endfacet
  facet normal 0 0 -1
    outer loop
      vertex 78.3787 -53.6868 0
      vertex 3.52768 -54.6144 0
      vertex 3.32588 -54.2777 0
    endloop
  endfacet
  facet normal 0 0 -1
    outer loop
      vertex 78.4657 -53.5416 0
      vertex 3.32588 -54.2777 0
      vertex 3.09204 -53.9624 0
    endloop
  endfacet
  facet normal 0 0 -1
    outer loop
      vertex 78.5666 -53.4057 0
      vertex 3.09204 -53.9624 0
      vertex 2.82843 -53.6716 0
    endloop
  endfacet
  facet normal 0 0 -1
    outer loop
      vertex 78.6802 -53.2802 0
      vertex 2.82843 -53.6716 0
      vertex 2.53757 -53.408 0
    endloop
  endfacet
  facet normal -0 0 -1
    outer loop
      vertex 78.4657 53.5416 0
      vertex 0.780361 -52.5769 0
      vertex 78.3787 53.6868 0
    endloop
  endfacet
  facet normal 0 0 -1
    outer loop
      vertex 0.392068 -52.5193 0
      vertex 78.3787 53.6868 0
      vertex 0.780361 -52.5769 0
    endloop
  endfacet
  facet normal -0 0 -1
    outer loop
      vertex 78.3787 53.6868 0
      vertex 0.392068 -52.5193 0
      vertex 78.3063 53.8399 0
    endloop
  endfacet
  facet normal 0 0 -1
    outer loop
      vertex 0 -52.5 0
      vertex 78.3063 53.8399 0
      vertex 0.392068 -52.5193 0
    endloop
  endfacet
  facet normal -0 0 -1
    outer loop
      vertex 78.3063 53.8399 0
      vertex 0 -52.5 0
      vertex 78.2493 53.9993 0
    endloop
  endfacet
  facet normal 0 0 -1
    outer loop
      vertex -78.1833 54.3309 0
      vertex 78.2493 53.9993 0
      vertex 0 -52.5 0
    endloop
  endfacet
  facet normal 0 0 -1
    outer loop
      vertex -78.1833 54.3309 0
      vertex 78.2081 54.1635 0
      vertex 78.2493 53.9993 0
    endloop
  endfacet
  facet normal 0 0 -1
    outer loop
      vertex -78.1833 54.3309 0
      vertex 78.1833 54.3309 0
      vertex 78.2081 54.1635 0
    endloop
  endfacet
  facet normal 0 0 -1
    outer loop
      vertex 78.1833 54.3309 0
      vertex -78.175 54.5 0
      vertex 78.175 54.5 0
    endloop
  endfacet
  facet normal 0 0 -1
    outer loop
      vertex 78.175 54.5 0
      vertex -78.175 54.5 0
      vertex 78.1833 54.6691 0
    endloop
  endfacet
  facet normal 0 0 -1
    outer loop
      vertex -78.1833 54.6691 0
      vertex 78.1833 54.6691 0
      vertex -78.175 54.5 0
    endloop
  endfacet
  facet normal 0 0 -1
    outer loop
      vertex 78.1833 54.6691 0
      vertex -78.1833 54.6691 0
      vertex 78.2081 54.8365 0
    endloop
  endfacet
  facet normal 0 0 -1
    outer loop
      vertex -78.2081 54.8365 0
      vertex 78.2081 54.8365 0
      vertex -78.1833 54.6691 0
    endloop
  endfacet
  facet normal 0 0 -1
    outer loop
      vertex 78.2081 54.8365 0
      vertex -78.2081 54.8365 0
      vertex 78.2493 55.0007 0
    endloop
  endfacet
  facet normal 0 0 -1
    outer loop
      vertex -78.0722 1.16114 0
      vertex 0 -52.5 0
      vertex -0.392068 -52.5193 0
    endloop
  endfacet
  facet normal 0 0 -1
    outer loop
      vertex -77.9769 0.780361 0
      vertex -0.392068 -52.5193 0
      vertex -0.780361 -52.5769 0
    endloop
  endfacet
  facet normal 0 0 -1
    outer loop
      vertex -77.9193 0.392068 0
      vertex -0.780361 -52.5769 0
      vertex -1.16114 -52.6722 0
    endloop
  endfacet
  facet normal 0 0 -1
    outer loop
      vertex -77.9 0 0
      vertex -1.16114 -52.6722 0
      vertex -1.53073 -52.8045 0
    endloop
  endfacet
  facet normal 0 0 -1
    outer loop
      vertex -77.9 0 0
      vertex -1.53073 -52.8045 0
      vertex -1.88559 -52.9723 0
    endloop
  endfacet
  facet normal 0 0 -1
    outer loop
      vertex -77.9 0 0
      vertex -1.88559 -52.9723 0
      vertex -2.22228 -53.1741 0
    endloop
  endfacet
  facet normal 0 0 -1
    outer loop
      vertex -78.2493 55.0007 0
      vertex 78.2493 55.0007 0
      vertex -78.2081 54.8365 0
    endloop
  endfacet
  facet normal 0 0 -1
    outer loop
      vertex -77.9 0 0
      vertex -2.22228 -53.1741 0
      vertex -2.53757 -53.408 0
    endloop
  endfacet
  facet normal 0 0 -1
    outer loop
      vertex -77.9 0 0
      vertex -2.53757 -53.408 0
      vertex -2.82843 -53.6716 0
    endloop
  endfacet
  facet normal 0 0 -1
    outer loop
      vertex -77.9 0 0
      vertex -2.82843 -53.6716 0
      vertex -3.09204 -53.9624 0
    endloop
  endfacet
  facet normal 0 0 -1
    outer loop
      vertex -77.9 0 0
      vertex -3.98074 -56.1079 0
      vertex -4 -56.5 0
    endloop
  endfacet
  facet normal 0 0 -1
    outer loop
      vertex -77.9 0 0
      vertex -3.92314 -55.7196 0
      vertex -3.98074 -56.1079 0
    endloop
  endfacet
  facet normal 0 0 -1
    outer loop
      vertex -77.9 0 0
      vertex -3.82776 -55.3389 0
      vertex -3.92314 -55.7196 0
    endloop
  endfacet
  facet normal 0 0 -1
    outer loop
      vertex -77.9 0 0
      vertex -3.69552 -54.9693 0
      vertex -3.82776 -55.3389 0
    endloop
  endfacet
  facet normal 0 0 -1
    outer loop
      vertex -77.9 0 0
      vertex -3.52768 -54.6144 0
      vertex -3.69552 -54.9693 0
    endloop
  endfacet
  facet normal 0 0 -1
    outer loop
      vertex -77.9 0 0
      vertex -3.32588 -54.2777 0
      vertex -3.52768 -54.6144 0
    endloop
  endfacet
  facet normal 0 0 -1
    outer loop
      vertex -77.9 0 0
      vertex -3.09204 -53.9624 0
      vertex -3.32588 -54.2777 0
    endloop
  endfacet
  facet normal 0 0 -1
    outer loop
      vertex -1.16114 -52.6722 0
      vertex -77.9 0 0
      vertex -77.9193 0.392068 0
    endloop
  endfacet
  facet normal 0 0 -1
    outer loop
      vertex -0.780361 -52.5769 0
      vertex -77.9193 0.392068 0
      vertex -77.9769 0.780361 0
    endloop
  endfacet
  facet normal 0 0 -1
    outer loop
      vertex -0.392068 -52.5193 0
      vertex -77.9769 0.780361 0
      vertex -78.0722 1.16114 0
    endloop
  endfacet
  facet normal 0 0 -1
    outer loop
      vertex -78.2493 53.9993 0
      vertex 0 -52.5 0
      vertex -78.0722 1.16114 0
    endloop
  endfacet
  facet normal 0 0 -1
    outer loop
      vertex 78.2493 55.0007 0
      vertex -78.2493 55.0007 0
      vertex 78.3063 55.1601 0
    endloop
  endfacet
  facet normal 0 0 -1
    outer loop
      vertex -78.3063 55.1601 0
      vertex 78.3063 55.1601 0
      vertex -78.2493 55.0007 0
    endloop
  endfacet
  facet normal 0 0 -1
    outer loop
      vertex 78.3063 55.1601 0
      vertex -78.3063 55.1601 0
      vertex 78.3787 55.3132 0
    endloop
  endfacet
  facet normal 0 0 -1
    outer loop
      vertex -78.3787 55.3132 0
      vertex 78.3787 55.3132 0
      vertex -78.3063 55.1601 0
    endloop
  endfacet
  facet normal 0 0 -1
    outer loop
      vertex 78.3787 55.3132 0
      vertex -78.3787 55.3132 0
      vertex 78.4657 55.4584 0
    endloop
  endfacet
  facet normal 0 0 -1
    outer loop
      vertex -78.4657 55.4584 0
      vertex 78.4657 55.4584 0
      vertex -78.3787 55.3132 0
    endloop
  endfacet
  facet normal 0 0 -1
    outer loop
      vertex 78.4657 55.4584 0
      vertex -78.4657 55.4584 0
      vertex 78.5666 55.5943 0
    endloop
  endfacet
  facet normal 0 0 -1
    outer loop
      vertex -78.5666 55.5943 0
      vertex 78.5666 55.5943 0
      vertex -78.4657 55.4584 0
    endloop
  endfacet
  facet normal 0 0 -1
    outer loop
      vertex 78.5666 55.5943 0
      vertex -78.5666 55.5943 0
      vertex 78.6802 55.7198 0
    endloop
  endfacet
  facet normal 0 0 -1
    outer loop
      vertex -78.6802 55.7198 0
      vertex 78.6802 55.7198 0
      vertex -78.5666 55.5943 0
    endloop
  endfacet
  facet normal 0 0 -1
    outer loop
      vertex 78.6802 55.7198 0
      vertex -78.6802 55.7198 0
      vertex 78.8057 55.8334 0
    endloop
  endfacet
  facet normal 0 0 -1
    outer loop
      vertex -78.8057 55.8334 0
      vertex 78.8057 55.8334 0
      vertex -78.6802 55.7198 0
    endloop
  endfacet
  facet normal 0 0 -1
    outer loop
      vertex -78.9416 55.9343 0
      vertex 78.8057 55.8334 0
      vertex -78.8057 55.8334 0
    endloop
  endfacet
  facet normal 0 0 -1
    outer loop
      vertex 78.9416 55.9343 0
      vertex -78.9416 55.9343 0
      vertex 88.9 63.5 0
    endloop
  endfacet
  facet normal 0 0 -1
    outer loop
      vertex -88.9 63.5 0
      vertex -78.9416 55.9343 0
      vertex -79.0868 56.0213 0
    endloop
  endfacet
  facet normal 0 0 -1
    outer loop
      vertex -88.9 63.5 0
      vertex -79.0868 56.0213 0
      vertex -79.2399 56.0937 0
    endloop
  endfacet
  facet normal 0 0 -1
    outer loop
      vertex -88.9 63.5 0
      vertex -79.2399 56.0937 0
      vertex -79.3993 56.1507 0
    endloop
  endfacet
  facet normal 0 0 -1
    outer loop
      vertex -88.9 63.5 0
      vertex -79.3993 56.1507 0
      vertex -79.5635 56.1919 0
    endloop
  endfacet
  facet normal 0 0 -1
    outer loop
      vertex -88.9 63.5 0
      vertex -79.5635 56.1919 0
      vertex -79.7309 56.2167 0
    endloop
  endfacet
  facet normal 0 0 -1
    outer loop
      vertex -88.9 63.5 0
      vertex -79.7309 56.2167 0
      vertex -79.9 56.225 0
    endloop
  endfacet
  facet normal 0 0 -1
    outer loop
      vertex -84.7284 2.82843 0
      vertex -81.2334 53.4057 0
      vertex -84.4376 3.09204 0
    endloop
  endfacet
  facet normal -0 0 -1
    outer loop
      vertex -81.2334 53.4057 0
      vertex -84.7284 2.82843 0
      vertex -81.3343 53.5416 0
    endloop
  endfacet
  facet normal 0 0 -1
    outer loop
      vertex -84.992 2.53757 0
      vertex -81.3343 53.5416 0
      vertex -84.7284 2.82843 0
    endloop
  endfacet
  facet normal -0 0 -1
    outer loop
      vertex -81.3343 53.5416 0
      vertex -84.992 2.53757 0
      vertex -81.4213 53.6868 0
    endloop
  endfacet
  facet normal 0 0 -1
    outer loop
      vertex -88.9 63.5 0
      vertex -81.4213 53.6868 0
      vertex -84.992 2.53757 0
    endloop
  endfacet
  facet normal 0 0 -1
    outer loop
      vertex -81.4213 53.6868 0
      vertex -88.9 63.5 0
      vertex -81.4937 53.8399 0
    endloop
  endfacet
  facet normal 0 0 -1
    outer loop
      vertex -81.4937 53.8399 0
      vertex -88.9 63.5 0
      vertex -81.5507 53.9993 0
    endloop
  endfacet
  facet normal 0 0 -1
    outer loop
      vertex -81.5507 53.9993 0
      vertex -88.9 63.5 0
      vertex -81.5919 54.1635 0
    endloop
  endfacet
  facet normal 0 0 -1
    outer loop
      vertex -81.5919 54.1635 0
      vertex -88.9 63.5 0
      vertex -81.6167 54.3309 0
    endloop
  endfacet
  facet normal 0 0 -1
    outer loop
      vertex -81.6167 54.3309 0
      vertex -88.9 63.5 0
      vertex -81.625 54.5 0
    endloop
  endfacet
  facet normal 0 0 -1
    outer loop
      vertex -88.9 63.5 0
      vertex -84.992 2.53757 0
      vertex -85.2259 2.22228 0
    endloop
  endfacet
  facet normal 0 0 -1
    outer loop
      vertex -88.9 63.5 0
      vertex -85.2259 2.22228 0
      vertex -85.4277 1.88559 0
    endloop
  endfacet
  facet normal 0 0 -1
    outer loop
      vertex -88.9 63.5 0
      vertex -85.4277 1.88559 0
      vertex -85.5955 1.53073 0
    endloop
  endfacet
  facet normal 0 0 -1
    outer loop
      vertex -88.9 63.5 0
      vertex -85.5955 1.53073 0
      vertex -85.7278 1.16114 0
    endloop
  endfacet
  facet normal 0 0 -1
    outer loop
      vertex -88.9 63.5 0
      vertex -85.7278 1.16114 0
      vertex -85.8231 0.780361 0
    endloop
  endfacet
  facet normal 0 0 -1
    outer loop
      vertex -88.9 63.5 0
      vertex -85.8231 0.780361 0
      vertex -85.8807 0.392068 0
    endloop
  endfacet
  facet normal 0 0 -1
    outer loop
      vertex -78.9416 55.9343 0
      vertex -88.9 63.5 0
      vertex 88.9 63.5 0
    endloop
  endfacet
  facet normal 0 0 -1
    outer loop
      vertex -80.0691 56.2167 0
      vertex -88.9 63.5 0
      vertex -79.9 56.225 0
    endloop
  endfacet
  facet normal 0 0 -1
    outer loop
      vertex -80.2365 56.1919 0
      vertex -88.9 63.5 0
      vertex -80.0691 56.2167 0
    endloop
  endfacet
  facet normal 0 0 -1
    outer loop
      vertex -80.4007 56.1507 0
      vertex -88.9 63.5 0
      vertex -80.2365 56.1919 0
    endloop
  endfacet
  facet normal 0 0 -1
    outer loop
      vertex -80.5601 56.0937 0
      vertex -88.9 63.5 0
      vertex -80.4007 56.1507 0
    endloop
  endfacet
  facet normal 0 0 -1
    outer loop
      vertex -80.7132 56.0213 0
      vertex -88.9 63.5 0
      vertex -80.5601 56.0937 0
    endloop
  endfacet
  facet normal 0 0 -1
    outer loop
      vertex -80.8584 55.9343 0
      vertex -88.9 63.5 0
      vertex -80.7132 56.0213 0
    endloop
  endfacet
  facet normal 0 0 -1
    outer loop
      vertex -80.9943 55.8334 0
      vertex -88.9 63.5 0
      vertex -80.8584 55.9343 0
    endloop
  endfacet
  facet normal 0 0 -1
    outer loop
      vertex -81.1198 55.7198 0
      vertex -88.9 63.5 0
      vertex -80.9943 55.8334 0
    endloop
  endfacet
  facet normal 0 0 -1
    outer loop
      vertex -81.2334 55.5943 0
      vertex -88.9 63.5 0
      vertex -81.1198 55.7198 0
    endloop
  endfacet
  facet normal 0 0 -1
    outer loop
      vertex -81.3343 55.4584 0
      vertex -88.9 63.5 0
      vertex -81.2334 55.5943 0
    endloop
  endfacet
  facet normal 0 0 -1
    outer loop
      vertex -81.4213 55.3132 0
      vertex -88.9 63.5 0
      vertex -81.3343 55.4584 0
    endloop
  endfacet
  facet normal 0 0 -1
    outer loop
      vertex -81.4937 55.1601 0
      vertex -88.9 63.5 0
      vertex -81.4213 55.3132 0
    endloop
  endfacet
  facet normal 0 0 -1
    outer loop
      vertex -81.5507 55.0007 0
      vertex -88.9 63.5 0
      vertex -81.4937 55.1601 0
    endloop
  endfacet
  facet normal 0 0 -1
    outer loop
      vertex -81.5919 54.8365 0
      vertex -88.9 63.5 0
      vertex -81.5507 55.0007 0
    endloop
  endfacet
  facet normal 0 0 -1
    outer loop
      vertex -81.6167 54.6691 0
      vertex -88.9 63.5 0
      vertex -81.5919 54.8365 0
    endloop
  endfacet
  facet normal 0 0 -1
    outer loop
      vertex -81.625 54.5 0
      vertex -88.9 63.5 0
      vertex -81.6167 54.6691 0
    endloop
  endfacet
  facet normal 0 0 -1
    outer loop
      vertex -85.9 0 0
      vertex -88.9 63.5 0
      vertex -85.8807 0.392068 0
    endloop
  endfacet
  facet normal 0 0 -1
    outer loop
      vertex -88.9 63.5 0
      vertex -85.9 0 0
      vertex -88.9 -63.5 0
    endloop
  endfacet
  facet normal 0 0 -1
    outer loop
      vertex -4 -56.5 0
      vertex -78.1833 -54.3309 0
      vertex -78.2081 -54.1635 0
    endloop
  endfacet
  facet normal 0 0 -1
    outer loop
      vertex -4 -56.5 0
      vertex -78.2081 -54.1635 0
      vertex -78.2493 -53.9993 0
    endloop
  endfacet
  facet normal 0 0 -1
    outer loop
      vertex -4 -56.5 0
      vertex -78.2493 -53.9993 0
      vertex -78.3063 -53.8399 0
    endloop
  endfacet
  facet normal 0 0 -1
    outer loop
      vertex -4 -56.5 0
      vertex -78.2045 -1.53073 0
      vertex -78.0722 -1.16114 0
    endloop
  endfacet
  facet normal 0 0 -1
    outer loop
      vertex -4 -56.5 0
      vertex -78.3063 -53.8399 0
      vertex -78.3787 -53.6868 0
    endloop
  endfacet
  facet normal 0 0 -1
    outer loop
      vertex -4 -56.5 0
      vertex -78.3723 -1.88559 0
      vertex -78.2045 -1.53073 0
    endloop
  endfacet
  facet normal 0 0 -1
    outer loop
      vertex -4 -56.5 0
      vertex -78.3787 -53.6868 0
      vertex -78.4657 -53.5416 0
    endloop
  endfacet
  facet normal 0 0 -1
    outer loop
      vertex -4 -56.5 0
      vertex -78.4657 -53.5416 0
      vertex -78.5741 -2.22228 0
    endloop
  endfacet
  facet normal 0 0 -1
    outer loop
      vertex -78.5741 -2.22228 0
      vertex -78.4657 -53.5416 0
      vertex -78.5666 -53.4057 0
    endloop
  endfacet
  facet normal 0 0 -1
    outer loop
      vertex -4 -56.5 0
      vertex -78.5741 -2.22228 0
      vertex -78.3723 -1.88559 0
    endloop
  endfacet
  facet normal 0 0 -1
    outer loop
      vertex -78.808 -2.53757 0
      vertex -78.5666 -53.4057 0
      vertex -78.6802 -53.2802 0
    endloop
  endfacet
  facet normal 0 0 -1
    outer loop
      vertex -79.0716 -2.82843 0
      vertex -78.6802 -53.2802 0
      vertex -78.8057 -53.1666 0
    endloop
  endfacet
  facet normal 0 0 -1
    outer loop
      vertex -78.5666 -53.4057 0
      vertex -78.808 -2.53757 0
      vertex -78.5741 -2.22228 0
    endloop
  endfacet
  facet normal 0 0 -1
    outer loop
      vertex -79.3624 -3.09204 0
      vertex -78.8057 -53.1666 0
      vertex -78.9416 -53.0657 0
    endloop
  endfacet
  facet normal 0 0 -1
    outer loop
      vertex -78.6802 -53.2802 0
      vertex -79.0716 -2.82843 0
      vertex -78.808 -2.53757 0
    endloop
  endfacet
  facet normal 0 0 -1
    outer loop
      vertex -79.6777 -3.32588 0
      vertex -78.9416 -53.0657 0
      vertex -79.0868 -52.9787 0
    endloop
  endfacet
  facet normal 0 0 -1
    outer loop
      vertex -80.0144 -3.52768 0
      vertex -79.0868 -52.9787 0
      vertex -79.2399 -52.9063 0
    endloop
  endfacet
  facet normal 0 0 -1
    outer loop
      vertex -78.8057 -53.1666 0
      vertex -79.3624 -3.09204 0
      vertex -79.0716 -2.82843 0
    endloop
  endfacet
  facet normal 0 0 -1
    outer loop
      vertex -80.3693 -3.69552 0
      vertex -79.2399 -52.9063 0
      vertex -79.3993 -52.8493 0
    endloop
  endfacet
  facet normal 0 0 -1
    outer loop
      vertex -80.7389 -3.82776 0
      vertex -79.3993 -52.8493 0
      vertex -79.5635 -52.8081 0
    endloop
  endfacet
  facet normal 0 0 -1
    outer loop
      vertex -78.9416 -53.0657 0
      vertex -79.6777 -3.32588 0
      vertex -79.3624 -3.09204 0
    endloop
  endfacet
  facet normal 0 0 -1
    outer loop
      vertex -81.1196 -3.92314 0
      vertex -79.5635 -52.8081 0
      vertex -79.7309 -52.7833 0
    endloop
  endfacet
  facet normal 0 0 -1
    outer loop
      vertex -81.5079 -3.98074 0
      vertex -79.7309 -52.7833 0
      vertex -79.9 -52.775 0
    endloop
  endfacet
  facet normal 0 0 -1
    outer loop
      vertex -79.0868 -52.9787 0
      vertex -80.0144 -3.52768 0
      vertex -79.6777 -3.32588 0
    endloop
  endfacet
  facet normal 0 0 -1
    outer loop
      vertex -81.9 -4 0
      vertex -79.9 -52.775 0
      vertex -80.0691 -52.7833 0
    endloop
  endfacet
  facet normal 0 0 -1
    outer loop
      vertex -82.2921 -3.98074 0
      vertex -80.0691 -52.7833 0
      vertex -80.2365 -52.8081 0
    endloop
  endfacet
  facet normal 0 0 -1
    outer loop
      vertex -79.2399 -52.9063 0
      vertex -80.3693 -3.69552 0
      vertex -80.0144 -3.52768 0
    endloop
  endfacet
  facet normal 0 0 -1
    outer loop
      vertex -82.2921 -3.98074 0
      vertex -80.2365 -52.8081 0
      vertex -80.4007 -52.8493 0
    endloop
  endfacet
  facet normal 0 0 -1
    outer loop
      vertex -82.2921 -3.98074 0
      vertex -80.4007 -52.8493 0
      vertex -80.5601 -52.9063 0
    endloop
  endfacet
  facet normal 0 0 -1
    outer loop
      vertex -82.2921 -3.98074 0
      vertex -80.5601 -52.9063 0
      vertex -80.7132 -52.9787 0
    endloop
  endfacet
  facet normal 0 0 -1
    outer loop
      vertex -79.3993 -52.8493 0
      vertex -80.7389 -3.82776 0
      vertex -80.3693 -3.69552 0
    endloop
  endfacet
  facet normal 0 0 -1
    outer loop
      vertex -82.2921 -3.98074 0
      vertex -80.7132 -52.9787 0
      vertex -80.8584 -53.0657 0
    endloop
  endfacet
  facet normal 0 0 -1
    outer loop
      vertex -82.2921 -3.98074 0
      vertex -80.8584 -53.0657 0
      vertex -80.9943 -53.1666 0
    endloop
  endfacet
  facet normal 0 0 -1
    outer loop
      vertex -79.5635 -52.8081 0
      vertex -81.1196 -3.92314 0
      vertex -80.7389 -3.82776 0
    endloop
  endfacet
  facet normal 0 0 -1
    outer loop
      vertex -82.2921 -3.98074 0
      vertex -80.9943 -53.1666 0
      vertex -81.1198 -53.2802 0
    endloop
  endfacet
  facet normal 0 0 -1
    outer loop
      vertex -82.2921 -3.98074 0
      vertex -81.1198 -53.2802 0
      vertex -81.2334 -53.4057 0
    endloop
  endfacet
  facet normal 0 0 -1
    outer loop
      vertex -82.2921 -3.98074 0
      vertex -81.2334 -53.4057 0
      vertex -81.3343 -53.5416 0
    endloop
  endfacet
  facet normal 0 0 -1
    outer loop
      vertex -82.2921 -3.98074 0
      vertex -81.3343 -53.5416 0
      vertex -81.4213 -53.6868 0
    endloop
  endfacet
  facet normal 0 0 -1
    outer loop
      vertex -82.2921 -3.98074 0
      vertex -81.4213 -53.6868 0
      vertex -81.4937 -53.8399 0
    endloop
  endfacet
  facet normal 0 0 -1
    outer loop
      vertex -79.7309 -52.7833 0
      vertex -81.5079 -3.98074 0
      vertex -81.1196 -3.92314 0
    endloop
  endfacet
  facet normal 0 0 -1
    outer loop
      vertex -82.2921 -3.98074 0
      vertex -81.4937 -53.8399 0
      vertex -81.5507 -53.9993 0
    endloop
  endfacet
  facet normal 0 0 -1
    outer loop
      vertex -82.2921 -3.98074 0
      vertex -81.5507 -53.9993 0
      vertex -81.5919 -54.1635 0
    endloop
  endfacet
  facet normal 0 0 -1
    outer loop
      vertex -82.2921 -3.98074 0
      vertex -81.5919 -54.1635 0
      vertex -81.6167 -54.3309 0
    endloop
  endfacet
  facet normal 0 0 -1
    outer loop
      vertex -88.9 -63.5 0
      vertex -81.6167 -54.3309 0
      vertex -81.625 -54.5 0
    endloop
  endfacet
  facet normal 0 0 -1
    outer loop
      vertex -79.9 -52.775 0
      vertex -81.9 -4 0
      vertex -81.5079 -3.98074 0
    endloop
  endfacet
  facet normal -1 0 0
    outer loop
      vertex -88.9 -63.5 0
      vertex -88.9 63.5 3
      vertex -88.9 63.5 0
    endloop
  endfacet
  facet normal -1 -0 0
    outer loop
      vertex -88.9 63.5 3
      vertex -88.9 -63.5 0
      vertex -88.9 -63.5 3
    endloop
  endfacet
  facet normal 0 1 -0
    outer loop
      vertex 88.9 63.5 0
      vertex -88.9 63.5 3
      vertex 88.9 63.5 3
    endloop
  endfacet
  facet normal 0 1 0
    outer loop
      vertex -88.9 63.5 3
      vertex 88.9 63.5 0
      vertex -88.9 63.5 0
    endloop
  endfacet
  facet normal 0 -1 0
    outer loop
      vertex -88.9 -63.5 0
      vertex 88.9 -63.5 3
      vertex -88.9 -63.5 3
    endloop
  endfacet
  facet normal 0 -1 -0
    outer loop
      vertex 88.9 -63.5 3
      vertex -88.9 -63.5 0
      vertex 88.9 -63.5 0
    endloop
  endfacet
  facet normal -0.740977 -0.671531 0
    outer loop
      vertex -78.808 2.53757 0
      vertex -79.0716 2.82843 3
      vertex -79.0716 2.82843 0
    endloop
  endfacet
  facet normal -0.740977 -0.671531 0
    outer loop
      vertex -79.0716 2.82843 3
      vertex -78.808 2.53757 0
      vertex -78.808 2.53757 3
    endloop
  endfacet
  facet normal -0.989176 -0.146736 0
    outer loop
      vertex -77.9193 0.392068 0
      vertex -77.9769 0.780361 3
      vertex -77.9769 0.780361 0
    endloop
  endfacet
  facet normal -0.989176 -0.146736 0
    outer loop
      vertex -77.9769 0.780361 3
      vertex -77.9193 0.392068 0
      vertex -77.9193 0.392068 3
    endloop
  endfacet
  facet normal -0.998791 -0.0491666 0
    outer loop
      vertex -77.9 0 0
      vertex -77.9193 0.392068 3
      vertex -77.9193 0.392068 0
    endloop
  endfacet
  facet normal -0.998791 -0.0491666 0
    outer loop
      vertex -77.9193 0.392068 3
      vertex -77.9 0 0
      vertex -77.9 0 3
    endloop
  endfacet
  facet normal -0.595695 -0.80321 0
    outer loop
      vertex -79.6777 3.32588 0
      vertex -79.3624 3.09204 3
      vertex -79.6777 3.32588 3
    endloop
  endfacet
  facet normal -0.595695 -0.80321 -0
    outer loop
      vertex -79.3624 3.09204 3
      vertex -79.6777 3.32588 0
      vertex -79.3624 3.09204 0
    endloop
  endfacet
  facet normal -0.336879 0.941548 0
    outer loop
      vertex -80.3693 -3.69552 0
      vertex -80.7389 -3.82776 3
      vertex -80.3693 -3.69552 3
    endloop
  endfacet
  facet normal -0.336879 0.941548 0
    outer loop
      vertex -80.7389 -3.82776 3
      vertex -80.3693 -3.69552 0
      vertex -80.7389 -3.82776 0
    endloop
  endfacet
  facet normal 0.998791 0.0491666 0
    outer loop
      vertex -85.8807 -0.392068 3
      vertex -85.9 0 0
      vertex -85.9 0 3
    endloop
  endfacet
  facet normal 0.998791 0.0491666 0
    outer loop
      vertex -85.9 0 0
      vertex -85.8807 -0.392068 3
      vertex -85.8807 -0.392068 0
    endloop
  endfacet
  facet normal 0.671621 -0.740895 0
    outer loop
      vertex -84.7284 2.82843 0
      vertex -84.4376 3.09204 3
      vertex -84.7284 2.82843 3
    endloop
  endfacet
  facet normal 0.671621 -0.740895 0
    outer loop
      vertex -84.4376 3.09204 3
      vertex -84.7284 2.82843 0
      vertex -84.4376 3.09204 0
    endloop
  endfacet
  facet normal 0.970079 0.242788 0
    outer loop
      vertex -85.7278 -1.16114 3
      vertex -85.8231 -0.780361 0
      vertex -85.8231 -0.780361 3
    endloop
  endfacet
  facet normal 0.970079 0.242788 0
    outer loop
      vertex -85.8231 -0.780361 0
      vertex -85.7278 -1.16114 3
      vertex -85.7278 -1.16114 0
    endloop
  endfacet
  facet normal 0.427523 0.904004 -0
    outer loop
      vertex -83.4307 -3.69552 0
      vertex -83.7856 -3.52768 3
      vertex -83.4307 -3.69552 3
    endloop
  endfacet
  facet normal 0.427523 0.904004 0
    outer loop
      vertex -83.7856 -3.52768 3
      vertex -83.4307 -3.69552 0
      vertex -83.7856 -3.52768 0
    endloop
  endfacet
  facet normal 0.941497 0.337022 0
    outer loop
      vertex -85.5955 -1.53073 3
      vertex -85.7278 -1.16114 0
      vertex -85.7278 -1.16114 3
    endloop
  endfacet
  facet normal 0.941497 0.337022 0
    outer loop
      vertex -85.7278 -1.16114 0
      vertex -85.5955 -1.53073 3
      vertex -85.5955 -1.53073 0
    endloop
  endfacet
  facet normal -0.941497 0.337022 0
    outer loop
      vertex -78.2045 -1.53073 0
      vertex -78.0722 -1.16114 3
      vertex -78.0722 -1.16114 0
    endloop
  endfacet
  facet normal -0.941497 0.337022 0
    outer loop
      vertex -78.0722 -1.16114 3
      vertex -78.2045 -1.53073 0
      vertex -78.2045 -1.53073 3
    endloop
  endfacet
  facet normal -0.514084 -0.85774 0
    outer loop
      vertex -80.0144 3.52768 0
      vertex -79.6777 3.32588 3
      vertex -80.0144 3.52768 3
    endloop
  endfacet
  facet normal -0.514084 -0.85774 -0
    outer loop
      vertex -79.6777 3.32588 3
      vertex -80.0144 3.52768 0
      vertex -79.6777 3.32588 0
    endloop
  endfacet
  facet normal -0.049061 -0.998796 0
    outer loop
      vertex -81.9 4 0
      vertex -81.5079 3.98074 3
      vertex -81.9 4 3
    endloop
  endfacet
  facet normal -0.049061 -0.998796 -0
    outer loop
      vertex -81.5079 3.98074 3
      vertex -81.9 4 0
      vertex -81.5079 3.98074 0
    endloop
  endfacet
  facet normal 0.243027 -0.970019 0
    outer loop
      vertex -83.0611 3.82776 0
      vertex -82.6804 3.92314 3
      vertex -83.0611 3.82776 3
    endloop
  endfacet
  facet normal 0.243027 -0.970019 0
    outer loop
      vertex -82.6804 3.92314 3
      vertex -83.0611 3.82776 0
      vertex -82.6804 3.92314 0
    endloop
  endfacet
  facet normal -0.336879 -0.941548 0
    outer loop
      vertex -80.7389 3.82776 0
      vertex -80.3693 3.69552 3
      vertex -80.7389 3.82776 3
    endloop
  endfacet
  facet normal -0.336879 -0.941548 -0
    outer loop
      vertex -80.3693 3.69552 3
      vertex -80.7389 3.82776 0
      vertex -80.3693 3.69552 0
    endloop
  endfacet
  facet normal 0.803128 -0.595806 0
    outer loop
      vertex -85.2259 2.22228 3
      vertex -84.992 2.53757 0
      vertex -84.992 2.53757 3
    endloop
  endfacet
  facet normal 0.803128 -0.595806 0
    outer loop
      vertex -84.992 2.53757 0
      vertex -85.2259 2.22228 3
      vertex -85.2259 2.22228 0
    endloop
  endfacet
  facet normal -0.146733 -0.989176 0
    outer loop
      vertex -81.5079 3.98074 0
      vertex -81.1196 3.92314 3
      vertex -81.5079 3.98074 3
    endloop
  endfacet
  facet normal -0.146733 -0.989176 -0
    outer loop
      vertex -81.1196 3.92314 3
      vertex -81.5079 3.98074 0
      vertex -81.1196 3.92314 0
    endloop
  endfacet
  facet normal -0.427523 -0.904004 0
    outer loop
      vertex -80.3693 3.69552 0
      vertex -80.0144 3.52768 3
      vertex -80.3693 3.69552 3
    endloop
  endfacet
  facet normal -0.427523 -0.904004 -0
    outer loop
      vertex -80.0144 3.52768 3
      vertex -80.3693 3.69552 0
      vertex -80.0144 3.52768 0
    endloop
  endfacet
  facet normal -0.671621 -0.740895 0
    outer loop
      vertex -79.3624 3.09204 0
      vertex -79.0716 2.82843 3
      vertex -79.3624 3.09204 3
    endloop
  endfacet
  facet normal -0.671621 -0.740895 -0
    outer loop
      vertex -79.0716 2.82843 3
      vertex -79.3624 3.09204 0
      vertex -79.0716 2.82843 0
    endloop
  endfacet
  facet normal 0.427523 -0.904004 0
    outer loop
      vertex -83.7856 3.52768 0
      vertex -83.4307 3.69552 3
      vertex -83.7856 3.52768 3
    endloop
  endfacet
  facet normal 0.427523 -0.904004 0
    outer loop
      vertex -83.4307 3.69552 3
      vertex -83.7856 3.52768 0
      vertex -83.4307 3.69552 0
    endloop
  endfacet
  facet normal -0.803128 -0.595806 0
    outer loop
      vertex -78.5741 2.22228 0
      vertex -78.808 2.53757 3
      vertex -78.808 2.53757 0
    endloop
  endfacet
  facet normal -0.803128 -0.595806 0
    outer loop
      vertex -78.808 2.53757 3
      vertex -78.5741 2.22228 0
      vertex -78.5741 2.22228 3
    endloop
  endfacet
  facet normal -0.595695 0.80321 0
    outer loop
      vertex -79.3624 -3.09204 0
      vertex -79.6777 -3.32588 3
      vertex -79.3624 -3.09204 3
    endloop
  endfacet
  facet normal -0.595695 0.80321 0
    outer loop
      vertex -79.6777 -3.32588 3
      vertex -79.3624 -3.09204 0
      vertex -79.6777 -3.32588 0
    endloop
  endfacet
  facet normal -0.857733 -0.514095 0
    outer loop
      vertex -78.3723 1.88559 0
      vertex -78.5741 2.22228 3
      vertex -78.5741 2.22228 0
    endloop
  endfacet
  facet normal -0.857733 -0.514095 0
    outer loop
      vertex -78.5741 2.22228 3
      vertex -78.3723 1.88559 0
      vertex -78.3723 1.88559 3
    endloop
  endfacet
  facet normal -0.904025 -0.42748 0
    outer loop
      vertex -78.2045 1.53073 0
      vertex -78.3723 1.88559 3
      vertex -78.3723 1.88559 0
    endloop
  endfacet
  facet normal -0.904025 -0.42748 0
    outer loop
      vertex -78.3723 1.88559 3
      vertex -78.2045 1.53073 0
      vertex -78.2045 1.53073 3
    endloop
  endfacet
  facet normal 0.243027 0.970019 -0
    outer loop
      vertex -82.6804 -3.92314 0
      vertex -83.0611 -3.82776 3
      vertex -82.6804 -3.92314 3
    endloop
  endfacet
  facet normal 0.243027 0.970019 0
    outer loop
      vertex -83.0611 -3.82776 3
      vertex -82.6804 -3.92314 0
      vertex -83.0611 -3.82776 0
    endloop
  endfacet
  facet normal 0.595695 0.80321 -0
    outer loop
      vertex -84.1223 -3.32588 0
      vertex -84.4376 -3.09204 3
      vertex -84.1223 -3.32588 3
    endloop
  endfacet
  facet normal 0.595695 0.80321 0
    outer loop
      vertex -84.4376 -3.09204 3
      vertex -84.1223 -3.32588 0
      vertex -84.4376 -3.09204 0
    endloop
  endfacet
  facet normal 0.514084 -0.85774 0
    outer loop
      vertex -84.1223 3.32588 0
      vertex -83.7856 3.52768 3
      vertex -84.1223 3.32588 3
    endloop
  endfacet
  facet normal 0.514084 -0.85774 0
    outer loop
      vertex -83.7856 3.52768 3
      vertex -84.1223 3.32588 0
      vertex -83.7856 3.52768 0
    endloop
  endfacet
  facet normal 0.904025 0.42748 0
    outer loop
      vertex -85.4277 -1.88559 3
      vertex -85.5955 -1.53073 0
      vertex -85.5955 -1.53073 3
    endloop
  endfacet
  facet normal 0.904025 0.42748 0
    outer loop
      vertex -85.5955 -1.53073 0
      vertex -85.4277 -1.88559 3
      vertex -85.4277 -1.88559 0
    endloop
  endfacet
  facet normal -0.146733 0.989176 0
    outer loop
      vertex -81.1196 -3.92314 0
      vertex -81.5079 -3.98074 3
      vertex -81.1196 -3.92314 3
    endloop
  endfacet
  facet normal -0.146733 0.989176 0
    outer loop
      vertex -81.5079 -3.98074 3
      vertex -81.1196 -3.92314 0
      vertex -81.5079 -3.98074 0
    endloop
  endfacet
  facet normal -0.941497 -0.337022 0
    outer loop
      vertex -78.0722 1.16114 0
      vertex -78.2045 1.53073 3
      vertex -78.2045 1.53073 0
    endloop
  endfacet
  facet normal -0.941497 -0.337022 0
    outer loop
      vertex -78.2045 1.53073 3
      vertex -78.0722 1.16114 0
      vertex -78.0722 1.16114 3
    endloop
  endfacet
  facet normal -0.427523 0.904004 0
    outer loop
      vertex -80.0144 -3.52768 0
      vertex -80.3693 -3.69552 3
      vertex -80.0144 -3.52768 3
    endloop
  endfacet
  facet normal -0.427523 0.904004 0
    outer loop
      vertex -80.3693 -3.69552 3
      vertex -80.0144 -3.52768 0
      vertex -80.3693 -3.69552 0
    endloop
  endfacet
  facet normal 0.514084 0.85774 -0
    outer loop
      vertex -83.7856 -3.52768 0
      vertex -84.1223 -3.32588 3
      vertex -83.7856 -3.52768 3
    endloop
  endfacet
  facet normal 0.514084 0.85774 0
    outer loop
      vertex -84.1223 -3.32588 3
      vertex -83.7856 -3.52768 0
      vertex -84.1223 -3.32588 0
    endloop
  endfacet
  facet normal 0.595695 -0.80321 0
    outer loop
      vertex -84.4376 3.09204 0
      vertex -84.1223 3.32588 3
      vertex -84.4376 3.09204 3
    endloop
  endfacet
  facet normal 0.595695 -0.80321 0
    outer loop
      vertex -84.1223 3.32588 3
      vertex -84.4376 3.09204 0
      vertex -84.1223 3.32588 0
    endloop
  endfacet
  facet normal 0.146733 -0.989176 0
    outer loop
      vertex -82.6804 3.92314 0
      vertex -82.2921 3.98074 3
      vertex -82.6804 3.92314 3
    endloop
  endfacet
  facet normal 0.146733 -0.989176 0
    outer loop
      vertex -82.2921 3.98074 3
      vertex -82.6804 3.92314 0
      vertex -82.2921 3.98074 0
    endloop
  endfacet
  facet normal -0.970079 0.242788 0
    outer loop
      vertex -78.0722 -1.16114 0
      vertex -77.9769 -0.780361 3
      vertex -77.9769 -0.780361 0
    endloop
  endfacet
  facet normal -0.970079 0.242788 0
    outer loop
      vertex -77.9769 -0.780361 3
      vertex -78.0722 -1.16114 0
      vertex -78.0722 -1.16114 3
    endloop
  endfacet
  facet normal -0.998791 0.0491666 0
    outer loop
      vertex -77.9193 -0.392068 0
      vertex -77.9 0 3
      vertex -77.9 0 0
    endloop
  endfacet
  facet normal -0.998791 0.0491666 0
    outer loop
      vertex -77.9 0 3
      vertex -77.9193 -0.392068 0
      vertex -77.9193 -0.392068 3
    endloop
  endfacet
  facet normal -0.049061 0.998796 0
    outer loop
      vertex -81.5079 -3.98074 0
      vertex -81.9 -4 3
      vertex -81.5079 -3.98074 3
    endloop
  endfacet
  facet normal -0.049061 0.998796 0
    outer loop
      vertex -81.9 -4 3
      vertex -81.5079 -3.98074 0
      vertex -81.9 -4 0
    endloop
  endfacet
  facet normal -0.904025 0.42748 0
    outer loop
      vertex -78.3723 -1.88559 0
      vertex -78.2045 -1.53073 3
      vertex -78.2045 -1.53073 0
    endloop
  endfacet
  facet normal -0.904025 0.42748 0
    outer loop
      vertex -78.2045 -1.53073 3
      vertex -78.3723 -1.88559 0
      vertex -78.3723 -1.88559 3
    endloop
  endfacet
  facet normal -0.803128 0.595806 0
    outer loop
      vertex -78.808 -2.53757 0
      vertex -78.5741 -2.22228 3
      vertex -78.5741 -2.22228 0
    endloop
  endfacet
  facet normal -0.803128 0.595806 0
    outer loop
      vertex -78.5741 -2.22228 3
      vertex -78.808 -2.53757 0
      vertex -78.808 -2.53757 3
    endloop
  endfacet
  facet normal -0.857733 0.514095 0
    outer loop
      vertex -78.5741 -2.22228 0
      vertex -78.3723 -1.88559 3
      vertex -78.3723 -1.88559 0
    endloop
  endfacet
  facet normal -0.857733 0.514095 0
    outer loop
      vertex -78.3723 -1.88559 3
      vertex -78.5741 -2.22228 0
      vertex -78.5741 -2.22228 3
    endloop
  endfacet
  facet normal 0.970079 -0.242788 0
    outer loop
      vertex -85.8231 0.780361 3
      vertex -85.7278 1.16114 0
      vertex -85.7278 1.16114 3
    endloop
  endfacet
  facet normal 0.970079 -0.242788 0
    outer loop
      vertex -85.7278 1.16114 0
      vertex -85.8231 0.780361 3
      vertex -85.8231 0.780361 0
    endloop
  endfacet
  facet normal 0.941497 -0.337022 0
    outer loop
      vertex -85.7278 1.16114 3
      vertex -85.5955 1.53073 0
      vertex -85.5955 1.53073 3
    endloop
  endfacet
  facet normal 0.941497 -0.337022 0
    outer loop
      vertex -85.5955 1.53073 0
      vertex -85.7278 1.16114 3
      vertex -85.7278 1.16114 0
    endloop
  endfacet
  facet normal -0.243027 0.970019 0
    outer loop
      vertex -80.7389 -3.82776 0
      vertex -81.1196 -3.92314 3
      vertex -80.7389 -3.82776 3
    endloop
  endfacet
  facet normal -0.243027 0.970019 0
    outer loop
      vertex -81.1196 -3.92314 3
      vertex -80.7389 -3.82776 0
      vertex -81.1196 -3.92314 0
    endloop
  endfacet
  facet normal -0.989176 0.146736 0
    outer loop
      vertex -77.9769 -0.780361 0
      vertex -77.9193 -0.392068 3
      vertex -77.9193 -0.392068 0
    endloop
  endfacet
  facet normal -0.989176 0.146736 0
    outer loop
      vertex -77.9193 -0.392068 3
      vertex -77.9769 -0.780361 0
      vertex -77.9769 -0.780361 3
    endloop
  endfacet
  facet normal -0.970079 -0.242788 0
    outer loop
      vertex -77.9769 0.780361 0
      vertex -78.0722 1.16114 3
      vertex -78.0722 1.16114 0
    endloop
  endfacet
  facet normal -0.970079 -0.242788 0
    outer loop
      vertex -78.0722 1.16114 3
      vertex -77.9769 0.780361 0
      vertex -77.9769 0.780361 3
    endloop
  endfacet
  facet normal 0.857733 0.514095 0
    outer loop
      vertex -85.2259 -2.22228 3
      vertex -85.4277 -1.88559 0
      vertex -85.4277 -1.88559 3
    endloop
  endfacet
  facet normal 0.857733 0.514095 0
    outer loop
      vertex -85.4277 -1.88559 0
      vertex -85.2259 -2.22228 3
      vertex -85.2259 -2.22228 0
    endloop
  endfacet
  facet normal 0.740977 0.671531 0
    outer loop
      vertex -84.7284 -2.82843 3
      vertex -84.992 -2.53757 0
      vertex -84.992 -2.53757 3
    endloop
  endfacet
  facet normal 0.740977 0.671531 0
    outer loop
      vertex -84.992 -2.53757 0
      vertex -84.7284 -2.82843 3
      vertex -84.7284 -2.82843 0
    endloop
  endfacet
  facet normal 0.336879 -0.941548 0
    outer loop
      vertex -83.4307 3.69552 0
      vertex -83.0611 3.82776 3
      vertex -83.4307 3.69552 3
    endloop
  endfacet
  facet normal 0.336879 -0.941548 0
    outer loop
      vertex -83.0611 3.82776 3
      vertex -83.4307 3.69552 0
      vertex -83.0611 3.82776 0
    endloop
  endfacet
  facet normal 0.049061 -0.998796 0
    outer loop
      vertex -82.2921 3.98074 0
      vertex -81.9 4 3
      vertex -82.2921 3.98074 3
    endloop
  endfacet
  facet normal 0.049061 -0.998796 0
    outer loop
      vertex -81.9 4 3
      vertex -82.2921 3.98074 0
      vertex -81.9 4 0
    endloop
  endfacet
  facet normal 0.740977 -0.671531 0
    outer loop
      vertex -84.992 2.53757 3
      vertex -84.7284 2.82843 0
      vertex -84.7284 2.82843 3
    endloop
  endfacet
  facet normal 0.740977 -0.671531 0
    outer loop
      vertex -84.7284 2.82843 0
      vertex -84.992 2.53757 3
      vertex -84.992 2.53757 0
    endloop
  endfacet
  facet normal 0.857733 -0.514095 0
    outer loop
      vertex -85.4277 1.88559 3
      vertex -85.2259 2.22228 0
      vertex -85.2259 2.22228 3
    endloop
  endfacet
  facet normal 0.857733 -0.514095 0
    outer loop
      vertex -85.2259 2.22228 0
      vertex -85.4277 1.88559 3
      vertex -85.4277 1.88559 0
    endloop
  endfacet
  facet normal 0.803128 0.595806 0
    outer loop
      vertex -84.992 -2.53757 3
      vertex -85.2259 -2.22228 0
      vertex -85.2259 -2.22228 3
    endloop
  endfacet
  facet normal 0.803128 0.595806 0
    outer loop
      vertex -85.2259 -2.22228 0
      vertex -84.992 -2.53757 3
      vertex -84.992 -2.53757 0
    endloop
  endfacet
  facet normal 0.989176 0.146736 0
    outer loop
      vertex -85.8231 -0.780361 3
      vertex -85.8807 -0.392068 0
      vertex -85.8807 -0.392068 3
    endloop
  endfacet
  facet normal 0.989176 0.146736 0
    outer loop
      vertex -85.8807 -0.392068 0
      vertex -85.8231 -0.780361 3
      vertex -85.8231 -0.780361 0
    endloop
  endfacet
  facet normal -0.243027 -0.970019 0
    outer loop
      vertex -81.1196 3.92314 0
      vertex -80.7389 3.82776 3
      vertex -81.1196 3.92314 3
    endloop
  endfacet
  facet normal -0.243027 -0.970019 -0
    outer loop
      vertex -80.7389 3.82776 3
      vertex -81.1196 3.92314 0
      vertex -80.7389 3.82776 0
    endloop
  endfacet
  facet normal -0.514084 0.85774 0
    outer loop
      vertex -79.6777 -3.32588 0
      vertex -80.0144 -3.52768 3
      vertex -79.6777 -3.32588 3
    endloop
  endfacet
  facet normal -0.514084 0.85774 0
    outer loop
      vertex -80.0144 -3.52768 3
      vertex -79.6777 -3.32588 0
      vertex -80.0144 -3.52768 0
    endloop
  endfacet
  facet normal 0.671621 0.740895 -0
    outer loop
      vertex -84.4376 -3.09204 0
      vertex -84.7284 -2.82843 3
      vertex -84.4376 -3.09204 3
    endloop
  endfacet
  facet normal 0.671621 0.740895 0
    outer loop
      vertex -84.7284 -2.82843 3
      vertex -84.4376 -3.09204 0
      vertex -84.7284 -2.82843 0
    endloop
  endfacet
  facet normal -0.671621 0.740895 0
    outer loop
      vertex -79.0716 -2.82843 0
      vertex -79.3624 -3.09204 3
      vertex -79.0716 -2.82843 3
    endloop
  endfacet
  facet normal -0.671621 0.740895 0
    outer loop
      vertex -79.3624 -3.09204 3
      vertex -79.0716 -2.82843 0
      vertex -79.3624 -3.09204 0
    endloop
  endfacet
  facet normal 0.049061 0.998796 -0
    outer loop
      vertex -81.9 -4 0
      vertex -82.2921 -3.98074 3
      vertex -81.9 -4 3
    endloop
  endfacet
  facet normal 0.049061 0.998796 0
    outer loop
      vertex -82.2921 -3.98074 3
      vertex -81.9 -4 0
      vertex -82.2921 -3.98074 0
    endloop
  endfacet
  facet normal 0.146733 0.989176 -0
    outer loop
      vertex -82.2921 -3.98074 0
      vertex -82.6804 -3.92314 3
      vertex -82.2921 -3.98074 3
    endloop
  endfacet
  facet normal 0.146733 0.989176 0
    outer loop
      vertex -82.6804 -3.92314 3
      vertex -82.2921 -3.98074 0
      vertex -82.6804 -3.92314 0
    endloop
  endfacet
  facet normal 0.989176 -0.146736 0
    outer loop
      vertex -85.8807 0.392068 3
      vertex -85.8231 0.780361 0
      vertex -85.8231 0.780361 3
    endloop
  endfacet
  facet normal 0.989176 -0.146736 0
    outer loop
      vertex -85.8231 0.780361 0
      vertex -85.8807 0.392068 3
      vertex -85.8807 0.392068 0
    endloop
  endfacet
  facet normal 0.998791 -0.0491666 0
    outer loop
      vertex -85.9 0 3
      vertex -85.8807 0.392068 0
      vertex -85.8807 0.392068 3
    endloop
  endfacet
  facet normal 0.998791 -0.0491666 0
    outer loop
      vertex -85.8807 0.392068 0
      vertex -85.9 0 3
      vertex -85.9 0 0
    endloop
  endfacet
  facet normal 0.336879 0.941548 -0
    outer loop
      vertex -83.0611 -3.82776 0
      vertex -83.4307 -3.69552 3
      vertex -83.0611 -3.82776 3
    endloop
  endfacet
  facet normal 0.336879 0.941548 0
    outer loop
      vertex -83.4307 -3.69552 3
      vertex -83.0611 -3.82776 0
      vertex -83.4307 -3.69552 0
    endloop
  endfacet
  facet normal 0.904025 -0.42748 0
    outer loop
      vertex -85.5955 1.53073 3
      vertex -85.4277 1.88559 0
      vertex -85.4277 1.88559 3
    endloop
  endfacet
  facet normal 0.904025 -0.42748 0
    outer loop
      vertex -85.4277 1.88559 0
      vertex -85.5955 1.53073 3
      vertex -85.5955 1.53073 0
    endloop
  endfacet
  facet normal -0.740977 0.671531 0
    outer loop
      vertex -79.0716 -2.82843 0
      vertex -78.808 -2.53757 3
      vertex -78.808 -2.53757 0
    endloop
  endfacet
  facet normal -0.740977 0.671531 0
    outer loop
      vertex -78.808 -2.53757 3
      vertex -79.0716 -2.82843 0
      vertex -79.0716 -2.82843 3
    endloop
  endfacet
  facet normal -0.989176 -0.146733 0
    outer loop
      vertex 3.98074 -56.1079 0
      vertex 3.92314 -55.7196 3
      vertex 3.92314 -55.7196 0
    endloop
  endfacet
  facet normal -0.989176 -0.146733 0
    outer loop
      vertex 3.92314 -55.7196 3
      vertex 3.98074 -56.1079 0
      vertex 3.98074 -56.1079 3
    endloop
  endfacet
  facet normal -0.998796 -0.049061 0
    outer loop
      vertex 4 -56.5 0
      vertex 3.98074 -56.1079 3
      vertex 3.98074 -56.1079 0
    endloop
  endfacet
  facet normal -0.998796 -0.049061 0
    outer loop
      vertex 3.98074 -56.1079 3
      vertex 4 -56.5 0
      vertex 4 -56.5 3
    endloop
  endfacet
  facet normal -0.970019 -0.243027 0
    outer loop
      vertex 3.92314 -55.7196 0
      vertex 3.82776 -55.3389 3
      vertex 3.82776 -55.3389 0
    endloop
  endfacet
  facet normal -0.970019 -0.243027 0
    outer loop
      vertex 3.82776 -55.3389 3
      vertex 3.92314 -55.7196 0
      vertex 3.92314 -55.7196 3
    endloop
  endfacet
  facet normal 0.671531 -0.740977 0
    outer loop
      vertex -2.82843 -53.6716 0
      vertex -2.53757 -53.408 3
      vertex -2.82843 -53.6716 3
    endloop
  endfacet
  facet normal 0.671531 -0.740977 0
    outer loop
      vertex -2.53757 -53.408 3
      vertex -2.82843 -53.6716 0
      vertex -2.53757 -53.408 0
    endloop
  endfacet
  facet normal 0.80321 -0.595695 0
    outer loop
      vertex -3.32588 -54.2777 3
      vertex -3.09204 -53.9624 0
      vertex -3.09204 -53.9624 3
    endloop
  endfacet
  facet normal 0.80321 -0.595695 0
    outer loop
      vertex -3.09204 -53.9624 0
      vertex -3.32588 -54.2777 3
      vertex -3.32588 -54.2777 0
    endloop
  endfacet
  facet normal 0.42748 0.904025 -0
    outer loop
      vertex -1.53073 -60.1955 0
      vertex -1.88559 -60.0277 3
      vertex -1.53073 -60.1955 3
    endloop
  endfacet
  facet normal 0.42748 0.904025 0
    outer loop
      vertex -1.88559 -60.0277 3
      vertex -1.53073 -60.1955 0
      vertex -1.88559 -60.0277 0
    endloop
  endfacet
  facet normal -0.941548 -0.336879 0
    outer loop
      vertex 3.82776 -55.3389 0
      vertex 3.69552 -54.9693 3
      vertex 3.69552 -54.9693 0
    endloop
  endfacet
  facet normal -0.941548 -0.336879 0
    outer loop
      vertex 3.69552 -54.9693 3
      vertex 3.82776 -55.3389 0
      vertex 3.82776 -55.3389 3
    endloop
  endfacet
  facet normal -0.337022 -0.941497 0
    outer loop
      vertex 1.16114 -52.6722 0
      vertex 1.53073 -52.8045 3
      vertex 1.16114 -52.6722 3
    endloop
  endfacet
  facet normal -0.337022 -0.941497 -0
    outer loop
      vertex 1.53073 -52.8045 3
      vertex 1.16114 -52.6722 0
      vertex 1.53073 -52.8045 0
    endloop
  endfacet
  facet normal 0.970019 0.243027 0
    outer loop
      vertex -3.82776 -57.6611 3
      vertex -3.92314 -57.2804 0
      vertex -3.92314 -57.2804 3
    endloop
  endfacet
  facet normal 0.970019 0.243027 0
    outer loop
      vertex -3.92314 -57.2804 0
      vertex -3.82776 -57.6611 3
      vertex -3.82776 -57.6611 0
    endloop
  endfacet
  facet normal -0.337022 0.941497 0
    outer loop
      vertex 1.53073 -60.1955 0
      vertex 1.16114 -60.3278 3
      vertex 1.53073 -60.1955 3
    endloop
  endfacet
  facet normal -0.337022 0.941497 0
    outer loop
      vertex 1.16114 -60.3278 3
      vertex 1.53073 -60.1955 0
      vertex 1.16114 -60.3278 0
    endloop
  endfacet
  facet normal -0.514095 0.857733 0
    outer loop
      vertex 2.22228 -59.8259 0
      vertex 1.88559 -60.0277 3
      vertex 2.22228 -59.8259 3
    endloop
  endfacet
  facet normal -0.514095 0.857733 0
    outer loop
      vertex 1.88559 -60.0277 3
      vertex 2.22228 -59.8259 0
      vertex 1.88559 -60.0277 0
    endloop
  endfacet
  facet normal 0.337022 -0.941497 0
    outer loop
      vertex -1.53073 -52.8045 0
      vertex -1.16114 -52.6722 3
      vertex -1.53073 -52.8045 3
    endloop
  endfacet
  facet normal 0.337022 -0.941497 0
    outer loop
      vertex -1.16114 -52.6722 3
      vertex -1.53073 -52.8045 0
      vertex -1.16114 -52.6722 0
    endloop
  endfacet
  facet normal 0.595806 -0.803128 0
    outer loop
      vertex -2.53757 -53.408 0
      vertex -2.22228 -53.1741 3
      vertex -2.53757 -53.408 3
    endloop
  endfacet
  facet normal 0.595806 -0.803128 0
    outer loop
      vertex -2.22228 -53.1741 3
      vertex -2.53757 -53.408 0
      vertex -2.22228 -53.1741 0
    endloop
  endfacet
  facet normal -0.242788 0.970079 0
    outer loop
      vertex 1.16114 -60.3278 0
      vertex 0.780361 -60.4231 3
      vertex 1.16114 -60.3278 3
    endloop
  endfacet
  facet normal -0.242788 0.970079 0
    outer loop
      vertex 0.780361 -60.4231 3
      vertex 1.16114 -60.3278 0
      vertex 0.780361 -60.4231 0
    endloop
  endfacet
  facet normal -0.146736 0.989176 0
    outer loop
      vertex 0.780361 -60.4231 0
      vertex 0.392068 -60.4807 3
      vertex 0.780361 -60.4231 3
    endloop
  endfacet
  facet normal -0.146736 0.989176 0
    outer loop
      vertex 0.392068 -60.4807 3
      vertex 0.780361 -60.4231 0
      vertex 0.392068 -60.4807 0
    endloop
  endfacet
  facet normal 0.242788 0.970079 -0
    outer loop
      vertex -0.780361 -60.4231 0
      vertex -1.16114 -60.3278 3
      vertex -0.780361 -60.4231 3
    endloop
  endfacet
  facet normal 0.242788 0.970079 0
    outer loop
      vertex -1.16114 -60.3278 3
      vertex -0.780361 -60.4231 0
      vertex -1.16114 -60.3278 0
    endloop
  endfacet
  facet normal 0.0491666 -0.998791 0
    outer loop
      vertex -0.392068 -52.5193 0
      vertex 0 -52.5 3
      vertex -0.392068 -52.5193 3
    endloop
  endfacet
  facet normal 0.0491666 -0.998791 0
    outer loop
      vertex 0 -52.5 3
      vertex -0.392068 -52.5193 0
      vertex 0 -52.5 0
    endloop
  endfacet
  facet normal -0.80321 0.595695 0
    outer loop
      vertex 3.09204 -59.0376 0
      vertex 3.32588 -58.7223 3
      vertex 3.32588 -58.7223 0
    endloop
  endfacet
  facet normal -0.80321 0.595695 0
    outer loop
      vertex 3.32588 -58.7223 3
      vertex 3.09204 -59.0376 0
      vertex 3.09204 -59.0376 3
    endloop
  endfacet
  facet normal -0.42748 0.904025 0
    outer loop
      vertex 1.88559 -60.0277 0
      vertex 1.53073 -60.1955 3
      vertex 1.88559 -60.0277 3
    endloop
  endfacet
  facet normal -0.42748 0.904025 0
    outer loop
      vertex 1.53073 -60.1955 3
      vertex 1.88559 -60.0277 0
      vertex 1.53073 -60.1955 0
    endloop
  endfacet
  facet normal 0.989176 -0.146733 0
    outer loop
      vertex -3.98074 -56.1079 3
      vertex -3.92314 -55.7196 0
      vertex -3.92314 -55.7196 3
    endloop
  endfacet
  facet normal 0.989176 -0.146733 0
    outer loop
      vertex -3.92314 -55.7196 0
      vertex -3.98074 -56.1079 3
      vertex -3.98074 -56.1079 0
    endloop
  endfacet
  facet normal 0.941548 0.336879 0
    outer loop
      vertex -3.69552 -58.0307 3
      vertex -3.82776 -57.6611 0
      vertex -3.82776 -57.6611 3
    endloop
  endfacet
  facet normal 0.941548 0.336879 0
    outer loop
      vertex -3.82776 -57.6611 0
      vertex -3.69552 -58.0307 3
      vertex -3.69552 -58.0307 0
    endloop
  endfacet
  facet normal 0.514095 -0.857733 0
    outer loop
      vertex -2.22228 -53.1741 0
      vertex -1.88559 -52.9723 3
      vertex -2.22228 -53.1741 3
    endloop
  endfacet
  facet normal 0.514095 -0.857733 0
    outer loop
      vertex -1.88559 -52.9723 3
      vertex -2.22228 -53.1741 0
      vertex -1.88559 -52.9723 0
    endloop
  endfacet
  facet normal -0.989176 0.146733 0
    outer loop
      vertex 3.92314 -57.2804 0
      vertex 3.98074 -56.8921 3
      vertex 3.98074 -56.8921 0
    endloop
  endfacet
  facet normal -0.989176 0.146733 0
    outer loop
      vertex 3.98074 -56.8921 3
      vertex 3.92314 -57.2804 0
      vertex 3.92314 -57.2804 3
    endloop
  endfacet
  facet normal 0.146736 0.989176 -0
    outer loop
      vertex -0.392068 -60.4807 0
      vertex -0.780361 -60.4231 3
      vertex -0.392068 -60.4807 3
    endloop
  endfacet
  facet normal 0.146736 0.989176 0
    outer loop
      vertex -0.780361 -60.4231 3
      vertex -0.392068 -60.4807 0
      vertex -0.780361 -60.4231 0
    endloop
  endfacet
  facet normal -0.595806 0.803128 0
    outer loop
      vertex 2.53757 -59.592 0
      vertex 2.22228 -59.8259 3
      vertex 2.53757 -59.592 3
    endloop
  endfacet
  facet normal -0.595806 0.803128 0
    outer loop
      vertex 2.22228 -59.8259 3
      vertex 2.53757 -59.592 0
      vertex 2.22228 -59.8259 0
    endloop
  endfacet
  facet normal 0.146736 -0.989176 0
    outer loop
      vertex -0.780361 -52.5769 0
      vertex -0.392068 -52.5193 3
      vertex -0.780361 -52.5769 3
    endloop
  endfacet
  facet normal 0.146736 -0.989176 0
    outer loop
      vertex -0.392068 -52.5193 3
      vertex -0.780361 -52.5769 0
      vertex -0.392068 -52.5193 0
    endloop
  endfacet
  facet normal -0.42748 -0.904025 0
    outer loop
      vertex 1.53073 -52.8045 0
      vertex 1.88559 -52.9723 3
      vertex 1.53073 -52.8045 3
    endloop
  endfacet
  facet normal -0.42748 -0.904025 -0
    outer loop
      vertex 1.88559 -52.9723 3
      vertex 1.53073 -52.8045 0
      vertex 1.88559 -52.9723 0
    endloop
  endfacet
  facet normal -0.970019 0.243027 0
    outer loop
      vertex 3.82776 -57.6611 0
      vertex 3.92314 -57.2804 3
      vertex 3.92314 -57.2804 0
    endloop
  endfacet
  facet normal -0.970019 0.243027 0
    outer loop
      vertex 3.92314 -57.2804 3
      vertex 3.82776 -57.6611 0
      vertex 3.82776 -57.6611 3
    endloop
  endfacet
  facet normal 0.337022 0.941497 -0
    outer loop
      vertex -1.16114 -60.3278 0
      vertex -1.53073 -60.1955 3
      vertex -1.16114 -60.3278 3
    endloop
  endfacet
  facet normal 0.337022 0.941497 0
    outer loop
      vertex -1.53073 -60.1955 3
      vertex -1.16114 -60.3278 0
      vertex -1.53073 -60.1955 0
    endloop
  endfacet
  facet normal 0.0491666 0.998791 -0
    outer loop
      vertex 0 -60.5 0
      vertex -0.392068 -60.4807 3
      vertex 0 -60.5 3
    endloop
  endfacet
  facet normal 0.0491666 0.998791 0
    outer loop
      vertex -0.392068 -60.4807 3
      vertex 0 -60.5 0
      vertex -0.392068 -60.4807 0
    endloop
  endfacet
  facet normal 0.740895 0.671621 0
    outer loop
      vertex -2.82843 -59.3284 3
      vertex -3.09204 -59.0376 0
      vertex -3.09204 -59.0376 3
    endloop
  endfacet
  facet normal 0.740895 0.671621 0
    outer loop
      vertex -3.09204 -59.0376 0
      vertex -2.82843 -59.3284 3
      vertex -2.82843 -59.3284 0
    endloop
  endfacet
  facet normal 0.42748 -0.904025 0
    outer loop
      vertex -1.88559 -52.9723 0
      vertex -1.53073 -52.8045 3
      vertex -1.88559 -52.9723 3
    endloop
  endfacet
  facet normal 0.42748 -0.904025 0
    outer loop
      vertex -1.53073 -52.8045 3
      vertex -1.88559 -52.9723 0
      vertex -1.53073 -52.8045 0
    endloop
  endfacet
  facet normal 0.242788 -0.970079 0
    outer loop
      vertex -1.16114 -52.6722 0
      vertex -0.780361 -52.5769 3
      vertex -1.16114 -52.6722 3
    endloop
  endfacet
  facet normal 0.242788 -0.970079 0
    outer loop
      vertex -0.780361 -52.5769 3
      vertex -1.16114 -52.6722 0
      vertex -0.780361 -52.5769 0
    endloop
  endfacet
  facet normal -0.80321 -0.595695 0
    outer loop
      vertex 3.32588 -54.2777 0
      vertex 3.09204 -53.9624 3
      vertex 3.09204 -53.9624 0
    endloop
  endfacet
  facet normal -0.80321 -0.595695 0
    outer loop
      vertex 3.09204 -53.9624 3
      vertex 3.32588 -54.2777 0
      vertex 3.32588 -54.2777 3
    endloop
  endfacet
  facet normal 0.998796 0.049061 0
    outer loop
      vertex -3.98074 -56.8921 3
      vertex -4 -56.5 0
      vertex -4 -56.5 3
    endloop
  endfacet
  facet normal 0.998796 0.049061 0
    outer loop
      vertex -4 -56.5 0
      vertex -3.98074 -56.8921 3
      vertex -3.98074 -56.8921 0
    endloop
  endfacet
  facet normal 0.671531 0.740977 -0
    outer loop
      vertex -2.53757 -59.592 0
      vertex -2.82843 -59.3284 3
      vertex -2.53757 -59.592 3
    endloop
  endfacet
  facet normal 0.671531 0.740977 0
    outer loop
      vertex -2.82843 -59.3284 3
      vertex -2.53757 -59.592 0
      vertex -2.82843 -59.3284 0
    endloop
  endfacet
  facet normal -0.998796 0.049061 0
    outer loop
      vertex 3.98074 -56.8921 0
      vertex 4 -56.5 3
      vertex 4 -56.5 0
    endloop
  endfacet
  facet normal -0.998796 0.049061 0
    outer loop
      vertex 4 -56.5 3
      vertex 3.98074 -56.8921 0
      vertex 3.98074 -56.8921 3
    endloop
  endfacet
  facet normal -0.904004 0.427523 0
    outer loop
      vertex 3.52768 -58.3856 0
      vertex 3.69552 -58.0307 3
      vertex 3.69552 -58.0307 0
    endloop
  endfacet
  facet normal -0.904004 0.427523 0
    outer loop
      vertex 3.69552 -58.0307 3
      vertex 3.52768 -58.3856 0
      vertex 3.52768 -58.3856 3
    endloop
  endfacet
  facet normal -0.740895 -0.671621 0
    outer loop
      vertex 3.09204 -53.9624 0
      vertex 2.82843 -53.6716 3
      vertex 2.82843 -53.6716 0
    endloop
  endfacet
  facet normal -0.740895 -0.671621 0
    outer loop
      vertex 2.82843 -53.6716 3
      vertex 3.09204 -53.9624 0
      vertex 3.09204 -53.9624 3
    endloop
  endfacet
  facet normal 0.85774 0.514084 0
    outer loop
      vertex -3.32588 -58.7223 3
      vertex -3.52768 -58.3856 0
      vertex -3.52768 -58.3856 3
    endloop
  endfacet
  facet normal 0.85774 0.514084 0
    outer loop
      vertex -3.52768 -58.3856 0
      vertex -3.32588 -58.7223 3
      vertex -3.32588 -58.7223 0
    endloop
  endfacet
  facet normal 0.740895 -0.671621 0
    outer loop
      vertex -3.09204 -53.9624 3
      vertex -2.82843 -53.6716 0
      vertex -2.82843 -53.6716 3
    endloop
  endfacet
  facet normal 0.740895 -0.671621 0
    outer loop
      vertex -2.82843 -53.6716 0
      vertex -3.09204 -53.9624 3
      vertex -3.09204 -53.9624 0
    endloop
  endfacet
  facet normal -0.595806 -0.803128 0
    outer loop
      vertex 2.22228 -53.1741 0
      vertex 2.53757 -53.408 3
      vertex 2.22228 -53.1741 3
    endloop
  endfacet
  facet normal -0.595806 -0.803128 -0
    outer loop
      vertex 2.53757 -53.408 3
      vertex 2.22228 -53.1741 0
      vertex 2.53757 -53.408 0
    endloop
  endfacet
  facet normal -0.514095 -0.857733 0
    outer loop
      vertex 1.88559 -52.9723 0
      vertex 2.22228 -53.1741 3
      vertex 1.88559 -52.9723 3
    endloop
  endfacet
  facet normal -0.514095 -0.857733 -0
    outer loop
      vertex 2.22228 -53.1741 3
      vertex 1.88559 -52.9723 0
      vertex 2.22228 -53.1741 0
    endloop
  endfacet
  facet normal -0.0491666 0.998791 0
    outer loop
      vertex 0.392068 -60.4807 0
      vertex 0 -60.5 3
      vertex 0.392068 -60.4807 3
    endloop
  endfacet
  facet normal -0.0491666 0.998791 0
    outer loop
      vertex 0 -60.5 3
      vertex 0.392068 -60.4807 0
      vertex 0 -60.5 0
    endloop
  endfacet
  facet normal -0.85774 0.514084 0
    outer loop
      vertex 3.32588 -58.7223 0
      vertex 3.52768 -58.3856 3
      vertex 3.52768 -58.3856 0
    endloop
  endfacet
  facet normal -0.85774 0.514084 0
    outer loop
      vertex 3.52768 -58.3856 3
      vertex 3.32588 -58.7223 0
      vertex 3.32588 -58.7223 3
    endloop
  endfacet
  facet normal 0.998796 -0.049061 0
    outer loop
      vertex -4 -56.5 3
      vertex -3.98074 -56.1079 0
      vertex -3.98074 -56.1079 3
    endloop
  endfacet
  facet normal 0.998796 -0.049061 0
    outer loop
      vertex -3.98074 -56.1079 0
      vertex -4 -56.5 3
      vertex -4 -56.5 0
    endloop
  endfacet
  facet normal -0.671531 -0.740977 0
    outer loop
      vertex 2.53757 -53.408 0
      vertex 2.82843 -53.6716 3
      vertex 2.53757 -53.408 3
    endloop
  endfacet
  facet normal -0.671531 -0.740977 -0
    outer loop
      vertex 2.82843 -53.6716 3
      vertex 2.53757 -53.408 0
      vertex 2.82843 -53.6716 0
    endloop
  endfacet
  facet normal -0.941548 0.336879 0
    outer loop
      vertex 3.69552 -58.0307 0
      vertex 3.82776 -57.6611 3
      vertex 3.82776 -57.6611 0
    endloop
  endfacet
  facet normal -0.941548 0.336879 0
    outer loop
      vertex 3.82776 -57.6611 3
      vertex 3.69552 -58.0307 0
      vertex 3.69552 -58.0307 3
    endloop
  endfacet
  facet normal 0.970019 -0.243027 0
    outer loop
      vertex -3.92314 -55.7196 3
      vertex -3.82776 -55.3389 0
      vertex -3.82776 -55.3389 3
    endloop
  endfacet
  facet normal 0.970019 -0.243027 0
    outer loop
      vertex -3.82776 -55.3389 0
      vertex -3.92314 -55.7196 3
      vertex -3.92314 -55.7196 0
    endloop
  endfacet
  facet normal 0.941548 -0.336879 0
    outer loop
      vertex -3.82776 -55.3389 3
      vertex -3.69552 -54.9693 0
      vertex -3.69552 -54.9693 3
    endloop
  endfacet
  facet normal 0.941548 -0.336879 0
    outer loop
      vertex -3.69552 -54.9693 0
      vertex -3.82776 -55.3389 3
      vertex -3.82776 -55.3389 0
    endloop
  endfacet
  facet normal -0.904004 -0.427523 0
    outer loop
      vertex 3.69552 -54.9693 0
      vertex 3.52768 -54.6144 3
      vertex 3.52768 -54.6144 0
    endloop
  endfacet
  facet normal -0.904004 -0.427523 0
    outer loop
      vertex 3.52768 -54.6144 3
      vertex 3.69552 -54.9693 0
      vertex 3.69552 -54.9693 3
    endloop
  endfacet
  facet normal -0.0491666 -0.998791 0
    outer loop
      vertex 0 -52.5 0
      vertex 0.392068 -52.5193 3
      vertex 0 -52.5 3
    endloop
  endfacet
  facet normal -0.0491666 -0.998791 -0
    outer loop
      vertex 0.392068 -52.5193 3
      vertex 0 -52.5 0
      vertex 0.392068 -52.5193 0
    endloop
  endfacet
  facet normal -0.85774 -0.514084 0
    outer loop
      vertex 3.52768 -54.6144 0
      vertex 3.32588 -54.2777 3
      vertex 3.32588 -54.2777 0
    endloop
  endfacet
  facet normal -0.85774 -0.514084 0
    outer loop
      vertex 3.32588 -54.2777 3
      vertex 3.52768 -54.6144 0
      vertex 3.52768 -54.6144 3
    endloop
  endfacet
  facet normal -0.146736 -0.989176 0
    outer loop
      vertex 0.392068 -52.5193 0
      vertex 0.780361 -52.5769 3
      vertex 0.392068 -52.5193 3
    endloop
  endfacet
  facet normal -0.146736 -0.989176 -0
    outer loop
      vertex 0.780361 -52.5769 3
      vertex 0.392068 -52.5193 0
      vertex 0.780361 -52.5769 0
    endloop
  endfacet
  facet normal 0.904004 0.427523 0
    outer loop
      vertex -3.52768 -58.3856 3
      vertex -3.69552 -58.0307 0
      vertex -3.69552 -58.0307 3
    endloop
  endfacet
  facet normal 0.904004 0.427523 0
    outer loop
      vertex -3.69552 -58.0307 0
      vertex -3.52768 -58.3856 3
      vertex -3.52768 -58.3856 0
    endloop
  endfacet
  facet normal 0.80321 0.595695 0
    outer loop
      vertex -3.09204 -59.0376 3
      vertex -3.32588 -58.7223 0
      vertex -3.32588 -58.7223 3
    endloop
  endfacet
  facet normal 0.80321 0.595695 0
    outer loop
      vertex -3.32588 -58.7223 0
      vertex -3.09204 -59.0376 3
      vertex -3.09204 -59.0376 0
    endloop
  endfacet
  facet normal 0.904004 -0.427523 0
    outer loop
      vertex -3.69552 -54.9693 3
      vertex -3.52768 -54.6144 0
      vertex -3.52768 -54.6144 3
    endloop
  endfacet
  facet normal 0.904004 -0.427523 0
    outer loop
      vertex -3.52768 -54.6144 0
      vertex -3.69552 -54.9693 3
      vertex -3.69552 -54.9693 0
    endloop
  endfacet
  facet normal 0.989176 0.146733 0
    outer loop
      vertex -3.92314 -57.2804 3
      vertex -3.98074 -56.8921 0
      vertex -3.98074 -56.8921 3
    endloop
  endfacet
  facet normal 0.989176 0.146733 0
    outer loop
      vertex -3.98074 -56.8921 0
      vertex -3.92314 -57.2804 3
      vertex -3.92314 -57.2804 0
    endloop
  endfacet
  facet normal -0.242788 -0.970079 0
    outer loop
      vertex 0.780361 -52.5769 0
      vertex 1.16114 -52.6722 3
      vertex 0.780361 -52.5769 3
    endloop
  endfacet
  facet normal -0.242788 -0.970079 -0
    outer loop
      vertex 1.16114 -52.6722 3
      vertex 0.780361 -52.5769 0
      vertex 1.16114 -52.6722 0
    endloop
  endfacet
  facet normal 0.595806 0.803128 -0
    outer loop
      vertex -2.22228 -59.8259 0
      vertex -2.53757 -59.592 3
      vertex -2.22228 -59.8259 3
    endloop
  endfacet
  facet normal 0.595806 0.803128 0
    outer loop
      vertex -2.53757 -59.592 3
      vertex -2.22228 -59.8259 0
      vertex -2.53757 -59.592 0
    endloop
  endfacet
  facet normal 0.514095 0.857733 -0
    outer loop
      vertex -1.88559 -60.0277 0
      vertex -2.22228 -59.8259 3
      vertex -1.88559 -60.0277 3
    endloop
  endfacet
  facet normal 0.514095 0.857733 0
    outer loop
      vertex -2.22228 -59.8259 3
      vertex -1.88559 -60.0277 0
      vertex -2.22228 -59.8259 0
    endloop
  endfacet
  facet normal 0.85774 -0.514084 0
    outer loop
      vertex -3.52768 -54.6144 3
      vertex -3.32588 -54.2777 0
      vertex -3.32588 -54.2777 3
    endloop
  endfacet
  facet normal 0.85774 -0.514084 0
    outer loop
      vertex -3.32588 -54.2777 0
      vertex -3.52768 -54.6144 3
      vertex -3.52768 -54.6144 0
    endloop
  endfacet
  facet normal -0.740895 0.671621 0
    outer loop
      vertex 2.82843 -59.3284 0
      vertex 3.09204 -59.0376 3
      vertex 3.09204 -59.0376 0
    endloop
  endfacet
  facet normal -0.740895 0.671621 0
    outer loop
      vertex 3.09204 -59.0376 3
      vertex 2.82843 -59.3284 0
      vertex 2.82843 -59.3284 3
    endloop
  endfacet
  facet normal -0.671531 0.740977 0
    outer loop
      vertex 2.82843 -59.3284 0
      vertex 2.53757 -59.592 3
      vertex 2.82843 -59.3284 3
    endloop
  endfacet
  facet normal -0.671531 0.740977 0
    outer loop
      vertex 2.53757 -59.592 3
      vertex 2.82843 -59.3284 0
      vertex 2.53757 -59.592 0
    endloop
  endfacet
  facet normal 0.989172 0.14676 0
    outer loop
      vertex -52.0169 -28.1569 10
      vertex -52.0673 -27.8172 4
      vertex -52.0673 -27.8172 10
    endloop
  endfacet
  facet normal 0.989172 0.14676 0
    outer loop
      vertex -52.0673 -27.8172 4
      vertex -52.0169 -28.1569 10
      vertex -52.0169 -28.1569 4
    endloop
  endfacet
  facet normal 0.998789 0.0491971 0
    outer loop
      vertex -52 -28.5 10
      vertex -52.0169 -28.1569 4
      vertex -52.0169 -28.1569 10
    endloop
  endfacet
  facet normal 0.998789 0.0491971 0
    outer loop
      vertex -52.0169 -28.1569 4
      vertex -52 -28.5 10
      vertex -52 -28.5 4
    endloop
  endfacet
  facet normal 0.970074 0.24281 0
    outer loop
      vertex -52.0673 -27.8172 10
      vertex -52.1507 -27.484 4
      vertex -52.1507 -27.484 10
    endloop
  endfacet
  facet normal 0.970074 0.24281 0
    outer loop
      vertex -52.1507 -27.484 4
      vertex -52.0673 -27.8172 10
      vertex -52.0673 -27.8172 4
    endloop
  endfacet
  facet normal 0.595659 -0.803237 0
    outer loop
      vertex -53.5555 -31.4101 4
      vertex -53.2796 -31.2055 10
      vertex -53.5555 -31.4101 10
    endloop
  endfacet
  facet normal 0.595659 -0.803237 0
    outer loop
      vertex -53.2796 -31.2055 10
      vertex -53.5555 -31.4101 4
      vertex -53.2796 -31.2055 4
    endloop
  endfacet
  facet normal 0.427661 -0.903939 0
    outer loop
      vertex -54.1606 -31.7336 4
      vertex -53.8501 -31.5867 10
      vertex -54.1606 -31.7336 10
    endloop
  endfacet
  facet normal 0.427661 -0.903939 0
    outer loop
      vertex -53.8501 -31.5867 10
      vertex -54.1606 -31.7336 4
      vertex -53.8501 -31.5867 4
    endloop
  endfacet
  facet normal -0.671454 -0.741046 0
    outer loop
      vertex -57.9749 -30.9749 4
      vertex -57.7204 -31.2055 10
      vertex -57.9749 -30.9749 10
    endloop
  endfacet
  facet normal -0.671454 -0.741046 -0
    outer loop
      vertex -57.7204 -31.2055 10
      vertex -57.9749 -30.9749 4
      vertex -57.7204 -31.2055 4
    endloop
  endfacet
  facet normal 0.514153 0.857698 -0
    outer loop
      vertex -53.5555 -25.5899 4
      vertex -53.8501 -25.4133 10
      vertex -53.5555 -25.5899 10
    endloop
  endfacet
  facet normal 0.514153 0.857698 0
    outer loop
      vertex -53.8501 -25.4133 10
      vertex -53.5555 -25.5899 4
      vertex -53.8501 -25.4133 4
    endloop
  endfacet
  facet normal -0.14676 -0.989172 0
    outer loop
      vertex -56.1828 -31.9327 4
      vertex -55.8431 -31.9831 10
      vertex -56.1828 -31.9327 10
    endloop
  endfacet
  facet normal -0.14676 -0.989172 -0
    outer loop
      vertex -55.8431 -31.9831 10
      vertex -56.1828 -31.9327 4
      vertex -55.8431 -31.9831 4
    endloop
  endfacet
  facet normal -0.24281 0.970074 0
    outer loop
      vertex -56.1828 -25.0673 4
      vertex -56.516 -25.1507 10
      vertex -56.1828 -25.0673 10
    endloop
  endfacet
  facet normal -0.24281 0.970074 0
    outer loop
      vertex -56.516 -25.1507 10
      vertex -56.1828 -25.0673 4
      vertex -56.516 -25.1507 4
    endloop
  endfacet
  facet normal 0.741046 0.671454 0
    outer loop
      vertex -52.7945 -26.2796 10
      vertex -53.0251 -26.0251 4
      vertex -53.0251 -26.0251 10
    endloop
  endfacet
  facet normal 0.741046 0.671454 0
    outer loop
      vertex -53.0251 -26.0251 4
      vertex -52.7945 -26.2796 10
      vertex -52.7945 -26.2796 4
    endloop
  endfacet
  facet normal -0.970074 -0.24281 0
    outer loop
      vertex -58.8493 -29.516 4
      vertex -58.9327 -29.1828 10
      vertex -58.9327 -29.1828 4
    endloop
  endfacet
  facet normal -0.970074 -0.24281 0
    outer loop
      vertex -58.9327 -29.1828 10
      vertex -58.8493 -29.516 4
      vertex -58.8493 -29.516 10
    endloop
  endfacet
  facet normal 0.857698 0.514153 0
    outer loop
      vertex -52.4133 -26.8501 10
      vertex -52.5899 -26.5555 4
      vertex -52.5899 -26.5555 10
    endloop
  endfacet
  facet normal 0.857698 0.514153 0
    outer loop
      vertex -52.5899 -26.5555 4
      vertex -52.4133 -26.8501 10
      vertex -52.4133 -26.8501 4
    endloop
  endfacet
  facet normal 0.671454 0.741046 -0
    outer loop
      vertex -53.0251 -26.0251 4
      vertex -53.2796 -25.7945 10
      vertex -53.0251 -26.0251 10
    endloop
  endfacet
  facet normal 0.671454 0.741046 0
    outer loop
      vertex -53.2796 -25.7945 10
      vertex -53.0251 -26.0251 4
      vertex -53.2796 -25.7945 4
    endloop
  endfacet
  facet normal -0.941557 -0.336853 0
    outer loop
      vertex -58.7336 -29.8394 4
      vertex -58.8493 -29.516 10
      vertex -58.8493 -29.516 4
    endloop
  endfacet
  facet normal -0.941557 -0.336853 0
    outer loop
      vertex -58.8493 -29.516 10
      vertex -58.7336 -29.8394 4
      vertex -58.7336 -29.8394 10
    endloop
  endfacet
  facet normal 0.336853 -0.941557 0
    outer loop
      vertex -54.484 -31.8493 4
      vertex -54.1606 -31.7336 10
      vertex -54.484 -31.8493 10
    endloop
  endfacet
  facet normal 0.336853 -0.941557 0
    outer loop
      vertex -54.1606 -31.7336 10
      vertex -54.484 -31.8493 4
      vertex -54.1606 -31.7336 4
    endloop
  endfacet
  facet normal 0.941557 0.336853 0
    outer loop
      vertex -52.1507 -27.484 10
      vertex -52.2664 -27.1606 4
      vertex -52.2664 -27.1606 10
    endloop
  endfacet
  facet normal 0.941557 0.336853 0
    outer loop
      vertex -52.2664 -27.1606 4
      vertex -52.1507 -27.484 10
      vertex -52.1507 -27.484 4
    endloop
  endfacet
  facet normal -0.998789 -0.0491971 0
    outer loop
      vertex -58.9831 -28.8431 4
      vertex -59 -28.5 10
      vertex -59 -28.5 4
    endloop
  endfacet
  facet normal -0.998789 -0.0491971 0
    outer loop
      vertex -59 -28.5 10
      vertex -58.9831 -28.8431 4
      vertex -58.9831 -28.8431 10
    endloop
  endfacet
  facet normal -0.0491971 0.998789 0
    outer loop
      vertex -55.5 -25 4
      vertex -55.8431 -25.0169 10
      vertex -55.5 -25 10
    endloop
  endfacet
  facet normal -0.0491971 0.998789 0
    outer loop
      vertex -55.8431 -25.0169 10
      vertex -55.5 -25 4
      vertex -55.8431 -25.0169 4
    endloop
  endfacet
  facet normal 0.903939 -0.427661 0
    outer loop
      vertex -52.4133 -30.1499 10
      vertex -52.2664 -29.8394 4
      vertex -52.2664 -29.8394 10
    endloop
  endfacet
  facet normal 0.903939 -0.427661 0
    outer loop
      vertex -52.2664 -29.8394 4
      vertex -52.4133 -30.1499 10
      vertex -52.4133 -30.1499 4
    endloop
  endfacet
  facet normal 0.595659 0.803237 -0
    outer loop
      vertex -53.2796 -25.7945 4
      vertex -53.5555 -25.5899 10
      vertex -53.2796 -25.7945 10
    endloop
  endfacet
  facet normal 0.595659 0.803237 0
    outer loop
      vertex -53.5555 -25.5899 10
      vertex -53.2796 -25.7945 4
      vertex -53.5555 -25.5899 4
    endloop
  endfacet
  facet normal 0.998789 -0.0491971 0
    outer loop
      vertex -52.0169 -28.8431 10
      vertex -52 -28.5 4
      vertex -52 -28.5 10
    endloop
  endfacet
  facet normal 0.998789 -0.0491971 0
    outer loop
      vertex -52 -28.5 4
      vertex -52.0169 -28.8431 10
      vertex -52.0169 -28.8431 4
    endloop
  endfacet
  facet normal -0.336853 -0.941557 0
    outer loop
      vertex -56.8394 -31.7336 4
      vertex -56.516 -31.8493 10
      vertex -56.8394 -31.7336 10
    endloop
  endfacet
  facet normal -0.336853 -0.941557 -0
    outer loop
      vertex -56.516 -31.8493 10
      vertex -56.8394 -31.7336 4
      vertex -56.516 -31.8493 4
    endloop
  endfacet
  facet normal -0.0491971 -0.998789 0
    outer loop
      vertex -55.8431 -31.9831 4
      vertex -55.5 -32 10
      vertex -55.8431 -31.9831 10
    endloop
  endfacet
  facet normal -0.0491971 -0.998789 -0
    outer loop
      vertex -55.5 -32 10
      vertex -55.8431 -31.9831 4
      vertex -55.5 -32 4
    endloop
  endfacet
  facet normal 0.0491971 -0.998789 0
    outer loop
      vertex -55.5 -32 4
      vertex -55.1569 -31.9831 10
      vertex -55.5 -32 10
    endloop
  endfacet
  facet normal 0.0491971 -0.998789 0
    outer loop
      vertex -55.1569 -31.9831 10
      vertex -55.5 -32 4
      vertex -55.1569 -31.9831 4
    endloop
  endfacet
  facet normal 0.803237 0.595659 0
    outer loop
      vertex -52.5899 -26.5555 10
      vertex -52.7945 -26.2796 4
      vertex -52.7945 -26.2796 10
    endloop
  endfacet
  facet normal 0.803237 0.595659 0
    outer loop
      vertex -52.7945 -26.2796 4
      vertex -52.5899 -26.5555 10
      vertex -52.5899 -26.5555 4
    endloop
  endfacet
  facet normal -0.671454 0.741046 0
    outer loop
      vertex -57.7204 -25.7945 4
      vertex -57.9749 -26.0251 10
      vertex -57.7204 -25.7945 10
    endloop
  endfacet
  facet normal -0.671454 0.741046 0
    outer loop
      vertex -57.9749 -26.0251 10
      vertex -57.7204 -25.7945 4
      vertex -57.9749 -26.0251 4
    endloop
  endfacet
  facet normal 0.14676 0.989172 -0
    outer loop
      vertex -54.8172 -25.0673 4
      vertex -55.1569 -25.0169 10
      vertex -54.8172 -25.0673 10
    endloop
  endfacet
  facet normal 0.14676 0.989172 0
    outer loop
      vertex -55.1569 -25.0169 10
      vertex -54.8172 -25.0673 4
      vertex -55.1569 -25.0169 4
    endloop
  endfacet
  facet normal 0.14676 -0.989172 0
    outer loop
      vertex -55.1569 -31.9831 4
      vertex -54.8172 -31.9327 10
      vertex -55.1569 -31.9831 10
    endloop
  endfacet
  facet normal 0.14676 -0.989172 0
    outer loop
      vertex -54.8172 -31.9327 10
      vertex -55.1569 -31.9831 4
      vertex -54.8172 -31.9327 4
    endloop
  endfacet
  facet normal 0.427661 0.903939 -0
    outer loop
      vertex -53.8501 -25.4133 4
      vertex -54.1606 -25.2664 10
      vertex -53.8501 -25.4133 10
    endloop
  endfacet
  facet normal 0.427661 0.903939 0
    outer loop
      vertex -54.1606 -25.2664 10
      vertex -53.8501 -25.4133 4
      vertex -54.1606 -25.2664 4
    endloop
  endfacet
  facet normal 0.941557 -0.336853 0
    outer loop
      vertex -52.2664 -29.8394 10
      vertex -52.1507 -29.516 4
      vertex -52.1507 -29.516 10
    endloop
  endfacet
  facet normal 0.941557 -0.336853 0
    outer loop
      vertex -52.1507 -29.516 4
      vertex -52.2664 -29.8394 10
      vertex -52.2664 -29.8394 4
    endloop
  endfacet
  facet normal 0.741046 -0.671454 0
    outer loop
      vertex -53.0251 -30.9749 10
      vertex -52.7945 -30.7204 4
      vertex -52.7945 -30.7204 10
    endloop
  endfacet
  facet normal 0.741046 -0.671454 0
    outer loop
      vertex -52.7945 -30.7204 4
      vertex -53.0251 -30.9749 10
      vertex -53.0251 -30.9749 4
    endloop
  endfacet
  facet normal -0.741046 0.671454 0
    outer loop
      vertex -58.2055 -26.2796 4
      vertex -57.9749 -26.0251 10
      vertex -57.9749 -26.0251 4
    endloop
  endfacet
  facet normal -0.741046 0.671454 0
    outer loop
      vertex -57.9749 -26.0251 10
      vertex -58.2055 -26.2796 4
      vertex -58.2055 -26.2796 10
    endloop
  endfacet
  facet normal -0.857698 0.514153 0
    outer loop
      vertex -58.5867 -26.8501 4
      vertex -58.4101 -26.5555 10
      vertex -58.4101 -26.5555 4
    endloop
  endfacet
  facet normal -0.857698 0.514153 0
    outer loop
      vertex -58.4101 -26.5555 10
      vertex -58.5867 -26.8501 4
      vertex -58.5867 -26.8501 10
    endloop
  endfacet
  facet normal 0.903939 0.427661 0
    outer loop
      vertex -52.2664 -27.1606 10
      vertex -52.4133 -26.8501 4
      vertex -52.4133 -26.8501 10
    endloop
  endfacet
  facet normal 0.903939 0.427661 0
    outer loop
      vertex -52.4133 -26.8501 4
      vertex -52.2664 -27.1606 10
      vertex -52.2664 -27.1606 4
    endloop
  endfacet
  facet normal -0.514153 0.857698 0
    outer loop
      vertex -57.1499 -25.4133 4
      vertex -57.4445 -25.5899 10
      vertex -57.1499 -25.4133 10
    endloop
  endfacet
  facet normal -0.514153 0.857698 0
    outer loop
      vertex -57.4445 -25.5899 10
      vertex -57.1499 -25.4133 4
      vertex -57.4445 -25.5899 4
    endloop
  endfacet
  facet normal 0.989172 -0.14676 0
    outer loop
      vertex -52.0673 -29.1828 10
      vertex -52.0169 -28.8431 4
      vertex -52.0169 -28.8431 10
    endloop
  endfacet
  facet normal 0.989172 -0.14676 0
    outer loop
      vertex -52.0169 -28.8431 4
      vertex -52.0673 -29.1828 10
      vertex -52.0673 -29.1828 4
    endloop
  endfacet
  facet normal 0.514153 -0.857698 0
    outer loop
      vertex -53.8501 -31.5867 4
      vertex -53.5555 -31.4101 10
      vertex -53.8501 -31.5867 10
    endloop
  endfacet
  facet normal 0.514153 -0.857698 0
    outer loop
      vertex -53.5555 -31.4101 10
      vertex -53.8501 -31.5867 4
      vertex -53.5555 -31.4101 4
    endloop
  endfacet
  facet normal -0.941557 0.336853 0
    outer loop
      vertex -58.8493 -27.484 4
      vertex -58.7336 -27.1606 10
      vertex -58.7336 -27.1606 4
    endloop
  endfacet
  facet normal -0.941557 0.336853 0
    outer loop
      vertex -58.7336 -27.1606 10
      vertex -58.8493 -27.484 4
      vertex -58.8493 -27.484 10
    endloop
  endfacet
  facet normal 0.336853 0.941557 -0
    outer loop
      vertex -54.1606 -25.2664 4
      vertex -54.484 -25.1507 10
      vertex -54.1606 -25.2664 10
    endloop
  endfacet
  facet normal 0.336853 0.941557 0
    outer loop
      vertex -54.484 -25.1507 10
      vertex -54.1606 -25.2664 4
      vertex -54.484 -25.1507 4
    endloop
  endfacet
  facet normal 0.24281 0.970074 -0
    outer loop
      vertex -54.484 -25.1507 4
      vertex -54.8172 -25.0673 10
      vertex -54.484 -25.1507 10
    endloop
  endfacet
  facet normal 0.24281 0.970074 0
    outer loop
      vertex -54.8172 -25.0673 10
      vertex -54.484 -25.1507 4
      vertex -54.8172 -25.0673 4
    endloop
  endfacet
  facet normal -0.427661 0.903939 0
    outer loop
      vertex -56.8394 -25.2664 4
      vertex -57.1499 -25.4133 10
      vertex -56.8394 -25.2664 10
    endloop
  endfacet
  facet normal -0.427661 0.903939 0
    outer loop
      vertex -57.1499 -25.4133 10
      vertex -56.8394 -25.2664 4
      vertex -57.1499 -25.4133 4
    endloop
  endfacet
  facet normal -0.595659 0.803237 0
    outer loop
      vertex -57.4445 -25.5899 4
      vertex -57.7204 -25.7945 10
      vertex -57.4445 -25.5899 10
    endloop
  endfacet
  facet normal -0.595659 0.803237 0
    outer loop
      vertex -57.7204 -25.7945 10
      vertex -57.4445 -25.5899 4
      vertex -57.7204 -25.7945 4
    endloop
  endfacet
  facet normal -0.14676 0.989172 0
    outer loop
      vertex -55.8431 -25.0169 4
      vertex -56.1828 -25.0673 10
      vertex -55.8431 -25.0169 10
    endloop
  endfacet
  facet normal -0.14676 0.989172 0
    outer loop
      vertex -56.1828 -25.0673 10
      vertex -55.8431 -25.0169 4
      vertex -56.1828 -25.0673 4
    endloop
  endfacet
  facet normal 0.24281 -0.970074 0
    outer loop
      vertex -54.8172 -31.9327 4
      vertex -54.484 -31.8493 10
      vertex -54.8172 -31.9327 10
    endloop
  endfacet
  facet normal 0.24281 -0.970074 0
    outer loop
      vertex -54.484 -31.8493 10
      vertex -54.8172 -31.9327 4
      vertex -54.484 -31.8493 4
    endloop
  endfacet
  facet normal -0.903939 -0.427661 0
    outer loop
      vertex -58.5867 -30.1499 4
      vertex -58.7336 -29.8394 10
      vertex -58.7336 -29.8394 4
    endloop
  endfacet
  facet normal -0.903939 -0.427661 0
    outer loop
      vertex -58.7336 -29.8394 10
      vertex -58.5867 -30.1499 4
      vertex -58.5867 -30.1499 10
    endloop
  endfacet
  facet normal -0.970074 0.24281 0
    outer loop
      vertex -58.9327 -27.8172 4
      vertex -58.8493 -27.484 10
      vertex -58.8493 -27.484 4
    endloop
  endfacet
  facet normal -0.970074 0.24281 0
    outer loop
      vertex -58.8493 -27.484 10
      vertex -58.9327 -27.8172 4
      vertex -58.9327 -27.8172 10
    endloop
  endfacet
  facet normal -0.741046 -0.671454 0
    outer loop
      vertex -57.9749 -30.9749 4
      vertex -58.2055 -30.7204 10
      vertex -58.2055 -30.7204 4
    endloop
  endfacet
  facet normal -0.741046 -0.671454 0
    outer loop
      vertex -58.2055 -30.7204 10
      vertex -57.9749 -30.9749 4
      vertex -57.9749 -30.9749 10
    endloop
  endfacet
  facet normal -0.336853 0.941557 0
    outer loop
      vertex -56.516 -25.1507 4
      vertex -56.8394 -25.2664 10
      vertex -56.516 -25.1507 10
    endloop
  endfacet
  facet normal -0.336853 0.941557 0
    outer loop
      vertex -56.8394 -25.2664 10
      vertex -56.516 -25.1507 4
      vertex -56.8394 -25.2664 4
    endloop
  endfacet
  facet normal -0.989172 0.14676 0
    outer loop
      vertex -58.9831 -28.1569 4
      vertex -58.9327 -27.8172 10
      vertex -58.9327 -27.8172 4
    endloop
  endfacet
  facet normal -0.989172 0.14676 0
    outer loop
      vertex -58.9327 -27.8172 10
      vertex -58.9831 -28.1569 4
      vertex -58.9831 -28.1569 10
    endloop
  endfacet
  facet normal -0.998789 0.0491971 0
    outer loop
      vertex -59 -28.5 4
      vertex -58.9831 -28.1569 10
      vertex -58.9831 -28.1569 4
    endloop
  endfacet
  facet normal -0.998789 0.0491971 0
    outer loop
      vertex -58.9831 -28.1569 10
      vertex -59 -28.5 4
      vertex -59 -28.5 10
    endloop
  endfacet
  facet normal -0.989172 -0.14676 0
    outer loop
      vertex -58.9327 -29.1828 4
      vertex -58.9831 -28.8431 10
      vertex -58.9831 -28.8431 4
    endloop
  endfacet
  facet normal -0.989172 -0.14676 0
    outer loop
      vertex -58.9831 -28.8431 10
      vertex -58.9327 -29.1828 4
      vertex -58.9327 -29.1828 10
    endloop
  endfacet
  facet normal -0.803237 0.595659 0
    outer loop
      vertex -58.4101 -26.5555 4
      vertex -58.2055 -26.2796 10
      vertex -58.2055 -26.2796 4
    endloop
  endfacet
  facet normal -0.803237 0.595659 0
    outer loop
      vertex -58.2055 -26.2796 10
      vertex -58.4101 -26.5555 4
      vertex -58.4101 -26.5555 10
    endloop
  endfacet
  facet normal 0.970074 -0.24281 0
    outer loop
      vertex -52.1507 -29.516 10
      vertex -52.0673 -29.1828 4
      vertex -52.0673 -29.1828 10
    endloop
  endfacet
  facet normal 0.970074 -0.24281 0
    outer loop
      vertex -52.0673 -29.1828 4
      vertex -52.1507 -29.516 10
      vertex -52.1507 -29.516 4
    endloop
  endfacet
  facet normal -0.803237 -0.595659 0
    outer loop
      vertex -58.2055 -30.7204 4
      vertex -58.4101 -30.4445 10
      vertex -58.4101 -30.4445 4
    endloop
  endfacet
  facet normal -0.803237 -0.595659 0
    outer loop
      vertex -58.4101 -30.4445 10
      vertex -58.2055 -30.7204 4
      vertex -58.2055 -30.7204 10
    endloop
  endfacet
  facet normal 0.0491971 0.998789 -0
    outer loop
      vertex -55.1569 -25.0169 4
      vertex -55.5 -25 10
      vertex -55.1569 -25.0169 10
    endloop
  endfacet
  facet normal 0.0491971 0.998789 0
    outer loop
      vertex -55.5 -25 10
      vertex -55.1569 -25.0169 4
      vertex -55.5 -25 4
    endloop
  endfacet
  facet normal -0.514153 -0.857698 0
    outer loop
      vertex -57.4445 -31.4101 4
      vertex -57.1499 -31.5867 10
      vertex -57.4445 -31.4101 10
    endloop
  endfacet
  facet normal -0.514153 -0.857698 -0
    outer loop
      vertex -57.1499 -31.5867 10
      vertex -57.4445 -31.4101 4
      vertex -57.1499 -31.5867 4
    endloop
  endfacet
  facet normal -0.595659 -0.803237 0
    outer loop
      vertex -57.7204 -31.2055 4
      vertex -57.4445 -31.4101 10
      vertex -57.7204 -31.2055 10
    endloop
  endfacet
  facet normal -0.595659 -0.803237 -0
    outer loop
      vertex -57.4445 -31.4101 10
      vertex -57.7204 -31.2055 4
      vertex -57.4445 -31.4101 4
    endloop
  endfacet
  facet normal 0.857698 -0.514153 0
    outer loop
      vertex -52.5899 -30.4445 10
      vertex -52.4133 -30.1499 4
      vertex -52.4133 -30.1499 10
    endloop
  endfacet
  facet normal 0.857698 -0.514153 0
    outer loop
      vertex -52.4133 -30.1499 4
      vertex -52.5899 -30.4445 10
      vertex -52.5899 -30.4445 4
    endloop
  endfacet
  facet normal -0.427661 -0.903939 0
    outer loop
      vertex -57.1499 -31.5867 4
      vertex -56.8394 -31.7336 10
      vertex -57.1499 -31.5867 10
    endloop
  endfacet
  facet normal -0.427661 -0.903939 -0
    outer loop
      vertex -56.8394 -31.7336 10
      vertex -57.1499 -31.5867 4
      vertex -56.8394 -31.7336 4
    endloop
  endfacet
  facet normal 0.803237 -0.595659 0
    outer loop
      vertex -52.7945 -30.7204 10
      vertex -52.5899 -30.4445 4
      vertex -52.5899 -30.4445 10
    endloop
  endfacet
  facet normal 0.803237 -0.595659 0
    outer loop
      vertex -52.5899 -30.4445 4
      vertex -52.7945 -30.7204 10
      vertex -52.7945 -30.7204 4
    endloop
  endfacet
  facet normal -0.24281 -0.970074 0
    outer loop
      vertex -56.516 -31.8493 4
      vertex -56.1828 -31.9327 10
      vertex -56.516 -31.8493 10
    endloop
  endfacet
  facet normal -0.24281 -0.970074 -0
    outer loop
      vertex -56.1828 -31.9327 10
      vertex -56.516 -31.8493 4
      vertex -56.1828 -31.9327 4
    endloop
  endfacet
  facet normal -0.857698 -0.514153 0
    outer loop
      vertex -58.4101 -30.4445 4
      vertex -58.5867 -30.1499 10
      vertex -58.5867 -30.1499 4
    endloop
  endfacet
  facet normal -0.857698 -0.514153 0
    outer loop
      vertex -58.5867 -30.1499 10
      vertex -58.4101 -30.4445 4
      vertex -58.4101 -30.4445 10
    endloop
  endfacet
  facet normal -0.903939 0.427661 0
    outer loop
      vertex -58.7336 -27.1606 4
      vertex -58.5867 -26.8501 10
      vertex -58.5867 -26.8501 4
    endloop
  endfacet
  facet normal -0.903939 0.427661 0
    outer loop
      vertex -58.5867 -26.8501 10
      vertex -58.7336 -27.1606 4
      vertex -58.7336 -27.1606 10
    endloop
  endfacet
  facet normal 0.671454 -0.741046 0
    outer loop
      vertex -53.2796 -31.2055 4
      vertex -53.0251 -30.9749 10
      vertex -53.2796 -31.2055 10
    endloop
  endfacet
  facet normal 0.671454 -0.741046 0
    outer loop
      vertex -53.0251 -30.9749 10
      vertex -53.2796 -31.2055 4
      vertex -53.0251 -30.9749 4
    endloop
  endfacet
  facet normal 0 0 1
    outer loop
      vertex -52.2664 27.1606 4
      vertex 52.2664 27.1606 4
      vertex -52.1507 27.484 4
    endloop
  endfacet
  facet normal 0 0 1
    outer loop
      vertex 52.4133 -26.8501 4
      vertex -52.0169 -28.1569 4
      vertex -52 -28.5 4
    endloop
  endfacet
  facet normal 0 0 1
    outer loop
      vertex 52.2664 27.1606 4
      vertex -52.2664 27.1606 4
      vertex 52.4133 26.8501 4
    endloop
  endfacet
  facet normal 0 0 1
    outer loop
      vertex 52.4133 -26.8501 4
      vertex -52.0673 -27.8172 4
      vertex -52.0169 -28.1569 4
    endloop
  endfacet
  facet normal 0 0 1
    outer loop
      vertex -52.4133 26.8501 4
      vertex 52.4133 26.8501 4
      vertex -52.2664 27.1606 4
    endloop
  endfacet
  facet normal 0 0 1
    outer loop
      vertex 52.4133 -26.8501 4
      vertex -52.1507 -27.484 4
      vertex -52.0673 -27.8172 4
    endloop
  endfacet
  facet normal 0 0 1
    outer loop
      vertex 52.4133 26.8501 4
      vertex -52.4133 26.8501 4
      vertex 52.4133 -26.8501 4
    endloop
  endfacet
  facet normal 0 0 1
    outer loop
      vertex 52.4133 -26.8501 4
      vertex -52.2664 -27.1606 4
      vertex -52.1507 -27.484 4
    endloop
  endfacet
  facet normal 0 0 1
    outer loop
      vertex -52.4133 -26.8501 4
      vertex 52.4133 -26.8501 4
      vertex -52.4133 26.8501 4
    endloop
  endfacet
  facet normal 0 0 1
    outer loop
      vertex 52.4133 -26.8501 4
      vertex -52.4133 -26.8501 4
      vertex -52.2664 -27.1606 4
    endloop
  endfacet
  facet normal -0 0 1
    outer loop
      vertex -52.5899 26.5555 4
      vertex -52.4133 -26.8501 4
      vertex -52.4133 26.8501 4
    endloop
  endfacet
  facet normal 0 0 1
    outer loop
      vertex -52.5899 26.5555 4
      vertex -52.5899 -26.5555 4
      vertex -52.4133 -26.8501 4
    endloop
  endfacet
  facet normal -0 0 1
    outer loop
      vertex -52.7945 26.2796 4
      vertex -52.5899 -26.5555 4
      vertex -52.5899 26.5555 4
    endloop
  endfacet
  facet normal 0 0 1
    outer loop
      vertex -52.7945 26.2796 4
      vertex -52.7945 -26.2796 4
      vertex -52.5899 -26.5555 4
    endloop
  endfacet
  facet normal -0 0 1
    outer loop
      vertex -53.0251 26.0251 4
      vertex -52.7945 -26.2796 4
      vertex -52.7945 26.2796 4
    endloop
  endfacet
  facet normal 0 0 1
    outer loop
      vertex -53.0251 26.0251 4
      vertex -53.0251 -26.0251 4
      vertex -52.7945 -26.2796 4
    endloop
  endfacet
  facet normal -0 0 1
    outer loop
      vertex -53.2796 25.7945 4
      vertex -53.0251 -26.0251 4
      vertex -53.0251 26.0251 4
    endloop
  endfacet
  facet normal 0 0 1
    outer loop
      vertex -53.2796 25.7945 4
      vertex -53.2796 -25.7945 4
      vertex -53.0251 -26.0251 4
    endloop
  endfacet
  facet normal -0 0 1
    outer loop
      vertex -53.5555 25.5899 4
      vertex -53.2796 -25.7945 4
      vertex -53.2796 25.7945 4
    endloop
  endfacet
  facet normal 0 0 1
    outer loop
      vertex -53.5555 25.5899 4
      vertex -53.5555 -25.5899 4
      vertex -53.2796 -25.7945 4
    endloop
  endfacet
  facet normal -0 0 1
    outer loop
      vertex -53.8501 25.4133 4
      vertex -53.5555 -25.5899 4
      vertex -53.5555 25.5899 4
    endloop
  endfacet
  facet normal 0 0 1
    outer loop
      vertex -53.8501 25.4133 4
      vertex -53.8501 -25.4133 4
      vertex -53.5555 -25.5899 4
    endloop
  endfacet
  facet normal -0 0 1
    outer loop
      vertex -54.1606 25.2664 4
      vertex -53.8501 -25.4133 4
      vertex -53.8501 25.4133 4
    endloop
  endfacet
  facet normal 0 0 1
    outer loop
      vertex -54.1606 25.2664 4
      vertex -54.1606 -25.2664 4
      vertex -53.8501 -25.4133 4
    endloop
  endfacet
  facet normal -0 0 1
    outer loop
      vertex -54.484 25.1507 4
      vertex -54.1606 -25.2664 4
      vertex -54.1606 25.2664 4
    endloop
  endfacet
  facet normal 0 0 1
    outer loop
      vertex -54.484 25.1507 4
      vertex -54.484 -25.1507 4
      vertex -54.1606 -25.2664 4
    endloop
  endfacet
  facet normal -0 0 1
    outer loop
      vertex -54.8172 25.0673 4
      vertex -54.484 -25.1507 4
      vertex -54.484 25.1507 4
    endloop
  endfacet
  facet normal 0 0 1
    outer loop
      vertex -54.8172 25.0673 4
      vertex -54.8172 -25.0673 4
      vertex -54.484 -25.1507 4
    endloop
  endfacet
  facet normal -0 0 1
    outer loop
      vertex -55.1569 25.0169 4
      vertex -54.8172 -25.0673 4
      vertex -54.8172 25.0673 4
    endloop
  endfacet
  facet normal 0 0 1
    outer loop
      vertex -55.1569 25.0169 4
      vertex -55.1569 -25.0169 4
      vertex -54.8172 -25.0673 4
    endloop
  endfacet
  facet normal -0 0 1
    outer loop
      vertex -55.5 25 4
      vertex -55.1569 -25.0169 4
      vertex -55.1569 25.0169 4
    endloop
  endfacet
  facet normal 0 0 1
    outer loop
      vertex -55.5 25 4
      vertex -55.5 -25 4
      vertex -55.1569 -25.0169 4
    endloop
  endfacet
  facet normal 0 0 1
    outer loop
      vertex -55.8431 25.0169 4
      vertex -55.5 -25 4
      vertex -55.5 25 4
    endloop
  endfacet
  facet normal 0 0 1
    outer loop
      vertex -55.8431 25.0169 4
      vertex -55.8431 -25.0169 4
      vertex -55.5 -25 4
    endloop
  endfacet
  facet normal 0 0 1
    outer loop
      vertex -56.1828 25.0673 4
      vertex -55.8431 -25.0169 4
      vertex -55.8431 25.0169 4
    endloop
  endfacet
  facet normal 0 0 1
    outer loop
      vertex -56.1828 25.0673 4
      vertex -56.1828 -25.0673 4
      vertex -55.8431 -25.0169 4
    endloop
  endfacet
  facet normal 0 0 1
    outer loop
      vertex -56.516 25.1507 4
      vertex -56.1828 -25.0673 4
      vertex -56.1828 25.0673 4
    endloop
  endfacet
  facet normal 0 0 1
    outer loop
      vertex -56.516 25.1507 4
      vertex -56.516 -25.1507 4
      vertex -56.1828 -25.0673 4
    endloop
  endfacet
  facet normal 0 0 1
    outer loop
      vertex -56.8394 25.2664 4
      vertex -56.516 -25.1507 4
      vertex -56.516 25.1507 4
    endloop
  endfacet
  facet normal 0 0 1
    outer loop
      vertex -56.8394 25.2664 4
      vertex -56.8394 -25.2664 4
      vertex -56.516 -25.1507 4
    endloop
  endfacet
  facet normal 0 0 1
    outer loop
      vertex -57.1499 25.4133 4
      vertex -56.8394 -25.2664 4
      vertex -56.8394 25.2664 4
    endloop
  endfacet
  facet normal 0 0 1
    outer loop
      vertex -57.1499 25.4133 4
      vertex -57.1499 -25.4133 4
      vertex -56.8394 -25.2664 4
    endloop
  endfacet
  facet normal 0 0 1
    outer loop
      vertex -57.4445 25.5899 4
      vertex -57.1499 -25.4133 4
      vertex -57.1499 25.4133 4
    endloop
  endfacet
  facet normal 0 0 1
    outer loop
      vertex -57.4445 25.5899 4
      vertex -57.4445 -25.5899 4
      vertex -57.1499 -25.4133 4
    endloop
  endfacet
  facet normal 0 0 1
    outer loop
      vertex -57.7204 25.7945 4
      vertex -57.4445 -25.5899 4
      vertex -57.4445 25.5899 4
    endloop
  endfacet
  facet normal 0 0 1
    outer loop
      vertex -57.7204 25.7945 4
      vertex -57.7204 -25.7945 4
      vertex -57.4445 -25.5899 4
    endloop
  endfacet
  facet normal 0 0 1
    outer loop
      vertex -57.9749 26.0251 4
      vertex -57.7204 -25.7945 4
      vertex -57.7204 25.7945 4
    endloop
  endfacet
  facet normal 0 0 1
    outer loop
      vertex -57.9749 26.0251 4
      vertex -57.9749 -26.0251 4
      vertex -57.7204 -25.7945 4
    endloop
  endfacet
  facet normal 0 0 1
    outer loop
      vertex -58.2055 26.2796 4
      vertex -57.9749 -26.0251 4
      vertex -57.9749 26.0251 4
    endloop
  endfacet
  facet normal 0 0 1
    outer loop
      vertex -58.2055 26.2796 4
      vertex -58.2055 -26.2796 4
      vertex -57.9749 -26.0251 4
    endloop
  endfacet
  facet normal 0 0 1
    outer loop
      vertex -58.4101 26.5555 4
      vertex -58.2055 -26.2796 4
      vertex -58.2055 26.2796 4
    endloop
  endfacet
  facet normal 0 0 1
    outer loop
      vertex -58.4101 26.5555 4
      vertex -58.4101 -26.5555 4
      vertex -58.2055 -26.2796 4
    endloop
  endfacet
  facet normal 0 0 1
    outer loop
      vertex -58.5867 26.8501 4
      vertex -58.4101 -26.5555 4
      vertex -58.4101 26.5555 4
    endloop
  endfacet
  facet normal 0 0 1
    outer loop
      vertex -58.5867 26.8501 4
      vertex -58.5867 -26.8501 4
      vertex -58.4101 -26.5555 4
    endloop
  endfacet
  facet normal 0 0 1
    outer loop
      vertex -76.2 47.8 4
      vertex -58.5867 26.8501 4
      vertex -58.7336 27.1606 4
    endloop
  endfacet
  facet normal 0 0 1
    outer loop
      vertex -58.5867 26.8501 4
      vertex -76.2 47.8 4
      vertex -58.5867 -26.8501 4
    endloop
  endfacet
  facet normal 0 0 1
    outer loop
      vertex -76.2 47.8 4
      vertex -58.7336 27.1606 4
      vertex -58.8493 27.484 4
    endloop
  endfacet
  facet normal 0 0 1
    outer loop
      vertex -76.2 -47.8 4
      vertex -58.5867 -26.8501 4
      vertex -76.2 47.8 4
    endloop
  endfacet
  facet normal 0 0 1
    outer loop
      vertex -76.2 47.8 4
      vertex -58.8493 27.484 4
      vertex -58.9327 27.8172 4
    endloop
  endfacet
  facet normal 0 0 1
    outer loop
      vertex -58.5867 -26.8501 4
      vertex -76.2 -47.8 4
      vertex -58.7336 -27.1606 4
    endloop
  endfacet
  facet normal 0 0 1
    outer loop
      vertex -76.2 47.8 4
      vertex -58.9327 27.8172 4
      vertex -58.9831 28.1569 4
    endloop
  endfacet
  facet normal 0 0 1
    outer loop
      vertex -58.7336 -27.1606 4
      vertex -76.2 -47.8 4
      vertex -58.8493 -27.484 4
    endloop
  endfacet
  facet normal 0 0 1
    outer loop
      vertex -76.2 47.8 4
      vertex -58.9831 28.1569 4
      vertex -59 28.5 4
    endloop
  endfacet
  facet normal 0 0 1
    outer loop
      vertex -58.8493 -27.484 4
      vertex -76.2 -47.8 4
      vertex -58.9327 -27.8172 4
    endloop
  endfacet
  facet normal 0 0 1
    outer loop
      vertex 58.8493 27.484 4
      vertex 76.2 47.8 4
      vertex 58.9327 27.8172 4
    endloop
  endfacet
  facet normal 0 0 1
    outer loop
      vertex 76.2 -47.8 4
      vertex 58.9831 -28.1569 4
      vertex 59 -28.5 4
    endloop
  endfacet
  facet normal 0 0 1
    outer loop
      vertex 58.7336 27.1606 4
      vertex 76.2 47.8 4
      vertex 58.8493 27.484 4
    endloop
  endfacet
  facet normal 0 0 1
    outer loop
      vertex 76.2 -47.8 4
      vertex 58.9327 -27.8172 4
      vertex 58.9831 -28.1569 4
    endloop
  endfacet
  facet normal 0 0 1
    outer loop
      vertex 58.5867 26.8501 4
      vertex 76.2 47.8 4
      vertex 58.7336 27.1606 4
    endloop
  endfacet
  facet normal 0 0 1
    outer loop
      vertex 76.2 -47.8 4
      vertex 58.8493 -27.484 4
      vertex 58.9327 -27.8172 4
    endloop
  endfacet
  facet normal 0 0 1
    outer loop
      vertex 76.2 47.8 4
      vertex 58.5867 26.8501 4
      vertex 76.2 -47.8 4
    endloop
  endfacet
  facet normal 0 0 1
    outer loop
      vertex 76.2 -47.8 4
      vertex 58.7336 -27.1606 4
      vertex 58.8493 -27.484 4
    endloop
  endfacet
  facet normal -0 0 1
    outer loop
      vertex 58.5867 -26.8501 4
      vertex 76.2 -47.8 4
      vertex 58.5867 26.8501 4
    endloop
  endfacet
  facet normal 0 0 1
    outer loop
      vertex 76.2 -47.8 4
      vertex 58.5867 -26.8501 4
      vertex 58.7336 -27.1606 4
    endloop
  endfacet
  facet normal -0 0 1
    outer loop
      vertex 58.4101 26.5555 4
      vertex 58.5867 -26.8501 4
      vertex 58.5867 26.8501 4
    endloop
  endfacet
  facet normal 0 0 1
    outer loop
      vertex 58.4101 26.5555 4
      vertex 58.4101 -26.5555 4
      vertex 58.5867 -26.8501 4
    endloop
  endfacet
  facet normal -0 0 1
    outer loop
      vertex 58.2055 26.2796 4
      vertex 58.4101 -26.5555 4
      vertex 58.4101 26.5555 4
    endloop
  endfacet
  facet normal 0 0 1
    outer loop
      vertex 58.2055 26.2796 4
      vertex 58.2055 -26.2796 4
      vertex 58.4101 -26.5555 4
    endloop
  endfacet
  facet normal -0 0 1
    outer loop
      vertex 57.9749 26.0251 4
      vertex 58.2055 -26.2796 4
      vertex 58.2055 26.2796 4
    endloop
  endfacet
  facet normal 0 0 1
    outer loop
      vertex 57.9749 26.0251 4
      vertex 57.9749 -26.0251 4
      vertex 58.2055 -26.2796 4
    endloop
  endfacet
  facet normal -0 0 1
    outer loop
      vertex 57.7204 25.7945 4
      vertex 57.9749 -26.0251 4
      vertex 57.9749 26.0251 4
    endloop
  endfacet
  facet normal 0 0 1
    outer loop
      vertex 57.7204 25.7945 4
      vertex 57.7204 -25.7945 4
      vertex 57.9749 -26.0251 4
    endloop
  endfacet
  facet normal -0 0 1
    outer loop
      vertex 57.4445 25.5899 4
      vertex 57.7204 -25.7945 4
      vertex 57.7204 25.7945 4
    endloop
  endfacet
  facet normal 0 0 1
    outer loop
      vertex 57.4445 25.5899 4
      vertex 57.4445 -25.5899 4
      vertex 57.7204 -25.7945 4
    endloop
  endfacet
  facet normal -0 0 1
    outer loop
      vertex 57.1499 25.4133 4
      vertex 57.4445 -25.5899 4
      vertex 57.4445 25.5899 4
    endloop
  endfacet
  facet normal 0 0 1
    outer loop
      vertex 57.1499 25.4133 4
      vertex 57.1499 -25.4133 4
      vertex 57.4445 -25.5899 4
    endloop
  endfacet
  facet normal -0 0 1
    outer loop
      vertex 56.8394 25.2664 4
      vertex 57.1499 -25.4133 4
      vertex 57.1499 25.4133 4
    endloop
  endfacet
  facet normal 0 0 1
    outer loop
      vertex 56.8394 25.2664 4
      vertex 56.8394 -25.2664 4
      vertex 57.1499 -25.4133 4
    endloop
  endfacet
  facet normal -0 0 1
    outer loop
      vertex 56.516 25.1507 4
      vertex 56.8394 -25.2664 4
      vertex 56.8394 25.2664 4
    endloop
  endfacet
  facet normal 0 0 1
    outer loop
      vertex 56.516 25.1507 4
      vertex 56.516 -25.1507 4
      vertex 56.8394 -25.2664 4
    endloop
  endfacet
  facet normal -0 0 1
    outer loop
      vertex 56.1828 25.0673 4
      vertex 56.516 -25.1507 4
      vertex 56.516 25.1507 4
    endloop
  endfacet
  facet normal 0 0 1
    outer loop
      vertex 56.1828 25.0673 4
      vertex 56.1828 -25.0673 4
      vertex 56.516 -25.1507 4
    endloop
  endfacet
  facet normal -0 0 1
    outer loop
      vertex 55.8431 25.0169 4
      vertex 56.1828 -25.0673 4
      vertex 56.1828 25.0673 4
    endloop
  endfacet
  facet normal 0 0 1
    outer loop
      vertex 55.8431 25.0169 4
      vertex 55.8431 -25.0169 4
      vertex 56.1828 -25.0673 4
    endloop
  endfacet
  facet normal -0 0 1
    outer loop
      vertex 55.5 25 4
      vertex 55.8431 -25.0169 4
      vertex 55.8431 25.0169 4
    endloop
  endfacet
  facet normal 0 0 1
    outer loop
      vertex 55.5 25 4
      vertex 55.5 -25 4
      vertex 55.8431 -25.0169 4
    endloop
  endfacet
  facet normal 0 0 1
    outer loop
      vertex 55.1569 25.0169 4
      vertex 55.5 -25 4
      vertex 55.5 25 4
    endloop
  endfacet
  facet normal 0 0 1
    outer loop
      vertex 55.1569 25.0169 4
      vertex 55.1569 -25.0169 4
      vertex 55.5 -25 4
    endloop
  endfacet
  facet normal 0 0 1
    outer loop
      vertex 54.8172 25.0673 4
      vertex 55.1569 -25.0169 4
      vertex 55.1569 25.0169 4
    endloop
  endfacet
  facet normal 0 0 1
    outer loop
      vertex 54.8172 25.0673 4
      vertex 54.8172 -25.0673 4
      vertex 55.1569 -25.0169 4
    endloop
  endfacet
  facet normal 0 0 1
    outer loop
      vertex 54.484 25.1507 4
      vertex 54.8172 -25.0673 4
      vertex 54.8172 25.0673 4
    endloop
  endfacet
  facet normal 0 0 1
    outer loop
      vertex 54.484 25.1507 4
      vertex 54.484 -25.1507 4
      vertex 54.8172 -25.0673 4
    endloop
  endfacet
  facet normal 0 0 1
    outer loop
      vertex 54.1606 25.2664 4
      vertex 54.484 -25.1507 4
      vertex 54.484 25.1507 4
    endloop
  endfacet
  facet normal 0 0 1
    outer loop
      vertex 54.1606 25.2664 4
      vertex 54.1606 -25.2664 4
      vertex 54.484 -25.1507 4
    endloop
  endfacet
  facet normal 0 0 1
    outer loop
      vertex 53.8501 25.4133 4
      vertex 54.1606 -25.2664 4
      vertex 54.1606 25.2664 4
    endloop
  endfacet
  facet normal 0 0 1
    outer loop
      vertex 53.8501 25.4133 4
      vertex 53.8501 -25.4133 4
      vertex 54.1606 -25.2664 4
    endloop
  endfacet
  facet normal 0 0 1
    outer loop
      vertex 53.5555 25.5899 4
      vertex 53.8501 -25.4133 4
      vertex 53.8501 25.4133 4
    endloop
  endfacet
  facet normal 0 0 1
    outer loop
      vertex 53.5555 25.5899 4
      vertex 53.5555 -25.5899 4
      vertex 53.8501 -25.4133 4
    endloop
  endfacet
  facet normal 0 0 1
    outer loop
      vertex 53.2796 25.7945 4
      vertex 53.5555 -25.5899 4
      vertex 53.5555 25.5899 4
    endloop
  endfacet
  facet normal 0 0 1
    outer loop
      vertex 53.2796 25.7945 4
      vertex 53.2796 -25.7945 4
      vertex 53.5555 -25.5899 4
    endloop
  endfacet
  facet normal 0 0 1
    outer loop
      vertex 53.0251 26.0251 4
      vertex 53.2796 -25.7945 4
      vertex 53.2796 25.7945 4
    endloop
  endfacet
  facet normal 0 0 1
    outer loop
      vertex 53.0251 26.0251 4
      vertex 53.0251 -26.0251 4
      vertex 53.2796 -25.7945 4
    endloop
  endfacet
  facet normal 0 0 1
    outer loop
      vertex 52.7945 26.2796 4
      vertex 53.0251 -26.0251 4
      vertex 53.0251 26.0251 4
    endloop
  endfacet
  facet normal 0 0 1
    outer loop
      vertex 52.7945 26.2796 4
      vertex 52.7945 -26.2796 4
      vertex 53.0251 -26.0251 4
    endloop
  endfacet
  facet normal 0 0 1
    outer loop
      vertex 52.5899 26.5555 4
      vertex 52.7945 -26.2796 4
      vertex 52.7945 26.2796 4
    endloop
  endfacet
  facet normal 0 0 1
    outer loop
      vertex 52.5899 26.5555 4
      vertex 52.5899 -26.5555 4
      vertex 52.7945 -26.2796 4
    endloop
  endfacet
  facet normal 0 0 1
    outer loop
      vertex 52.4133 26.8501 4
      vertex 52.5899 -26.5555 4
      vertex 52.5899 26.5555 4
    endloop
  endfacet
  facet normal 0 0 1
    outer loop
      vertex 52.4133 26.8501 4
      vertex 52.4133 -26.8501 4
      vertex 52.5899 -26.5555 4
    endloop
  endfacet
  facet normal 0 0 1
    outer loop
      vertex 52.0673 27.8172 4
      vertex -52.0673 27.8172 4
      vertex 52.1507 27.484 4
    endloop
  endfacet
  facet normal 0 0 1
    outer loop
      vertex -52.1507 27.484 4
      vertex 52.1507 27.484 4
      vertex -52.0673 27.8172 4
    endloop
  endfacet
  facet normal 0 0 1
    outer loop
      vertex -52.0673 27.8172 4
      vertex 52.0673 27.8172 4
      vertex -52.0169 28.1569 4
    endloop
  endfacet
  facet normal 0 0 1
    outer loop
      vertex 52.1507 27.484 4
      vertex -52.1507 27.484 4
      vertex 52.2664 27.1606 4
    endloop
  endfacet
  facet normal 0 0 1
    outer loop
      vertex 52.0169 28.1569 4
      vertex -52.0169 28.1569 4
      vertex 52.0673 27.8172 4
    endloop
  endfacet
  facet normal 0 0 1
    outer loop
      vertex 52.4133 -26.8501 4
      vertex -52 -28.5 4
      vertex 52.2664 -27.1606 4
    endloop
  endfacet
  facet normal 0 0 1
    outer loop
      vertex -52.0169 28.1569 4
      vertex 52.0169 28.1569 4
      vertex -52 28.5 4
    endloop
  endfacet
  facet normal 0 0 1
    outer loop
      vertex 52.2664 -27.1606 4
      vertex -52 -28.5 4
      vertex 52.1507 -27.484 4
    endloop
  endfacet
  facet normal -0 0 1
    outer loop
      vertex -52 28.5 4
      vertex 52.0169 28.1569 4
      vertex 52 28.5 4
    endloop
  endfacet
  facet normal 0 0 1
    outer loop
      vertex 52.1507 -27.484 4
      vertex -52 -28.5 4
      vertex 52.0673 -27.8172 4
    endloop
  endfacet
  facet normal 0 0 1
    outer loop
      vertex 73.2 50.8 4
      vertex 76.2 47.8 4
      vertex 76.1856 48.0941 4
    endloop
  endfacet
  facet normal 0 0 1
    outer loop
      vertex 58.9831 28.1569 4
      vertex 76.2 47.8 4
      vertex 59 28.5 4
    endloop
  endfacet
  facet normal 0 0 1
    outer loop
      vertex 73.2 50.8 4
      vertex 76.1856 48.0941 4
      vertex 76.1424 48.3853 4
    endloop
  endfacet
  facet normal 0 0 1
    outer loop
      vertex 58.9327 27.8172 4
      vertex 76.2 47.8 4
      vertex 58.9831 28.1569 4
    endloop
  endfacet
  facet normal 0 0 1
    outer loop
      vertex 73.2 50.8 4
      vertex 76.1424 48.3853 4
      vertex 76.0708 48.6709 4
    endloop
  endfacet
  facet normal -0 0 1
    outer loop
      vertex 58.9831 -28.8431 4
      vertex 76.2 -47.8 4
      vertex 59 -28.5 4
    endloop
  endfacet
  facet normal 0 0 1
    outer loop
      vertex 73.2 50.8 4
      vertex 76.0708 48.6709 4
      vertex 75.9716 48.9481 4
    endloop
  endfacet
  facet normal -0 0 1
    outer loop
      vertex 58.9327 -29.1828 4
      vertex 76.2 -47.8 4
      vertex 58.9831 -28.8431 4
    endloop
  endfacet
  facet normal 0 0 1
    outer loop
      vertex 73.2 50.8 4
      vertex 75.9716 48.9481 4
      vertex 75.8458 49.2142 4
    endloop
  endfacet
  facet normal -0 0 1
    outer loop
      vertex 58.8493 -29.516 4
      vertex 76.2 -47.8 4
      vertex 58.9327 -29.1828 4
    endloop
  endfacet
  facet normal 0 0 1
    outer loop
      vertex 73.2 50.8 4
      vertex 75.8458 49.2142 4
      vertex 75.6944 49.4667 4
    endloop
  endfacet
  facet normal -0 0 1
    outer loop
      vertex 58.7336 -29.8394 4
      vertex 76.2 -47.8 4
      vertex 58.8493 -29.516 4
    endloop
  endfacet
  facet normal 0 0 1
    outer loop
      vertex 73.2 50.8 4
      vertex 75.6944 49.4667 4
      vertex 75.519 49.7032 4
    endloop
  endfacet
  facet normal -0 0 1
    outer loop
      vertex 58.5867 -30.1499 4
      vertex 76.2 -47.8 4
      vertex 58.7336 -29.8394 4
    endloop
  endfacet
  facet normal 0 0 1
    outer loop
      vertex 73.2 50.8 4
      vertex 75.519 49.7032 4
      vertex 75.3213 49.9213 4
    endloop
  endfacet
  facet normal -0 0 1
    outer loop
      vertex 58.4101 -30.4445 4
      vertex 76.2 -47.8 4
      vertex 58.5867 -30.1499 4
    endloop
  endfacet
  facet normal 0 0 1
    outer loop
      vertex 73.2 50.8 4
      vertex 75.3213 49.9213 4
      vertex 75.1032 50.119 4
    endloop
  endfacet
  facet normal -0 0 1
    outer loop
      vertex 58.2055 -30.7204 4
      vertex 76.2 -47.8 4
      vertex 58.4101 -30.4445 4
    endloop
  endfacet
  facet normal 0 0 1
    outer loop
      vertex 73.2 50.8 4
      vertex 75.1032 50.119 4
      vertex 74.8667 50.2944 4
    endloop
  endfacet
  facet normal -0 0 1
    outer loop
      vertex 57.9749 -30.9749 4
      vertex 76.2 -47.8 4
      vertex 58.2055 -30.7204 4
    endloop
  endfacet
  facet normal 0 0 1
    outer loop
      vertex 73.2 50.8 4
      vertex 74.8667 50.2944 4
      vertex 74.6142 50.4458 4
    endloop
  endfacet
  facet normal -0 0 1
    outer loop
      vertex 57.7204 -31.2055 4
      vertex 76.2 -47.8 4
      vertex 57.9749 -30.9749 4
    endloop
  endfacet
  facet normal 0 0 1
    outer loop
      vertex 73.2 50.8 4
      vertex 74.6142 50.4458 4
      vertex 74.3481 50.5716 4
    endloop
  endfacet
  facet normal 0 0 1
    outer loop
      vertex 76.2 -47.8 4
      vertex 73.2 -50.8 4
      vertex 76.1856 -48.0941 4
    endloop
  endfacet
  facet normal 0 0 1
    outer loop
      vertex 73.2 50.8 4
      vertex 74.3481 50.5716 4
      vertex 74.0709 50.6708 4
    endloop
  endfacet
  facet normal 0 0 1
    outer loop
      vertex 76.1856 -48.0941 4
      vertex 73.2 -50.8 4
      vertex 76.1424 -48.3853 4
    endloop
  endfacet
  facet normal 0 0 1
    outer loop
      vertex 73.2 50.8 4
      vertex 74.0709 50.6708 4
      vertex 73.7853 50.7424 4
    endloop
  endfacet
  facet normal 0 0 1
    outer loop
      vertex 76.0708 -48.6709 4
      vertex 73.2 -50.8 4
      vertex 75.9716 -48.9481 4
    endloop
  endfacet
  facet normal 0 0 1
    outer loop
      vertex 73.2 50.8 4
      vertex 73.7853 50.7424 4
      vertex 73.494 50.7856 4
    endloop
  endfacet
  facet normal 0 0 1
    outer loop
      vertex 75.9716 -48.9481 4
      vertex 73.2 -50.8 4
      vertex 75.8458 -49.2142 4
    endloop
  endfacet
  facet normal 0 0 1
    outer loop
      vertex 57.7204 31.2055 4
      vertex 76.2 47.8 4
      vertex 73.2 50.8 4
    endloop
  endfacet
  facet normal 0 0 1
    outer loop
      vertex 75.6944 -49.4667 4
      vertex 73.2 -50.8 4
      vertex 75.519 -49.7032 4
    endloop
  endfacet
  facet normal 0 0 1
    outer loop
      vertex 75.519 -49.7032 4
      vertex 73.2 -50.8 4
      vertex 75.3213 -49.9213 4
    endloop
  endfacet
  facet normal 0 0 1
    outer loop
      vertex 76.2 47.8 4
      vertex 58.9831 28.8431 4
      vertex 59 28.5 4
    endloop
  endfacet
  facet normal 0 0 1
    outer loop
      vertex 76.2 47.8 4
      vertex 58.9327 29.1828 4
      vertex 58.9831 28.8431 4
    endloop
  endfacet
  facet normal 0 0 1
    outer loop
      vertex 76.2 47.8 4
      vertex 58.8493 29.516 4
      vertex 58.9327 29.1828 4
    endloop
  endfacet
  facet normal 0 0 1
    outer loop
      vertex 76.2 47.8 4
      vertex 58.7336 29.8394 4
      vertex 58.8493 29.516 4
    endloop
  endfacet
  facet normal 0 0 1
    outer loop
      vertex 76.2 47.8 4
      vertex 58.5867 30.1499 4
      vertex 58.7336 29.8394 4
    endloop
  endfacet
  facet normal 0 0 1
    outer loop
      vertex 76.2 47.8 4
      vertex 58.4101 30.4445 4
      vertex 58.5867 30.1499 4
    endloop
  endfacet
  facet normal 0 0 1
    outer loop
      vertex 76.2 47.8 4
      vertex 58.2055 30.7204 4
      vertex 58.4101 30.4445 4
    endloop
  endfacet
  facet normal 0 0 1
    outer loop
      vertex 76.2 47.8 4
      vertex 57.9749 30.9749 4
      vertex 58.2055 30.7204 4
    endloop
  endfacet
  facet normal 0 0 1
    outer loop
      vertex 76.2 47.8 4
      vertex 57.7204 31.2055 4
      vertex 57.9749 30.9749 4
    endloop
  endfacet
  facet normal 0 0 1
    outer loop
      vertex 73.2 50.8 4
      vertex 57.4445 31.4101 4
      vertex 57.7204 31.2055 4
    endloop
  endfacet
  facet normal 0 0 1
    outer loop
      vertex 73.2 50.8 4
      vertex 57.1499 31.5867 4
      vertex 57.4445 31.4101 4
    endloop
  endfacet
  facet normal 0 0 1
    outer loop
      vertex 73.2 50.8 4
      vertex 56.8394 31.7336 4
      vertex 57.1499 31.5867 4
    endloop
  endfacet
  facet normal 0 0 1
    outer loop
      vertex 73.2 50.8 4
      vertex 56.516 31.8493 4
      vertex 56.8394 31.7336 4
    endloop
  endfacet
  facet normal 0 0 1
    outer loop
      vertex 73.2 50.8 4
      vertex 56.1828 31.9327 4
      vertex 56.516 31.8493 4
    endloop
  endfacet
  facet normal 0 0 1
    outer loop
      vertex 73.2 50.8 4
      vertex 55.8431 31.9831 4
      vertex 56.1828 31.9327 4
    endloop
  endfacet
  facet normal 0 0 1
    outer loop
      vertex 73.2 50.8 4
      vertex 55.5 32 4
      vertex 55.8431 31.9831 4
    endloop
  endfacet
  facet normal 0 0 1
    outer loop
      vertex 73.2 50.8 4
      vertex 55.1569 31.9831 4
      vertex 55.5 32 4
    endloop
  endfacet
  facet normal 0 0 1
    outer loop
      vertex 73.2 50.8 4
      vertex 54.8172 31.9327 4
      vertex 55.1569 31.9831 4
    endloop
  endfacet
  facet normal 0 0 1
    outer loop
      vertex 73.2 50.8 4
      vertex 54.484 31.8493 4
      vertex 54.8172 31.9327 4
    endloop
  endfacet
  facet normal 0 0 1
    outer loop
      vertex 73.2 50.8 4
      vertex 54.1606 31.7336 4
      vertex 54.484 31.8493 4
    endloop
  endfacet
  facet normal 0 0 1
    outer loop
      vertex 73.2 50.8 4
      vertex 53.8501 31.5867 4
      vertex 54.1606 31.7336 4
    endloop
  endfacet
  facet normal 0 0 1
    outer loop
      vertex 73.2 50.8 4
      vertex 53.5555 31.4101 4
      vertex 53.8501 31.5867 4
    endloop
  endfacet
  facet normal 0 0 1
    outer loop
      vertex -53.5555 31.4101 4
      vertex 53.5555 31.4101 4
      vertex 73.2 50.8 4
    endloop
  endfacet
  facet normal 0 0 1
    outer loop
      vertex 53.5555 31.4101 4
      vertex -53.5555 31.4101 4
      vertex 53.2796 31.2055 4
    endloop
  endfacet
  facet normal 0 0 1
    outer loop
      vertex 52.0673 -27.8172 4
      vertex -52 -28.5 4
      vertex 52.0169 -28.1569 4
    endloop
  endfacet
  facet normal 0 0 1
    outer loop
      vertex 52.0169 28.8431 4
      vertex -52 28.5 4
      vertex 52 28.5 4
    endloop
  endfacet
  facet normal 0 0 1
    outer loop
      vertex -52.0169 28.8431 4
      vertex 52.0169 28.8431 4
      vertex 52.0673 29.1828 4
    endloop
  endfacet
  facet normal 0 0 1
    outer loop
      vertex -52.0673 29.1828 4
      vertex 52.0673 29.1828 4
      vertex 52.1507 29.516 4
    endloop
  endfacet
  facet normal 0 0 1
    outer loop
      vertex -52.1507 29.516 4
      vertex 52.1507 29.516 4
      vertex 52.2664 29.8394 4
    endloop
  endfacet
  facet normal 0 0 1
    outer loop
      vertex -52.2664 29.8394 4
      vertex 52.2664 29.8394 4
      vertex 52.4133 30.1499 4
    endloop
  endfacet
  facet normal 0 0 1
    outer loop
      vertex -52.4133 30.1499 4
      vertex 52.4133 30.1499 4
      vertex 52.5899 30.4445 4
    endloop
  endfacet
  facet normal 0 0 1
    outer loop
      vertex -52.5899 30.4445 4
      vertex 52.5899 30.4445 4
      vertex 52.7945 30.7204 4
    endloop
  endfacet
  facet normal 0 0 1
    outer loop
      vertex -52.7945 30.7204 4
      vertex 52.7945 30.7204 4
      vertex 53.0251 30.9749 4
    endloop
  endfacet
  facet normal 0 -0 1
    outer loop
      vertex -53.2796 31.2055 4
      vertex 53.2796 31.2055 4
      vertex -53.5555 31.4101 4
    endloop
  endfacet
  facet normal 0 0 1
    outer loop
      vertex 52.0169 28.8431 4
      vertex -52.0169 28.8431 4
      vertex -52 28.5 4
    endloop
  endfacet
  facet normal 0 0 1
    outer loop
      vertex 52.0673 29.1828 4
      vertex -52.0673 29.1828 4
      vertex -52.0169 28.8431 4
    endloop
  endfacet
  facet normal 0 0 1
    outer loop
      vertex 52.1507 29.516 4
      vertex -52.1507 29.516 4
      vertex -52.0673 29.1828 4
    endloop
  endfacet
  facet normal 0 0 1
    outer loop
      vertex 52.2664 29.8394 4
      vertex -52.2664 29.8394 4
      vertex -52.1507 29.516 4
    endloop
  endfacet
  facet normal 0 0 1
    outer loop
      vertex 52.4133 30.1499 4
      vertex -52.4133 30.1499 4
      vertex -52.2664 29.8394 4
    endloop
  endfacet
  facet normal 0 0 1
    outer loop
      vertex 52.5899 30.4445 4
      vertex -52.5899 30.4445 4
      vertex -52.4133 30.1499 4
    endloop
  endfacet
  facet normal 0 0 1
    outer loop
      vertex 52.7945 30.7204 4
      vertex -52.7945 30.7204 4
      vertex -52.5899 30.4445 4
    endloop
  endfacet
  facet normal 0 0 1
    outer loop
      vertex 53.0251 30.9749 4
      vertex -53.0251 30.9749 4
      vertex -52.7945 30.7204 4
    endloop
  endfacet
  facet normal 0 0 1
    outer loop
      vertex 53.0251 30.9749 4
      vertex -53.2796 31.2055 4
      vertex -53.0251 30.9749 4
    endloop
  endfacet
  facet normal 0 0 1
    outer loop
      vertex 53.2796 31.2055 4
      vertex -53.2796 31.2055 4
      vertex 53.0251 30.9749 4
    endloop
  endfacet
  facet normal -0 0 1
    outer loop
      vertex -73.2 50.8 4
      vertex -53.5555 31.4101 4
      vertex 73.2 50.8 4
    endloop
  endfacet
  facet normal 0 0 1
    outer loop
      vertex -53.5555 31.4101 4
      vertex -73.2 50.8 4
      vertex -53.8501 31.5867 4
    endloop
  endfacet
  facet normal 0 0 1
    outer loop
      vertex -53.8501 31.5867 4
      vertex -73.2 50.8 4
      vertex -54.1606 31.7336 4
    endloop
  endfacet
  facet normal 0 0 1
    outer loop
      vertex -54.1606 31.7336 4
      vertex -73.2 50.8 4
      vertex -54.484 31.8493 4
    endloop
  endfacet
  facet normal 0 0 1
    outer loop
      vertex -54.484 31.8493 4
      vertex -73.2 50.8 4
      vertex -54.8172 31.9327 4
    endloop
  endfacet
  facet normal 0 0 1
    outer loop
      vertex -54.8172 31.9327 4
      vertex -73.2 50.8 4
      vertex -55.1569 31.9831 4
    endloop
  endfacet
  facet normal 0 0 1
    outer loop
      vertex -55.1569 31.9831 4
      vertex -73.2 50.8 4
      vertex -55.5 32 4
    endloop
  endfacet
  facet normal 0 0 1
    outer loop
      vertex -58.9831 28.8431 4
      vertex -76.2 47.8 4
      vertex -59 28.5 4
    endloop
  endfacet
  facet normal 0 0 1
    outer loop
      vertex -58.9327 29.1828 4
      vertex -76.2 47.8 4
      vertex -58.9831 28.8431 4
    endloop
  endfacet
  facet normal 0 0 1
    outer loop
      vertex -58.8493 29.516 4
      vertex -76.2 47.8 4
      vertex -58.9327 29.1828 4
    endloop
  endfacet
  facet normal 0 0 1
    outer loop
      vertex -58.7336 29.8394 4
      vertex -76.2 47.8 4
      vertex -58.8493 29.516 4
    endloop
  endfacet
  facet normal 0 0 1
    outer loop
      vertex -58.5867 30.1499 4
      vertex -76.2 47.8 4
      vertex -58.7336 29.8394 4
    endloop
  endfacet
  facet normal 0 0 1
    outer loop
      vertex -58.4101 30.4445 4
      vertex -76.2 47.8 4
      vertex -58.5867 30.1499 4
    endloop
  endfacet
  facet normal 0 0 1
    outer loop
      vertex -58.2055 30.7204 4
      vertex -76.2 47.8 4
      vertex -58.4101 30.4445 4
    endloop
  endfacet
  facet normal 0 0 1
    outer loop
      vertex -57.9749 30.9749 4
      vertex -76.2 47.8 4
      vertex -58.2055 30.7204 4
    endloop
  endfacet
  facet normal 0 0 1
    outer loop
      vertex -57.7204 31.2055 4
      vertex -76.2 47.8 4
      vertex -57.9749 30.9749 4
    endloop
  endfacet
  facet normal -0 0 1
    outer loop
      vertex -76.2 47.8 4
      vertex -57.7204 31.2055 4
      vertex -73.2 50.8 4
    endloop
  endfacet
  facet normal 0 0 1
    outer loop
      vertex -57.4445 31.4101 4
      vertex -73.2 50.8 4
      vertex -57.7204 31.2055 4
    endloop
  endfacet
  facet normal 0 0 1
    outer loop
      vertex -57.1499 31.5867 4
      vertex -73.2 50.8 4
      vertex -57.4445 31.4101 4
    endloop
  endfacet
  facet normal 0 0 1
    outer loop
      vertex -56.8394 31.7336 4
      vertex -73.2 50.8 4
      vertex -57.1499 31.5867 4
    endloop
  endfacet
  facet normal 0 0 1
    outer loop
      vertex -56.516 31.8493 4
      vertex -73.2 50.8 4
      vertex -56.8394 31.7336 4
    endloop
  endfacet
  facet normal 0 0 1
    outer loop
      vertex -56.1828 31.9327 4
      vertex -73.2 50.8 4
      vertex -56.516 31.8493 4
    endloop
  endfacet
  facet normal 0 0 1
    outer loop
      vertex -55.8431 31.9831 4
      vertex -73.2 50.8 4
      vertex -56.1828 31.9327 4
    endloop
  endfacet
  facet normal 0 0 1
    outer loop
      vertex -55.5 32 4
      vertex -73.2 50.8 4
      vertex -55.8431 31.9831 4
    endloop
  endfacet
  facet normal 0 0 1
    outer loop
      vertex 75.3213 -49.9213 4
      vertex 73.2 -50.8 4
      vertex 75.1032 -50.119 4
    endloop
  endfacet
  facet normal 0 0 1
    outer loop
      vertex 74.8667 -50.2944 4
      vertex 73.2 -50.8 4
      vertex 74.6142 -50.4458 4
    endloop
  endfacet
  facet normal 0 0 1
    outer loop
      vertex 74.6142 -50.4458 4
      vertex 73.2 -50.8 4
      vertex 74.3481 -50.5716 4
    endloop
  endfacet
  facet normal 0 0 1
    outer loop
      vertex 74.0709 -50.6708 4
      vertex 73.2 -50.8 4
      vertex 73.7853 -50.7424 4
    endloop
  endfacet
  facet normal 0 0 1
    outer loop
      vertex 73.7853 -50.7424 4
      vertex 73.2 -50.8 4
      vertex 73.494 -50.7856 4
    endloop
  endfacet
  facet normal 0 0 1
    outer loop
      vertex 74.3481 -50.5716 4
      vertex 73.2 -50.8 4
      vertex 74.0709 -50.6708 4
    endloop
  endfacet
  facet normal 0 0 1
    outer loop
      vertex 75.1032 -50.119 4
      vertex 73.2 -50.8 4
      vertex 74.8667 -50.2944 4
    endloop
  endfacet
  facet normal 0 0 1
    outer loop
      vertex 75.8458 -49.2142 4
      vertex 73.2 -50.8 4
      vertex 75.6944 -49.4667 4
    endloop
  endfacet
  facet normal 0 0 1
    outer loop
      vertex 76.1424 -48.3853 4
      vertex 73.2 -50.8 4
      vertex 76.0708 -48.6709 4
    endloop
  endfacet
  facet normal 0 0 1
    outer loop
      vertex 76.2 -47.8 4
      vertex 57.7204 -31.2055 4
      vertex 73.2 -50.8 4
    endloop
  endfacet
  facet normal -0 0 1
    outer loop
      vertex 57.4445 -31.4101 4
      vertex 73.2 -50.8 4
      vertex 57.7204 -31.2055 4
    endloop
  endfacet
  facet normal -0 0 1
    outer loop
      vertex 57.1499 -31.5867 4
      vertex 73.2 -50.8 4
      vertex 57.4445 -31.4101 4
    endloop
  endfacet
  facet normal -0 0 1
    outer loop
      vertex 56.8394 -31.7336 4
      vertex 73.2 -50.8 4
      vertex 57.1499 -31.5867 4
    endloop
  endfacet
  facet normal -0 0 1
    outer loop
      vertex 56.516 -31.8493 4
      vertex 73.2 -50.8 4
      vertex 56.8394 -31.7336 4
    endloop
  endfacet
  facet normal -0 0 1
    outer loop
      vertex 56.1828 -31.9327 4
      vertex 73.2 -50.8 4
      vertex 56.516 -31.8493 4
    endloop
  endfacet
  facet normal -0 0 1
    outer loop
      vertex 55.8431 -31.9831 4
      vertex 73.2 -50.8 4
      vertex 56.1828 -31.9327 4
    endloop
  endfacet
  facet normal -0 0 1
    outer loop
      vertex 55.5 -32 4
      vertex 73.2 -50.8 4
      vertex 55.8431 -31.9831 4
    endloop
  endfacet
  facet normal 0 0 1
    outer loop
      vertex 55.1569 -31.9831 4
      vertex 73.2 -50.8 4
      vertex 55.5 -32 4
    endloop
  endfacet
  facet normal 0 0 1
    outer loop
      vertex 54.8172 -31.9327 4
      vertex 73.2 -50.8 4
      vertex 55.1569 -31.9831 4
    endloop
  endfacet
  facet normal 0 0 1
    outer loop
      vertex 54.484 -31.8493 4
      vertex 73.2 -50.8 4
      vertex 54.8172 -31.9327 4
    endloop
  endfacet
  facet normal 0 0 1
    outer loop
      vertex 54.1606 -31.7336 4
      vertex 73.2 -50.8 4
      vertex 54.484 -31.8493 4
    endloop
  endfacet
  facet normal 0 0 1
    outer loop
      vertex 53.8501 -31.5867 4
      vertex 73.2 -50.8 4
      vertex 54.1606 -31.7336 4
    endloop
  endfacet
  facet normal 0 0 1
    outer loop
      vertex 53.5555 -31.4101 4
      vertex 73.2 -50.8 4
      vertex 53.8501 -31.5867 4
    endloop
  endfacet
  facet normal 0 0 1
    outer loop
      vertex -53.5555 -31.4101 4
      vertex 53.5555 -31.4101 4
      vertex 53.2796 -31.2055 4
    endloop
  endfacet
  facet normal 0 0 1
    outer loop
      vertex -53.2796 -31.2055 4
      vertex 53.2796 -31.2055 4
      vertex 53.0251 -30.9749 4
    endloop
  endfacet
  facet normal 0 0 1
    outer loop
      vertex 52.0169 -28.1569 4
      vertex -52 -28.5 4
      vertex 52 -28.5 4
    endloop
  endfacet
  facet normal 0 0 1
    outer loop
      vertex 52 -28.5 4
      vertex -52 -28.5 4
      vertex 52.0169 -28.8431 4
    endloop
  endfacet
  facet normal 0 0 1
    outer loop
      vertex -52.0169 -28.8431 4
      vertex 52.0169 -28.8431 4
      vertex -52 -28.5 4
    endloop
  endfacet
  facet normal 0 0 1
    outer loop
      vertex 52.0169 -28.8431 4
      vertex -52.0169 -28.8431 4
      vertex 52.0673 -29.1828 4
    endloop
  endfacet
  facet normal 0 0 1
    outer loop
      vertex -52.0673 -29.1828 4
      vertex 52.0673 -29.1828 4
      vertex -52.0169 -28.8431 4
    endloop
  endfacet
  facet normal 0 0 1
    outer loop
      vertex 52.0673 -29.1828 4
      vertex -52.0673 -29.1828 4
      vertex 52.1507 -29.516 4
    endloop
  endfacet
  facet normal 0 0 1
    outer loop
      vertex -52.1507 -29.516 4
      vertex 52.1507 -29.516 4
      vertex -52.0673 -29.1828 4
    endloop
  endfacet
  facet normal 0 0 1
    outer loop
      vertex 52.1507 -29.516 4
      vertex -52.1507 -29.516 4
      vertex 52.2664 -29.8394 4
    endloop
  endfacet
  facet normal 0 0 1
    outer loop
      vertex -52.2664 -29.8394 4
      vertex 52.2664 -29.8394 4
      vertex -52.1507 -29.516 4
    endloop
  endfacet
  facet normal 0 0 1
    outer loop
      vertex 52.2664 -29.8394 4
      vertex -52.2664 -29.8394 4
      vertex 52.4133 -30.1499 4
    endloop
  endfacet
  facet normal 0 0 1
    outer loop
      vertex -52.4133 -30.1499 4
      vertex 52.4133 -30.1499 4
      vertex -52.2664 -29.8394 4
    endloop
  endfacet
  facet normal 0 0 1
    outer loop
      vertex 52.4133 -30.1499 4
      vertex -52.4133 -30.1499 4
      vertex 52.5899 -30.4445 4
    endloop
  endfacet
  facet normal 0 0 1
    outer loop
      vertex -52.5899 -30.4445 4
      vertex 52.5899 -30.4445 4
      vertex -52.4133 -30.1499 4
    endloop
  endfacet
  facet normal 0 0 1
    outer loop
      vertex 52.5899 -30.4445 4
      vertex -52.5899 -30.4445 4
      vertex 52.7945 -30.7204 4
    endloop
  endfacet
  facet normal 0 0 1
    outer loop
      vertex -52.7945 -30.7204 4
      vertex 52.7945 -30.7204 4
      vertex -52.5899 -30.4445 4
    endloop
  endfacet
  facet normal 0 0 1
    outer loop
      vertex 52.7945 -30.7204 4
      vertex -52.7945 -30.7204 4
      vertex 53.0251 -30.9749 4
    endloop
  endfacet
  facet normal 0 0 1
    outer loop
      vertex -53.0251 -30.9749 4
      vertex 53.0251 -30.9749 4
      vertex -52.7945 -30.7204 4
    endloop
  endfacet
  facet normal 0 0 1
    outer loop
      vertex -53.2796 -31.2055 4
      vertex 53.0251 -30.9749 4
      vertex -53.0251 -30.9749 4
    endloop
  endfacet
  facet normal 0 0 1
    outer loop
      vertex 53.2796 -31.2055 4
      vertex -53.2796 -31.2055 4
      vertex -53.5555 -31.4101 4
    endloop
  endfacet
  facet normal 0 0 1
    outer loop
      vertex 53.5555 -31.4101 4
      vertex -53.5555 -31.4101 4
      vertex 73.2 -50.8 4
    endloop
  endfacet
  facet normal 0 0 1
    outer loop
      vertex -73.2 -50.8 4
      vertex -53.5555 -31.4101 4
      vertex -53.8501 -31.5867 4
    endloop
  endfacet
  facet normal 0 0 1
    outer loop
      vertex -73.2 -50.8 4
      vertex -53.8501 -31.5867 4
      vertex -54.1606 -31.7336 4
    endloop
  endfacet
  facet normal 0 0 1
    outer loop
      vertex -73.2 -50.8 4
      vertex -54.1606 -31.7336 4
      vertex -54.484 -31.8493 4
    endloop
  endfacet
  facet normal 0 0 1
    outer loop
      vertex -73.2 -50.8 4
      vertex -54.484 -31.8493 4
      vertex -54.8172 -31.9327 4
    endloop
  endfacet
  facet normal 0 0 1
    outer loop
      vertex -73.2 -50.8 4
      vertex -54.8172 -31.9327 4
      vertex -55.1569 -31.9831 4
    endloop
  endfacet
  facet normal 0 0 1
    outer loop
      vertex -73.2 -50.8 4
      vertex -55.1569 -31.9831 4
      vertex -55.5 -32 4
    endloop
  endfacet
  facet normal 0 0 1
    outer loop
      vertex -73.2 -50.8 4
      vertex -55.5 -32 4
      vertex -55.8431 -31.9831 4
    endloop
  endfacet
  facet normal 0 0 1
    outer loop
      vertex -58.9327 -27.8172 4
      vertex -76.2 -47.8 4
      vertex -58.9831 -28.1569 4
    endloop
  endfacet
  facet normal 0 0 1
    outer loop
      vertex -58.9831 -28.1569 4
      vertex -76.2 -47.8 4
      vertex -59 -28.5 4
    endloop
  endfacet
  facet normal 0 0 1
    outer loop
      vertex -53.5555 -31.4101 4
      vertex -73.2 -50.8 4
      vertex 73.2 -50.8 4
    endloop
  endfacet
  facet normal 0 0 1
    outer loop
      vertex -56.1828 -31.9327 4
      vertex -73.2 -50.8 4
      vertex -55.8431 -31.9831 4
    endloop
  endfacet
  facet normal 0 0 1
    outer loop
      vertex -56.516 -31.8493 4
      vertex -73.2 -50.8 4
      vertex -56.1828 -31.9327 4
    endloop
  endfacet
  facet normal 0 0 1
    outer loop
      vertex -56.8394 -31.7336 4
      vertex -73.2 -50.8 4
      vertex -56.516 -31.8493 4
    endloop
  endfacet
  facet normal 0 0 1
    outer loop
      vertex -57.1499 -31.5867 4
      vertex -73.2 -50.8 4
      vertex -56.8394 -31.7336 4
    endloop
  endfacet
  facet normal 0 0 1
    outer loop
      vertex -57.4445 -31.4101 4
      vertex -73.2 -50.8 4
      vertex -57.1499 -31.5867 4
    endloop
  endfacet
  facet normal 0 0 1
    outer loop
      vertex -57.7204 -31.2055 4
      vertex -73.2 -50.8 4
      vertex -57.4445 -31.4101 4
    endloop
  endfacet
  facet normal 0 0 1
    outer loop
      vertex -76.2 -47.8 4
      vertex -57.7204 -31.2055 4
      vertex -57.9749 -30.9749 4
    endloop
  endfacet
  facet normal 0 0 1
    outer loop
      vertex -76.2 -47.8 4
      vertex -57.9749 -30.9749 4
      vertex -58.2055 -30.7204 4
    endloop
  endfacet
  facet normal 0 0 1
    outer loop
      vertex -76.2 -47.8 4
      vertex -58.2055 -30.7204 4
      vertex -58.4101 -30.4445 4
    endloop
  endfacet
  facet normal 0 0 1
    outer loop
      vertex -76.2 -47.8 4
      vertex -58.4101 -30.4445 4
      vertex -58.5867 -30.1499 4
    endloop
  endfacet
  facet normal 0 0 1
    outer loop
      vertex -76.2 -47.8 4
      vertex -58.5867 -30.1499 4
      vertex -58.7336 -29.8394 4
    endloop
  endfacet
  facet normal 0 0 1
    outer loop
      vertex -76.2 -47.8 4
      vertex -58.7336 -29.8394 4
      vertex -58.8493 -29.516 4
    endloop
  endfacet
  facet normal 0 0 1
    outer loop
      vertex -76.2 -47.8 4
      vertex -58.8493 -29.516 4
      vertex -58.9327 -29.1828 4
    endloop
  endfacet
  facet normal 0 0 1
    outer loop
      vertex -59 -28.5 4
      vertex -76.2 -47.8 4
      vertex -58.9831 -28.8431 4
    endloop
  endfacet
  facet normal 0 0 1
    outer loop
      vertex -76.2 47.8 4
      vertex -73.2 50.8 4
      vertex -73.494 50.7856 4
    endloop
  endfacet
  facet normal 0 0 1
    outer loop
      vertex -58.9831 -28.8431 4
      vertex -76.2 -47.8 4
      vertex -58.9327 -29.1828 4
    endloop
  endfacet
  facet normal 0 0 1
    outer loop
      vertex -76.2 47.8 4
      vertex -73.494 50.7856 4
      vertex -73.7853 50.7424 4
    endloop
  endfacet
  facet normal 0 0 1
    outer loop
      vertex -57.7204 -31.2055 4
      vertex -76.2 -47.8 4
      vertex -73.2 -50.8 4
    endloop
  endfacet
  facet normal 0 0 1
    outer loop
      vertex -76.2 47.8 4
      vertex -73.7853 50.7424 4
      vertex -74.0709 50.6708 4
    endloop
  endfacet
  facet normal 0 0 1
    outer loop
      vertex -73.2 -50.8 4
      vertex -76.2 -47.8 4
      vertex -73.494 -50.7856 4
    endloop
  endfacet
  facet normal 0 0 1
    outer loop
      vertex -76.2 47.8 4
      vertex -74.0709 50.6708 4
      vertex -74.3481 50.5716 4
    endloop
  endfacet
  facet normal 0 0 1
    outer loop
      vertex -73.494 -50.7856 4
      vertex -76.2 -47.8 4
      vertex -73.7853 -50.7424 4
    endloop
  endfacet
  facet normal 0 0 1
    outer loop
      vertex -76.2 47.8 4
      vertex -74.3481 50.5716 4
      vertex -74.6142 50.4458 4
    endloop
  endfacet
  facet normal 0 0 1
    outer loop
      vertex -73.7853 -50.7424 4
      vertex -76.2 -47.8 4
      vertex -74.0709 -50.6708 4
    endloop
  endfacet
  facet normal 0 0 1
    outer loop
      vertex -76.2 47.8 4
      vertex -74.6142 50.4458 4
      vertex -74.8667 50.2944 4
    endloop
  endfacet
  facet normal 0 0 1
    outer loop
      vertex -74.0709 -50.6708 4
      vertex -76.2 -47.8 4
      vertex -74.3481 -50.5716 4
    endloop
  endfacet
  facet normal 0 0 1
    outer loop
      vertex -76.2 47.8 4
      vertex -74.8667 50.2944 4
      vertex -75.1032 50.119 4
    endloop
  endfacet
  facet normal 0 0 1
    outer loop
      vertex -74.3481 -50.5716 4
      vertex -76.2 -47.8 4
      vertex -74.6142 -50.4458 4
    endloop
  endfacet
  facet normal 0 0 1
    outer loop
      vertex -76.2 47.8 4
      vertex -75.1032 50.119 4
      vertex -75.3213 49.9213 4
    endloop
  endfacet
  facet normal 0 0 1
    outer loop
      vertex -74.6142 -50.4458 4
      vertex -76.2 -47.8 4
      vertex -74.8667 -50.2944 4
    endloop
  endfacet
  facet normal 0 0 1
    outer loop
      vertex -76.2 47.8 4
      vertex -75.3213 49.9213 4
      vertex -75.519 49.7032 4
    endloop
  endfacet
  facet normal 0 0 1
    outer loop
      vertex -74.8667 -50.2944 4
      vertex -76.2 -47.8 4
      vertex -75.1032 -50.119 4
    endloop
  endfacet
  facet normal 0 0 1
    outer loop
      vertex -76.2 47.8 4
      vertex -75.519 49.7032 4
      vertex -75.6944 49.4667 4
    endloop
  endfacet
  facet normal 0 0 1
    outer loop
      vertex -75.1032 -50.119 4
      vertex -76.2 -47.8 4
      vertex -75.3213 -49.9213 4
    endloop
  endfacet
  facet normal 0 0 1
    outer loop
      vertex -76.2 47.8 4
      vertex -75.6944 49.4667 4
      vertex -75.8458 49.2142 4
    endloop
  endfacet
  facet normal 0 0 1
    outer loop
      vertex -75.3213 -49.9213 4
      vertex -76.2 -47.8 4
      vertex -75.519 -49.7032 4
    endloop
  endfacet
  facet normal 0 0 1
    outer loop
      vertex -76.2 47.8 4
      vertex -75.8458 49.2142 4
      vertex -75.9716 48.9481 4
    endloop
  endfacet
  facet normal 0 0 1
    outer loop
      vertex -75.519 -49.7032 4
      vertex -76.2 -47.8 4
      vertex -75.6944 -49.4667 4
    endloop
  endfacet
  facet normal 0 0 1
    outer loop
      vertex -76.2 47.8 4
      vertex -75.9716 48.9481 4
      vertex -76.0708 48.6709 4
    endloop
  endfacet
  facet normal 0 0 1
    outer loop
      vertex -75.6944 -49.4667 4
      vertex -76.2 -47.8 4
      vertex -75.8458 -49.2142 4
    endloop
  endfacet
  facet normal 0 0 1
    outer loop
      vertex -76.2 47.8 4
      vertex -76.0708 48.6709 4
      vertex -76.1424 48.3853 4
    endloop
  endfacet
  facet normal 0 0 1
    outer loop
      vertex -75.8458 -49.2142 4
      vertex -76.2 -47.8 4
      vertex -75.9716 -48.9481 4
    endloop
  endfacet
  facet normal 0 0 1
    outer loop
      vertex -76.2 47.8 4
      vertex -76.1424 48.3853 4
      vertex -76.1856 48.0941 4
    endloop
  endfacet
  facet normal 0 0 1
    outer loop
      vertex -75.9716 -48.9481 4
      vertex -76.2 -47.8 4
      vertex -76.0708 -48.6709 4
    endloop
  endfacet
  facet normal 0 0 1
    outer loop
      vertex -76.0708 -48.6709 4
      vertex -76.2 -47.8 4
      vertex -76.1424 -48.3853 4
    endloop
  endfacet
  facet normal 0 0 1
    outer loop
      vertex -76.1424 -48.3853 4
      vertex -76.2 -47.8 4
      vertex -76.1856 -48.0941 4
    endloop
  endfacet
  facet normal 0 0 1
    outer loop
      vertex -53.9077 -28.3432 4
      vertex -53.9077 -28.6568 4
      vertex -53.9 -28.5 4
    endloop
  endfacet
  facet normal 0 0 1
    outer loop
      vertex -53.9307 -28.1879 4
      vertex -53.9077 -28.6568 4
      vertex -53.9077 -28.3432 4
    endloop
  endfacet
  facet normal 0 0 1
    outer loop
      vertex -53.9307 -28.1879 4
      vertex -53.9307 -28.8121 4
      vertex -53.9077 -28.6568 4
    endloop
  endfacet
  facet normal 0 0 1
    outer loop
      vertex -53.9689 -28.0355 4
      vertex -53.9307 -28.8121 4
      vertex -53.9307 -28.1879 4
    endloop
  endfacet
  facet normal 0 0 1
    outer loop
      vertex -53.9689 -28.0355 4
      vertex -53.9689 -28.9645 4
      vertex -53.9307 -28.8121 4
    endloop
  endfacet
  facet normal 0 0 1
    outer loop
      vertex -54.0218 -27.8877 4
      vertex -53.9689 -28.9645 4
      vertex -53.9689 -28.0355 4
    endloop
  endfacet
  facet normal 0 0 1
    outer loop
      vertex -54.0218 -27.8877 4
      vertex -54.0218 -29.1123 4
      vertex -53.9689 -28.9645 4
    endloop
  endfacet
  facet normal 0 0 1
    outer loop
      vertex -54.0889 -27.7458 4
      vertex -54.0218 -29.1123 4
      vertex -54.0218 -27.8877 4
    endloop
  endfacet
  facet normal 0 0 1
    outer loop
      vertex -54.0889 -27.7458 4
      vertex -54.0889 -29.2542 4
      vertex -54.0218 -29.1123 4
    endloop
  endfacet
  facet normal 0 0 1
    outer loop
      vertex -54.1696 -27.6111 4
      vertex -54.0889 -29.2542 4
      vertex -54.0889 -27.7458 4
    endloop
  endfacet
  facet normal 0 0 1
    outer loop
      vertex -54.1696 -27.6111 4
      vertex -54.1696 -29.3889 4
      vertex -54.0889 -29.2542 4
    endloop
  endfacet
  facet normal 0 0 1
    outer loop
      vertex -54.2632 -27.485 4
      vertex -54.1696 -29.3889 4
      vertex -54.1696 -27.6111 4
    endloop
  endfacet
  facet normal 0 0 1
    outer loop
      vertex -54.2632 -27.485 4
      vertex -54.2632 -29.515 4
      vertex -54.1696 -29.3889 4
    endloop
  endfacet
  facet normal 0 0 1
    outer loop
      vertex -54.3686 -27.3686 4
      vertex -54.2632 -29.515 4
      vertex -54.2632 -27.485 4
    endloop
  endfacet
  facet normal 0 0 1
    outer loop
      vertex -54.3686 -27.3686 4
      vertex -54.3686 -29.6314 4
      vertex -54.2632 -29.515 4
    endloop
  endfacet
  facet normal 0 0 1
    outer loop
      vertex -54.485 -27.2632 4
      vertex -54.3686 -29.6314 4
      vertex -54.3686 -27.3686 4
    endloop
  endfacet
  facet normal 0 0 1
    outer loop
      vertex -54.485 -27.2632 4
      vertex -54.485 -29.7368 4
      vertex -54.3686 -29.6314 4
    endloop
  endfacet
  facet normal 0 0 1
    outer loop
      vertex -54.6111 -27.1696 4
      vertex -54.485 -29.7368 4
      vertex -54.485 -27.2632 4
    endloop
  endfacet
  facet normal 0 0 1
    outer loop
      vertex -54.6111 -27.1696 4
      vertex -54.6111 -29.8304 4
      vertex -54.485 -29.7368 4
    endloop
  endfacet
  facet normal 0 0 1
    outer loop
      vertex -54.7458 -27.0889 4
      vertex -54.6111 -29.8304 4
      vertex -54.6111 -27.1696 4
    endloop
  endfacet
  facet normal 0 0 1
    outer loop
      vertex -54.7458 -27.0889 4
      vertex -54.7458 -29.9111 4
      vertex -54.6111 -29.8304 4
    endloop
  endfacet
  facet normal 0 0 1
    outer loop
      vertex -54.8877 -27.0218 4
      vertex -54.7458 -29.9111 4
      vertex -54.7458 -27.0889 4
    endloop
  endfacet
  facet normal 0 0 1
    outer loop
      vertex -54.8877 -27.0218 4
      vertex -54.8877 -29.9782 4
      vertex -54.7458 -29.9111 4
    endloop
  endfacet
  facet normal 0 0 1
    outer loop
      vertex -55.0355 -26.9689 4
      vertex -54.8877 -29.9782 4
      vertex -54.8877 -27.0218 4
    endloop
  endfacet
  facet normal 0 0 1
    outer loop
      vertex -55.0355 -26.9689 4
      vertex -55.0355 -30.0311 4
      vertex -54.8877 -29.9782 4
    endloop
  endfacet
  facet normal 0 0 1
    outer loop
      vertex -55.1879 -26.9307 4
      vertex -55.0355 -30.0311 4
      vertex -55.0355 -26.9689 4
    endloop
  endfacet
  facet normal 0 0 1
    outer loop
      vertex -55.1879 -26.9307 4
      vertex -55.1879 -30.0693 4
      vertex -55.0355 -30.0311 4
    endloop
  endfacet
  facet normal 0 0 1
    outer loop
      vertex -55.3432 -26.9077 4
      vertex -55.1879 -30.0693 4
      vertex -55.1879 -26.9307 4
    endloop
  endfacet
  facet normal 0 0 1
    outer loop
      vertex -55.3432 -26.9077 4
      vertex -55.3432 -30.0923 4
      vertex -55.1879 -30.0693 4
    endloop
  endfacet
  facet normal 0 0 1
    outer loop
      vertex -55.5 -26.9 4
      vertex -55.3432 -30.0923 4
      vertex -55.3432 -26.9077 4
    endloop
  endfacet
  facet normal 0 0 1
    outer loop
      vertex -55.5 -26.9 4
      vertex -55.5 -30.1 4
      vertex -55.3432 -30.0923 4
    endloop
  endfacet
  facet normal -0 0 1
    outer loop
      vertex -55.6568 -26.9077 4
      vertex -55.5 -30.1 4
      vertex -55.5 -26.9 4
    endloop
  endfacet
  facet normal 0 0 1
    outer loop
      vertex -55.6568 -26.9077 4
      vertex -55.6568 -30.0923 4
      vertex -55.5 -30.1 4
    endloop
  endfacet
  facet normal -0 0 1
    outer loop
      vertex -55.8121 -26.9307 4
      vertex -55.6568 -30.0923 4
      vertex -55.6568 -26.9077 4
    endloop
  endfacet
  facet normal 0 0 1
    outer loop
      vertex -55.8121 -26.9307 4
      vertex -55.8121 -30.0693 4
      vertex -55.6568 -30.0923 4
    endloop
  endfacet
  facet normal -0 0 1
    outer loop
      vertex -55.9645 -26.9689 4
      vertex -55.8121 -30.0693 4
      vertex -55.8121 -26.9307 4
    endloop
  endfacet
  facet normal 0 0 1
    outer loop
      vertex -55.9645 -26.9689 4
      vertex -55.9645 -30.0311 4
      vertex -55.8121 -30.0693 4
    endloop
  endfacet
  facet normal -0 0 1
    outer loop
      vertex -56.1123 -27.0218 4
      vertex -55.9645 -30.0311 4
      vertex -55.9645 -26.9689 4
    endloop
  endfacet
  facet normal 0 0 1
    outer loop
      vertex -56.1123 -27.0218 4
      vertex -56.1123 -29.9782 4
      vertex -55.9645 -30.0311 4
    endloop
  endfacet
  facet normal -0 0 1
    outer loop
      vertex -56.2542 -27.0889 4
      vertex -56.1123 -29.9782 4
      vertex -56.1123 -27.0218 4
    endloop
  endfacet
  facet normal 0 0 1
    outer loop
      vertex -56.2542 -27.0889 4
      vertex -56.2542 -29.9111 4
      vertex -56.1123 -29.9782 4
    endloop
  endfacet
  facet normal -0 0 1
    outer loop
      vertex -56.3889 -27.1696 4
      vertex -56.2542 -29.9111 4
      vertex -56.2542 -27.0889 4
    endloop
  endfacet
  facet normal 0 0 1
    outer loop
      vertex -56.3889 -27.1696 4
      vertex -56.3889 -29.8304 4
      vertex -56.2542 -29.9111 4
    endloop
  endfacet
  facet normal -0 0 1
    outer loop
      vertex -56.515 -27.2632 4
      vertex -56.3889 -29.8304 4
      vertex -56.3889 -27.1696 4
    endloop
  endfacet
  facet normal 0 0 1
    outer loop
      vertex -56.515 -27.2632 4
      vertex -56.515 -29.7368 4
      vertex -56.3889 -29.8304 4
    endloop
  endfacet
  facet normal -0 0 1
    outer loop
      vertex -56.6314 -27.3686 4
      vertex -56.515 -29.7368 4
      vertex -56.515 -27.2632 4
    endloop
  endfacet
  facet normal 0 0 1
    outer loop
      vertex -56.6314 -27.3686 4
      vertex -56.6314 -29.6314 4
      vertex -56.515 -29.7368 4
    endloop
  endfacet
  facet normal -0 0 1
    outer loop
      vertex -56.7368 -27.485 4
      vertex -56.6314 -29.6314 4
      vertex -56.6314 -27.3686 4
    endloop
  endfacet
  facet normal 0 0 1
    outer loop
      vertex -56.7368 -27.485 4
      vertex -56.7368 -29.515 4
      vertex -56.6314 -29.6314 4
    endloop
  endfacet
  facet normal -0 0 1
    outer loop
      vertex -56.8304 -27.6111 4
      vertex -56.7368 -29.515 4
      vertex -56.7368 -27.485 4
    endloop
  endfacet
  facet normal 0 0 1
    outer loop
      vertex -56.8304 -27.6111 4
      vertex -56.8304 -29.3889 4
      vertex -56.7368 -29.515 4
    endloop
  endfacet
  facet normal -0 0 1
    outer loop
      vertex -56.9111 -27.7458 4
      vertex -56.8304 -29.3889 4
      vertex -56.8304 -27.6111 4
    endloop
  endfacet
  facet normal 0 0 1
    outer loop
      vertex -56.9111 -27.7458 4
      vertex -56.9111 -29.2542 4
      vertex -56.8304 -29.3889 4
    endloop
  endfacet
  facet normal -0 0 1
    outer loop
      vertex -56.9782 -27.8877 4
      vertex -56.9111 -29.2542 4
      vertex -56.9111 -27.7458 4
    endloop
  endfacet
  facet normal 0 0 1
    outer loop
      vertex -56.9782 -27.8877 4
      vertex -56.9782 -29.1123 4
      vertex -56.9111 -29.2542 4
    endloop
  endfacet
  facet normal -0 0 1
    outer loop
      vertex -57.0311 -28.0355 4
      vertex -56.9782 -29.1123 4
      vertex -56.9782 -27.8877 4
    endloop
  endfacet
  facet normal 0 0 1
    outer loop
      vertex -57.0311 -28.0355 4
      vertex -57.0311 -28.9645 4
      vertex -56.9782 -29.1123 4
    endloop
  endfacet
  facet normal -0 0 1
    outer loop
      vertex -57.0693 -28.1879 4
      vertex -57.0311 -28.9645 4
      vertex -57.0311 -28.0355 4
    endloop
  endfacet
  facet normal 0 0 1
    outer loop
      vertex -57.0693 -28.1879 4
      vertex -57.0693 -28.8121 4
      vertex -57.0311 -28.9645 4
    endloop
  endfacet
  facet normal -0 0 1
    outer loop
      vertex -57.0923 -28.3432 4
      vertex -57.0693 -28.8121 4
      vertex -57.0693 -28.1879 4
    endloop
  endfacet
  facet normal 0 0 1
    outer loop
      vertex -57.0923 -28.3432 4
      vertex -57.0923 -28.6568 4
      vertex -57.0693 -28.8121 4
    endloop
  endfacet
  facet normal 0 -0 1
    outer loop
      vertex -57.0923 -28.6568 4
      vertex -57.0923 -28.3432 4
      vertex -57.1 -28.5 4
    endloop
  endfacet
  facet normal 0 0 1
    outer loop
      vertex -53.9077 28.6568 4
      vertex -53.9077 28.3432 4
      vertex -53.9 28.5 4
    endloop
  endfacet
  facet normal 0 0 1
    outer loop
      vertex -53.9307 28.8121 4
      vertex -53.9077 28.3432 4
      vertex -53.9077 28.6568 4
    endloop
  endfacet
  facet normal 0 0 1
    outer loop
      vertex -53.9307 28.8121 4
      vertex -53.9307 28.1879 4
      vertex -53.9077 28.3432 4
    endloop
  endfacet
  facet normal 0 0 1
    outer loop
      vertex -53.9689 28.9645 4
      vertex -53.9307 28.1879 4
      vertex -53.9307 28.8121 4
    endloop
  endfacet
  facet normal 0 0 1
    outer loop
      vertex -53.9689 28.9645 4
      vertex -53.9689 28.0355 4
      vertex -53.9307 28.1879 4
    endloop
  endfacet
  facet normal 0 0 1
    outer loop
      vertex -54.0218 29.1123 4
      vertex -53.9689 28.0355 4
      vertex -53.9689 28.9645 4
    endloop
  endfacet
  facet normal 0 0 1
    outer loop
      vertex -54.0218 29.1123 4
      vertex -54.0218 27.8877 4
      vertex -53.9689 28.0355 4
    endloop
  endfacet
  facet normal 0 0 1
    outer loop
      vertex -54.0889 29.2542 4
      vertex -54.0218 27.8877 4
      vertex -54.0218 29.1123 4
    endloop
  endfacet
  facet normal 0 0 1
    outer loop
      vertex -54.0889 29.2542 4
      vertex -54.0889 27.7458 4
      vertex -54.0218 27.8877 4
    endloop
  endfacet
  facet normal 0 0 1
    outer loop
      vertex -54.1696 29.3889 4
      vertex -54.0889 27.7458 4
      vertex -54.0889 29.2542 4
    endloop
  endfacet
  facet normal 0 0 1
    outer loop
      vertex -54.1696 29.3889 4
      vertex -54.1696 27.6111 4
      vertex -54.0889 27.7458 4
    endloop
  endfacet
  facet normal 0 0 1
    outer loop
      vertex -54.2632 29.515 4
      vertex -54.1696 27.6111 4
      vertex -54.1696 29.3889 4
    endloop
  endfacet
  facet normal 0 0 1
    outer loop
      vertex -54.2632 29.515 4
      vertex -54.2632 27.485 4
      vertex -54.1696 27.6111 4
    endloop
  endfacet
  facet normal 0 0 1
    outer loop
      vertex -54.3686 29.6314 4
      vertex -54.2632 27.485 4
      vertex -54.2632 29.515 4
    endloop
  endfacet
  facet normal 0 0 1
    outer loop
      vertex -54.3686 29.6314 4
      vertex -54.3686 27.3686 4
      vertex -54.2632 27.485 4
    endloop
  endfacet
  facet normal 0 0 1
    outer loop
      vertex -54.485 29.7368 4
      vertex -54.3686 27.3686 4
      vertex -54.3686 29.6314 4
    endloop
  endfacet
  facet normal 0 0 1
    outer loop
      vertex -54.485 29.7368 4
      vertex -54.485 27.2632 4
      vertex -54.3686 27.3686 4
    endloop
  endfacet
  facet normal 0 0 1
    outer loop
      vertex -54.6111 29.8304 4
      vertex -54.485 27.2632 4
      vertex -54.485 29.7368 4
    endloop
  endfacet
  facet normal 0 0 1
    outer loop
      vertex -54.6111 29.8304 4
      vertex -54.6111 27.1696 4
      vertex -54.485 27.2632 4
    endloop
  endfacet
  facet normal 0 0 1
    outer loop
      vertex -54.7458 29.9111 4
      vertex -54.6111 27.1696 4
      vertex -54.6111 29.8304 4
    endloop
  endfacet
  facet normal 0 0 1
    outer loop
      vertex -54.7458 29.9111 4
      vertex -54.7458 27.0889 4
      vertex -54.6111 27.1696 4
    endloop
  endfacet
  facet normal 0 0 1
    outer loop
      vertex -54.8877 29.9782 4
      vertex -54.7458 27.0889 4
      vertex -54.7458 29.9111 4
    endloop
  endfacet
  facet normal 0 0 1
    outer loop
      vertex -54.8877 29.9782 4
      vertex -54.8877 27.0218 4
      vertex -54.7458 27.0889 4
    endloop
  endfacet
  facet normal 0 0 1
    outer loop
      vertex -55.0355 30.0311 4
      vertex -54.8877 27.0218 4
      vertex -54.8877 29.9782 4
    endloop
  endfacet
  facet normal 0 0 1
    outer loop
      vertex -55.0355 30.0311 4
      vertex -55.0355 26.9689 4
      vertex -54.8877 27.0218 4
    endloop
  endfacet
  facet normal 0 0 1
    outer loop
      vertex -55.1879 30.0693 4
      vertex -55.0355 26.9689 4
      vertex -55.0355 30.0311 4
    endloop
  endfacet
  facet normal 0 0 1
    outer loop
      vertex -55.1879 30.0693 4
      vertex -55.1879 26.9307 4
      vertex -55.0355 26.9689 4
    endloop
  endfacet
  facet normal 0 0 1
    outer loop
      vertex -55.3432 30.0923 4
      vertex -55.1879 26.9307 4
      vertex -55.1879 30.0693 4
    endloop
  endfacet
  facet normal 0 0 1
    outer loop
      vertex -55.3432 30.0923 4
      vertex -55.3432 26.9077 4
      vertex -55.1879 26.9307 4
    endloop
  endfacet
  facet normal 0 0 1
    outer loop
      vertex -55.5 30.1 4
      vertex -55.3432 26.9077 4
      vertex -55.3432 30.0923 4
    endloop
  endfacet
  facet normal 0 0 1
    outer loop
      vertex -55.5 30.1 4
      vertex -55.5 26.9 4
      vertex -55.3432 26.9077 4
    endloop
  endfacet
  facet normal -0 0 1
    outer loop
      vertex -55.6568 30.0923 4
      vertex -55.5 26.9 4
      vertex -55.5 30.1 4
    endloop
  endfacet
  facet normal 0 0 1
    outer loop
      vertex -55.6568 30.0923 4
      vertex -55.6568 26.9077 4
      vertex -55.5 26.9 4
    endloop
  endfacet
  facet normal -0 0 1
    outer loop
      vertex -55.8121 30.0693 4
      vertex -55.6568 26.9077 4
      vertex -55.6568 30.0923 4
    endloop
  endfacet
  facet normal 0 0 1
    outer loop
      vertex -55.8121 30.0693 4
      vertex -55.8121 26.9307 4
      vertex -55.6568 26.9077 4
    endloop
  endfacet
  facet normal -0 0 1
    outer loop
      vertex -55.9645 30.0311 4
      vertex -55.8121 26.9307 4
      vertex -55.8121 30.0693 4
    endloop
  endfacet
  facet normal 0 0 1
    outer loop
      vertex -55.9645 30.0311 4
      vertex -55.9645 26.9689 4
      vertex -55.8121 26.9307 4
    endloop
  endfacet
  facet normal -0 0 1
    outer loop
      vertex -56.1123 29.9782 4
      vertex -55.9645 26.9689 4
      vertex -55.9645 30.0311 4
    endloop
  endfacet
  facet normal 0 0 1
    outer loop
      vertex -56.1123 29.9782 4
      vertex -56.1123 27.0218 4
      vertex -55.9645 26.9689 4
    endloop
  endfacet
  facet normal -0 0 1
    outer loop
      vertex -56.2542 29.9111 4
      vertex -56.1123 27.0218 4
      vertex -56.1123 29.9782 4
    endloop
  endfacet
  facet normal 0 0 1
    outer loop
      vertex -56.2542 29.9111 4
      vertex -56.2542 27.0889 4
      vertex -56.1123 27.0218 4
    endloop
  endfacet
  facet normal -0 0 1
    outer loop
      vertex -56.3889 29.8304 4
      vertex -56.2542 27.0889 4
      vertex -56.2542 29.9111 4
    endloop
  endfacet
  facet normal 0 0 1
    outer loop
      vertex -56.3889 29.8304 4
      vertex -56.3889 27.1696 4
      vertex -56.2542 27.0889 4
    endloop
  endfacet
  facet normal -0 0 1
    outer loop
      vertex -56.515 29.7368 4
      vertex -56.3889 27.1696 4
      vertex -56.3889 29.8304 4
    endloop
  endfacet
  facet normal 0 0 1
    outer loop
      vertex -56.515 29.7368 4
      vertex -56.515 27.2632 4
      vertex -56.3889 27.1696 4
    endloop
  endfacet
  facet normal -0 0 1
    outer loop
      vertex -56.6314 29.6314 4
      vertex -56.515 27.2632 4
      vertex -56.515 29.7368 4
    endloop
  endfacet
  facet normal 0 0 1
    outer loop
      vertex -56.6314 29.6314 4
      vertex -56.6314 27.3686 4
      vertex -56.515 27.2632 4
    endloop
  endfacet
  facet normal -0 0 1
    outer loop
      vertex -56.7368 29.515 4
      vertex -56.6314 27.3686 4
      vertex -56.6314 29.6314 4
    endloop
  endfacet
  facet normal 0 0 1
    outer loop
      vertex -56.7368 29.515 4
      vertex -56.7368 27.485 4
      vertex -56.6314 27.3686 4
    endloop
  endfacet
  facet normal -0 0 1
    outer loop
      vertex -56.8304 29.3889 4
      vertex -56.7368 27.485 4
      vertex -56.7368 29.515 4
    endloop
  endfacet
  facet normal 0 0 1
    outer loop
      vertex -56.8304 29.3889 4
      vertex -56.8304 27.6111 4
      vertex -56.7368 27.485 4
    endloop
  endfacet
  facet normal -0 0 1
    outer loop
      vertex -56.9111 29.2542 4
      vertex -56.8304 27.6111 4
      vertex -56.8304 29.3889 4
    endloop
  endfacet
  facet normal 0 0 1
    outer loop
      vertex -56.9111 29.2542 4
      vertex -56.9111 27.7458 4
      vertex -56.8304 27.6111 4
    endloop
  endfacet
  facet normal -0 0 1
    outer loop
      vertex -56.9782 29.1123 4
      vertex -56.9111 27.7458 4
      vertex -56.9111 29.2542 4
    endloop
  endfacet
  facet normal 0 0 1
    outer loop
      vertex -56.9782 29.1123 4
      vertex -56.9782 27.8877 4
      vertex -56.9111 27.7458 4
    endloop
  endfacet
  facet normal -0 0 1
    outer loop
      vertex -57.0311 28.9645 4
      vertex -56.9782 27.8877 4
      vertex -56.9782 29.1123 4
    endloop
  endfacet
  facet normal 0 0 1
    outer loop
      vertex -57.0311 28.9645 4
      vertex -57.0311 28.0355 4
      vertex -56.9782 27.8877 4
    endloop
  endfacet
  facet normal -0 0 1
    outer loop
      vertex -57.0693 28.8121 4
      vertex -57.0311 28.0355 4
      vertex -57.0311 28.9645 4
    endloop
  endfacet
  facet normal 0 0 1
    outer loop
      vertex -57.0693 28.8121 4
      vertex -57.0693 28.1879 4
      vertex -57.0311 28.0355 4
    endloop
  endfacet
  facet normal -0 0 1
    outer loop
      vertex -57.0923 28.6568 4
      vertex -57.0693 28.1879 4
      vertex -57.0693 28.8121 4
    endloop
  endfacet
  facet normal 0 0 1
    outer loop
      vertex -57.0923 28.6568 4
      vertex -57.0923 28.3432 4
      vertex -57.0693 28.1879 4
    endloop
  endfacet
  facet normal 0 -0 1
    outer loop
      vertex -57.0923 28.3432 4
      vertex -57.0923 28.6568 4
      vertex -57.1 28.5 4
    endloop
  endfacet
  facet normal 0 0 1
    outer loop
      vertex 57.0923 -28.3432 4
      vertex 57.0923 -28.6568 4
      vertex 57.1 -28.5 4
    endloop
  endfacet
  facet normal 0 0 1
    outer loop
      vertex 57.0693 -28.1879 4
      vertex 57.0923 -28.6568 4
      vertex 57.0923 -28.3432 4
    endloop
  endfacet
  facet normal 0 0 1
    outer loop
      vertex 57.0693 -28.1879 4
      vertex 57.0693 -28.8121 4
      vertex 57.0923 -28.6568 4
    endloop
  endfacet
  facet normal 0 0 1
    outer loop
      vertex 57.0311 -28.0355 4
      vertex 57.0693 -28.8121 4
      vertex 57.0693 -28.1879 4
    endloop
  endfacet
  facet normal 0 0 1
    outer loop
      vertex 57.0311 -28.0355 4
      vertex 57.0311 -28.9645 4
      vertex 57.0693 -28.8121 4
    endloop
  endfacet
  facet normal 0 0 1
    outer loop
      vertex 56.9782 -27.8877 4
      vertex 57.0311 -28.9645 4
      vertex 57.0311 -28.0355 4
    endloop
  endfacet
  facet normal 0 0 1
    outer loop
      vertex 56.9782 -27.8877 4
      vertex 56.9782 -29.1123 4
      vertex 57.0311 -28.9645 4
    endloop
  endfacet
  facet normal 0 0 1
    outer loop
      vertex 56.9111 -27.7458 4
      vertex 56.9782 -29.1123 4
      vertex 56.9782 -27.8877 4
    endloop
  endfacet
  facet normal 0 0 1
    outer loop
      vertex 56.9111 -27.7458 4
      vertex 56.9111 -29.2542 4
      vertex 56.9782 -29.1123 4
    endloop
  endfacet
  facet normal 0 0 1
    outer loop
      vertex 56.8304 -27.6111 4
      vertex 56.9111 -29.2542 4
      vertex 56.9111 -27.7458 4
    endloop
  endfacet
  facet normal 0 0 1
    outer loop
      vertex 56.8304 -27.6111 4
      vertex 56.8304 -29.3889 4
      vertex 56.9111 -29.2542 4
    endloop
  endfacet
  facet normal 0 0 1
    outer loop
      vertex 56.7368 -27.485 4
      vertex 56.8304 -29.3889 4
      vertex 56.8304 -27.6111 4
    endloop
  endfacet
  facet normal 0 0 1
    outer loop
      vertex 56.7368 -27.485 4
      vertex 56.7368 -29.515 4
      vertex 56.8304 -29.3889 4
    endloop
  endfacet
  facet normal 0 0 1
    outer loop
      vertex 56.6314 -27.3686 4
      vertex 56.7368 -29.515 4
      vertex 56.7368 -27.485 4
    endloop
  endfacet
  facet normal 0 0 1
    outer loop
      vertex 56.6314 -27.3686 4
      vertex 56.6314 -29.6314 4
      vertex 56.7368 -29.515 4
    endloop
  endfacet
  facet normal 0 0 1
    outer loop
      vertex 56.515 -27.2632 4
      vertex 56.6314 -29.6314 4
      vertex 56.6314 -27.3686 4
    endloop
  endfacet
  facet normal 0 0 1
    outer loop
      vertex 56.515 -27.2632 4
      vertex 56.515 -29.7368 4
      vertex 56.6314 -29.6314 4
    endloop
  endfacet
  facet normal 0 0 1
    outer loop
      vertex 56.3889 -27.1696 4
      vertex 56.515 -29.7368 4
      vertex 56.515 -27.2632 4
    endloop
  endfacet
  facet normal 0 0 1
    outer loop
      vertex 56.3889 -27.1696 4
      vertex 56.3889 -29.8304 4
      vertex 56.515 -29.7368 4
    endloop
  endfacet
  facet normal 0 0 1
    outer loop
      vertex 56.2542 -27.0889 4
      vertex 56.3889 -29.8304 4
      vertex 56.3889 -27.1696 4
    endloop
  endfacet
  facet normal 0 0 1
    outer loop
      vertex 56.2542 -27.0889 4
      vertex 56.2542 -29.9111 4
      vertex 56.3889 -29.8304 4
    endloop
  endfacet
  facet normal 0 0 1
    outer loop
      vertex 56.1123 -27.0218 4
      vertex 56.2542 -29.9111 4
      vertex 56.2542 -27.0889 4
    endloop
  endfacet
  facet normal 0 0 1
    outer loop
      vertex 56.1123 -27.0218 4
      vertex 56.1123 -29.9782 4
      vertex 56.2542 -29.9111 4
    endloop
  endfacet
  facet normal 0 0 1
    outer loop
      vertex 55.9645 -26.9689 4
      vertex 56.1123 -29.9782 4
      vertex 56.1123 -27.0218 4
    endloop
  endfacet
  facet normal 0 0 1
    outer loop
      vertex 55.9645 -26.9689 4
      vertex 55.9645 -30.0311 4
      vertex 56.1123 -29.9782 4
    endloop
  endfacet
  facet normal 0 0 1
    outer loop
      vertex 55.8121 -26.9307 4
      vertex 55.9645 -30.0311 4
      vertex 55.9645 -26.9689 4
    endloop
  endfacet
  facet normal 0 0 1
    outer loop
      vertex 55.8121 -26.9307 4
      vertex 55.8121 -30.0693 4
      vertex 55.9645 -30.0311 4
    endloop
  endfacet
  facet normal 0 0 1
    outer loop
      vertex 55.6568 -26.9077 4
      vertex 55.8121 -30.0693 4
      vertex 55.8121 -26.9307 4
    endloop
  endfacet
  facet normal 0 0 1
    outer loop
      vertex 55.6568 -26.9077 4
      vertex 55.6568 -30.0923 4
      vertex 55.8121 -30.0693 4
    endloop
  endfacet
  facet normal 0 0 1
    outer loop
      vertex 55.5 -26.9 4
      vertex 55.6568 -30.0923 4
      vertex 55.6568 -26.9077 4
    endloop
  endfacet
  facet normal 0 0 1
    outer loop
      vertex 55.5 -26.9 4
      vertex 55.5 -30.1 4
      vertex 55.6568 -30.0923 4
    endloop
  endfacet
  facet normal -0 0 1
    outer loop
      vertex 55.3432 -26.9077 4
      vertex 55.5 -30.1 4
      vertex 55.5 -26.9 4
    endloop
  endfacet
  facet normal 0 0 1
    outer loop
      vertex 55.3432 -26.9077 4
      vertex 55.3432 -30.0923 4
      vertex 55.5 -30.1 4
    endloop
  endfacet
  facet normal -0 0 1
    outer loop
      vertex 55.1879 -26.9307 4
      vertex 55.3432 -30.0923 4
      vertex 55.3432 -26.9077 4
    endloop
  endfacet
  facet normal 0 0 1
    outer loop
      vertex 55.1879 -26.9307 4
      vertex 55.1879 -30.0693 4
      vertex 55.3432 -30.0923 4
    endloop
  endfacet
  facet normal -0 0 1
    outer loop
      vertex 55.0355 -26.9689 4
      vertex 55.1879 -30.0693 4
      vertex 55.1879 -26.9307 4
    endloop
  endfacet
  facet normal 0 0 1
    outer loop
      vertex 55.0355 -26.9689 4
      vertex 55.0355 -30.0311 4
      vertex 55.1879 -30.0693 4
    endloop
  endfacet
  facet normal -0 0 1
    outer loop
      vertex 54.8877 -27.0218 4
      vertex 55.0355 -30.0311 4
      vertex 55.0355 -26.9689 4
    endloop
  endfacet
  facet normal 0 0 1
    outer loop
      vertex 54.8877 -27.0218 4
      vertex 54.8877 -29.9782 4
      vertex 55.0355 -30.0311 4
    endloop
  endfacet
  facet normal -0 0 1
    outer loop
      vertex 54.7458 -27.0889 4
      vertex 54.8877 -29.9782 4
      vertex 54.8877 -27.0218 4
    endloop
  endfacet
  facet normal 0 0 1
    outer loop
      vertex 54.7458 -27.0889 4
      vertex 54.7458 -29.9111 4
      vertex 54.8877 -29.9782 4
    endloop
  endfacet
  facet normal -0 0 1
    outer loop
      vertex 54.6111 -27.1696 4
      vertex 54.7458 -29.9111 4
      vertex 54.7458 -27.0889 4
    endloop
  endfacet
  facet normal 0 0 1
    outer loop
      vertex 54.6111 -27.1696 4
      vertex 54.6111 -29.8304 4
      vertex 54.7458 -29.9111 4
    endloop
  endfacet
  facet normal -0 0 1
    outer loop
      vertex 54.485 -27.2632 4
      vertex 54.6111 -29.8304 4
      vertex 54.6111 -27.1696 4
    endloop
  endfacet
  facet normal 0 0 1
    outer loop
      vertex 54.485 -27.2632 4
      vertex 54.485 -29.7368 4
      vertex 54.6111 -29.8304 4
    endloop
  endfacet
  facet normal -0 0 1
    outer loop
      vertex 54.3686 -27.3686 4
      vertex 54.485 -29.7368 4
      vertex 54.485 -27.2632 4
    endloop
  endfacet
  facet normal 0 0 1
    outer loop
      vertex 54.3686 -27.3686 4
      vertex 54.3686 -29.6314 4
      vertex 54.485 -29.7368 4
    endloop
  endfacet
  facet normal -0 0 1
    outer loop
      vertex 54.2632 -27.485 4
      vertex 54.3686 -29.6314 4
      vertex 54.3686 -27.3686 4
    endloop
  endfacet
  facet normal 0 0 1
    outer loop
      vertex 54.2632 -27.485 4
      vertex 54.2632 -29.515 4
      vertex 54.3686 -29.6314 4
    endloop
  endfacet
  facet normal -0 0 1
    outer loop
      vertex 54.1696 -27.6111 4
      vertex 54.2632 -29.515 4
      vertex 54.2632 -27.485 4
    endloop
  endfacet
  facet normal 0 0 1
    outer loop
      vertex 54.1696 -27.6111 4
      vertex 54.1696 -29.3889 4
      vertex 54.2632 -29.515 4
    endloop
  endfacet
  facet normal -0 0 1
    outer loop
      vertex 54.0889 -27.7458 4
      vertex 54.1696 -29.3889 4
      vertex 54.1696 -27.6111 4
    endloop
  endfacet
  facet normal 0 0 1
    outer loop
      vertex 54.0889 -27.7458 4
      vertex 54.0889 -29.2542 4
      vertex 54.1696 -29.3889 4
    endloop
  endfacet
  facet normal -0 0 1
    outer loop
      vertex 54.0218 -27.8877 4
      vertex 54.0889 -29.2542 4
      vertex 54.0889 -27.7458 4
    endloop
  endfacet
  facet normal 0 0 1
    outer loop
      vertex 54.0218 -27.8877 4
      vertex 54.0218 -29.1123 4
      vertex 54.0889 -29.2542 4
    endloop
  endfacet
  facet normal -0 0 1
    outer loop
      vertex 53.9689 -28.0355 4
      vertex 54.0218 -29.1123 4
      vertex 54.0218 -27.8877 4
    endloop
  endfacet
  facet normal 0 0 1
    outer loop
      vertex 53.9689 -28.0355 4
      vertex 53.9689 -28.9645 4
      vertex 54.0218 -29.1123 4
    endloop
  endfacet
  facet normal -0 0 1
    outer loop
      vertex 53.9307 -28.1879 4
      vertex 53.9689 -28.9645 4
      vertex 53.9689 -28.0355 4
    endloop
  endfacet
  facet normal 0 0 1
    outer loop
      vertex 53.9307 -28.1879 4
      vertex 53.9307 -28.8121 4
      vertex 53.9689 -28.9645 4
    endloop
  endfacet
  facet normal -0 0 1
    outer loop
      vertex 53.9077 -28.3432 4
      vertex 53.9307 -28.8121 4
      vertex 53.9307 -28.1879 4
    endloop
  endfacet
  facet normal 0 0 1
    outer loop
      vertex 53.9077 -28.3432 4
      vertex 53.9077 -28.6568 4
      vertex 53.9307 -28.8121 4
    endloop
  endfacet
  facet normal 0 -0 1
    outer loop
      vertex 53.9077 -28.6568 4
      vertex 53.9077 -28.3432 4
      vertex 53.9 -28.5 4
    endloop
  endfacet
  facet normal 0 0 1
    outer loop
      vertex 57.0923 28.6568 4
      vertex 57.0923 28.3432 4
      vertex 57.1 28.5 4
    endloop
  endfacet
  facet normal 0 0 1
    outer loop
      vertex 57.0693 28.8121 4
      vertex 57.0923 28.3432 4
      vertex 57.0923 28.6568 4
    endloop
  endfacet
  facet normal 0 0 1
    outer loop
      vertex 57.0693 28.8121 4
      vertex 57.0693 28.1879 4
      vertex 57.0923 28.3432 4
    endloop
  endfacet
  facet normal 0 0 1
    outer loop
      vertex 57.0311 28.9645 4
      vertex 57.0693 28.1879 4
      vertex 57.0693 28.8121 4
    endloop
  endfacet
  facet normal 0 0 1
    outer loop
      vertex 57.0311 28.9645 4
      vertex 57.0311 28.0355 4
      vertex 57.0693 28.1879 4
    endloop
  endfacet
  facet normal 0 0 1
    outer loop
      vertex 56.9782 29.1123 4
      vertex 57.0311 28.0355 4
      vertex 57.0311 28.9645 4
    endloop
  endfacet
  facet normal 0 0 1
    outer loop
      vertex 56.9782 29.1123 4
      vertex 56.9782 27.8877 4
      vertex 57.0311 28.0355 4
    endloop
  endfacet
  facet normal 0 0 1
    outer loop
      vertex 56.9111 29.2542 4
      vertex 56.9782 27.8877 4
      vertex 56.9782 29.1123 4
    endloop
  endfacet
  facet normal 0 0 1
    outer loop
      vertex 56.9111 29.2542 4
      vertex 56.9111 27.7458 4
      vertex 56.9782 27.8877 4
    endloop
  endfacet
  facet normal 0 0 1
    outer loop
      vertex 56.8304 29.3889 4
      vertex 56.9111 27.7458 4
      vertex 56.9111 29.2542 4
    endloop
  endfacet
  facet normal 0 0 1
    outer loop
      vertex 56.8304 29.3889 4
      vertex 56.8304 27.6111 4
      vertex 56.9111 27.7458 4
    endloop
  endfacet
  facet normal 0 0 1
    outer loop
      vertex 56.7368 29.515 4
      vertex 56.8304 27.6111 4
      vertex 56.8304 29.3889 4
    endloop
  endfacet
  facet normal 0 0 1
    outer loop
      vertex 56.7368 29.515 4
      vertex 56.7368 27.485 4
      vertex 56.8304 27.6111 4
    endloop
  endfacet
  facet normal 0 0 1
    outer loop
      vertex 56.6314 29.6314 4
      vertex 56.7368 27.485 4
      vertex 56.7368 29.515 4
    endloop
  endfacet
  facet normal 0 0 1
    outer loop
      vertex 56.6314 29.6314 4
      vertex 56.6314 27.3686 4
      vertex 56.7368 27.485 4
    endloop
  endfacet
  facet normal 0 0 1
    outer loop
      vertex 56.515 29.7368 4
      vertex 56.6314 27.3686 4
      vertex 56.6314 29.6314 4
    endloop
  endfacet
  facet normal 0 0 1
    outer loop
      vertex 56.515 29.7368 4
      vertex 56.515 27.2632 4
      vertex 56.6314 27.3686 4
    endloop
  endfacet
  facet normal 0 0 1
    outer loop
      vertex 56.3889 29.8304 4
      vertex 56.515 27.2632 4
      vertex 56.515 29.7368 4
    endloop
  endfacet
  facet normal 0 0 1
    outer loop
      vertex 56.3889 29.8304 4
      vertex 56.3889 27.1696 4
      vertex 56.515 27.2632 4
    endloop
  endfacet
  facet normal 0 0 1
    outer loop
      vertex 56.2542 29.9111 4
      vertex 56.3889 27.1696 4
      vertex 56.3889 29.8304 4
    endloop
  endfacet
  facet normal 0 0 1
    outer loop
      vertex 56.2542 29.9111 4
      vertex 56.2542 27.0889 4
      vertex 56.3889 27.1696 4
    endloop
  endfacet
  facet normal 0 0 1
    outer loop
      vertex 56.1123 29.9782 4
      vertex 56.2542 27.0889 4
      vertex 56.2542 29.9111 4
    endloop
  endfacet
  facet normal 0 0 1
    outer loop
      vertex 56.1123 29.9782 4
      vertex 56.1123 27.0218 4
      vertex 56.2542 27.0889 4
    endloop
  endfacet
  facet normal 0 0 1
    outer loop
      vertex 55.9645 30.0311 4
      vertex 56.1123 27.0218 4
      vertex 56.1123 29.9782 4
    endloop
  endfacet
  facet normal 0 0 1
    outer loop
      vertex 55.9645 30.0311 4
      vertex 55.9645 26.9689 4
      vertex 56.1123 27.0218 4
    endloop
  endfacet
  facet normal 0 0 1
    outer loop
      vertex 55.8121 30.0693 4
      vertex 55.9645 26.9689 4
      vertex 55.9645 30.0311 4
    endloop
  endfacet
  facet normal 0 0 1
    outer loop
      vertex 55.8121 30.0693 4
      vertex 55.8121 26.9307 4
      vertex 55.9645 26.9689 4
    endloop
  endfacet
  facet normal 0 0 1
    outer loop
      vertex 55.6568 30.0923 4
      vertex 55.8121 26.9307 4
      vertex 55.8121 30.0693 4
    endloop
  endfacet
  facet normal 0 0 1
    outer loop
      vertex 55.6568 30.0923 4
      vertex 55.6568 26.9077 4
      vertex 55.8121 26.9307 4
    endloop
  endfacet
  facet normal 0 0 1
    outer loop
      vertex 55.5 30.1 4
      vertex 55.6568 26.9077 4
      vertex 55.6568 30.0923 4
    endloop
  endfacet
  facet normal 0 0 1
    outer loop
      vertex 55.5 30.1 4
      vertex 55.5 26.9 4
      vertex 55.6568 26.9077 4
    endloop
  endfacet
  facet normal -0 0 1
    outer loop
      vertex 55.3432 30.0923 4
      vertex 55.5 26.9 4
      vertex 55.5 30.1 4
    endloop
  endfacet
  facet normal 0 0 1
    outer loop
      vertex 55.3432 30.0923 4
      vertex 55.3432 26.9077 4
      vertex 55.5 26.9 4
    endloop
  endfacet
  facet normal -0 0 1
    outer loop
      vertex 55.1879 30.0693 4
      vertex 55.3432 26.9077 4
      vertex 55.3432 30.0923 4
    endloop
  endfacet
  facet normal 0 0 1
    outer loop
      vertex 55.1879 30.0693 4
      vertex 55.1879 26.9307 4
      vertex 55.3432 26.9077 4
    endloop
  endfacet
  facet normal -0 0 1
    outer loop
      vertex 55.0355 30.0311 4
      vertex 55.1879 26.9307 4
      vertex 55.1879 30.0693 4
    endloop
  endfacet
  facet normal 0 0 1
    outer loop
      vertex 55.0355 30.0311 4
      vertex 55.0355 26.9689 4
      vertex 55.1879 26.9307 4
    endloop
  endfacet
  facet normal -0 0 1
    outer loop
      vertex 54.8877 29.9782 4
      vertex 55.0355 26.9689 4
      vertex 55.0355 30.0311 4
    endloop
  endfacet
  facet normal 0 0 1
    outer loop
      vertex 54.8877 29.9782 4
      vertex 54.8877 27.0218 4
      vertex 55.0355 26.9689 4
    endloop
  endfacet
  facet normal -0 0 1
    outer loop
      vertex 54.7458 29.9111 4
      vertex 54.8877 27.0218 4
      vertex 54.8877 29.9782 4
    endloop
  endfacet
  facet normal 0 0 1
    outer loop
      vertex 54.7458 29.9111 4
      vertex 54.7458 27.0889 4
      vertex 54.8877 27.0218 4
    endloop
  endfacet
  facet normal -0 0 1
    outer loop
      vertex 54.6111 29.8304 4
      vertex 54.7458 27.0889 4
      vertex 54.7458 29.9111 4
    endloop
  endfacet
  facet normal 0 0 1
    outer loop
      vertex 54.6111 29.8304 4
      vertex 54.6111 27.1696 4
      vertex 54.7458 27.0889 4
    endloop
  endfacet
  facet normal -0 0 1
    outer loop
      vertex 54.485 29.7368 4
      vertex 54.6111 27.1696 4
      vertex 54.6111 29.8304 4
    endloop
  endfacet
  facet normal 0 0 1
    outer loop
      vertex 54.485 29.7368 4
      vertex 54.485 27.2632 4
      vertex 54.6111 27.1696 4
    endloop
  endfacet
  facet normal -0 0 1
    outer loop
      vertex 54.3686 29.6314 4
      vertex 54.485 27.2632 4
      vertex 54.485 29.7368 4
    endloop
  endfacet
  facet normal 0 0 1
    outer loop
      vertex 54.3686 29.6314 4
      vertex 54.3686 27.3686 4
      vertex 54.485 27.2632 4
    endloop
  endfacet
  facet normal -0 0 1
    outer loop
      vertex 54.2632 29.515 4
      vertex 54.3686 27.3686 4
      vertex 54.3686 29.6314 4
    endloop
  endfacet
  facet normal 0 0 1
    outer loop
      vertex 54.2632 29.515 4
      vertex 54.2632 27.485 4
      vertex 54.3686 27.3686 4
    endloop
  endfacet
  facet normal -0 0 1
    outer loop
      vertex 54.1696 29.3889 4
      vertex 54.2632 27.485 4
      vertex 54.2632 29.515 4
    endloop
  endfacet
  facet normal 0 0 1
    outer loop
      vertex 54.1696 29.3889 4
      vertex 54.1696 27.6111 4
      vertex 54.2632 27.485 4
    endloop
  endfacet
  facet normal -0 0 1
    outer loop
      vertex 54.0889 29.2542 4
      vertex 54.1696 27.6111 4
      vertex 54.1696 29.3889 4
    endloop
  endfacet
  facet normal 0 0 1
    outer loop
      vertex 54.0889 29.2542 4
      vertex 54.0889 27.7458 4
      vertex 54.1696 27.6111 4
    endloop
  endfacet
  facet normal -0 0 1
    outer loop
      vertex 54.0218 29.1123 4
      vertex 54.0889 27.7458 4
      vertex 54.0889 29.2542 4
    endloop
  endfacet
  facet normal 0 0 1
    outer loop
      vertex 54.0218 29.1123 4
      vertex 54.0218 27.8877 4
      vertex 54.0889 27.7458 4
    endloop
  endfacet
  facet normal -0 0 1
    outer loop
      vertex 53.9689 28.9645 4
      vertex 54.0218 27.8877 4
      vertex 54.0218 29.1123 4
    endloop
  endfacet
  facet normal 0 0 1
    outer loop
      vertex 53.9689 28.9645 4
      vertex 53.9689 28.0355 4
      vertex 54.0218 27.8877 4
    endloop
  endfacet
  facet normal -0 0 1
    outer loop
      vertex 53.9307 28.8121 4
      vertex 53.9689 28.0355 4
      vertex 53.9689 28.9645 4
    endloop
  endfacet
  facet normal 0 0 1
    outer loop
      vertex 53.9307 28.8121 4
      vertex 53.9307 28.1879 4
      vertex 53.9689 28.0355 4
    endloop
  endfacet
  facet normal -0 0 1
    outer loop
      vertex 53.9077 28.6568 4
      vertex 53.9307 28.1879 4
      vertex 53.9307 28.8121 4
    endloop
  endfacet
  facet normal 0 0 1
    outer loop
      vertex 53.9077 28.6568 4
      vertex 53.9077 28.3432 4
      vertex 53.9307 28.1879 4
    endloop
  endfacet
  facet normal 0 -0 1
    outer loop
      vertex 53.9077 28.3432 4
      vertex 53.9077 28.6568 4
      vertex 53.9 28.5 4
    endloop
  endfacet
  facet normal 0 0 1
    outer loop
      vertex -53.9 -28.5 10
      vertex -52 -28.5 10
      vertex -52.0169 -28.1569 10
    endloop
  endfacet
  facet normal 0 0 1
    outer loop
      vertex -53.9077 -28.3432 10
      vertex -52.0169 -28.1569 10
      vertex -52.0673 -27.8172 10
    endloop
  endfacet
  facet normal 0 0 1
    outer loop
      vertex -52 -28.5 10
      vertex -53.9 -28.5 10
      vertex -52.0169 -28.8431 10
    endloop
  endfacet
  facet normal 0 0 1
    outer loop
      vertex -53.9307 -28.1879 10
      vertex -52.0673 -27.8172 10
      vertex -52.1507 -27.484 10
    endloop
  endfacet
  facet normal -0 0 1
    outer loop
      vertex -53.9077 -28.6568 10
      vertex -52.0169 -28.8431 10
      vertex -53.9 -28.5 10
    endloop
  endfacet
  facet normal 0 0 1
    outer loop
      vertex -53.9689 -28.0355 10
      vertex -52.1507 -27.484 10
      vertex -52.2664 -27.1606 10
    endloop
  endfacet
  facet normal 0 0 1
    outer loop
      vertex -52.0169 -28.8431 10
      vertex -53.9077 -28.6568 10
      vertex -52.0673 -29.1828 10
    endloop
  endfacet
  facet normal 0 0 1
    outer loop
      vertex -54.0218 -27.8877 10
      vertex -52.2664 -27.1606 10
      vertex -52.4133 -26.8501 10
    endloop
  endfacet
  facet normal -0 0 1
    outer loop
      vertex -53.9307 -28.8121 10
      vertex -52.0673 -29.1828 10
      vertex -53.9077 -28.6568 10
    endloop
  endfacet
  facet normal 0 0 1
    outer loop
      vertex -54.0889 -27.7458 10
      vertex -52.4133 -26.8501 10
      vertex -52.5899 -26.5555 10
    endloop
  endfacet
  facet normal 0 0 1
    outer loop
      vertex -52.0673 -29.1828 10
      vertex -53.9307 -28.8121 10
      vertex -52.1507 -29.516 10
    endloop
  endfacet
  facet normal 0 0 1
    outer loop
      vertex -54.1696 -27.6111 10
      vertex -52.5899 -26.5555 10
      vertex -52.7945 -26.2796 10
    endloop
  endfacet
  facet normal -0 0 1
    outer loop
      vertex -53.9689 -28.9645 10
      vertex -52.1507 -29.516 10
      vertex -53.9307 -28.8121 10
    endloop
  endfacet
  facet normal 0 0 1
    outer loop
      vertex -54.2632 -27.485 10
      vertex -52.7945 -26.2796 10
      vertex -53.0251 -26.0251 10
    endloop
  endfacet
  facet normal 0 0 1
    outer loop
      vertex -52.1507 -29.516 10
      vertex -53.9689 -28.9645 10
      vertex -52.2664 -29.8394 10
    endloop
  endfacet
  facet normal 0 0 1
    outer loop
      vertex -54.3686 -27.3686 10
      vertex -53.0251 -26.0251 10
      vertex -53.2796 -25.7945 10
    endloop
  endfacet
  facet normal -0 0 1
    outer loop
      vertex -54.0218 -29.1123 10
      vertex -52.2664 -29.8394 10
      vertex -53.9689 -28.9645 10
    endloop
  endfacet
  facet normal 0 0 1
    outer loop
      vertex -54.485 -27.2632 10
      vertex -53.2796 -25.7945 10
      vertex -53.5555 -25.5899 10
    endloop
  endfacet
  facet normal 0 0 1
    outer loop
      vertex -52.2664 -29.8394 10
      vertex -54.0218 -29.1123 10
      vertex -52.4133 -30.1499 10
    endloop
  endfacet
  facet normal 0 0 1
    outer loop
      vertex -54.6111 -27.1696 10
      vertex -53.5555 -25.5899 10
      vertex -53.8501 -25.4133 10
    endloop
  endfacet
  facet normal -0 0 1
    outer loop
      vertex -54.0889 -29.2542 10
      vertex -52.4133 -30.1499 10
      vertex -54.0218 -29.1123 10
    endloop
  endfacet
  facet normal 0 0 1
    outer loop
      vertex -52.4133 -30.1499 10
      vertex -54.0889 -29.2542 10
      vertex -52.5899 -30.4445 10
    endloop
  endfacet
  facet normal 0 0 1
    outer loop
      vertex -52.0169 -28.1569 10
      vertex -53.9077 -28.3432 10
      vertex -53.9 -28.5 10
    endloop
  endfacet
  facet normal 0 0 1
    outer loop
      vertex -52.0673 -27.8172 10
      vertex -53.9307 -28.1879 10
      vertex -53.9077 -28.3432 10
    endloop
  endfacet
  facet normal 0 0 1
    outer loop
      vertex -52.1507 -27.484 10
      vertex -53.9689 -28.0355 10
      vertex -53.9307 -28.1879 10
    endloop
  endfacet
  facet normal 0 0 1
    outer loop
      vertex -52.2664 -27.1606 10
      vertex -54.0218 -27.8877 10
      vertex -53.9689 -28.0355 10
    endloop
  endfacet
  facet normal 0 0 1
    outer loop
      vertex -52.4133 -26.8501 10
      vertex -54.0889 -27.7458 10
      vertex -54.0218 -27.8877 10
    endloop
  endfacet
  facet normal 0 0 1
    outer loop
      vertex -54.7458 -27.0889 10
      vertex -53.8501 -25.4133 10
      vertex -54.1606 -25.2664 10
    endloop
  endfacet
  facet normal 0 0 1
    outer loop
      vertex -52.5899 -26.5555 10
      vertex -54.1696 -27.6111 10
      vertex -54.0889 -27.7458 10
    endloop
  endfacet
  facet normal 0 0 1
    outer loop
      vertex -52.7945 -26.2796 10
      vertex -54.2632 -27.485 10
      vertex -54.1696 -27.6111 10
    endloop
  endfacet
  facet normal 0 0 1
    outer loop
      vertex -53.0251 -26.0251 10
      vertex -54.3686 -27.3686 10
      vertex -54.2632 -27.485 10
    endloop
  endfacet
  facet normal 0 0 1
    outer loop
      vertex -54.8877 -27.0218 10
      vertex -54.1606 -25.2664 10
      vertex -54.484 -25.1507 10
    endloop
  endfacet
  facet normal 0 0 1
    outer loop
      vertex -53.2796 -25.7945 10
      vertex -54.485 -27.2632 10
      vertex -54.3686 -27.3686 10
    endloop
  endfacet
  facet normal 0 0 1
    outer loop
      vertex -53.5555 -25.5899 10
      vertex -54.6111 -27.1696 10
      vertex -54.485 -27.2632 10
    endloop
  endfacet
  facet normal 0 0 1
    outer loop
      vertex -53.8501 -25.4133 10
      vertex -54.7458 -27.0889 10
      vertex -54.6111 -27.1696 10
    endloop
  endfacet
  facet normal 0 0 1
    outer loop
      vertex -55.0355 -26.9689 10
      vertex -54.484 -25.1507 10
      vertex -54.8172 -25.0673 10
    endloop
  endfacet
  facet normal 0 0 1
    outer loop
      vertex -54.1606 -25.2664 10
      vertex -54.8877 -27.0218 10
      vertex -54.7458 -27.0889 10
    endloop
  endfacet
  facet normal 0 0 1
    outer loop
      vertex -54.484 -25.1507 10
      vertex -55.0355 -26.9689 10
      vertex -54.8877 -27.0218 10
    endloop
  endfacet
  facet normal 0 0 1
    outer loop
      vertex -55.1879 -26.9307 10
      vertex -54.8172 -25.0673 10
      vertex -55.1569 -25.0169 10
    endloop
  endfacet
  facet normal 0 0 1
    outer loop
      vertex -54.8172 -25.0673 10
      vertex -55.1879 -26.9307 10
      vertex -55.0355 -26.9689 10
    endloop
  endfacet
  facet normal 0 0 1
    outer loop
      vertex -55.1569 -25.0169 10
      vertex -55.3432 -26.9077 10
      vertex -55.1879 -26.9307 10
    endloop
  endfacet
  facet normal 0 0 1
    outer loop
      vertex -55.5 -25 10
      vertex -55.3432 -26.9077 10
      vertex -55.1569 -25.0169 10
    endloop
  endfacet
  facet normal 0 0 1
    outer loop
      vertex -55.5 -25 10
      vertex -55.5 -26.9 10
      vertex -55.3432 -26.9077 10
    endloop
  endfacet
  facet normal 0 0 1
    outer loop
      vertex -55.5 -25 10
      vertex -55.6568 -26.9077 10
      vertex -55.5 -26.9 10
    endloop
  endfacet
  facet normal -0 0 1
    outer loop
      vertex -55.8431 -25.0169 10
      vertex -55.6568 -26.9077 10
      vertex -55.5 -25 10
    endloop
  endfacet
  facet normal 0 0 1
    outer loop
      vertex -55.6568 -26.9077 10
      vertex -55.8431 -25.0169 10
      vertex -55.8121 -26.9307 10
    endloop
  endfacet
  facet normal -0 0 1
    outer loop
      vertex -56.1828 -25.0673 10
      vertex -55.8121 -26.9307 10
      vertex -55.8431 -25.0169 10
    endloop
  endfacet
  facet normal 0 0 1
    outer loop
      vertex -55.8121 -26.9307 10
      vertex -56.1828 -25.0673 10
      vertex -55.9645 -26.9689 10
    endloop
  endfacet
  facet normal -0 0 1
    outer loop
      vertex -56.516 -25.1507 10
      vertex -55.9645 -26.9689 10
      vertex -56.1828 -25.0673 10
    endloop
  endfacet
  facet normal 0 0 1
    outer loop
      vertex -55.9645 -26.9689 10
      vertex -56.516 -25.1507 10
      vertex -56.1123 -27.0218 10
    endloop
  endfacet
  facet normal -0 0 1
    outer loop
      vertex -56.8394 -25.2664 10
      vertex -56.1123 -27.0218 10
      vertex -56.516 -25.1507 10
    endloop
  endfacet
  facet normal 0 0 1
    outer loop
      vertex -56.1123 -27.0218 10
      vertex -56.8394 -25.2664 10
      vertex -56.2542 -27.0889 10
    endloop
  endfacet
  facet normal -0 0 1
    outer loop
      vertex -57.1499 -25.4133 10
      vertex -56.2542 -27.0889 10
      vertex -56.8394 -25.2664 10
    endloop
  endfacet
  facet normal 0 0 1
    outer loop
      vertex -56.2542 -27.0889 10
      vertex -57.1499 -25.4133 10
      vertex -56.3889 -27.1696 10
    endloop
  endfacet
  facet normal -0 0 1
    outer loop
      vertex -57.4445 -25.5899 10
      vertex -56.3889 -27.1696 10
      vertex -57.1499 -25.4133 10
    endloop
  endfacet
  facet normal 0 0 1
    outer loop
      vertex -56.3889 -27.1696 10
      vertex -57.4445 -25.5899 10
      vertex -56.515 -27.2632 10
    endloop
  endfacet
  facet normal -0 0 1
    outer loop
      vertex -57.7204 -25.7945 10
      vertex -56.515 -27.2632 10
      vertex -57.4445 -25.5899 10
    endloop
  endfacet
  facet normal 0 0 1
    outer loop
      vertex -56.515 -27.2632 10
      vertex -57.7204 -25.7945 10
      vertex -56.6314 -27.3686 10
    endloop
  endfacet
  facet normal -0 0 1
    outer loop
      vertex -57.9749 -26.0251 10
      vertex -56.6314 -27.3686 10
      vertex -57.7204 -25.7945 10
    endloop
  endfacet
  facet normal 0 0 1
    outer loop
      vertex -56.6314 -27.3686 10
      vertex -57.9749 -26.0251 10
      vertex -56.7368 -27.485 10
    endloop
  endfacet
  facet normal -0 0 1
    outer loop
      vertex -58.2055 -26.2796 10
      vertex -56.7368 -27.485 10
      vertex -57.9749 -26.0251 10
    endloop
  endfacet
  facet normal 0 0 1
    outer loop
      vertex -56.7368 -27.485 10
      vertex -58.2055 -26.2796 10
      vertex -56.8304 -27.6111 10
    endloop
  endfacet
  facet normal 0 0 1
    outer loop
      vertex -56.8304 -27.6111 10
      vertex -58.4101 -26.5555 10
      vertex -56.9111 -27.7458 10
    endloop
  endfacet
  facet normal -0 0 1
    outer loop
      vertex -58.4101 -26.5555 10
      vertex -56.8304 -27.6111 10
      vertex -58.2055 -26.2796 10
    endloop
  endfacet
  facet normal -0 0 1
    outer loop
      vertex -54.1696 -29.3889 10
      vertex -52.5899 -30.4445 10
      vertex -54.0889 -29.2542 10
    endloop
  endfacet
  facet normal 0 0 1
    outer loop
      vertex -52.5899 -30.4445 10
      vertex -54.1696 -29.3889 10
      vertex -52.7945 -30.7204 10
    endloop
  endfacet
  facet normal -0 0 1
    outer loop
      vertex -54.2632 -29.515 10
      vertex -52.7945 -30.7204 10
      vertex -54.1696 -29.3889 10
    endloop
  endfacet
  facet normal 0 0 1
    outer loop
      vertex -52.7945 -30.7204 10
      vertex -54.2632 -29.515 10
      vertex -53.0251 -30.9749 10
    endloop
  endfacet
  facet normal -0 0 1
    outer loop
      vertex -54.3686 -29.6314 10
      vertex -53.0251 -30.9749 10
      vertex -54.2632 -29.515 10
    endloop
  endfacet
  facet normal 0 0 1
    outer loop
      vertex -53.0251 -30.9749 10
      vertex -54.3686 -29.6314 10
      vertex -53.2796 -31.2055 10
    endloop
  endfacet
  facet normal -0 0 1
    outer loop
      vertex -54.485 -29.7368 10
      vertex -53.2796 -31.2055 10
      vertex -54.3686 -29.6314 10
    endloop
  endfacet
  facet normal 0 0 1
    outer loop
      vertex -53.2796 -31.2055 10
      vertex -54.485 -29.7368 10
      vertex -53.5555 -31.4101 10
    endloop
  endfacet
  facet normal -0 0 1
    outer loop
      vertex -54.6111 -29.8304 10
      vertex -53.5555 -31.4101 10
      vertex -54.485 -29.7368 10
    endloop
  endfacet
  facet normal 0 0 1
    outer loop
      vertex -53.5555 -31.4101 10
      vertex -54.6111 -29.8304 10
      vertex -53.8501 -31.5867 10
    endloop
  endfacet
  facet normal -0 0 1
    outer loop
      vertex -54.7458 -29.9111 10
      vertex -53.8501 -31.5867 10
      vertex -54.6111 -29.8304 10
    endloop
  endfacet
  facet normal 0 0 1
    outer loop
      vertex -53.8501 -31.5867 10
      vertex -54.7458 -29.9111 10
      vertex -54.1606 -31.7336 10
    endloop
  endfacet
  facet normal -0 0 1
    outer loop
      vertex -54.8877 -29.9782 10
      vertex -54.1606 -31.7336 10
      vertex -54.7458 -29.9111 10
    endloop
  endfacet
  facet normal 0 0 1
    outer loop
      vertex -54.1606 -31.7336 10
      vertex -54.8877 -29.9782 10
      vertex -54.484 -31.8493 10
    endloop
  endfacet
  facet normal -0 0 1
    outer loop
      vertex -55.0355 -30.0311 10
      vertex -54.484 -31.8493 10
      vertex -54.8877 -29.9782 10
    endloop
  endfacet
  facet normal 0 0 1
    outer loop
      vertex -54.484 -31.8493 10
      vertex -55.0355 -30.0311 10
      vertex -54.8172 -31.9327 10
    endloop
  endfacet
  facet normal -0 0 1
    outer loop
      vertex -55.1879 -30.0693 10
      vertex -54.8172 -31.9327 10
      vertex -55.0355 -30.0311 10
    endloop
  endfacet
  facet normal 0 0 1
    outer loop
      vertex -54.8172 -31.9327 10
      vertex -55.1879 -30.0693 10
      vertex -55.1569 -31.9831 10
    endloop
  endfacet
  facet normal -0 0 1
    outer loop
      vertex -55.3432 -30.0923 10
      vertex -55.1569 -31.9831 10
      vertex -55.1879 -30.0693 10
    endloop
  endfacet
  facet normal -0 0 1
    outer loop
      vertex -55.5 -30.1 10
      vertex -55.1569 -31.9831 10
      vertex -55.3432 -30.0923 10
    endloop
  endfacet
  facet normal 0 0 1
    outer loop
      vertex -55.5 -30.1 10
      vertex -55.5 -32 10
      vertex -55.1569 -31.9831 10
    endloop
  endfacet
  facet normal 0 0 1
    outer loop
      vertex -55.6568 -30.0923 10
      vertex -55.5 -32 10
      vertex -55.5 -30.1 10
    endloop
  endfacet
  facet normal 0 0 1
    outer loop
      vertex -55.8431 -31.9831 10
      vertex -55.6568 -30.0923 10
      vertex -55.8121 -30.0693 10
    endloop
  endfacet
  facet normal 0 0 1
    outer loop
      vertex -55.6568 -30.0923 10
      vertex -55.8431 -31.9831 10
      vertex -55.5 -32 10
    endloop
  endfacet
  facet normal 0 0 1
    outer loop
      vertex -56.1828 -31.9327 10
      vertex -55.8121 -30.0693 10
      vertex -55.9645 -30.0311 10
    endloop
  endfacet
  facet normal 0 0 1
    outer loop
      vertex -56.516 -31.8493 10
      vertex -55.9645 -30.0311 10
      vertex -56.1123 -29.9782 10
    endloop
  endfacet
  facet normal 0 0 1
    outer loop
      vertex -55.8121 -30.0693 10
      vertex -56.1828 -31.9327 10
      vertex -55.8431 -31.9831 10
    endloop
  endfacet
  facet normal 0 0 1
    outer loop
      vertex -56.8394 -31.7336 10
      vertex -56.1123 -29.9782 10
      vertex -56.2542 -29.9111 10
    endloop
  endfacet
  facet normal 0 0 1
    outer loop
      vertex -57.1499 -31.5867 10
      vertex -56.2542 -29.9111 10
      vertex -56.3889 -29.8304 10
    endloop
  endfacet
  facet normal 0 0 1
    outer loop
      vertex -57.4445 -31.4101 10
      vertex -56.3889 -29.8304 10
      vertex -56.515 -29.7368 10
    endloop
  endfacet
  facet normal 0 0 1
    outer loop
      vertex -55.9645 -30.0311 10
      vertex -56.516 -31.8493 10
      vertex -56.1828 -31.9327 10
    endloop
  endfacet
  facet normal 0 0 1
    outer loop
      vertex -57.7204 -31.2055 10
      vertex -56.515 -29.7368 10
      vertex -56.6314 -29.6314 10
    endloop
  endfacet
  facet normal 0 0 1
    outer loop
      vertex -57.9749 -30.9749 10
      vertex -56.6314 -29.6314 10
      vertex -56.7368 -29.515 10
    endloop
  endfacet
  facet normal 0 0 1
    outer loop
      vertex -58.2055 -30.7204 10
      vertex -56.7368 -29.515 10
      vertex -56.8304 -29.3889 10
    endloop
  endfacet
  facet normal 0 0 1
    outer loop
      vertex -56.1123 -29.9782 10
      vertex -56.8394 -31.7336 10
      vertex -56.516 -31.8493 10
    endloop
  endfacet
  facet normal 0 0 1
    outer loop
      vertex -58.4101 -30.4445 10
      vertex -56.8304 -29.3889 10
      vertex -56.9111 -29.2542 10
    endloop
  endfacet
  facet normal 0 0 1
    outer loop
      vertex -58.5867 -30.1499 10
      vertex -56.9111 -29.2542 10
      vertex -56.9782 -29.1123 10
    endloop
  endfacet
  facet normal 0 0 1
    outer loop
      vertex -58.7336 -29.8394 10
      vertex -56.9782 -29.1123 10
      vertex -57.0311 -28.9645 10
    endloop
  endfacet
  facet normal 0 0 1
    outer loop
      vertex -58.8493 -29.516 10
      vertex -57.0311 -28.9645 10
      vertex -57.0693 -28.8121 10
    endloop
  endfacet
  facet normal 0 0 1
    outer loop
      vertex -58.9327 -29.1828 10
      vertex -57.0693 -28.8121 10
      vertex -57.0923 -28.6568 10
    endloop
  endfacet
  facet normal 0 0 1
    outer loop
      vertex -56.2542 -29.9111 10
      vertex -57.1499 -31.5867 10
      vertex -56.8394 -31.7336 10
    endloop
  endfacet
  facet normal 0 0 1
    outer loop
      vertex -58.9831 -28.8431 10
      vertex -57.0923 -28.6568 10
      vertex -57.1 -28.5 10
    endloop
  endfacet
  facet normal -0 0 1
    outer loop
      vertex -58.5867 -26.8501 10
      vertex -56.9111 -27.7458 10
      vertex -58.4101 -26.5555 10
    endloop
  endfacet
  facet normal 0 0 1
    outer loop
      vertex -56.9111 -27.7458 10
      vertex -58.5867 -26.8501 10
      vertex -56.9782 -27.8877 10
    endloop
  endfacet
  facet normal 0 0 1
    outer loop
      vertex -56.3889 -29.8304 10
      vertex -57.4445 -31.4101 10
      vertex -57.1499 -31.5867 10
    endloop
  endfacet
  facet normal -0 0 1
    outer loop
      vertex -58.7336 -27.1606 10
      vertex -56.9782 -27.8877 10
      vertex -58.5867 -26.8501 10
    endloop
  endfacet
  facet normal 0 0 1
    outer loop
      vertex -56.515 -29.7368 10
      vertex -57.7204 -31.2055 10
      vertex -57.4445 -31.4101 10
    endloop
  endfacet
  facet normal 0 0 1
    outer loop
      vertex -56.9782 -27.8877 10
      vertex -58.7336 -27.1606 10
      vertex -57.0311 -28.0355 10
    endloop
  endfacet
  facet normal 0 0 1
    outer loop
      vertex -56.6314 -29.6314 10
      vertex -57.9749 -30.9749 10
      vertex -57.7204 -31.2055 10
    endloop
  endfacet
  facet normal -0 0 1
    outer loop
      vertex -58.8493 -27.484 10
      vertex -57.0311 -28.0355 10
      vertex -58.7336 -27.1606 10
    endloop
  endfacet
  facet normal 0 0 1
    outer loop
      vertex -56.7368 -29.515 10
      vertex -58.2055 -30.7204 10
      vertex -57.9749 -30.9749 10
    endloop
  endfacet
  facet normal 0 0 1
    outer loop
      vertex -57.0311 -28.0355 10
      vertex -58.8493 -27.484 10
      vertex -57.0693 -28.1879 10
    endloop
  endfacet
  facet normal 0 0 1
    outer loop
      vertex -56.8304 -29.3889 10
      vertex -58.4101 -30.4445 10
      vertex -58.2055 -30.7204 10
    endloop
  endfacet
  facet normal -0 0 1
    outer loop
      vertex -58.9327 -27.8172 10
      vertex -57.0693 -28.1879 10
      vertex -58.8493 -27.484 10
    endloop
  endfacet
  facet normal 0 0 1
    outer loop
      vertex -56.9111 -29.2542 10
      vertex -58.5867 -30.1499 10
      vertex -58.4101 -30.4445 10
    endloop
  endfacet
  facet normal 0 0 1
    outer loop
      vertex -57.0693 -28.1879 10
      vertex -58.9327 -27.8172 10
      vertex -57.0923 -28.3432 10
    endloop
  endfacet
  facet normal 0 0 1
    outer loop
      vertex -56.9782 -29.1123 10
      vertex -58.7336 -29.8394 10
      vertex -58.5867 -30.1499 10
    endloop
  endfacet
  facet normal -0 0 1
    outer loop
      vertex -58.9831 -28.1569 10
      vertex -57.0923 -28.3432 10
      vertex -58.9327 -27.8172 10
    endloop
  endfacet
  facet normal 0 0 1
    outer loop
      vertex -57.0311 -28.9645 10
      vertex -58.8493 -29.516 10
      vertex -58.7336 -29.8394 10
    endloop
  endfacet
  facet normal 0 0 1
    outer loop
      vertex -57.0923 -28.3432 10
      vertex -58.9831 -28.1569 10
      vertex -57.1 -28.5 10
    endloop
  endfacet
  facet normal 0 0 1
    outer loop
      vertex -57.0693 -28.8121 10
      vertex -58.9327 -29.1828 10
      vertex -58.8493 -29.516 10
    endloop
  endfacet
  facet normal 0 0 1
    outer loop
      vertex -59 -28.5 10
      vertex -57.1 -28.5 10
      vertex -58.9831 -28.1569 10
    endloop
  endfacet
  facet normal 0 0 1
    outer loop
      vertex -57.0923 -28.6568 10
      vertex -58.9831 -28.8431 10
      vertex -58.9327 -29.1828 10
    endloop
  endfacet
  facet normal 0 0 1
    outer loop
      vertex -57.1 -28.5 10
      vertex -59 -28.5 10
      vertex -58.9831 -28.8431 10
    endloop
  endfacet
  facet normal -0.98921 -0.146502 0
    outer loop
      vertex -53.9077 -28.3432 4
      vertex -53.9307 -28.1879 10
      vertex -53.9307 -28.1879 4
    endloop
  endfacet
  facet normal -0.98921 -0.146502 0
    outer loop
      vertex -53.9307 -28.1879 10
      vertex -53.9077 -28.3432 4
      vertex -53.9077 -28.3432 10
    endloop
  endfacet
  facet normal -0.998796 -0.049048 0
    outer loop
      vertex -53.9 -28.5 4
      vertex -53.9077 -28.3432 10
      vertex -53.9077 -28.3432 4
    endloop
  endfacet
  facet normal -0.998796 -0.049048 0
    outer loop
      vertex -53.9077 -28.3432 10
      vertex -53.9 -28.5 4
      vertex -53.9 -28.5 10
    endloop
  endfacet
  facet normal -0.969993 -0.243135 0
    outer loop
      vertex -53.9307 -28.1879 4
      vertex -53.9689 -28.0355 10
      vertex -53.9689 -28.0355 4
    endloop
  endfacet
  facet normal -0.969993 -0.243135 0
    outer loop
      vertex -53.9689 -28.0355 10
      vertex -53.9307 -28.1879 4
      vertex -53.9307 -28.1879 10
    endloop
  endfacet
  facet normal -0.427484 -0.904023 0
    outer loop
      vertex -54.8877 -27.0218 4
      vertex -54.7458 -27.0889 10
      vertex -54.8877 -27.0218 10
    endloop
  endfacet
  facet normal -0.427484 -0.904023 -0
    outer loop
      vertex -54.7458 -27.0889 10
      vertex -54.8877 -27.0218 4
      vertex -54.7458 -27.0889 4
    endloop
  endfacet
  facet normal 0.243135 0.969993 -0
    outer loop
      vertex -55.8121 -30.0693 4
      vertex -55.9645 -30.0311 10
      vertex -55.8121 -30.0693 10
    endloop
  endfacet
  facet normal 0.243135 0.969993 0
    outer loop
      vertex -55.9645 -30.0311 10
      vertex -55.8121 -30.0693 4
      vertex -55.9645 -30.0311 4
    endloop
  endfacet
  facet normal 0.85783 0.513934 0
    outer loop
      vertex -56.8304 -29.3889 10
      vertex -56.9111 -29.2542 4
      vertex -56.9111 -29.2542 10
    endloop
  endfacet
  facet normal 0.85783 0.513934 0
    outer loop
      vertex -56.9111 -29.2542 4
      vertex -56.8304 -29.3889 10
      vertex -56.8304 -29.3889 4
    endloop
  endfacet
  facet normal -0.146502 0.98921 0
    outer loop
      vertex -55.1879 -30.0693 4
      vertex -55.3432 -30.0923 10
      vertex -55.1879 -30.0693 10
    endloop
  endfacet
  facet normal -0.146502 0.98921 0
    outer loop
      vertex -55.3432 -30.0923 10
      vertex -55.1879 -30.0693 4
      vertex -55.3432 -30.0923 4
    endloop
  endfacet
  facet normal -0.741264 -0.671213 0
    outer loop
      vertex -54.2632 -27.485 4
      vertex -54.3686 -27.3686 10
      vertex -54.3686 -27.3686 4
    endloop
  endfacet
  facet normal -0.741264 -0.671213 0
    outer loop
      vertex -54.3686 -27.3686 10
      vertex -54.2632 -27.485 4
      vertex -54.2632 -27.485 10
    endloop
  endfacet
  facet normal 0.513934 -0.85783 0
    outer loop
      vertex -56.3889 -27.1696 4
      vertex -56.2542 -27.0889 10
      vertex -56.3889 -27.1696 10
    endloop
  endfacet
  facet normal 0.513934 -0.85783 0
    outer loop
      vertex -56.2542 -27.0889 10
      vertex -56.3889 -27.1696 4
      vertex -56.2542 -27.0889 4
    endloop
  endfacet
  facet normal -0.741264 0.671213 0
    outer loop
      vertex -54.3686 -29.6314 4
      vertex -54.2632 -29.515 10
      vertex -54.2632 -29.515 4
    endloop
  endfacet
  facet normal -0.741264 0.671213 0
    outer loop
      vertex -54.2632 -29.515 10
      vertex -54.3686 -29.6314 4
      vertex -54.3686 -29.6314 10
    endloop
  endfacet
  facet normal -0.513934 0.85783 0
    outer loop
      vertex -54.6111 -29.8304 4
      vertex -54.7458 -29.9111 10
      vertex -54.6111 -29.8304 10
    endloop
  endfacet
  facet normal -0.513934 0.85783 0
    outer loop
      vertex -54.7458 -29.9111 10
      vertex -54.6111 -29.8304 4
      vertex -54.7458 -29.9111 4
    endloop
  endfacet
  facet normal -0.243135 -0.969993 0
    outer loop
      vertex -55.1879 -26.9307 4
      vertex -55.0355 -26.9689 10
      vertex -55.1879 -26.9307 10
    endloop
  endfacet
  facet normal -0.243135 -0.969993 -0
    outer loop
      vertex -55.0355 -26.9689 10
      vertex -55.1879 -26.9307 4
      vertex -55.0355 -26.9689 4
    endloop
  endfacet
  facet normal 0.98921 -0.146502 0
    outer loop
      vertex -57.0923 -28.3432 10
      vertex -57.0693 -28.1879 4
      vertex -57.0693 -28.1879 10
    endloop
  endfacet
  facet normal 0.98921 -0.146502 0
    outer loop
      vertex -57.0693 -28.1879 4
      vertex -57.0923 -28.3432 10
      vertex -57.0923 -28.3432 4
    endloop
  endfacet
  facet normal -0.85783 -0.513934 0
    outer loop
      vertex -54.0889 -27.7458 4
      vertex -54.1696 -27.6111 10
      vertex -54.1696 -27.6111 4
    endloop
  endfacet
  facet normal -0.85783 -0.513934 0
    outer loop
      vertex -54.1696 -27.6111 10
      vertex -54.0889 -27.7458 4
      vertex -54.0889 -27.7458 10
    endloop
  endfacet
  facet normal -0.969993 0.243135 0
    outer loop
      vertex -53.9689 -28.9645 4
      vertex -53.9307 -28.8121 10
      vertex -53.9307 -28.8121 4
    endloop
  endfacet
  facet normal -0.969993 0.243135 0
    outer loop
      vertex -53.9307 -28.8121 10
      vertex -53.9689 -28.9645 4
      vertex -53.9689 -28.9645 10
    endloop
  endfacet
  facet normal 0.146502 0.98921 -0
    outer loop
      vertex -55.6568 -30.0923 4
      vertex -55.8121 -30.0693 10
      vertex -55.6568 -30.0923 10
    endloop
  endfacet
  facet normal 0.146502 0.98921 0
    outer loop
      vertex -55.8121 -30.0693 10
      vertex -55.6568 -30.0923 4
      vertex -55.8121 -30.0693 4
    endloop
  endfacet
  facet normal 0.998796 0.049048 0
    outer loop
      vertex -57.0923 -28.6568 10
      vertex -57.1 -28.5 4
      vertex -57.1 -28.5 10
    endloop
  endfacet
  facet normal 0.998796 0.049048 0
    outer loop
      vertex -57.1 -28.5 4
      vertex -57.0923 -28.6568 10
      vertex -57.0923 -28.6568 4
    endloop
  endfacet
  facet normal -0.146502 -0.98921 0
    outer loop
      vertex -55.3432 -26.9077 4
      vertex -55.1879 -26.9307 10
      vertex -55.3432 -26.9077 10
    endloop
  endfacet
  facet normal -0.146502 -0.98921 -0
    outer loop
      vertex -55.1879 -26.9307 10
      vertex -55.3432 -26.9077 4
      vertex -55.1879 -26.9307 4
    endloop
  endfacet
  facet normal -0.941511 -0.336982 0
    outer loop
      vertex -53.9689 -28.0355 4
      vertex -54.0218 -27.8877 10
      vertex -54.0218 -27.8877 4
    endloop
  endfacet
  facet normal -0.941511 -0.336982 0
    outer loop
      vertex -54.0218 -27.8877 10
      vertex -53.9689 -28.0355 4
      vertex -53.9689 -28.0355 10
    endloop
  endfacet
  facet normal -0.671213 -0.741264 0
    outer loop
      vertex -54.485 -27.2632 4
      vertex -54.3686 -27.3686 10
      vertex -54.485 -27.2632 10
    endloop
  endfacet
  facet normal -0.671213 -0.741264 -0
    outer loop
      vertex -54.3686 -27.3686 10
      vertex -54.485 -27.2632 4
      vertex -54.3686 -27.3686 4
    endloop
  endfacet
  facet normal 0.969993 0.243135 0
    outer loop
      vertex -57.0311 -28.9645 10
      vertex -57.0693 -28.8121 4
      vertex -57.0693 -28.8121 10
    endloop
  endfacet
  facet normal 0.969993 0.243135 0
    outer loop
      vertex -57.0693 -28.8121 4
      vertex -57.0311 -28.9645 10
      vertex -57.0311 -28.9645 4
    endloop
  endfacet
  facet normal 0.336982 -0.941511 0
    outer loop
      vertex -56.1123 -27.0218 4
      vertex -55.9645 -26.9689 10
      vertex -56.1123 -27.0218 10
    endloop
  endfacet
  facet normal 0.336982 -0.941511 0
    outer loop
      vertex -55.9645 -26.9689 10
      vertex -56.1123 -27.0218 4
      vertex -55.9645 -26.9689 4
    endloop
  endfacet
  facet normal 0.941511 0.336982 0
    outer loop
      vertex -56.9782 -29.1123 10
      vertex -57.0311 -28.9645 4
      vertex -57.0311 -28.9645 10
    endloop
  endfacet
  facet normal 0.941511 0.336982 0
    outer loop
      vertex -57.0311 -28.9645 4
      vertex -56.9782 -29.1123 10
      vertex -56.9782 -29.1123 4
    endloop
  endfacet
  facet normal -0.336982 -0.941511 0
    outer loop
      vertex -55.0355 -26.9689 4
      vertex -54.8877 -27.0218 10
      vertex -55.0355 -26.9689 10
    endloop
  endfacet
  facet normal -0.336982 -0.941511 -0
    outer loop
      vertex -54.8877 -27.0218 10
      vertex -55.0355 -26.9689 4
      vertex -54.8877 -27.0218 4
    endloop
  endfacet
  facet normal 0.80297 -0.596019 0
    outer loop
      vertex -56.8304 -27.6111 10
      vertex -56.7368 -27.485 4
      vertex -56.7368 -27.485 10
    endloop
  endfacet
  facet normal 0.80297 -0.596019 0
    outer loop
      vertex -56.7368 -27.485 4
      vertex -56.8304 -27.6111 10
      vertex -56.8304 -27.6111 4
    endloop
  endfacet
  facet normal -0.80297 -0.596019 0
    outer loop
      vertex -54.1696 -27.6111 4
      vertex -54.2632 -27.485 10
      vertex -54.2632 -27.485 4
    endloop
  endfacet
  facet normal -0.80297 -0.596019 0
    outer loop
      vertex -54.2632 -27.485 10
      vertex -54.1696 -27.6111 4
      vertex -54.1696 -27.6111 10
    endloop
  endfacet
  facet normal 0.969993 -0.243135 0
    outer loop
      vertex -57.0693 -28.1879 10
      vertex -57.0311 -28.0355 4
      vertex -57.0311 -28.0355 10
    endloop
  endfacet
  facet normal 0.969993 -0.243135 0
    outer loop
      vertex -57.0311 -28.0355 4
      vertex -57.0693 -28.1879 10
      vertex -57.0693 -28.1879 4
    endloop
  endfacet
  facet normal 0.671213 -0.741264 0
    outer loop
      vertex -56.6314 -27.3686 4
      vertex -56.515 -27.2632 10
      vertex -56.6314 -27.3686 10
    endloop
  endfacet
  facet normal 0.671213 -0.741264 0
    outer loop
      vertex -56.515 -27.2632 10
      vertex -56.6314 -27.3686 4
      vertex -56.515 -27.2632 4
    endloop
  endfacet
  facet normal -0.427484 0.904023 0
    outer loop
      vertex -54.7458 -29.9111 4
      vertex -54.8877 -29.9782 10
      vertex -54.7458 -29.9111 10
    endloop
  endfacet
  facet normal -0.427484 0.904023 0
    outer loop
      vertex -54.8877 -29.9782 10
      vertex -54.7458 -29.9111 4
      vertex -54.8877 -29.9782 4
    endloop
  endfacet
  facet normal 0.243135 -0.969993 0
    outer loop
      vertex -55.9645 -26.9689 4
      vertex -55.8121 -26.9307 10
      vertex -55.9645 -26.9689 10
    endloop
  endfacet
  facet normal 0.243135 -0.969993 0
    outer loop
      vertex -55.8121 -26.9307 10
      vertex -55.9645 -26.9689 4
      vertex -55.8121 -26.9307 4
    endloop
  endfacet
  facet normal 0.941511 -0.336982 0
    outer loop
      vertex -57.0311 -28.0355 10
      vertex -56.9782 -27.8877 4
      vertex -56.9782 -27.8877 10
    endloop
  endfacet
  facet normal 0.941511 -0.336982 0
    outer loop
      vertex -56.9782 -27.8877 4
      vertex -57.0311 -28.0355 10
      vertex -57.0311 -28.0355 4
    endloop
  endfacet
  facet normal -0.513934 -0.85783 0
    outer loop
      vertex -54.7458 -27.0889 4
      vertex -54.6111 -27.1696 10
      vertex -54.7458 -27.0889 10
    endloop
  endfacet
  facet normal -0.513934 -0.85783 -0
    outer loop
      vertex -54.6111 -27.1696 10
      vertex -54.7458 -27.0889 4
      vertex -54.6111 -27.1696 4
    endloop
  endfacet
  facet normal 0.513934 0.85783 -0
    outer loop
      vertex -56.2542 -29.9111 4
      vertex -56.3889 -29.8304 10
      vertex -56.2542 -29.9111 10
    endloop
  endfacet
  facet normal 0.513934 0.85783 0
    outer loop
      vertex -56.3889 -29.8304 10
      vertex -56.2542 -29.9111 4
      vertex -56.3889 -29.8304 4
    endloop
  endfacet
  facet normal 0.596019 -0.80297 0
    outer loop
      vertex -56.515 -27.2632 4
      vertex -56.3889 -27.1696 10
      vertex -56.515 -27.2632 10
    endloop
  endfacet
  facet normal 0.596019 -0.80297 0
    outer loop
      vertex -56.3889 -27.1696 10
      vertex -56.515 -27.2632 4
      vertex -56.3889 -27.1696 4
    endloop
  endfacet
  facet normal -0.049048 0.998796 0
    outer loop
      vertex -55.3432 -30.0923 4
      vertex -55.5 -30.1 10
      vertex -55.3432 -30.0923 10
    endloop
  endfacet
  facet normal -0.049048 0.998796 0
    outer loop
      vertex -55.5 -30.1 10
      vertex -55.3432 -30.0923 4
      vertex -55.5 -30.1 4
    endloop
  endfacet
  facet normal -0.941511 0.336982 0
    outer loop
      vertex -54.0218 -29.1123 4
      vertex -53.9689 -28.9645 10
      vertex -53.9689 -28.9645 4
    endloop
  endfacet
  facet normal -0.941511 0.336982 0
    outer loop
      vertex -53.9689 -28.9645 10
      vertex -54.0218 -29.1123 4
      vertex -54.0218 -29.1123 10
    endloop
  endfacet
  facet normal -0.80297 0.596019 0
    outer loop
      vertex -54.2632 -29.515 4
      vertex -54.1696 -29.3889 10
      vertex -54.1696 -29.3889 4
    endloop
  endfacet
  facet normal -0.80297 0.596019 0
    outer loop
      vertex -54.1696 -29.3889 10
      vertex -54.2632 -29.515 4
      vertex -54.2632 -29.515 10
    endloop
  endfacet
  facet normal -0.98921 0.146502 0
    outer loop
      vertex -53.9307 -28.8121 4
      vertex -53.9077 -28.6568 10
      vertex -53.9077 -28.6568 4
    endloop
  endfacet
  facet normal -0.98921 0.146502 0
    outer loop
      vertex -53.9077 -28.6568 10
      vertex -53.9307 -28.8121 4
      vertex -53.9307 -28.8121 10
    endloop
  endfacet
  facet normal 0.85783 -0.513934 0
    outer loop
      vertex -56.9111 -27.7458 10
      vertex -56.8304 -27.6111 4
      vertex -56.8304 -27.6111 10
    endloop
  endfacet
  facet normal 0.85783 -0.513934 0
    outer loop
      vertex -56.8304 -27.6111 4
      vertex -56.9111 -27.7458 10
      vertex -56.9111 -27.7458 4
    endloop
  endfacet
  facet normal -0.904023 -0.427484 0
    outer loop
      vertex -54.0218 -27.8877 4
      vertex -54.0889 -27.7458 10
      vertex -54.0889 -27.7458 4
    endloop
  endfacet
  facet normal -0.904023 -0.427484 0
    outer loop
      vertex -54.0889 -27.7458 10
      vertex -54.0218 -27.8877 4
      vertex -54.0218 -27.8877 10
    endloop
  endfacet
  facet normal 0.427484 -0.904023 0
    outer loop
      vertex -56.2542 -27.0889 4
      vertex -56.1123 -27.0218 10
      vertex -56.2542 -27.0889 10
    endloop
  endfacet
  facet normal 0.427484 -0.904023 0
    outer loop
      vertex -56.1123 -27.0218 10
      vertex -56.2542 -27.0889 4
      vertex -56.1123 -27.0218 4
    endloop
  endfacet
  facet normal -0.596019 0.80297 0
    outer loop
      vertex -54.485 -29.7368 4
      vertex -54.6111 -29.8304 10
      vertex -54.485 -29.7368 10
    endloop
  endfacet
  facet normal -0.596019 0.80297 0
    outer loop
      vertex -54.6111 -29.8304 10
      vertex -54.485 -29.7368 4
      vertex -54.6111 -29.8304 4
    endloop
  endfacet
  facet normal -0.596019 -0.80297 0
    outer loop
      vertex -54.6111 -27.1696 4
      vertex -54.485 -27.2632 10
      vertex -54.6111 -27.1696 10
    endloop
  endfacet
  facet normal -0.596019 -0.80297 -0
    outer loop
      vertex -54.485 -27.2632 10
      vertex -54.6111 -27.1696 4
      vertex -54.485 -27.2632 4
    endloop
  endfacet
  facet normal 0.671213 0.741264 -0
    outer loop
      vertex -56.515 -29.7368 4
      vertex -56.6314 -29.6314 10
      vertex -56.515 -29.7368 10
    endloop
  endfacet
  facet normal 0.671213 0.741264 0
    outer loop
      vertex -56.6314 -29.6314 10
      vertex -56.515 -29.7368 4
      vertex -56.6314 -29.6314 4
    endloop
  endfacet
  facet normal -0.998796 0.049048 0
    outer loop
      vertex -53.9077 -28.6568 4
      vertex -53.9 -28.5 10
      vertex -53.9 -28.5 4
    endloop
  endfacet
  facet normal -0.998796 0.049048 0
    outer loop
      vertex -53.9 -28.5 10
      vertex -53.9077 -28.6568 4
      vertex -53.9077 -28.6568 10
    endloop
  endfacet
  facet normal 0.80297 0.596019 0
    outer loop
      vertex -56.7368 -29.515 10
      vertex -56.8304 -29.3889 4
      vertex -56.8304 -29.3889 10
    endloop
  endfacet
  facet normal 0.80297 0.596019 0
    outer loop
      vertex -56.8304 -29.3889 4
      vertex -56.7368 -29.515 10
      vertex -56.7368 -29.515 4
    endloop
  endfacet
  facet normal 0.904023 0.427484 0
    outer loop
      vertex -56.9111 -29.2542 10
      vertex -56.9782 -29.1123 4
      vertex -56.9782 -29.1123 10
    endloop
  endfacet
  facet normal 0.904023 0.427484 0
    outer loop
      vertex -56.9782 -29.1123 4
      vertex -56.9111 -29.2542 10
      vertex -56.9111 -29.2542 4
    endloop
  endfacet
  facet normal -0.049048 -0.998796 0
    outer loop
      vertex -55.5 -26.9 4
      vertex -55.3432 -26.9077 10
      vertex -55.5 -26.9 10
    endloop
  endfacet
  facet normal -0.049048 -0.998796 -0
    outer loop
      vertex -55.3432 -26.9077 10
      vertex -55.5 -26.9 4
      vertex -55.3432 -26.9077 4
    endloop
  endfacet
  facet normal 0.049048 -0.998796 0
    outer loop
      vertex -55.6568 -26.9077 4
      vertex -55.5 -26.9 10
      vertex -55.6568 -26.9077 10
    endloop
  endfacet
  facet normal 0.049048 -0.998796 0
    outer loop
      vertex -55.5 -26.9 10
      vertex -55.6568 -26.9077 4
      vertex -55.5 -26.9 4
    endloop
  endfacet
  facet normal 0.427484 0.904023 -0
    outer loop
      vertex -56.1123 -29.9782 4
      vertex -56.2542 -29.9111 10
      vertex -56.1123 -29.9782 10
    endloop
  endfacet
  facet normal 0.427484 0.904023 0
    outer loop
      vertex -56.2542 -29.9111 10
      vertex -56.1123 -29.9782 4
      vertex -56.2542 -29.9111 4
    endloop
  endfacet
  facet normal 0.146502 -0.98921 0
    outer loop
      vertex -55.8121 -26.9307 4
      vertex -55.6568 -26.9077 10
      vertex -55.8121 -26.9307 10
    endloop
  endfacet
  facet normal 0.146502 -0.98921 0
    outer loop
      vertex -55.6568 -26.9077 10
      vertex -55.8121 -26.9307 4
      vertex -55.6568 -26.9077 4
    endloop
  endfacet
  facet normal 0.98921 0.146502 0
    outer loop
      vertex -57.0693 -28.8121 10
      vertex -57.0923 -28.6568 4
      vertex -57.0923 -28.6568 10
    endloop
  endfacet
  facet normal 0.98921 0.146502 0
    outer loop
      vertex -57.0923 -28.6568 4
      vertex -57.0693 -28.8121 10
      vertex -57.0693 -28.8121 4
    endloop
  endfacet
  facet normal -0.336982 0.941511 0
    outer loop
      vertex -54.8877 -29.9782 4
      vertex -55.0355 -30.0311 10
      vertex -54.8877 -29.9782 10
    endloop
  endfacet
  facet normal -0.336982 0.941511 0
    outer loop
      vertex -55.0355 -30.0311 10
      vertex -54.8877 -29.9782 4
      vertex -55.0355 -30.0311 4
    endloop
  endfacet
  facet normal -0.243135 0.969993 0
    outer loop
      vertex -55.0355 -30.0311 4
      vertex -55.1879 -30.0693 10
      vertex -55.0355 -30.0311 10
    endloop
  endfacet
  facet normal -0.243135 0.969993 0
    outer loop
      vertex -55.1879 -30.0693 10
      vertex -55.0355 -30.0311 4
      vertex -55.1879 -30.0693 4
    endloop
  endfacet
  facet normal 0.904023 -0.427484 0
    outer loop
      vertex -56.9782 -27.8877 10
      vertex -56.9111 -27.7458 4
      vertex -56.9111 -27.7458 10
    endloop
  endfacet
  facet normal 0.904023 -0.427484 0
    outer loop
      vertex -56.9111 -27.7458 4
      vertex -56.9782 -27.8877 10
      vertex -56.9782 -27.8877 4
    endloop
  endfacet
  facet normal 0.741264 0.671213 0
    outer loop
      vertex -56.6314 -29.6314 10
      vertex -56.7368 -29.515 4
      vertex -56.7368 -29.515 10
    endloop
  endfacet
  facet normal 0.741264 0.671213 0
    outer loop
      vertex -56.7368 -29.515 4
      vertex -56.6314 -29.6314 10
      vertex -56.6314 -29.6314 4
    endloop
  endfacet
  facet normal 0.596019 0.80297 -0
    outer loop
      vertex -56.3889 -29.8304 4
      vertex -56.515 -29.7368 10
      vertex -56.3889 -29.8304 10
    endloop
  endfacet
  facet normal 0.596019 0.80297 0
    outer loop
      vertex -56.515 -29.7368 10
      vertex -56.3889 -29.8304 4
      vertex -56.515 -29.7368 4
    endloop
  endfacet
  facet normal -0.904023 0.427484 0
    outer loop
      vertex -54.0889 -29.2542 4
      vertex -54.0218 -29.1123 10
      vertex -54.0218 -29.1123 4
    endloop
  endfacet
  facet normal -0.904023 0.427484 0
    outer loop
      vertex -54.0218 -29.1123 10
      vertex -54.0889 -29.2542 4
      vertex -54.0889 -29.2542 10
    endloop
  endfacet
  facet normal -0.85783 0.513934 0
    outer loop
      vertex -54.1696 -29.3889 4
      vertex -54.0889 -29.2542 10
      vertex -54.0889 -29.2542 4
    endloop
  endfacet
  facet normal -0.85783 0.513934 0
    outer loop
      vertex -54.0889 -29.2542 10
      vertex -54.1696 -29.3889 4
      vertex -54.1696 -29.3889 10
    endloop
  endfacet
  facet normal 0.741264 -0.671213 0
    outer loop
      vertex -56.7368 -27.485 10
      vertex -56.6314 -27.3686 4
      vertex -56.6314 -27.3686 10
    endloop
  endfacet
  facet normal 0.741264 -0.671213 0
    outer loop
      vertex -56.6314 -27.3686 4
      vertex -56.7368 -27.485 10
      vertex -56.7368 -27.485 4
    endloop
  endfacet
  facet normal 0.049048 0.998796 -0
    outer loop
      vertex -55.5 -30.1 4
      vertex -55.6568 -30.0923 10
      vertex -55.5 -30.1 10
    endloop
  endfacet
  facet normal 0.049048 0.998796 0
    outer loop
      vertex -55.6568 -30.0923 10
      vertex -55.5 -30.1 4
      vertex -55.6568 -30.0923 4
    endloop
  endfacet
  facet normal 0.998796 -0.049048 0
    outer loop
      vertex -57.1 -28.5 10
      vertex -57.0923 -28.3432 4
      vertex -57.0923 -28.3432 10
    endloop
  endfacet
  facet normal 0.998796 -0.049048 0
    outer loop
      vertex -57.0923 -28.3432 4
      vertex -57.1 -28.5 10
      vertex -57.1 -28.5 4
    endloop
  endfacet
  facet normal 0.336982 0.941511 -0
    outer loop
      vertex -55.9645 -30.0311 4
      vertex -56.1123 -29.9782 10
      vertex -55.9645 -30.0311 10
    endloop
  endfacet
  facet normal 0.336982 0.941511 0
    outer loop
      vertex -56.1123 -29.9782 10
      vertex -55.9645 -30.0311 4
      vertex -56.1123 -29.9782 4
    endloop
  endfacet
  facet normal -0.671213 0.741264 0
    outer loop
      vertex -54.3686 -29.6314 4
      vertex -54.485 -29.7368 10
      vertex -54.3686 -29.6314 10
    endloop
  endfacet
  facet normal -0.671213 0.741264 0
    outer loop
      vertex -54.485 -29.7368 10
      vertex -54.3686 -29.6314 4
      vertex -54.485 -29.7368 4
    endloop
  endfacet
  facet normal 0.989172 0.14676 0
    outer loop
      vertex -52.0169 28.8431 10
      vertex -52.0673 29.1828 4
      vertex -52.0673 29.1828 10
    endloop
  endfacet
  facet normal 0.989172 0.14676 0
    outer loop
      vertex -52.0673 29.1828 4
      vertex -52.0169 28.8431 10
      vertex -52.0169 28.8431 4
    endloop
  endfacet
  facet normal 0.998789 0.0491971 0
    outer loop
      vertex -52 28.5 10
      vertex -52.0169 28.8431 4
      vertex -52.0169 28.8431 10
    endloop
  endfacet
  facet normal 0.998789 0.0491971 0
    outer loop
      vertex -52.0169 28.8431 4
      vertex -52 28.5 10
      vertex -52 28.5 4
    endloop
  endfacet
  facet normal 0.970074 0.24281 0
    outer loop
      vertex -52.0673 29.1828 10
      vertex -52.1507 29.516 4
      vertex -52.1507 29.516 10
    endloop
  endfacet
  facet normal 0.970074 0.24281 0
    outer loop
      vertex -52.1507 29.516 4
      vertex -52.0673 29.1828 10
      vertex -52.0673 29.1828 4
    endloop
  endfacet
  facet normal 0.595659 -0.803237 0
    outer loop
      vertex -53.5555 25.5899 4
      vertex -53.2796 25.7945 10
      vertex -53.5555 25.5899 10
    endloop
  endfacet
  facet normal 0.595659 -0.803237 0
    outer loop
      vertex -53.2796 25.7945 10
      vertex -53.5555 25.5899 4
      vertex -53.2796 25.7945 4
    endloop
  endfacet
  facet normal 0.427661 -0.903939 0
    outer loop
      vertex -54.1606 25.2664 4
      vertex -53.8501 25.4133 10
      vertex -54.1606 25.2664 10
    endloop
  endfacet
  facet normal 0.427661 -0.903939 0
    outer loop
      vertex -53.8501 25.4133 10
      vertex -54.1606 25.2664 4
      vertex -53.8501 25.4133 4
    endloop
  endfacet
  facet normal -0.671454 -0.741046 0
    outer loop
      vertex -57.9749 26.0251 4
      vertex -57.7204 25.7945 10
      vertex -57.9749 26.0251 10
    endloop
  endfacet
  facet normal -0.671454 -0.741046 -0
    outer loop
      vertex -57.7204 25.7945 10
      vertex -57.9749 26.0251 4
      vertex -57.7204 25.7945 4
    endloop
  endfacet
  facet normal 0.514153 0.857698 -0
    outer loop
      vertex -53.5555 31.4101 4
      vertex -53.8501 31.5867 10
      vertex -53.5555 31.4101 10
    endloop
  endfacet
  facet normal 0.514153 0.857698 0
    outer loop
      vertex -53.8501 31.5867 10
      vertex -53.5555 31.4101 4
      vertex -53.8501 31.5867 4
    endloop
  endfacet
  facet normal -0.14676 -0.989172 0
    outer loop
      vertex -56.1828 25.0673 4
      vertex -55.8431 25.0169 10
      vertex -56.1828 25.0673 10
    endloop
  endfacet
  facet normal -0.14676 -0.989172 -0
    outer loop
      vertex -55.8431 25.0169 10
      vertex -56.1828 25.0673 4
      vertex -55.8431 25.0169 4
    endloop
  endfacet
  facet normal -0.24281 0.970074 0
    outer loop
      vertex -56.1828 31.9327 4
      vertex -56.516 31.8493 10
      vertex -56.1828 31.9327 10
    endloop
  endfacet
  facet normal -0.24281 0.970074 0
    outer loop
      vertex -56.516 31.8493 10
      vertex -56.1828 31.9327 4
      vertex -56.516 31.8493 4
    endloop
  endfacet
  facet normal 0.741046 0.671454 0
    outer loop
      vertex -52.7945 30.7204 10
      vertex -53.0251 30.9749 4
      vertex -53.0251 30.9749 10
    endloop
  endfacet
  facet normal 0.741046 0.671454 0
    outer loop
      vertex -53.0251 30.9749 4
      vertex -52.7945 30.7204 10
      vertex -52.7945 30.7204 4
    endloop
  endfacet
  facet normal -0.970074 -0.24281 0
    outer loop
      vertex -58.8493 27.484 4
      vertex -58.9327 27.8172 10
      vertex -58.9327 27.8172 4
    endloop
  endfacet
  facet normal -0.970074 -0.24281 0
    outer loop
      vertex -58.9327 27.8172 10
      vertex -58.8493 27.484 4
      vertex -58.8493 27.484 10
    endloop
  endfacet
  facet normal 0.857698 0.514153 0
    outer loop
      vertex -52.4133 30.1499 10
      vertex -52.5899 30.4445 4
      vertex -52.5899 30.4445 10
    endloop
  endfacet
  facet normal 0.857698 0.514153 0
    outer loop
      vertex -52.5899 30.4445 4
      vertex -52.4133 30.1499 10
      vertex -52.4133 30.1499 4
    endloop
  endfacet
  facet normal 0.671454 0.741046 -0
    outer loop
      vertex -53.0251 30.9749 4
      vertex -53.2796 31.2055 10
      vertex -53.0251 30.9749 10
    endloop
  endfacet
  facet normal 0.671454 0.741046 0
    outer loop
      vertex -53.2796 31.2055 10
      vertex -53.0251 30.9749 4
      vertex -53.2796 31.2055 4
    endloop
  endfacet
  facet normal -0.941557 -0.336853 0
    outer loop
      vertex -58.7336 27.1606 4
      vertex -58.8493 27.484 10
      vertex -58.8493 27.484 4
    endloop
  endfacet
  facet normal -0.941557 -0.336853 0
    outer loop
      vertex -58.8493 27.484 10
      vertex -58.7336 27.1606 4
      vertex -58.7336 27.1606 10
    endloop
  endfacet
  facet normal 0.336853 -0.941557 0
    outer loop
      vertex -54.484 25.1507 4
      vertex -54.1606 25.2664 10
      vertex -54.484 25.1507 10
    endloop
  endfacet
  facet normal 0.336853 -0.941557 0
    outer loop
      vertex -54.1606 25.2664 10
      vertex -54.484 25.1507 4
      vertex -54.1606 25.2664 4
    endloop
  endfacet
  facet normal 0.941557 0.336853 0
    outer loop
      vertex -52.1507 29.516 10
      vertex -52.2664 29.8394 4
      vertex -52.2664 29.8394 10
    endloop
  endfacet
  facet normal 0.941557 0.336853 0
    outer loop
      vertex -52.2664 29.8394 4
      vertex -52.1507 29.516 10
      vertex -52.1507 29.516 4
    endloop
  endfacet
  facet normal -0.998789 -0.0491971 0
    outer loop
      vertex -58.9831 28.1569 4
      vertex -59 28.5 10
      vertex -59 28.5 4
    endloop
  endfacet
  facet normal -0.998789 -0.0491971 0
    outer loop
      vertex -59 28.5 10
      vertex -58.9831 28.1569 4
      vertex -58.9831 28.1569 10
    endloop
  endfacet
  facet normal -0.0491971 0.998789 0
    outer loop
      vertex -55.5 32 4
      vertex -55.8431 31.9831 10
      vertex -55.5 32 10
    endloop
  endfacet
  facet normal -0.0491971 0.998789 0
    outer loop
      vertex -55.8431 31.9831 10
      vertex -55.5 32 4
      vertex -55.8431 31.9831 4
    endloop
  endfacet
  facet normal 0.903939 -0.427661 0
    outer loop
      vertex -52.4133 26.8501 10
      vertex -52.2664 27.1606 4
      vertex -52.2664 27.1606 10
    endloop
  endfacet
  facet normal 0.903939 -0.427661 0
    outer loop
      vertex -52.2664 27.1606 4
      vertex -52.4133 26.8501 10
      vertex -52.4133 26.8501 4
    endloop
  endfacet
  facet normal 0.595659 0.803237 -0
    outer loop
      vertex -53.2796 31.2055 4
      vertex -53.5555 31.4101 10
      vertex -53.2796 31.2055 10
    endloop
  endfacet
  facet normal 0.595659 0.803237 0
    outer loop
      vertex -53.5555 31.4101 10
      vertex -53.2796 31.2055 4
      vertex -53.5555 31.4101 4
    endloop
  endfacet
  facet normal 0.998789 -0.0491971 0
    outer loop
      vertex -52.0169 28.1569 10
      vertex -52 28.5 4
      vertex -52 28.5 10
    endloop
  endfacet
  facet normal 0.998789 -0.0491971 0
    outer loop
      vertex -52 28.5 4
      vertex -52.0169 28.1569 10
      vertex -52.0169 28.1569 4
    endloop
  endfacet
  facet normal -0.336853 -0.941557 0
    outer loop
      vertex -56.8394 25.2664 4
      vertex -56.516 25.1507 10
      vertex -56.8394 25.2664 10
    endloop
  endfacet
  facet normal -0.336853 -0.941557 -0
    outer loop
      vertex -56.516 25.1507 10
      vertex -56.8394 25.2664 4
      vertex -56.516 25.1507 4
    endloop
  endfacet
  facet normal -0.0491971 -0.998789 0
    outer loop
      vertex -55.8431 25.0169 4
      vertex -55.5 25 10
      vertex -55.8431 25.0169 10
    endloop
  endfacet
  facet normal -0.0491971 -0.998789 -0
    outer loop
      vertex -55.5 25 10
      vertex -55.8431 25.0169 4
      vertex -55.5 25 4
    endloop
  endfacet
  facet normal 0.0491971 -0.998789 0
    outer loop
      vertex -55.5 25 4
      vertex -55.1569 25.0169 10
      vertex -55.5 25 10
    endloop
  endfacet
  facet normal 0.0491971 -0.998789 0
    outer loop
      vertex -55.1569 25.0169 10
      vertex -55.5 25 4
      vertex -55.1569 25.0169 4
    endloop
  endfacet
  facet normal 0.803237 0.595659 0
    outer loop
      vertex -52.5899 30.4445 10
      vertex -52.7945 30.7204 4
      vertex -52.7945 30.7204 10
    endloop
  endfacet
  facet normal 0.803237 0.595659 0
    outer loop
      vertex -52.7945 30.7204 4
      vertex -52.5899 30.4445 10
      vertex -52.5899 30.4445 4
    endloop
  endfacet
  facet normal -0.671454 0.741046 0
    outer loop
      vertex -57.7204 31.2055 4
      vertex -57.9749 30.9749 10
      vertex -57.7204 31.2055 10
    endloop
  endfacet
  facet normal -0.671454 0.741046 0
    outer loop
      vertex -57.9749 30.9749 10
      vertex -57.7204 31.2055 4
      vertex -57.9749 30.9749 4
    endloop
  endfacet
  facet normal 0.14676 0.989172 -0
    outer loop
      vertex -54.8172 31.9327 4
      vertex -55.1569 31.9831 10
      vertex -54.8172 31.9327 10
    endloop
  endfacet
  facet normal 0.14676 0.989172 0
    outer loop
      vertex -55.1569 31.9831 10
      vertex -54.8172 31.9327 4
      vertex -55.1569 31.9831 4
    endloop
  endfacet
  facet normal 0.14676 -0.989172 0
    outer loop
      vertex -55.1569 25.0169 4
      vertex -54.8172 25.0673 10
      vertex -55.1569 25.0169 10
    endloop
  endfacet
  facet normal 0.14676 -0.989172 0
    outer loop
      vertex -54.8172 25.0673 10
      vertex -55.1569 25.0169 4
      vertex -54.8172 25.0673 4
    endloop
  endfacet
  facet normal 0.427661 0.903939 -0
    outer loop
      vertex -53.8501 31.5867 4
      vertex -54.1606 31.7336 10
      vertex -53.8501 31.5867 10
    endloop
  endfacet
  facet normal 0.427661 0.903939 0
    outer loop
      vertex -54.1606 31.7336 10
      vertex -53.8501 31.5867 4
      vertex -54.1606 31.7336 4
    endloop
  endfacet
  facet normal 0.941557 -0.336853 0
    outer loop
      vertex -52.2664 27.1606 10
      vertex -52.1507 27.484 4
      vertex -52.1507 27.484 10
    endloop
  endfacet
  facet normal 0.941557 -0.336853 0
    outer loop
      vertex -52.1507 27.484 4
      vertex -52.2664 27.1606 10
      vertex -52.2664 27.1606 4
    endloop
  endfacet
  facet normal 0.741046 -0.671454 0
    outer loop
      vertex -53.0251 26.0251 10
      vertex -52.7945 26.2796 4
      vertex -52.7945 26.2796 10
    endloop
  endfacet
  facet normal 0.741046 -0.671454 0
    outer loop
      vertex -52.7945 26.2796 4
      vertex -53.0251 26.0251 10
      vertex -53.0251 26.0251 4
    endloop
  endfacet
  facet normal -0.741046 0.671454 0
    outer loop
      vertex -58.2055 30.7204 4
      vertex -57.9749 30.9749 10
      vertex -57.9749 30.9749 4
    endloop
  endfacet
  facet normal -0.741046 0.671454 0
    outer loop
      vertex -57.9749 30.9749 10
      vertex -58.2055 30.7204 4
      vertex -58.2055 30.7204 10
    endloop
  endfacet
  facet normal -0.857698 0.514153 0
    outer loop
      vertex -58.5867 30.1499 4
      vertex -58.4101 30.4445 10
      vertex -58.4101 30.4445 4
    endloop
  endfacet
  facet normal -0.857698 0.514153 0
    outer loop
      vertex -58.4101 30.4445 10
      vertex -58.5867 30.1499 4
      vertex -58.5867 30.1499 10
    endloop
  endfacet
  facet normal 0.903939 0.427661 0
    outer loop
      vertex -52.2664 29.8394 10
      vertex -52.4133 30.1499 4
      vertex -52.4133 30.1499 10
    endloop
  endfacet
  facet normal 0.903939 0.427661 0
    outer loop
      vertex -52.4133 30.1499 4
      vertex -52.2664 29.8394 10
      vertex -52.2664 29.8394 4
    endloop
  endfacet
  facet normal -0.514153 0.857698 0
    outer loop
      vertex -57.1499 31.5867 4
      vertex -57.4445 31.4101 10
      vertex -57.1499 31.5867 10
    endloop
  endfacet
  facet normal -0.514153 0.857698 0
    outer loop
      vertex -57.4445 31.4101 10
      vertex -57.1499 31.5867 4
      vertex -57.4445 31.4101 4
    endloop
  endfacet
  facet normal 0.989172 -0.14676 0
    outer loop
      vertex -52.0673 27.8172 10
      vertex -52.0169 28.1569 4
      vertex -52.0169 28.1569 10
    endloop
  endfacet
  facet normal 0.989172 -0.14676 0
    outer loop
      vertex -52.0169 28.1569 4
      vertex -52.0673 27.8172 10
      vertex -52.0673 27.8172 4
    endloop
  endfacet
  facet normal 0.514153 -0.857698 0
    outer loop
      vertex -53.8501 25.4133 4
      vertex -53.5555 25.5899 10
      vertex -53.8501 25.4133 10
    endloop
  endfacet
  facet normal 0.514153 -0.857698 0
    outer loop
      vertex -53.5555 25.5899 10
      vertex -53.8501 25.4133 4
      vertex -53.5555 25.5899 4
    endloop
  endfacet
  facet normal -0.941557 0.336853 0
    outer loop
      vertex -58.8493 29.516 4
      vertex -58.7336 29.8394 10
      vertex -58.7336 29.8394 4
    endloop
  endfacet
  facet normal -0.941557 0.336853 0
    outer loop
      vertex -58.7336 29.8394 10
      vertex -58.8493 29.516 4
      vertex -58.8493 29.516 10
    endloop
  endfacet
  facet normal 0.336853 0.941557 -0
    outer loop
      vertex -54.1606 31.7336 4
      vertex -54.484 31.8493 10
      vertex -54.1606 31.7336 10
    endloop
  endfacet
  facet normal 0.336853 0.941557 0
    outer loop
      vertex -54.484 31.8493 10
      vertex -54.1606 31.7336 4
      vertex -54.484 31.8493 4
    endloop
  endfacet
  facet normal 0.24281 0.970074 -0
    outer loop
      vertex -54.484 31.8493 4
      vertex -54.8172 31.9327 10
      vertex -54.484 31.8493 10
    endloop
  endfacet
  facet normal 0.24281 0.970074 0
    outer loop
      vertex -54.8172 31.9327 10
      vertex -54.484 31.8493 4
      vertex -54.8172 31.9327 4
    endloop
  endfacet
  facet normal -0.427661 0.903939 0
    outer loop
      vertex -56.8394 31.7336 4
      vertex -57.1499 31.5867 10
      vertex -56.8394 31.7336 10
    endloop
  endfacet
  facet normal -0.427661 0.903939 0
    outer loop
      vertex -57.1499 31.5867 10
      vertex -56.8394 31.7336 4
      vertex -57.1499 31.5867 4
    endloop
  endfacet
  facet normal -0.595659 0.803237 0
    outer loop
      vertex -57.4445 31.4101 4
      vertex -57.7204 31.2055 10
      vertex -57.4445 31.4101 10
    endloop
  endfacet
  facet normal -0.595659 0.803237 0
    outer loop
      vertex -57.7204 31.2055 10
      vertex -57.4445 31.4101 4
      vertex -57.7204 31.2055 4
    endloop
  endfacet
  facet normal -0.14676 0.989172 0
    outer loop
      vertex -55.8431 31.9831 4
      vertex -56.1828 31.9327 10
      vertex -55.8431 31.9831 10
    endloop
  endfacet
  facet normal -0.14676 0.989172 0
    outer loop
      vertex -56.1828 31.9327 10
      vertex -55.8431 31.9831 4
      vertex -56.1828 31.9327 4
    endloop
  endfacet
  facet normal 0.24281 -0.970074 0
    outer loop
      vertex -54.8172 25.0673 4
      vertex -54.484 25.1507 10
      vertex -54.8172 25.0673 10
    endloop
  endfacet
  facet normal 0.24281 -0.970074 0
    outer loop
      vertex -54.484 25.1507 10
      vertex -54.8172 25.0673 4
      vertex -54.484 25.1507 4
    endloop
  endfacet
  facet normal -0.903939 -0.427661 0
    outer loop
      vertex -58.5867 26.8501 4
      vertex -58.7336 27.1606 10
      vertex -58.7336 27.1606 4
    endloop
  endfacet
  facet normal -0.903939 -0.427661 0
    outer loop
      vertex -58.7336 27.1606 10
      vertex -58.5867 26.8501 4
      vertex -58.5867 26.8501 10
    endloop
  endfacet
  facet normal -0.970074 0.24281 0
    outer loop
      vertex -58.9327 29.1828 4
      vertex -58.8493 29.516 10
      vertex -58.8493 29.516 4
    endloop
  endfacet
  facet normal -0.970074 0.24281 0
    outer loop
      vertex -58.8493 29.516 10
      vertex -58.9327 29.1828 4
      vertex -58.9327 29.1828 10
    endloop
  endfacet
  facet normal -0.741046 -0.671454 0
    outer loop
      vertex -57.9749 26.0251 4
      vertex -58.2055 26.2796 10
      vertex -58.2055 26.2796 4
    endloop
  endfacet
  facet normal -0.741046 -0.671454 0
    outer loop
      vertex -58.2055 26.2796 10
      vertex -57.9749 26.0251 4
      vertex -57.9749 26.0251 10
    endloop
  endfacet
  facet normal -0.336853 0.941557 0
    outer loop
      vertex -56.516 31.8493 4
      vertex -56.8394 31.7336 10
      vertex -56.516 31.8493 10
    endloop
  endfacet
  facet normal -0.336853 0.941557 0
    outer loop
      vertex -56.8394 31.7336 10
      vertex -56.516 31.8493 4
      vertex -56.8394 31.7336 4
    endloop
  endfacet
  facet normal -0.989172 0.14676 0
    outer loop
      vertex -58.9831 28.8431 4
      vertex -58.9327 29.1828 10
      vertex -58.9327 29.1828 4
    endloop
  endfacet
  facet normal -0.989172 0.14676 0
    outer loop
      vertex -58.9327 29.1828 10
      vertex -58.9831 28.8431 4
      vertex -58.9831 28.8431 10
    endloop
  endfacet
  facet normal -0.998789 0.0491971 0
    outer loop
      vertex -59 28.5 4
      vertex -58.9831 28.8431 10
      vertex -58.9831 28.8431 4
    endloop
  endfacet
  facet normal -0.998789 0.0491971 0
    outer loop
      vertex -58.9831 28.8431 10
      vertex -59 28.5 4
      vertex -59 28.5 10
    endloop
  endfacet
  facet normal -0.989172 -0.14676 0
    outer loop
      vertex -58.9327 27.8172 4
      vertex -58.9831 28.1569 10
      vertex -58.9831 28.1569 4
    endloop
  endfacet
  facet normal -0.989172 -0.14676 0
    outer loop
      vertex -58.9831 28.1569 10
      vertex -58.9327 27.8172 4
      vertex -58.9327 27.8172 10
    endloop
  endfacet
  facet normal -0.803237 0.595659 0
    outer loop
      vertex -58.4101 30.4445 4
      vertex -58.2055 30.7204 10
      vertex -58.2055 30.7204 4
    endloop
  endfacet
  facet normal -0.803237 0.595659 0
    outer loop
      vertex -58.2055 30.7204 10
      vertex -58.4101 30.4445 4
      vertex -58.4101 30.4445 10
    endloop
  endfacet
  facet normal 0.970074 -0.24281 0
    outer loop
      vertex -52.1507 27.484 10
      vertex -52.0673 27.8172 4
      vertex -52.0673 27.8172 10
    endloop
  endfacet
  facet normal 0.970074 -0.24281 0
    outer loop
      vertex -52.0673 27.8172 4
      vertex -52.1507 27.484 10
      vertex -52.1507 27.484 4
    endloop
  endfacet
  facet normal -0.803237 -0.595659 0
    outer loop
      vertex -58.2055 26.2796 4
      vertex -58.4101 26.5555 10
      vertex -58.4101 26.5555 4
    endloop
  endfacet
  facet normal -0.803237 -0.595659 0
    outer loop
      vertex -58.4101 26.5555 10
      vertex -58.2055 26.2796 4
      vertex -58.2055 26.2796 10
    endloop
  endfacet
  facet normal 0.0491971 0.998789 -0
    outer loop
      vertex -55.1569 31.9831 4
      vertex -55.5 32 10
      vertex -55.1569 31.9831 10
    endloop
  endfacet
  facet normal 0.0491971 0.998789 0
    outer loop
      vertex -55.5 32 10
      vertex -55.1569 31.9831 4
      vertex -55.5 32 4
    endloop
  endfacet
  facet normal -0.514153 -0.857698 0
    outer loop
      vertex -57.4445 25.5899 4
      vertex -57.1499 25.4133 10
      vertex -57.4445 25.5899 10
    endloop
  endfacet
  facet normal -0.514153 -0.857698 -0
    outer loop
      vertex -57.1499 25.4133 10
      vertex -57.4445 25.5899 4
      vertex -57.1499 25.4133 4
    endloop
  endfacet
  facet normal -0.595659 -0.803237 0
    outer loop
      vertex -57.7204 25.7945 4
      vertex -57.4445 25.5899 10
      vertex -57.7204 25.7945 10
    endloop
  endfacet
  facet normal -0.595659 -0.803237 -0
    outer loop
      vertex -57.4445 25.5899 10
      vertex -57.7204 25.7945 4
      vertex -57.4445 25.5899 4
    endloop
  endfacet
  facet normal 0.857698 -0.514153 0
    outer loop
      vertex -52.5899 26.5555 10
      vertex -52.4133 26.8501 4
      vertex -52.4133 26.8501 10
    endloop
  endfacet
  facet normal 0.857698 -0.514153 0
    outer loop
      vertex -52.4133 26.8501 4
      vertex -52.5899 26.5555 10
      vertex -52.5899 26.5555 4
    endloop
  endfacet
  facet normal -0.427661 -0.903939 0
    outer loop
      vertex -57.1499 25.4133 4
      vertex -56.8394 25.2664 10
      vertex -57.1499 25.4133 10
    endloop
  endfacet
  facet normal -0.427661 -0.903939 -0
    outer loop
      vertex -56.8394 25.2664 10
      vertex -57.1499 25.4133 4
      vertex -56.8394 25.2664 4
    endloop
  endfacet
  facet normal 0.803237 -0.595659 0
    outer loop
      vertex -52.7945 26.2796 10
      vertex -52.5899 26.5555 4
      vertex -52.5899 26.5555 10
    endloop
  endfacet
  facet normal 0.803237 -0.595659 0
    outer loop
      vertex -52.5899 26.5555 4
      vertex -52.7945 26.2796 10
      vertex -52.7945 26.2796 4
    endloop
  endfacet
  facet normal -0.24281 -0.970074 0
    outer loop
      vertex -56.516 25.1507 4
      vertex -56.1828 25.0673 10
      vertex -56.516 25.1507 10
    endloop
  endfacet
  facet normal -0.24281 -0.970074 -0
    outer loop
      vertex -56.1828 25.0673 10
      vertex -56.516 25.1507 4
      vertex -56.1828 25.0673 4
    endloop
  endfacet
  facet normal -0.857698 -0.514153 0
    outer loop
      vertex -58.4101 26.5555 4
      vertex -58.5867 26.8501 10
      vertex -58.5867 26.8501 4
    endloop
  endfacet
  facet normal -0.857698 -0.514153 0
    outer loop
      vertex -58.5867 26.8501 10
      vertex -58.4101 26.5555 4
      vertex -58.4101 26.5555 10
    endloop
  endfacet
  facet normal -0.903939 0.427661 0
    outer loop
      vertex -58.7336 29.8394 4
      vertex -58.5867 30.1499 10
      vertex -58.5867 30.1499 4
    endloop
  endfacet
  facet normal -0.903939 0.427661 0
    outer loop
      vertex -58.5867 30.1499 10
      vertex -58.7336 29.8394 4
      vertex -58.7336 29.8394 10
    endloop
  endfacet
  facet normal 0.671454 -0.741046 0
    outer loop
      vertex -53.2796 25.7945 4
      vertex -53.0251 26.0251 10
      vertex -53.2796 25.7945 10
    endloop
  endfacet
  facet normal 0.671454 -0.741046 0
    outer loop
      vertex -53.0251 26.0251 10
      vertex -53.2796 25.7945 4
      vertex -53.0251 26.0251 4
    endloop
  endfacet
  facet normal 0 0 1
    outer loop
      vertex -53.9 28.5 10
      vertex -52 28.5 10
      vertex -52.0169 28.8431 10
    endloop
  endfacet
  facet normal 0 0 1
    outer loop
      vertex -53.9077 28.6568 10
      vertex -52.0169 28.8431 10
      vertex -52.0673 29.1828 10
    endloop
  endfacet
  facet normal 0 0 1
    outer loop
      vertex -52 28.5 10
      vertex -53.9 28.5 10
      vertex -52.0169 28.1569 10
    endloop
  endfacet
  facet normal 0 0 1
    outer loop
      vertex -53.9307 28.8121 10
      vertex -52.0673 29.1828 10
      vertex -52.1507 29.516 10
    endloop
  endfacet
  facet normal -0 0 1
    outer loop
      vertex -53.9077 28.3432 10
      vertex -52.0169 28.1569 10
      vertex -53.9 28.5 10
    endloop
  endfacet
  facet normal 0 0 1
    outer loop
      vertex -53.9689 28.9645 10
      vertex -52.1507 29.516 10
      vertex -52.2664 29.8394 10
    endloop
  endfacet
  facet normal 0 0 1
    outer loop
      vertex -52.0169 28.1569 10
      vertex -53.9077 28.3432 10
      vertex -52.0673 27.8172 10
    endloop
  endfacet
  facet normal 0 0 1
    outer loop
      vertex -54.0218 29.1123 10
      vertex -52.2664 29.8394 10
      vertex -52.4133 30.1499 10
    endloop
  endfacet
  facet normal -0 0 1
    outer loop
      vertex -53.9307 28.1879 10
      vertex -52.0673 27.8172 10
      vertex -53.9077 28.3432 10
    endloop
  endfacet
  facet normal 0 0 1
    outer loop
      vertex -54.0889 29.2542 10
      vertex -52.4133 30.1499 10
      vertex -52.5899 30.4445 10
    endloop
  endfacet
  facet normal 0 0 1
    outer loop
      vertex -52.0673 27.8172 10
      vertex -53.9307 28.1879 10
      vertex -52.1507 27.484 10
    endloop
  endfacet
  facet normal 0 0 1
    outer loop
      vertex -54.1696 29.3889 10
      vertex -52.5899 30.4445 10
      vertex -52.7945 30.7204 10
    endloop
  endfacet
  facet normal -0 0 1
    outer loop
      vertex -53.9689 28.0355 10
      vertex -52.1507 27.484 10
      vertex -53.9307 28.1879 10
    endloop
  endfacet
  facet normal 0 0 1
    outer loop
      vertex -54.2632 29.515 10
      vertex -52.7945 30.7204 10
      vertex -53.0251 30.9749 10
    endloop
  endfacet
  facet normal 0 0 1
    outer loop
      vertex -52.1507 27.484 10
      vertex -53.9689 28.0355 10
      vertex -52.2664 27.1606 10
    endloop
  endfacet
  facet normal 0 0 1
    outer loop
      vertex -54.3686 29.6314 10
      vertex -53.0251 30.9749 10
      vertex -53.2796 31.2055 10
    endloop
  endfacet
  facet normal -0 0 1
    outer loop
      vertex -54.0218 27.8877 10
      vertex -52.2664 27.1606 10
      vertex -53.9689 28.0355 10
    endloop
  endfacet
  facet normal 0 0 1
    outer loop
      vertex -54.485 29.7368 10
      vertex -53.2796 31.2055 10
      vertex -53.5555 31.4101 10
    endloop
  endfacet
  facet normal 0 0 1
    outer loop
      vertex -52.2664 27.1606 10
      vertex -54.0218 27.8877 10
      vertex -52.4133 26.8501 10
    endloop
  endfacet
  facet normal 0 0 1
    outer loop
      vertex -54.6111 29.8304 10
      vertex -53.5555 31.4101 10
      vertex -53.8501 31.5867 10
    endloop
  endfacet
  facet normal -0 0 1
    outer loop
      vertex -54.0889 27.7458 10
      vertex -52.4133 26.8501 10
      vertex -54.0218 27.8877 10
    endloop
  endfacet
  facet normal 0 0 1
    outer loop
      vertex -52.4133 26.8501 10
      vertex -54.0889 27.7458 10
      vertex -52.5899 26.5555 10
    endloop
  endfacet
  facet normal 0 0 1
    outer loop
      vertex -52.0169 28.8431 10
      vertex -53.9077 28.6568 10
      vertex -53.9 28.5 10
    endloop
  endfacet
  facet normal 0 0 1
    outer loop
      vertex -52.0673 29.1828 10
      vertex -53.9307 28.8121 10
      vertex -53.9077 28.6568 10
    endloop
  endfacet
  facet normal 0 0 1
    outer loop
      vertex -52.1507 29.516 10
      vertex -53.9689 28.9645 10
      vertex -53.9307 28.8121 10
    endloop
  endfacet
  facet normal 0 0 1
    outer loop
      vertex -52.2664 29.8394 10
      vertex -54.0218 29.1123 10
      vertex -53.9689 28.9645 10
    endloop
  endfacet
  facet normal 0 0 1
    outer loop
      vertex -52.4133 30.1499 10
      vertex -54.0889 29.2542 10
      vertex -54.0218 29.1123 10
    endloop
  endfacet
  facet normal 0 0 1
    outer loop
      vertex -54.7458 29.9111 10
      vertex -53.8501 31.5867 10
      vertex -54.1606 31.7336 10
    endloop
  endfacet
  facet normal 0 0 1
    outer loop
      vertex -52.5899 30.4445 10
      vertex -54.1696 29.3889 10
      vertex -54.0889 29.2542 10
    endloop
  endfacet
  facet normal 0 0 1
    outer loop
      vertex -52.7945 30.7204 10
      vertex -54.2632 29.515 10
      vertex -54.1696 29.3889 10
    endloop
  endfacet
  facet normal 0 0 1
    outer loop
      vertex -53.0251 30.9749 10
      vertex -54.3686 29.6314 10
      vertex -54.2632 29.515 10
    endloop
  endfacet
  facet normal 0 0 1
    outer loop
      vertex -54.8877 29.9782 10
      vertex -54.1606 31.7336 10
      vertex -54.484 31.8493 10
    endloop
  endfacet
  facet normal 0 0 1
    outer loop
      vertex -53.2796 31.2055 10
      vertex -54.485 29.7368 10
      vertex -54.3686 29.6314 10
    endloop
  endfacet
  facet normal 0 0 1
    outer loop
      vertex -53.5555 31.4101 10
      vertex -54.6111 29.8304 10
      vertex -54.485 29.7368 10
    endloop
  endfacet
  facet normal 0 0 1
    outer loop
      vertex -53.8501 31.5867 10
      vertex -54.7458 29.9111 10
      vertex -54.6111 29.8304 10
    endloop
  endfacet
  facet normal 0 0 1
    outer loop
      vertex -55.0355 30.0311 10
      vertex -54.484 31.8493 10
      vertex -54.8172 31.9327 10
    endloop
  endfacet
  facet normal 0 0 1
    outer loop
      vertex -54.1606 31.7336 10
      vertex -54.8877 29.9782 10
      vertex -54.7458 29.9111 10
    endloop
  endfacet
  facet normal 0 0 1
    outer loop
      vertex -54.484 31.8493 10
      vertex -55.0355 30.0311 10
      vertex -54.8877 29.9782 10
    endloop
  endfacet
  facet normal 0 0 1
    outer loop
      vertex -55.1879 30.0693 10
      vertex -54.8172 31.9327 10
      vertex -55.1569 31.9831 10
    endloop
  endfacet
  facet normal 0 0 1
    outer loop
      vertex -54.8172 31.9327 10
      vertex -55.1879 30.0693 10
      vertex -55.0355 30.0311 10
    endloop
  endfacet
  facet normal 0 0 1
    outer loop
      vertex -55.1569 31.9831 10
      vertex -55.3432 30.0923 10
      vertex -55.1879 30.0693 10
    endloop
  endfacet
  facet normal 0 0 1
    outer loop
      vertex -55.5 32 10
      vertex -55.3432 30.0923 10
      vertex -55.1569 31.9831 10
    endloop
  endfacet
  facet normal 0 0 1
    outer loop
      vertex -55.5 32 10
      vertex -55.5 30.1 10
      vertex -55.3432 30.0923 10
    endloop
  endfacet
  facet normal 0 0 1
    outer loop
      vertex -55.5 32 10
      vertex -55.6568 30.0923 10
      vertex -55.5 30.1 10
    endloop
  endfacet
  facet normal -0 0 1
    outer loop
      vertex -55.8431 31.9831 10
      vertex -55.6568 30.0923 10
      vertex -55.5 32 10
    endloop
  endfacet
  facet normal 0 0 1
    outer loop
      vertex -55.6568 30.0923 10
      vertex -55.8431 31.9831 10
      vertex -55.8121 30.0693 10
    endloop
  endfacet
  facet normal -0 0 1
    outer loop
      vertex -56.1828 31.9327 10
      vertex -55.8121 30.0693 10
      vertex -55.8431 31.9831 10
    endloop
  endfacet
  facet normal 0 0 1
    outer loop
      vertex -55.8121 30.0693 10
      vertex -56.1828 31.9327 10
      vertex -55.9645 30.0311 10
    endloop
  endfacet
  facet normal -0 0 1
    outer loop
      vertex -56.516 31.8493 10
      vertex -55.9645 30.0311 10
      vertex -56.1828 31.9327 10
    endloop
  endfacet
  facet normal 0 0 1
    outer loop
      vertex -55.9645 30.0311 10
      vertex -56.516 31.8493 10
      vertex -56.1123 29.9782 10
    endloop
  endfacet
  facet normal -0 0 1
    outer loop
      vertex -56.8394 31.7336 10
      vertex -56.1123 29.9782 10
      vertex -56.516 31.8493 10
    endloop
  endfacet
  facet normal 0 0 1
    outer loop
      vertex -56.1123 29.9782 10
      vertex -56.8394 31.7336 10
      vertex -56.2542 29.9111 10
    endloop
  endfacet
  facet normal -0 0 1
    outer loop
      vertex -57.1499 31.5867 10
      vertex -56.2542 29.9111 10
      vertex -56.8394 31.7336 10
    endloop
  endfacet
  facet normal 0 0 1
    outer loop
      vertex -56.2542 29.9111 10
      vertex -57.1499 31.5867 10
      vertex -56.3889 29.8304 10
    endloop
  endfacet
  facet normal -0 0 1
    outer loop
      vertex -57.4445 31.4101 10
      vertex -56.3889 29.8304 10
      vertex -57.1499 31.5867 10
    endloop
  endfacet
  facet normal 0 0 1
    outer loop
      vertex -56.3889 29.8304 10
      vertex -57.4445 31.4101 10
      vertex -56.515 29.7368 10
    endloop
  endfacet
  facet normal -0 0 1
    outer loop
      vertex -57.7204 31.2055 10
      vertex -56.515 29.7368 10
      vertex -57.4445 31.4101 10
    endloop
  endfacet
  facet normal 0 0 1
    outer loop
      vertex -56.515 29.7368 10
      vertex -57.7204 31.2055 10
      vertex -56.6314 29.6314 10
    endloop
  endfacet
  facet normal -0 0 1
    outer loop
      vertex -57.9749 30.9749 10
      vertex -56.6314 29.6314 10
      vertex -57.7204 31.2055 10
    endloop
  endfacet
  facet normal 0 0 1
    outer loop
      vertex -56.6314 29.6314 10
      vertex -57.9749 30.9749 10
      vertex -56.7368 29.515 10
    endloop
  endfacet
  facet normal -0 0 1
    outer loop
      vertex -58.2055 30.7204 10
      vertex -56.7368 29.515 10
      vertex -57.9749 30.9749 10
    endloop
  endfacet
  facet normal 0 0 1
    outer loop
      vertex -56.7368 29.515 10
      vertex -58.2055 30.7204 10
      vertex -56.8304 29.3889 10
    endloop
  endfacet
  facet normal 0 0 1
    outer loop
      vertex -56.8304 29.3889 10
      vertex -58.4101 30.4445 10
      vertex -56.9111 29.2542 10
    endloop
  endfacet
  facet normal -0 0 1
    outer loop
      vertex -58.4101 30.4445 10
      vertex -56.8304 29.3889 10
      vertex -58.2055 30.7204 10
    endloop
  endfacet
  facet normal -0 0 1
    outer loop
      vertex -54.1696 27.6111 10
      vertex -52.5899 26.5555 10
      vertex -54.0889 27.7458 10
    endloop
  endfacet
  facet normal 0 0 1
    outer loop
      vertex -52.5899 26.5555 10
      vertex -54.1696 27.6111 10
      vertex -52.7945 26.2796 10
    endloop
  endfacet
  facet normal -0 0 1
    outer loop
      vertex -54.2632 27.485 10
      vertex -52.7945 26.2796 10
      vertex -54.1696 27.6111 10
    endloop
  endfacet
  facet normal 0 0 1
    outer loop
      vertex -52.7945 26.2796 10
      vertex -54.2632 27.485 10
      vertex -53.0251 26.0251 10
    endloop
  endfacet
  facet normal -0 0 1
    outer loop
      vertex -54.3686 27.3686 10
      vertex -53.0251 26.0251 10
      vertex -54.2632 27.485 10
    endloop
  endfacet
  facet normal 0 0 1
    outer loop
      vertex -53.0251 26.0251 10
      vertex -54.3686 27.3686 10
      vertex -53.2796 25.7945 10
    endloop
  endfacet
  facet normal -0 0 1
    outer loop
      vertex -54.485 27.2632 10
      vertex -53.2796 25.7945 10
      vertex -54.3686 27.3686 10
    endloop
  endfacet
  facet normal 0 0 1
    outer loop
      vertex -53.2796 25.7945 10
      vertex -54.485 27.2632 10
      vertex -53.5555 25.5899 10
    endloop
  endfacet
  facet normal -0 0 1
    outer loop
      vertex -54.6111 27.1696 10
      vertex -53.5555 25.5899 10
      vertex -54.485 27.2632 10
    endloop
  endfacet
  facet normal 0 0 1
    outer loop
      vertex -53.5555 25.5899 10
      vertex -54.6111 27.1696 10
      vertex -53.8501 25.4133 10
    endloop
  endfacet
  facet normal -0 0 1
    outer loop
      vertex -54.7458 27.0889 10
      vertex -53.8501 25.4133 10
      vertex -54.6111 27.1696 10
    endloop
  endfacet
  facet normal 0 0 1
    outer loop
      vertex -53.8501 25.4133 10
      vertex -54.7458 27.0889 10
      vertex -54.1606 25.2664 10
    endloop
  endfacet
  facet normal -0 0 1
    outer loop
      vertex -54.8877 27.0218 10
      vertex -54.1606 25.2664 10
      vertex -54.7458 27.0889 10
    endloop
  endfacet
  facet normal 0 0 1
    outer loop
      vertex -54.1606 25.2664 10
      vertex -54.8877 27.0218 10
      vertex -54.484 25.1507 10
    endloop
  endfacet
  facet normal -0 0 1
    outer loop
      vertex -55.0355 26.9689 10
      vertex -54.484 25.1507 10
      vertex -54.8877 27.0218 10
    endloop
  endfacet
  facet normal 0 0 1
    outer loop
      vertex -54.484 25.1507 10
      vertex -55.0355 26.9689 10
      vertex -54.8172 25.0673 10
    endloop
  endfacet
  facet normal -0 0 1
    outer loop
      vertex -55.1879 26.9307 10
      vertex -54.8172 25.0673 10
      vertex -55.0355 26.9689 10
    endloop
  endfacet
  facet normal 0 0 1
    outer loop
      vertex -54.8172 25.0673 10
      vertex -55.1879 26.9307 10
      vertex -55.1569 25.0169 10
    endloop
  endfacet
  facet normal -0 0 1
    outer loop
      vertex -55.3432 26.9077 10
      vertex -55.1569 25.0169 10
      vertex -55.1879 26.9307 10
    endloop
  endfacet
  facet normal -0 0 1
    outer loop
      vertex -55.5 26.9 10
      vertex -55.1569 25.0169 10
      vertex -55.3432 26.9077 10
    endloop
  endfacet
  facet normal 0 0 1
    outer loop
      vertex -55.5 26.9 10
      vertex -55.5 25 10
      vertex -55.1569 25.0169 10
    endloop
  endfacet
  facet normal 0 0 1
    outer loop
      vertex -55.6568 26.9077 10
      vertex -55.5 25 10
      vertex -55.5 26.9 10
    endloop
  endfacet
  facet normal 0 0 1
    outer loop
      vertex -55.8431 25.0169 10
      vertex -55.6568 26.9077 10
      vertex -55.8121 26.9307 10
    endloop
  endfacet
  facet normal 0 0 1
    outer loop
      vertex -55.6568 26.9077 10
      vertex -55.8431 25.0169 10
      vertex -55.5 25 10
    endloop
  endfacet
  facet normal 0 0 1
    outer loop
      vertex -56.1828 25.0673 10
      vertex -55.8121 26.9307 10
      vertex -55.9645 26.9689 10
    endloop
  endfacet
  facet normal 0 0 1
    outer loop
      vertex -56.516 25.1507 10
      vertex -55.9645 26.9689 10
      vertex -56.1123 27.0218 10
    endloop
  endfacet
  facet normal 0 0 1
    outer loop
      vertex -55.8121 26.9307 10
      vertex -56.1828 25.0673 10
      vertex -55.8431 25.0169 10
    endloop
  endfacet
  facet normal 0 0 1
    outer loop
      vertex -56.8394 25.2664 10
      vertex -56.1123 27.0218 10
      vertex -56.2542 27.0889 10
    endloop
  endfacet
  facet normal 0 0 1
    outer loop
      vertex -57.1499 25.4133 10
      vertex -56.2542 27.0889 10
      vertex -56.3889 27.1696 10
    endloop
  endfacet
  facet normal 0 0 1
    outer loop
      vertex -57.4445 25.5899 10
      vertex -56.3889 27.1696 10
      vertex -56.515 27.2632 10
    endloop
  endfacet
  facet normal 0 0 1
    outer loop
      vertex -55.9645 26.9689 10
      vertex -56.516 25.1507 10
      vertex -56.1828 25.0673 10
    endloop
  endfacet
  facet normal 0 0 1
    outer loop
      vertex -57.7204 25.7945 10
      vertex -56.515 27.2632 10
      vertex -56.6314 27.3686 10
    endloop
  endfacet
  facet normal 0 0 1
    outer loop
      vertex -57.9749 26.0251 10
      vertex -56.6314 27.3686 10
      vertex -56.7368 27.485 10
    endloop
  endfacet
  facet normal 0 0 1
    outer loop
      vertex -58.2055 26.2796 10
      vertex -56.7368 27.485 10
      vertex -56.8304 27.6111 10
    endloop
  endfacet
  facet normal 0 0 1
    outer loop
      vertex -56.1123 27.0218 10
      vertex -56.8394 25.2664 10
      vertex -56.516 25.1507 10
    endloop
  endfacet
  facet normal 0 0 1
    outer loop
      vertex -58.4101 26.5555 10
      vertex -56.8304 27.6111 10
      vertex -56.9111 27.7458 10
    endloop
  endfacet
  facet normal 0 0 1
    outer loop
      vertex -58.5867 26.8501 10
      vertex -56.9111 27.7458 10
      vertex -56.9782 27.8877 10
    endloop
  endfacet
  facet normal 0 0 1
    outer loop
      vertex -58.7336 27.1606 10
      vertex -56.9782 27.8877 10
      vertex -57.0311 28.0355 10
    endloop
  endfacet
  facet normal 0 0 1
    outer loop
      vertex -58.8493 27.484 10
      vertex -57.0311 28.0355 10
      vertex -57.0693 28.1879 10
    endloop
  endfacet
  facet normal 0 0 1
    outer loop
      vertex -58.9327 27.8172 10
      vertex -57.0693 28.1879 10
      vertex -57.0923 28.3432 10
    endloop
  endfacet
  facet normal 0 0 1
    outer loop
      vertex -56.2542 27.0889 10
      vertex -57.1499 25.4133 10
      vertex -56.8394 25.2664 10
    endloop
  endfacet
  facet normal 0 0 1
    outer loop
      vertex -58.9831 28.1569 10
      vertex -57.0923 28.3432 10
      vertex -57.1 28.5 10
    endloop
  endfacet
  facet normal -0 0 1
    outer loop
      vertex -58.5867 30.1499 10
      vertex -56.9111 29.2542 10
      vertex -58.4101 30.4445 10
    endloop
  endfacet
  facet normal 0 0 1
    outer loop
      vertex -56.9111 29.2542 10
      vertex -58.5867 30.1499 10
      vertex -56.9782 29.1123 10
    endloop
  endfacet
  facet normal 0 0 1
    outer loop
      vertex -56.3889 27.1696 10
      vertex -57.4445 25.5899 10
      vertex -57.1499 25.4133 10
    endloop
  endfacet
  facet normal -0 0 1
    outer loop
      vertex -58.7336 29.8394 10
      vertex -56.9782 29.1123 10
      vertex -58.5867 30.1499 10
    endloop
  endfacet
  facet normal 0 0 1
    outer loop
      vertex -56.515 27.2632 10
      vertex -57.7204 25.7945 10
      vertex -57.4445 25.5899 10
    endloop
  endfacet
  facet normal 0 0 1
    outer loop
      vertex -56.9782 29.1123 10
      vertex -58.7336 29.8394 10
      vertex -57.0311 28.9645 10
    endloop
  endfacet
  facet normal 0 0 1
    outer loop
      vertex -56.6314 27.3686 10
      vertex -57.9749 26.0251 10
      vertex -57.7204 25.7945 10
    endloop
  endfacet
  facet normal -0 0 1
    outer loop
      vertex -58.8493 29.516 10
      vertex -57.0311 28.9645 10
      vertex -58.7336 29.8394 10
    endloop
  endfacet
  facet normal 0 0 1
    outer loop
      vertex -56.7368 27.485 10
      vertex -58.2055 26.2796 10
      vertex -57.9749 26.0251 10
    endloop
  endfacet
  facet normal 0 0 1
    outer loop
      vertex -57.0311 28.9645 10
      vertex -58.8493 29.516 10
      vertex -57.0693 28.8121 10
    endloop
  endfacet
  facet normal 0 0 1
    outer loop
      vertex -56.8304 27.6111 10
      vertex -58.4101 26.5555 10
      vertex -58.2055 26.2796 10
    endloop
  endfacet
  facet normal -0 0 1
    outer loop
      vertex -58.9327 29.1828 10
      vertex -57.0693 28.8121 10
      vertex -58.8493 29.516 10
    endloop
  endfacet
  facet normal 0 0 1
    outer loop
      vertex -56.9111 27.7458 10
      vertex -58.5867 26.8501 10
      vertex -58.4101 26.5555 10
    endloop
  endfacet
  facet normal 0 0 1
    outer loop
      vertex -57.0693 28.8121 10
      vertex -58.9327 29.1828 10
      vertex -57.0923 28.6568 10
    endloop
  endfacet
  facet normal 0 0 1
    outer loop
      vertex -56.9782 27.8877 10
      vertex -58.7336 27.1606 10
      vertex -58.5867 26.8501 10
    endloop
  endfacet
  facet normal -0 0 1
    outer loop
      vertex -58.9831 28.8431 10
      vertex -57.0923 28.6568 10
      vertex -58.9327 29.1828 10
    endloop
  endfacet
  facet normal 0 0 1
    outer loop
      vertex -57.0311 28.0355 10
      vertex -58.8493 27.484 10
      vertex -58.7336 27.1606 10
    endloop
  endfacet
  facet normal 0 0 1
    outer loop
      vertex -57.0923 28.6568 10
      vertex -58.9831 28.8431 10
      vertex -57.1 28.5 10
    endloop
  endfacet
  facet normal 0 0 1
    outer loop
      vertex -57.0693 28.1879 10
      vertex -58.9327 27.8172 10
      vertex -58.8493 27.484 10
    endloop
  endfacet
  facet normal 0 0 1
    outer loop
      vertex -59 28.5 10
      vertex -57.1 28.5 10
      vertex -58.9831 28.8431 10
    endloop
  endfacet
  facet normal 0 0 1
    outer loop
      vertex -57.0923 28.3432 10
      vertex -58.9831 28.1569 10
      vertex -58.9327 27.8172 10
    endloop
  endfacet
  facet normal 0 0 1
    outer loop
      vertex -57.1 28.5 10
      vertex -59 28.5 10
      vertex -58.9831 28.1569 10
    endloop
  endfacet
  facet normal -0.98921 -0.146502 0
    outer loop
      vertex -53.9077 28.6568 4
      vertex -53.9307 28.8121 10
      vertex -53.9307 28.8121 4
    endloop
  endfacet
  facet normal -0.98921 -0.146502 0
    outer loop
      vertex -53.9307 28.8121 10
      vertex -53.9077 28.6568 4
      vertex -53.9077 28.6568 10
    endloop
  endfacet
  facet normal -0.998796 -0.049048 0
    outer loop
      vertex -53.9 28.5 4
      vertex -53.9077 28.6568 10
      vertex -53.9077 28.6568 4
    endloop
  endfacet
  facet normal -0.998796 -0.049048 0
    outer loop
      vertex -53.9077 28.6568 10
      vertex -53.9 28.5 4
      vertex -53.9 28.5 10
    endloop
  endfacet
  facet normal -0.969993 -0.243135 0
    outer loop
      vertex -53.9307 28.8121 4
      vertex -53.9689 28.9645 10
      vertex -53.9689 28.9645 4
    endloop
  endfacet
  facet normal -0.969993 -0.243135 0
    outer loop
      vertex -53.9689 28.9645 10
      vertex -53.9307 28.8121 4
      vertex -53.9307 28.8121 10
    endloop
  endfacet
  facet normal -0.427484 -0.904023 0
    outer loop
      vertex -54.8877 29.9782 4
      vertex -54.7458 29.9111 10
      vertex -54.8877 29.9782 10
    endloop
  endfacet
  facet normal -0.427484 -0.904023 -0
    outer loop
      vertex -54.7458 29.9111 10
      vertex -54.8877 29.9782 4
      vertex -54.7458 29.9111 4
    endloop
  endfacet
  facet normal 0.243135 0.969993 -0
    outer loop
      vertex -55.8121 26.9307 4
      vertex -55.9645 26.9689 10
      vertex -55.8121 26.9307 10
    endloop
  endfacet
  facet normal 0.243135 0.969993 0
    outer loop
      vertex -55.9645 26.9689 10
      vertex -55.8121 26.9307 4
      vertex -55.9645 26.9689 4
    endloop
  endfacet
  facet normal 0.85783 0.513934 0
    outer loop
      vertex -56.8304 27.6111 10
      vertex -56.9111 27.7458 4
      vertex -56.9111 27.7458 10
    endloop
  endfacet
  facet normal 0.85783 0.513934 0
    outer loop
      vertex -56.9111 27.7458 4
      vertex -56.8304 27.6111 10
      vertex -56.8304 27.6111 4
    endloop
  endfacet
  facet normal -0.146502 0.98921 0
    outer loop
      vertex -55.1879 26.9307 4
      vertex -55.3432 26.9077 10
      vertex -55.1879 26.9307 10
    endloop
  endfacet
  facet normal -0.146502 0.98921 0
    outer loop
      vertex -55.3432 26.9077 10
      vertex -55.1879 26.9307 4
      vertex -55.3432 26.9077 4
    endloop
  endfacet
  facet normal -0.741264 -0.671213 0
    outer loop
      vertex -54.2632 29.515 4
      vertex -54.3686 29.6314 10
      vertex -54.3686 29.6314 4
    endloop
  endfacet
  facet normal -0.741264 -0.671213 0
    outer loop
      vertex -54.3686 29.6314 10
      vertex -54.2632 29.515 4
      vertex -54.2632 29.515 10
    endloop
  endfacet
  facet normal 0.513934 -0.85783 0
    outer loop
      vertex -56.3889 29.8304 4
      vertex -56.2542 29.9111 10
      vertex -56.3889 29.8304 10
    endloop
  endfacet
  facet normal 0.513934 -0.85783 0
    outer loop
      vertex -56.2542 29.9111 10
      vertex -56.3889 29.8304 4
      vertex -56.2542 29.9111 4
    endloop
  endfacet
  facet normal -0.741264 0.671213 0
    outer loop
      vertex -54.3686 27.3686 4
      vertex -54.2632 27.485 10
      vertex -54.2632 27.485 4
    endloop
  endfacet
  facet normal -0.741264 0.671213 0
    outer loop
      vertex -54.2632 27.485 10
      vertex -54.3686 27.3686 4
      vertex -54.3686 27.3686 10
    endloop
  endfacet
  facet normal -0.513934 0.85783 0
    outer loop
      vertex -54.6111 27.1696 4
      vertex -54.7458 27.0889 10
      vertex -54.6111 27.1696 10
    endloop
  endfacet
  facet normal -0.513934 0.85783 0
    outer loop
      vertex -54.7458 27.0889 10
      vertex -54.6111 27.1696 4
      vertex -54.7458 27.0889 4
    endloop
  endfacet
  facet normal -0.243135 -0.969993 0
    outer loop
      vertex -55.1879 30.0693 4
      vertex -55.0355 30.0311 10
      vertex -55.1879 30.0693 10
    endloop
  endfacet
  facet normal -0.243135 -0.969993 -0
    outer loop
      vertex -55.0355 30.0311 10
      vertex -55.1879 30.0693 4
      vertex -55.0355 30.0311 4
    endloop
  endfacet
  facet normal 0.98921 -0.146502 0
    outer loop
      vertex -57.0923 28.6568 10
      vertex -57.0693 28.8121 4
      vertex -57.0693 28.8121 10
    endloop
  endfacet
  facet normal 0.98921 -0.146502 0
    outer loop
      vertex -57.0693 28.8121 4
      vertex -57.0923 28.6568 10
      vertex -57.0923 28.6568 4
    endloop
  endfacet
  facet normal -0.85783 -0.513934 0
    outer loop
      vertex -54.0889 29.2542 4
      vertex -54.1696 29.3889 10
      vertex -54.1696 29.3889 4
    endloop
  endfacet
  facet normal -0.85783 -0.513934 0
    outer loop
      vertex -54.1696 29.3889 10
      vertex -54.0889 29.2542 4
      vertex -54.0889 29.2542 10
    endloop
  endfacet
  facet normal -0.969993 0.243135 0
    outer loop
      vertex -53.9689 28.0355 4
      vertex -53.9307 28.1879 10
      vertex -53.9307 28.1879 4
    endloop
  endfacet
  facet normal -0.969993 0.243135 0
    outer loop
      vertex -53.9307 28.1879 10
      vertex -53.9689 28.0355 4
      vertex -53.9689 28.0355 10
    endloop
  endfacet
  facet normal 0.146502 0.98921 -0
    outer loop
      vertex -55.6568 26.9077 4
      vertex -55.8121 26.9307 10
      vertex -55.6568 26.9077 10
    endloop
  endfacet
  facet normal 0.146502 0.98921 0
    outer loop
      vertex -55.8121 26.9307 10
      vertex -55.6568 26.9077 4
      vertex -55.8121 26.9307 4
    endloop
  endfacet
  facet normal 0.998796 0.049048 0
    outer loop
      vertex -57.0923 28.3432 10
      vertex -57.1 28.5 4
      vertex -57.1 28.5 10
    endloop
  endfacet
  facet normal 0.998796 0.049048 0
    outer loop
      vertex -57.1 28.5 4
      vertex -57.0923 28.3432 10
      vertex -57.0923 28.3432 4
    endloop
  endfacet
  facet normal -0.146502 -0.98921 0
    outer loop
      vertex -55.3432 30.0923 4
      vertex -55.1879 30.0693 10
      vertex -55.3432 30.0923 10
    endloop
  endfacet
  facet normal -0.146502 -0.98921 -0
    outer loop
      vertex -55.1879 30.0693 10
      vertex -55.3432 30.0923 4
      vertex -55.1879 30.0693 4
    endloop
  endfacet
  facet normal -0.941511 -0.336982 0
    outer loop
      vertex -53.9689 28.9645 4
      vertex -54.0218 29.1123 10
      vertex -54.0218 29.1123 4
    endloop
  endfacet
  facet normal -0.941511 -0.336982 0
    outer loop
      vertex -54.0218 29.1123 10
      vertex -53.9689 28.9645 4
      vertex -53.9689 28.9645 10
    endloop
  endfacet
  facet normal -0.671213 -0.741264 0
    outer loop
      vertex -54.485 29.7368 4
      vertex -54.3686 29.6314 10
      vertex -54.485 29.7368 10
    endloop
  endfacet
  facet normal -0.671213 -0.741264 -0
    outer loop
      vertex -54.3686 29.6314 10
      vertex -54.485 29.7368 4
      vertex -54.3686 29.6314 4
    endloop
  endfacet
  facet normal 0.969993 0.243135 0
    outer loop
      vertex -57.0311 28.0355 10
      vertex -57.0693 28.1879 4
      vertex -57.0693 28.1879 10
    endloop
  endfacet
  facet normal 0.969993 0.243135 0
    outer loop
      vertex -57.0693 28.1879 4
      vertex -57.0311 28.0355 10
      vertex -57.0311 28.0355 4
    endloop
  endfacet
  facet normal 0.336982 -0.941511 0
    outer loop
      vertex -56.1123 29.9782 4
      vertex -55.9645 30.0311 10
      vertex -56.1123 29.9782 10
    endloop
  endfacet
  facet normal 0.336982 -0.941511 0
    outer loop
      vertex -55.9645 30.0311 10
      vertex -56.1123 29.9782 4
      vertex -55.9645 30.0311 4
    endloop
  endfacet
  facet normal 0.941511 0.336982 0
    outer loop
      vertex -56.9782 27.8877 10
      vertex -57.0311 28.0355 4
      vertex -57.0311 28.0355 10
    endloop
  endfacet
  facet normal 0.941511 0.336982 0
    outer loop
      vertex -57.0311 28.0355 4
      vertex -56.9782 27.8877 10
      vertex -56.9782 27.8877 4
    endloop
  endfacet
  facet normal -0.336982 -0.941511 0
    outer loop
      vertex -55.0355 30.0311 4
      vertex -54.8877 29.9782 10
      vertex -55.0355 30.0311 10
    endloop
  endfacet
  facet normal -0.336982 -0.941511 -0
    outer loop
      vertex -54.8877 29.9782 10
      vertex -55.0355 30.0311 4
      vertex -54.8877 29.9782 4
    endloop
  endfacet
  facet normal 0.80297 -0.596019 0
    outer loop
      vertex -56.8304 29.3889 10
      vertex -56.7368 29.515 4
      vertex -56.7368 29.515 10
    endloop
  endfacet
  facet normal 0.80297 -0.596019 0
    outer loop
      vertex -56.7368 29.515 4
      vertex -56.8304 29.3889 10
      vertex -56.8304 29.3889 4
    endloop
  endfacet
  facet normal -0.80297 -0.596019 0
    outer loop
      vertex -54.1696 29.3889 4
      vertex -54.2632 29.515 10
      vertex -54.2632 29.515 4
    endloop
  endfacet
  facet normal -0.80297 -0.596019 0
    outer loop
      vertex -54.2632 29.515 10
      vertex -54.1696 29.3889 4
      vertex -54.1696 29.3889 10
    endloop
  endfacet
  facet normal 0.969993 -0.243135 0
    outer loop
      vertex -57.0693 28.8121 10
      vertex -57.0311 28.9645 4
      vertex -57.0311 28.9645 10
    endloop
  endfacet
  facet normal 0.969993 -0.243135 0
    outer loop
      vertex -57.0311 28.9645 4
      vertex -57.0693 28.8121 10
      vertex -57.0693 28.8121 4
    endloop
  endfacet
  facet normal 0.671213 -0.741264 0
    outer loop
      vertex -56.6314 29.6314 4
      vertex -56.515 29.7368 10
      vertex -56.6314 29.6314 10
    endloop
  endfacet
  facet normal 0.671213 -0.741264 0
    outer loop
      vertex -56.515 29.7368 10
      vertex -56.6314 29.6314 4
      vertex -56.515 29.7368 4
    endloop
  endfacet
  facet normal -0.427484 0.904023 0
    outer loop
      vertex -54.7458 27.0889 4
      vertex -54.8877 27.0218 10
      vertex -54.7458 27.0889 10
    endloop
  endfacet
  facet normal -0.427484 0.904023 0
    outer loop
      vertex -54.8877 27.0218 10
      vertex -54.7458 27.0889 4
      vertex -54.8877 27.0218 4
    endloop
  endfacet
  facet normal 0.243135 -0.969993 0
    outer loop
      vertex -55.9645 30.0311 4
      vertex -55.8121 30.0693 10
      vertex -55.9645 30.0311 10
    endloop
  endfacet
  facet normal 0.243135 -0.969993 0
    outer loop
      vertex -55.8121 30.0693 10
      vertex -55.9645 30.0311 4
      vertex -55.8121 30.0693 4
    endloop
  endfacet
  facet normal 0.941511 -0.336982 0
    outer loop
      vertex -57.0311 28.9645 10
      vertex -56.9782 29.1123 4
      vertex -56.9782 29.1123 10
    endloop
  endfacet
  facet normal 0.941511 -0.336982 0
    outer loop
      vertex -56.9782 29.1123 4
      vertex -57.0311 28.9645 10
      vertex -57.0311 28.9645 4
    endloop
  endfacet
  facet normal -0.513934 -0.85783 0
    outer loop
      vertex -54.7458 29.9111 4
      vertex -54.6111 29.8304 10
      vertex -54.7458 29.9111 10
    endloop
  endfacet
  facet normal -0.513934 -0.85783 -0
    outer loop
      vertex -54.6111 29.8304 10
      vertex -54.7458 29.9111 4
      vertex -54.6111 29.8304 4
    endloop
  endfacet
  facet normal 0.513934 0.85783 -0
    outer loop
      vertex -56.2542 27.0889 4
      vertex -56.3889 27.1696 10
      vertex -56.2542 27.0889 10
    endloop
  endfacet
  facet normal 0.513934 0.85783 0
    outer loop
      vertex -56.3889 27.1696 10
      vertex -56.2542 27.0889 4
      vertex -56.3889 27.1696 4
    endloop
  endfacet
  facet normal 0.596019 -0.80297 0
    outer loop
      vertex -56.515 29.7368 4
      vertex -56.3889 29.8304 10
      vertex -56.515 29.7368 10
    endloop
  endfacet
  facet normal 0.596019 -0.80297 0
    outer loop
      vertex -56.3889 29.8304 10
      vertex -56.515 29.7368 4
      vertex -56.3889 29.8304 4
    endloop
  endfacet
  facet normal -0.049048 0.998796 0
    outer loop
      vertex -55.3432 26.9077 4
      vertex -55.5 26.9 10
      vertex -55.3432 26.9077 10
    endloop
  endfacet
  facet normal -0.049048 0.998796 0
    outer loop
      vertex -55.5 26.9 10
      vertex -55.3432 26.9077 4
      vertex -55.5 26.9 4
    endloop
  endfacet
  facet normal -0.941511 0.336982 0
    outer loop
      vertex -54.0218 27.8877 4
      vertex -53.9689 28.0355 10
      vertex -53.9689 28.0355 4
    endloop
  endfacet
  facet normal -0.941511 0.336982 0
    outer loop
      vertex -53.9689 28.0355 10
      vertex -54.0218 27.8877 4
      vertex -54.0218 27.8877 10
    endloop
  endfacet
  facet normal -0.80297 0.596019 0
    outer loop
      vertex -54.2632 27.485 4
      vertex -54.1696 27.6111 10
      vertex -54.1696 27.6111 4
    endloop
  endfacet
  facet normal -0.80297 0.596019 0
    outer loop
      vertex -54.1696 27.6111 10
      vertex -54.2632 27.485 4
      vertex -54.2632 27.485 10
    endloop
  endfacet
  facet normal -0.98921 0.146502 0
    outer loop
      vertex -53.9307 28.1879 4
      vertex -53.9077 28.3432 10
      vertex -53.9077 28.3432 4
    endloop
  endfacet
  facet normal -0.98921 0.146502 0
    outer loop
      vertex -53.9077 28.3432 10
      vertex -53.9307 28.1879 4
      vertex -53.9307 28.1879 10
    endloop
  endfacet
  facet normal 0.85783 -0.513934 0
    outer loop
      vertex -56.9111 29.2542 10
      vertex -56.8304 29.3889 4
      vertex -56.8304 29.3889 10
    endloop
  endfacet
  facet normal 0.85783 -0.513934 0
    outer loop
      vertex -56.8304 29.3889 4
      vertex -56.9111 29.2542 10
      vertex -56.9111 29.2542 4
    endloop
  endfacet
  facet normal -0.904023 -0.427484 0
    outer loop
      vertex -54.0218 29.1123 4
      vertex -54.0889 29.2542 10
      vertex -54.0889 29.2542 4
    endloop
  endfacet
  facet normal -0.904023 -0.427484 0
    outer loop
      vertex -54.0889 29.2542 10
      vertex -54.0218 29.1123 4
      vertex -54.0218 29.1123 10
    endloop
  endfacet
  facet normal 0.427484 -0.904023 0
    outer loop
      vertex -56.2542 29.9111 4
      vertex -56.1123 29.9782 10
      vertex -56.2542 29.9111 10
    endloop
  endfacet
  facet normal 0.427484 -0.904023 0
    outer loop
      vertex -56.1123 29.9782 10
      vertex -56.2542 29.9111 4
      vertex -56.1123 29.9782 4
    endloop
  endfacet
  facet normal -0.596019 0.80297 0
    outer loop
      vertex -54.485 27.2632 4
      vertex -54.6111 27.1696 10
      vertex -54.485 27.2632 10
    endloop
  endfacet
  facet normal -0.596019 0.80297 0
    outer loop
      vertex -54.6111 27.1696 10
      vertex -54.485 27.2632 4
      vertex -54.6111 27.1696 4
    endloop
  endfacet
  facet normal -0.596019 -0.80297 0
    outer loop
      vertex -54.6111 29.8304 4
      vertex -54.485 29.7368 10
      vertex -54.6111 29.8304 10
    endloop
  endfacet
  facet normal -0.596019 -0.80297 -0
    outer loop
      vertex -54.485 29.7368 10
      vertex -54.6111 29.8304 4
      vertex -54.485 29.7368 4
    endloop
  endfacet
  facet normal 0.671213 0.741264 -0
    outer loop
      vertex -56.515 27.2632 4
      vertex -56.6314 27.3686 10
      vertex -56.515 27.2632 10
    endloop
  endfacet
  facet normal 0.671213 0.741264 0
    outer loop
      vertex -56.6314 27.3686 10
      vertex -56.515 27.2632 4
      vertex -56.6314 27.3686 4
    endloop
  endfacet
  facet normal -0.998796 0.049048 0
    outer loop
      vertex -53.9077 28.3432 4
      vertex -53.9 28.5 10
      vertex -53.9 28.5 4
    endloop
  endfacet
  facet normal -0.998796 0.049048 0
    outer loop
      vertex -53.9 28.5 10
      vertex -53.9077 28.3432 4
      vertex -53.9077 28.3432 10
    endloop
  endfacet
  facet normal 0.80297 0.596019 0
    outer loop
      vertex -56.7368 27.485 10
      vertex -56.8304 27.6111 4
      vertex -56.8304 27.6111 10
    endloop
  endfacet
  facet normal 0.80297 0.596019 0
    outer loop
      vertex -56.8304 27.6111 4
      vertex -56.7368 27.485 10
      vertex -56.7368 27.485 4
    endloop
  endfacet
  facet normal 0.904023 0.427484 0
    outer loop
      vertex -56.9111 27.7458 10
      vertex -56.9782 27.8877 4
      vertex -56.9782 27.8877 10
    endloop
  endfacet
  facet normal 0.904023 0.427484 0
    outer loop
      vertex -56.9782 27.8877 4
      vertex -56.9111 27.7458 10
      vertex -56.9111 27.7458 4
    endloop
  endfacet
  facet normal -0.049048 -0.998796 0
    outer loop
      vertex -55.5 30.1 4
      vertex -55.3432 30.0923 10
      vertex -55.5 30.1 10
    endloop
  endfacet
  facet normal -0.049048 -0.998796 -0
    outer loop
      vertex -55.3432 30.0923 10
      vertex -55.5 30.1 4
      vertex -55.3432 30.0923 4
    endloop
  endfacet
  facet normal 0.049048 -0.998796 0
    outer loop
      vertex -55.6568 30.0923 4
      vertex -55.5 30.1 10
      vertex -55.6568 30.0923 10
    endloop
  endfacet
  facet normal 0.049048 -0.998796 0
    outer loop
      vertex -55.5 30.1 10
      vertex -55.6568 30.0923 4
      vertex -55.5 30.1 4
    endloop
  endfacet
  facet normal 0.427484 0.904023 -0
    outer loop
      vertex -56.1123 27.0218 4
      vertex -56.2542 27.0889 10
      vertex -56.1123 27.0218 10
    endloop
  endfacet
  facet normal 0.427484 0.904023 0
    outer loop
      vertex -56.2542 27.0889 10
      vertex -56.1123 27.0218 4
      vertex -56.2542 27.0889 4
    endloop
  endfacet
  facet normal 0.146502 -0.98921 0
    outer loop
      vertex -55.8121 30.0693 4
      vertex -55.6568 30.0923 10
      vertex -55.8121 30.0693 10
    endloop
  endfacet
  facet normal 0.146502 -0.98921 0
    outer loop
      vertex -55.6568 30.0923 10
      vertex -55.8121 30.0693 4
      vertex -55.6568 30.0923 4
    endloop
  endfacet
  facet normal 0.98921 0.146502 0
    outer loop
      vertex -57.0693 28.1879 10
      vertex -57.0923 28.3432 4
      vertex -57.0923 28.3432 10
    endloop
  endfacet
  facet normal 0.98921 0.146502 0
    outer loop
      vertex -57.0923 28.3432 4
      vertex -57.0693 28.1879 10
      vertex -57.0693 28.1879 4
    endloop
  endfacet
  facet normal -0.336982 0.941511 0
    outer loop
      vertex -54.8877 27.0218 4
      vertex -55.0355 26.9689 10
      vertex -54.8877 27.0218 10
    endloop
  endfacet
  facet normal -0.336982 0.941511 0
    outer loop
      vertex -55.0355 26.9689 10
      vertex -54.8877 27.0218 4
      vertex -55.0355 26.9689 4
    endloop
  endfacet
  facet normal -0.243135 0.969993 0
    outer loop
      vertex -55.0355 26.9689 4
      vertex -55.1879 26.9307 10
      vertex -55.0355 26.9689 10
    endloop
  endfacet
  facet normal -0.243135 0.969993 0
    outer loop
      vertex -55.1879 26.9307 10
      vertex -55.0355 26.9689 4
      vertex -55.1879 26.9307 4
    endloop
  endfacet
  facet normal 0.904023 -0.427484 0
    outer loop
      vertex -56.9782 29.1123 10
      vertex -56.9111 29.2542 4
      vertex -56.9111 29.2542 10
    endloop
  endfacet
  facet normal 0.904023 -0.427484 0
    outer loop
      vertex -56.9111 29.2542 4
      vertex -56.9782 29.1123 10
      vertex -56.9782 29.1123 4
    endloop
  endfacet
  facet normal 0.741264 0.671213 0
    outer loop
      vertex -56.6314 27.3686 10
      vertex -56.7368 27.485 4
      vertex -56.7368 27.485 10
    endloop
  endfacet
  facet normal 0.741264 0.671213 0
    outer loop
      vertex -56.7368 27.485 4
      vertex -56.6314 27.3686 10
      vertex -56.6314 27.3686 4
    endloop
  endfacet
  facet normal 0.596019 0.80297 -0
    outer loop
      vertex -56.3889 27.1696 4
      vertex -56.515 27.2632 10
      vertex -56.3889 27.1696 10
    endloop
  endfacet
  facet normal 0.596019 0.80297 0
    outer loop
      vertex -56.515 27.2632 10
      vertex -56.3889 27.1696 4
      vertex -56.515 27.2632 4
    endloop
  endfacet
  facet normal -0.904023 0.427484 0
    outer loop
      vertex -54.0889 27.7458 4
      vertex -54.0218 27.8877 10
      vertex -54.0218 27.8877 4
    endloop
  endfacet
  facet normal -0.904023 0.427484 0
    outer loop
      vertex -54.0218 27.8877 10
      vertex -54.0889 27.7458 4
      vertex -54.0889 27.7458 10
    endloop
  endfacet
  facet normal -0.85783 0.513934 0
    outer loop
      vertex -54.1696 27.6111 4
      vertex -54.0889 27.7458 10
      vertex -54.0889 27.7458 4
    endloop
  endfacet
  facet normal -0.85783 0.513934 0
    outer loop
      vertex -54.0889 27.7458 10
      vertex -54.1696 27.6111 4
      vertex -54.1696 27.6111 10
    endloop
  endfacet
  facet normal 0.741264 -0.671213 0
    outer loop
      vertex -56.7368 29.515 10
      vertex -56.6314 29.6314 4
      vertex -56.6314 29.6314 10
    endloop
  endfacet
  facet normal 0.741264 -0.671213 0
    outer loop
      vertex -56.6314 29.6314 4
      vertex -56.7368 29.515 10
      vertex -56.7368 29.515 4
    endloop
  endfacet
  facet normal 0.049048 0.998796 -0
    outer loop
      vertex -55.5 26.9 4
      vertex -55.6568 26.9077 10
      vertex -55.5 26.9 10
    endloop
  endfacet
  facet normal 0.049048 0.998796 0
    outer loop
      vertex -55.6568 26.9077 10
      vertex -55.5 26.9 4
      vertex -55.6568 26.9077 4
    endloop
  endfacet
  facet normal 0.998796 -0.049048 0
    outer loop
      vertex -57.1 28.5 10
      vertex -57.0923 28.6568 4
      vertex -57.0923 28.6568 10
    endloop
  endfacet
  facet normal 0.998796 -0.049048 0
    outer loop
      vertex -57.0923 28.6568 4
      vertex -57.1 28.5 10
      vertex -57.1 28.5 4
    endloop
  endfacet
  facet normal 0.336982 0.941511 -0
    outer loop
      vertex -55.9645 26.9689 4
      vertex -56.1123 27.0218 10
      vertex -55.9645 26.9689 10
    endloop
  endfacet
  facet normal 0.336982 0.941511 0
    outer loop
      vertex -56.1123 27.0218 10
      vertex -55.9645 26.9689 4
      vertex -56.1123 27.0218 4
    endloop
  endfacet
  facet normal -0.671213 0.741264 0
    outer loop
      vertex -54.3686 27.3686 4
      vertex -54.485 27.2632 10
      vertex -54.3686 27.3686 10
    endloop
  endfacet
  facet normal -0.671213 0.741264 0
    outer loop
      vertex -54.485 27.2632 10
      vertex -54.3686 27.3686 4
      vertex -54.485 27.2632 4
    endloop
  endfacet
  facet normal 0.989172 0.14676 0
    outer loop
      vertex 58.9831 -28.1569 10
      vertex 58.9327 -27.8172 4
      vertex 58.9327 -27.8172 10
    endloop
  endfacet
  facet normal 0.989172 0.14676 0
    outer loop
      vertex 58.9327 -27.8172 4
      vertex 58.9831 -28.1569 10
      vertex 58.9831 -28.1569 4
    endloop
  endfacet
  facet normal 0.998789 0.0491971 0
    outer loop
      vertex 59 -28.5 10
      vertex 58.9831 -28.1569 4
      vertex 58.9831 -28.1569 10
    endloop
  endfacet
  facet normal 0.998789 0.0491971 0
    outer loop
      vertex 58.9831 -28.1569 4
      vertex 59 -28.5 10
      vertex 59 -28.5 4
    endloop
  endfacet
  facet normal 0.970074 0.24281 0
    outer loop
      vertex 58.9327 -27.8172 10
      vertex 58.8493 -27.484 4
      vertex 58.8493 -27.484 10
    endloop
  endfacet
  facet normal 0.970074 0.24281 0
    outer loop
      vertex 58.8493 -27.484 4
      vertex 58.9327 -27.8172 10
      vertex 58.9327 -27.8172 4
    endloop
  endfacet
  facet normal 0.595659 -0.803237 0
    outer loop
      vertex 57.4445 -31.4101 4
      vertex 57.7204 -31.2055 10
      vertex 57.4445 -31.4101 10
    endloop
  endfacet
  facet normal 0.595659 -0.803237 0
    outer loop
      vertex 57.7204 -31.2055 10
      vertex 57.4445 -31.4101 4
      vertex 57.7204 -31.2055 4
    endloop
  endfacet
  facet normal 0.427661 -0.903939 0
    outer loop
      vertex 56.8394 -31.7336 4
      vertex 57.1499 -31.5867 10
      vertex 56.8394 -31.7336 10
    endloop
  endfacet
  facet normal 0.427661 -0.903939 0
    outer loop
      vertex 57.1499 -31.5867 10
      vertex 56.8394 -31.7336 4
      vertex 57.1499 -31.5867 4
    endloop
  endfacet
  facet normal -0.671454 -0.741046 0
    outer loop
      vertex 53.0251 -30.9749 4
      vertex 53.2796 -31.2055 10
      vertex 53.0251 -30.9749 10
    endloop
  endfacet
  facet normal -0.671454 -0.741046 -0
    outer loop
      vertex 53.2796 -31.2055 10
      vertex 53.0251 -30.9749 4
      vertex 53.2796 -31.2055 4
    endloop
  endfacet
  facet normal 0.514153 0.857698 -0
    outer loop
      vertex 57.4445 -25.5899 4
      vertex 57.1499 -25.4133 10
      vertex 57.4445 -25.5899 10
    endloop
  endfacet
  facet normal 0.514153 0.857698 0
    outer loop
      vertex 57.1499 -25.4133 10
      vertex 57.4445 -25.5899 4
      vertex 57.1499 -25.4133 4
    endloop
  endfacet
  facet normal -0.14676 -0.989172 0
    outer loop
      vertex 54.8172 -31.9327 4
      vertex 55.1569 -31.9831 10
      vertex 54.8172 -31.9327 10
    endloop
  endfacet
  facet normal -0.14676 -0.989172 -0
    outer loop
      vertex 55.1569 -31.9831 10
      vertex 54.8172 -31.9327 4
      vertex 55.1569 -31.9831 4
    endloop
  endfacet
  facet normal -0.24281 0.970074 0
    outer loop
      vertex 54.8172 -25.0673 4
      vertex 54.484 -25.1507 10
      vertex 54.8172 -25.0673 10
    endloop
  endfacet
  facet normal -0.24281 0.970074 0
    outer loop
      vertex 54.484 -25.1507 10
      vertex 54.8172 -25.0673 4
      vertex 54.484 -25.1507 4
    endloop
  endfacet
  facet normal 0.741046 0.671454 0
    outer loop
      vertex 58.2055 -26.2796 10
      vertex 57.9749 -26.0251 4
      vertex 57.9749 -26.0251 10
    endloop
  endfacet
  facet normal 0.741046 0.671454 0
    outer loop
      vertex 57.9749 -26.0251 4
      vertex 58.2055 -26.2796 10
      vertex 58.2055 -26.2796 4
    endloop
  endfacet
  facet normal -0.970074 -0.24281 0
    outer loop
      vertex 52.1507 -29.516 4
      vertex 52.0673 -29.1828 10
      vertex 52.0673 -29.1828 4
    endloop
  endfacet
  facet normal -0.970074 -0.24281 0
    outer loop
      vertex 52.0673 -29.1828 10
      vertex 52.1507 -29.516 4
      vertex 52.1507 -29.516 10
    endloop
  endfacet
  facet normal 0.857698 0.514153 0
    outer loop
      vertex 58.5867 -26.8501 10
      vertex 58.4101 -26.5555 4
      vertex 58.4101 -26.5555 10
    endloop
  endfacet
  facet normal 0.857698 0.514153 0
    outer loop
      vertex 58.4101 -26.5555 4
      vertex 58.5867 -26.8501 10
      vertex 58.5867 -26.8501 4
    endloop
  endfacet
  facet normal 0.671454 0.741046 -0
    outer loop
      vertex 57.9749 -26.0251 4
      vertex 57.7204 -25.7945 10
      vertex 57.9749 -26.0251 10
    endloop
  endfacet
  facet normal 0.671454 0.741046 0
    outer loop
      vertex 57.7204 -25.7945 10
      vertex 57.9749 -26.0251 4
      vertex 57.7204 -25.7945 4
    endloop
  endfacet
  facet normal -0.941557 -0.336853 0
    outer loop
      vertex 52.2664 -29.8394 4
      vertex 52.1507 -29.516 10
      vertex 52.1507 -29.516 4
    endloop
  endfacet
  facet normal -0.941557 -0.336853 0
    outer loop
      vertex 52.1507 -29.516 10
      vertex 52.2664 -29.8394 4
      vertex 52.2664 -29.8394 10
    endloop
  endfacet
  facet normal 0.336853 -0.941557 0
    outer loop
      vertex 56.516 -31.8493 4
      vertex 56.8394 -31.7336 10
      vertex 56.516 -31.8493 10
    endloop
  endfacet
  facet normal 0.336853 -0.941557 0
    outer loop
      vertex 56.8394 -31.7336 10
      vertex 56.516 -31.8493 4
      vertex 56.8394 -31.7336 4
    endloop
  endfacet
  facet normal 0.941557 0.336853 0
    outer loop
      vertex 58.8493 -27.484 10
      vertex 58.7336 -27.1606 4
      vertex 58.7336 -27.1606 10
    endloop
  endfacet
  facet normal 0.941557 0.336853 0
    outer loop
      vertex 58.7336 -27.1606 4
      vertex 58.8493 -27.484 10
      vertex 58.8493 -27.484 4
    endloop
  endfacet
  facet normal -0.998789 -0.0491971 0
    outer loop
      vertex 52.0169 -28.8431 4
      vertex 52 -28.5 10
      vertex 52 -28.5 4
    endloop
  endfacet
  facet normal -0.998789 -0.0491971 0
    outer loop
      vertex 52 -28.5 10
      vertex 52.0169 -28.8431 4
      vertex 52.0169 -28.8431 10
    endloop
  endfacet
  facet normal -0.0491971 0.998789 0
    outer loop
      vertex 55.5 -25 4
      vertex 55.1569 -25.0169 10
      vertex 55.5 -25 10
    endloop
  endfacet
  facet normal -0.0491971 0.998789 0
    outer loop
      vertex 55.1569 -25.0169 10
      vertex 55.5 -25 4
      vertex 55.1569 -25.0169 4
    endloop
  endfacet
  facet normal 0.903939 -0.427661 0
    outer loop
      vertex 58.5867 -30.1499 10
      vertex 58.7336 -29.8394 4
      vertex 58.7336 -29.8394 10
    endloop
  endfacet
  facet normal 0.903939 -0.427661 0
    outer loop
      vertex 58.7336 -29.8394 4
      vertex 58.5867 -30.1499 10
      vertex 58.5867 -30.1499 4
    endloop
  endfacet
  facet normal 0.595659 0.803237 -0
    outer loop
      vertex 57.7204 -25.7945 4
      vertex 57.4445 -25.5899 10
      vertex 57.7204 -25.7945 10
    endloop
  endfacet
  facet normal 0.595659 0.803237 0
    outer loop
      vertex 57.4445 -25.5899 10
      vertex 57.7204 -25.7945 4
      vertex 57.4445 -25.5899 4
    endloop
  endfacet
  facet normal 0.998789 -0.0491971 0
    outer loop
      vertex 58.9831 -28.8431 10
      vertex 59 -28.5 4
      vertex 59 -28.5 10
    endloop
  endfacet
  facet normal 0.998789 -0.0491971 0
    outer loop
      vertex 59 -28.5 4
      vertex 58.9831 -28.8431 10
      vertex 58.9831 -28.8431 4
    endloop
  endfacet
  facet normal -0.336853 -0.941557 0
    outer loop
      vertex 54.1606 -31.7336 4
      vertex 54.484 -31.8493 10
      vertex 54.1606 -31.7336 10
    endloop
  endfacet
  facet normal -0.336853 -0.941557 -0
    outer loop
      vertex 54.484 -31.8493 10
      vertex 54.1606 -31.7336 4
      vertex 54.484 -31.8493 4
    endloop
  endfacet
  facet normal -0.0491971 -0.998789 0
    outer loop
      vertex 55.1569 -31.9831 4
      vertex 55.5 -32 10
      vertex 55.1569 -31.9831 10
    endloop
  endfacet
  facet normal -0.0491971 -0.998789 -0
    outer loop
      vertex 55.5 -32 10
      vertex 55.1569 -31.9831 4
      vertex 55.5 -32 4
    endloop
  endfacet
  facet normal 0.0491971 -0.998789 0
    outer loop
      vertex 55.5 -32 4
      vertex 55.8431 -31.9831 10
      vertex 55.5 -32 10
    endloop
  endfacet
  facet normal 0.0491971 -0.998789 0
    outer loop
      vertex 55.8431 -31.9831 10
      vertex 55.5 -32 4
      vertex 55.8431 -31.9831 4
    endloop
  endfacet
  facet normal 0.803237 0.595659 0
    outer loop
      vertex 58.4101 -26.5555 10
      vertex 58.2055 -26.2796 4
      vertex 58.2055 -26.2796 10
    endloop
  endfacet
  facet normal 0.803237 0.595659 0
    outer loop
      vertex 58.2055 -26.2796 4
      vertex 58.4101 -26.5555 10
      vertex 58.4101 -26.5555 4
    endloop
  endfacet
  facet normal -0.671454 0.741046 0
    outer loop
      vertex 53.2796 -25.7945 4
      vertex 53.0251 -26.0251 10
      vertex 53.2796 -25.7945 10
    endloop
  endfacet
  facet normal -0.671454 0.741046 0
    outer loop
      vertex 53.0251 -26.0251 10
      vertex 53.2796 -25.7945 4
      vertex 53.0251 -26.0251 4
    endloop
  endfacet
  facet normal 0.14676 0.989172 -0
    outer loop
      vertex 56.1828 -25.0673 4
      vertex 55.8431 -25.0169 10
      vertex 56.1828 -25.0673 10
    endloop
  endfacet
  facet normal 0.14676 0.989172 0
    outer loop
      vertex 55.8431 -25.0169 10
      vertex 56.1828 -25.0673 4
      vertex 55.8431 -25.0169 4
    endloop
  endfacet
  facet normal 0.14676 -0.989172 0
    outer loop
      vertex 55.8431 -31.9831 4
      vertex 56.1828 -31.9327 10
      vertex 55.8431 -31.9831 10
    endloop
  endfacet
  facet normal 0.14676 -0.989172 0
    outer loop
      vertex 56.1828 -31.9327 10
      vertex 55.8431 -31.9831 4
      vertex 56.1828 -31.9327 4
    endloop
  endfacet
  facet normal 0.427661 0.903939 -0
    outer loop
      vertex 57.1499 -25.4133 4
      vertex 56.8394 -25.2664 10
      vertex 57.1499 -25.4133 10
    endloop
  endfacet
  facet normal 0.427661 0.903939 0
    outer loop
      vertex 56.8394 -25.2664 10
      vertex 57.1499 -25.4133 4
      vertex 56.8394 -25.2664 4
    endloop
  endfacet
  facet normal 0.941557 -0.336853 0
    outer loop
      vertex 58.7336 -29.8394 10
      vertex 58.8493 -29.516 4
      vertex 58.8493 -29.516 10
    endloop
  endfacet
  facet normal 0.941557 -0.336853 0
    outer loop
      vertex 58.8493 -29.516 4
      vertex 58.7336 -29.8394 10
      vertex 58.7336 -29.8394 4
    endloop
  endfacet
  facet normal 0.741046 -0.671454 0
    outer loop
      vertex 57.9749 -30.9749 10
      vertex 58.2055 -30.7204 4
      vertex 58.2055 -30.7204 10
    endloop
  endfacet
  facet normal 0.741046 -0.671454 0
    outer loop
      vertex 58.2055 -30.7204 4
      vertex 57.9749 -30.9749 10
      vertex 57.9749 -30.9749 4
    endloop
  endfacet
  facet normal -0.741046 0.671454 0
    outer loop
      vertex 52.7945 -26.2796 4
      vertex 53.0251 -26.0251 10
      vertex 53.0251 -26.0251 4
    endloop
  endfacet
  facet normal -0.741046 0.671454 0
    outer loop
      vertex 53.0251 -26.0251 10
      vertex 52.7945 -26.2796 4
      vertex 52.7945 -26.2796 10
    endloop
  endfacet
  facet normal -0.857698 0.514153 0
    outer loop
      vertex 52.4133 -26.8501 4
      vertex 52.5899 -26.5555 10
      vertex 52.5899 -26.5555 4
    endloop
  endfacet
  facet normal -0.857698 0.514153 0
    outer loop
      vertex 52.5899 -26.5555 10
      vertex 52.4133 -26.8501 4
      vertex 52.4133 -26.8501 10
    endloop
  endfacet
  facet normal 0.903939 0.427661 0
    outer loop
      vertex 58.7336 -27.1606 10
      vertex 58.5867 -26.8501 4
      vertex 58.5867 -26.8501 10
    endloop
  endfacet
  facet normal 0.903939 0.427661 0
    outer loop
      vertex 58.5867 -26.8501 4
      vertex 58.7336 -27.1606 10
      vertex 58.7336 -27.1606 4
    endloop
  endfacet
  facet normal -0.514153 0.857698 0
    outer loop
      vertex 53.8501 -25.4133 4
      vertex 53.5555 -25.5899 10
      vertex 53.8501 -25.4133 10
    endloop
  endfacet
  facet normal -0.514153 0.857698 0
    outer loop
      vertex 53.5555 -25.5899 10
      vertex 53.8501 -25.4133 4
      vertex 53.5555 -25.5899 4
    endloop
  endfacet
  facet normal 0.989172 -0.14676 0
    outer loop
      vertex 58.9327 -29.1828 10
      vertex 58.9831 -28.8431 4
      vertex 58.9831 -28.8431 10
    endloop
  endfacet
  facet normal 0.989172 -0.14676 0
    outer loop
      vertex 58.9831 -28.8431 4
      vertex 58.9327 -29.1828 10
      vertex 58.9327 -29.1828 4
    endloop
  endfacet
  facet normal 0.514153 -0.857698 0
    outer loop
      vertex 57.1499 -31.5867 4
      vertex 57.4445 -31.4101 10
      vertex 57.1499 -31.5867 10
    endloop
  endfacet
  facet normal 0.514153 -0.857698 0
    outer loop
      vertex 57.4445 -31.4101 10
      vertex 57.1499 -31.5867 4
      vertex 57.4445 -31.4101 4
    endloop
  endfacet
  facet normal -0.941557 0.336853 0
    outer loop
      vertex 52.1507 -27.484 4
      vertex 52.2664 -27.1606 10
      vertex 52.2664 -27.1606 4
    endloop
  endfacet
  facet normal -0.941557 0.336853 0
    outer loop
      vertex 52.2664 -27.1606 10
      vertex 52.1507 -27.484 4
      vertex 52.1507 -27.484 10
    endloop
  endfacet
  facet normal 0.336853 0.941557 -0
    outer loop
      vertex 56.8394 -25.2664 4
      vertex 56.516 -25.1507 10
      vertex 56.8394 -25.2664 10
    endloop
  endfacet
  facet normal 0.336853 0.941557 0
    outer loop
      vertex 56.516 -25.1507 10
      vertex 56.8394 -25.2664 4
      vertex 56.516 -25.1507 4
    endloop
  endfacet
  facet normal 0.24281 0.970074 -0
    outer loop
      vertex 56.516 -25.1507 4
      vertex 56.1828 -25.0673 10
      vertex 56.516 -25.1507 10
    endloop
  endfacet
  facet normal 0.24281 0.970074 0
    outer loop
      vertex 56.1828 -25.0673 10
      vertex 56.516 -25.1507 4
      vertex 56.1828 -25.0673 4
    endloop
  endfacet
  facet normal -0.427661 0.903939 0
    outer loop
      vertex 54.1606 -25.2664 4
      vertex 53.8501 -25.4133 10
      vertex 54.1606 -25.2664 10
    endloop
  endfacet
  facet normal -0.427661 0.903939 0
    outer loop
      vertex 53.8501 -25.4133 10
      vertex 54.1606 -25.2664 4
      vertex 53.8501 -25.4133 4
    endloop
  endfacet
  facet normal -0.595659 0.803237 0
    outer loop
      vertex 53.5555 -25.5899 4
      vertex 53.2796 -25.7945 10
      vertex 53.5555 -25.5899 10
    endloop
  endfacet
  facet normal -0.595659 0.803237 0
    outer loop
      vertex 53.2796 -25.7945 10
      vertex 53.5555 -25.5899 4
      vertex 53.2796 -25.7945 4
    endloop
  endfacet
  facet normal -0.14676 0.989172 0
    outer loop
      vertex 55.1569 -25.0169 4
      vertex 54.8172 -25.0673 10
      vertex 55.1569 -25.0169 10
    endloop
  endfacet
  facet normal -0.14676 0.989172 0
    outer loop
      vertex 54.8172 -25.0673 10
      vertex 55.1569 -25.0169 4
      vertex 54.8172 -25.0673 4
    endloop
  endfacet
  facet normal 0.24281 -0.970074 0
    outer loop
      vertex 56.1828 -31.9327 4
      vertex 56.516 -31.8493 10
      vertex 56.1828 -31.9327 10
    endloop
  endfacet
  facet normal 0.24281 -0.970074 0
    outer loop
      vertex 56.516 -31.8493 10
      vertex 56.1828 -31.9327 4
      vertex 56.516 -31.8493 4
    endloop
  endfacet
  facet normal -0.903939 -0.427661 0
    outer loop
      vertex 52.4133 -30.1499 4
      vertex 52.2664 -29.8394 10
      vertex 52.2664 -29.8394 4
    endloop
  endfacet
  facet normal -0.903939 -0.427661 0
    outer loop
      vertex 52.2664 -29.8394 10
      vertex 52.4133 -30.1499 4
      vertex 52.4133 -30.1499 10
    endloop
  endfacet
  facet normal -0.970074 0.24281 0
    outer loop
      vertex 52.0673 -27.8172 4
      vertex 52.1507 -27.484 10
      vertex 52.1507 -27.484 4
    endloop
  endfacet
  facet normal -0.970074 0.24281 0
    outer loop
      vertex 52.1507 -27.484 10
      vertex 52.0673 -27.8172 4
      vertex 52.0673 -27.8172 10
    endloop
  endfacet
  facet normal -0.741046 -0.671454 0
    outer loop
      vertex 53.0251 -30.9749 4
      vertex 52.7945 -30.7204 10
      vertex 52.7945 -30.7204 4
    endloop
  endfacet
  facet normal -0.741046 -0.671454 0
    outer loop
      vertex 52.7945 -30.7204 10
      vertex 53.0251 -30.9749 4
      vertex 53.0251 -30.9749 10
    endloop
  endfacet
  facet normal -0.336853 0.941557 0
    outer loop
      vertex 54.484 -25.1507 4
      vertex 54.1606 -25.2664 10
      vertex 54.484 -25.1507 10
    endloop
  endfacet
  facet normal -0.336853 0.941557 0
    outer loop
      vertex 54.1606 -25.2664 10
      vertex 54.484 -25.1507 4
      vertex 54.1606 -25.2664 4
    endloop
  endfacet
  facet normal -0.989172 0.14676 0
    outer loop
      vertex 52.0169 -28.1569 4
      vertex 52.0673 -27.8172 10
      vertex 52.0673 -27.8172 4
    endloop
  endfacet
  facet normal -0.989172 0.14676 0
    outer loop
      vertex 52.0673 -27.8172 10
      vertex 52.0169 -28.1569 4
      vertex 52.0169 -28.1569 10
    endloop
  endfacet
  facet normal -0.998789 0.0491971 0
    outer loop
      vertex 52 -28.5 4
      vertex 52.0169 -28.1569 10
      vertex 52.0169 -28.1569 4
    endloop
  endfacet
  facet normal -0.998789 0.0491971 0
    outer loop
      vertex 52.0169 -28.1569 10
      vertex 52 -28.5 4
      vertex 52 -28.5 10
    endloop
  endfacet
  facet normal -0.989172 -0.14676 0
    outer loop
      vertex 52.0673 -29.1828 4
      vertex 52.0169 -28.8431 10
      vertex 52.0169 -28.8431 4
    endloop
  endfacet
  facet normal -0.989172 -0.14676 0
    outer loop
      vertex 52.0169 -28.8431 10
      vertex 52.0673 -29.1828 4
      vertex 52.0673 -29.1828 10
    endloop
  endfacet
  facet normal -0.803237 0.595659 0
    outer loop
      vertex 52.5899 -26.5555 4
      vertex 52.7945 -26.2796 10
      vertex 52.7945 -26.2796 4
    endloop
  endfacet
  facet normal -0.803237 0.595659 0
    outer loop
      vertex 52.7945 -26.2796 10
      vertex 52.5899 -26.5555 4
      vertex 52.5899 -26.5555 10
    endloop
  endfacet
  facet normal 0.970074 -0.24281 0
    outer loop
      vertex 58.8493 -29.516 10
      vertex 58.9327 -29.1828 4
      vertex 58.9327 -29.1828 10
    endloop
  endfacet
  facet normal 0.970074 -0.24281 0
    outer loop
      vertex 58.9327 -29.1828 4
      vertex 58.8493 -29.516 10
      vertex 58.8493 -29.516 4
    endloop
  endfacet
  facet normal -0.803237 -0.595659 0
    outer loop
      vertex 52.7945 -30.7204 4
      vertex 52.5899 -30.4445 10
      vertex 52.5899 -30.4445 4
    endloop
  endfacet
  facet normal -0.803237 -0.595659 0
    outer loop
      vertex 52.5899 -30.4445 10
      vertex 52.7945 -30.7204 4
      vertex 52.7945 -30.7204 10
    endloop
  endfacet
  facet normal 0.0491971 0.998789 -0
    outer loop
      vertex 55.8431 -25.0169 4
      vertex 55.5 -25 10
      vertex 55.8431 -25.0169 10
    endloop
  endfacet
  facet normal 0.0491971 0.998789 0
    outer loop
      vertex 55.5 -25 10
      vertex 55.8431 -25.0169 4
      vertex 55.5 -25 4
    endloop
  endfacet
  facet normal -0.514153 -0.857698 0
    outer loop
      vertex 53.5555 -31.4101 4
      vertex 53.8501 -31.5867 10
      vertex 53.5555 -31.4101 10
    endloop
  endfacet
  facet normal -0.514153 -0.857698 -0
    outer loop
      vertex 53.8501 -31.5867 10
      vertex 53.5555 -31.4101 4
      vertex 53.8501 -31.5867 4
    endloop
  endfacet
  facet normal -0.595659 -0.803237 0
    outer loop
      vertex 53.2796 -31.2055 4
      vertex 53.5555 -31.4101 10
      vertex 53.2796 -31.2055 10
    endloop
  endfacet
  facet normal -0.595659 -0.803237 -0
    outer loop
      vertex 53.5555 -31.4101 10
      vertex 53.2796 -31.2055 4
      vertex 53.5555 -31.4101 4
    endloop
  endfacet
  facet normal 0.857698 -0.514153 0
    outer loop
      vertex 58.4101 -30.4445 10
      vertex 58.5867 -30.1499 4
      vertex 58.5867 -30.1499 10
    endloop
  endfacet
  facet normal 0.857698 -0.514153 0
    outer loop
      vertex 58.5867 -30.1499 4
      vertex 58.4101 -30.4445 10
      vertex 58.4101 -30.4445 4
    endloop
  endfacet
  facet normal -0.427661 -0.903939 0
    outer loop
      vertex 53.8501 -31.5867 4
      vertex 54.1606 -31.7336 10
      vertex 53.8501 -31.5867 10
    endloop
  endfacet
  facet normal -0.427661 -0.903939 -0
    outer loop
      vertex 54.1606 -31.7336 10
      vertex 53.8501 -31.5867 4
      vertex 54.1606 -31.7336 4
    endloop
  endfacet
  facet normal 0.803237 -0.595659 0
    outer loop
      vertex 58.2055 -30.7204 10
      vertex 58.4101 -30.4445 4
      vertex 58.4101 -30.4445 10
    endloop
  endfacet
  facet normal 0.803237 -0.595659 0
    outer loop
      vertex 58.4101 -30.4445 4
      vertex 58.2055 -30.7204 10
      vertex 58.2055 -30.7204 4
    endloop
  endfacet
  facet normal -0.24281 -0.970074 0
    outer loop
      vertex 54.484 -31.8493 4
      vertex 54.8172 -31.9327 10
      vertex 54.484 -31.8493 10
    endloop
  endfacet
  facet normal -0.24281 -0.970074 -0
    outer loop
      vertex 54.8172 -31.9327 10
      vertex 54.484 -31.8493 4
      vertex 54.8172 -31.9327 4
    endloop
  endfacet
  facet normal -0.857698 -0.514153 0
    outer loop
      vertex 52.5899 -30.4445 4
      vertex 52.4133 -30.1499 10
      vertex 52.4133 -30.1499 4
    endloop
  endfacet
  facet normal -0.857698 -0.514153 0
    outer loop
      vertex 52.4133 -30.1499 10
      vertex 52.5899 -30.4445 4
      vertex 52.5899 -30.4445 10
    endloop
  endfacet
  facet normal -0.903939 0.427661 0
    outer loop
      vertex 52.2664 -27.1606 4
      vertex 52.4133 -26.8501 10
      vertex 52.4133 -26.8501 4
    endloop
  endfacet
  facet normal -0.903939 0.427661 0
    outer loop
      vertex 52.4133 -26.8501 10
      vertex 52.2664 -27.1606 4
      vertex 52.2664 -27.1606 10
    endloop
  endfacet
  facet normal 0.671454 -0.741046 0
    outer loop
      vertex 57.7204 -31.2055 4
      vertex 57.9749 -30.9749 10
      vertex 57.7204 -31.2055 10
    endloop
  endfacet
  facet normal 0.671454 -0.741046 0
    outer loop
      vertex 57.9749 -30.9749 10
      vertex 57.7204 -31.2055 4
      vertex 57.9749 -30.9749 4
    endloop
  endfacet
  facet normal 0 0 1
    outer loop
      vertex 57.1 -28.5 10
      vertex 59 -28.5 10
      vertex 58.9831 -28.1569 10
    endloop
  endfacet
  facet normal 0 0 1
    outer loop
      vertex 57.0923 -28.3432 10
      vertex 58.9831 -28.1569 10
      vertex 58.9327 -27.8172 10
    endloop
  endfacet
  facet normal 0 0 1
    outer loop
      vertex 59 -28.5 10
      vertex 57.1 -28.5 10
      vertex 58.9831 -28.8431 10
    endloop
  endfacet
  facet normal 0 0 1
    outer loop
      vertex 57.0693 -28.1879 10
      vertex 58.9327 -27.8172 10
      vertex 58.8493 -27.484 10
    endloop
  endfacet
  facet normal -0 0 1
    outer loop
      vertex 57.0923 -28.6568 10
      vertex 58.9831 -28.8431 10
      vertex 57.1 -28.5 10
    endloop
  endfacet
  facet normal 0 0 1
    outer loop
      vertex 57.0311 -28.0355 10
      vertex 58.8493 -27.484 10
      vertex 58.7336 -27.1606 10
    endloop
  endfacet
  facet normal 0 0 1
    outer loop
      vertex 58.9831 -28.8431 10
      vertex 57.0923 -28.6568 10
      vertex 58.9327 -29.1828 10
    endloop
  endfacet
  facet normal 0 0 1
    outer loop
      vertex 56.9782 -27.8877 10
      vertex 58.7336 -27.1606 10
      vertex 58.5867 -26.8501 10
    endloop
  endfacet
  facet normal -0 0 1
    outer loop
      vertex 57.0693 -28.8121 10
      vertex 58.9327 -29.1828 10
      vertex 57.0923 -28.6568 10
    endloop
  endfacet
  facet normal 0 0 1
    outer loop
      vertex 56.9111 -27.7458 10
      vertex 58.5867 -26.8501 10
      vertex 58.4101 -26.5555 10
    endloop
  endfacet
  facet normal 0 0 1
    outer loop
      vertex 58.9327 -29.1828 10
      vertex 57.0693 -28.8121 10
      vertex 58.8493 -29.516 10
    endloop
  endfacet
  facet normal 0 0 1
    outer loop
      vertex 56.8304 -27.6111 10
      vertex 58.4101 -26.5555 10
      vertex 58.2055 -26.2796 10
    endloop
  endfacet
  facet normal -0 0 1
    outer loop
      vertex 57.0311 -28.9645 10
      vertex 58.8493 -29.516 10
      vertex 57.0693 -28.8121 10
    endloop
  endfacet
  facet normal 0 0 1
    outer loop
      vertex 56.7368 -27.485 10
      vertex 58.2055 -26.2796 10
      vertex 57.9749 -26.0251 10
    endloop
  endfacet
  facet normal 0 0 1
    outer loop
      vertex 58.8493 -29.516 10
      vertex 57.0311 -28.9645 10
      vertex 58.7336 -29.8394 10
    endloop
  endfacet
  facet normal 0 0 1
    outer loop
      vertex 56.6314 -27.3686 10
      vertex 57.9749 -26.0251 10
      vertex 57.7204 -25.7945 10
    endloop
  endfacet
  facet normal -0 0 1
    outer loop
      vertex 56.9782 -29.1123 10
      vertex 58.7336 -29.8394 10
      vertex 57.0311 -28.9645 10
    endloop
  endfacet
  facet normal 0 0 1
    outer loop
      vertex 56.515 -27.2632 10
      vertex 57.7204 -25.7945 10
      vertex 57.4445 -25.5899 10
    endloop
  endfacet
  facet normal 0 0 1
    outer loop
      vertex 58.7336 -29.8394 10
      vertex 56.9782 -29.1123 10
      vertex 58.5867 -30.1499 10
    endloop
  endfacet
  facet normal 0 0 1
    outer loop
      vertex 56.3889 -27.1696 10
      vertex 57.4445 -25.5899 10
      vertex 57.1499 -25.4133 10
    endloop
  endfacet
  facet normal -0 0 1
    outer loop
      vertex 56.9111 -29.2542 10
      vertex 58.5867 -30.1499 10
      vertex 56.9782 -29.1123 10
    endloop
  endfacet
  facet normal 0 0 1
    outer loop
      vertex 58.5867 -30.1499 10
      vertex 56.9111 -29.2542 10
      vertex 58.4101 -30.4445 10
    endloop
  endfacet
  facet normal 0 0 1
    outer loop
      vertex 58.9831 -28.1569 10
      vertex 57.0923 -28.3432 10
      vertex 57.1 -28.5 10
    endloop
  endfacet
  facet normal 0 0 1
    outer loop
      vertex 58.9327 -27.8172 10
      vertex 57.0693 -28.1879 10
      vertex 57.0923 -28.3432 10
    endloop
  endfacet
  facet normal 0 0 1
    outer loop
      vertex 58.8493 -27.484 10
      vertex 57.0311 -28.0355 10
      vertex 57.0693 -28.1879 10
    endloop
  endfacet
  facet normal 0 0 1
    outer loop
      vertex 58.7336 -27.1606 10
      vertex 56.9782 -27.8877 10
      vertex 57.0311 -28.0355 10
    endloop
  endfacet
  facet normal 0 0 1
    outer loop
      vertex 58.5867 -26.8501 10
      vertex 56.9111 -27.7458 10
      vertex 56.9782 -27.8877 10
    endloop
  endfacet
  facet normal 0 0 1
    outer loop
      vertex 56.2542 -27.0889 10
      vertex 57.1499 -25.4133 10
      vertex 56.8394 -25.2664 10
    endloop
  endfacet
  facet normal 0 0 1
    outer loop
      vertex 58.4101 -26.5555 10
      vertex 56.8304 -27.6111 10
      vertex 56.9111 -27.7458 10
    endloop
  endfacet
  facet normal 0 0 1
    outer loop
      vertex 58.2055 -26.2796 10
      vertex 56.7368 -27.485 10
      vertex 56.8304 -27.6111 10
    endloop
  endfacet
  facet normal 0 0 1
    outer loop
      vertex 57.9749 -26.0251 10
      vertex 56.6314 -27.3686 10
      vertex 56.7368 -27.485 10
    endloop
  endfacet
  facet normal 0 0 1
    outer loop
      vertex 56.1123 -27.0218 10
      vertex 56.8394 -25.2664 10
      vertex 56.516 -25.1507 10
    endloop
  endfacet
  facet normal 0 0 1
    outer loop
      vertex 57.7204 -25.7945 10
      vertex 56.515 -27.2632 10
      vertex 56.6314 -27.3686 10
    endloop
  endfacet
  facet normal 0 0 1
    outer loop
      vertex 57.4445 -25.5899 10
      vertex 56.3889 -27.1696 10
      vertex 56.515 -27.2632 10
    endloop
  endfacet
  facet normal 0 0 1
    outer loop
      vertex 57.1499 -25.4133 10
      vertex 56.2542 -27.0889 10
      vertex 56.3889 -27.1696 10
    endloop
  endfacet
  facet normal 0 0 1
    outer loop
      vertex 55.9645 -26.9689 10
      vertex 56.516 -25.1507 10
      vertex 56.1828 -25.0673 10
    endloop
  endfacet
  facet normal 0 0 1
    outer loop
      vertex 56.8394 -25.2664 10
      vertex 56.1123 -27.0218 10
      vertex 56.2542 -27.0889 10
    endloop
  endfacet
  facet normal 0 0 1
    outer loop
      vertex 56.516 -25.1507 10
      vertex 55.9645 -26.9689 10
      vertex 56.1123 -27.0218 10
    endloop
  endfacet
  facet normal 0 0 1
    outer loop
      vertex 55.8121 -26.9307 10
      vertex 56.1828 -25.0673 10
      vertex 55.8431 -25.0169 10
    endloop
  endfacet
  facet normal 0 0 1
    outer loop
      vertex 56.1828 -25.0673 10
      vertex 55.8121 -26.9307 10
      vertex 55.9645 -26.9689 10
    endloop
  endfacet
  facet normal 0 0 1
    outer loop
      vertex 55.8431 -25.0169 10
      vertex 55.6568 -26.9077 10
      vertex 55.8121 -26.9307 10
    endloop
  endfacet
  facet normal 0 0 1
    outer loop
      vertex 55.5 -25 10
      vertex 55.6568 -26.9077 10
      vertex 55.8431 -25.0169 10
    endloop
  endfacet
  facet normal 0 0 1
    outer loop
      vertex 55.5 -25 10
      vertex 55.5 -26.9 10
      vertex 55.6568 -26.9077 10
    endloop
  endfacet
  facet normal 0 0 1
    outer loop
      vertex 55.5 -25 10
      vertex 55.3432 -26.9077 10
      vertex 55.5 -26.9 10
    endloop
  endfacet
  facet normal -0 0 1
    outer loop
      vertex 55.1569 -25.0169 10
      vertex 55.3432 -26.9077 10
      vertex 55.5 -25 10
    endloop
  endfacet
  facet normal 0 0 1
    outer loop
      vertex 55.3432 -26.9077 10
      vertex 55.1569 -25.0169 10
      vertex 55.1879 -26.9307 10
    endloop
  endfacet
  facet normal -0 0 1
    outer loop
      vertex 54.8172 -25.0673 10
      vertex 55.1879 -26.9307 10
      vertex 55.1569 -25.0169 10
    endloop
  endfacet
  facet normal 0 0 1
    outer loop
      vertex 55.1879 -26.9307 10
      vertex 54.8172 -25.0673 10
      vertex 55.0355 -26.9689 10
    endloop
  endfacet
  facet normal -0 0 1
    outer loop
      vertex 54.484 -25.1507 10
      vertex 55.0355 -26.9689 10
      vertex 54.8172 -25.0673 10
    endloop
  endfacet
  facet normal 0 0 1
    outer loop
      vertex 55.0355 -26.9689 10
      vertex 54.484 -25.1507 10
      vertex 54.8877 -27.0218 10
    endloop
  endfacet
  facet normal -0 0 1
    outer loop
      vertex 54.1606 -25.2664 10
      vertex 54.8877 -27.0218 10
      vertex 54.484 -25.1507 10
    endloop
  endfacet
  facet normal 0 0 1
    outer loop
      vertex 54.8877 -27.0218 10
      vertex 54.1606 -25.2664 10
      vertex 54.7458 -27.0889 10
    endloop
  endfacet
  facet normal -0 0 1
    outer loop
      vertex 53.8501 -25.4133 10
      vertex 54.7458 -27.0889 10
      vertex 54.1606 -25.2664 10
    endloop
  endfacet
  facet normal 0 0 1
    outer loop
      vertex 54.7458 -27.0889 10
      vertex 53.8501 -25.4133 10
      vertex 54.6111 -27.1696 10
    endloop
  endfacet
  facet normal -0 0 1
    outer loop
      vertex 53.5555 -25.5899 10
      vertex 54.6111 -27.1696 10
      vertex 53.8501 -25.4133 10
    endloop
  endfacet
  facet normal 0 0 1
    outer loop
      vertex 54.6111 -27.1696 10
      vertex 53.5555 -25.5899 10
      vertex 54.485 -27.2632 10
    endloop
  endfacet
  facet normal -0 0 1
    outer loop
      vertex 53.2796 -25.7945 10
      vertex 54.485 -27.2632 10
      vertex 53.5555 -25.5899 10
    endloop
  endfacet
  facet normal 0 0 1
    outer loop
      vertex 54.485 -27.2632 10
      vertex 53.2796 -25.7945 10
      vertex 54.3686 -27.3686 10
    endloop
  endfacet
  facet normal -0 0 1
    outer loop
      vertex 53.0251 -26.0251 10
      vertex 54.3686 -27.3686 10
      vertex 53.2796 -25.7945 10
    endloop
  endfacet
  facet normal 0 0 1
    outer loop
      vertex 54.3686 -27.3686 10
      vertex 53.0251 -26.0251 10
      vertex 54.2632 -27.485 10
    endloop
  endfacet
  facet normal -0 0 1
    outer loop
      vertex 52.7945 -26.2796 10
      vertex 54.2632 -27.485 10
      vertex 53.0251 -26.0251 10
    endloop
  endfacet
  facet normal 0 0 1
    outer loop
      vertex 54.2632 -27.485 10
      vertex 52.7945 -26.2796 10
      vertex 54.1696 -27.6111 10
    endloop
  endfacet
  facet normal 0 0 1
    outer loop
      vertex 54.1696 -27.6111 10
      vertex 52.5899 -26.5555 10
      vertex 54.0889 -27.7458 10
    endloop
  endfacet
  facet normal -0 0 1
    outer loop
      vertex 52.5899 -26.5555 10
      vertex 54.1696 -27.6111 10
      vertex 52.7945 -26.2796 10
    endloop
  endfacet
  facet normal -0 0 1
    outer loop
      vertex 56.8304 -29.3889 10
      vertex 58.4101 -30.4445 10
      vertex 56.9111 -29.2542 10
    endloop
  endfacet
  facet normal 0 0 1
    outer loop
      vertex 58.4101 -30.4445 10
      vertex 56.8304 -29.3889 10
      vertex 58.2055 -30.7204 10
    endloop
  endfacet
  facet normal -0 0 1
    outer loop
      vertex 56.7368 -29.515 10
      vertex 58.2055 -30.7204 10
      vertex 56.8304 -29.3889 10
    endloop
  endfacet
  facet normal 0 0 1
    outer loop
      vertex 58.2055 -30.7204 10
      vertex 56.7368 -29.515 10
      vertex 57.9749 -30.9749 10
    endloop
  endfacet
  facet normal -0 0 1
    outer loop
      vertex 56.6314 -29.6314 10
      vertex 57.9749 -30.9749 10
      vertex 56.7368 -29.515 10
    endloop
  endfacet
  facet normal 0 0 1
    outer loop
      vertex 57.9749 -30.9749 10
      vertex 56.6314 -29.6314 10
      vertex 57.7204 -31.2055 10
    endloop
  endfacet
  facet normal -0 0 1
    outer loop
      vertex 56.515 -29.7368 10
      vertex 57.7204 -31.2055 10
      vertex 56.6314 -29.6314 10
    endloop
  endfacet
  facet normal 0 0 1
    outer loop
      vertex 57.7204 -31.2055 10
      vertex 56.515 -29.7368 10
      vertex 57.4445 -31.4101 10
    endloop
  endfacet
  facet normal -0 0 1
    outer loop
      vertex 56.3889 -29.8304 10
      vertex 57.4445 -31.4101 10
      vertex 56.515 -29.7368 10
    endloop
  endfacet
  facet normal 0 0 1
    outer loop
      vertex 57.4445 -31.4101 10
      vertex 56.3889 -29.8304 10
      vertex 57.1499 -31.5867 10
    endloop
  endfacet
  facet normal -0 0 1
    outer loop
      vertex 56.2542 -29.9111 10
      vertex 57.1499 -31.5867 10
      vertex 56.3889 -29.8304 10
    endloop
  endfacet
  facet normal 0 0 1
    outer loop
      vertex 57.1499 -31.5867 10
      vertex 56.2542 -29.9111 10
      vertex 56.8394 -31.7336 10
    endloop
  endfacet
  facet normal -0 0 1
    outer loop
      vertex 56.1123 -29.9782 10
      vertex 56.8394 -31.7336 10
      vertex 56.2542 -29.9111 10
    endloop
  endfacet
  facet normal 0 0 1
    outer loop
      vertex 56.8394 -31.7336 10
      vertex 56.1123 -29.9782 10
      vertex 56.516 -31.8493 10
    endloop
  endfacet
  facet normal -0 0 1
    outer loop
      vertex 55.9645 -30.0311 10
      vertex 56.516 -31.8493 10
      vertex 56.1123 -29.9782 10
    endloop
  endfacet
  facet normal 0 0 1
    outer loop
      vertex 56.516 -31.8493 10
      vertex 55.9645 -30.0311 10
      vertex 56.1828 -31.9327 10
    endloop
  endfacet
  facet normal -0 0 1
    outer loop
      vertex 55.8121 -30.0693 10
      vertex 56.1828 -31.9327 10
      vertex 55.9645 -30.0311 10
    endloop
  endfacet
  facet normal 0 0 1
    outer loop
      vertex 56.1828 -31.9327 10
      vertex 55.8121 -30.0693 10
      vertex 55.8431 -31.9831 10
    endloop
  endfacet
  facet normal -0 0 1
    outer loop
      vertex 55.6568 -30.0923 10
      vertex 55.8431 -31.9831 10
      vertex 55.8121 -30.0693 10
    endloop
  endfacet
  facet normal -0 0 1
    outer loop
      vertex 55.5 -30.1 10
      vertex 55.8431 -31.9831 10
      vertex 55.6568 -30.0923 10
    endloop
  endfacet
  facet normal 0 0 1
    outer loop
      vertex 55.5 -30.1 10
      vertex 55.5 -32 10
      vertex 55.8431 -31.9831 10
    endloop
  endfacet
  facet normal 0 0 1
    outer loop
      vertex 55.3432 -30.0923 10
      vertex 55.5 -32 10
      vertex 55.5 -30.1 10
    endloop
  endfacet
  facet normal 0 0 1
    outer loop
      vertex 55.1569 -31.9831 10
      vertex 55.3432 -30.0923 10
      vertex 55.1879 -30.0693 10
    endloop
  endfacet
  facet normal 0 0 1
    outer loop
      vertex 55.3432 -30.0923 10
      vertex 55.1569 -31.9831 10
      vertex 55.5 -32 10
    endloop
  endfacet
  facet normal 0 0 1
    outer loop
      vertex 54.8172 -31.9327 10
      vertex 55.1879 -30.0693 10
      vertex 55.0355 -30.0311 10
    endloop
  endfacet
  facet normal 0 0 1
    outer loop
      vertex 54.484 -31.8493 10
      vertex 55.0355 -30.0311 10
      vertex 54.8877 -29.9782 10
    endloop
  endfacet
  facet normal 0 0 1
    outer loop
      vertex 55.1879 -30.0693 10
      vertex 54.8172 -31.9327 10
      vertex 55.1569 -31.9831 10
    endloop
  endfacet
  facet normal 0 0 1
    outer loop
      vertex 54.1606 -31.7336 10
      vertex 54.8877 -29.9782 10
      vertex 54.7458 -29.9111 10
    endloop
  endfacet
  facet normal 0 0 1
    outer loop
      vertex 53.8501 -31.5867 10
      vertex 54.7458 -29.9111 10
      vertex 54.6111 -29.8304 10
    endloop
  endfacet
  facet normal 0 0 1
    outer loop
      vertex 53.5555 -31.4101 10
      vertex 54.6111 -29.8304 10
      vertex 54.485 -29.7368 10
    endloop
  endfacet
  facet normal 0 0 1
    outer loop
      vertex 55.0355 -30.0311 10
      vertex 54.484 -31.8493 10
      vertex 54.8172 -31.9327 10
    endloop
  endfacet
  facet normal 0 0 1
    outer loop
      vertex 53.2796 -31.2055 10
      vertex 54.485 -29.7368 10
      vertex 54.3686 -29.6314 10
    endloop
  endfacet
  facet normal 0 0 1
    outer loop
      vertex 53.0251 -30.9749 10
      vertex 54.3686 -29.6314 10
      vertex 54.2632 -29.515 10
    endloop
  endfacet
  facet normal 0 0 1
    outer loop
      vertex 52.7945 -30.7204 10
      vertex 54.2632 -29.515 10
      vertex 54.1696 -29.3889 10
    endloop
  endfacet
  facet normal 0 0 1
    outer loop
      vertex 54.8877 -29.9782 10
      vertex 54.1606 -31.7336 10
      vertex 54.484 -31.8493 10
    endloop
  endfacet
  facet normal 0 0 1
    outer loop
      vertex 52.5899 -30.4445 10
      vertex 54.1696 -29.3889 10
      vertex 54.0889 -29.2542 10
    endloop
  endfacet
  facet normal 0 0 1
    outer loop
      vertex 52.4133 -30.1499 10
      vertex 54.0889 -29.2542 10
      vertex 54.0218 -29.1123 10
    endloop
  endfacet
  facet normal 0 0 1
    outer loop
      vertex 52.2664 -29.8394 10
      vertex 54.0218 -29.1123 10
      vertex 53.9689 -28.9645 10
    endloop
  endfacet
  facet normal 0 0 1
    outer loop
      vertex 52.1507 -29.516 10
      vertex 53.9689 -28.9645 10
      vertex 53.9307 -28.8121 10
    endloop
  endfacet
  facet normal 0 0 1
    outer loop
      vertex 52.0673 -29.1828 10
      vertex 53.9307 -28.8121 10
      vertex 53.9077 -28.6568 10
    endloop
  endfacet
  facet normal 0 0 1
    outer loop
      vertex 54.7458 -29.9111 10
      vertex 53.8501 -31.5867 10
      vertex 54.1606 -31.7336 10
    endloop
  endfacet
  facet normal 0 0 1
    outer loop
      vertex 52.0169 -28.8431 10
      vertex 53.9077 -28.6568 10
      vertex 53.9 -28.5 10
    endloop
  endfacet
  facet normal -0 0 1
    outer loop
      vertex 52.4133 -26.8501 10
      vertex 54.0889 -27.7458 10
      vertex 52.5899 -26.5555 10
    endloop
  endfacet
  facet normal 0 0 1
    outer loop
      vertex 54.0889 -27.7458 10
      vertex 52.4133 -26.8501 10
      vertex 54.0218 -27.8877 10
    endloop
  endfacet
  facet normal 0 0 1
    outer loop
      vertex 54.6111 -29.8304 10
      vertex 53.5555 -31.4101 10
      vertex 53.8501 -31.5867 10
    endloop
  endfacet
  facet normal -0 0 1
    outer loop
      vertex 52.2664 -27.1606 10
      vertex 54.0218 -27.8877 10
      vertex 52.4133 -26.8501 10
    endloop
  endfacet
  facet normal 0 0 1
    outer loop
      vertex 54.485 -29.7368 10
      vertex 53.2796 -31.2055 10
      vertex 53.5555 -31.4101 10
    endloop
  endfacet
  facet normal 0 0 1
    outer loop
      vertex 54.0218 -27.8877 10
      vertex 52.2664 -27.1606 10
      vertex 53.9689 -28.0355 10
    endloop
  endfacet
  facet normal 0 0 1
    outer loop
      vertex 54.3686 -29.6314 10
      vertex 53.0251 -30.9749 10
      vertex 53.2796 -31.2055 10
    endloop
  endfacet
  facet normal -0 0 1
    outer loop
      vertex 52.1507 -27.484 10
      vertex 53.9689 -28.0355 10
      vertex 52.2664 -27.1606 10
    endloop
  endfacet
  facet normal 0 0 1
    outer loop
      vertex 54.2632 -29.515 10
      vertex 52.7945 -30.7204 10
      vertex 53.0251 -30.9749 10
    endloop
  endfacet
  facet normal 0 0 1
    outer loop
      vertex 53.9689 -28.0355 10
      vertex 52.1507 -27.484 10
      vertex 53.9307 -28.1879 10
    endloop
  endfacet
  facet normal 0 0 1
    outer loop
      vertex 54.1696 -29.3889 10
      vertex 52.5899 -30.4445 10
      vertex 52.7945 -30.7204 10
    endloop
  endfacet
  facet normal -0 0 1
    outer loop
      vertex 52.0673 -27.8172 10
      vertex 53.9307 -28.1879 10
      vertex 52.1507 -27.484 10
    endloop
  endfacet
  facet normal 0 0 1
    outer loop
      vertex 54.0889 -29.2542 10
      vertex 52.4133 -30.1499 10
      vertex 52.5899 -30.4445 10
    endloop
  endfacet
  facet normal 0 0 1
    outer loop
      vertex 53.9307 -28.1879 10
      vertex 52.0673 -27.8172 10
      vertex 53.9077 -28.3432 10
    endloop
  endfacet
  facet normal 0 0 1
    outer loop
      vertex 54.0218 -29.1123 10
      vertex 52.2664 -29.8394 10
      vertex 52.4133 -30.1499 10
    endloop
  endfacet
  facet normal -0 0 1
    outer loop
      vertex 52.0169 -28.1569 10
      vertex 53.9077 -28.3432 10
      vertex 52.0673 -27.8172 10
    endloop
  endfacet
  facet normal 0 0 1
    outer loop
      vertex 53.9689 -28.9645 10
      vertex 52.1507 -29.516 10
      vertex 52.2664 -29.8394 10
    endloop
  endfacet
  facet normal 0 0 1
    outer loop
      vertex 53.9077 -28.3432 10
      vertex 52.0169 -28.1569 10
      vertex 53.9 -28.5 10
    endloop
  endfacet
  facet normal 0 0 1
    outer loop
      vertex 53.9307 -28.8121 10
      vertex 52.0673 -29.1828 10
      vertex 52.1507 -29.516 10
    endloop
  endfacet
  facet normal 0 0 1
    outer loop
      vertex 52 -28.5 10
      vertex 53.9 -28.5 10
      vertex 52.0169 -28.1569 10
    endloop
  endfacet
  facet normal 0 0 1
    outer loop
      vertex 53.9077 -28.6568 10
      vertex 52.0169 -28.8431 10
      vertex 52.0673 -29.1828 10
    endloop
  endfacet
  facet normal 0 0 1
    outer loop
      vertex 53.9 -28.5 10
      vertex 52 -28.5 10
      vertex 52.0169 -28.8431 10
    endloop
  endfacet
  facet normal -0.98921 -0.146502 0
    outer loop
      vertex 57.0923 -28.3432 4
      vertex 57.0693 -28.1879 10
      vertex 57.0693 -28.1879 4
    endloop
  endfacet
  facet normal -0.98921 -0.146502 0
    outer loop
      vertex 57.0693 -28.1879 10
      vertex 57.0923 -28.3432 4
      vertex 57.0923 -28.3432 10
    endloop
  endfacet
  facet normal -0.998796 -0.049048 0
    outer loop
      vertex 57.1 -28.5 4
      vertex 57.0923 -28.3432 10
      vertex 57.0923 -28.3432 4
    endloop
  endfacet
  facet normal -0.998796 -0.049048 0
    outer loop
      vertex 57.0923 -28.3432 10
      vertex 57.1 -28.5 4
      vertex 57.1 -28.5 10
    endloop
  endfacet
  facet normal -0.969993 -0.243135 0
    outer loop
      vertex 57.0693 -28.1879 4
      vertex 57.0311 -28.0355 10
      vertex 57.0311 -28.0355 4
    endloop
  endfacet
  facet normal -0.969993 -0.243135 0
    outer loop
      vertex 57.0311 -28.0355 10
      vertex 57.0693 -28.1879 4
      vertex 57.0693 -28.1879 10
    endloop
  endfacet
  facet normal -0.427484 -0.904023 0
    outer loop
      vertex 56.1123 -27.0218 4
      vertex 56.2542 -27.0889 10
      vertex 56.1123 -27.0218 10
    endloop
  endfacet
  facet normal -0.427484 -0.904023 -0
    outer loop
      vertex 56.2542 -27.0889 10
      vertex 56.1123 -27.0218 4
      vertex 56.2542 -27.0889 4
    endloop
  endfacet
  facet normal 0.243135 0.969993 -0
    outer loop
      vertex 55.1879 -30.0693 4
      vertex 55.0355 -30.0311 10
      vertex 55.1879 -30.0693 10
    endloop
  endfacet
  facet normal 0.243135 0.969993 0
    outer loop
      vertex 55.0355 -30.0311 10
      vertex 55.1879 -30.0693 4
      vertex 55.0355 -30.0311 4
    endloop
  endfacet
  facet normal 0.85783 0.513934 0
    outer loop
      vertex 54.1696 -29.3889 10
      vertex 54.0889 -29.2542 4
      vertex 54.0889 -29.2542 10
    endloop
  endfacet
  facet normal 0.85783 0.513934 0
    outer loop
      vertex 54.0889 -29.2542 4
      vertex 54.1696 -29.3889 10
      vertex 54.1696 -29.3889 4
    endloop
  endfacet
  facet normal -0.146502 0.98921 0
    outer loop
      vertex 55.8121 -30.0693 4
      vertex 55.6568 -30.0923 10
      vertex 55.8121 -30.0693 10
    endloop
  endfacet
  facet normal -0.146502 0.98921 0
    outer loop
      vertex 55.6568 -30.0923 10
      vertex 55.8121 -30.0693 4
      vertex 55.6568 -30.0923 4
    endloop
  endfacet
  facet normal -0.741264 -0.671213 0
    outer loop
      vertex 56.7368 -27.485 4
      vertex 56.6314 -27.3686 10
      vertex 56.6314 -27.3686 4
    endloop
  endfacet
  facet normal -0.741264 -0.671213 0
    outer loop
      vertex 56.6314 -27.3686 10
      vertex 56.7368 -27.485 4
      vertex 56.7368 -27.485 10
    endloop
  endfacet
  facet normal 0.513934 -0.85783 0
    outer loop
      vertex 54.6111 -27.1696 4
      vertex 54.7458 -27.0889 10
      vertex 54.6111 -27.1696 10
    endloop
  endfacet
  facet normal 0.513934 -0.85783 0
    outer loop
      vertex 54.7458 -27.0889 10
      vertex 54.6111 -27.1696 4
      vertex 54.7458 -27.0889 4
    endloop
  endfacet
  facet normal -0.741264 0.671213 0
    outer loop
      vertex 56.6314 -29.6314 4
      vertex 56.7368 -29.515 10
      vertex 56.7368 -29.515 4
    endloop
  endfacet
  facet normal -0.741264 0.671213 0
    outer loop
      vertex 56.7368 -29.515 10
      vertex 56.6314 -29.6314 4
      vertex 56.6314 -29.6314 10
    endloop
  endfacet
  facet normal -0.513934 0.85783 0
    outer loop
      vertex 56.3889 -29.8304 4
      vertex 56.2542 -29.9111 10
      vertex 56.3889 -29.8304 10
    endloop
  endfacet
  facet normal -0.513934 0.85783 0
    outer loop
      vertex 56.2542 -29.9111 10
      vertex 56.3889 -29.8304 4
      vertex 56.2542 -29.9111 4
    endloop
  endfacet
  facet normal -0.243135 -0.969993 0
    outer loop
      vertex 55.8121 -26.9307 4
      vertex 55.9645 -26.9689 10
      vertex 55.8121 -26.9307 10
    endloop
  endfacet
  facet normal -0.243135 -0.969993 -0
    outer loop
      vertex 55.9645 -26.9689 10
      vertex 55.8121 -26.9307 4
      vertex 55.9645 -26.9689 4
    endloop
  endfacet
  facet normal 0.98921 -0.146502 0
    outer loop
      vertex 53.9077 -28.3432 10
      vertex 53.9307 -28.1879 4
      vertex 53.9307 -28.1879 10
    endloop
  endfacet
  facet normal 0.98921 -0.146502 0
    outer loop
      vertex 53.9307 -28.1879 4
      vertex 53.9077 -28.3432 10
      vertex 53.9077 -28.3432 4
    endloop
  endfacet
  facet normal -0.85783 -0.513934 0
    outer loop
      vertex 56.9111 -27.7458 4
      vertex 56.8304 -27.6111 10
      vertex 56.8304 -27.6111 4
    endloop
  endfacet
  facet normal -0.85783 -0.513934 0
    outer loop
      vertex 56.8304 -27.6111 10
      vertex 56.9111 -27.7458 4
      vertex 56.9111 -27.7458 10
    endloop
  endfacet
  facet normal -0.969993 0.243135 0
    outer loop
      vertex 57.0311 -28.9645 4
      vertex 57.0693 -28.8121 10
      vertex 57.0693 -28.8121 4
    endloop
  endfacet
  facet normal -0.969993 0.243135 0
    outer loop
      vertex 57.0693 -28.8121 10
      vertex 57.0311 -28.9645 4
      vertex 57.0311 -28.9645 10
    endloop
  endfacet
  facet normal 0.146502 0.98921 -0
    outer loop
      vertex 55.3432 -30.0923 4
      vertex 55.1879 -30.0693 10
      vertex 55.3432 -30.0923 10
    endloop
  endfacet
  facet normal 0.146502 0.98921 0
    outer loop
      vertex 55.1879 -30.0693 10
      vertex 55.3432 -30.0923 4
      vertex 55.1879 -30.0693 4
    endloop
  endfacet
  facet normal 0.998796 0.049048 0
    outer loop
      vertex 53.9077 -28.6568 10
      vertex 53.9 -28.5 4
      vertex 53.9 -28.5 10
    endloop
  endfacet
  facet normal 0.998796 0.049048 0
    outer loop
      vertex 53.9 -28.5 4
      vertex 53.9077 -28.6568 10
      vertex 53.9077 -28.6568 4
    endloop
  endfacet
  facet normal -0.146502 -0.98921 0
    outer loop
      vertex 55.6568 -26.9077 4
      vertex 55.8121 -26.9307 10
      vertex 55.6568 -26.9077 10
    endloop
  endfacet
  facet normal -0.146502 -0.98921 -0
    outer loop
      vertex 55.8121 -26.9307 10
      vertex 55.6568 -26.9077 4
      vertex 55.8121 -26.9307 4
    endloop
  endfacet
  facet normal -0.941511 -0.336982 0
    outer loop
      vertex 57.0311 -28.0355 4
      vertex 56.9782 -27.8877 10
      vertex 56.9782 -27.8877 4
    endloop
  endfacet
  facet normal -0.941511 -0.336982 0
    outer loop
      vertex 56.9782 -27.8877 10
      vertex 57.0311 -28.0355 4
      vertex 57.0311 -28.0355 10
    endloop
  endfacet
  facet normal -0.671213 -0.741264 0
    outer loop
      vertex 56.515 -27.2632 4
      vertex 56.6314 -27.3686 10
      vertex 56.515 -27.2632 10
    endloop
  endfacet
  facet normal -0.671213 -0.741264 -0
    outer loop
      vertex 56.6314 -27.3686 10
      vertex 56.515 -27.2632 4
      vertex 56.6314 -27.3686 4
    endloop
  endfacet
  facet normal 0.969993 0.243135 0
    outer loop
      vertex 53.9689 -28.9645 10
      vertex 53.9307 -28.8121 4
      vertex 53.9307 -28.8121 10
    endloop
  endfacet
  facet normal 0.969993 0.243135 0
    outer loop
      vertex 53.9307 -28.8121 4
      vertex 53.9689 -28.9645 10
      vertex 53.9689 -28.9645 4
    endloop
  endfacet
  facet normal 0.336982 -0.941511 0
    outer loop
      vertex 54.8877 -27.0218 4
      vertex 55.0355 -26.9689 10
      vertex 54.8877 -27.0218 10
    endloop
  endfacet
  facet normal 0.336982 -0.941511 0
    outer loop
      vertex 55.0355 -26.9689 10
      vertex 54.8877 -27.0218 4
      vertex 55.0355 -26.9689 4
    endloop
  endfacet
  facet normal 0.941511 0.336982 0
    outer loop
      vertex 54.0218 -29.1123 10
      vertex 53.9689 -28.9645 4
      vertex 53.9689 -28.9645 10
    endloop
  endfacet
  facet normal 0.941511 0.336982 0
    outer loop
      vertex 53.9689 -28.9645 4
      vertex 54.0218 -29.1123 10
      vertex 54.0218 -29.1123 4
    endloop
  endfacet
  facet normal -0.336982 -0.941511 0
    outer loop
      vertex 55.9645 -26.9689 4
      vertex 56.1123 -27.0218 10
      vertex 55.9645 -26.9689 10
    endloop
  endfacet
  facet normal -0.336982 -0.941511 -0
    outer loop
      vertex 56.1123 -27.0218 10
      vertex 55.9645 -26.9689 4
      vertex 56.1123 -27.0218 4
    endloop
  endfacet
  facet normal 0.80297 -0.596019 0
    outer loop
      vertex 54.1696 -27.6111 10
      vertex 54.2632 -27.485 4
      vertex 54.2632 -27.485 10
    endloop
  endfacet
  facet normal 0.80297 -0.596019 0
    outer loop
      vertex 54.2632 -27.485 4
      vertex 54.1696 -27.6111 10
      vertex 54.1696 -27.6111 4
    endloop
  endfacet
  facet normal -0.80297 -0.596019 0
    outer loop
      vertex 56.8304 -27.6111 4
      vertex 56.7368 -27.485 10
      vertex 56.7368 -27.485 4
    endloop
  endfacet
  facet normal -0.80297 -0.596019 0
    outer loop
      vertex 56.7368 -27.485 10
      vertex 56.8304 -27.6111 4
      vertex 56.8304 -27.6111 10
    endloop
  endfacet
  facet normal 0.969993 -0.243135 0
    outer loop
      vertex 53.9307 -28.1879 10
      vertex 53.9689 -28.0355 4
      vertex 53.9689 -28.0355 10
    endloop
  endfacet
  facet normal 0.969993 -0.243135 0
    outer loop
      vertex 53.9689 -28.0355 4
      vertex 53.9307 -28.1879 10
      vertex 53.9307 -28.1879 4
    endloop
  endfacet
  facet normal 0.671213 -0.741264 0
    outer loop
      vertex 54.3686 -27.3686 4
      vertex 54.485 -27.2632 10
      vertex 54.3686 -27.3686 10
    endloop
  endfacet
  facet normal 0.671213 -0.741264 0
    outer loop
      vertex 54.485 -27.2632 10
      vertex 54.3686 -27.3686 4
      vertex 54.485 -27.2632 4
    endloop
  endfacet
  facet normal -0.427484 0.904023 0
    outer loop
      vertex 56.2542 -29.9111 4
      vertex 56.1123 -29.9782 10
      vertex 56.2542 -29.9111 10
    endloop
  endfacet
  facet normal -0.427484 0.904023 0
    outer loop
      vertex 56.1123 -29.9782 10
      vertex 56.2542 -29.9111 4
      vertex 56.1123 -29.9782 4
    endloop
  endfacet
  facet normal 0.243135 -0.969993 0
    outer loop
      vertex 55.0355 -26.9689 4
      vertex 55.1879 -26.9307 10
      vertex 55.0355 -26.9689 10
    endloop
  endfacet
  facet normal 0.243135 -0.969993 0
    outer loop
      vertex 55.1879 -26.9307 10
      vertex 55.0355 -26.9689 4
      vertex 55.1879 -26.9307 4
    endloop
  endfacet
  facet normal 0.941511 -0.336982 0
    outer loop
      vertex 53.9689 -28.0355 10
      vertex 54.0218 -27.8877 4
      vertex 54.0218 -27.8877 10
    endloop
  endfacet
  facet normal 0.941511 -0.336982 0
    outer loop
      vertex 54.0218 -27.8877 4
      vertex 53.9689 -28.0355 10
      vertex 53.9689 -28.0355 4
    endloop
  endfacet
  facet normal -0.513934 -0.85783 0
    outer loop
      vertex 56.2542 -27.0889 4
      vertex 56.3889 -27.1696 10
      vertex 56.2542 -27.0889 10
    endloop
  endfacet
  facet normal -0.513934 -0.85783 -0
    outer loop
      vertex 56.3889 -27.1696 10
      vertex 56.2542 -27.0889 4
      vertex 56.3889 -27.1696 4
    endloop
  endfacet
  facet normal 0.513934 0.85783 -0
    outer loop
      vertex 54.7458 -29.9111 4
      vertex 54.6111 -29.8304 10
      vertex 54.7458 -29.9111 10
    endloop
  endfacet
  facet normal 0.513934 0.85783 0
    outer loop
      vertex 54.6111 -29.8304 10
      vertex 54.7458 -29.9111 4
      vertex 54.6111 -29.8304 4
    endloop
  endfacet
  facet normal 0.596019 -0.80297 0
    outer loop
      vertex 54.485 -27.2632 4
      vertex 54.6111 -27.1696 10
      vertex 54.485 -27.2632 10
    endloop
  endfacet
  facet normal 0.596019 -0.80297 0
    outer loop
      vertex 54.6111 -27.1696 10
      vertex 54.485 -27.2632 4
      vertex 54.6111 -27.1696 4
    endloop
  endfacet
  facet normal -0.049048 0.998796 0
    outer loop
      vertex 55.6568 -30.0923 4
      vertex 55.5 -30.1 10
      vertex 55.6568 -30.0923 10
    endloop
  endfacet
  facet normal -0.049048 0.998796 0
    outer loop
      vertex 55.5 -30.1 10
      vertex 55.6568 -30.0923 4
      vertex 55.5 -30.1 4
    endloop
  endfacet
  facet normal -0.941511 0.336982 0
    outer loop
      vertex 56.9782 -29.1123 4
      vertex 57.0311 -28.9645 10
      vertex 57.0311 -28.9645 4
    endloop
  endfacet
  facet normal -0.941511 0.336982 0
    outer loop
      vertex 57.0311 -28.9645 10
      vertex 56.9782 -29.1123 4
      vertex 56.9782 -29.1123 10
    endloop
  endfacet
  facet normal -0.80297 0.596019 0
    outer loop
      vertex 56.7368 -29.515 4
      vertex 56.8304 -29.3889 10
      vertex 56.8304 -29.3889 4
    endloop
  endfacet
  facet normal -0.80297 0.596019 0
    outer loop
      vertex 56.8304 -29.3889 10
      vertex 56.7368 -29.515 4
      vertex 56.7368 -29.515 10
    endloop
  endfacet
  facet normal -0.98921 0.146502 0
    outer loop
      vertex 57.0693 -28.8121 4
      vertex 57.0923 -28.6568 10
      vertex 57.0923 -28.6568 4
    endloop
  endfacet
  facet normal -0.98921 0.146502 0
    outer loop
      vertex 57.0923 -28.6568 10
      vertex 57.0693 -28.8121 4
      vertex 57.0693 -28.8121 10
    endloop
  endfacet
  facet normal 0.85783 -0.513934 0
    outer loop
      vertex 54.0889 -27.7458 10
      vertex 54.1696 -27.6111 4
      vertex 54.1696 -27.6111 10
    endloop
  endfacet
  facet normal 0.85783 -0.513934 0
    outer loop
      vertex 54.1696 -27.6111 4
      vertex 54.0889 -27.7458 10
      vertex 54.0889 -27.7458 4
    endloop
  endfacet
  facet normal -0.904023 -0.427484 0
    outer loop
      vertex 56.9782 -27.8877 4
      vertex 56.9111 -27.7458 10
      vertex 56.9111 -27.7458 4
    endloop
  endfacet
  facet normal -0.904023 -0.427484 0
    outer loop
      vertex 56.9111 -27.7458 10
      vertex 56.9782 -27.8877 4
      vertex 56.9782 -27.8877 10
    endloop
  endfacet
  facet normal 0.427484 -0.904023 0
    outer loop
      vertex 54.7458 -27.0889 4
      vertex 54.8877 -27.0218 10
      vertex 54.7458 -27.0889 10
    endloop
  endfacet
  facet normal 0.427484 -0.904023 0
    outer loop
      vertex 54.8877 -27.0218 10
      vertex 54.7458 -27.0889 4
      vertex 54.8877 -27.0218 4
    endloop
  endfacet
  facet normal -0.596019 0.80297 0
    outer loop
      vertex 56.515 -29.7368 4
      vertex 56.3889 -29.8304 10
      vertex 56.515 -29.7368 10
    endloop
  endfacet
  facet normal -0.596019 0.80297 0
    outer loop
      vertex 56.3889 -29.8304 10
      vertex 56.515 -29.7368 4
      vertex 56.3889 -29.8304 4
    endloop
  endfacet
  facet normal -0.596019 -0.80297 0
    outer loop
      vertex 56.3889 -27.1696 4
      vertex 56.515 -27.2632 10
      vertex 56.3889 -27.1696 10
    endloop
  endfacet
  facet normal -0.596019 -0.80297 -0
    outer loop
      vertex 56.515 -27.2632 10
      vertex 56.3889 -27.1696 4
      vertex 56.515 -27.2632 4
    endloop
  endfacet
  facet normal 0.671213 0.741264 -0
    outer loop
      vertex 54.485 -29.7368 4
      vertex 54.3686 -29.6314 10
      vertex 54.485 -29.7368 10
    endloop
  endfacet
  facet normal 0.671213 0.741264 0
    outer loop
      vertex 54.3686 -29.6314 10
      vertex 54.485 -29.7368 4
      vertex 54.3686 -29.6314 4
    endloop
  endfacet
  facet normal -0.998796 0.049048 0
    outer loop
      vertex 57.0923 -28.6568 4
      vertex 57.1 -28.5 10
      vertex 57.1 -28.5 4
    endloop
  endfacet
  facet normal -0.998796 0.049048 0
    outer loop
      vertex 57.1 -28.5 10
      vertex 57.0923 -28.6568 4
      vertex 57.0923 -28.6568 10
    endloop
  endfacet
  facet normal 0.80297 0.596019 0
    outer loop
      vertex 54.2632 -29.515 10
      vertex 54.1696 -29.3889 4
      vertex 54.1696 -29.3889 10
    endloop
  endfacet
  facet normal 0.80297 0.596019 0
    outer loop
      vertex 54.1696 -29.3889 4
      vertex 54.2632 -29.515 10
      vertex 54.2632 -29.515 4
    endloop
  endfacet
  facet normal 0.904023 0.427484 0
    outer loop
      vertex 54.0889 -29.2542 10
      vertex 54.0218 -29.1123 4
      vertex 54.0218 -29.1123 10
    endloop
  endfacet
  facet normal 0.904023 0.427484 0
    outer loop
      vertex 54.0218 -29.1123 4
      vertex 54.0889 -29.2542 10
      vertex 54.0889 -29.2542 4
    endloop
  endfacet
  facet normal -0.049048 -0.998796 0
    outer loop
      vertex 55.5 -26.9 4
      vertex 55.6568 -26.9077 10
      vertex 55.5 -26.9 10
    endloop
  endfacet
  facet normal -0.049048 -0.998796 -0
    outer loop
      vertex 55.6568 -26.9077 10
      vertex 55.5 -26.9 4
      vertex 55.6568 -26.9077 4
    endloop
  endfacet
  facet normal 0.049048 -0.998796 0
    outer loop
      vertex 55.3432 -26.9077 4
      vertex 55.5 -26.9 10
      vertex 55.3432 -26.9077 10
    endloop
  endfacet
  facet normal 0.049048 -0.998796 0
    outer loop
      vertex 55.5 -26.9 10
      vertex 55.3432 -26.9077 4
      vertex 55.5 -26.9 4
    endloop
  endfacet
  facet normal 0.427484 0.904023 -0
    outer loop
      vertex 54.8877 -29.9782 4
      vertex 54.7458 -29.9111 10
      vertex 54.8877 -29.9782 10
    endloop
  endfacet
  facet normal 0.427484 0.904023 0
    outer loop
      vertex 54.7458 -29.9111 10
      vertex 54.8877 -29.9782 4
      vertex 54.7458 -29.9111 4
    endloop
  endfacet
  facet normal 0.146502 -0.98921 0
    outer loop
      vertex 55.1879 -26.9307 4
      vertex 55.3432 -26.9077 10
      vertex 55.1879 -26.9307 10
    endloop
  endfacet
  facet normal 0.146502 -0.98921 0
    outer loop
      vertex 55.3432 -26.9077 10
      vertex 55.1879 -26.9307 4
      vertex 55.3432 -26.9077 4
    endloop
  endfacet
  facet normal 0.98921 0.146502 0
    outer loop
      vertex 53.9307 -28.8121 10
      vertex 53.9077 -28.6568 4
      vertex 53.9077 -28.6568 10
    endloop
  endfacet
  facet normal 0.98921 0.146502 0
    outer loop
      vertex 53.9077 -28.6568 4
      vertex 53.9307 -28.8121 10
      vertex 53.9307 -28.8121 4
    endloop
  endfacet
  facet normal -0.336982 0.941511 0
    outer loop
      vertex 56.1123 -29.9782 4
      vertex 55.9645 -30.0311 10
      vertex 56.1123 -29.9782 10
    endloop
  endfacet
  facet normal -0.336982 0.941511 0
    outer loop
      vertex 55.9645 -30.0311 10
      vertex 56.1123 -29.9782 4
      vertex 55.9645 -30.0311 4
    endloop
  endfacet
  facet normal -0.243135 0.969993 0
    outer loop
      vertex 55.9645 -30.0311 4
      vertex 55.8121 -30.0693 10
      vertex 55.9645 -30.0311 10
    endloop
  endfacet
  facet normal -0.243135 0.969993 0
    outer loop
      vertex 55.8121 -30.0693 10
      vertex 55.9645 -30.0311 4
      vertex 55.8121 -30.0693 4
    endloop
  endfacet
  facet normal 0.904023 -0.427484 0
    outer loop
      vertex 54.0218 -27.8877 10
      vertex 54.0889 -27.7458 4
      vertex 54.0889 -27.7458 10
    endloop
  endfacet
  facet normal 0.904023 -0.427484 0
    outer loop
      vertex 54.0889 -27.7458 4
      vertex 54.0218 -27.8877 10
      vertex 54.0218 -27.8877 4
    endloop
  endfacet
  facet normal 0.741264 0.671213 0
    outer loop
      vertex 54.3686 -29.6314 10
      vertex 54.2632 -29.515 4
      vertex 54.2632 -29.515 10
    endloop
  endfacet
  facet normal 0.741264 0.671213 0
    outer loop
      vertex 54.2632 -29.515 4
      vertex 54.3686 -29.6314 10
      vertex 54.3686 -29.6314 4
    endloop
  endfacet
  facet normal 0.596019 0.80297 -0
    outer loop
      vertex 54.6111 -29.8304 4
      vertex 54.485 -29.7368 10
      vertex 54.6111 -29.8304 10
    endloop
  endfacet
  facet normal 0.596019 0.80297 0
    outer loop
      vertex 54.485 -29.7368 10
      vertex 54.6111 -29.8304 4
      vertex 54.485 -29.7368 4
    endloop
  endfacet
  facet normal -0.904023 0.427484 0
    outer loop
      vertex 56.9111 -29.2542 4
      vertex 56.9782 -29.1123 10
      vertex 56.9782 -29.1123 4
    endloop
  endfacet
  facet normal -0.904023 0.427484 0
    outer loop
      vertex 56.9782 -29.1123 10
      vertex 56.9111 -29.2542 4
      vertex 56.9111 -29.2542 10
    endloop
  endfacet
  facet normal -0.85783 0.513934 0
    outer loop
      vertex 56.8304 -29.3889 4
      vertex 56.9111 -29.2542 10
      vertex 56.9111 -29.2542 4
    endloop
  endfacet
  facet normal -0.85783 0.513934 0
    outer loop
      vertex 56.9111 -29.2542 10
      vertex 56.8304 -29.3889 4
      vertex 56.8304 -29.3889 10
    endloop
  endfacet
  facet normal 0.741264 -0.671213 0
    outer loop
      vertex 54.2632 -27.485 10
      vertex 54.3686 -27.3686 4
      vertex 54.3686 -27.3686 10
    endloop
  endfacet
  facet normal 0.741264 -0.671213 0
    outer loop
      vertex 54.3686 -27.3686 4
      vertex 54.2632 -27.485 10
      vertex 54.2632 -27.485 4
    endloop
  endfacet
  facet normal 0.049048 0.998796 -0
    outer loop
      vertex 55.5 -30.1 4
      vertex 55.3432 -30.0923 10
      vertex 55.5 -30.1 10
    endloop
  endfacet
  facet normal 0.049048 0.998796 0
    outer loop
      vertex 55.3432 -30.0923 10
      vertex 55.5 -30.1 4
      vertex 55.3432 -30.0923 4
    endloop
  endfacet
  facet normal 0.998796 -0.049048 0
    outer loop
      vertex 53.9 -28.5 10
      vertex 53.9077 -28.3432 4
      vertex 53.9077 -28.3432 10
    endloop
  endfacet
  facet normal 0.998796 -0.049048 0
    outer loop
      vertex 53.9077 -28.3432 4
      vertex 53.9 -28.5 10
      vertex 53.9 -28.5 4
    endloop
  endfacet
  facet normal 0.336982 0.941511 -0
    outer loop
      vertex 55.0355 -30.0311 4
      vertex 54.8877 -29.9782 10
      vertex 55.0355 -30.0311 10
    endloop
  endfacet
  facet normal 0.336982 0.941511 0
    outer loop
      vertex 54.8877 -29.9782 10
      vertex 55.0355 -30.0311 4
      vertex 54.8877 -29.9782 4
    endloop
  endfacet
  facet normal -0.671213 0.741264 0
    outer loop
      vertex 56.6314 -29.6314 4
      vertex 56.515 -29.7368 10
      vertex 56.6314 -29.6314 10
    endloop
  endfacet
  facet normal -0.671213 0.741264 0
    outer loop
      vertex 56.515 -29.7368 10
      vertex 56.6314 -29.6314 4
      vertex 56.515 -29.7368 4
    endloop
  endfacet
  facet normal 0.989172 0.14676 0
    outer loop
      vertex 58.9831 28.8431 10
      vertex 58.9327 29.1828 4
      vertex 58.9327 29.1828 10
    endloop
  endfacet
  facet normal 0.989172 0.14676 0
    outer loop
      vertex 58.9327 29.1828 4
      vertex 58.9831 28.8431 10
      vertex 58.9831 28.8431 4
    endloop
  endfacet
  facet normal 0.998789 0.0491971 0
    outer loop
      vertex 59 28.5 10
      vertex 58.9831 28.8431 4
      vertex 58.9831 28.8431 10
    endloop
  endfacet
  facet normal 0.998789 0.0491971 0
    outer loop
      vertex 58.9831 28.8431 4
      vertex 59 28.5 10
      vertex 59 28.5 4
    endloop
  endfacet
  facet normal 0.970074 0.24281 0
    outer loop
      vertex 58.9327 29.1828 10
      vertex 58.8493 29.516 4
      vertex 58.8493 29.516 10
    endloop
  endfacet
  facet normal 0.970074 0.24281 0
    outer loop
      vertex 58.8493 29.516 4
      vertex 58.9327 29.1828 10
      vertex 58.9327 29.1828 4
    endloop
  endfacet
  facet normal 0.595659 -0.803237 0
    outer loop
      vertex 57.4445 25.5899 4
      vertex 57.7204 25.7945 10
      vertex 57.4445 25.5899 10
    endloop
  endfacet
  facet normal 0.595659 -0.803237 0
    outer loop
      vertex 57.7204 25.7945 10
      vertex 57.4445 25.5899 4
      vertex 57.7204 25.7945 4
    endloop
  endfacet
  facet normal 0.427661 -0.903939 0
    outer loop
      vertex 56.8394 25.2664 4
      vertex 57.1499 25.4133 10
      vertex 56.8394 25.2664 10
    endloop
  endfacet
  facet normal 0.427661 -0.903939 0
    outer loop
      vertex 57.1499 25.4133 10
      vertex 56.8394 25.2664 4
      vertex 57.1499 25.4133 4
    endloop
  endfacet
  facet normal -0.671454 -0.741046 0
    outer loop
      vertex 53.0251 26.0251 4
      vertex 53.2796 25.7945 10
      vertex 53.0251 26.0251 10
    endloop
  endfacet
  facet normal -0.671454 -0.741046 -0
    outer loop
      vertex 53.2796 25.7945 10
      vertex 53.0251 26.0251 4
      vertex 53.2796 25.7945 4
    endloop
  endfacet
  facet normal 0.514153 0.857698 -0
    outer loop
      vertex 57.4445 31.4101 4
      vertex 57.1499 31.5867 10
      vertex 57.4445 31.4101 10
    endloop
  endfacet
  facet normal 0.514153 0.857698 0
    outer loop
      vertex 57.1499 31.5867 10
      vertex 57.4445 31.4101 4
      vertex 57.1499 31.5867 4
    endloop
  endfacet
  facet normal -0.14676 -0.989172 0
    outer loop
      vertex 54.8172 25.0673 4
      vertex 55.1569 25.0169 10
      vertex 54.8172 25.0673 10
    endloop
  endfacet
  facet normal -0.14676 -0.989172 -0
    outer loop
      vertex 55.1569 25.0169 10
      vertex 54.8172 25.0673 4
      vertex 55.1569 25.0169 4
    endloop
  endfacet
  facet normal -0.24281 0.970074 0
    outer loop
      vertex 54.8172 31.9327 4
      vertex 54.484 31.8493 10
      vertex 54.8172 31.9327 10
    endloop
  endfacet
  facet normal -0.24281 0.970074 0
    outer loop
      vertex 54.484 31.8493 10
      vertex 54.8172 31.9327 4
      vertex 54.484 31.8493 4
    endloop
  endfacet
  facet normal 0.741046 0.671454 0
    outer loop
      vertex 58.2055 30.7204 10
      vertex 57.9749 30.9749 4
      vertex 57.9749 30.9749 10
    endloop
  endfacet
  facet normal 0.741046 0.671454 0
    outer loop
      vertex 57.9749 30.9749 4
      vertex 58.2055 30.7204 10
      vertex 58.2055 30.7204 4
    endloop
  endfacet
  facet normal -0.970074 -0.24281 0
    outer loop
      vertex 52.1507 27.484 4
      vertex 52.0673 27.8172 10
      vertex 52.0673 27.8172 4
    endloop
  endfacet
  facet normal -0.970074 -0.24281 0
    outer loop
      vertex 52.0673 27.8172 10
      vertex 52.1507 27.484 4
      vertex 52.1507 27.484 10
    endloop
  endfacet
  facet normal 0.857698 0.514153 0
    outer loop
      vertex 58.5867 30.1499 10
      vertex 58.4101 30.4445 4
      vertex 58.4101 30.4445 10
    endloop
  endfacet
  facet normal 0.857698 0.514153 0
    outer loop
      vertex 58.4101 30.4445 4
      vertex 58.5867 30.1499 10
      vertex 58.5867 30.1499 4
    endloop
  endfacet
  facet normal 0.671454 0.741046 -0
    outer loop
      vertex 57.9749 30.9749 4
      vertex 57.7204 31.2055 10
      vertex 57.9749 30.9749 10
    endloop
  endfacet
  facet normal 0.671454 0.741046 0
    outer loop
      vertex 57.7204 31.2055 10
      vertex 57.9749 30.9749 4
      vertex 57.7204 31.2055 4
    endloop
  endfacet
  facet normal -0.941557 -0.336853 0
    outer loop
      vertex 52.2664 27.1606 4
      vertex 52.1507 27.484 10
      vertex 52.1507 27.484 4
    endloop
  endfacet
  facet normal -0.941557 -0.336853 0
    outer loop
      vertex 52.1507 27.484 10
      vertex 52.2664 27.1606 4
      vertex 52.2664 27.1606 10
    endloop
  endfacet
  facet normal 0.336853 -0.941557 0
    outer loop
      vertex 56.516 25.1507 4
      vertex 56.8394 25.2664 10
      vertex 56.516 25.1507 10
    endloop
  endfacet
  facet normal 0.336853 -0.941557 0
    outer loop
      vertex 56.8394 25.2664 10
      vertex 56.516 25.1507 4
      vertex 56.8394 25.2664 4
    endloop
  endfacet
  facet normal 0.941557 0.336853 0
    outer loop
      vertex 58.8493 29.516 10
      vertex 58.7336 29.8394 4
      vertex 58.7336 29.8394 10
    endloop
  endfacet
  facet normal 0.941557 0.336853 0
    outer loop
      vertex 58.7336 29.8394 4
      vertex 58.8493 29.516 10
      vertex 58.8493 29.516 4
    endloop
  endfacet
  facet normal -0.998789 -0.0491971 0
    outer loop
      vertex 52.0169 28.1569 4
      vertex 52 28.5 10
      vertex 52 28.5 4
    endloop
  endfacet
  facet normal -0.998789 -0.0491971 0
    outer loop
      vertex 52 28.5 10
      vertex 52.0169 28.1569 4
      vertex 52.0169 28.1569 10
    endloop
  endfacet
  facet normal -0.0491971 0.998789 0
    outer loop
      vertex 55.5 32 4
      vertex 55.1569 31.9831 10
      vertex 55.5 32 10
    endloop
  endfacet
  facet normal -0.0491971 0.998789 0
    outer loop
      vertex 55.1569 31.9831 10
      vertex 55.5 32 4
      vertex 55.1569 31.9831 4
    endloop
  endfacet
  facet normal 0.903939 -0.427661 0
    outer loop
      vertex 58.5867 26.8501 10
      vertex 58.7336 27.1606 4
      vertex 58.7336 27.1606 10
    endloop
  endfacet
  facet normal 0.903939 -0.427661 0
    outer loop
      vertex 58.7336 27.1606 4
      vertex 58.5867 26.8501 10
      vertex 58.5867 26.8501 4
    endloop
  endfacet
  facet normal 0.595659 0.803237 -0
    outer loop
      vertex 57.7204 31.2055 4
      vertex 57.4445 31.4101 10
      vertex 57.7204 31.2055 10
    endloop
  endfacet
  facet normal 0.595659 0.803237 0
    outer loop
      vertex 57.4445 31.4101 10
      vertex 57.7204 31.2055 4
      vertex 57.4445 31.4101 4
    endloop
  endfacet
  facet normal 0.998789 -0.0491971 0
    outer loop
      vertex 58.9831 28.1569 10
      vertex 59 28.5 4
      vertex 59 28.5 10
    endloop
  endfacet
  facet normal 0.998789 -0.0491971 0
    outer loop
      vertex 59 28.5 4
      vertex 58.9831 28.1569 10
      vertex 58.9831 28.1569 4
    endloop
  endfacet
  facet normal -0.336853 -0.941557 0
    outer loop
      vertex 54.1606 25.2664 4
      vertex 54.484 25.1507 10
      vertex 54.1606 25.2664 10
    endloop
  endfacet
  facet normal -0.336853 -0.941557 -0
    outer loop
      vertex 54.484 25.1507 10
      vertex 54.1606 25.2664 4
      vertex 54.484 25.1507 4
    endloop
  endfacet
  facet normal -0.0491971 -0.998789 0
    outer loop
      vertex 55.1569 25.0169 4
      vertex 55.5 25 10
      vertex 55.1569 25.0169 10
    endloop
  endfacet
  facet normal -0.0491971 -0.998789 -0
    outer loop
      vertex 55.5 25 10
      vertex 55.1569 25.0169 4
      vertex 55.5 25 4
    endloop
  endfacet
  facet normal 0.0491971 -0.998789 0
    outer loop
      vertex 55.5 25 4
      vertex 55.8431 25.0169 10
      vertex 55.5 25 10
    endloop
  endfacet
  facet normal 0.0491971 -0.998789 0
    outer loop
      vertex 55.8431 25.0169 10
      vertex 55.5 25 4
      vertex 55.8431 25.0169 4
    endloop
  endfacet
  facet normal 0.803237 0.595659 0
    outer loop
      vertex 58.4101 30.4445 10
      vertex 58.2055 30.7204 4
      vertex 58.2055 30.7204 10
    endloop
  endfacet
  facet normal 0.803237 0.595659 0
    outer loop
      vertex 58.2055 30.7204 4
      vertex 58.4101 30.4445 10
      vertex 58.4101 30.4445 4
    endloop
  endfacet
  facet normal -0.671454 0.741046 0
    outer loop
      vertex 53.2796 31.2055 4
      vertex 53.0251 30.9749 10
      vertex 53.2796 31.2055 10
    endloop
  endfacet
  facet normal -0.671454 0.741046 0
    outer loop
      vertex 53.0251 30.9749 10
      vertex 53.2796 31.2055 4
      vertex 53.0251 30.9749 4
    endloop
  endfacet
  facet normal 0.14676 0.989172 -0
    outer loop
      vertex 56.1828 31.9327 4
      vertex 55.8431 31.9831 10
      vertex 56.1828 31.9327 10
    endloop
  endfacet
  facet normal 0.14676 0.989172 0
    outer loop
      vertex 55.8431 31.9831 10
      vertex 56.1828 31.9327 4
      vertex 55.8431 31.9831 4
    endloop
  endfacet
  facet normal 0.14676 -0.989172 0
    outer loop
      vertex 55.8431 25.0169 4
      vertex 56.1828 25.0673 10
      vertex 55.8431 25.0169 10
    endloop
  endfacet
  facet normal 0.14676 -0.989172 0
    outer loop
      vertex 56.1828 25.0673 10
      vertex 55.8431 25.0169 4
      vertex 56.1828 25.0673 4
    endloop
  endfacet
  facet normal 0.427661 0.903939 -0
    outer loop
      vertex 57.1499 31.5867 4
      vertex 56.8394 31.7336 10
      vertex 57.1499 31.5867 10
    endloop
  endfacet
  facet normal 0.427661 0.903939 0
    outer loop
      vertex 56.8394 31.7336 10
      vertex 57.1499 31.5867 4
      vertex 56.8394 31.7336 4
    endloop
  endfacet
  facet normal 0.941557 -0.336853 0
    outer loop
      vertex 58.7336 27.1606 10
      vertex 58.8493 27.484 4
      vertex 58.8493 27.484 10
    endloop
  endfacet
  facet normal 0.941557 -0.336853 0
    outer loop
      vertex 58.8493 27.484 4
      vertex 58.7336 27.1606 10
      vertex 58.7336 27.1606 4
    endloop
  endfacet
  facet normal 0.741046 -0.671454 0
    outer loop
      vertex 57.9749 26.0251 10
      vertex 58.2055 26.2796 4
      vertex 58.2055 26.2796 10
    endloop
  endfacet
  facet normal 0.741046 -0.671454 0
    outer loop
      vertex 58.2055 26.2796 4
      vertex 57.9749 26.0251 10
      vertex 57.9749 26.0251 4
    endloop
  endfacet
  facet normal -0.741046 0.671454 0
    outer loop
      vertex 52.7945 30.7204 4
      vertex 53.0251 30.9749 10
      vertex 53.0251 30.9749 4
    endloop
  endfacet
  facet normal -0.741046 0.671454 0
    outer loop
      vertex 53.0251 30.9749 10
      vertex 52.7945 30.7204 4
      vertex 52.7945 30.7204 10
    endloop
  endfacet
  facet normal -0.857698 0.514153 0
    outer loop
      vertex 52.4133 30.1499 4
      vertex 52.5899 30.4445 10
      vertex 52.5899 30.4445 4
    endloop
  endfacet
  facet normal -0.857698 0.514153 0
    outer loop
      vertex 52.5899 30.4445 10
      vertex 52.4133 30.1499 4
      vertex 52.4133 30.1499 10
    endloop
  endfacet
  facet normal 0.903939 0.427661 0
    outer loop
      vertex 58.7336 29.8394 10
      vertex 58.5867 30.1499 4
      vertex 58.5867 30.1499 10
    endloop
  endfacet
  facet normal 0.903939 0.427661 0
    outer loop
      vertex 58.5867 30.1499 4
      vertex 58.7336 29.8394 10
      vertex 58.7336 29.8394 4
    endloop
  endfacet
  facet normal -0.514153 0.857698 0
    outer loop
      vertex 53.8501 31.5867 4
      vertex 53.5555 31.4101 10
      vertex 53.8501 31.5867 10
    endloop
  endfacet
  facet normal -0.514153 0.857698 0
    outer loop
      vertex 53.5555 31.4101 10
      vertex 53.8501 31.5867 4
      vertex 53.5555 31.4101 4
    endloop
  endfacet
  facet normal 0.989172 -0.14676 0
    outer loop
      vertex 58.9327 27.8172 10
      vertex 58.9831 28.1569 4
      vertex 58.9831 28.1569 10
    endloop
  endfacet
  facet normal 0.989172 -0.14676 0
    outer loop
      vertex 58.9831 28.1569 4
      vertex 58.9327 27.8172 10
      vertex 58.9327 27.8172 4
    endloop
  endfacet
  facet normal 0.514153 -0.857698 0
    outer loop
      vertex 57.1499 25.4133 4
      vertex 57.4445 25.5899 10
      vertex 57.1499 25.4133 10
    endloop
  endfacet
  facet normal 0.514153 -0.857698 0
    outer loop
      vertex 57.4445 25.5899 10
      vertex 57.1499 25.4133 4
      vertex 57.4445 25.5899 4
    endloop
  endfacet
  facet normal -0.941557 0.336853 0
    outer loop
      vertex 52.1507 29.516 4
      vertex 52.2664 29.8394 10
      vertex 52.2664 29.8394 4
    endloop
  endfacet
  facet normal -0.941557 0.336853 0
    outer loop
      vertex 52.2664 29.8394 10
      vertex 52.1507 29.516 4
      vertex 52.1507 29.516 10
    endloop
  endfacet
  facet normal 0.336853 0.941557 -0
    outer loop
      vertex 56.8394 31.7336 4
      vertex 56.516 31.8493 10
      vertex 56.8394 31.7336 10
    endloop
  endfacet
  facet normal 0.336853 0.941557 0
    outer loop
      vertex 56.516 31.8493 10
      vertex 56.8394 31.7336 4
      vertex 56.516 31.8493 4
    endloop
  endfacet
  facet normal 0.24281 0.970074 -0
    outer loop
      vertex 56.516 31.8493 4
      vertex 56.1828 31.9327 10
      vertex 56.516 31.8493 10
    endloop
  endfacet
  facet normal 0.24281 0.970074 0
    outer loop
      vertex 56.1828 31.9327 10
      vertex 56.516 31.8493 4
      vertex 56.1828 31.9327 4
    endloop
  endfacet
  facet normal -0.427661 0.903939 0
    outer loop
      vertex 54.1606 31.7336 4
      vertex 53.8501 31.5867 10
      vertex 54.1606 31.7336 10
    endloop
  endfacet
  facet normal -0.427661 0.903939 0
    outer loop
      vertex 53.8501 31.5867 10
      vertex 54.1606 31.7336 4
      vertex 53.8501 31.5867 4
    endloop
  endfacet
  facet normal -0.595659 0.803237 0
    outer loop
      vertex 53.5555 31.4101 4
      vertex 53.2796 31.2055 10
      vertex 53.5555 31.4101 10
    endloop
  endfacet
  facet normal -0.595659 0.803237 0
    outer loop
      vertex 53.2796 31.2055 10
      vertex 53.5555 31.4101 4
      vertex 53.2796 31.2055 4
    endloop
  endfacet
  facet normal -0.14676 0.989172 0
    outer loop
      vertex 55.1569 31.9831 4
      vertex 54.8172 31.9327 10
      vertex 55.1569 31.9831 10
    endloop
  endfacet
  facet normal -0.14676 0.989172 0
    outer loop
      vertex 54.8172 31.9327 10
      vertex 55.1569 31.9831 4
      vertex 54.8172 31.9327 4
    endloop
  endfacet
  facet normal 0.24281 -0.970074 0
    outer loop
      vertex 56.1828 25.0673 4
      vertex 56.516 25.1507 10
      vertex 56.1828 25.0673 10
    endloop
  endfacet
  facet normal 0.24281 -0.970074 0
    outer loop
      vertex 56.516 25.1507 10
      vertex 56.1828 25.0673 4
      vertex 56.516 25.1507 4
    endloop
  endfacet
  facet normal -0.903939 -0.427661 0
    outer loop
      vertex 52.4133 26.8501 4
      vertex 52.2664 27.1606 10
      vertex 52.2664 27.1606 4
    endloop
  endfacet
  facet normal -0.903939 -0.427661 0
    outer loop
      vertex 52.2664 27.1606 10
      vertex 52.4133 26.8501 4
      vertex 52.4133 26.8501 10
    endloop
  endfacet
  facet normal -0.970074 0.24281 0
    outer loop
      vertex 52.0673 29.1828 4
      vertex 52.1507 29.516 10
      vertex 52.1507 29.516 4
    endloop
  endfacet
  facet normal -0.970074 0.24281 0
    outer loop
      vertex 52.1507 29.516 10
      vertex 52.0673 29.1828 4
      vertex 52.0673 29.1828 10
    endloop
  endfacet
  facet normal -0.741046 -0.671454 0
    outer loop
      vertex 53.0251 26.0251 4
      vertex 52.7945 26.2796 10
      vertex 52.7945 26.2796 4
    endloop
  endfacet
  facet normal -0.741046 -0.671454 0
    outer loop
      vertex 52.7945 26.2796 10
      vertex 53.0251 26.0251 4
      vertex 53.0251 26.0251 10
    endloop
  endfacet
  facet normal -0.336853 0.941557 0
    outer loop
      vertex 54.484 31.8493 4
      vertex 54.1606 31.7336 10
      vertex 54.484 31.8493 10
    endloop
  endfacet
  facet normal -0.336853 0.941557 0
    outer loop
      vertex 54.1606 31.7336 10
      vertex 54.484 31.8493 4
      vertex 54.1606 31.7336 4
    endloop
  endfacet
  facet normal -0.989172 0.14676 0
    outer loop
      vertex 52.0169 28.8431 4
      vertex 52.0673 29.1828 10
      vertex 52.0673 29.1828 4
    endloop
  endfacet
  facet normal -0.989172 0.14676 0
    outer loop
      vertex 52.0673 29.1828 10
      vertex 52.0169 28.8431 4
      vertex 52.0169 28.8431 10
    endloop
  endfacet
  facet normal -0.998789 0.0491971 0
    outer loop
      vertex 52 28.5 4
      vertex 52.0169 28.8431 10
      vertex 52.0169 28.8431 4
    endloop
  endfacet
  facet normal -0.998789 0.0491971 0
    outer loop
      vertex 52.0169 28.8431 10
      vertex 52 28.5 4
      vertex 52 28.5 10
    endloop
  endfacet
  facet normal -0.989172 -0.14676 0
    outer loop
      vertex 52.0673 27.8172 4
      vertex 52.0169 28.1569 10
      vertex 52.0169 28.1569 4
    endloop
  endfacet
  facet normal -0.989172 -0.14676 0
    outer loop
      vertex 52.0169 28.1569 10
      vertex 52.0673 27.8172 4
      vertex 52.0673 27.8172 10
    endloop
  endfacet
  facet normal -0.803237 0.595659 0
    outer loop
      vertex 52.5899 30.4445 4
      vertex 52.7945 30.7204 10
      vertex 52.7945 30.7204 4
    endloop
  endfacet
  facet normal -0.803237 0.595659 0
    outer loop
      vertex 52.7945 30.7204 10
      vertex 52.5899 30.4445 4
      vertex 52.5899 30.4445 10
    endloop
  endfacet
  facet normal 0.970074 -0.24281 0
    outer loop
      vertex 58.8493 27.484 10
      vertex 58.9327 27.8172 4
      vertex 58.9327 27.8172 10
    endloop
  endfacet
  facet normal 0.970074 -0.24281 0
    outer loop
      vertex 58.9327 27.8172 4
      vertex 58.8493 27.484 10
      vertex 58.8493 27.484 4
    endloop
  endfacet
  facet normal -0.803237 -0.595659 0
    outer loop
      vertex 52.7945 26.2796 4
      vertex 52.5899 26.5555 10
      vertex 52.5899 26.5555 4
    endloop
  endfacet
  facet normal -0.803237 -0.595659 0
    outer loop
      vertex 52.5899 26.5555 10
      vertex 52.7945 26.2796 4
      vertex 52.7945 26.2796 10
    endloop
  endfacet
  facet normal 0.0491971 0.998789 -0
    outer loop
      vertex 55.8431 31.9831 4
      vertex 55.5 32 10
      vertex 55.8431 31.9831 10
    endloop
  endfacet
  facet normal 0.0491971 0.998789 0
    outer loop
      vertex 55.5 32 10
      vertex 55.8431 31.9831 4
      vertex 55.5 32 4
    endloop
  endfacet
  facet normal -0.514153 -0.857698 0
    outer loop
      vertex 53.5555 25.5899 4
      vertex 53.8501 25.4133 10
      vertex 53.5555 25.5899 10
    endloop
  endfacet
  facet normal -0.514153 -0.857698 -0
    outer loop
      vertex 53.8501 25.4133 10
      vertex 53.5555 25.5899 4
      vertex 53.8501 25.4133 4
    endloop
  endfacet
  facet normal -0.595659 -0.803237 0
    outer loop
      vertex 53.2796 25.7945 4
      vertex 53.5555 25.5899 10
      vertex 53.2796 25.7945 10
    endloop
  endfacet
  facet normal -0.595659 -0.803237 -0
    outer loop
      vertex 53.5555 25.5899 10
      vertex 53.2796 25.7945 4
      vertex 53.5555 25.5899 4
    endloop
  endfacet
  facet normal 0.857698 -0.514153 0
    outer loop
      vertex 58.4101 26.5555 10
      vertex 58.5867 26.8501 4
      vertex 58.5867 26.8501 10
    endloop
  endfacet
  facet normal 0.857698 -0.514153 0
    outer loop
      vertex 58.5867 26.8501 4
      vertex 58.4101 26.5555 10
      vertex 58.4101 26.5555 4
    endloop
  endfacet
  facet normal -0.427661 -0.903939 0
    outer loop
      vertex 53.8501 25.4133 4
      vertex 54.1606 25.2664 10
      vertex 53.8501 25.4133 10
    endloop
  endfacet
  facet normal -0.427661 -0.903939 -0
    outer loop
      vertex 54.1606 25.2664 10
      vertex 53.8501 25.4133 4
      vertex 54.1606 25.2664 4
    endloop
  endfacet
  facet normal 0.803237 -0.595659 0
    outer loop
      vertex 58.2055 26.2796 10
      vertex 58.4101 26.5555 4
      vertex 58.4101 26.5555 10
    endloop
  endfacet
  facet normal 0.803237 -0.595659 0
    outer loop
      vertex 58.4101 26.5555 4
      vertex 58.2055 26.2796 10
      vertex 58.2055 26.2796 4
    endloop
  endfacet
  facet normal -0.24281 -0.970074 0
    outer loop
      vertex 54.484 25.1507 4
      vertex 54.8172 25.0673 10
      vertex 54.484 25.1507 10
    endloop
  endfacet
  facet normal -0.24281 -0.970074 -0
    outer loop
      vertex 54.8172 25.0673 10
      vertex 54.484 25.1507 4
      vertex 54.8172 25.0673 4
    endloop
  endfacet
  facet normal -0.857698 -0.514153 0
    outer loop
      vertex 52.5899 26.5555 4
      vertex 52.4133 26.8501 10
      vertex 52.4133 26.8501 4
    endloop
  endfacet
  facet normal -0.857698 -0.514153 0
    outer loop
      vertex 52.4133 26.8501 10
      vertex 52.5899 26.5555 4
      vertex 52.5899 26.5555 10
    endloop
  endfacet
  facet normal -0.903939 0.427661 0
    outer loop
      vertex 52.2664 29.8394 4
      vertex 52.4133 30.1499 10
      vertex 52.4133 30.1499 4
    endloop
  endfacet
  facet normal -0.903939 0.427661 0
    outer loop
      vertex 52.4133 30.1499 10
      vertex 52.2664 29.8394 4
      vertex 52.2664 29.8394 10
    endloop
  endfacet
  facet normal 0.671454 -0.741046 0
    outer loop
      vertex 57.7204 25.7945 4
      vertex 57.9749 26.0251 10
      vertex 57.7204 25.7945 10
    endloop
  endfacet
  facet normal 0.671454 -0.741046 0
    outer loop
      vertex 57.9749 26.0251 10
      vertex 57.7204 25.7945 4
      vertex 57.9749 26.0251 4
    endloop
  endfacet
  facet normal 0 0 1
    outer loop
      vertex 57.1 28.5 10
      vertex 59 28.5 10
      vertex 58.9831 28.8431 10
    endloop
  endfacet
  facet normal 0 0 1
    outer loop
      vertex 57.0923 28.6568 10
      vertex 58.9831 28.8431 10
      vertex 58.9327 29.1828 10
    endloop
  endfacet
  facet normal 0 0 1
    outer loop
      vertex 59 28.5 10
      vertex 57.1 28.5 10
      vertex 58.9831 28.1569 10
    endloop
  endfacet
  facet normal 0 0 1
    outer loop
      vertex 57.0693 28.8121 10
      vertex 58.9327 29.1828 10
      vertex 58.8493 29.516 10
    endloop
  endfacet
  facet normal -0 0 1
    outer loop
      vertex 57.0923 28.3432 10
      vertex 58.9831 28.1569 10
      vertex 57.1 28.5 10
    endloop
  endfacet
  facet normal 0 0 1
    outer loop
      vertex 57.0311 28.9645 10
      vertex 58.8493 29.516 10
      vertex 58.7336 29.8394 10
    endloop
  endfacet
  facet normal 0 0 1
    outer loop
      vertex 58.9831 28.1569 10
      vertex 57.0923 28.3432 10
      vertex 58.9327 27.8172 10
    endloop
  endfacet
  facet normal 0 0 1
    outer loop
      vertex 56.9782 29.1123 10
      vertex 58.7336 29.8394 10
      vertex 58.5867 30.1499 10
    endloop
  endfacet
  facet normal -0 0 1
    outer loop
      vertex 57.0693 28.1879 10
      vertex 58.9327 27.8172 10
      vertex 57.0923 28.3432 10
    endloop
  endfacet
  facet normal 0 0 1
    outer loop
      vertex 56.9111 29.2542 10
      vertex 58.5867 30.1499 10
      vertex 58.4101 30.4445 10
    endloop
  endfacet
  facet normal 0 0 1
    outer loop
      vertex 58.9327 27.8172 10
      vertex 57.0693 28.1879 10
      vertex 58.8493 27.484 10
    endloop
  endfacet
  facet normal 0 0 1
    outer loop
      vertex 56.8304 29.3889 10
      vertex 58.4101 30.4445 10
      vertex 58.2055 30.7204 10
    endloop
  endfacet
  facet normal -0 0 1
    outer loop
      vertex 57.0311 28.0355 10
      vertex 58.8493 27.484 10
      vertex 57.0693 28.1879 10
    endloop
  endfacet
  facet normal 0 0 1
    outer loop
      vertex 56.7368 29.515 10
      vertex 58.2055 30.7204 10
      vertex 57.9749 30.9749 10
    endloop
  endfacet
  facet normal 0 0 1
    outer loop
      vertex 58.8493 27.484 10
      vertex 57.0311 28.0355 10
      vertex 58.7336 27.1606 10
    endloop
  endfacet
  facet normal 0 0 1
    outer loop
      vertex 56.6314 29.6314 10
      vertex 57.9749 30.9749 10
      vertex 57.7204 31.2055 10
    endloop
  endfacet
  facet normal -0 0 1
    outer loop
      vertex 56.9782 27.8877 10
      vertex 58.7336 27.1606 10
      vertex 57.0311 28.0355 10
    endloop
  endfacet
  facet normal 0 0 1
    outer loop
      vertex 56.515 29.7368 10
      vertex 57.7204 31.2055 10
      vertex 57.4445 31.4101 10
    endloop
  endfacet
  facet normal 0 0 1
    outer loop
      vertex 58.7336 27.1606 10
      vertex 56.9782 27.8877 10
      vertex 58.5867 26.8501 10
    endloop
  endfacet
  facet normal 0 0 1
    outer loop
      vertex 56.3889 29.8304 10
      vertex 57.4445 31.4101 10
      vertex 57.1499 31.5867 10
    endloop
  endfacet
  facet normal -0 0 1
    outer loop
      vertex 56.9111 27.7458 10
      vertex 58.5867 26.8501 10
      vertex 56.9782 27.8877 10
    endloop
  endfacet
  facet normal 0 0 1
    outer loop
      vertex 58.5867 26.8501 10
      vertex 56.9111 27.7458 10
      vertex 58.4101 26.5555 10
    endloop
  endfacet
  facet normal 0 0 1
    outer loop
      vertex 58.9831 28.8431 10
      vertex 57.0923 28.6568 10
      vertex 57.1 28.5 10
    endloop
  endfacet
  facet normal 0 0 1
    outer loop
      vertex 58.9327 29.1828 10
      vertex 57.0693 28.8121 10
      vertex 57.0923 28.6568 10
    endloop
  endfacet
  facet normal 0 0 1
    outer loop
      vertex 58.8493 29.516 10
      vertex 57.0311 28.9645 10
      vertex 57.0693 28.8121 10
    endloop
  endfacet
  facet normal 0 0 1
    outer loop
      vertex 58.7336 29.8394 10
      vertex 56.9782 29.1123 10
      vertex 57.0311 28.9645 10
    endloop
  endfacet
  facet normal 0 0 1
    outer loop
      vertex 58.5867 30.1499 10
      vertex 56.9111 29.2542 10
      vertex 56.9782 29.1123 10
    endloop
  endfacet
  facet normal 0 0 1
    outer loop
      vertex 56.2542 29.9111 10
      vertex 57.1499 31.5867 10
      vertex 56.8394 31.7336 10
    endloop
  endfacet
  facet normal 0 0 1
    outer loop
      vertex 58.4101 30.4445 10
      vertex 56.8304 29.3889 10
      vertex 56.9111 29.2542 10
    endloop
  endfacet
  facet normal 0 0 1
    outer loop
      vertex 58.2055 30.7204 10
      vertex 56.7368 29.515 10
      vertex 56.8304 29.3889 10
    endloop
  endfacet
  facet normal 0 0 1
    outer loop
      vertex 57.9749 30.9749 10
      vertex 56.6314 29.6314 10
      vertex 56.7368 29.515 10
    endloop
  endfacet
  facet normal 0 0 1
    outer loop
      vertex 56.1123 29.9782 10
      vertex 56.8394 31.7336 10
      vertex 56.516 31.8493 10
    endloop
  endfacet
  facet normal 0 0 1
    outer loop
      vertex 57.7204 31.2055 10
      vertex 56.515 29.7368 10
      vertex 56.6314 29.6314 10
    endloop
  endfacet
  facet normal 0 0 1
    outer loop
      vertex 57.4445 31.4101 10
      vertex 56.3889 29.8304 10
      vertex 56.515 29.7368 10
    endloop
  endfacet
  facet normal 0 0 1
    outer loop
      vertex 57.1499 31.5867 10
      vertex 56.2542 29.9111 10
      vertex 56.3889 29.8304 10
    endloop
  endfacet
  facet normal 0 0 1
    outer loop
      vertex 55.9645 30.0311 10
      vertex 56.516 31.8493 10
      vertex 56.1828 31.9327 10
    endloop
  endfacet
  facet normal 0 0 1
    outer loop
      vertex 56.8394 31.7336 10
      vertex 56.1123 29.9782 10
      vertex 56.2542 29.9111 10
    endloop
  endfacet
  facet normal 0 0 1
    outer loop
      vertex 56.516 31.8493 10
      vertex 55.9645 30.0311 10
      vertex 56.1123 29.9782 10
    endloop
  endfacet
  facet normal 0 0 1
    outer loop
      vertex 55.8121 30.0693 10
      vertex 56.1828 31.9327 10
      vertex 55.8431 31.9831 10
    endloop
  endfacet
  facet normal 0 0 1
    outer loop
      vertex 56.1828 31.9327 10
      vertex 55.8121 30.0693 10
      vertex 55.9645 30.0311 10
    endloop
  endfacet
  facet normal 0 0 1
    outer loop
      vertex 55.8431 31.9831 10
      vertex 55.6568 30.0923 10
      vertex 55.8121 30.0693 10
    endloop
  endfacet
  facet normal 0 0 1
    outer loop
      vertex 55.5 32 10
      vertex 55.6568 30.0923 10
      vertex 55.8431 31.9831 10
    endloop
  endfacet
  facet normal 0 0 1
    outer loop
      vertex 55.5 32 10
      vertex 55.5 30.1 10
      vertex 55.6568 30.0923 10
    endloop
  endfacet
  facet normal 0 0 1
    outer loop
      vertex 55.5 32 10
      vertex 55.3432 30.0923 10
      vertex 55.5 30.1 10
    endloop
  endfacet
  facet normal -0 0 1
    outer loop
      vertex 55.1569 31.9831 10
      vertex 55.3432 30.0923 10
      vertex 55.5 32 10
    endloop
  endfacet
  facet normal 0 0 1
    outer loop
      vertex 55.3432 30.0923 10
      vertex 55.1569 31.9831 10
      vertex 55.1879 30.0693 10
    endloop
  endfacet
  facet normal -0 0 1
    outer loop
      vertex 54.8172 31.9327 10
      vertex 55.1879 30.0693 10
      vertex 55.1569 31.9831 10
    endloop
  endfacet
  facet normal 0 0 1
    outer loop
      vertex 55.1879 30.0693 10
      vertex 54.8172 31.9327 10
      vertex 55.0355 30.0311 10
    endloop
  endfacet
  facet normal -0 0 1
    outer loop
      vertex 54.484 31.8493 10
      vertex 55.0355 30.0311 10
      vertex 54.8172 31.9327 10
    endloop
  endfacet
  facet normal 0 0 1
    outer loop
      vertex 55.0355 30.0311 10
      vertex 54.484 31.8493 10
      vertex 54.8877 29.9782 10
    endloop
  endfacet
  facet normal -0 0 1
    outer loop
      vertex 54.1606 31.7336 10
      vertex 54.8877 29.9782 10
      vertex 54.484 31.8493 10
    endloop
  endfacet
  facet normal 0 0 1
    outer loop
      vertex 54.8877 29.9782 10
      vertex 54.1606 31.7336 10
      vertex 54.7458 29.9111 10
    endloop
  endfacet
  facet normal -0 0 1
    outer loop
      vertex 53.8501 31.5867 10
      vertex 54.7458 29.9111 10
      vertex 54.1606 31.7336 10
    endloop
  endfacet
  facet normal 0 0 1
    outer loop
      vertex 54.7458 29.9111 10
      vertex 53.8501 31.5867 10
      vertex 54.6111 29.8304 10
    endloop
  endfacet
  facet normal -0 0 1
    outer loop
      vertex 53.5555 31.4101 10
      vertex 54.6111 29.8304 10
      vertex 53.8501 31.5867 10
    endloop
  endfacet
  facet normal 0 0 1
    outer loop
      vertex 54.6111 29.8304 10
      vertex 53.5555 31.4101 10
      vertex 54.485 29.7368 10
    endloop
  endfacet
  facet normal -0 0 1
    outer loop
      vertex 53.2796 31.2055 10
      vertex 54.485 29.7368 10
      vertex 53.5555 31.4101 10
    endloop
  endfacet
  facet normal 0 0 1
    outer loop
      vertex 54.485 29.7368 10
      vertex 53.2796 31.2055 10
      vertex 54.3686 29.6314 10
    endloop
  endfacet
  facet normal -0 0 1
    outer loop
      vertex 53.0251 30.9749 10
      vertex 54.3686 29.6314 10
      vertex 53.2796 31.2055 10
    endloop
  endfacet
  facet normal 0 0 1
    outer loop
      vertex 54.3686 29.6314 10
      vertex 53.0251 30.9749 10
      vertex 54.2632 29.515 10
    endloop
  endfacet
  facet normal -0 0 1
    outer loop
      vertex 52.7945 30.7204 10
      vertex 54.2632 29.515 10
      vertex 53.0251 30.9749 10
    endloop
  endfacet
  facet normal 0 0 1
    outer loop
      vertex 54.2632 29.515 10
      vertex 52.7945 30.7204 10
      vertex 54.1696 29.3889 10
    endloop
  endfacet
  facet normal 0 0 1
    outer loop
      vertex 54.1696 29.3889 10
      vertex 52.5899 30.4445 10
      vertex 54.0889 29.2542 10
    endloop
  endfacet
  facet normal -0 0 1
    outer loop
      vertex 52.5899 30.4445 10
      vertex 54.1696 29.3889 10
      vertex 52.7945 30.7204 10
    endloop
  endfacet
  facet normal -0 0 1
    outer loop
      vertex 56.8304 27.6111 10
      vertex 58.4101 26.5555 10
      vertex 56.9111 27.7458 10
    endloop
  endfacet
  facet normal 0 0 1
    outer loop
      vertex 58.4101 26.5555 10
      vertex 56.8304 27.6111 10
      vertex 58.2055 26.2796 10
    endloop
  endfacet
  facet normal -0 0 1
    outer loop
      vertex 56.7368 27.485 10
      vertex 58.2055 26.2796 10
      vertex 56.8304 27.6111 10
    endloop
  endfacet
  facet normal 0 0 1
    outer loop
      vertex 58.2055 26.2796 10
      vertex 56.7368 27.485 10
      vertex 57.9749 26.0251 10
    endloop
  endfacet
  facet normal -0 0 1
    outer loop
      vertex 56.6314 27.3686 10
      vertex 57.9749 26.0251 10
      vertex 56.7368 27.485 10
    endloop
  endfacet
  facet normal 0 0 1
    outer loop
      vertex 57.9749 26.0251 10
      vertex 56.6314 27.3686 10
      vertex 57.7204 25.7945 10
    endloop
  endfacet
  facet normal -0 0 1
    outer loop
      vertex 56.515 27.2632 10
      vertex 57.7204 25.7945 10
      vertex 56.6314 27.3686 10
    endloop
  endfacet
  facet normal 0 0 1
    outer loop
      vertex 57.7204 25.7945 10
      vertex 56.515 27.2632 10
      vertex 57.4445 25.5899 10
    endloop
  endfacet
  facet normal -0 0 1
    outer loop
      vertex 56.3889 27.1696 10
      vertex 57.4445 25.5899 10
      vertex 56.515 27.2632 10
    endloop
  endfacet
  facet normal 0 0 1
    outer loop
      vertex 57.4445 25.5899 10
      vertex 56.3889 27.1696 10
      vertex 57.1499 25.4133 10
    endloop
  endfacet
  facet normal -0 0 1
    outer loop
      vertex 56.2542 27.0889 10
      vertex 57.1499 25.4133 10
      vertex 56.3889 27.1696 10
    endloop
  endfacet
  facet normal 0 0 1
    outer loop
      vertex 57.1499 25.4133 10
      vertex 56.2542 27.0889 10
      vertex 56.8394 25.2664 10
    endloop
  endfacet
  facet normal -0 0 1
    outer loop
      vertex 56.1123 27.0218 10
      vertex 56.8394 25.2664 10
      vertex 56.2542 27.0889 10
    endloop
  endfacet
  facet normal 0 0 1
    outer loop
      vertex 56.8394 25.2664 10
      vertex 56.1123 27.0218 10
      vertex 56.516 25.1507 10
    endloop
  endfacet
  facet normal -0 0 1
    outer loop
      vertex 55.9645 26.9689 10
      vertex 56.516 25.1507 10
      vertex 56.1123 27.0218 10
    endloop
  endfacet
  facet normal 0 0 1
    outer loop
      vertex 56.516 25.1507 10
      vertex 55.9645 26.9689 10
      vertex 56.1828 25.0673 10
    endloop
  endfacet
  facet normal -0 0 1
    outer loop
      vertex 55.8121 26.9307 10
      vertex 56.1828 25.0673 10
      vertex 55.9645 26.9689 10
    endloop
  endfacet
  facet normal 0 0 1
    outer loop
      vertex 56.1828 25.0673 10
      vertex 55.8121 26.9307 10
      vertex 55.8431 25.0169 10
    endloop
  endfacet
  facet normal -0 0 1
    outer loop
      vertex 55.6568 26.9077 10
      vertex 55.8431 25.0169 10
      vertex 55.8121 26.9307 10
    endloop
  endfacet
  facet normal -0 0 1
    outer loop
      vertex 55.5 26.9 10
      vertex 55.8431 25.0169 10
      vertex 55.6568 26.9077 10
    endloop
  endfacet
  facet normal 0 0 1
    outer loop
      vertex 55.5 26.9 10
      vertex 55.5 25 10
      vertex 55.8431 25.0169 10
    endloop
  endfacet
  facet normal 0 0 1
    outer loop
      vertex 55.3432 26.9077 10
      vertex 55.5 25 10
      vertex 55.5 26.9 10
    endloop
  endfacet
  facet normal 0 0 1
    outer loop
      vertex 55.1569 25.0169 10
      vertex 55.3432 26.9077 10
      vertex 55.1879 26.9307 10
    endloop
  endfacet
  facet normal 0 0 1
    outer loop
      vertex 55.3432 26.9077 10
      vertex 55.1569 25.0169 10
      vertex 55.5 25 10
    endloop
  endfacet
  facet normal 0 0 1
    outer loop
      vertex 54.8172 25.0673 10
      vertex 55.1879 26.9307 10
      vertex 55.0355 26.9689 10
    endloop
  endfacet
  facet normal 0 0 1
    outer loop
      vertex 54.484 25.1507 10
      vertex 55.0355 26.9689 10
      vertex 54.8877 27.0218 10
    endloop
  endfacet
  facet normal 0 0 1
    outer loop
      vertex 55.1879 26.9307 10
      vertex 54.8172 25.0673 10
      vertex 55.1569 25.0169 10
    endloop
  endfacet
  facet normal 0 0 1
    outer loop
      vertex 54.1606 25.2664 10
      vertex 54.8877 27.0218 10
      vertex 54.7458 27.0889 10
    endloop
  endfacet
  facet normal 0 0 1
    outer loop
      vertex 53.8501 25.4133 10
      vertex 54.7458 27.0889 10
      vertex 54.6111 27.1696 10
    endloop
  endfacet
  facet normal 0 0 1
    outer loop
      vertex 53.5555 25.5899 10
      vertex 54.6111 27.1696 10
      vertex 54.485 27.2632 10
    endloop
  endfacet
  facet normal 0 0 1
    outer loop
      vertex 55.0355 26.9689 10
      vertex 54.484 25.1507 10
      vertex 54.8172 25.0673 10
    endloop
  endfacet
  facet normal 0 0 1
    outer loop
      vertex 53.2796 25.7945 10
      vertex 54.485 27.2632 10
      vertex 54.3686 27.3686 10
    endloop
  endfacet
  facet normal 0 0 1
    outer loop
      vertex 53.0251 26.0251 10
      vertex 54.3686 27.3686 10
      vertex 54.2632 27.485 10
    endloop
  endfacet
  facet normal 0 0 1
    outer loop
      vertex 52.7945 26.2796 10
      vertex 54.2632 27.485 10
      vertex 54.1696 27.6111 10
    endloop
  endfacet
  facet normal 0 0 1
    outer loop
      vertex 54.8877 27.0218 10
      vertex 54.1606 25.2664 10
      vertex 54.484 25.1507 10
    endloop
  endfacet
  facet normal 0 0 1
    outer loop
      vertex 52.5899 26.5555 10
      vertex 54.1696 27.6111 10
      vertex 54.0889 27.7458 10
    endloop
  endfacet
  facet normal 0 0 1
    outer loop
      vertex 52.4133 26.8501 10
      vertex 54.0889 27.7458 10
      vertex 54.0218 27.8877 10
    endloop
  endfacet
  facet normal 0 0 1
    outer loop
      vertex 52.2664 27.1606 10
      vertex 54.0218 27.8877 10
      vertex 53.9689 28.0355 10
    endloop
  endfacet
  facet normal 0 0 1
    outer loop
      vertex 52.1507 27.484 10
      vertex 53.9689 28.0355 10
      vertex 53.9307 28.1879 10
    endloop
  endfacet
  facet normal 0 0 1
    outer loop
      vertex 52.0673 27.8172 10
      vertex 53.9307 28.1879 10
      vertex 53.9077 28.3432 10
    endloop
  endfacet
  facet normal 0 0 1
    outer loop
      vertex 54.7458 27.0889 10
      vertex 53.8501 25.4133 10
      vertex 54.1606 25.2664 10
    endloop
  endfacet
  facet normal 0 0 1
    outer loop
      vertex 52.0169 28.1569 10
      vertex 53.9077 28.3432 10
      vertex 53.9 28.5 10
    endloop
  endfacet
  facet normal -0 0 1
    outer loop
      vertex 52.4133 30.1499 10
      vertex 54.0889 29.2542 10
      vertex 52.5899 30.4445 10
    endloop
  endfacet
  facet normal 0 0 1
    outer loop
      vertex 54.0889 29.2542 10
      vertex 52.4133 30.1499 10
      vertex 54.0218 29.1123 10
    endloop
  endfacet
  facet normal 0 0 1
    outer loop
      vertex 54.6111 27.1696 10
      vertex 53.5555 25.5899 10
      vertex 53.8501 25.4133 10
    endloop
  endfacet
  facet normal -0 0 1
    outer loop
      vertex 52.2664 29.8394 10
      vertex 54.0218 29.1123 10
      vertex 52.4133 30.1499 10
    endloop
  endfacet
  facet normal 0 0 1
    outer loop
      vertex 54.485 27.2632 10
      vertex 53.2796 25.7945 10
      vertex 53.5555 25.5899 10
    endloop
  endfacet
  facet normal 0 0 1
    outer loop
      vertex 54.0218 29.1123 10
      vertex 52.2664 29.8394 10
      vertex 53.9689 28.9645 10
    endloop
  endfacet
  facet normal 0 0 1
    outer loop
      vertex 54.3686 27.3686 10
      vertex 53.0251 26.0251 10
      vertex 53.2796 25.7945 10
    endloop
  endfacet
  facet normal -0 0 1
    outer loop
      vertex 52.1507 29.516 10
      vertex 53.9689 28.9645 10
      vertex 52.2664 29.8394 10
    endloop
  endfacet
  facet normal 0 0 1
    outer loop
      vertex 54.2632 27.485 10
      vertex 52.7945 26.2796 10
      vertex 53.0251 26.0251 10
    endloop
  endfacet
  facet normal 0 0 1
    outer loop
      vertex 53.9689 28.9645 10
      vertex 52.1507 29.516 10
      vertex 53.9307 28.8121 10
    endloop
  endfacet
  facet normal 0 0 1
    outer loop
      vertex 54.1696 27.6111 10
      vertex 52.5899 26.5555 10
      vertex 52.7945 26.2796 10
    endloop
  endfacet
  facet normal -0 0 1
    outer loop
      vertex 52.0673 29.1828 10
      vertex 53.9307 28.8121 10
      vertex 52.1507 29.516 10
    endloop
  endfacet
  facet normal 0 0 1
    outer loop
      vertex 54.0889 27.7458 10
      vertex 52.4133 26.8501 10
      vertex 52.5899 26.5555 10
    endloop
  endfacet
  facet normal 0 0 1
    outer loop
      vertex 53.9307 28.8121 10
      vertex 52.0673 29.1828 10
      vertex 53.9077 28.6568 10
    endloop
  endfacet
  facet normal 0 0 1
    outer loop
      vertex 54.0218 27.8877 10
      vertex 52.2664 27.1606 10
      vertex 52.4133 26.8501 10
    endloop
  endfacet
  facet normal -0 0 1
    outer loop
      vertex 52.0169 28.8431 10
      vertex 53.9077 28.6568 10
      vertex 52.0673 29.1828 10
    endloop
  endfacet
  facet normal 0 0 1
    outer loop
      vertex 53.9689 28.0355 10
      vertex 52.1507 27.484 10
      vertex 52.2664 27.1606 10
    endloop
  endfacet
  facet normal 0 0 1
    outer loop
      vertex 53.9077 28.6568 10
      vertex 52.0169 28.8431 10
      vertex 53.9 28.5 10
    endloop
  endfacet
  facet normal 0 0 1
    outer loop
      vertex 53.9307 28.1879 10
      vertex 52.0673 27.8172 10
      vertex 52.1507 27.484 10
    endloop
  endfacet
  facet normal 0 0 1
    outer loop
      vertex 52 28.5 10
      vertex 53.9 28.5 10
      vertex 52.0169 28.8431 10
    endloop
  endfacet
  facet normal 0 0 1
    outer loop
      vertex 53.9077 28.3432 10
      vertex 52.0169 28.1569 10
      vertex 52.0673 27.8172 10
    endloop
  endfacet
  facet normal 0 0 1
    outer loop
      vertex 53.9 28.5 10
      vertex 52 28.5 10
      vertex 52.0169 28.1569 10
    endloop
  endfacet
  facet normal -0.98921 -0.146502 0
    outer loop
      vertex 57.0923 28.6568 4
      vertex 57.0693 28.8121 10
      vertex 57.0693 28.8121 4
    endloop
  endfacet
  facet normal -0.98921 -0.146502 0
    outer loop
      vertex 57.0693 28.8121 10
      vertex 57.0923 28.6568 4
      vertex 57.0923 28.6568 10
    endloop
  endfacet
  facet normal -0.998796 -0.049048 0
    outer loop
      vertex 57.1 28.5 4
      vertex 57.0923 28.6568 10
      vertex 57.0923 28.6568 4
    endloop
  endfacet
  facet normal -0.998796 -0.049048 0
    outer loop
      vertex 57.0923 28.6568 10
      vertex 57.1 28.5 4
      vertex 57.1 28.5 10
    endloop
  endfacet
  facet normal -0.969993 -0.243135 0
    outer loop
      vertex 57.0693 28.8121 4
      vertex 57.0311 28.9645 10
      vertex 57.0311 28.9645 4
    endloop
  endfacet
  facet normal -0.969993 -0.243135 0
    outer loop
      vertex 57.0311 28.9645 10
      vertex 57.0693 28.8121 4
      vertex 57.0693 28.8121 10
    endloop
  endfacet
  facet normal -0.427484 -0.904023 0
    outer loop
      vertex 56.1123 29.9782 4
      vertex 56.2542 29.9111 10
      vertex 56.1123 29.9782 10
    endloop
  endfacet
  facet normal -0.427484 -0.904023 -0
    outer loop
      vertex 56.2542 29.9111 10
      vertex 56.1123 29.9782 4
      vertex 56.2542 29.9111 4
    endloop
  endfacet
  facet normal 0.243135 0.969993 -0
    outer loop
      vertex 55.1879 26.9307 4
      vertex 55.0355 26.9689 10
      vertex 55.1879 26.9307 10
    endloop
  endfacet
  facet normal 0.243135 0.969993 0
    outer loop
      vertex 55.0355 26.9689 10
      vertex 55.1879 26.9307 4
      vertex 55.0355 26.9689 4
    endloop
  endfacet
  facet normal 0.85783 0.513934 0
    outer loop
      vertex 54.1696 27.6111 10
      vertex 54.0889 27.7458 4
      vertex 54.0889 27.7458 10
    endloop
  endfacet
  facet normal 0.85783 0.513934 0
    outer loop
      vertex 54.0889 27.7458 4
      vertex 54.1696 27.6111 10
      vertex 54.1696 27.6111 4
    endloop
  endfacet
  facet normal -0.146502 0.98921 0
    outer loop
      vertex 55.8121 26.9307 4
      vertex 55.6568 26.9077 10
      vertex 55.8121 26.9307 10
    endloop
  endfacet
  facet normal -0.146502 0.98921 0
    outer loop
      vertex 55.6568 26.9077 10
      vertex 55.8121 26.9307 4
      vertex 55.6568 26.9077 4
    endloop
  endfacet
  facet normal -0.741264 -0.671213 0
    outer loop
      vertex 56.7368 29.515 4
      vertex 56.6314 29.6314 10
      vertex 56.6314 29.6314 4
    endloop
  endfacet
  facet normal -0.741264 -0.671213 0
    outer loop
      vertex 56.6314 29.6314 10
      vertex 56.7368 29.515 4
      vertex 56.7368 29.515 10
    endloop
  endfacet
  facet normal 0.513934 -0.85783 0
    outer loop
      vertex 54.6111 29.8304 4
      vertex 54.7458 29.9111 10
      vertex 54.6111 29.8304 10
    endloop
  endfacet
  facet normal 0.513934 -0.85783 0
    outer loop
      vertex 54.7458 29.9111 10
      vertex 54.6111 29.8304 4
      vertex 54.7458 29.9111 4
    endloop
  endfacet
  facet normal -0.741264 0.671213 0
    outer loop
      vertex 56.6314 27.3686 4
      vertex 56.7368 27.485 10
      vertex 56.7368 27.485 4
    endloop
  endfacet
  facet normal -0.741264 0.671213 0
    outer loop
      vertex 56.7368 27.485 10
      vertex 56.6314 27.3686 4
      vertex 56.6314 27.3686 10
    endloop
  endfacet
  facet normal -0.513934 0.85783 0
    outer loop
      vertex 56.3889 27.1696 4
      vertex 56.2542 27.0889 10
      vertex 56.3889 27.1696 10
    endloop
  endfacet
  facet normal -0.513934 0.85783 0
    outer loop
      vertex 56.2542 27.0889 10
      vertex 56.3889 27.1696 4
      vertex 56.2542 27.0889 4
    endloop
  endfacet
  facet normal -0.243135 -0.969993 0
    outer loop
      vertex 55.8121 30.0693 4
      vertex 55.9645 30.0311 10
      vertex 55.8121 30.0693 10
    endloop
  endfacet
  facet normal -0.243135 -0.969993 -0
    outer loop
      vertex 55.9645 30.0311 10
      vertex 55.8121 30.0693 4
      vertex 55.9645 30.0311 4
    endloop
  endfacet
  facet normal 0.98921 -0.146502 0
    outer loop
      vertex 53.9077 28.6568 10
      vertex 53.9307 28.8121 4
      vertex 53.9307 28.8121 10
    endloop
  endfacet
  facet normal 0.98921 -0.146502 0
    outer loop
      vertex 53.9307 28.8121 4
      vertex 53.9077 28.6568 10
      vertex 53.9077 28.6568 4
    endloop
  endfacet
  facet normal -0.85783 -0.513934 0
    outer loop
      vertex 56.9111 29.2542 4
      vertex 56.8304 29.3889 10
      vertex 56.8304 29.3889 4
    endloop
  endfacet
  facet normal -0.85783 -0.513934 0
    outer loop
      vertex 56.8304 29.3889 10
      vertex 56.9111 29.2542 4
      vertex 56.9111 29.2542 10
    endloop
  endfacet
  facet normal -0.969993 0.243135 0
    outer loop
      vertex 57.0311 28.0355 4
      vertex 57.0693 28.1879 10
      vertex 57.0693 28.1879 4
    endloop
  endfacet
  facet normal -0.969993 0.243135 0
    outer loop
      vertex 57.0693 28.1879 10
      vertex 57.0311 28.0355 4
      vertex 57.0311 28.0355 10
    endloop
  endfacet
  facet normal 0.146502 0.98921 -0
    outer loop
      vertex 55.3432 26.9077 4
      vertex 55.1879 26.9307 10
      vertex 55.3432 26.9077 10
    endloop
  endfacet
  facet normal 0.146502 0.98921 0
    outer loop
      vertex 55.1879 26.9307 10
      vertex 55.3432 26.9077 4
      vertex 55.1879 26.9307 4
    endloop
  endfacet
  facet normal 0.998796 0.049048 0
    outer loop
      vertex 53.9077 28.3432 10
      vertex 53.9 28.5 4
      vertex 53.9 28.5 10
    endloop
  endfacet
  facet normal 0.998796 0.049048 0
    outer loop
      vertex 53.9 28.5 4
      vertex 53.9077 28.3432 10
      vertex 53.9077 28.3432 4
    endloop
  endfacet
  facet normal -0.146502 -0.98921 0
    outer loop
      vertex 55.6568 30.0923 4
      vertex 55.8121 30.0693 10
      vertex 55.6568 30.0923 10
    endloop
  endfacet
  facet normal -0.146502 -0.98921 -0
    outer loop
      vertex 55.8121 30.0693 10
      vertex 55.6568 30.0923 4
      vertex 55.8121 30.0693 4
    endloop
  endfacet
  facet normal -0.941511 -0.336982 0
    outer loop
      vertex 57.0311 28.9645 4
      vertex 56.9782 29.1123 10
      vertex 56.9782 29.1123 4
    endloop
  endfacet
  facet normal -0.941511 -0.336982 0
    outer loop
      vertex 56.9782 29.1123 10
      vertex 57.0311 28.9645 4
      vertex 57.0311 28.9645 10
    endloop
  endfacet
  facet normal -0.671213 -0.741264 0
    outer loop
      vertex 56.515 29.7368 4
      vertex 56.6314 29.6314 10
      vertex 56.515 29.7368 10
    endloop
  endfacet
  facet normal -0.671213 -0.741264 -0
    outer loop
      vertex 56.6314 29.6314 10
      vertex 56.515 29.7368 4
      vertex 56.6314 29.6314 4
    endloop
  endfacet
  facet normal 0.969993 0.243135 0
    outer loop
      vertex 53.9689 28.0355 10
      vertex 53.9307 28.1879 4
      vertex 53.9307 28.1879 10
    endloop
  endfacet
  facet normal 0.969993 0.243135 0
    outer loop
      vertex 53.9307 28.1879 4
      vertex 53.9689 28.0355 10
      vertex 53.9689 28.0355 4
    endloop
  endfacet
  facet normal 0.336982 -0.941511 0
    outer loop
      vertex 54.8877 29.9782 4
      vertex 55.0355 30.0311 10
      vertex 54.8877 29.9782 10
    endloop
  endfacet
  facet normal 0.336982 -0.941511 0
    outer loop
      vertex 55.0355 30.0311 10
      vertex 54.8877 29.9782 4
      vertex 55.0355 30.0311 4
    endloop
  endfacet
  facet normal 0.941511 0.336982 0
    outer loop
      vertex 54.0218 27.8877 10
      vertex 53.9689 28.0355 4
      vertex 53.9689 28.0355 10
    endloop
  endfacet
  facet normal 0.941511 0.336982 0
    outer loop
      vertex 53.9689 28.0355 4
      vertex 54.0218 27.8877 10
      vertex 54.0218 27.8877 4
    endloop
  endfacet
  facet normal -0.336982 -0.941511 0
    outer loop
      vertex 55.9645 30.0311 4
      vertex 56.1123 29.9782 10
      vertex 55.9645 30.0311 10
    endloop
  endfacet
  facet normal -0.336982 -0.941511 -0
    outer loop
      vertex 56.1123 29.9782 10
      vertex 55.9645 30.0311 4
      vertex 56.1123 29.9782 4
    endloop
  endfacet
  facet normal 0.80297 -0.596019 0
    outer loop
      vertex 54.1696 29.3889 10
      vertex 54.2632 29.515 4
      vertex 54.2632 29.515 10
    endloop
  endfacet
  facet normal 0.80297 -0.596019 0
    outer loop
      vertex 54.2632 29.515 4
      vertex 54.1696 29.3889 10
      vertex 54.1696 29.3889 4
    endloop
  endfacet
  facet normal -0.80297 -0.596019 0
    outer loop
      vertex 56.8304 29.3889 4
      vertex 56.7368 29.515 10
      vertex 56.7368 29.515 4
    endloop
  endfacet
  facet normal -0.80297 -0.596019 0
    outer loop
      vertex 56.7368 29.515 10
      vertex 56.8304 29.3889 4
      vertex 56.8304 29.3889 10
    endloop
  endfacet
  facet normal 0.969993 -0.243135 0
    outer loop
      vertex 53.9307 28.8121 10
      vertex 53.9689 28.9645 4
      vertex 53.9689 28.9645 10
    endloop
  endfacet
  facet normal 0.969993 -0.243135 0
    outer loop
      vertex 53.9689 28.9645 4
      vertex 53.9307 28.8121 10
      vertex 53.9307 28.8121 4
    endloop
  endfacet
  facet normal 0.671213 -0.741264 0
    outer loop
      vertex 54.3686 29.6314 4
      vertex 54.485 29.7368 10
      vertex 54.3686 29.6314 10
    endloop
  endfacet
  facet normal 0.671213 -0.741264 0
    outer loop
      vertex 54.485 29.7368 10
      vertex 54.3686 29.6314 4
      vertex 54.485 29.7368 4
    endloop
  endfacet
  facet normal -0.427484 0.904023 0
    outer loop
      vertex 56.2542 27.0889 4
      vertex 56.1123 27.0218 10
      vertex 56.2542 27.0889 10
    endloop
  endfacet
  facet normal -0.427484 0.904023 0
    outer loop
      vertex 56.1123 27.0218 10
      vertex 56.2542 27.0889 4
      vertex 56.1123 27.0218 4
    endloop
  endfacet
  facet normal 0.243135 -0.969993 0
    outer loop
      vertex 55.0355 30.0311 4
      vertex 55.1879 30.0693 10
      vertex 55.0355 30.0311 10
    endloop
  endfacet
  facet normal 0.243135 -0.969993 0
    outer loop
      vertex 55.1879 30.0693 10
      vertex 55.0355 30.0311 4
      vertex 55.1879 30.0693 4
    endloop
  endfacet
  facet normal 0.941511 -0.336982 0
    outer loop
      vertex 53.9689 28.9645 10
      vertex 54.0218 29.1123 4
      vertex 54.0218 29.1123 10
    endloop
  endfacet
  facet normal 0.941511 -0.336982 0
    outer loop
      vertex 54.0218 29.1123 4
      vertex 53.9689 28.9645 10
      vertex 53.9689 28.9645 4
    endloop
  endfacet
  facet normal -0.513934 -0.85783 0
    outer loop
      vertex 56.2542 29.9111 4
      vertex 56.3889 29.8304 10
      vertex 56.2542 29.9111 10
    endloop
  endfacet
  facet normal -0.513934 -0.85783 -0
    outer loop
      vertex 56.3889 29.8304 10
      vertex 56.2542 29.9111 4
      vertex 56.3889 29.8304 4
    endloop
  endfacet
  facet normal 0.513934 0.85783 -0
    outer loop
      vertex 54.7458 27.0889 4
      vertex 54.6111 27.1696 10
      vertex 54.7458 27.0889 10
    endloop
  endfacet
  facet normal 0.513934 0.85783 0
    outer loop
      vertex 54.6111 27.1696 10
      vertex 54.7458 27.0889 4
      vertex 54.6111 27.1696 4
    endloop
  endfacet
  facet normal 0.596019 -0.80297 0
    outer loop
      vertex 54.485 29.7368 4
      vertex 54.6111 29.8304 10
      vertex 54.485 29.7368 10
    endloop
  endfacet
  facet normal 0.596019 -0.80297 0
    outer loop
      vertex 54.6111 29.8304 10
      vertex 54.485 29.7368 4
      vertex 54.6111 29.8304 4
    endloop
  endfacet
  facet normal -0.049048 0.998796 0
    outer loop
      vertex 55.6568 26.9077 4
      vertex 55.5 26.9 10
      vertex 55.6568 26.9077 10
    endloop
  endfacet
  facet normal -0.049048 0.998796 0
    outer loop
      vertex 55.5 26.9 10
      vertex 55.6568 26.9077 4
      vertex 55.5 26.9 4
    endloop
  endfacet
  facet normal -0.941511 0.336982 0
    outer loop
      vertex 56.9782 27.8877 4
      vertex 57.0311 28.0355 10
      vertex 57.0311 28.0355 4
    endloop
  endfacet
  facet normal -0.941511 0.336982 0
    outer loop
      vertex 57.0311 28.0355 10
      vertex 56.9782 27.8877 4
      vertex 56.9782 27.8877 10
    endloop
  endfacet
  facet normal -0.80297 0.596019 0
    outer loop
      vertex 56.7368 27.485 4
      vertex 56.8304 27.6111 10
      vertex 56.8304 27.6111 4
    endloop
  endfacet
  facet normal -0.80297 0.596019 0
    outer loop
      vertex 56.8304 27.6111 10
      vertex 56.7368 27.485 4
      vertex 56.7368 27.485 10
    endloop
  endfacet
  facet normal -0.98921 0.146502 0
    outer loop
      vertex 57.0693 28.1879 4
      vertex 57.0923 28.3432 10
      vertex 57.0923 28.3432 4
    endloop
  endfacet
  facet normal -0.98921 0.146502 0
    outer loop
      vertex 57.0923 28.3432 10
      vertex 57.0693 28.1879 4
      vertex 57.0693 28.1879 10
    endloop
  endfacet
  facet normal 0.85783 -0.513934 0
    outer loop
      vertex 54.0889 29.2542 10
      vertex 54.1696 29.3889 4
      vertex 54.1696 29.3889 10
    endloop
  endfacet
  facet normal 0.85783 -0.513934 0
    outer loop
      vertex 54.1696 29.3889 4
      vertex 54.0889 29.2542 10
      vertex 54.0889 29.2542 4
    endloop
  endfacet
  facet normal -0.904023 -0.427484 0
    outer loop
      vertex 56.9782 29.1123 4
      vertex 56.9111 29.2542 10
      vertex 56.9111 29.2542 4
    endloop
  endfacet
  facet normal -0.904023 -0.427484 0
    outer loop
      vertex 56.9111 29.2542 10
      vertex 56.9782 29.1123 4
      vertex 56.9782 29.1123 10
    endloop
  endfacet
  facet normal 0.427484 -0.904023 0
    outer loop
      vertex 54.7458 29.9111 4
      vertex 54.8877 29.9782 10
      vertex 54.7458 29.9111 10
    endloop
  endfacet
  facet normal 0.427484 -0.904023 0
    outer loop
      vertex 54.8877 29.9782 10
      vertex 54.7458 29.9111 4
      vertex 54.8877 29.9782 4
    endloop
  endfacet
  facet normal -0.596019 0.80297 0
    outer loop
      vertex 56.515 27.2632 4
      vertex 56.3889 27.1696 10
      vertex 56.515 27.2632 10
    endloop
  endfacet
  facet normal -0.596019 0.80297 0
    outer loop
      vertex 56.3889 27.1696 10
      vertex 56.515 27.2632 4
      vertex 56.3889 27.1696 4
    endloop
  endfacet
  facet normal -0.596019 -0.80297 0
    outer loop
      vertex 56.3889 29.8304 4
      vertex 56.515 29.7368 10
      vertex 56.3889 29.8304 10
    endloop
  endfacet
  facet normal -0.596019 -0.80297 -0
    outer loop
      vertex 56.515 29.7368 10
      vertex 56.3889 29.8304 4
      vertex 56.515 29.7368 4
    endloop
  endfacet
  facet normal 0.671213 0.741264 -0
    outer loop
      vertex 54.485 27.2632 4
      vertex 54.3686 27.3686 10
      vertex 54.485 27.2632 10
    endloop
  endfacet
  facet normal 0.671213 0.741264 0
    outer loop
      vertex 54.3686 27.3686 10
      vertex 54.485 27.2632 4
      vertex 54.3686 27.3686 4
    endloop
  endfacet
  facet normal -0.998796 0.049048 0
    outer loop
      vertex 57.0923 28.3432 4
      vertex 57.1 28.5 10
      vertex 57.1 28.5 4
    endloop
  endfacet
  facet normal -0.998796 0.049048 0
    outer loop
      vertex 57.1 28.5 10
      vertex 57.0923 28.3432 4
      vertex 57.0923 28.3432 10
    endloop
  endfacet
  facet normal 0.80297 0.596019 0
    outer loop
      vertex 54.2632 27.485 10
      vertex 54.1696 27.6111 4
      vertex 54.1696 27.6111 10
    endloop
  endfacet
  facet normal 0.80297 0.596019 0
    outer loop
      vertex 54.1696 27.6111 4
      vertex 54.2632 27.485 10
      vertex 54.2632 27.485 4
    endloop
  endfacet
  facet normal 0.904023 0.427484 0
    outer loop
      vertex 54.0889 27.7458 10
      vertex 54.0218 27.8877 4
      vertex 54.0218 27.8877 10
    endloop
  endfacet
  facet normal 0.904023 0.427484 0
    outer loop
      vertex 54.0218 27.8877 4
      vertex 54.0889 27.7458 10
      vertex 54.0889 27.7458 4
    endloop
  endfacet
  facet normal -0.049048 -0.998796 0
    outer loop
      vertex 55.5 30.1 4
      vertex 55.6568 30.0923 10
      vertex 55.5 30.1 10
    endloop
  endfacet
  facet normal -0.049048 -0.998796 -0
    outer loop
      vertex 55.6568 30.0923 10
      vertex 55.5 30.1 4
      vertex 55.6568 30.0923 4
    endloop
  endfacet
  facet normal 0.049048 -0.998796 0
    outer loop
      vertex 55.3432 30.0923 4
      vertex 55.5 30.1 10
      vertex 55.3432 30.0923 10
    endloop
  endfacet
  facet normal 0.049048 -0.998796 0
    outer loop
      vertex 55.5 30.1 10
      vertex 55.3432 30.0923 4
      vertex 55.5 30.1 4
    endloop
  endfacet
  facet normal 0.427484 0.904023 -0
    outer loop
      vertex 54.8877 27.0218 4
      vertex 54.7458 27.0889 10
      vertex 54.8877 27.0218 10
    endloop
  endfacet
  facet normal 0.427484 0.904023 0
    outer loop
      vertex 54.7458 27.0889 10
      vertex 54.8877 27.0218 4
      vertex 54.7458 27.0889 4
    endloop
  endfacet
  facet normal 0.146502 -0.98921 0
    outer loop
      vertex 55.1879 30.0693 4
      vertex 55.3432 30.0923 10
      vertex 55.1879 30.0693 10
    endloop
  endfacet
  facet normal 0.146502 -0.98921 0
    outer loop
      vertex 55.3432 30.0923 10
      vertex 55.1879 30.0693 4
      vertex 55.3432 30.0923 4
    endloop
  endfacet
  facet normal 0.98921 0.146502 0
    outer loop
      vertex 53.9307 28.1879 10
      vertex 53.9077 28.3432 4
      vertex 53.9077 28.3432 10
    endloop
  endfacet
  facet normal 0.98921 0.146502 0
    outer loop
      vertex 53.9077 28.3432 4
      vertex 53.9307 28.1879 10
      vertex 53.9307 28.1879 4
    endloop
  endfacet
  facet normal -0.336982 0.941511 0
    outer loop
      vertex 56.1123 27.0218 4
      vertex 55.9645 26.9689 10
      vertex 56.1123 27.0218 10
    endloop
  endfacet
  facet normal -0.336982 0.941511 0
    outer loop
      vertex 55.9645 26.9689 10
      vertex 56.1123 27.0218 4
      vertex 55.9645 26.9689 4
    endloop
  endfacet
  facet normal -0.243135 0.969993 0
    outer loop
      vertex 55.9645 26.9689 4
      vertex 55.8121 26.9307 10
      vertex 55.9645 26.9689 10
    endloop
  endfacet
  facet normal -0.243135 0.969993 0
    outer loop
      vertex 55.8121 26.9307 10
      vertex 55.9645 26.9689 4
      vertex 55.8121 26.9307 4
    endloop
  endfacet
  facet normal 0.904023 -0.427484 0
    outer loop
      vertex 54.0218 29.1123 10
      vertex 54.0889 29.2542 4
      vertex 54.0889 29.2542 10
    endloop
  endfacet
  facet normal 0.904023 -0.427484 0
    outer loop
      vertex 54.0889 29.2542 4
      vertex 54.0218 29.1123 10
      vertex 54.0218 29.1123 4
    endloop
  endfacet
  facet normal 0.741264 0.671213 0
    outer loop
      vertex 54.3686 27.3686 10
      vertex 54.2632 27.485 4
      vertex 54.2632 27.485 10
    endloop
  endfacet
  facet normal 0.741264 0.671213 0
    outer loop
      vertex 54.2632 27.485 4
      vertex 54.3686 27.3686 10
      vertex 54.3686 27.3686 4
    endloop
  endfacet
  facet normal 0.596019 0.80297 -0
    outer loop
      vertex 54.6111 27.1696 4
      vertex 54.485 27.2632 10
      vertex 54.6111 27.1696 10
    endloop
  endfacet
  facet normal 0.596019 0.80297 0
    outer loop
      vertex 54.485 27.2632 10
      vertex 54.6111 27.1696 4
      vertex 54.485 27.2632 4
    endloop
  endfacet
  facet normal -0.904023 0.427484 0
    outer loop
      vertex 56.9111 27.7458 4
      vertex 56.9782 27.8877 10
      vertex 56.9782 27.8877 4
    endloop
  endfacet
  facet normal -0.904023 0.427484 0
    outer loop
      vertex 56.9782 27.8877 10
      vertex 56.9111 27.7458 4
      vertex 56.9111 27.7458 10
    endloop
  endfacet
  facet normal -0.85783 0.513934 0
    outer loop
      vertex 56.8304 27.6111 4
      vertex 56.9111 27.7458 10
      vertex 56.9111 27.7458 4
    endloop
  endfacet
  facet normal -0.85783 0.513934 0
    outer loop
      vertex 56.9111 27.7458 10
      vertex 56.8304 27.6111 4
      vertex 56.8304 27.6111 10
    endloop
  endfacet
  facet normal 0.741264 -0.671213 0
    outer loop
      vertex 54.2632 29.515 10
      vertex 54.3686 29.6314 4
      vertex 54.3686 29.6314 10
    endloop
  endfacet
  facet normal 0.741264 -0.671213 0
    outer loop
      vertex 54.3686 29.6314 4
      vertex 54.2632 29.515 10
      vertex 54.2632 29.515 4
    endloop
  endfacet
  facet normal 0.049048 0.998796 -0
    outer loop
      vertex 55.5 26.9 4
      vertex 55.3432 26.9077 10
      vertex 55.5 26.9 10
    endloop
  endfacet
  facet normal 0.049048 0.998796 0
    outer loop
      vertex 55.3432 26.9077 10
      vertex 55.5 26.9 4
      vertex 55.3432 26.9077 4
    endloop
  endfacet
  facet normal 0.998796 -0.049048 0
    outer loop
      vertex 53.9 28.5 10
      vertex 53.9077 28.6568 4
      vertex 53.9077 28.6568 10
    endloop
  endfacet
  facet normal 0.998796 -0.049048 0
    outer loop
      vertex 53.9077 28.6568 4
      vertex 53.9 28.5 10
      vertex 53.9 28.5 4
    endloop
  endfacet
  facet normal 0.336982 0.941511 -0
    outer loop
      vertex 55.0355 26.9689 4
      vertex 54.8877 27.0218 10
      vertex 55.0355 26.9689 10
    endloop
  endfacet
  facet normal 0.336982 0.941511 0
    outer loop
      vertex 54.8877 27.0218 10
      vertex 55.0355 26.9689 4
      vertex 54.8877 27.0218 4
    endloop
  endfacet
  facet normal -0.671213 0.741264 0
    outer loop
      vertex 56.6314 27.3686 4
      vertex 56.515 27.2632 10
      vertex 56.6314 27.3686 10
    endloop
  endfacet
  facet normal -0.671213 0.741264 0
    outer loop
      vertex 56.515 27.2632 10
      vertex 56.6314 27.3686 4
      vertex 56.515 27.2632 4
    endloop
  endfacet
  facet normal 0.989174 0.146746 0
    outer loop
      vertex 76.1856 48.0941 4
      vertex 76.1424 48.3853 3
      vertex 76.1424 48.3853 4
    endloop
  endfacet
  facet normal 0.989174 0.146746 0
    outer loop
      vertex 76.1424 48.3853 3
      vertex 76.1856 48.0941 4
      vertex 76.1856 48.0941 3
    endloop
  endfacet
  facet normal 0.904063 0.4274 0
    outer loop
      vertex 75.9716 48.9481 4
      vertex 75.8458 49.2142 3
      vertex 75.8458 49.2142 4
    endloop
  endfacet
  facet normal 0.904063 0.4274 0
    outer loop
      vertex 75.8458 49.2142 3
      vertex 75.9716 48.9481 4
      vertex 75.9716 48.9481 3
    endloop
  endfacet
  facet normal 0.0489209 -0.998803 0
    outer loop
      vertex 73.2 -50.8 3
      vertex 73.494 -50.7856 4
      vertex 73.2 -50.8 4
    endloop
  endfacet
  facet normal 0.0489209 -0.998803 0
    outer loop
      vertex 73.494 -50.7856 4
      vertex 73.2 -50.8 3
      vertex 73.494 -50.7856 3
    endloop
  endfacet
  facet normal 1 -0 0
    outer loop
      vertex 76.2 -47.8 4
      vertex 76.2 47.8 3
      vertex 76.2 47.8 4
    endloop
  endfacet
  facet normal 1 0 0
    outer loop
      vertex 76.2 47.8 3
      vertex 76.2 -47.8 4
      vertex 76.2 -47.8 3
    endloop
  endfacet
  facet normal 0.989174 -0.146746 0
    outer loop
      vertex 76.1424 -48.3853 4
      vertex 76.1856 -48.0941 3
      vertex 76.1856 -48.0941 4
    endloop
  endfacet
  facet normal 0.989174 -0.146746 0
    outer loop
      vertex 76.1856 -48.0941 3
      vertex 76.1424 -48.3853 4
      vertex 76.1424 -48.3853 3
    endloop
  endfacet
  facet normal 0.336939 -0.941527 0
    outer loop
      vertex 74.0709 -50.6708 3
      vertex 74.3481 -50.5716 4
      vertex 74.0709 -50.6708 4
    endloop
  endfacet
  facet normal 0.336939 -0.941527 0
    outer loop
      vertex 74.3481 -50.5716 4
      vertex 74.0709 -50.6708 3
      vertex 74.3481 -50.5716 3
    endloop
  endfacet
  facet normal 0 1 -0
    outer loop
      vertex 73.2 50.8 3
      vertex -73.2 50.8 4
      vertex 73.2 50.8 4
    endloop
  endfacet
  facet normal 0 1 0
    outer loop
      vertex -73.2 50.8 4
      vertex 73.2 50.8 3
      vertex -73.2 50.8 3
    endloop
  endfacet
  facet normal -0.4274 0.904063 0
    outer loop
      vertex -74.3481 50.5716 3
      vertex -74.6142 50.4458 4
      vertex -74.3481 50.5716 4
    endloop
  endfacet
  facet normal -0.4274 0.904063 0
    outer loop
      vertex -74.6142 50.4458 4
      vertex -74.3481 50.5716 3
      vertex -74.6142 50.4458 3
    endloop
  endfacet
  facet normal 0.969982 -0.243175 0
    outer loop
      vertex 76.0708 -48.6709 4
      vertex 76.1424 -48.3853 3
      vertex 76.1424 -48.3853 4
    endloop
  endfacet
  facet normal 0.969982 -0.243175 0
    outer loop
      vertex 76.1424 -48.3853 3
      vertex 76.0708 -48.6709 4
      vertex 76.0708 -48.6709 3
    endloop
  endfacet
  facet normal 0.0489209 0.998803 -0
    outer loop
      vertex 73.494 50.7856 3
      vertex 73.2 50.8 4
      vertex 73.494 50.7856 4
    endloop
  endfacet
  facet normal 0.0489209 0.998803 0
    outer loop
      vertex 73.2 50.8 4
      vertex 73.494 50.7856 3
      vertex 73.2 50.8 3
    endloop
  endfacet
  facet normal 0.243175 0.969982 -0
    outer loop
      vertex 74.0709 50.6708 3
      vertex 73.7853 50.7424 4
      vertex 74.0709 50.6708 4
    endloop
  endfacet
  facet normal 0.243175 0.969982 0
    outer loop
      vertex 73.7853 50.7424 4
      vertex 74.0709 50.6708 3
      vertex 73.7853 50.7424 3
    endloop
  endfacet
  facet normal -0.671607 -0.740908 0
    outer loop
      vertex -75.3213 -49.9213 3
      vertex -75.1032 -50.119 4
      vertex -75.3213 -49.9213 4
    endloop
  endfacet
  facet normal -0.671607 -0.740908 -0
    outer loop
      vertex -75.1032 -50.119 4
      vertex -75.3213 -49.9213 3
      vertex -75.1032 -50.119 3
    endloop
  endfacet
  facet normal -0.969982 -0.243175 0
    outer loop
      vertex -76.0708 -48.6709 3
      vertex -76.1424 -48.3853 4
      vertex -76.1424 -48.3853 3
    endloop
  endfacet
  facet normal -0.969982 -0.243175 0
    outer loop
      vertex -76.1424 -48.3853 4
      vertex -76.0708 -48.6709 3
      vertex -76.0708 -48.6709 4
    endloop
  endfacet
  facet normal -0.243175 0.969982 0
    outer loop
      vertex -73.7853 50.7424 3
      vertex -74.0709 50.6708 4
      vertex -73.7853 50.7424 4
    endloop
  endfacet
  facet normal -0.243175 0.969982 0
    outer loop
      vertex -74.0709 50.6708 4
      vertex -73.7853 50.7424 3
      vertex -74.0709 50.6708 3
    endloop
  endfacet
  facet normal 0.740908 0.671607 0
    outer loop
      vertex 75.519 49.7032 4
      vertex 75.3213 49.9213 3
      vertex 75.3213 49.9213 4
    endloop
  endfacet
  facet normal 0.740908 0.671607 0
    outer loop
      vertex 75.3213 49.9213 3
      vertex 75.519 49.7032 4
      vertex 75.519 49.7032 3
    endloop
  endfacet
  facet normal 0.514246 0.857643 -0
    outer loop
      vertex 74.8667 50.2944 3
      vertex 74.6142 50.4458 4
      vertex 74.8667 50.2944 4
    endloop
  endfacet
  facet normal 0.514246 0.857643 0
    outer loop
      vertex 74.6142 50.4458 4
      vertex 74.8667 50.2944 3
      vertex 74.6142 50.4458 3
    endloop
  endfacet
  facet normal -0.857643 0.514246 0
    outer loop
      vertex -75.8458 49.2142 3
      vertex -75.6944 49.4667 4
      vertex -75.6944 49.4667 3
    endloop
  endfacet
  facet normal -0.857643 0.514246 0
    outer loop
      vertex -75.6944 49.4667 4
      vertex -75.8458 49.2142 3
      vertex -75.8458 49.2142 4
    endloop
  endfacet
  facet normal 0.740908 -0.671607 0
    outer loop
      vertex 75.3213 -49.9213 4
      vertex 75.519 -49.7032 3
      vertex 75.519 -49.7032 4
    endloop
  endfacet
  facet normal 0.740908 -0.671607 0
    outer loop
      vertex 75.519 -49.7032 3
      vertex 75.3213 -49.9213 4
      vertex 75.3213 -49.9213 3
    endloop
  endfacet
  facet normal 0 -1 0
    outer loop
      vertex -73.2 -50.8 3
      vertex 73.2 -50.8 4
      vertex -73.2 -50.8 4
    endloop
  endfacet
  facet normal 0 -1 -0
    outer loop
      vertex 73.2 -50.8 4
      vertex -73.2 -50.8 3
      vertex 73.2 -50.8 3
    endloop
  endfacet
  facet normal 0.803208 -0.595699 0
    outer loop
      vertex 75.519 -49.7032 4
      vertex 75.6944 -49.4667 3
      vertex 75.6944 -49.4667 4
    endloop
  endfacet
  facet normal 0.803208 -0.595699 0
    outer loop
      vertex 75.6944 -49.4667 3
      vertex 75.519 -49.7032 4
      vertex 75.519 -49.7032 3
    endloop
  endfacet
  facet normal 0.514246 -0.857643 0
    outer loop
      vertex 74.6142 -50.4458 3
      vertex 74.8667 -50.2944 4
      vertex 74.6142 -50.4458 4
    endloop
  endfacet
  facet normal 0.514246 -0.857643 0
    outer loop
      vertex 74.8667 -50.2944 4
      vertex 74.6142 -50.4458 3
      vertex 74.8667 -50.2944 3
    endloop
  endfacet
  facet normal -0.904063 0.4274 0
    outer loop
      vertex -75.9716 48.9481 3
      vertex -75.8458 49.2142 4
      vertex -75.8458 49.2142 3
    endloop
  endfacet
  facet normal -0.904063 0.4274 0
    outer loop
      vertex -75.8458 49.2142 4
      vertex -75.9716 48.9481 3
      vertex -75.9716 48.9481 4
    endloop
  endfacet
  facet normal 0.4274 0.904063 -0
    outer loop
      vertex 74.6142 50.4458 3
      vertex 74.3481 50.5716 4
      vertex 74.6142 50.4458 4
    endloop
  endfacet
  facet normal 0.4274 0.904063 0
    outer loop
      vertex 74.3481 50.5716 4
      vertex 74.6142 50.4458 3
      vertex 74.3481 50.5716 3
    endloop
  endfacet
  facet normal -0.146696 0.989182 0
    outer loop
      vertex -73.494 50.7856 3
      vertex -73.7853 50.7424 4
      vertex -73.494 50.7856 4
    endloop
  endfacet
  facet normal -0.146696 0.989182 0
    outer loop
      vertex -73.7853 50.7424 4
      vertex -73.494 50.7856 3
      vertex -73.7853 50.7424 3
    endloop
  endfacet
  facet normal -0.740908 0.671607 0
    outer loop
      vertex -75.519 49.7032 3
      vertex -75.3213 49.9213 4
      vertex -75.3213 49.9213 3
    endloop
  endfacet
  facet normal -0.740908 0.671607 0
    outer loop
      vertex -75.3213 49.9213 4
      vertex -75.519 49.7032 3
      vertex -75.519 49.7032 4
    endloop
  endfacet
  facet normal -0.514246 -0.857643 0
    outer loop
      vertex -74.8667 -50.2944 3
      vertex -74.6142 -50.4458 4
      vertex -74.8667 -50.2944 4
    endloop
  endfacet
  facet normal -0.514246 -0.857643 -0
    outer loop
      vertex -74.6142 -50.4458 4
      vertex -74.8667 -50.2944 3
      vertex -74.6142 -50.4458 3
    endloop
  endfacet
  facet normal 0.998803 0.0489044 0
    outer loop
      vertex 76.2 47.8 4
      vertex 76.1856 48.0941 3
      vertex 76.1856 48.0941 4
    endloop
  endfacet
  facet normal 0.998803 0.0489044 0
    outer loop
      vertex 76.1856 48.0941 3
      vertex 76.2 47.8 4
      vertex 76.2 47.8 3
    endloop
  endfacet
  facet normal -1 0 0
    outer loop
      vertex -76.2 -47.8 3
      vertex -76.2 47.8 4
      vertex -76.2 47.8 3
    endloop
  endfacet
  facet normal -1 -0 0
    outer loop
      vertex -76.2 47.8 4
      vertex -76.2 -47.8 3
      vertex -76.2 -47.8 4
    endloop
  endfacet
  facet normal -0.243175 -0.969982 0
    outer loop
      vertex -74.0709 -50.6708 3
      vertex -73.7853 -50.7424 4
      vertex -74.0709 -50.6708 4
    endloop
  endfacet
  facet normal -0.243175 -0.969982 -0
    outer loop
      vertex -73.7853 -50.7424 4
      vertex -74.0709 -50.6708 3
      vertex -73.7853 -50.7424 3
    endloop
  endfacet
  facet normal -0.998803 0.0489044 0
    outer loop
      vertex -76.2 47.8 3
      vertex -76.1856 48.0941 4
      vertex -76.1856 48.0941 3
    endloop
  endfacet
  facet normal -0.998803 0.0489044 0
    outer loop
      vertex -76.1856 48.0941 4
      vertex -76.2 47.8 3
      vertex -76.2 47.8 4
    endloop
  endfacet
  facet normal -0.941527 -0.336939 0
    outer loop
      vertex -75.9716 -48.9481 3
      vertex -76.0708 -48.6709 4
      vertex -76.0708 -48.6709 3
    endloop
  endfacet
  facet normal -0.941527 -0.336939 0
    outer loop
      vertex -76.0708 -48.6709 4
      vertex -75.9716 -48.9481 3
      vertex -75.9716 -48.9481 4
    endloop
  endfacet
  facet normal 0.941527 -0.336939 0
    outer loop
      vertex 75.9716 -48.9481 4
      vertex 76.0708 -48.6709 3
      vertex 76.0708 -48.6709 4
    endloop
  endfacet
  facet normal 0.941527 -0.336939 0
    outer loop
      vertex 76.0708 -48.6709 3
      vertex 75.9716 -48.9481 4
      vertex 75.9716 -48.9481 3
    endloop
  endfacet
  facet normal -0.0489209 0.998803 0
    outer loop
      vertex -73.2 50.8 3
      vertex -73.494 50.7856 4
      vertex -73.2 50.8 4
    endloop
  endfacet
  facet normal -0.0489209 0.998803 0
    outer loop
      vertex -73.494 50.7856 4
      vertex -73.2 50.8 3
      vertex -73.494 50.7856 3
    endloop
  endfacet
  facet normal 0.998803 -0.0489044 0
    outer loop
      vertex 76.1856 -48.0941 4
      vertex 76.2 -47.8 3
      vertex 76.2 -47.8 4
    endloop
  endfacet
  facet normal 0.998803 -0.0489044 0
    outer loop
      vertex 76.2 -47.8 3
      vertex 76.1856 -48.0941 4
      vertex 76.1856 -48.0941 3
    endloop
  endfacet
  facet normal 0.671607 0.740908 -0
    outer loop
      vertex 75.3213 49.9213 3
      vertex 75.1032 50.119 4
      vertex 75.3213 49.9213 4
    endloop
  endfacet
  facet normal 0.671607 0.740908 0
    outer loop
      vertex 75.1032 50.119 4
      vertex 75.3213 49.9213 3
      vertex 75.1032 50.119 3
    endloop
  endfacet
  facet normal 0.969982 0.243175 0
    outer loop
      vertex 76.1424 48.3853 4
      vertex 76.0708 48.6709 3
      vertex 76.0708 48.6709 4
    endloop
  endfacet
  facet normal 0.969982 0.243175 0
    outer loop
      vertex 76.0708 48.6709 3
      vertex 76.1424 48.3853 4
      vertex 76.1424 48.3853 3
    endloop
  endfacet
  facet normal -0.857643 -0.514246 0
    outer loop
      vertex -75.6944 -49.4667 3
      vertex -75.8458 -49.2142 4
      vertex -75.8458 -49.2142 3
    endloop
  endfacet
  facet normal -0.857643 -0.514246 0
    outer loop
      vertex -75.8458 -49.2142 4
      vertex -75.6944 -49.4667 3
      vertex -75.6944 -49.4667 4
    endloop
  endfacet
  facet normal -0.803208 -0.595699 0
    outer loop
      vertex -75.519 -49.7032 3
      vertex -75.6944 -49.4667 4
      vertex -75.6944 -49.4667 3
    endloop
  endfacet
  facet normal -0.803208 -0.595699 0
    outer loop
      vertex -75.6944 -49.4667 4
      vertex -75.519 -49.7032 3
      vertex -75.519 -49.7032 4
    endloop
  endfacet
  facet normal -0.336939 0.941527 0
    outer loop
      vertex -74.0709 50.6708 3
      vertex -74.3481 50.5716 4
      vertex -74.0709 50.6708 4
    endloop
  endfacet
  facet normal -0.336939 0.941527 0
    outer loop
      vertex -74.3481 50.5716 4
      vertex -74.0709 50.6708 3
      vertex -74.3481 50.5716 3
    endloop
  endfacet
  facet normal -0.4274 -0.904063 0
    outer loop
      vertex -74.6142 -50.4458 3
      vertex -74.3481 -50.5716 4
      vertex -74.6142 -50.4458 4
    endloop
  endfacet
  facet normal -0.4274 -0.904063 -0
    outer loop
      vertex -74.3481 -50.5716 4
      vertex -74.6142 -50.4458 3
      vertex -74.3481 -50.5716 3
    endloop
  endfacet
  facet normal 0.904063 -0.4274 0
    outer loop
      vertex 75.8458 -49.2142 4
      vertex 75.9716 -48.9481 3
      vertex 75.9716 -48.9481 4
    endloop
  endfacet
  facet normal 0.904063 -0.4274 0
    outer loop
      vertex 75.9716 -48.9481 3
      vertex 75.8458 -49.2142 4
      vertex 75.8458 -49.2142 3
    endloop
  endfacet
  facet normal -0.514246 0.857643 0
    outer loop
      vertex -74.6142 50.4458 3
      vertex -74.8667 50.2944 4
      vertex -74.6142 50.4458 4
    endloop
  endfacet
  facet normal -0.514246 0.857643 0
    outer loop
      vertex -74.8667 50.2944 4
      vertex -74.6142 50.4458 3
      vertex -74.8667 50.2944 3
    endloop
  endfacet
  facet normal 0.336939 0.941527 -0
    outer loop
      vertex 74.3481 50.5716 3
      vertex 74.0709 50.6708 4
      vertex 74.3481 50.5716 4
    endloop
  endfacet
  facet normal 0.336939 0.941527 0
    outer loop
      vertex 74.0709 50.6708 4
      vertex 74.3481 50.5716 3
      vertex 74.0709 50.6708 3
    endloop
  endfacet
  facet normal 0.671607 -0.740908 0
    outer loop
      vertex 75.1032 -50.119 3
      vertex 75.3213 -49.9213 4
      vertex 75.1032 -50.119 4
    endloop
  endfacet
  facet normal 0.671607 -0.740908 0
    outer loop
      vertex 75.3213 -49.9213 4
      vertex 75.1032 -50.119 3
      vertex 75.3213 -49.9213 3
    endloop
  endfacet
  facet normal -0.969982 0.243175 0
    outer loop
      vertex -76.1424 48.3853 3
      vertex -76.0708 48.6709 4
      vertex -76.0708 48.6709 3
    endloop
  endfacet
  facet normal -0.969982 0.243175 0
    outer loop
      vertex -76.0708 48.6709 4
      vertex -76.1424 48.3853 3
      vertex -76.1424 48.3853 4
    endloop
  endfacet
  facet normal -0.146696 -0.989182 0
    outer loop
      vertex -73.7853 -50.7424 3
      vertex -73.494 -50.7856 4
      vertex -73.7853 -50.7424 4
    endloop
  endfacet
  facet normal -0.146696 -0.989182 -0
    outer loop
      vertex -73.494 -50.7856 4
      vertex -73.7853 -50.7424 3
      vertex -73.494 -50.7856 3
    endloop
  endfacet
  facet normal 0.4274 -0.904063 0
    outer loop
      vertex 74.3481 -50.5716 3
      vertex 74.6142 -50.4458 4
      vertex 74.3481 -50.5716 4
    endloop
  endfacet
  facet normal 0.4274 -0.904063 0
    outer loop
      vertex 74.6142 -50.4458 4
      vertex 74.3481 -50.5716 3
      vertex 74.6142 -50.4458 3
    endloop
  endfacet
  facet normal -0.803208 0.595699 0
    outer loop
      vertex -75.6944 49.4667 3
      vertex -75.519 49.7032 4
      vertex -75.519 49.7032 3
    endloop
  endfacet
  facet normal -0.803208 0.595699 0
    outer loop
      vertex -75.519 49.7032 4
      vertex -75.6944 49.4667 3
      vertex -75.6944 49.4667 4
    endloop
  endfacet
  facet normal -0.336939 -0.941527 0
    outer loop
      vertex -74.3481 -50.5716 3
      vertex -74.0709 -50.6708 4
      vertex -74.3481 -50.5716 4
    endloop
  endfacet
  facet normal -0.336939 -0.941527 -0
    outer loop
      vertex -74.0709 -50.6708 4
      vertex -74.3481 -50.5716 3
      vertex -74.0709 -50.6708 3
    endloop
  endfacet
  facet normal -0.595699 0.803208 0
    outer loop
      vertex -74.8667 50.2944 3
      vertex -75.1032 50.119 4
      vertex -74.8667 50.2944 4
    endloop
  endfacet
  facet normal -0.595699 0.803208 0
    outer loop
      vertex -75.1032 50.119 4
      vertex -74.8667 50.2944 3
      vertex -75.1032 50.119 3
    endloop
  endfacet
  facet normal 0.146696 -0.989182 0
    outer loop
      vertex 73.494 -50.7856 3
      vertex 73.7853 -50.7424 4
      vertex 73.494 -50.7856 4
    endloop
  endfacet
  facet normal 0.146696 -0.989182 0
    outer loop
      vertex 73.7853 -50.7424 4
      vertex 73.494 -50.7856 3
      vertex 73.7853 -50.7424 3
    endloop
  endfacet
  facet normal 0.243175 -0.969982 0
    outer loop
      vertex 73.7853 -50.7424 3
      vertex 74.0709 -50.6708 4
      vertex 73.7853 -50.7424 4
    endloop
  endfacet
  facet normal 0.243175 -0.969982 0
    outer loop
      vertex 74.0709 -50.6708 4
      vertex 73.7853 -50.7424 3
      vertex 74.0709 -50.6708 3
    endloop
  endfacet
  facet normal 0.146696 0.989182 -0
    outer loop
      vertex 73.7853 50.7424 3
      vertex 73.494 50.7856 4
      vertex 73.7853 50.7424 4
    endloop
  endfacet
  facet normal 0.146696 0.989182 0
    outer loop
      vertex 73.494 50.7856 4
      vertex 73.7853 50.7424 3
      vertex 73.494 50.7856 3
    endloop
  endfacet
  facet normal 0.857643 -0.514246 0
    outer loop
      vertex 75.6944 -49.4667 4
      vertex 75.8458 -49.2142 3
      vertex 75.8458 -49.2142 4
    endloop
  endfacet
  facet normal 0.857643 -0.514246 0
    outer loop
      vertex 75.8458 -49.2142 3
      vertex 75.6944 -49.4667 4
      vertex 75.6944 -49.4667 3
    endloop
  endfacet
  facet normal 0.595699 0.803208 -0
    outer loop
      vertex 75.1032 50.119 3
      vertex 74.8667 50.2944 4
      vertex 75.1032 50.119 4
    endloop
  endfacet
  facet normal 0.595699 0.803208 0
    outer loop
      vertex 74.8667 50.2944 4
      vertex 75.1032 50.119 3
      vertex 74.8667 50.2944 3
    endloop
  endfacet
  facet normal -0.0489209 -0.998803 0
    outer loop
      vertex -73.494 -50.7856 3
      vertex -73.2 -50.8 4
      vertex -73.494 -50.7856 4
    endloop
  endfacet
  facet normal -0.0489209 -0.998803 -0
    outer loop
      vertex -73.2 -50.8 4
      vertex -73.494 -50.7856 3
      vertex -73.2 -50.8 3
    endloop
  endfacet
  facet normal 0.595699 -0.803208 0
    outer loop
      vertex 74.8667 -50.2944 3
      vertex 75.1032 -50.119 4
      vertex 74.8667 -50.2944 4
    endloop
  endfacet
  facet normal 0.595699 -0.803208 0
    outer loop
      vertex 75.1032 -50.119 4
      vertex 74.8667 -50.2944 3
      vertex 75.1032 -50.119 3
    endloop
  endfacet
  facet normal 0.941527 0.336939 0
    outer loop
      vertex 76.0708 48.6709 4
      vertex 75.9716 48.9481 3
      vertex 75.9716 48.9481 4
    endloop
  endfacet
  facet normal 0.941527 0.336939 0
    outer loop
      vertex 75.9716 48.9481 3
      vertex 76.0708 48.6709 4
      vertex 76.0708 48.6709 3
    endloop
  endfacet
  facet normal -0.998803 -0.0489044 0
    outer loop
      vertex -76.1856 -48.0941 3
      vertex -76.2 -47.8 4
      vertex -76.2 -47.8 3
    endloop
  endfacet
  facet normal -0.998803 -0.0489044 0
    outer loop
      vertex -76.2 -47.8 4
      vertex -76.1856 -48.0941 3
      vertex -76.1856 -48.0941 4
    endloop
  endfacet
  facet normal -0.595699 -0.803208 0
    outer loop
      vertex -75.1032 -50.119 3
      vertex -74.8667 -50.2944 4
      vertex -75.1032 -50.119 4
    endloop
  endfacet
  facet normal -0.595699 -0.803208 -0
    outer loop
      vertex -74.8667 -50.2944 4
      vertex -75.1032 -50.119 3
      vertex -74.8667 -50.2944 3
    endloop
  endfacet
  facet normal -0.989174 0.146746 0
    outer loop
      vertex -76.1856 48.0941 3
      vertex -76.1424 48.3853 4
      vertex -76.1424 48.3853 3
    endloop
  endfacet
  facet normal -0.989174 0.146746 0
    outer loop
      vertex -76.1424 48.3853 4
      vertex -76.1856 48.0941 3
      vertex -76.1856 48.0941 4
    endloop
  endfacet
  facet normal -0.671607 0.740908 0
    outer loop
      vertex -75.1032 50.119 3
      vertex -75.3213 49.9213 4
      vertex -75.1032 50.119 4
    endloop
  endfacet
  facet normal -0.671607 0.740908 0
    outer loop
      vertex -75.3213 49.9213 4
      vertex -75.1032 50.119 3
      vertex -75.3213 49.9213 3
    endloop
  endfacet
  facet normal 0.803208 0.595699 0
    outer loop
      vertex 75.6944 49.4667 4
      vertex 75.519 49.7032 3
      vertex 75.519 49.7032 4
    endloop
  endfacet
  facet normal 0.803208 0.595699 0
    outer loop
      vertex 75.519 49.7032 3
      vertex 75.6944 49.4667 4
      vertex 75.6944 49.4667 3
    endloop
  endfacet
  facet normal 0.857643 0.514246 0
    outer loop
      vertex 75.8458 49.2142 4
      vertex 75.6944 49.4667 3
      vertex 75.6944 49.4667 4
    endloop
  endfacet
  facet normal 0.857643 0.514246 0
    outer loop
      vertex 75.6944 49.4667 3
      vertex 75.8458 49.2142 4
      vertex 75.8458 49.2142 3
    endloop
  endfacet
  facet normal -0.989174 -0.146746 0
    outer loop
      vertex -76.1424 -48.3853 3
      vertex -76.1856 -48.0941 4
      vertex -76.1856 -48.0941 3
    endloop
  endfacet
  facet normal -0.989174 -0.146746 0
    outer loop
      vertex -76.1856 -48.0941 4
      vertex -76.1424 -48.3853 3
      vertex -76.1424 -48.3853 4
    endloop
  endfacet
  facet normal -0.740908 -0.671607 0
    outer loop
      vertex -75.3213 -49.9213 3
      vertex -75.519 -49.7032 4
      vertex -75.519 -49.7032 3
    endloop
  endfacet
  facet normal -0.740908 -0.671607 0
    outer loop
      vertex -75.519 -49.7032 4
      vertex -75.3213 -49.9213 3
      vertex -75.3213 -49.9213 4
    endloop
  endfacet
  facet normal -0.941527 0.336939 0
    outer loop
      vertex -76.0708 48.6709 3
      vertex -75.9716 48.9481 4
      vertex -75.9716 48.9481 3
    endloop
  endfacet
  facet normal -0.941527 0.336939 0
    outer loop
      vertex -75.9716 48.9481 4
      vertex -76.0708 48.6709 3
      vertex -76.0708 48.6709 4
    endloop
  endfacet
  facet normal -0.904063 -0.4274 0
    outer loop
      vertex -75.8458 -49.2142 3
      vertex -75.9716 -48.9481 4
      vertex -75.9716 -48.9481 3
    endloop
  endfacet
  facet normal -0.904063 -0.4274 0
    outer loop
      vertex -75.9716 -48.9481 4
      vertex -75.8458 -49.2142 3
      vertex -75.8458 -49.2142 4
    endloop
  endfacet
endsolid OpenSCAD_Model
