solid OpenSCAD_Model
  facet normal 1 -0 0
    outer loop
      vertex 88.9 -63.5 3
      vertex 88.9 63.5 0
      vertex 88.9 63.5 3
    endloop
  endfacet
  facet normal 1 0 0
    outer loop
      vertex 88.9 63.5 0
      vertex 88.9 -63.5 3
      vertex 88.9 -63.5 0
    endloop
  endfacet
  facet normal 0 0 1
    outer loop
      vertex -83 -3.18721 3
      vertex -83.0489 -3.23607 3
      vertex -83 -50.8 3
    endloop
  endfacet
  facet normal 0 0 1
    outer loop
      vertex 83 -50.8 3
      vertex 3.80423 -58.7639 3
      vertex 4 -60 3
    endloop
  endfacet
  facet normal 0 0 1
    outer loop
      vertex 83 -50.8 3
      vertex 3.23607 -57.6489 3
      vertex 3.80423 -58.7639 3
    endloop
  endfacet
  facet normal 0 0 1
    outer loop
      vertex 83 -50.8 3
      vertex 2.35114 -56.7639 3
      vertex 3.23607 -57.6489 3
    endloop
  endfacet
  facet normal 0 0 1
    outer loop
      vertex 83 -50.8 3
      vertex 1.23607 -56.1958 3
      vertex 2.35114 -56.7639 3
    endloop
  endfacet
  facet normal 0 0 1
    outer loop
      vertex 83 -50.8 3
      vertex 0 -56 3
      vertex 1.23607 -56.1958 3
    endloop
  endfacet
  facet normal 0 0 1
    outer loop
      vertex -3.80423 -58.7639 3
      vertex -83 -50.8 3
      vertex -4 -60 3
    endloop
  endfacet
  facet normal 0 0 1
    outer loop
      vertex -3.23607 -57.6489 3
      vertex -83 -50.8 3
      vertex -3.80423 -58.7639 3
    endloop
  endfacet
  facet normal 0 0 1
    outer loop
      vertex -2.35114 -56.7639 3
      vertex -83 -50.8 3
      vertex -3.23607 -57.6489 3
    endloop
  endfacet
  facet normal 0 0 1
    outer loop
      vertex -1.23607 -56.1958 3
      vertex -83 -50.8 3
      vertex -2.35114 -56.7639 3
    endloop
  endfacet
  facet normal 0 0 1
    outer loop
      vertex 0 -56 3
      vertex -83 -50.8 3
      vertex -1.23607 -56.1958 3
    endloop
  endfacet
  facet normal -0 0 1
    outer loop
      vertex -83 -50.8 3
      vertex 0 -56 3
      vertex 83 -50.8 3
    endloop
  endfacet
  facet normal 0 0 1
    outer loop
      vertex 88.9 63.5 3
      vertex 83 50.8 3
      vertex 88.9 -63.5 3
    endloop
  endfacet
  facet normal 0 0 1
    outer loop
      vertex 88.9 63.5 3
      vertex -83 50.8 3
      vertex 83 50.8 3
    endloop
  endfacet
  facet normal 0 0 1
    outer loop
      vertex -83 50.8 3
      vertex -83.0489 3.23607 3
      vertex -83 3.18721 3
    endloop
  endfacet
  facet normal 0 0 1
    outer loop
      vertex -83 50.8 3
      vertex -84.1639 3.80423 3
      vertex -83.0489 3.23607 3
    endloop
  endfacet
  facet normal 0 0 1
    outer loop
      vertex -83 50.8 3
      vertex -85.4 4 3
      vertex -84.1639 3.80423 3
    endloop
  endfacet
  facet normal 0 0 1
    outer loop
      vertex -83 50.8 3
      vertex -86.6361 3.80423 3
      vertex -85.4 4 3
    endloop
  endfacet
  facet normal 0 0 1
    outer loop
      vertex -83 50.8 3
      vertex -87.7511 3.23607 3
      vertex -86.6361 3.80423 3
    endloop
  endfacet
  facet normal 0 0 1
    outer loop
      vertex -83 50.8 3
      vertex -88.6361 2.35114 3
      vertex -87.7511 3.23607 3
    endloop
  endfacet
  facet normal -0 0 1
    outer loop
      vertex -88.9 63.5 3
      vertex -83 50.8 3
      vertex 88.9 63.5 3
    endloop
  endfacet
  facet normal 0 0 1
    outer loop
      vertex -88.9 63.5 3
      vertex -88.6361 2.35114 3
      vertex -83 50.8 3
    endloop
  endfacet
  facet normal 0 0 1
    outer loop
      vertex -88.6361 2.35114 3
      vertex -88.9 63.5 3
      vertex -88.9 1.83314 3
    endloop
  endfacet
  facet normal -0 0 1
    outer loop
      vertex 83 -50.8 3
      vertex 88.9 -63.5 3
      vertex 83 50.8 3
    endloop
  endfacet
  facet normal 0 0 1
    outer loop
      vertex 3.80423 -61.2361 3
      vertex 83 -50.8 3
      vertex 4 -60 3
    endloop
  endfacet
  facet normal 0 0 1
    outer loop
      vertex 83 -50.8 3
      vertex 3.80423 -61.2361 3
      vertex 88.9 -63.5 3
    endloop
  endfacet
  facet normal -0 0 1
    outer loop
      vertex 3.23607 -62.3511 3
      vertex 88.9 -63.5 3
      vertex 3.80423 -61.2361 3
    endloop
  endfacet
  facet normal -0 0 1
    outer loop
      vertex 2.35114 -63.2361 3
      vertex 88.9 -63.5 3
      vertex 3.23607 -62.3511 3
    endloop
  endfacet
  facet normal 0 0 1
    outer loop
      vertex 88.9 -63.5 3
      vertex 2.35114 -63.2361 3
      vertex 1.83314 -63.5 3
    endloop
  endfacet
  facet normal 0 0 1
    outer loop
      vertex -83 -50.8 3
      vertex -3.80423 -61.2361 3
      vertex -4 -60 3
    endloop
  endfacet
  facet normal 0 0 1
    outer loop
      vertex -88.9 -63.5 3
      vertex -3.80423 -61.2361 3
      vertex -83 -50.8 3
    endloop
  endfacet
  facet normal 0 0 1
    outer loop
      vertex -3.80423 -61.2361 3
      vertex -88.9 -63.5 3
      vertex -3.23607 -62.3511 3
    endloop
  endfacet
  facet normal 0 0 1
    outer loop
      vertex -3.23607 -62.3511 3
      vertex -88.9 -63.5 3
      vertex -2.35114 -63.2361 3
    endloop
  endfacet
  facet normal -0 0 1
    outer loop
      vertex -84.1639 -3.80423 3
      vertex -83 -50.8 3
      vertex -83.0489 -3.23607 3
    endloop
  endfacet
  facet normal -0 0 1
    outer loop
      vertex -85.4 -4 3
      vertex -83 -50.8 3
      vertex -84.1639 -3.80423 3
    endloop
  endfacet
  facet normal 0 0 1
    outer loop
      vertex -86.6361 -3.80423 3
      vertex -83 -50.8 3
      vertex -85.4 -4 3
    endloop
  endfacet
  facet normal 0 0 1
    outer loop
      vertex -87.7511 -3.23607 3
      vertex -83 -50.8 3
      vertex -86.6361 -3.80423 3
    endloop
  endfacet
  facet normal 0 0 1
    outer loop
      vertex -88.6361 -2.35114 3
      vertex -83 -50.8 3
      vertex -87.7511 -3.23607 3
    endloop
  endfacet
  facet normal 0 0 1
    outer loop
      vertex -88.9 -63.5 3
      vertex -88.6361 -2.35114 3
      vertex -88.9 -1.83314 3
    endloop
  endfacet
  facet normal 0 0 1
    outer loop
      vertex -2.35114 -63.2361 3
      vertex -88.9 -63.5 3
      vertex -1.83314 -63.5 3
    endloop
  endfacet
  facet normal 0 0 1
    outer loop
      vertex -88.6361 -2.35114 3
      vertex -88.9 -63.5 3
      vertex -83 -50.8 3
    endloop
  endfacet
  facet normal 0 0 -1
    outer loop
      vertex -75.6539 45.7046 0
      vertex -76.9517 53.542 0
      vertex -76.8 54.5 0
    endloop
  endfacet
  facet normal 0 0 -1
    outer loop
      vertex -77.392 52.6779 0
      vertex -76.2954 46.3461 0
      vertex -77.1039 46.7581 0
    endloop
  endfacet
  facet normal 0 0 -1
    outer loop
      vertex -76.2954 46.3461 0
      vertex -77.392 52.6779 0
      vertex -76.9517 53.542 0
    endloop
  endfacet
  facet normal 0 0 -1
    outer loop
      vertex -78.0779 51.992 0
      vertex -77.1039 46.7581 0
      vertex -78 46.9 0
    endloop
  endfacet
  facet normal 0 0 -1
    outer loop
      vertex -77.1039 46.7581 0
      vertex -78.0779 51.992 0
      vertex -77.392 52.6779 0
    endloop
  endfacet
  facet normal 0 0 -1
    outer loop
      vertex -78.942 51.5517 0
      vertex -78 46.9 0
      vertex -78.8961 46.7581 0
    endloop
  endfacet
  facet normal 0 0 -1
    outer loop
      vertex -78 46.9 0
      vertex -78.942 51.5517 0
      vertex -78.0779 51.992 0
    endloop
  endfacet
  facet normal 0 0 -1
    outer loop
      vertex -79.9 51.4 0
      vertex -78.8961 46.7581 0
      vertex -79.7046 46.3461 0
    endloop
  endfacet
  facet normal 0 0 -1
    outer loop
      vertex -78.8961 46.7581 0
      vertex -79.9 51.4 0
      vertex -78.942 51.5517 0
    endloop
  endfacet
  facet normal 0 0 -1
    outer loop
      vertex -80.858 51.5517 0
      vertex -79.7046 46.3461 0
      vertex -80.3461 45.7046 0
    endloop
  endfacet
  facet normal 0 0 -1
    outer loop
      vertex -81.7221 51.992 0
      vertex -80.3461 45.7046 0
      vertex -80.7581 44.8961 0
    endloop
  endfacet
  facet normal 0 0 -1
    outer loop
      vertex -80.9217 44.4944 0
      vertex -80.7581 44.8961 0
      vertex -80.7766 44.7792 0
    endloop
  endfacet
  facet normal 0 0 -1
    outer loop
      vertex -79.7046 46.3461 0
      vertex -80.858 51.5517 0
      vertex -79.9 51.4 0
    endloop
  endfacet
  facet normal 0 0 -1
    outer loop
      vertex -82.408 52.6779 0
      vertex -80.7581 44.8961 0
      vertex -80.9217 44.4944 0
    endloop
  endfacet
  facet normal 0 0 -1
    outer loop
      vertex -82.408 52.6779 0
      vertex -80.9217 44.4944 0
      vertex -81 44 0
    endloop
  endfacet
  facet normal -0 0 -1
    outer loop
      vertex -78.8961 41.2419 0
      vertex -85.4 4 0
      vertex -79.7046 41.6539 0
    endloop
  endfacet
  facet normal 0 0 -1
    outer loop
      vertex -80.3461 45.7046 0
      vertex -81.7221 51.992 0
      vertex -80.858 51.5517 0
    endloop
  endfacet
  facet normal 0 0 -1
    outer loop
      vertex -86.6361 3.80423 0
      vertex -79.7046 41.6539 0
      vertex -85.4 4 0
    endloop
  endfacet
  facet normal -0 0 -1
    outer loop
      vertex -79.7046 41.6539 0
      vertex -86.6361 3.80423 0
      vertex -80.3461 42.2954 0
    endloop
  endfacet
  facet normal 0 0 -1
    outer loop
      vertex -87.7511 3.23607 0
      vertex -80.3461 42.2954 0
      vertex -86.6361 3.80423 0
    endloop
  endfacet
  facet normal -0 0 -1
    outer loop
      vertex -80.3461 42.2954 0
      vertex -87.7511 3.23607 0
      vertex -80.7581 43.1039 0
    endloop
  endfacet
  facet normal 0 0 -1
    outer loop
      vertex -88.6361 2.35114 0
      vertex -80.7581 43.1039 0
      vertex -87.7511 3.23607 0
    endloop
  endfacet
  facet normal -0 0 -1
    outer loop
      vertex -80.7581 43.1039 0
      vertex -88.6361 2.35114 0
      vertex -80.9217 43.5056 0
    endloop
  endfacet
  facet normal 0 0 -1
    outer loop
      vertex -75.6539 -42.2954 0
      vertex -2.35114 -56.7639 0
      vertex -75.2419 -43.1039 0
    endloop
  endfacet
  facet normal 0 0 -1
    outer loop
      vertex -1.23607 -56.1958 0
      vertex -75.0783 43.5056 0
      vertex -75 44 0
    endloop
  endfacet
  facet normal 0 0 -1
    outer loop
      vertex -75.2419 -43.1039 0
      vertex -75.0783 -43.5056 0
      vertex -75.2234 -43.2208 0
    endloop
  endfacet
  facet normal 0 0 -1
    outer loop
      vertex -81.5958 -1.23607 0
      vertex -2.35114 -56.7639 0
      vertex -75.6539 -42.2954 0
    endloop
  endfacet
  facet normal 0 0 -1
    outer loop
      vertex -81.5958 1.23607 0
      vertex -1.23607 -56.1958 0
      vertex -81.4 0 0
    endloop
  endfacet
  facet normal 0 0 -1
    outer loop
      vertex -75.0783 43.5056 0
      vertex -75.2419 43.1039 0
      vertex -75.2234 43.2208 0
    endloop
  endfacet
  facet normal 0 -0 -1
    outer loop
      vertex -81.4 0 0
      vertex -2.35114 -56.7639 0
      vertex -81.5958 -1.23607 0
    endloop
  endfacet
  facet normal 0 0 -1
    outer loop
      vertex -1.23607 -56.1958 0
      vertex -75.2419 43.1039 0
      vertex -75.0783 43.5056 0
    endloop
  endfacet
  facet normal 0 0 -1
    outer loop
      vertex -82.1639 -2.35114 0
      vertex -75.6539 -42.2954 0
      vertex -76.2954 -41.6539 0
    endloop
  endfacet
  facet normal 0 0 -1
    outer loop
      vertex -1.23607 -56.1958 0
      vertex -81.5958 1.23607 0
      vertex -75.2419 43.1039 0
    endloop
  endfacet
  facet normal 0 0 -1
    outer loop
      vertex -83.0489 -3.23607 0
      vertex -76.2954 -41.6539 0
      vertex -77.1039 -41.2419 0
    endloop
  endfacet
  facet normal 0 0 -1
    outer loop
      vertex -75.2419 43.1039 0
      vertex -81.5958 1.23607 0
      vertex -75.6539 42.2954 0
    endloop
  endfacet
  facet normal 0 0 -1
    outer loop
      vertex -83.0489 -3.23607 0
      vertex -77.1039 -41.2419 0
      vertex -78 -41.1 0
    endloop
  endfacet
  facet normal 0 0 -1
    outer loop
      vertex -82.1639 2.35114 0
      vertex -75.6539 42.2954 0
      vertex -81.5958 1.23607 0
    endloop
  endfacet
  facet normal 0 0 -1
    outer loop
      vertex -84.1639 -3.80423 0
      vertex -78 -41.1 0
      vertex -78.8961 -41.2419 0
    endloop
  endfacet
  facet normal 0 0 -1
    outer loop
      vertex -75.6539 42.2954 0
      vertex -82.1639 2.35114 0
      vertex -76.2954 41.6539 0
    endloop
  endfacet
  facet normal 0 0 -1
    outer loop
      vertex -84.1639 -3.80423 0
      vertex -78.8961 -41.2419 0
      vertex -79.7046 -41.6539 0
    endloop
  endfacet
  facet normal 0 0 -1
    outer loop
      vertex -83.0489 3.23607 0
      vertex -76.2954 41.6539 0
      vertex -82.1639 2.35114 0
    endloop
  endfacet
  facet normal 0 0 -1
    outer loop
      vertex -84.1639 -3.80423 0
      vertex -79.7046 -41.6539 0
      vertex -80.3461 -42.2954 0
    endloop
  endfacet
  facet normal 0 0 -1
    outer loop
      vertex -76.2954 41.6539 0
      vertex -83.0489 3.23607 0
      vertex -77.1039 41.2419 0
    endloop
  endfacet
  facet normal 0 0 -1
    outer loop
      vertex -84.1639 -3.80423 0
      vertex -80.3461 -42.2954 0
      vertex -80.7581 -43.1039 0
    endloop
  endfacet
  facet normal 0 0 -1
    outer loop
      vertex -77.1039 41.2419 0
      vertex -83.0489 3.23607 0
      vertex -78 41.1 0
    endloop
  endfacet
  facet normal 0 0 -1
    outer loop
      vertex -80.9217 -43.5056 0
      vertex -80.7581 -43.1039 0
      vertex -80.7766 -43.2208 0
    endloop
  endfacet
  facet normal 0 0 -1
    outer loop
      vertex -84.1639 3.80423 0
      vertex -78 41.1 0
      vertex -83.0489 3.23607 0
    endloop
  endfacet
  facet normal -0 0 -1
    outer loop
      vertex -80.7581 -43.1039 0
      vertex -80.9217 -43.5056 0
      vertex -84.1639 -3.80423 0
    endloop
  endfacet
  facet normal -0 0 -1
    outer loop
      vertex -78 41.1 0
      vertex -84.1639 3.80423 0
      vertex -78.8961 41.2419 0
    endloop
  endfacet
  facet normal 0 0 -1
    outer loop
      vertex -84.1639 -3.80423 0
      vertex -80.9217 -43.5056 0
      vertex -81 -44 0
    endloop
  endfacet
  facet normal 0 0 -1
    outer loop
      vertex -80.7581 43.1039 0
      vertex -80.9217 43.5056 0
      vertex -80.7766 43.2208 0
    endloop
  endfacet
  facet normal 0 0 -1
    outer loop
      vertex -76.9517 -55.458 0
      vertex -4 -60 0
      vertex -3.80423 -61.2361 0
    endloop
  endfacet
  facet normal 0 0 -1
    outer loop
      vertex -77.392 -56.3221 0
      vertex -3.80423 -61.2361 0
      vertex -3.23607 -62.3511 0
    endloop
  endfacet
  facet normal 0 0 -1
    outer loop
      vertex -78.0779 -57.0079 0
      vertex -3.23607 -62.3511 0
      vertex -2.35114 -63.2361 0
    endloop
  endfacet
  facet normal 0 0 -1
    outer loop
      vertex -88.9 -63.5 0
      vertex -2.35114 -63.2361 0
      vertex -1.83314 -63.5 0
    endloop
  endfacet
  facet normal 0 0 -1
    outer loop
      vertex -4 -60 0
      vertex -75.0783 -44.4944 0
      vertex -75 -44 0
    endloop
  endfacet
  facet normal 0 0 -1
    outer loop
      vertex -4 -60 0
      vertex -76.8 -54.5 0
      vertex -75.0783 -44.4944 0
    endloop
  endfacet
  facet normal 0 0 -1
    outer loop
      vertex -75.0783 -44.4944 0
      vertex -75.2419 -44.8961 0
      vertex -75.2234 -44.7792 0
    endloop
  endfacet
  facet normal 0 0 -1
    outer loop
      vertex -75.0783 -44.4944 0
      vertex -76.8 -54.5 0
      vertex -75.2419 -44.8961 0
    endloop
  endfacet
  facet normal 0 0 -1
    outer loop
      vertex -75.2419 -44.8961 0
      vertex -76.8 -54.5 0
      vertex -75.6539 -45.7046 0
    endloop
  endfacet
  facet normal 0 0 -1
    outer loop
      vertex -76.9517 -53.542 0
      vertex -75.6539 -45.7046 0
      vertex -76.8 -54.5 0
    endloop
  endfacet
  facet normal 0 0 -1
    outer loop
      vertex -4 -60 0
      vertex -76.9517 -55.458 0
      vertex -76.8 -54.5 0
    endloop
  endfacet
  facet normal 0 0 -1
    outer loop
      vertex -3.80423 -61.2361 0
      vertex -77.392 -56.3221 0
      vertex -76.9517 -55.458 0
    endloop
  endfacet
  facet normal 0 0 -1
    outer loop
      vertex -3.23607 -62.3511 0
      vertex -78.0779 -57.0079 0
      vertex -77.392 -56.3221 0
    endloop
  endfacet
  facet normal 0 0 -1
    outer loop
      vertex -2.35114 -63.2361 0
      vertex -78.942 -57.4483 0
      vertex -78.0779 -57.0079 0
    endloop
  endfacet
  facet normal -0 0 -1
    outer loop
      vertex -2.35114 -63.2361 0
      vertex -88.9 -63.5 0
      vertex -78.942 -57.4483 0
    endloop
  endfacet
  facet normal 0 0 -1
    outer loop
      vertex -78 -41.1 0
      vertex -84.1639 -3.80423 0
      vertex -83.0489 -3.23607 0
    endloop
  endfacet
  facet normal 0 0 -1
    outer loop
      vertex -82.8483 -53.542 0
      vertex -85.4 -4 0
      vertex -84.1639 -3.80423 0
    endloop
  endfacet
  facet normal 0 0 -1
    outer loop
      vertex -82.8483 -53.542 0
      vertex -86.6361 -3.80423 0
      vertex -85.4 -4 0
    endloop
  endfacet
  facet normal 0 0 -1
    outer loop
      vertex -82.8483 -53.542 0
      vertex -87.7511 -3.23607 0
      vertex -86.6361 -3.80423 0
    endloop
  endfacet
  facet normal 0 0 -1
    outer loop
      vertex -82.8483 -53.542 0
      vertex -88.6361 -2.35114 0
      vertex -87.7511 -3.23607 0
    endloop
  endfacet
  facet normal 0 0 -1
    outer loop
      vertex -78.942 -57.4483 0
      vertex -88.9 -63.5 0
      vertex -79.9 -57.6 0
    endloop
  endfacet
  facet normal 0 0 -1
    outer loop
      vertex -88.9 -63.5 0
      vertex -80.858 -57.4483 0
      vertex -79.9 -57.6 0
    endloop
  endfacet
  facet normal 0 0 -1
    outer loop
      vertex -88.9 -63.5 0
      vertex -81.7221 -57.0079 0
      vertex -80.858 -57.4483 0
    endloop
  endfacet
  facet normal 0 0 -1
    outer loop
      vertex -88.9 -63.5 0
      vertex -82.408 -56.3221 0
      vertex -81.7221 -57.0079 0
    endloop
  endfacet
  facet normal 0 0 -1
    outer loop
      vertex -88.9 -63.5 0
      vertex -82.8483 -55.458 0
      vertex -82.408 -56.3221 0
    endloop
  endfacet
  facet normal 0 0 -1
    outer loop
      vertex -88.9 -63.5 0
      vertex -83 -54.5 0
      vertex -82.8483 -55.458 0
    endloop
  endfacet
  facet normal -0 0 -1
    outer loop
      vertex -82.8483 -53.542 0
      vertex -88.9 -63.5 0
      vertex -88.6361 -2.35114 0
    endloop
  endfacet
  facet normal -0 0 -1
    outer loop
      vertex -88.6361 -2.35114 0
      vertex -88.9 -63.5 0
      vertex -88.9 -1.83314 0
    endloop
  endfacet
  facet normal 0 0 -1
    outer loop
      vertex -75.6539 -45.7046 0
      vertex -76.9517 -53.542 0
      vertex -76.2954 -46.3461 0
    endloop
  endfacet
  facet normal 0 0 -1
    outer loop
      vertex -77.392 -52.6779 0
      vertex -76.2954 -46.3461 0
      vertex -76.9517 -53.542 0
    endloop
  endfacet
  facet normal 0 0 -1
    outer loop
      vertex -76.2954 -46.3461 0
      vertex -77.392 -52.6779 0
      vertex -77.1039 -46.7581 0
    endloop
  endfacet
  facet normal 0 0 -1
    outer loop
      vertex -78.0779 -51.992 0
      vertex -77.1039 -46.7581 0
      vertex -77.392 -52.6779 0
    endloop
  endfacet
  facet normal 0 0 -1
    outer loop
      vertex -77.1039 -46.7581 0
      vertex -78.0779 -51.992 0
      vertex -78 -46.9 0
    endloop
  endfacet
  facet normal 0 0 -1
    outer loop
      vertex -78.942 -51.5517 0
      vertex -78 -46.9 0
      vertex -78.0779 -51.992 0
    endloop
  endfacet
  facet normal -0 0 -1
    outer loop
      vertex -78 -46.9 0
      vertex -78.942 -51.5517 0
      vertex -78.8961 -46.7581 0
    endloop
  endfacet
  facet normal 0 0 -1
    outer loop
      vertex -79.9 -51.4 0
      vertex -78.8961 -46.7581 0
      vertex -78.942 -51.5517 0
    endloop
  endfacet
  facet normal -0 0 -1
    outer loop
      vertex -78.8961 -46.7581 0
      vertex -79.9 -51.4 0
      vertex -79.7046 -46.3461 0
    endloop
  endfacet
  facet normal 0 0 -1
    outer loop
      vertex -80.858 -51.5517 0
      vertex -79.7046 -46.3461 0
      vertex -79.9 -51.4 0
    endloop
  endfacet
  facet normal -0 0 -1
    outer loop
      vertex -79.7046 -46.3461 0
      vertex -80.858 -51.5517 0
      vertex -80.3461 -45.7046 0
    endloop
  endfacet
  facet normal 0 0 -1
    outer loop
      vertex -81.7221 -51.992 0
      vertex -80.3461 -45.7046 0
      vertex -80.858 -51.5517 0
    endloop
  endfacet
  facet normal -0 0 -1
    outer loop
      vertex -80.3461 -45.7046 0
      vertex -81.7221 -51.992 0
      vertex -80.7581 -44.8961 0
    endloop
  endfacet
  facet normal 0 0 -1
    outer loop
      vertex -82.408 -52.6779 0
      vertex -80.7581 -44.8961 0
      vertex -81.7221 -51.992 0
    endloop
  endfacet
  facet normal 0 0 -1
    outer loop
      vertex -80.7581 -44.8961 0
      vertex -80.9217 -44.4944 0
      vertex -80.7766 -44.7792 0
    endloop
  endfacet
  facet normal 0 0 -1
    outer loop
      vertex -85.4 4 0
      vertex -78.8961 41.2419 0
      vertex -84.1639 3.80423 0
    endloop
  endfacet
  facet normal 0 0 -1
    outer loop
      vertex -2.35114 -56.7639 0
      vertex -81.4 0 0
      vertex -1.23607 -56.1958 0
    endloop
  endfacet
  facet normal -0 0 -1
    outer loop
      vertex -80.7581 -44.8961 0
      vertex -82.408 -52.6779 0
      vertex -80.9217 -44.4944 0
    endloop
  endfacet
  facet normal -0 0 -1
    outer loop
      vertex -80.9217 -44.4944 0
      vertex -82.408 -52.6779 0
      vertex -81 -44 0
    endloop
  endfacet
  facet normal 0 0 -1
    outer loop
      vertex -75.6539 -42.2954 0
      vertex -82.1639 -2.35114 0
      vertex -81.5958 -1.23607 0
    endloop
  endfacet
  facet normal 0 0 -1
    outer loop
      vertex -82.8483 -53.542 0
      vertex -81 -44 0
      vertex -82.408 -52.6779 0
    endloop
  endfacet
  facet normal 0 0 -1
    outer loop
      vertex -84.1639 -3.80423 0
      vertex -81 -44 0
      vertex -82.8483 -53.542 0
    endloop
  endfacet
  facet normal 0 0 -1
    outer loop
      vertex -88.9 -63.5 0
      vertex -82.8483 -53.542 0
      vertex -83 -54.5 0
    endloop
  endfacet
  facet normal 0 0 -1
    outer loop
      vertex -76.2954 -41.6539 0
      vertex -83.0489 -3.23607 0
      vertex -82.1639 -2.35114 0
    endloop
  endfacet
  facet normal 0 0 -1
    outer loop
      vertex 80.9217 43.5056 0
      vertex 88.9 63.5 0
      vertex 80.9217 -43.5056 0
    endloop
  endfacet
  facet normal 0 0 -1
    outer loop
      vertex 88.9 63.5 0
      vertex 80.9217 43.5056 0
      vertex 81 44 0
    endloop
  endfacet
  facet normal 0 0 -1
    outer loop
      vertex 80.7581 -43.1039 0
      vertex 80.9217 -43.5056 0
      vertex 80.7766 -43.2208 0
    endloop
  endfacet
  facet normal 0 0 -1
    outer loop
      vertex 80.9217 -43.5056 0
      vertex 80.7581 -43.1039 0
      vertex 80.9217 43.5056 0
    endloop
  endfacet
  facet normal 0 0 -1
    outer loop
      vertex 80.7581 43.1039 0
      vertex 80.9217 43.5056 0
      vertex 80.7581 -43.1039 0
    endloop
  endfacet
  facet normal 0 0 -1
    outer loop
      vertex 80.9217 43.5056 0
      vertex 80.7581 43.1039 0
      vertex 80.7766 43.2208 0
    endloop
  endfacet
  facet normal 0 0 -1
    outer loop
      vertex 80.3461 -42.2954 0
      vertex 80.7581 43.1039 0
      vertex 80.7581 -43.1039 0
    endloop
  endfacet
  facet normal 0 0 -1
    outer loop
      vertex 80.3461 -42.2954 0
      vertex 80.3461 42.2954 0
      vertex 80.7581 43.1039 0
    endloop
  endfacet
  facet normal 0 0 -1
    outer loop
      vertex 79.7046 -41.6539 0
      vertex 80.3461 42.2954 0
      vertex 80.3461 -42.2954 0
    endloop
  endfacet
  facet normal 0 0 -1
    outer loop
      vertex 79.7046 -41.6539 0
      vertex 79.7046 41.6539 0
      vertex 80.3461 42.2954 0
    endloop
  endfacet
  facet normal 0 0 -1
    outer loop
      vertex 78.8961 -41.2419 0
      vertex 79.7046 41.6539 0
      vertex 79.7046 -41.6539 0
    endloop
  endfacet
  facet normal 0 0 -1
    outer loop
      vertex 78.8961 -41.2419 0
      vertex 78.8961 41.2419 0
      vertex 79.7046 41.6539 0
    endloop
  endfacet
  facet normal 0 0 -1
    outer loop
      vertex 78 -41.1 0
      vertex 78.8961 41.2419 0
      vertex 78.8961 -41.2419 0
    endloop
  endfacet
  facet normal 0 0 -1
    outer loop
      vertex 78 -41.1 0
      vertex 78 41.1 0
      vertex 78.8961 41.2419 0
    endloop
  endfacet
  facet normal 0 0 -1
    outer loop
      vertex 77.1039 -41.2419 0
      vertex 78 41.1 0
      vertex 78 -41.1 0
    endloop
  endfacet
  facet normal 0 0 -1
    outer loop
      vertex 77.1039 -41.2419 0
      vertex 77.1039 41.2419 0
      vertex 78 41.1 0
    endloop
  endfacet
  facet normal 0 0 -1
    outer loop
      vertex 76.2954 -41.6539 0
      vertex 77.1039 41.2419 0
      vertex 77.1039 -41.2419 0
    endloop
  endfacet
  facet normal 0 0 -1
    outer loop
      vertex 76.2954 -41.6539 0
      vertex 76.2954 41.6539 0
      vertex 77.1039 41.2419 0
    endloop
  endfacet
  facet normal 0 0 -1
    outer loop
      vertex 75.6539 -42.2954 0
      vertex 76.2954 41.6539 0
      vertex 76.2954 -41.6539 0
    endloop
  endfacet
  facet normal 0 0 -1
    outer loop
      vertex 75.6539 -42.2954 0
      vertex 75.6539 42.2954 0
      vertex 76.2954 41.6539 0
    endloop
  endfacet
  facet normal 0 0 -1
    outer loop
      vertex 2.35114 -56.7639 0
      vertex 75.6539 -42.2954 0
      vertex 75.2419 -43.1039 0
    endloop
  endfacet
  facet normal -0 0 -1
    outer loop
      vertex 75.6539 -42.2954 0
      vertex 1.23607 -56.1958 0
      vertex 75.6539 42.2954 0
    endloop
  endfacet
  facet normal 0 0 -1
    outer loop
      vertex 75.0783 -43.5056 0
      vertex 75.2419 -43.1039 0
      vertex 75.2234 -43.2208 0
    endloop
  endfacet
  facet normal -0 0 -1
    outer loop
      vertex 75.6539 42.2954 0
      vertex 1.23607 -56.1958 0
      vertex 75.2419 43.1039 0
    endloop
  endfacet
  facet normal 0 0 -1
    outer loop
      vertex 3.23607 -57.6489 0
      vertex 75.2419 -43.1039 0
      vertex 75.0783 -43.5056 0
    endloop
  endfacet
  facet normal 0 0 -1
    outer loop
      vertex 0 -56 0
      vertex 75.2419 43.1039 0
      vertex 1.23607 -56.1958 0
    endloop
  endfacet
  facet normal 0 0 -1
    outer loop
      vertex 3.23607 -57.6489 0
      vertex 75.0783 -43.5056 0
      vertex 75 -44 0
    endloop
  endfacet
  facet normal 0 0 -1
    outer loop
      vertex 75.2419 43.1039 0
      vertex 75.0783 43.5056 0
      vertex 75.2234 43.2208 0
    endloop
  endfacet
  facet normal 0 0 -1
    outer loop
      vertex 80.9217 -43.5056 0
      vertex 88.9 -63.5 0
      vertex 81 -44 0
    endloop
  endfacet
  facet normal 0 0 -1
    outer loop
      vertex 88.9 63.5 0
      vertex 82.8483 53.542 0
      vertex 83 54.5 0
    endloop
  endfacet
  facet normal 0 0 -1
    outer loop
      vertex 81 -44 0
      vertex 82.8483 -53.542 0
      vertex 82.408 -52.6779 0
    endloop
  endfacet
  facet normal 0 0 -1
    outer loop
      vertex 88.9 -63.5 0
      vertex 80.9217 -43.5056 0
      vertex 88.9 63.5 0
    endloop
  endfacet
  facet normal 0 0 -1
    outer loop
      vertex 80.7581 -44.8961 0
      vertex 82.408 -52.6779 0
      vertex 81.7221 -51.992 0
    endloop
  endfacet
  facet normal 0 0 -1
    outer loop
      vertex 88.9 63.5 0
      vertex 81 44 0
      vertex 82.8483 53.542 0
    endloop
  endfacet
  facet normal 0 0 -1
    outer loop
      vertex 82.8483 53.542 0
      vertex 81 44 0
      vertex 82.408 52.6779 0
    endloop
  endfacet
  facet normal 0 0 -1
    outer loop
      vertex 82.408 -52.6779 0
      vertex 80.9217 -44.4944 0
      vertex 81 -44 0
    endloop
  endfacet
  facet normal 0 0 -1
    outer loop
      vertex 80.3461 -45.7046 0
      vertex 81.7221 -51.992 0
      vertex 80.858 -51.5517 0
    endloop
  endfacet
  facet normal 0 0 -1
    outer loop
      vertex 82.408 -52.6779 0
      vertex 80.7581 -44.8961 0
      vertex 80.9217 -44.4944 0
    endloop
  endfacet
  facet normal 0 0 -1
    outer loop
      vertex 80.9217 -44.4944 0
      vertex 80.7581 -44.8961 0
      vertex 80.7766 -44.7792 0
    endloop
  endfacet
  facet normal 0 0 -1
    outer loop
      vertex 81.7221 -51.992 0
      vertex 80.3461 -45.7046 0
      vertex 80.7581 -44.8961 0
    endloop
  endfacet
  facet normal 0 0 -1
    outer loop
      vertex 79.7046 -46.3461 0
      vertex 80.858 -51.5517 0
      vertex 79.9 -51.4 0
    endloop
  endfacet
  facet normal 0 0 -1
    outer loop
      vertex 80.858 -51.5517 0
      vertex 79.7046 -46.3461 0
      vertex 80.3461 -45.7046 0
    endloop
  endfacet
  facet normal 0 0 -1
    outer loop
      vertex 78.8961 -46.7581 0
      vertex 79.9 -51.4 0
      vertex 78.942 -51.5517 0
    endloop
  endfacet
  facet normal 0 0 -1
    outer loop
      vertex 79.9 -51.4 0
      vertex 78.8961 -46.7581 0
      vertex 79.7046 -46.3461 0
    endloop
  endfacet
  facet normal 0 0 -1
    outer loop
      vertex 78 -46.9 0
      vertex 78.942 -51.5517 0
      vertex 78.0779 -51.992 0
    endloop
  endfacet
  facet normal 0 0 -1
    outer loop
      vertex 78.942 -51.5517 0
      vertex 78 -46.9 0
      vertex 78.8961 -46.7581 0
    endloop
  endfacet
  facet normal 0 0 -1
    outer loop
      vertex 77.1039 -46.7581 0
      vertex 78.0779 -51.992 0
      vertex 77.392 -52.6779 0
    endloop
  endfacet
  facet normal 0 0 -1
    outer loop
      vertex 78.0779 -51.992 0
      vertex 77.1039 -46.7581 0
      vertex 78 -46.9 0
    endloop
  endfacet
  facet normal 0 0 -1
    outer loop
      vertex 76.2954 -46.3461 0
      vertex 77.392 -52.6779 0
      vertex 76.9517 -53.542 0
    endloop
  endfacet
  facet normal 0 0 -1
    outer loop
      vertex 75.6539 -45.7046 0
      vertex 76.9517 -53.542 0
      vertex 76.8 -54.5 0
    endloop
  endfacet
  facet normal 0 0 -1
    outer loop
      vertex 77.392 -52.6779 0
      vertex 76.2954 -46.3461 0
      vertex 77.1039 -46.7581 0
    endloop
  endfacet
  facet normal 0 0 -1
    outer loop
      vertex 82.8483 -53.542 0
      vertex 88.9 -63.5 0
      vertex 83 -54.5 0
    endloop
  endfacet
  facet normal 0 0 -1
    outer loop
      vertex 88.9 -63.5 0
      vertex 82.8483 -55.458 0
      vertex 83 -54.5 0
    endloop
  endfacet
  facet normal 0 0 -1
    outer loop
      vertex 88.9 -63.5 0
      vertex 82.408 -56.3221 0
      vertex 82.8483 -55.458 0
    endloop
  endfacet
  facet normal 0 0 -1
    outer loop
      vertex 88.9 -63.5 0
      vertex 81.7221 -57.0079 0
      vertex 82.408 -56.3221 0
    endloop
  endfacet
  facet normal 0 0 -1
    outer loop
      vertex 88.9 -63.5 0
      vertex 80.858 -57.4483 0
      vertex 81.7221 -57.0079 0
    endloop
  endfacet
  facet normal 0 0 -1
    outer loop
      vertex 88.9 -63.5 0
      vertex 79.9 -57.6 0
      vertex 80.858 -57.4483 0
    endloop
  endfacet
  facet normal 0 0 -1
    outer loop
      vertex 88.9 -63.5 0
      vertex 78.942 -57.4483 0
      vertex 79.9 -57.6 0
    endloop
  endfacet
  facet normal 0 0 -1
    outer loop
      vertex 2.35114 -63.2361 0
      vertex 78.942 -57.4483 0
      vertex 88.9 -63.5 0
    endloop
  endfacet
  facet normal 0 0 -1
    outer loop
      vertex 76.9517 -53.542 0
      vertex 75.6539 -45.7046 0
      vertex 76.2954 -46.3461 0
    endloop
  endfacet
  facet normal 0 0 -1
    outer loop
      vertex 76.8 -54.5 0
      vertex 75.2419 -44.8961 0
      vertex 75.6539 -45.7046 0
    endloop
  endfacet
  facet normal 0 0 -1
    outer loop
      vertex 4 -60 0
      vertex 76.8 -54.5 0
      vertex 76.9517 -55.458 0
    endloop
  endfacet
  facet normal 0 0 -1
    outer loop
      vertex 75.2419 -44.8961 0
      vertex 75.0783 -44.4944 0
      vertex 75.2234 -44.7792 0
    endloop
  endfacet
  facet normal 0 0 -1
    outer loop
      vertex 76.8 -54.5 0
      vertex 75.0783 -44.4944 0
      vertex 75.2419 -44.8961 0
    endloop
  endfacet
  facet normal -0 0 -1
    outer loop
      vertex 75.0783 -44.4944 0
      vertex 3.80423 -58.7639 0
      vertex 75 -44 0
    endloop
  endfacet
  facet normal 0 0 -1
    outer loop
      vertex 3.80423 -58.7639 0
      vertex 75.0783 -44.4944 0
      vertex 4 -60 0
    endloop
  endfacet
  facet normal -0 0 -1
    outer loop
      vertex 76.8 -54.5 0
      vertex 4 -60 0
      vertex 75.0783 -44.4944 0
    endloop
  endfacet
  facet normal 0 0 -1
    outer loop
      vertex 3.80423 -61.2361 0
      vertex 76.9517 -55.458 0
      vertex 77.392 -56.3221 0
    endloop
  endfacet
  facet normal 0 0 -1
    outer loop
      vertex 3.23607 -62.3511 0
      vertex 77.392 -56.3221 0
      vertex 78.0779 -57.0079 0
    endloop
  endfacet
  facet normal -0 0 -1
    outer loop
      vertex 78.942 -57.4483 0
      vertex 2.35114 -63.2361 0
      vertex 78.0779 -57.0079 0
    endloop
  endfacet
  facet normal 0 0 -1
    outer loop
      vertex 76.9517 -55.458 0
      vertex 3.80423 -61.2361 0
      vertex 4 -60 0
    endloop
  endfacet
  facet normal 0 0 -1
    outer loop
      vertex 77.392 -56.3221 0
      vertex 3.23607 -62.3511 0
      vertex 3.80423 -61.2361 0
    endloop
  endfacet
  facet normal 0 0 -1
    outer loop
      vertex 78.0779 -57.0079 0
      vertex 2.35114 -63.2361 0
      vertex 3.23607 -62.3511 0
    endloop
  endfacet
  facet normal 0 -0 -1
    outer loop
      vertex 2.35114 -63.2361 0
      vertex 88.9 -63.5 0
      vertex 1.83314 -63.5 0
    endloop
  endfacet
  facet normal 0 0 -1
    outer loop
      vertex 81 -44 0
      vertex 88.9 -63.5 0
      vertex 82.8483 -53.542 0
    endloop
  endfacet
  facet normal 0 0 -1
    outer loop
      vertex 82.8483 55.458 0
      vertex 88.9 63.5 0
      vertex 83 54.5 0
    endloop
  endfacet
  facet normal 0 0 -1
    outer loop
      vertex 82.408 56.3221 0
      vertex 88.9 63.5 0
      vertex 82.8483 55.458 0
    endloop
  endfacet
  facet normal 0 0 -1
    outer loop
      vertex 81.7221 57.0079 0
      vertex 88.9 63.5 0
      vertex 82.408 56.3221 0
    endloop
  endfacet
  facet normal 0 0 -1
    outer loop
      vertex 80.858 57.4483 0
      vertex 88.9 63.5 0
      vertex 81.7221 57.0079 0
    endloop
  endfacet
  facet normal 0 0 -1
    outer loop
      vertex 79.9 57.6 0
      vertex 88.9 63.5 0
      vertex 80.858 57.4483 0
    endloop
  endfacet
  facet normal 0 0 -1
    outer loop
      vertex 78.942 57.4483 0
      vertex 88.9 63.5 0
      vertex 79.9 57.6 0
    endloop
  endfacet
  facet normal 0 0 -1
    outer loop
      vertex 78.0779 57.0079 0
      vertex 88.9 63.5 0
      vertex 78.942 57.4483 0
    endloop
  endfacet
  facet normal -0 0 -1
    outer loop
      vertex 76.9517 53.542 0
      vertex 75.6539 45.7046 0
      vertex 76.8 54.5 0
    endloop
  endfacet
  facet normal 0 0 -1
    outer loop
      vertex 75.2419 44.8961 0
      vertex 76.8 54.5 0
      vertex 75.6539 45.7046 0
    endloop
  endfacet
  facet normal 0 0 -1
    outer loop
      vertex 75.0783 44.4944 0
      vertex 76.8 54.5 0
      vertex 75.2419 44.8961 0
    endloop
  endfacet
  facet normal 0 0 -1
    outer loop
      vertex 75.0783 44.4944 0
      vertex 75.2419 44.8961 0
      vertex 75.2234 44.7792 0
    endloop
  endfacet
  facet normal 0 0 -1
    outer loop
      vertex -75.0783 44.4944 0
      vertex 76.8 54.5 0
      vertex 75.0783 44.4944 0
    endloop
  endfacet
  facet normal 0 0 -1
    outer loop
      vertex 3.23607 -57.6489 0
      vertex 75 -44 0
      vertex 3.80423 -58.7639 0
    endloop
  endfacet
  facet normal 0 0 -1
    outer loop
      vertex 75.2419 -43.1039 0
      vertex 3.23607 -57.6489 0
      vertex 2.35114 -56.7639 0
    endloop
  endfacet
  facet normal 0 0 -1
    outer loop
      vertex 75.6539 -42.2954 0
      vertex 2.35114 -56.7639 0
      vertex 1.23607 -56.1958 0
    endloop
  endfacet
  facet normal -0 0 -1
    outer loop
      vertex 75.2419 43.1039 0
      vertex 0 -56 0
      vertex 75.0783 43.5056 0
    endloop
  endfacet
  facet normal 0 0 -1
    outer loop
      vertex -75 44 0
      vertex 75.0783 43.5056 0
      vertex 0 -56 0
    endloop
  endfacet
  facet normal 0 0 -1
    outer loop
      vertex 75.0783 43.5056 0
      vertex -75 44 0
      vertex 75 44 0
    endloop
  endfacet
  facet normal 0 0 -1
    outer loop
      vertex 75 44 0
      vertex -75 44 0
      vertex 75.0783 44.4944 0
    endloop
  endfacet
  facet normal 0 0 -1
    outer loop
      vertex -75.0783 44.4944 0
      vertex 75.0783 44.4944 0
      vertex -75 44 0
    endloop
  endfacet
  facet normal 0 0 -1
    outer loop
      vertex -75 44 0
      vertex 0 -56 0
      vertex -1.23607 -56.1958 0
    endloop
  endfacet
  facet normal 0 0 -1
    outer loop
      vertex -75.2419 -43.1039 0
      vertex -3.23607 -57.6489 0
      vertex -75.0783 -43.5056 0
    endloop
  endfacet
  facet normal 0 0 -1
    outer loop
      vertex -75.0783 -43.5056 0
      vertex -3.23607 -57.6489 0
      vertex -75 -44 0
    endloop
  endfacet
  facet normal 0 0 -1
    outer loop
      vertex -75 -44 0
      vertex -3.80423 -58.7639 0
      vertex -4 -60 0
    endloop
  endfacet
  facet normal 0 0 -1
    outer loop
      vertex -75 -44 0
      vertex -3.23607 -57.6489 0
      vertex -3.80423 -58.7639 0
    endloop
  endfacet
  facet normal 0 0 -1
    outer loop
      vertex -3.23607 -57.6489 0
      vertex -75.2419 -43.1039 0
      vertex -2.35114 -56.7639 0
    endloop
  endfacet
  facet normal 0 0 -1
    outer loop
      vertex -76.8 54.5 0
      vertex 76.8 54.5 0
      vertex -75.0783 44.4944 0
    endloop
  endfacet
  facet normal 0 0 -1
    outer loop
      vertex 76.8 54.5 0
      vertex -76.8 54.5 0
      vertex 76.9517 55.458 0
    endloop
  endfacet
  facet normal 0 0 -1
    outer loop
      vertex -76.9517 55.458 0
      vertex 76.9517 55.458 0
      vertex -76.8 54.5 0
    endloop
  endfacet
  facet normal 0 0 -1
    outer loop
      vertex 76.9517 55.458 0
      vertex -76.9517 55.458 0
      vertex 77.392 56.3221 0
    endloop
  endfacet
  facet normal 0 0 -1
    outer loop
      vertex -75.2419 44.8961 0
      vertex -75.0783 44.4944 0
      vertex -75.2234 44.7792 0
    endloop
  endfacet
  facet normal 0 0 -1
    outer loop
      vertex -76.8 54.5 0
      vertex -75.0783 44.4944 0
      vertex -75.2419 44.8961 0
    endloop
  endfacet
  facet normal 0 0 -1
    outer loop
      vertex -76.8 54.5 0
      vertex -75.2419 44.8961 0
      vertex -75.6539 45.7046 0
    endloop
  endfacet
  facet normal 0 0 -1
    outer loop
      vertex -76.9517 53.542 0
      vertex -75.6539 45.7046 0
      vertex -76.2954 46.3461 0
    endloop
  endfacet
  facet normal 0 0 -1
    outer loop
      vertex -77.392 56.3221 0
      vertex 77.392 56.3221 0
      vertex -76.9517 55.458 0
    endloop
  endfacet
  facet normal 0 0 -1
    outer loop
      vertex 77.392 56.3221 0
      vertex -77.392 56.3221 0
      vertex 78.0779 57.0079 0
    endloop
  endfacet
  facet normal 0 0 -1
    outer loop
      vertex -78.0779 57.0079 0
      vertex 78.0779 57.0079 0
      vertex -77.392 56.3221 0
    endloop
  endfacet
  facet normal 0 0 -1
    outer loop
      vertex 78.0779 57.0079 0
      vertex -78.0779 57.0079 0
      vertex 88.9 63.5 0
    endloop
  endfacet
  facet normal 0 0 -1
    outer loop
      vertex -88.9 63.5 0
      vertex -78.0779 57.0079 0
      vertex -78.942 57.4483 0
    endloop
  endfacet
  facet normal 0 0 -1
    outer loop
      vertex -88.9 63.5 0
      vertex -78.942 57.4483 0
      vertex -79.9 57.6 0
    endloop
  endfacet
  facet normal 0 0 -1
    outer loop
      vertex -88.9 63.5 0
      vertex -80.9217 43.5056 0
      vertex -88.6361 2.35114 0
    endloop
  endfacet
  facet normal 0 0 -1
    outer loop
      vertex -80.7581 44.8961 0
      vertex -82.408 52.6779 0
      vertex -81.7221 51.992 0
    endloop
  endfacet
  facet normal 0 0 -1
    outer loop
      vertex -80.9217 43.5056 0
      vertex -88.9 63.5 0
      vertex -81 44 0
    endloop
  endfacet
  facet normal 0 0 -1
    outer loop
      vertex -81 44 0
      vertex -82.8483 53.542 0
      vertex -82.408 52.6779 0
    endloop
  endfacet
  facet normal 0 0 -1
    outer loop
      vertex -81 44 0
      vertex -88.9 63.5 0
      vertex -82.8483 53.542 0
    endloop
  endfacet
  facet normal 0 0 -1
    outer loop
      vertex -88.9 63.5 0
      vertex -88.6361 2.35114 0
      vertex -88.9 1.83314 0
    endloop
  endfacet
  facet normal 0 0 -1
    outer loop
      vertex -78.0779 57.0079 0
      vertex -88.9 63.5 0
      vertex 88.9 63.5 0
    endloop
  endfacet
  facet normal 0 0 -1
    outer loop
      vertex -80.858 57.4483 0
      vertex -88.9 63.5 0
      vertex -79.9 57.6 0
    endloop
  endfacet
  facet normal 0 0 -1
    outer loop
      vertex -81.7221 57.0079 0
      vertex -88.9 63.5 0
      vertex -80.858 57.4483 0
    endloop
  endfacet
  facet normal 0 0 -1
    outer loop
      vertex -82.408 56.3221 0
      vertex -88.9 63.5 0
      vertex -81.7221 57.0079 0
    endloop
  endfacet
  facet normal 0 0 -1
    outer loop
      vertex -82.8483 55.458 0
      vertex -88.9 63.5 0
      vertex -82.408 56.3221 0
    endloop
  endfacet
  facet normal 0 0 -1
    outer loop
      vertex -83 54.5 0
      vertex -88.9 63.5 0
      vertex -82.8483 55.458 0
    endloop
  endfacet
  facet normal 0 0 -1
    outer loop
      vertex -82.8483 53.542 0
      vertex -88.9 63.5 0
      vertex -83 54.5 0
    endloop
  endfacet
  facet normal 0 0 -1
    outer loop
      vertex 80.9217 44.4944 0
      vertex 82.408 52.6779 0
      vertex 81 44 0
    endloop
  endfacet
  facet normal 0 0 -1
    outer loop
      vertex 80.7581 44.8961 0
      vertex 82.408 52.6779 0
      vertex 80.9217 44.4944 0
    endloop
  endfacet
  facet normal 0 0 -1
    outer loop
      vertex 82.408 52.6779 0
      vertex 80.7581 44.8961 0
      vertex 81.7221 51.992 0
    endloop
  endfacet
  facet normal 0 0 -1
    outer loop
      vertex 80.7581 44.8961 0
      vertex 80.9217 44.4944 0
      vertex 80.7766 44.7792 0
    endloop
  endfacet
  facet normal 0 0 -1
    outer loop
      vertex 80.3461 45.7046 0
      vertex 81.7221 51.992 0
      vertex 80.7581 44.8961 0
    endloop
  endfacet
  facet normal 0 0 -1
    outer loop
      vertex 81.7221 51.992 0
      vertex 80.3461 45.7046 0
      vertex 80.858 51.5517 0
    endloop
  endfacet
  facet normal 0 0 -1
    outer loop
      vertex 79.7046 46.3461 0
      vertex 80.858 51.5517 0
      vertex 80.3461 45.7046 0
    endloop
  endfacet
  facet normal 0 0 -1
    outer loop
      vertex 80.858 51.5517 0
      vertex 79.7046 46.3461 0
      vertex 79.9 51.4 0
    endloop
  endfacet
  facet normal 0 0 -1
    outer loop
      vertex 78.8961 46.7581 0
      vertex 79.9 51.4 0
      vertex 79.7046 46.3461 0
    endloop
  endfacet
  facet normal -0 0 -1
    outer loop
      vertex 79.9 51.4 0
      vertex 78.8961 46.7581 0
      vertex 78.942 51.5517 0
    endloop
  endfacet
  facet normal 0 0 -1
    outer loop
      vertex 78 46.9 0
      vertex 78.942 51.5517 0
      vertex 78.8961 46.7581 0
    endloop
  endfacet
  facet normal -0 0 -1
    outer loop
      vertex 78.942 51.5517 0
      vertex 78 46.9 0
      vertex 78.0779 51.992 0
    endloop
  endfacet
  facet normal 0 0 -1
    outer loop
      vertex 77.1039 46.7581 0
      vertex 78.0779 51.992 0
      vertex 78 46.9 0
    endloop
  endfacet
  facet normal -0 0 -1
    outer loop
      vertex 78.0779 51.992 0
      vertex 77.1039 46.7581 0
      vertex 77.392 52.6779 0
    endloop
  endfacet
  facet normal 0 0 -1
    outer loop
      vertex 76.2954 46.3461 0
      vertex 77.392 52.6779 0
      vertex 77.1039 46.7581 0
    endloop
  endfacet
  facet normal -0 0 -1
    outer loop
      vertex 77.392 52.6779 0
      vertex 76.2954 46.3461 0
      vertex 76.9517 53.542 0
    endloop
  endfacet
  facet normal 0 0 -1
    outer loop
      vertex 75.6539 45.7046 0
      vertex 76.9517 53.542 0
      vertex 76.2954 46.3461 0
    endloop
  endfacet
  facet normal -1 0 0
    outer loop
      vertex -88.9 1.83314 0
      vertex -88.9 63.5 3
      vertex -88.9 63.5 0
    endloop
  endfacet
  facet normal -1 -0 0
    outer loop
      vertex -88.9 63.5 3
      vertex -88.9 1.83314 0
      vertex -88.9 1.83314 3
    endloop
  endfacet
  facet normal -1 0 0
    outer loop
      vertex -88.9 -63.5 0
      vertex -88.9 -1.83314 3
      vertex -88.9 -1.83314 0
    endloop
  endfacet
  facet normal -1 -0 0
    outer loop
      vertex -88.9 -1.83314 3
      vertex -88.9 -63.5 0
      vertex -88.9 -63.5 3
    endloop
  endfacet
  facet normal 0 1 -0
    outer loop
      vertex 88.9 63.5 0
      vertex -88.9 63.5 3
      vertex 88.9 63.5 3
    endloop
  endfacet
  facet normal 0 1 0
    outer loop
      vertex -88.9 63.5 3
      vertex 88.9 63.5 0
      vertex -88.9 63.5 0
    endloop
  endfacet
  facet normal 0 -1 0
    outer loop
      vertex -88.9 -63.5 0
      vertex -1.83314 -63.5 3
      vertex -88.9 -63.5 3
    endloop
  endfacet
  facet normal 0 -1 -0
    outer loop
      vertex -1.83314 -63.5 3
      vertex -88.9 -63.5 0
      vertex -1.83314 -63.5 0
    endloop
  endfacet
  facet normal 0 -1 0
    outer loop
      vertex 1.83314 -63.5 0
      vertex 88.9 -63.5 3
      vertex 1.83314 -63.5 3
    endloop
  endfacet
  facet normal 0 -1 -0
    outer loop
      vertex 88.9 -63.5 3
      vertex 1.83314 -63.5 0
      vertex 88.9 -63.5 0
    endloop
  endfacet
  facet normal 1 -0 0
    outer loop
      vertex 83 -50.8 4.19
      vertex 83 50.8 3
      vertex 83 50.8 4.19
    endloop
  endfacet
  facet normal 1 0 0
    outer loop
      vertex 83 50.8 3
      vertex 83 -50.8 4.19
      vertex 83 -50.8 3
    endloop
  endfacet
  facet normal -0 0 1
    outer loop
      vertex -83 50.8 4.19
      vertex 83 -50.8 4.19
      vertex 83 50.8 4.19
    endloop
  endfacet
  facet normal 0 0 1
    outer loop
      vertex 83 -50.8 4.19
      vertex -83 50.8 4.19
      vertex -83 -50.8 4.19
    endloop
  endfacet
  facet normal -1 0 0
    outer loop
      vertex -83 -3.18721 3
      vertex -83 -50.8 3
      vertex -83 -3.18721 3.01
    endloop
  endfacet
  facet normal -1 0 0
    outer loop
      vertex -83 3.18721 3.01
      vertex -83 50.8 3
      vertex -83 3.18721 3
    endloop
  endfacet
  facet normal -1 0 0
    outer loop
      vertex -83 50.8 3
      vertex -83 3.18721 3.01
      vertex -83 50.8 4.19
    endloop
  endfacet
  facet normal -1 0 0
    outer loop
      vertex -83 -3.18721 3.01
      vertex -83 50.8 4.19
      vertex -83 3.18721 3.01
    endloop
  endfacet
  facet normal -1 0 0
    outer loop
      vertex -83 -50.8 4.19
      vertex -83 -3.18721 3.01
      vertex -83 -50.8 3
    endloop
  endfacet
  facet normal -1 0 0
    outer loop
      vertex -83 -3.18721 3.01
      vertex -83 -50.8 4.19
      vertex -83 50.8 4.19
    endloop
  endfacet
  facet normal 0 1 -0
    outer loop
      vertex 83 50.8 3
      vertex -83 50.8 4.19
      vertex 83 50.8 4.19
    endloop
  endfacet
  facet normal 0 1 0
    outer loop
      vertex -83 50.8 4.19
      vertex 83 50.8 3
      vertex -83 50.8 3
    endloop
  endfacet
  facet normal 0 -1 0
    outer loop
      vertex -83 -50.8 3
      vertex 83 -50.8 4.19
      vertex -83 -50.8 4.19
    endloop
  endfacet
  facet normal 0 -1 -0
    outer loop
      vertex 83 -50.8 4.19
      vertex -83 -50.8 3
      vertex 83 -50.8 3
    endloop
  endfacet
  facet normal 0.890976 -0.45405 0
    outer loop
      vertex -80.6944 -43.0595 3.01
      vertex -80.7766 -43.2208 1.41
      vertex -80.6944 -43.0595 1.41
    endloop
  endfacet
  facet normal 0.891006 -0.453992 -7.40258e-06
    outer loop
      vertex -80.9217 -43.5056 3.01
      vertex -80.7766 -43.2208 1.41
      vertex -80.6944 -43.0595 3.01
    endloop
  endfacet
  facet normal 0.891023 -0.453959 0
    outer loop
      vertex -80.9217 -43.5056 0
      vertex -80.7766 -43.2208 1.41
      vertex -80.9217 -43.5056 3.01
    endloop
  endfacet
  facet normal 0.891023 -0.453959 0
    outer loop
      vertex -80.7766 -43.2208 1.41
      vertex -80.9217 -43.5056 0
      vertex -80.7766 -43.2208 0
    endloop
  endfacet
  facet normal 0.891023 0.453959 0
    outer loop
      vertex -80.9217 -44.4944 3.01
      vertex -80.7766 -44.7792 1.41
      vertex -80.9217 -44.4944 0
    endloop
  endfacet
  facet normal 0.891006 0.453992 -7.40258e-06
    outer loop
      vertex -80.6944 -44.9405 3.01
      vertex -80.7766 -44.7792 1.41
      vertex -80.9217 -44.4944 3.01
    endloop
  endfacet
  facet normal 0.890976 0.45405 0
    outer loop
      vertex -80.7766 -44.7792 1.41
      vertex -80.6944 -44.9405 3.01
      vertex -80.6944 -44.9405 1.41
    endloop
  endfacet
  facet normal 0.891023 0.453959 0
    outer loop
      vertex -80.9217 -44.4944 0
      vertex -80.7766 -44.7792 1.41
      vertex -80.7766 -44.7792 0
    endloop
  endfacet
  facet normal 0.453992 -0.891006 0
    outer loop
      vertex -80.3405 -42.7056 1.41
      vertex -79.8944 -42.4783 3.01
      vertex -80.3405 -42.7056 3.01
    endloop
  endfacet
  facet normal 0.453992 -0.891006 0
    outer loop
      vertex -79.8944 -42.4783 3.01
      vertex -80.3405 -42.7056 1.41
      vertex -79.8944 -42.4783 1.41
    endloop
  endfacet
  facet normal 0.707107 0.707107 -0
    outer loop
      vertex -80.3405 -45.2944 1.41
      vertex -80.6944 -44.9405 3.01
      vertex -80.3405 -45.2944 3.01
    endloop
  endfacet
  facet normal 0.707107 0.707107 0
    outer loop
      vertex -80.6944 -44.9405 3.01
      vertex -80.3405 -45.2944 1.41
      vertex -80.6944 -44.9405 1.41
    endloop
  endfacet
  facet normal 0.98769 0.156424 0
    outer loop
      vertex -80.9217 -44.4944 3.01
      vertex -81 -44 0
      vertex -81 -44 3.01
    endloop
  endfacet
  facet normal 0.98769 0.156424 0
    outer loop
      vertex -81 -44 0
      vertex -80.9217 -44.4944 3.01
      vertex -80.9217 -44.4944 0
    endloop
  endfacet
  facet normal -0.98769 -0.156424 0
    outer loop
      vertex -75 -44 0
      vertex -75.0783 -43.5056 3.01
      vertex -75.0783 -43.5056 0
    endloop
  endfacet
  facet normal -0.98769 -0.156424 0
    outer loop
      vertex -75.0783 -43.5056 3.01
      vertex -75 -44 0
      vertex -75 -44 3.01
    endloop
  endfacet
  facet normal -0.890976 -0.45405 0
    outer loop
      vertex -75.2234 -43.2208 1.41
      vertex -75.3056 -43.0595 3.01
      vertex -75.3056 -43.0595 1.41
    endloop
  endfacet
  facet normal -0.891023 -0.453959 -0
    outer loop
      vertex -75.0783 -43.5056 3.01
      vertex -75.2234 -43.2208 1.41
      vertex -75.0783 -43.5056 0
    endloop
  endfacet
  facet normal -0.891006 -0.453992 -7.40258e-06
    outer loop
      vertex -75.2234 -43.2208 1.41
      vertex -75.0783 -43.5056 3.01
      vertex -75.3056 -43.0595 3.01
    endloop
  endfacet
  facet normal -0.891023 -0.453959 0
    outer loop
      vertex -75.2234 -43.2208 0
      vertex -75.0783 -43.5056 0
      vertex -75.2234 -43.2208 1.41
    endloop
  endfacet
  facet normal 0.707107 -0.707107 0
    outer loop
      vertex -80.6944 -43.0595 1.41
      vertex -80.3405 -42.7056 3.01
      vertex -80.6944 -43.0595 3.01
    endloop
  endfacet
  facet normal 0.707107 -0.707107 0
    outer loop
      vertex -80.3405 -42.7056 3.01
      vertex -80.6944 -43.0595 1.41
      vertex -80.3405 -42.7056 1.41
    endloop
  endfacet
  facet normal 0.98769 -0.156424 0
    outer loop
      vertex -81 -44 3.01
      vertex -80.9217 -43.5056 0
      vertex -80.9217 -43.5056 3.01
    endloop
  endfacet
  facet normal 0.98769 -0.156424 0
    outer loop
      vertex -80.9217 -43.5056 0
      vertex -81 -44 3.01
      vertex -81 -44 0
    endloop
  endfacet
  facet normal -0.156424 -0.98769 0
    outer loop
      vertex -76.6 -42.4 1.41
      vertex -76.1056 -42.4783 3.01
      vertex -76.6 -42.4 3.01
    endloop
  endfacet
  facet normal -0.156424 -0.98769 -0
    outer loop
      vertex -76.1056 -42.4783 3.01
      vertex -76.6 -42.4 1.41
      vertex -76.1056 -42.4783 1.41
    endloop
  endfacet
  facet normal 0.453992 0.891006 -0
    outer loop
      vertex -79.8944 -45.5217 1.41
      vertex -80.3405 -45.2944 3.01
      vertex -79.8944 -45.5217 3.01
    endloop
  endfacet
  facet normal 0.453992 0.891006 0
    outer loop
      vertex -80.3405 -45.2944 3.01
      vertex -79.8944 -45.5217 1.41
      vertex -80.3405 -45.2944 1.41
    endloop
  endfacet
  facet normal 0 -1 0
    outer loop
      vertex -79.4 -42.4 1.41
      vertex -76.6 -42.4 3.01
      vertex -79.4 -42.4 3.01
    endloop
  endfacet
  facet normal 0 -1 -0
    outer loop
      vertex -76.6 -42.4 3.01
      vertex -79.4 -42.4 1.41
      vertex -76.6 -42.4 1.41
    endloop
  endfacet
  facet normal -0.156424 0.98769 0
    outer loop
      vertex -76.1056 -45.5217 1.41
      vertex -76.6 -45.6 3.01
      vertex -76.1056 -45.5217 3.01
    endloop
  endfacet
  facet normal -0.156424 0.98769 0
    outer loop
      vertex -76.6 -45.6 3.01
      vertex -76.1056 -45.5217 1.41
      vertex -76.6 -45.6 1.41
    endloop
  endfacet
  facet normal 0.156424 0.98769 -0
    outer loop
      vertex -79.4 -45.6 1.41
      vertex -79.8944 -45.5217 3.01
      vertex -79.4 -45.6 3.01
    endloop
  endfacet
  facet normal 0.156424 0.98769 0
    outer loop
      vertex -79.8944 -45.5217 3.01
      vertex -79.4 -45.6 1.41
      vertex -79.8944 -45.5217 1.41
    endloop
  endfacet
  facet normal -0.707107 0.707107 0
    outer loop
      vertex -75.3056 -44.9405 1.41
      vertex -75.6595 -45.2944 3.01
      vertex -75.3056 -44.9405 3.01
    endloop
  endfacet
  facet normal -0.707107 0.707107 0
    outer loop
      vertex -75.6595 -45.2944 3.01
      vertex -75.3056 -44.9405 1.41
      vertex -75.6595 -45.2944 1.41
    endloop
  endfacet
  facet normal 0.156424 -0.98769 0
    outer loop
      vertex -79.8944 -42.4783 1.41
      vertex -79.4 -42.4 3.01
      vertex -79.8944 -42.4783 3.01
    endloop
  endfacet
  facet normal 0.156424 -0.98769 0
    outer loop
      vertex -79.4 -42.4 3.01
      vertex -79.8944 -42.4783 1.41
      vertex -79.4 -42.4 1.41
    endloop
  endfacet
  facet normal 0 1 -0
    outer loop
      vertex -76.6 -45.6 1.41
      vertex -79.4 -45.6 3.01
      vertex -76.6 -45.6 3.01
    endloop
  endfacet
  facet normal 0 1 0
    outer loop
      vertex -79.4 -45.6 3.01
      vertex -76.6 -45.6 1.41
      vertex -79.4 -45.6 1.41
    endloop
  endfacet
  facet normal -0.707107 -0.707107 0
    outer loop
      vertex -75.6595 -42.7056 1.41
      vertex -75.3056 -43.0595 3.01
      vertex -75.6595 -42.7056 3.01
    endloop
  endfacet
  facet normal -0.707107 -0.707107 -0
    outer loop
      vertex -75.3056 -43.0595 3.01
      vertex -75.6595 -42.7056 1.41
      vertex -75.3056 -43.0595 1.41
    endloop
  endfacet
  facet normal -0.98769 0.156424 0
    outer loop
      vertex -75.0783 -44.4944 0
      vertex -75 -44 3.01
      vertex -75 -44 0
    endloop
  endfacet
  facet normal -0.98769 0.156424 0
    outer loop
      vertex -75 -44 3.01
      vertex -75.0783 -44.4944 0
      vertex -75.0783 -44.4944 3.01
    endloop
  endfacet
  facet normal 0 0 -1
    outer loop
      vertex -75.0783 -44.4944 3.01
      vertex -75.0783 -43.5056 3.01
      vertex -75 -44 3.01
    endloop
  endfacet
  facet normal 0 0 -1
    outer loop
      vertex -75.3056 -44.9405 3.01
      vertex -75.0783 -43.5056 3.01
      vertex -75.0783 -44.4944 3.01
    endloop
  endfacet
  facet normal 0 0 -1
    outer loop
      vertex -75.3056 -44.9405 3.01
      vertex -75.3056 -43.0595 3.01
      vertex -75.0783 -43.5056 3.01
    endloop
  endfacet
  facet normal 0 0 -1
    outer loop
      vertex -75.6595 -45.2944 3.01
      vertex -75.3056 -43.0595 3.01
      vertex -75.3056 -44.9405 3.01
    endloop
  endfacet
  facet normal 0 0 -1
    outer loop
      vertex -75.6595 -45.2944 3.01
      vertex -75.6595 -42.7056 3.01
      vertex -75.3056 -43.0595 3.01
    endloop
  endfacet
  facet normal 0 0 -1
    outer loop
      vertex -76.1056 -45.5217 3.01
      vertex -75.6595 -42.7056 3.01
      vertex -75.6595 -45.2944 3.01
    endloop
  endfacet
  facet normal 0 0 -1
    outer loop
      vertex -76.1056 -45.5217 3.01
      vertex -76.1056 -42.4783 3.01
      vertex -75.6595 -42.7056 3.01
    endloop
  endfacet
  facet normal 0 0 -1
    outer loop
      vertex -76.6 -45.6 3.01
      vertex -76.1056 -42.4783 3.01
      vertex -76.1056 -45.5217 3.01
    endloop
  endfacet
  facet normal 0 0 -1
    outer loop
      vertex -76.6 -45.6 3.01
      vertex -76.6 -42.4 3.01
      vertex -76.1056 -42.4783 3.01
    endloop
  endfacet
  facet normal 0 0 -1
    outer loop
      vertex -79.4 -45.6 3.01
      vertex -76.6 -42.4 3.01
      vertex -76.6 -45.6 3.01
    endloop
  endfacet
  facet normal 0 0 -1
    outer loop
      vertex -79.4 -45.6 3.01
      vertex -79.4 -42.4 3.01
      vertex -76.6 -42.4 3.01
    endloop
  endfacet
  facet normal 0 0 -1
    outer loop
      vertex -79.8944 -45.5217 3.01
      vertex -79.4 -42.4 3.01
      vertex -79.4 -45.6 3.01
    endloop
  endfacet
  facet normal 0 0 -1
    outer loop
      vertex -79.8944 -45.5217 3.01
      vertex -79.8944 -42.4783 3.01
      vertex -79.4 -42.4 3.01
    endloop
  endfacet
  facet normal 0 0 -1
    outer loop
      vertex -80.3405 -45.2944 3.01
      vertex -79.8944 -42.4783 3.01
      vertex -79.8944 -45.5217 3.01
    endloop
  endfacet
  facet normal 0 0 -1
    outer loop
      vertex -80.3405 -45.2944 3.01
      vertex -80.3405 -42.7056 3.01
      vertex -79.8944 -42.4783 3.01
    endloop
  endfacet
  facet normal 0 0 -1
    outer loop
      vertex -80.6944 -44.9405 3.01
      vertex -80.3405 -42.7056 3.01
      vertex -80.3405 -45.2944 3.01
    endloop
  endfacet
  facet normal 0 0 -1
    outer loop
      vertex -80.6944 -44.9405 3.01
      vertex -80.6944 -43.0595 3.01
      vertex -80.3405 -42.7056 3.01
    endloop
  endfacet
  facet normal 0 0 -1
    outer loop
      vertex -80.9217 -44.4944 3.01
      vertex -80.6944 -43.0595 3.01
      vertex -80.6944 -44.9405 3.01
    endloop
  endfacet
  facet normal 0 0 -1
    outer loop
      vertex -80.9217 -44.4944 3.01
      vertex -80.9217 -43.5056 3.01
      vertex -80.6944 -43.0595 3.01
    endloop
  endfacet
  facet normal 0 -0 -1
    outer loop
      vertex -80.9217 -43.5056 3.01
      vertex -80.9217 -44.4944 3.01
      vertex -81 -44 3.01
    endloop
  endfacet
  facet normal -0.891023 0.453959 0
    outer loop
      vertex -75.2234 -44.7792 1.41
      vertex -75.0783 -44.4944 0
      vertex -75.2234 -44.7792 0
    endloop
  endfacet
  facet normal -0.891023 0.453959 0
    outer loop
      vertex -75.0783 -44.4944 0
      vertex -75.2234 -44.7792 1.41
      vertex -75.0783 -44.4944 3.01
    endloop
  endfacet
  facet normal -0.890976 0.45405 0
    outer loop
      vertex -75.3056 -44.9405 3.01
      vertex -75.2234 -44.7792 1.41
      vertex -75.3056 -44.9405 1.41
    endloop
  endfacet
  facet normal -0.891006 0.453992 -7.40258e-06
    outer loop
      vertex -75.2234 -44.7792 1.41
      vertex -75.3056 -44.9405 3.01
      vertex -75.0783 -44.4944 3.01
    endloop
  endfacet
  facet normal -0.453992 0.891006 0
    outer loop
      vertex -75.6595 -45.2944 1.41
      vertex -76.1056 -45.5217 3.01
      vertex -75.6595 -45.2944 3.01
    endloop
  endfacet
  facet normal -0.453992 0.891006 0
    outer loop
      vertex -76.1056 -45.5217 3.01
      vertex -75.6595 -45.2944 1.41
      vertex -76.1056 -45.5217 1.41
    endloop
  endfacet
  facet normal -0.453992 -0.891006 0
    outer loop
      vertex -76.1056 -42.4783 1.41
      vertex -75.6595 -42.7056 3.01
      vertex -76.1056 -42.4783 3.01
    endloop
  endfacet
  facet normal -0.453992 -0.891006 -0
    outer loop
      vertex -75.6595 -42.7056 3.01
      vertex -76.1056 -42.4783 1.41
      vertex -75.6595 -42.7056 1.41
    endloop
  endfacet
  facet normal 0.454033 -0.890985 0
    outer loop
      vertex -79.7046 -41.6539 0
      vertex -78.8961 -41.2419 1.41
      vertex -79.7046 -41.6539 1.41
    endloop
  endfacet
  facet normal 0.454033 -0.890985 0
    outer loop
      vertex -78.8961 -41.2419 1.41
      vertex -79.7046 -41.6539 0
      vertex -78.8961 -41.2419 0
    endloop
  endfacet
  facet normal -0.890985 -0.454033 0
    outer loop
      vertex -75.2419 -43.1039 0
      vertex -75.6539 -42.2954 1.41
      vertex -75.6539 -42.2954 0
    endloop
  endfacet
  facet normal -0.890985 -0.454033 0
    outer loop
      vertex -75.6539 -42.2954 1.41
      vertex -75.2419 -43.1039 0
      vertex -75.2419 -43.1039 1.41
    endloop
  endfacet
  facet normal -0.987708 -0.15631 0
    outer loop
      vertex -75.2234 -43.2208 0
      vertex -75.2419 -43.1039 1.41
      vertex -75.2419 -43.1039 0
    endloop
  endfacet
  facet normal -0.987708 -0.15631 0
    outer loop
      vertex -75.2419 -43.1039 1.41
      vertex -75.2234 -43.2208 0
      vertex -75.2234 -43.2208 1.41
    endloop
  endfacet
  facet normal -0.707107 -0.707107 0
    outer loop
      vertex -75.6539 -42.2954 0
      vertex -76.2954 -41.6539 1.41
      vertex -76.2954 -41.6539 0
    endloop
  endfacet
  facet normal -0.707107 -0.707107 0
    outer loop
      vertex -76.2954 -41.6539 1.41
      vertex -75.6539 -42.2954 0
      vertex -75.6539 -42.2954 1.41
    endloop
  endfacet
  facet normal -0.890985 0.454033 0
    outer loop
      vertex -75.6539 -45.7046 0
      vertex -75.2419 -44.8961 1.41
      vertex -75.2419 -44.8961 0
    endloop
  endfacet
  facet normal -0.890985 0.454033 0
    outer loop
      vertex -75.2419 -44.8961 1.41
      vertex -75.6539 -45.7046 0
      vertex -75.6539 -45.7046 1.41
    endloop
  endfacet
  facet normal -0.156404 0.987693 0
    outer loop
      vertex -77.1039 -46.7581 0
      vertex -78 -46.9 1.41
      vertex -77.1039 -46.7581 1.41
    endloop
  endfacet
  facet normal -0.156404 0.987693 0
    outer loop
      vertex -78 -46.9 1.41
      vertex -77.1039 -46.7581 0
      vertex -78 -46.9 0
    endloop
  endfacet
  facet normal -0.987708 0.15631 0
    outer loop
      vertex -75.2419 -44.8961 0
      vertex -75.2234 -44.7792 1.41
      vertex -75.2234 -44.7792 0
    endloop
  endfacet
  facet normal -0.987708 0.15631 0
    outer loop
      vertex -75.2234 -44.7792 1.41
      vertex -75.2419 -44.8961 0
      vertex -75.2419 -44.8961 1.41
    endloop
  endfacet
  facet normal 0.707107 -0.707107 0
    outer loop
      vertex -80.3461 -42.2954 1.41
      vertex -79.7046 -41.6539 0
      vertex -79.7046 -41.6539 1.41
    endloop
  endfacet
  facet normal 0.707107 -0.707107 0
    outer loop
      vertex -79.7046 -41.6539 0
      vertex -80.3461 -42.2954 1.41
      vertex -80.3461 -42.2954 0
    endloop
  endfacet
  facet normal 0.156404 0.987693 -0
    outer loop
      vertex -78 -46.9 0
      vertex -78.8961 -46.7581 1.41
      vertex -78 -46.9 1.41
    endloop
  endfacet
  facet normal 0.156404 0.987693 0
    outer loop
      vertex -78.8961 -46.7581 1.41
      vertex -78 -46.9 0
      vertex -78.8961 -46.7581 0
    endloop
  endfacet
  facet normal 0.987708 -0.15631 0
    outer loop
      vertex -80.7766 -43.2208 1.41
      vertex -80.7581 -43.1039 0
      vertex -80.7581 -43.1039 1.41
    endloop
  endfacet
  facet normal 0.987708 -0.15631 0
    outer loop
      vertex -80.7581 -43.1039 0
      vertex -80.7766 -43.2208 1.41
      vertex -80.7766 -43.2208 0
    endloop
  endfacet
  facet normal -0.454033 0.890985 0
    outer loop
      vertex -76.2954 -46.3461 0
      vertex -77.1039 -46.7581 1.41
      vertex -76.2954 -46.3461 1.41
    endloop
  endfacet
  facet normal -0.454033 0.890985 0
    outer loop
      vertex -77.1039 -46.7581 1.41
      vertex -76.2954 -46.3461 0
      vertex -77.1039 -46.7581 0
    endloop
  endfacet
  facet normal -0 0 -1
    outer loop
      vertex -75.2419 -44.8961 1.41
      vertex -75.3056 -44.9405 1.41
      vertex -75.2234 -44.7792 1.41
    endloop
  endfacet
  facet normal 0 0 -1
    outer loop
      vertex -75.6539 -45.7046 1.41
      vertex -75.3056 -44.9405 1.41
      vertex -75.2419 -44.8961 1.41
    endloop
  endfacet
  facet normal 0 0 -1
    outer loop
      vertex -75.6539 -45.7046 1.41
      vertex -75.6595 -45.2944 1.41
      vertex -75.3056 -44.9405 1.41
    endloop
  endfacet
  facet normal 0 0 -1
    outer loop
      vertex -75.6539 -45.7046 1.41
      vertex -76.1056 -45.5217 1.41
      vertex -75.6595 -45.2944 1.41
    endloop
  endfacet
  facet normal 0 0 -1
    outer loop
      vertex -76.2954 -46.3461 1.41
      vertex -76.1056 -45.5217 1.41
      vertex -75.6539 -45.7046 1.41
    endloop
  endfacet
  facet normal 0 0 -1
    outer loop
      vertex -76.2954 -46.3461 1.41
      vertex -76.6 -45.6 1.41
      vertex -76.1056 -45.5217 1.41
    endloop
  endfacet
  facet normal 0 0 -1
    outer loop
      vertex -77.1039 -46.7581 1.41
      vertex -76.6 -45.6 1.41
      vertex -76.2954 -46.3461 1.41
    endloop
  endfacet
  facet normal 0 0 -1
    outer loop
      vertex -78 -46.9 1.41
      vertex -76.6 -45.6 1.41
      vertex -77.1039 -46.7581 1.41
    endloop
  endfacet
  facet normal 0 0 -1
    outer loop
      vertex -79.4 -45.6 1.41
      vertex -78 -46.9 1.41
      vertex -78.8961 -46.7581 1.41
    endloop
  endfacet
  facet normal 0 0 -1
    outer loop
      vertex -78 -46.9 1.41
      vertex -79.4 -45.6 1.41
      vertex -76.6 -45.6 1.41
    endloop
  endfacet
  facet normal 0 0 -1
    outer loop
      vertex -79.7046 -46.3461 1.41
      vertex -79.4 -45.6 1.41
      vertex -78.8961 -46.7581 1.41
    endloop
  endfacet
  facet normal 0 0 -1
    outer loop
      vertex -79.7046 -46.3461 1.41
      vertex -79.8944 -45.5217 1.41
      vertex -79.4 -45.6 1.41
    endloop
  endfacet
  facet normal 0 0 -1
    outer loop
      vertex -80.3461 -45.7046 1.41
      vertex -79.8944 -45.5217 1.41
      vertex -79.7046 -46.3461 1.41
    endloop
  endfacet
  facet normal -0 0 -1
    outer loop
      vertex -79.8944 -45.5217 1.41
      vertex -80.3461 -45.7046 1.41
      vertex -80.3405 -45.2944 1.41
    endloop
  endfacet
  facet normal 0 0 -1
    outer loop
      vertex -80.3461 -45.7046 1.41
      vertex -80.6944 -44.9405 1.41
      vertex -80.3405 -45.2944 1.41
    endloop
  endfacet
  facet normal 0 0 -1
    outer loop
      vertex -80.7581 -44.8961 1.41
      vertex -80.6944 -44.9405 1.41
      vertex -80.3461 -45.7046 1.41
    endloop
  endfacet
  facet normal 0 0 -1
    outer loop
      vertex -80.6944 -44.9405 1.41
      vertex -80.7581 -44.8961 1.41
      vertex -80.7766 -44.7792 1.41
    endloop
  endfacet
  facet normal 0 0 -1
    outer loop
      vertex -75.3056 -43.0595 1.41
      vertex -75.2419 -43.1039 1.41
      vertex -75.2234 -43.2208 1.41
    endloop
  endfacet
  facet normal 0 0 -1
    outer loop
      vertex -75.3056 -43.0595 1.41
      vertex -75.6539 -42.2954 1.41
      vertex -75.2419 -43.1039 1.41
    endloop
  endfacet
  facet normal 0 0 -1
    outer loop
      vertex -75.6595 -42.7056 1.41
      vertex -75.6539 -42.2954 1.41
      vertex -75.3056 -43.0595 1.41
    endloop
  endfacet
  facet normal 0 0 -1
    outer loop
      vertex -76.1056 -42.4783 1.41
      vertex -75.6539 -42.2954 1.41
      vertex -75.6595 -42.7056 1.41
    endloop
  endfacet
  facet normal 0 0 -1
    outer loop
      vertex -76.1056 -42.4783 1.41
      vertex -76.2954 -41.6539 1.41
      vertex -75.6539 -42.2954 1.41
    endloop
  endfacet
  facet normal 0 0 -1
    outer loop
      vertex -76.6 -42.4 1.41
      vertex -76.2954 -41.6539 1.41
      vertex -76.1056 -42.4783 1.41
    endloop
  endfacet
  facet normal 0 0 -1
    outer loop
      vertex -76.6 -42.4 1.41
      vertex -77.1039 -41.2419 1.41
      vertex -76.2954 -41.6539 1.41
    endloop
  endfacet
  facet normal 0 0 -1
    outer loop
      vertex -76.6 -42.4 1.41
      vertex -78 -41.1 1.41
      vertex -77.1039 -41.2419 1.41
    endloop
  endfacet
  facet normal 0 0 -1
    outer loop
      vertex -79.4 -42.4 1.41
      vertex -78 -41.1 1.41
      vertex -76.6 -42.4 1.41
    endloop
  endfacet
  facet normal 0 0 -1
    outer loop
      vertex -78 -41.1 1.41
      vertex -79.4 -42.4 1.41
      vertex -78.8961 -41.2419 1.41
    endloop
  endfacet
  facet normal 0 0 -1
    outer loop
      vertex -79.4 -42.4 1.41
      vertex -79.7046 -41.6539 1.41
      vertex -78.8961 -41.2419 1.41
    endloop
  endfacet
  facet normal 0 0 -1
    outer loop
      vertex -79.8944 -42.4783 1.41
      vertex -79.7046 -41.6539 1.41
      vertex -79.4 -42.4 1.41
    endloop
  endfacet
  facet normal 0 0 -1
    outer loop
      vertex -80.3461 -42.2954 1.41
      vertex -79.8944 -42.4783 1.41
      vertex -80.3405 -42.7056 1.41
    endloop
  endfacet
  facet normal 0 0 -1
    outer loop
      vertex -79.8944 -42.4783 1.41
      vertex -80.3461 -42.2954 1.41
      vertex -79.7046 -41.6539 1.41
    endloop
  endfacet
  facet normal 0 0 -1
    outer loop
      vertex -80.6944 -43.0595 1.41
      vertex -80.3461 -42.2954 1.41
      vertex -80.3405 -42.7056 1.41
    endloop
  endfacet
  facet normal -0 0 -1
    outer loop
      vertex -80.6944 -43.0595 1.41
      vertex -80.7581 -43.1039 1.41
      vertex -80.3461 -42.2954 1.41
    endloop
  endfacet
  facet normal 0 -0 -1
    outer loop
      vertex -80.7581 -43.1039 1.41
      vertex -80.6944 -43.0595 1.41
      vertex -80.7766 -43.2208 1.41
    endloop
  endfacet
  facet normal -0.156404 -0.987693 0
    outer loop
      vertex -78 -41.1 0
      vertex -77.1039 -41.2419 1.41
      vertex -78 -41.1 1.41
    endloop
  endfacet
  facet normal -0.156404 -0.987693 -0
    outer loop
      vertex -77.1039 -41.2419 1.41
      vertex -78 -41.1 0
      vertex -77.1039 -41.2419 0
    endloop
  endfacet
  facet normal -0.454033 -0.890985 0
    outer loop
      vertex -77.1039 -41.2419 0
      vertex -76.2954 -41.6539 1.41
      vertex -77.1039 -41.2419 1.41
    endloop
  endfacet
  facet normal -0.454033 -0.890985 -0
    outer loop
      vertex -76.2954 -41.6539 1.41
      vertex -77.1039 -41.2419 0
      vertex -76.2954 -41.6539 0
    endloop
  endfacet
  facet normal 0.890985 0.454033 0
    outer loop
      vertex -80.3461 -45.7046 1.41
      vertex -80.7581 -44.8961 0
      vertex -80.7581 -44.8961 1.41
    endloop
  endfacet
  facet normal 0.890985 0.454033 0
    outer loop
      vertex -80.7581 -44.8961 0
      vertex -80.3461 -45.7046 1.41
      vertex -80.3461 -45.7046 0
    endloop
  endfacet
  facet normal 0.156404 -0.987693 0
    outer loop
      vertex -78.8961 -41.2419 0
      vertex -78 -41.1 1.41
      vertex -78.8961 -41.2419 1.41
    endloop
  endfacet
  facet normal 0.156404 -0.987693 0
    outer loop
      vertex -78 -41.1 1.41
      vertex -78.8961 -41.2419 0
      vertex -78 -41.1 0
    endloop
  endfacet
  facet normal -0.707107 0.707107 0
    outer loop
      vertex -76.2954 -46.3461 0
      vertex -75.6539 -45.7046 1.41
      vertex -75.6539 -45.7046 0
    endloop
  endfacet
  facet normal -0.707107 0.707107 0
    outer loop
      vertex -75.6539 -45.7046 1.41
      vertex -76.2954 -46.3461 0
      vertex -76.2954 -46.3461 1.41
    endloop
  endfacet
  facet normal 0.454033 0.890985 -0
    outer loop
      vertex -78.8961 -46.7581 0
      vertex -79.7046 -46.3461 1.41
      vertex -78.8961 -46.7581 1.41
    endloop
  endfacet
  facet normal 0.454033 0.890985 0
    outer loop
      vertex -79.7046 -46.3461 1.41
      vertex -78.8961 -46.7581 0
      vertex -79.7046 -46.3461 0
    endloop
  endfacet
  facet normal 0.890985 -0.454033 0
    outer loop
      vertex -80.7581 -43.1039 1.41
      vertex -80.3461 -42.2954 0
      vertex -80.3461 -42.2954 1.41
    endloop
  endfacet
  facet normal 0.890985 -0.454033 0
    outer loop
      vertex -80.3461 -42.2954 0
      vertex -80.7581 -43.1039 1.41
      vertex -80.7581 -43.1039 0
    endloop
  endfacet
  facet normal 0.987708 0.15631 0
    outer loop
      vertex -80.7581 -44.8961 1.41
      vertex -80.7766 -44.7792 0
      vertex -80.7766 -44.7792 1.41
    endloop
  endfacet
  facet normal 0.987708 0.15631 0
    outer loop
      vertex -80.7766 -44.7792 0
      vertex -80.7581 -44.8961 1.41
      vertex -80.7581 -44.8961 0
    endloop
  endfacet
  facet normal 0.707107 0.707107 0
    outer loop
      vertex -79.7046 -46.3461 1.41
      vertex -80.3461 -45.7046 0
      vertex -80.3461 -45.7046 1.41
    endloop
  endfacet
  facet normal 0.707107 0.707107 0
    outer loop
      vertex -80.3461 -45.7046 0
      vertex -79.7046 -46.3461 1.41
      vertex -79.7046 -46.3461 0
    endloop
  endfacet
  facet normal 0.890976 -0.45405 0
    outer loop
      vertex -80.6944 44.9405 3.01
      vertex -80.7766 44.7792 1.41
      vertex -80.6944 44.9405 1.41
    endloop
  endfacet
  facet normal 0.891006 -0.453992 -7.40258e-06
    outer loop
      vertex -80.9217 44.4944 3.01
      vertex -80.7766 44.7792 1.41
      vertex -80.6944 44.9405 3.01
    endloop
  endfacet
  facet normal 0.891023 -0.453959 0
    outer loop
      vertex -80.9217 44.4944 0
      vertex -80.7766 44.7792 1.41
      vertex -80.9217 44.4944 3.01
    endloop
  endfacet
  facet normal 0.891023 -0.453959 0
    outer loop
      vertex -80.7766 44.7792 1.41
      vertex -80.9217 44.4944 0
      vertex -80.7766 44.7792 0
    endloop
  endfacet
  facet normal 0.891023 0.453959 0
    outer loop
      vertex -80.9217 43.5056 3.01
      vertex -80.7766 43.2208 1.41
      vertex -80.9217 43.5056 0
    endloop
  endfacet
  facet normal 0.891006 0.453992 -7.40258e-06
    outer loop
      vertex -80.6944 43.0595 3.01
      vertex -80.7766 43.2208 1.41
      vertex -80.9217 43.5056 3.01
    endloop
  endfacet
  facet normal 0.890976 0.45405 0
    outer loop
      vertex -80.7766 43.2208 1.41
      vertex -80.6944 43.0595 3.01
      vertex -80.6944 43.0595 1.41
    endloop
  endfacet
  facet normal 0.891023 0.453959 0
    outer loop
      vertex -80.9217 43.5056 0
      vertex -80.7766 43.2208 1.41
      vertex -80.7766 43.2208 0
    endloop
  endfacet
  facet normal 0.453992 -0.891006 0
    outer loop
      vertex -80.3405 45.2944 1.41
      vertex -79.8944 45.5217 3.01
      vertex -80.3405 45.2944 3.01
    endloop
  endfacet
  facet normal 0.453992 -0.891006 0
    outer loop
      vertex -79.8944 45.5217 3.01
      vertex -80.3405 45.2944 1.41
      vertex -79.8944 45.5217 1.41
    endloop
  endfacet
  facet normal 0.707107 0.707107 -0
    outer loop
      vertex -80.3405 42.7056 1.41
      vertex -80.6944 43.0595 3.01
      vertex -80.3405 42.7056 3.01
    endloop
  endfacet
  facet normal 0.707107 0.707107 0
    outer loop
      vertex -80.6944 43.0595 3.01
      vertex -80.3405 42.7056 1.41
      vertex -80.6944 43.0595 1.41
    endloop
  endfacet
  facet normal 0.98769 0.156424 0
    outer loop
      vertex -80.9217 43.5056 3.01
      vertex -81 44 0
      vertex -81 44 3.01
    endloop
  endfacet
  facet normal 0.98769 0.156424 0
    outer loop
      vertex -81 44 0
      vertex -80.9217 43.5056 3.01
      vertex -80.9217 43.5056 0
    endloop
  endfacet
  facet normal -0.98769 -0.156424 0
    outer loop
      vertex -75 44 0
      vertex -75.0783 44.4944 3.01
      vertex -75.0783 44.4944 0
    endloop
  endfacet
  facet normal -0.98769 -0.156424 0
    outer loop
      vertex -75.0783 44.4944 3.01
      vertex -75 44 0
      vertex -75 44 3.01
    endloop
  endfacet
  facet normal -0.890976 -0.45405 0
    outer loop
      vertex -75.2234 44.7792 1.41
      vertex -75.3056 44.9405 3.01
      vertex -75.3056 44.9405 1.41
    endloop
  endfacet
  facet normal -0.891023 -0.453959 -0
    outer loop
      vertex -75.0783 44.4944 3.01
      vertex -75.2234 44.7792 1.41
      vertex -75.0783 44.4944 0
    endloop
  endfacet
  facet normal -0.891006 -0.453992 -7.40258e-06
    outer loop
      vertex -75.2234 44.7792 1.41
      vertex -75.0783 44.4944 3.01
      vertex -75.3056 44.9405 3.01
    endloop
  endfacet
  facet normal -0.891023 -0.453959 0
    outer loop
      vertex -75.2234 44.7792 0
      vertex -75.0783 44.4944 0
      vertex -75.2234 44.7792 1.41
    endloop
  endfacet
  facet normal 0.707107 -0.707107 0
    outer loop
      vertex -80.6944 44.9405 1.41
      vertex -80.3405 45.2944 3.01
      vertex -80.6944 44.9405 3.01
    endloop
  endfacet
  facet normal 0.707107 -0.707107 0
    outer loop
      vertex -80.3405 45.2944 3.01
      vertex -80.6944 44.9405 1.41
      vertex -80.3405 45.2944 1.41
    endloop
  endfacet
  facet normal 0.98769 -0.156424 0
    outer loop
      vertex -81 44 3.01
      vertex -80.9217 44.4944 0
      vertex -80.9217 44.4944 3.01
    endloop
  endfacet
  facet normal 0.98769 -0.156424 0
    outer loop
      vertex -80.9217 44.4944 0
      vertex -81 44 3.01
      vertex -81 44 0
    endloop
  endfacet
  facet normal -0.156424 -0.98769 0
    outer loop
      vertex -76.6 45.6 1.41
      vertex -76.1056 45.5217 3.01
      vertex -76.6 45.6 3.01
    endloop
  endfacet
  facet normal -0.156424 -0.98769 -0
    outer loop
      vertex -76.1056 45.5217 3.01
      vertex -76.6 45.6 1.41
      vertex -76.1056 45.5217 1.41
    endloop
  endfacet
  facet normal 0.453992 0.891006 -0
    outer loop
      vertex -79.8944 42.4783 1.41
      vertex -80.3405 42.7056 3.01
      vertex -79.8944 42.4783 3.01
    endloop
  endfacet
  facet normal 0.453992 0.891006 0
    outer loop
      vertex -80.3405 42.7056 3.01
      vertex -79.8944 42.4783 1.41
      vertex -80.3405 42.7056 1.41
    endloop
  endfacet
  facet normal 0 -1 0
    outer loop
      vertex -79.4 45.6 1.41
      vertex -76.6 45.6 3.01
      vertex -79.4 45.6 3.01
    endloop
  endfacet
  facet normal 0 -1 -0
    outer loop
      vertex -76.6 45.6 3.01
      vertex -79.4 45.6 1.41
      vertex -76.6 45.6 1.41
    endloop
  endfacet
  facet normal -0.156424 0.98769 0
    outer loop
      vertex -76.1056 42.4783 1.41
      vertex -76.6 42.4 3.01
      vertex -76.1056 42.4783 3.01
    endloop
  endfacet
  facet normal -0.156424 0.98769 0
    outer loop
      vertex -76.6 42.4 3.01
      vertex -76.1056 42.4783 1.41
      vertex -76.6 42.4 1.41
    endloop
  endfacet
  facet normal 0.156424 0.98769 -0
    outer loop
      vertex -79.4 42.4 1.41
      vertex -79.8944 42.4783 3.01
      vertex -79.4 42.4 3.01
    endloop
  endfacet
  facet normal 0.156424 0.98769 0
    outer loop
      vertex -79.8944 42.4783 3.01
      vertex -79.4 42.4 1.41
      vertex -79.8944 42.4783 1.41
    endloop
  endfacet
  facet normal -0.707107 0.707107 0
    outer loop
      vertex -75.3056 43.0595 1.41
      vertex -75.6595 42.7056 3.01
      vertex -75.3056 43.0595 3.01
    endloop
  endfacet
  facet normal -0.707107 0.707107 0
    outer loop
      vertex -75.6595 42.7056 3.01
      vertex -75.3056 43.0595 1.41
      vertex -75.6595 42.7056 1.41
    endloop
  endfacet
  facet normal 0.156424 -0.98769 0
    outer loop
      vertex -79.8944 45.5217 1.41
      vertex -79.4 45.6 3.01
      vertex -79.8944 45.5217 3.01
    endloop
  endfacet
  facet normal 0.156424 -0.98769 0
    outer loop
      vertex -79.4 45.6 3.01
      vertex -79.8944 45.5217 1.41
      vertex -79.4 45.6 1.41
    endloop
  endfacet
  facet normal 0 1 -0
    outer loop
      vertex -76.6 42.4 1.41
      vertex -79.4 42.4 3.01
      vertex -76.6 42.4 3.01
    endloop
  endfacet
  facet normal 0 1 0
    outer loop
      vertex -79.4 42.4 3.01
      vertex -76.6 42.4 1.41
      vertex -79.4 42.4 1.41
    endloop
  endfacet
  facet normal -0.707107 -0.707107 0
    outer loop
      vertex -75.6595 45.2944 1.41
      vertex -75.3056 44.9405 3.01
      vertex -75.6595 45.2944 3.01
    endloop
  endfacet
  facet normal -0.707107 -0.707107 -0
    outer loop
      vertex -75.3056 44.9405 3.01
      vertex -75.6595 45.2944 1.41
      vertex -75.3056 44.9405 1.41
    endloop
  endfacet
  facet normal -0.98769 0.156424 0
    outer loop
      vertex -75.0783 43.5056 0
      vertex -75 44 3.01
      vertex -75 44 0
    endloop
  endfacet
  facet normal -0.98769 0.156424 0
    outer loop
      vertex -75 44 3.01
      vertex -75.0783 43.5056 0
      vertex -75.0783 43.5056 3.01
    endloop
  endfacet
  facet normal -0.891023 0.453959 0
    outer loop
      vertex -75.2234 43.2208 1.41
      vertex -75.0783 43.5056 0
      vertex -75.2234 43.2208 0
    endloop
  endfacet
  facet normal -0.891023 0.453959 0
    outer loop
      vertex -75.0783 43.5056 0
      vertex -75.2234 43.2208 1.41
      vertex -75.0783 43.5056 3.01
    endloop
  endfacet
  facet normal -0.890976 0.45405 0
    outer loop
      vertex -75.3056 43.0595 3.01
      vertex -75.2234 43.2208 1.41
      vertex -75.3056 43.0595 1.41
    endloop
  endfacet
  facet normal -0.891006 0.453992 -7.40258e-06
    outer loop
      vertex -75.2234 43.2208 1.41
      vertex -75.3056 43.0595 3.01
      vertex -75.0783 43.5056 3.01
    endloop
  endfacet
  facet normal -0.453992 0.891006 0
    outer loop
      vertex -75.6595 42.7056 1.41
      vertex -76.1056 42.4783 3.01
      vertex -75.6595 42.7056 3.01
    endloop
  endfacet
  facet normal -0.453992 0.891006 0
    outer loop
      vertex -76.1056 42.4783 3.01
      vertex -75.6595 42.7056 1.41
      vertex -76.1056 42.4783 1.41
    endloop
  endfacet
  facet normal -0.453992 -0.891006 0
    outer loop
      vertex -76.1056 45.5217 1.41
      vertex -75.6595 45.2944 3.01
      vertex -76.1056 45.5217 3.01
    endloop
  endfacet
  facet normal -0.453992 -0.891006 -0
    outer loop
      vertex -75.6595 45.2944 3.01
      vertex -76.1056 45.5217 1.41
      vertex -75.6595 45.2944 1.41
    endloop
  endfacet
  facet normal 0 0 -1
    outer loop
      vertex -75.0783 43.5056 3.01
      vertex -75.0783 44.4944 3.01
      vertex -75 44 3.01
    endloop
  endfacet
  facet normal 0 0 -1
    outer loop
      vertex -75.3056 43.0595 3.01
      vertex -75.0783 44.4944 3.01
      vertex -75.0783 43.5056 3.01
    endloop
  endfacet
  facet normal 0 0 -1
    outer loop
      vertex -75.3056 43.0595 3.01
      vertex -75.3056 44.9405 3.01
      vertex -75.0783 44.4944 3.01
    endloop
  endfacet
  facet normal 0 0 -1
    outer loop
      vertex -75.6595 42.7056 3.01
      vertex -75.3056 44.9405 3.01
      vertex -75.3056 43.0595 3.01
    endloop
  endfacet
  facet normal 0 0 -1
    outer loop
      vertex -75.6595 42.7056 3.01
      vertex -75.6595 45.2944 3.01
      vertex -75.3056 44.9405 3.01
    endloop
  endfacet
  facet normal 0 0 -1
    outer loop
      vertex -76.1056 42.4783 3.01
      vertex -75.6595 45.2944 3.01
      vertex -75.6595 42.7056 3.01
    endloop
  endfacet
  facet normal 0 0 -1
    outer loop
      vertex -76.1056 42.4783 3.01
      vertex -76.1056 45.5217 3.01
      vertex -75.6595 45.2944 3.01
    endloop
  endfacet
  facet normal 0 0 -1
    outer loop
      vertex -76.6 42.4 3.01
      vertex -76.1056 45.5217 3.01
      vertex -76.1056 42.4783 3.01
    endloop
  endfacet
  facet normal 0 0 -1
    outer loop
      vertex -76.6 42.4 3.01
      vertex -76.6 45.6 3.01
      vertex -76.1056 45.5217 3.01
    endloop
  endfacet
  facet normal 0 0 -1
    outer loop
      vertex -79.4 42.4 3.01
      vertex -76.6 45.6 3.01
      vertex -76.6 42.4 3.01
    endloop
  endfacet
  facet normal 0 0 -1
    outer loop
      vertex -79.4 42.4 3.01
      vertex -79.4 45.6 3.01
      vertex -76.6 45.6 3.01
    endloop
  endfacet
  facet normal 0 0 -1
    outer loop
      vertex -79.8944 42.4783 3.01
      vertex -79.4 45.6 3.01
      vertex -79.4 42.4 3.01
    endloop
  endfacet
  facet normal 0 0 -1
    outer loop
      vertex -79.8944 42.4783 3.01
      vertex -79.8944 45.5217 3.01
      vertex -79.4 45.6 3.01
    endloop
  endfacet
  facet normal 0 0 -1
    outer loop
      vertex -80.3405 42.7056 3.01
      vertex -79.8944 45.5217 3.01
      vertex -79.8944 42.4783 3.01
    endloop
  endfacet
  facet normal 0 0 -1
    outer loop
      vertex -80.3405 42.7056 3.01
      vertex -80.3405 45.2944 3.01
      vertex -79.8944 45.5217 3.01
    endloop
  endfacet
  facet normal 0 0 -1
    outer loop
      vertex -80.6944 43.0595 3.01
      vertex -80.3405 45.2944 3.01
      vertex -80.3405 42.7056 3.01
    endloop
  endfacet
  facet normal 0 0 -1
    outer loop
      vertex -80.6944 43.0595 3.01
      vertex -80.6944 44.9405 3.01
      vertex -80.3405 45.2944 3.01
    endloop
  endfacet
  facet normal 0 0 -1
    outer loop
      vertex -80.9217 43.5056 3.01
      vertex -80.6944 44.9405 3.01
      vertex -80.6944 43.0595 3.01
    endloop
  endfacet
  facet normal 0 0 -1
    outer loop
      vertex -80.9217 43.5056 3.01
      vertex -80.9217 44.4944 3.01
      vertex -80.6944 44.9405 3.01
    endloop
  endfacet
  facet normal 0 -0 -1
    outer loop
      vertex -80.9217 44.4944 3.01
      vertex -80.9217 43.5056 3.01
      vertex -81 44 3.01
    endloop
  endfacet
  facet normal -0.890985 -0.454033 0
    outer loop
      vertex -75.2419 44.8961 0
      vertex -75.6539 45.7046 1.41
      vertex -75.6539 45.7046 0
    endloop
  endfacet
  facet normal -0.890985 -0.454033 0
    outer loop
      vertex -75.6539 45.7046 1.41
      vertex -75.2419 44.8961 0
      vertex -75.2419 44.8961 1.41
    endloop
  endfacet
  facet normal -0.987708 -0.15631 0
    outer loop
      vertex -75.2234 44.7792 0
      vertex -75.2419 44.8961 1.41
      vertex -75.2419 44.8961 0
    endloop
  endfacet
  facet normal -0.987708 -0.15631 0
    outer loop
      vertex -75.2419 44.8961 1.41
      vertex -75.2234 44.7792 0
      vertex -75.2234 44.7792 1.41
    endloop
  endfacet
  facet normal -0.454033 0.890985 0
    outer loop
      vertex -76.2954 41.6539 0
      vertex -77.1039 41.2419 1.41
      vertex -76.2954 41.6539 1.41
    endloop
  endfacet
  facet normal -0.454033 0.890985 0
    outer loop
      vertex -77.1039 41.2419 1.41
      vertex -76.2954 41.6539 0
      vertex -77.1039 41.2419 0
    endloop
  endfacet
  facet normal 0.707107 0.707107 0
    outer loop
      vertex -79.7046 41.6539 1.41
      vertex -80.3461 42.2954 0
      vertex -80.3461 42.2954 1.41
    endloop
  endfacet
  facet normal 0.707107 0.707107 0
    outer loop
      vertex -80.3461 42.2954 0
      vertex -79.7046 41.6539 1.41
      vertex -79.7046 41.6539 0
    endloop
  endfacet
  facet normal 0.156404 0.987693 -0
    outer loop
      vertex -78 41.1 0
      vertex -78.8961 41.2419 1.41
      vertex -78 41.1 1.41
    endloop
  endfacet
  facet normal 0.156404 0.987693 0
    outer loop
      vertex -78.8961 41.2419 1.41
      vertex -78 41.1 0
      vertex -78.8961 41.2419 0
    endloop
  endfacet
  facet normal -0.890985 0.454033 0
    outer loop
      vertex -75.6539 42.2954 0
      vertex -75.2419 43.1039 1.41
      vertex -75.2419 43.1039 0
    endloop
  endfacet
  facet normal -0.890985 0.454033 0
    outer loop
      vertex -75.2419 43.1039 1.41
      vertex -75.6539 42.2954 0
      vertex -75.6539 42.2954 1.41
    endloop
  endfacet
  facet normal -0.707107 0.707107 0
    outer loop
      vertex -76.2954 41.6539 0
      vertex -75.6539 42.2954 1.41
      vertex -75.6539 42.2954 0
    endloop
  endfacet
  facet normal -0.707107 0.707107 0
    outer loop
      vertex -75.6539 42.2954 1.41
      vertex -76.2954 41.6539 0
      vertex -76.2954 41.6539 1.41
    endloop
  endfacet
  facet normal -0.987708 0.15631 0
    outer loop
      vertex -75.2419 43.1039 0
      vertex -75.2234 43.2208 1.41
      vertex -75.2234 43.2208 0
    endloop
  endfacet
  facet normal -0.987708 0.15631 0
    outer loop
      vertex -75.2234 43.2208 1.41
      vertex -75.2419 43.1039 0
      vertex -75.2419 43.1039 1.41
    endloop
  endfacet
  facet normal 0.707107 -0.707107 0
    outer loop
      vertex -80.3461 45.7046 1.41
      vertex -79.7046 46.3461 0
      vertex -79.7046 46.3461 1.41
    endloop
  endfacet
  facet normal 0.707107 -0.707107 0
    outer loop
      vertex -79.7046 46.3461 0
      vertex -80.3461 45.7046 1.41
      vertex -80.3461 45.7046 0
    endloop
  endfacet
  facet normal -0 0 -1
    outer loop
      vertex -75.2419 43.1039 1.41
      vertex -75.3056 43.0595 1.41
      vertex -75.2234 43.2208 1.41
    endloop
  endfacet
  facet normal 0 0 -1
    outer loop
      vertex -75.6539 42.2954 1.41
      vertex -75.3056 43.0595 1.41
      vertex -75.2419 43.1039 1.41
    endloop
  endfacet
  facet normal 0 0 -1
    outer loop
      vertex -75.6539 42.2954 1.41
      vertex -75.6595 42.7056 1.41
      vertex -75.3056 43.0595 1.41
    endloop
  endfacet
  facet normal 0 0 -1
    outer loop
      vertex -75.6539 42.2954 1.41
      vertex -76.1056 42.4783 1.41
      vertex -75.6595 42.7056 1.41
    endloop
  endfacet
  facet normal 0 0 -1
    outer loop
      vertex -76.2954 41.6539 1.41
      vertex -76.1056 42.4783 1.41
      vertex -75.6539 42.2954 1.41
    endloop
  endfacet
  facet normal 0 0 -1
    outer loop
      vertex -76.2954 41.6539 1.41
      vertex -76.6 42.4 1.41
      vertex -76.1056 42.4783 1.41
    endloop
  endfacet
  facet normal 0 0 -1
    outer loop
      vertex -77.1039 41.2419 1.41
      vertex -76.6 42.4 1.41
      vertex -76.2954 41.6539 1.41
    endloop
  endfacet
  facet normal 0 0 -1
    outer loop
      vertex -78 41.1 1.41
      vertex -76.6 42.4 1.41
      vertex -77.1039 41.2419 1.41
    endloop
  endfacet
  facet normal 0 0 -1
    outer loop
      vertex -79.4 42.4 1.41
      vertex -78 41.1 1.41
      vertex -78.8961 41.2419 1.41
    endloop
  endfacet
  facet normal 0 0 -1
    outer loop
      vertex -78 41.1 1.41
      vertex -79.4 42.4 1.41
      vertex -76.6 42.4 1.41
    endloop
  endfacet
  facet normal 0 0 -1
    outer loop
      vertex -79.7046 41.6539 1.41
      vertex -79.4 42.4 1.41
      vertex -78.8961 41.2419 1.41
    endloop
  endfacet
  facet normal 0 0 -1
    outer loop
      vertex -79.7046 41.6539 1.41
      vertex -79.8944 42.4783 1.41
      vertex -79.4 42.4 1.41
    endloop
  endfacet
  facet normal 0 0 -1
    outer loop
      vertex -80.3461 42.2954 1.41
      vertex -79.8944 42.4783 1.41
      vertex -79.7046 41.6539 1.41
    endloop
  endfacet
  facet normal -0 0 -1
    outer loop
      vertex -79.8944 42.4783 1.41
      vertex -80.3461 42.2954 1.41
      vertex -80.3405 42.7056 1.41
    endloop
  endfacet
  facet normal 0 0 -1
    outer loop
      vertex -80.3461 42.2954 1.41
      vertex -80.6944 43.0595 1.41
      vertex -80.3405 42.7056 1.41
    endloop
  endfacet
  facet normal 0 0 -1
    outer loop
      vertex -80.7581 43.1039 1.41
      vertex -80.6944 43.0595 1.41
      vertex -80.3461 42.2954 1.41
    endloop
  endfacet
  facet normal 0 0 -1
    outer loop
      vertex -80.6944 43.0595 1.41
      vertex -80.7581 43.1039 1.41
      vertex -80.7766 43.2208 1.41
    endloop
  endfacet
  facet normal 0 0 -1
    outer loop
      vertex -75.3056 44.9405 1.41
      vertex -75.2419 44.8961 1.41
      vertex -75.2234 44.7792 1.41
    endloop
  endfacet
  facet normal 0 0 -1
    outer loop
      vertex -75.3056 44.9405 1.41
      vertex -75.6539 45.7046 1.41
      vertex -75.2419 44.8961 1.41
    endloop
  endfacet
  facet normal 0 0 -1
    outer loop
      vertex -75.6595 45.2944 1.41
      vertex -75.6539 45.7046 1.41
      vertex -75.3056 44.9405 1.41
    endloop
  endfacet
  facet normal 0 0 -1
    outer loop
      vertex -76.1056 45.5217 1.41
      vertex -75.6539 45.7046 1.41
      vertex -75.6595 45.2944 1.41
    endloop
  endfacet
  facet normal 0 0 -1
    outer loop
      vertex -76.1056 45.5217 1.41
      vertex -76.2954 46.3461 1.41
      vertex -75.6539 45.7046 1.41
    endloop
  endfacet
  facet normal 0 0 -1
    outer loop
      vertex -76.6 45.6 1.41
      vertex -76.2954 46.3461 1.41
      vertex -76.1056 45.5217 1.41
    endloop
  endfacet
  facet normal 0 0 -1
    outer loop
      vertex -76.6 45.6 1.41
      vertex -77.1039 46.7581 1.41
      vertex -76.2954 46.3461 1.41
    endloop
  endfacet
  facet normal 0 0 -1
    outer loop
      vertex -76.6 45.6 1.41
      vertex -78 46.9 1.41
      vertex -77.1039 46.7581 1.41
    endloop
  endfacet
  facet normal 0 0 -1
    outer loop
      vertex -79.4 45.6 1.41
      vertex -78 46.9 1.41
      vertex -76.6 45.6 1.41
    endloop
  endfacet
  facet normal 0 0 -1
    outer loop
      vertex -78 46.9 1.41
      vertex -79.4 45.6 1.41
      vertex -78.8961 46.7581 1.41
    endloop
  endfacet
  facet normal 0 0 -1
    outer loop
      vertex -79.4 45.6 1.41
      vertex -79.7046 46.3461 1.41
      vertex -78.8961 46.7581 1.41
    endloop
  endfacet
  facet normal 0 0 -1
    outer loop
      vertex -79.8944 45.5217 1.41
      vertex -79.7046 46.3461 1.41
      vertex -79.4 45.6 1.41
    endloop
  endfacet
  facet normal 0 0 -1
    outer loop
      vertex -80.3461 45.7046 1.41
      vertex -79.8944 45.5217 1.41
      vertex -80.3405 45.2944 1.41
    endloop
  endfacet
  facet normal 0 0 -1
    outer loop
      vertex -79.8944 45.5217 1.41
      vertex -80.3461 45.7046 1.41
      vertex -79.7046 46.3461 1.41
    endloop
  endfacet
  facet normal 0 0 -1
    outer loop
      vertex -80.6944 44.9405 1.41
      vertex -80.3461 45.7046 1.41
      vertex -80.3405 45.2944 1.41
    endloop
  endfacet
  facet normal -0 0 -1
    outer loop
      vertex -80.6944 44.9405 1.41
      vertex -80.7581 44.8961 1.41
      vertex -80.3461 45.7046 1.41
    endloop
  endfacet
  facet normal 0 -0 -1
    outer loop
      vertex -80.7581 44.8961 1.41
      vertex -80.6944 44.9405 1.41
      vertex -80.7766 44.7792 1.41
    endloop
  endfacet
  facet normal 0.156404 -0.987693 0
    outer loop
      vertex -78.8961 46.7581 0
      vertex -78 46.9 1.41
      vertex -78.8961 46.7581 1.41
    endloop
  endfacet
  facet normal 0.156404 -0.987693 0
    outer loop
      vertex -78 46.9 1.41
      vertex -78.8961 46.7581 0
      vertex -78 46.9 0
    endloop
  endfacet
  facet normal -0.156404 0.987693 0
    outer loop
      vertex -77.1039 41.2419 0
      vertex -78 41.1 1.41
      vertex -77.1039 41.2419 1.41
    endloop
  endfacet
  facet normal -0.156404 0.987693 0
    outer loop
      vertex -78 41.1 1.41
      vertex -77.1039 41.2419 0
      vertex -78 41.1 0
    endloop
  endfacet
  facet normal 0.890985 0.454033 0
    outer loop
      vertex -80.3461 42.2954 1.41
      vertex -80.7581 43.1039 0
      vertex -80.7581 43.1039 1.41
    endloop
  endfacet
  facet normal 0.890985 0.454033 0
    outer loop
      vertex -80.7581 43.1039 0
      vertex -80.3461 42.2954 1.41
      vertex -80.3461 42.2954 0
    endloop
  endfacet
  facet normal -0.156404 -0.987693 0
    outer loop
      vertex -78 46.9 0
      vertex -77.1039 46.7581 1.41
      vertex -78 46.9 1.41
    endloop
  endfacet
  facet normal -0.156404 -0.987693 -0
    outer loop
      vertex -77.1039 46.7581 1.41
      vertex -78 46.9 0
      vertex -77.1039 46.7581 0
    endloop
  endfacet
  facet normal 0.890985 -0.454033 0
    outer loop
      vertex -80.7581 44.8961 1.41
      vertex -80.3461 45.7046 0
      vertex -80.3461 45.7046 1.41
    endloop
  endfacet
  facet normal 0.890985 -0.454033 0
    outer loop
      vertex -80.3461 45.7046 0
      vertex -80.7581 44.8961 1.41
      vertex -80.7581 44.8961 0
    endloop
  endfacet
  facet normal 0.987708 0.15631 0
    outer loop
      vertex -80.7581 43.1039 1.41
      vertex -80.7766 43.2208 0
      vertex -80.7766 43.2208 1.41
    endloop
  endfacet
  facet normal 0.987708 0.15631 0
    outer loop
      vertex -80.7766 43.2208 0
      vertex -80.7581 43.1039 1.41
      vertex -80.7581 43.1039 0
    endloop
  endfacet
  facet normal 0.454033 0.890985 -0
    outer loop
      vertex -78.8961 41.2419 0
      vertex -79.7046 41.6539 1.41
      vertex -78.8961 41.2419 1.41
    endloop
  endfacet
  facet normal 0.454033 0.890985 0
    outer loop
      vertex -79.7046 41.6539 1.41
      vertex -78.8961 41.2419 0
      vertex -79.7046 41.6539 0
    endloop
  endfacet
  facet normal -0.707107 -0.707107 0
    outer loop
      vertex -75.6539 45.7046 0
      vertex -76.2954 46.3461 1.41
      vertex -76.2954 46.3461 0
    endloop
  endfacet
  facet normal -0.707107 -0.707107 0
    outer loop
      vertex -76.2954 46.3461 1.41
      vertex -75.6539 45.7046 0
      vertex -75.6539 45.7046 1.41
    endloop
  endfacet
  facet normal 0.454033 -0.890985 0
    outer loop
      vertex -79.7046 46.3461 0
      vertex -78.8961 46.7581 1.41
      vertex -79.7046 46.3461 1.41
    endloop
  endfacet
  facet normal 0.454033 -0.890985 0
    outer loop
      vertex -78.8961 46.7581 1.41
      vertex -79.7046 46.3461 0
      vertex -78.8961 46.7581 0
    endloop
  endfacet
  facet normal -0.454033 -0.890985 0
    outer loop
      vertex -77.1039 46.7581 0
      vertex -76.2954 46.3461 1.41
      vertex -77.1039 46.7581 1.41
    endloop
  endfacet
  facet normal -0.454033 -0.890985 -0
    outer loop
      vertex -76.2954 46.3461 1.41
      vertex -77.1039 46.7581 0
      vertex -76.2954 46.3461 0
    endloop
  endfacet
  facet normal 0.987708 -0.15631 0
    outer loop
      vertex -80.7766 44.7792 1.41
      vertex -80.7581 44.8961 0
      vertex -80.7581 44.8961 1.41
    endloop
  endfacet
  facet normal 0.987708 -0.15631 0
    outer loop
      vertex -80.7581 44.8961 0
      vertex -80.7766 44.7792 1.41
      vertex -80.7766 44.7792 0
    endloop
  endfacet
  facet normal -0.156424 0.98769 0
    outer loop
      vertex 79.8944 -45.5217 1.41
      vertex 79.4 -45.6 3.01
      vertex 79.8944 -45.5217 3.01
    endloop
  endfacet
  facet normal -0.156424 0.98769 0
    outer loop
      vertex 79.4 -45.6 3.01
      vertex 79.8944 -45.5217 1.41
      vertex 79.4 -45.6 1.41
    endloop
  endfacet
  facet normal 0.891023 0.453959 0
    outer loop
      vertex 75.0783 -44.4944 3.01
      vertex 75.2234 -44.7792 1.41
      vertex 75.0783 -44.4944 0
    endloop
  endfacet
  facet normal 0.891006 0.453992 -7.40258e-06
    outer loop
      vertex 75.3056 -44.9405 3.01
      vertex 75.2234 -44.7792 1.41
      vertex 75.0783 -44.4944 3.01
    endloop
  endfacet
  facet normal 0.890976 0.45405 0
    outer loop
      vertex 75.2234 -44.7792 1.41
      vertex 75.3056 -44.9405 3.01
      vertex 75.3056 -44.9405 1.41
    endloop
  endfacet
  facet normal 0.891023 0.453959 0
    outer loop
      vertex 75.0783 -44.4944 0
      vertex 75.2234 -44.7792 1.41
      vertex 75.2234 -44.7792 0
    endloop
  endfacet
  facet normal 0.453992 -0.891006 0
    outer loop
      vertex 75.6595 -42.7056 1.41
      vertex 76.1056 -42.4783 3.01
      vertex 75.6595 -42.7056 3.01
    endloop
  endfacet
  facet normal 0.453992 -0.891006 0
    outer loop
      vertex 76.1056 -42.4783 3.01
      vertex 75.6595 -42.7056 1.41
      vertex 76.1056 -42.4783 1.41
    endloop
  endfacet
  facet normal -0.98769 0.156424 0
    outer loop
      vertex 80.9217 -44.4944 0
      vertex 81 -44 3.01
      vertex 81 -44 0
    endloop
  endfacet
  facet normal -0.98769 0.156424 0
    outer loop
      vertex 81 -44 3.01
      vertex 80.9217 -44.4944 0
      vertex 80.9217 -44.4944 3.01
    endloop
  endfacet
  facet normal 0.707107 0.707107 -0
    outer loop
      vertex 75.6595 -45.2944 1.41
      vertex 75.3056 -44.9405 3.01
      vertex 75.6595 -45.2944 3.01
    endloop
  endfacet
  facet normal 0.707107 0.707107 0
    outer loop
      vertex 75.3056 -44.9405 3.01
      vertex 75.6595 -45.2944 1.41
      vertex 75.3056 -44.9405 1.41
    endloop
  endfacet
  facet normal -0.890976 -0.45405 0
    outer loop
      vertex 80.7766 -43.2208 1.41
      vertex 80.6944 -43.0595 3.01
      vertex 80.6944 -43.0595 1.41
    endloop
  endfacet
  facet normal -0.891023 -0.453959 -0
    outer loop
      vertex 80.9217 -43.5056 3.01
      vertex 80.7766 -43.2208 1.41
      vertex 80.9217 -43.5056 0
    endloop
  endfacet
  facet normal -0.891006 -0.453992 -7.40258e-06
    outer loop
      vertex 80.7766 -43.2208 1.41
      vertex 80.9217 -43.5056 3.01
      vertex 80.6944 -43.0595 3.01
    endloop
  endfacet
  facet normal -0.891023 -0.453959 0
    outer loop
      vertex 80.7766 -43.2208 0
      vertex 80.9217 -43.5056 0
      vertex 80.7766 -43.2208 1.41
    endloop
  endfacet
  facet normal 0.98769 0.156424 0
    outer loop
      vertex 75.0783 -44.4944 3.01
      vertex 75 -44 0
      vertex 75 -44 3.01
    endloop
  endfacet
  facet normal 0.98769 0.156424 0
    outer loop
      vertex 75 -44 0
      vertex 75.0783 -44.4944 3.01
      vertex 75.0783 -44.4944 0
    endloop
  endfacet
  facet normal 0.707107 -0.707107 0
    outer loop
      vertex 75.3056 -43.0595 1.41
      vertex 75.6595 -42.7056 3.01
      vertex 75.3056 -43.0595 3.01
    endloop
  endfacet
  facet normal 0.707107 -0.707107 0
    outer loop
      vertex 75.6595 -42.7056 3.01
      vertex 75.3056 -43.0595 1.41
      vertex 75.6595 -42.7056 1.41
    endloop
  endfacet
  facet normal 0.98769 -0.156424 0
    outer loop
      vertex 75 -44 3.01
      vertex 75.0783 -43.5056 0
      vertex 75.0783 -43.5056 3.01
    endloop
  endfacet
  facet normal 0.98769 -0.156424 0
    outer loop
      vertex 75.0783 -43.5056 0
      vertex 75 -44 3.01
      vertex 75 -44 0
    endloop
  endfacet
  facet normal -0.707107 -0.707107 0
    outer loop
      vertex 80.3405 -42.7056 1.41
      vertex 80.6944 -43.0595 3.01
      vertex 80.3405 -42.7056 3.01
    endloop
  endfacet
  facet normal -0.707107 -0.707107 -0
    outer loop
      vertex 80.6944 -43.0595 3.01
      vertex 80.3405 -42.7056 1.41
      vertex 80.6944 -43.0595 1.41
    endloop
  endfacet
  facet normal 0.890976 -0.45405 0
    outer loop
      vertex 75.3056 -43.0595 3.01
      vertex 75.2234 -43.2208 1.41
      vertex 75.3056 -43.0595 1.41
    endloop
  endfacet
  facet normal 0.891006 -0.453992 -7.40258e-06
    outer loop
      vertex 75.0783 -43.5056 3.01
      vertex 75.2234 -43.2208 1.41
      vertex 75.3056 -43.0595 3.01
    endloop
  endfacet
  facet normal 0.891023 -0.453959 0
    outer loop
      vertex 75.0783 -43.5056 0
      vertex 75.2234 -43.2208 1.41
      vertex 75.0783 -43.5056 3.01
    endloop
  endfacet
  facet normal 0.891023 -0.453959 0
    outer loop
      vertex 75.2234 -43.2208 1.41
      vertex 75.0783 -43.5056 0
      vertex 75.2234 -43.2208 0
    endloop
  endfacet
  facet normal -0.156424 -0.98769 0
    outer loop
      vertex 79.4 -42.4 1.41
      vertex 79.8944 -42.4783 3.01
      vertex 79.4 -42.4 3.01
    endloop
  endfacet
  facet normal -0.156424 -0.98769 -0
    outer loop
      vertex 79.8944 -42.4783 3.01
      vertex 79.4 -42.4 1.41
      vertex 79.8944 -42.4783 1.41
    endloop
  endfacet
  facet normal 0.453992 0.891006 -0
    outer loop
      vertex 76.1056 -45.5217 1.41
      vertex 75.6595 -45.2944 3.01
      vertex 76.1056 -45.5217 3.01
    endloop
  endfacet
  facet normal 0.453992 0.891006 0
    outer loop
      vertex 75.6595 -45.2944 3.01
      vertex 76.1056 -45.5217 1.41
      vertex 75.6595 -45.2944 1.41
    endloop
  endfacet
  facet normal 0 -1 0
    outer loop
      vertex 76.6 -42.4 1.41
      vertex 79.4 -42.4 3.01
      vertex 76.6 -42.4 3.01
    endloop
  endfacet
  facet normal 0 -1 -0
    outer loop
      vertex 79.4 -42.4 3.01
      vertex 76.6 -42.4 1.41
      vertex 79.4 -42.4 1.41
    endloop
  endfacet
  facet normal 0.156424 -0.98769 0
    outer loop
      vertex 76.1056 -42.4783 1.41
      vertex 76.6 -42.4 3.01
      vertex 76.1056 -42.4783 3.01
    endloop
  endfacet
  facet normal 0.156424 -0.98769 0
    outer loop
      vertex 76.6 -42.4 3.01
      vertex 76.1056 -42.4783 1.41
      vertex 76.6 -42.4 1.41
    endloop
  endfacet
  facet normal 0 1 -0
    outer loop
      vertex 79.4 -45.6 1.41
      vertex 76.6 -45.6 3.01
      vertex 79.4 -45.6 3.01
    endloop
  endfacet
  facet normal 0 1 0
    outer loop
      vertex 76.6 -45.6 3.01
      vertex 79.4 -45.6 1.41
      vertex 76.6 -45.6 1.41
    endloop
  endfacet
  facet normal -0.707107 0.707107 0
    outer loop
      vertex 80.6944 -44.9405 1.41
      vertex 80.3405 -45.2944 3.01
      vertex 80.6944 -44.9405 3.01
    endloop
  endfacet
  facet normal -0.707107 0.707107 0
    outer loop
      vertex 80.3405 -45.2944 3.01
      vertex 80.6944 -44.9405 1.41
      vertex 80.3405 -45.2944 1.41
    endloop
  endfacet
  facet normal 0.156424 0.98769 -0
    outer loop
      vertex 76.6 -45.6 1.41
      vertex 76.1056 -45.5217 3.01
      vertex 76.6 -45.6 3.01
    endloop
  endfacet
  facet normal 0.156424 0.98769 0
    outer loop
      vertex 76.1056 -45.5217 3.01
      vertex 76.6 -45.6 1.41
      vertex 76.1056 -45.5217 1.41
    endloop
  endfacet
  facet normal -0.98769 -0.156424 0
    outer loop
      vertex 81 -44 0
      vertex 80.9217 -43.5056 3.01
      vertex 80.9217 -43.5056 0
    endloop
  endfacet
  facet normal -0.98769 -0.156424 0
    outer loop
      vertex 80.9217 -43.5056 3.01
      vertex 81 -44 0
      vertex 81 -44 3.01
    endloop
  endfacet
  facet normal -0.891023 0.453959 0
    outer loop
      vertex 80.7766 -44.7792 1.41
      vertex 80.9217 -44.4944 0
      vertex 80.7766 -44.7792 0
    endloop
  endfacet
  facet normal -0.891023 0.453959 0
    outer loop
      vertex 80.9217 -44.4944 0
      vertex 80.7766 -44.7792 1.41
      vertex 80.9217 -44.4944 3.01
    endloop
  endfacet
  facet normal -0.890976 0.45405 0
    outer loop
      vertex 80.6944 -44.9405 3.01
      vertex 80.7766 -44.7792 1.41
      vertex 80.6944 -44.9405 1.41
    endloop
  endfacet
  facet normal -0.891006 0.453992 -7.40258e-06
    outer loop
      vertex 80.7766 -44.7792 1.41
      vertex 80.6944 -44.9405 3.01
      vertex 80.9217 -44.4944 3.01
    endloop
  endfacet
  facet normal -0.453992 0.891006 0
    outer loop
      vertex 80.3405 -45.2944 1.41
      vertex 79.8944 -45.5217 3.01
      vertex 80.3405 -45.2944 3.01
    endloop
  endfacet
  facet normal -0.453992 0.891006 0
    outer loop
      vertex 79.8944 -45.5217 3.01
      vertex 80.3405 -45.2944 1.41
      vertex 79.8944 -45.5217 1.41
    endloop
  endfacet
  facet normal -0.453992 -0.891006 0
    outer loop
      vertex 79.8944 -42.4783 1.41
      vertex 80.3405 -42.7056 3.01
      vertex 79.8944 -42.4783 3.01
    endloop
  endfacet
  facet normal -0.453992 -0.891006 -0
    outer loop
      vertex 80.3405 -42.7056 3.01
      vertex 79.8944 -42.4783 1.41
      vertex 80.3405 -42.7056 1.41
    endloop
  endfacet
  facet normal 0 0 -1
    outer loop
      vertex 80.9217 -44.4944 3.01
      vertex 80.9217 -43.5056 3.01
      vertex 81 -44 3.01
    endloop
  endfacet
  facet normal 0 0 -1
    outer loop
      vertex 80.6944 -44.9405 3.01
      vertex 80.9217 -43.5056 3.01
      vertex 80.9217 -44.4944 3.01
    endloop
  endfacet
  facet normal 0 0 -1
    outer loop
      vertex 80.6944 -44.9405 3.01
      vertex 80.6944 -43.0595 3.01
      vertex 80.9217 -43.5056 3.01
    endloop
  endfacet
  facet normal 0 0 -1
    outer loop
      vertex 80.3405 -45.2944 3.01
      vertex 80.6944 -43.0595 3.01
      vertex 80.6944 -44.9405 3.01
    endloop
  endfacet
  facet normal 0 0 -1
    outer loop
      vertex 80.3405 -45.2944 3.01
      vertex 80.3405 -42.7056 3.01
      vertex 80.6944 -43.0595 3.01
    endloop
  endfacet
  facet normal 0 0 -1
    outer loop
      vertex 79.8944 -45.5217 3.01
      vertex 80.3405 -42.7056 3.01
      vertex 80.3405 -45.2944 3.01
    endloop
  endfacet
  facet normal 0 0 -1
    outer loop
      vertex 79.8944 -45.5217 3.01
      vertex 79.8944 -42.4783 3.01
      vertex 80.3405 -42.7056 3.01
    endloop
  endfacet
  facet normal 0 0 -1
    outer loop
      vertex 79.4 -45.6 3.01
      vertex 79.8944 -42.4783 3.01
      vertex 79.8944 -45.5217 3.01
    endloop
  endfacet
  facet normal 0 0 -1
    outer loop
      vertex 79.4 -45.6 3.01
      vertex 79.4 -42.4 3.01
      vertex 79.8944 -42.4783 3.01
    endloop
  endfacet
  facet normal 0 0 -1
    outer loop
      vertex 76.6 -45.6 3.01
      vertex 79.4 -42.4 3.01
      vertex 79.4 -45.6 3.01
    endloop
  endfacet
  facet normal 0 0 -1
    outer loop
      vertex 76.6 -45.6 3.01
      vertex 76.6 -42.4 3.01
      vertex 79.4 -42.4 3.01
    endloop
  endfacet
  facet normal 0 0 -1
    outer loop
      vertex 76.1056 -45.5217 3.01
      vertex 76.6 -42.4 3.01
      vertex 76.6 -45.6 3.01
    endloop
  endfacet
  facet normal 0 0 -1
    outer loop
      vertex 76.1056 -45.5217 3.01
      vertex 76.1056 -42.4783 3.01
      vertex 76.6 -42.4 3.01
    endloop
  endfacet
  facet normal 0 0 -1
    outer loop
      vertex 75.6595 -45.2944 3.01
      vertex 76.1056 -42.4783 3.01
      vertex 76.1056 -45.5217 3.01
    endloop
  endfacet
  facet normal 0 0 -1
    outer loop
      vertex 75.6595 -45.2944 3.01
      vertex 75.6595 -42.7056 3.01
      vertex 76.1056 -42.4783 3.01
    endloop
  endfacet
  facet normal 0 0 -1
    outer loop
      vertex 75.3056 -44.9405 3.01
      vertex 75.6595 -42.7056 3.01
      vertex 75.6595 -45.2944 3.01
    endloop
  endfacet
  facet normal 0 0 -1
    outer loop
      vertex 75.3056 -44.9405 3.01
      vertex 75.3056 -43.0595 3.01
      vertex 75.6595 -42.7056 3.01
    endloop
  endfacet
  facet normal 0 0 -1
    outer loop
      vertex 75.0783 -44.4944 3.01
      vertex 75.3056 -43.0595 3.01
      vertex 75.3056 -44.9405 3.01
    endloop
  endfacet
  facet normal 0 0 -1
    outer loop
      vertex 75.0783 -44.4944 3.01
      vertex 75.0783 -43.5056 3.01
      vertex 75.3056 -43.0595 3.01
    endloop
  endfacet
  facet normal 0 -0 -1
    outer loop
      vertex 75.0783 -43.5056 3.01
      vertex 75.0783 -44.4944 3.01
      vertex 75 -44 3.01
    endloop
  endfacet
  facet normal 0.707107 -0.707107 0
    outer loop
      vertex 75.6539 -42.2954 1.41
      vertex 76.2954 -41.6539 0
      vertex 76.2954 -41.6539 1.41
    endloop
  endfacet
  facet normal 0.707107 -0.707107 0
    outer loop
      vertex 76.2954 -41.6539 0
      vertex 75.6539 -42.2954 1.41
      vertex 75.6539 -42.2954 0
    endloop
  endfacet
  facet normal -0.890985 -0.454033 0
    outer loop
      vertex 80.7581 -43.1039 0
      vertex 80.3461 -42.2954 1.41
      vertex 80.3461 -42.2954 0
    endloop
  endfacet
  facet normal -0.890985 -0.454033 0
    outer loop
      vertex 80.3461 -42.2954 1.41
      vertex 80.7581 -43.1039 0
      vertex 80.7581 -43.1039 1.41
    endloop
  endfacet
  facet normal -0.987708 -0.15631 0
    outer loop
      vertex 80.7766 -43.2208 0
      vertex 80.7581 -43.1039 1.41
      vertex 80.7581 -43.1039 0
    endloop
  endfacet
  facet normal -0.987708 -0.15631 0
    outer loop
      vertex 80.7581 -43.1039 1.41
      vertex 80.7766 -43.2208 0
      vertex 80.7766 -43.2208 1.41
    endloop
  endfacet
  facet normal -0.707107 -0.707107 0
    outer loop
      vertex 80.3461 -42.2954 0
      vertex 79.7046 -41.6539 1.41
      vertex 79.7046 -41.6539 0
    endloop
  endfacet
  facet normal -0.707107 -0.707107 0
    outer loop
      vertex 79.7046 -41.6539 1.41
      vertex 80.3461 -42.2954 0
      vertex 80.3461 -42.2954 1.41
    endloop
  endfacet
  facet normal -0.890985 0.454033 0
    outer loop
      vertex 80.3461 -45.7046 0
      vertex 80.7581 -44.8961 1.41
      vertex 80.7581 -44.8961 0
    endloop
  endfacet
  facet normal -0.890985 0.454033 0
    outer loop
      vertex 80.7581 -44.8961 1.41
      vertex 80.3461 -45.7046 0
      vertex 80.3461 -45.7046 1.41
    endloop
  endfacet
  facet normal -0.156404 0.987693 0
    outer loop
      vertex 78.8961 -46.7581 0
      vertex 78 -46.9 1.41
      vertex 78.8961 -46.7581 1.41
    endloop
  endfacet
  facet normal -0.156404 0.987693 0
    outer loop
      vertex 78 -46.9 1.41
      vertex 78.8961 -46.7581 0
      vertex 78 -46.9 0
    endloop
  endfacet
  facet normal -0.454033 -0.890985 0
    outer loop
      vertex 78.8961 -41.2419 0
      vertex 79.7046 -41.6539 1.41
      vertex 78.8961 -41.2419 1.41
    endloop
  endfacet
  facet normal -0.454033 -0.890985 -0
    outer loop
      vertex 79.7046 -41.6539 1.41
      vertex 78.8961 -41.2419 0
      vertex 79.7046 -41.6539 0
    endloop
  endfacet
  facet normal 0.454033 -0.890985 0
    outer loop
      vertex 76.2954 -41.6539 0
      vertex 77.1039 -41.2419 1.41
      vertex 76.2954 -41.6539 1.41
    endloop
  endfacet
  facet normal 0.454033 -0.890985 0
    outer loop
      vertex 77.1039 -41.2419 1.41
      vertex 76.2954 -41.6539 0
      vertex 77.1039 -41.2419 0
    endloop
  endfacet
  facet normal -0.707107 0.707107 0
    outer loop
      vertex 79.7046 -46.3461 0
      vertex 80.3461 -45.7046 1.41
      vertex 80.3461 -45.7046 0
    endloop
  endfacet
  facet normal -0.707107 0.707107 0
    outer loop
      vertex 80.3461 -45.7046 1.41
      vertex 79.7046 -46.3461 0
      vertex 79.7046 -46.3461 1.41
    endloop
  endfacet
  facet normal -0.454033 0.890985 0
    outer loop
      vertex 79.7046 -46.3461 0
      vertex 78.8961 -46.7581 1.41
      vertex 79.7046 -46.3461 1.41
    endloop
  endfacet
  facet normal -0.454033 0.890985 0
    outer loop
      vertex 78.8961 -46.7581 1.41
      vertex 79.7046 -46.3461 0
      vertex 78.8961 -46.7581 0
    endloop
  endfacet
  facet normal 0.156404 0.987693 -0
    outer loop
      vertex 78 -46.9 0
      vertex 77.1039 -46.7581 1.41
      vertex 78 -46.9 1.41
    endloop
  endfacet
  facet normal 0.156404 0.987693 0
    outer loop
      vertex 77.1039 -46.7581 1.41
      vertex 78 -46.9 0
      vertex 77.1039 -46.7581 0
    endloop
  endfacet
  facet normal 0.156404 -0.987693 0
    outer loop
      vertex 77.1039 -41.2419 0
      vertex 78 -41.1 1.41
      vertex 77.1039 -41.2419 1.41
    endloop
  endfacet
  facet normal 0.156404 -0.987693 0
    outer loop
      vertex 78 -41.1 1.41
      vertex 77.1039 -41.2419 0
      vertex 78 -41.1 0
    endloop
  endfacet
  facet normal 0.707107 0.707107 0
    outer loop
      vertex 76.2954 -46.3461 1.41
      vertex 75.6539 -45.7046 0
      vertex 75.6539 -45.7046 1.41
    endloop
  endfacet
  facet normal 0.707107 0.707107 0
    outer loop
      vertex 75.6539 -45.7046 0
      vertex 76.2954 -46.3461 1.41
      vertex 76.2954 -46.3461 0
    endloop
  endfacet
  facet normal 0.987708 -0.15631 0
    outer loop
      vertex 75.2234 -43.2208 1.41
      vertex 75.2419 -43.1039 0
      vertex 75.2419 -43.1039 1.41
    endloop
  endfacet
  facet normal 0.987708 -0.15631 0
    outer loop
      vertex 75.2419 -43.1039 0
      vertex 75.2234 -43.2208 1.41
      vertex 75.2234 -43.2208 0
    endloop
  endfacet
  facet normal -0.987708 0.15631 0
    outer loop
      vertex 80.7581 -44.8961 0
      vertex 80.7766 -44.7792 1.41
      vertex 80.7766 -44.7792 0
    endloop
  endfacet
  facet normal -0.987708 0.15631 0
    outer loop
      vertex 80.7766 -44.7792 1.41
      vertex 80.7581 -44.8961 0
      vertex 80.7581 -44.8961 1.41
    endloop
  endfacet
  facet normal -0.156404 -0.987693 0
    outer loop
      vertex 78 -41.1 0
      vertex 78.8961 -41.2419 1.41
      vertex 78 -41.1 1.41
    endloop
  endfacet
  facet normal -0.156404 -0.987693 -0
    outer loop
      vertex 78.8961 -41.2419 1.41
      vertex 78 -41.1 0
      vertex 78.8961 -41.2419 0
    endloop
  endfacet
  facet normal 0.987708 0.15631 0
    outer loop
      vertex 75.2419 -44.8961 1.41
      vertex 75.2234 -44.7792 0
      vertex 75.2234 -44.7792 1.41
    endloop
  endfacet
  facet normal 0.987708 0.15631 0
    outer loop
      vertex 75.2234 -44.7792 0
      vertex 75.2419 -44.8961 1.41
      vertex 75.2419 -44.8961 0
    endloop
  endfacet
  facet normal 0.890985 0.454033 0
    outer loop
      vertex 75.6539 -45.7046 1.41
      vertex 75.2419 -44.8961 0
      vertex 75.2419 -44.8961 1.41
    endloop
  endfacet
  facet normal 0.890985 0.454033 0
    outer loop
      vertex 75.2419 -44.8961 0
      vertex 75.6539 -45.7046 1.41
      vertex 75.6539 -45.7046 0
    endloop
  endfacet
  facet normal 0 0 -1
    outer loop
      vertex 80.6944 -43.0595 1.41
      vertex 80.7581 -43.1039 1.41
      vertex 80.7766 -43.2208 1.41
    endloop
  endfacet
  facet normal 0 0 -1
    outer loop
      vertex 80.6944 -43.0595 1.41
      vertex 80.3461 -42.2954 1.41
      vertex 80.7581 -43.1039 1.41
    endloop
  endfacet
  facet normal 0 0 -1
    outer loop
      vertex 80.3405 -42.7056 1.41
      vertex 80.3461 -42.2954 1.41
      vertex 80.6944 -43.0595 1.41
    endloop
  endfacet
  facet normal 0 0 -1
    outer loop
      vertex 79.8944 -42.4783 1.41
      vertex 80.3461 -42.2954 1.41
      vertex 80.3405 -42.7056 1.41
    endloop
  endfacet
  facet normal 0 0 -1
    outer loop
      vertex 79.8944 -42.4783 1.41
      vertex 79.7046 -41.6539 1.41
      vertex 80.3461 -42.2954 1.41
    endloop
  endfacet
  facet normal 0 0 -1
    outer loop
      vertex 79.4 -42.4 1.41
      vertex 79.7046 -41.6539 1.41
      vertex 79.8944 -42.4783 1.41
    endloop
  endfacet
  facet normal 0 0 -1
    outer loop
      vertex 79.4 -42.4 1.41
      vertex 78.8961 -41.2419 1.41
      vertex 79.7046 -41.6539 1.41
    endloop
  endfacet
  facet normal 0 0 -1
    outer loop
      vertex 79.4 -42.4 1.41
      vertex 78 -41.1 1.41
      vertex 78.8961 -41.2419 1.41
    endloop
  endfacet
  facet normal 0 0 -1
    outer loop
      vertex 76.6 -42.4 1.41
      vertex 78 -41.1 1.41
      vertex 79.4 -42.4 1.41
    endloop
  endfacet
  facet normal 0 0 -1
    outer loop
      vertex 78 -41.1 1.41
      vertex 76.6 -42.4 1.41
      vertex 77.1039 -41.2419 1.41
    endloop
  endfacet
  facet normal 0 0 -1
    outer loop
      vertex 76.6 -42.4 1.41
      vertex 76.2954 -41.6539 1.41
      vertex 77.1039 -41.2419 1.41
    endloop
  endfacet
  facet normal 0 0 -1
    outer loop
      vertex 76.1056 -42.4783 1.41
      vertex 76.2954 -41.6539 1.41
      vertex 76.6 -42.4 1.41
    endloop
  endfacet
  facet normal 0 0 -1
    outer loop
      vertex 75.6539 -42.2954 1.41
      vertex 76.1056 -42.4783 1.41
      vertex 75.6595 -42.7056 1.41
    endloop
  endfacet
  facet normal 0 0 -1
    outer loop
      vertex 76.1056 -42.4783 1.41
      vertex 75.6539 -42.2954 1.41
      vertex 76.2954 -41.6539 1.41
    endloop
  endfacet
  facet normal 0 0 -1
    outer loop
      vertex 75.3056 -43.0595 1.41
      vertex 75.6539 -42.2954 1.41
      vertex 75.6595 -42.7056 1.41
    endloop
  endfacet
  facet normal -0 0 -1
    outer loop
      vertex 75.3056 -43.0595 1.41
      vertex 75.2419 -43.1039 1.41
      vertex 75.6539 -42.2954 1.41
    endloop
  endfacet
  facet normal 0 -0 -1
    outer loop
      vertex 75.2419 -43.1039 1.41
      vertex 75.3056 -43.0595 1.41
      vertex 75.2234 -43.2208 1.41
    endloop
  endfacet
  facet normal -0 0 -1
    outer loop
      vertex 80.7581 -44.8961 1.41
      vertex 80.6944 -44.9405 1.41
      vertex 80.7766 -44.7792 1.41
    endloop
  endfacet
  facet normal 0 0 -1
    outer loop
      vertex 80.3461 -45.7046 1.41
      vertex 80.6944 -44.9405 1.41
      vertex 80.7581 -44.8961 1.41
    endloop
  endfacet
  facet normal 0 0 -1
    outer loop
      vertex 80.3461 -45.7046 1.41
      vertex 80.3405 -45.2944 1.41
      vertex 80.6944 -44.9405 1.41
    endloop
  endfacet
  facet normal 0 0 -1
    outer loop
      vertex 80.3461 -45.7046 1.41
      vertex 79.8944 -45.5217 1.41
      vertex 80.3405 -45.2944 1.41
    endloop
  endfacet
  facet normal 0 0 -1
    outer loop
      vertex 79.7046 -46.3461 1.41
      vertex 79.8944 -45.5217 1.41
      vertex 80.3461 -45.7046 1.41
    endloop
  endfacet
  facet normal 0 0 -1
    outer loop
      vertex 79.7046 -46.3461 1.41
      vertex 79.4 -45.6 1.41
      vertex 79.8944 -45.5217 1.41
    endloop
  endfacet
  facet normal 0 0 -1
    outer loop
      vertex 78.8961 -46.7581 1.41
      vertex 79.4 -45.6 1.41
      vertex 79.7046 -46.3461 1.41
    endloop
  endfacet
  facet normal 0 0 -1
    outer loop
      vertex 78 -46.9 1.41
      vertex 79.4 -45.6 1.41
      vertex 78.8961 -46.7581 1.41
    endloop
  endfacet
  facet normal 0 0 -1
    outer loop
      vertex 76.6 -45.6 1.41
      vertex 78 -46.9 1.41
      vertex 77.1039 -46.7581 1.41
    endloop
  endfacet
  facet normal 0 0 -1
    outer loop
      vertex 78 -46.9 1.41
      vertex 76.6 -45.6 1.41
      vertex 79.4 -45.6 1.41
    endloop
  endfacet
  facet normal 0 0 -1
    outer loop
      vertex 76.2954 -46.3461 1.41
      vertex 76.6 -45.6 1.41
      vertex 77.1039 -46.7581 1.41
    endloop
  endfacet
  facet normal 0 0 -1
    outer loop
      vertex 76.2954 -46.3461 1.41
      vertex 76.1056 -45.5217 1.41
      vertex 76.6 -45.6 1.41
    endloop
  endfacet
  facet normal 0 0 -1
    outer loop
      vertex 75.6539 -45.7046 1.41
      vertex 76.1056 -45.5217 1.41
      vertex 76.2954 -46.3461 1.41
    endloop
  endfacet
  facet normal -0 0 -1
    outer loop
      vertex 76.1056 -45.5217 1.41
      vertex 75.6539 -45.7046 1.41
      vertex 75.6595 -45.2944 1.41
    endloop
  endfacet
  facet normal 0 0 -1
    outer loop
      vertex 75.6539 -45.7046 1.41
      vertex 75.3056 -44.9405 1.41
      vertex 75.6595 -45.2944 1.41
    endloop
  endfacet
  facet normal 0 0 -1
    outer loop
      vertex 75.2419 -44.8961 1.41
      vertex 75.3056 -44.9405 1.41
      vertex 75.6539 -45.7046 1.41
    endloop
  endfacet
  facet normal 0 0 -1
    outer loop
      vertex 75.3056 -44.9405 1.41
      vertex 75.2419 -44.8961 1.41
      vertex 75.2234 -44.7792 1.41
    endloop
  endfacet
  facet normal 0.454033 0.890985 -0
    outer loop
      vertex 77.1039 -46.7581 0
      vertex 76.2954 -46.3461 1.41
      vertex 77.1039 -46.7581 1.41
    endloop
  endfacet
  facet normal 0.454033 0.890985 0
    outer loop
      vertex 76.2954 -46.3461 1.41
      vertex 77.1039 -46.7581 0
      vertex 76.2954 -46.3461 0
    endloop
  endfacet
  facet normal 0.890985 -0.454033 0
    outer loop
      vertex 75.2419 -43.1039 1.41
      vertex 75.6539 -42.2954 0
      vertex 75.6539 -42.2954 1.41
    endloop
  endfacet
  facet normal 0.890985 -0.454033 0
    outer loop
      vertex 75.6539 -42.2954 0
      vertex 75.2419 -43.1039 1.41
      vertex 75.2419 -43.1039 0
    endloop
  endfacet
  facet normal -0.156424 0.98769 0
    outer loop
      vertex 79.8944 42.4783 1.41
      vertex 79.4 42.4 3.01
      vertex 79.8944 42.4783 3.01
    endloop
  endfacet
  facet normal -0.156424 0.98769 0
    outer loop
      vertex 79.4 42.4 3.01
      vertex 79.8944 42.4783 1.41
      vertex 79.4 42.4 1.41
    endloop
  endfacet
  facet normal 0.891023 0.453959 0
    outer loop
      vertex 75.0783 43.5056 3.01
      vertex 75.2234 43.2208 1.41
      vertex 75.0783 43.5056 0
    endloop
  endfacet
  facet normal 0.891006 0.453992 -7.40258e-06
    outer loop
      vertex 75.3056 43.0595 3.01
      vertex 75.2234 43.2208 1.41
      vertex 75.0783 43.5056 3.01
    endloop
  endfacet
  facet normal 0.890976 0.45405 0
    outer loop
      vertex 75.2234 43.2208 1.41
      vertex 75.3056 43.0595 3.01
      vertex 75.3056 43.0595 1.41
    endloop
  endfacet
  facet normal 0.891023 0.453959 0
    outer loop
      vertex 75.0783 43.5056 0
      vertex 75.2234 43.2208 1.41
      vertex 75.2234 43.2208 0
    endloop
  endfacet
  facet normal 0.453992 -0.891006 0
    outer loop
      vertex 75.6595 45.2944 1.41
      vertex 76.1056 45.5217 3.01
      vertex 75.6595 45.2944 3.01
    endloop
  endfacet
  facet normal 0.453992 -0.891006 0
    outer loop
      vertex 76.1056 45.5217 3.01
      vertex 75.6595 45.2944 1.41
      vertex 76.1056 45.5217 1.41
    endloop
  endfacet
  facet normal -0.98769 0.156424 0
    outer loop
      vertex 80.9217 43.5056 0
      vertex 81 44 3.01
      vertex 81 44 0
    endloop
  endfacet
  facet normal -0.98769 0.156424 0
    outer loop
      vertex 81 44 3.01
      vertex 80.9217 43.5056 0
      vertex 80.9217 43.5056 3.01
    endloop
  endfacet
  facet normal 0.707107 0.707107 -0
    outer loop
      vertex 75.6595 42.7056 1.41
      vertex 75.3056 43.0595 3.01
      vertex 75.6595 42.7056 3.01
    endloop
  endfacet
  facet normal 0.707107 0.707107 0
    outer loop
      vertex 75.3056 43.0595 3.01
      vertex 75.6595 42.7056 1.41
      vertex 75.3056 43.0595 1.41
    endloop
  endfacet
  facet normal -0.890976 -0.45405 0
    outer loop
      vertex 80.7766 44.7792 1.41
      vertex 80.6944 44.9405 3.01
      vertex 80.6944 44.9405 1.41
    endloop
  endfacet
  facet normal -0.891023 -0.453959 -0
    outer loop
      vertex 80.9217 44.4944 3.01
      vertex 80.7766 44.7792 1.41
      vertex 80.9217 44.4944 0
    endloop
  endfacet
  facet normal -0.891006 -0.453992 -7.40258e-06
    outer loop
      vertex 80.7766 44.7792 1.41
      vertex 80.9217 44.4944 3.01
      vertex 80.6944 44.9405 3.01
    endloop
  endfacet
  facet normal -0.891023 -0.453959 0
    outer loop
      vertex 80.7766 44.7792 0
      vertex 80.9217 44.4944 0
      vertex 80.7766 44.7792 1.41
    endloop
  endfacet
  facet normal 0.98769 0.156424 0
    outer loop
      vertex 75.0783 43.5056 3.01
      vertex 75 44 0
      vertex 75 44 3.01
    endloop
  endfacet
  facet normal 0.98769 0.156424 0
    outer loop
      vertex 75 44 0
      vertex 75.0783 43.5056 3.01
      vertex 75.0783 43.5056 0
    endloop
  endfacet
  facet normal 0.707107 -0.707107 0
    outer loop
      vertex 75.3056 44.9405 1.41
      vertex 75.6595 45.2944 3.01
      vertex 75.3056 44.9405 3.01
    endloop
  endfacet
  facet normal 0.707107 -0.707107 0
    outer loop
      vertex 75.6595 45.2944 3.01
      vertex 75.3056 44.9405 1.41
      vertex 75.6595 45.2944 1.41
    endloop
  endfacet
  facet normal 0.98769 -0.156424 0
    outer loop
      vertex 75 44 3.01
      vertex 75.0783 44.4944 0
      vertex 75.0783 44.4944 3.01
    endloop
  endfacet
  facet normal 0.98769 -0.156424 0
    outer loop
      vertex 75.0783 44.4944 0
      vertex 75 44 3.01
      vertex 75 44 0
    endloop
  endfacet
  facet normal -0.707107 -0.707107 0
    outer loop
      vertex 80.3405 45.2944 1.41
      vertex 80.6944 44.9405 3.01
      vertex 80.3405 45.2944 3.01
    endloop
  endfacet
  facet normal -0.707107 -0.707107 -0
    outer loop
      vertex 80.6944 44.9405 3.01
      vertex 80.3405 45.2944 1.41
      vertex 80.6944 44.9405 1.41
    endloop
  endfacet
  facet normal 0.890976 -0.45405 0
    outer loop
      vertex 75.3056 44.9405 3.01
      vertex 75.2234 44.7792 1.41
      vertex 75.3056 44.9405 1.41
    endloop
  endfacet
  facet normal 0.891006 -0.453992 -7.40258e-06
    outer loop
      vertex 75.0783 44.4944 3.01
      vertex 75.2234 44.7792 1.41
      vertex 75.3056 44.9405 3.01
    endloop
  endfacet
  facet normal 0.891023 -0.453959 0
    outer loop
      vertex 75.0783 44.4944 0
      vertex 75.2234 44.7792 1.41
      vertex 75.0783 44.4944 3.01
    endloop
  endfacet
  facet normal 0.891023 -0.453959 0
    outer loop
      vertex 75.2234 44.7792 1.41
      vertex 75.0783 44.4944 0
      vertex 75.2234 44.7792 0
    endloop
  endfacet
  facet normal -0.156424 -0.98769 0
    outer loop
      vertex 79.4 45.6 1.41
      vertex 79.8944 45.5217 3.01
      vertex 79.4 45.6 3.01
    endloop
  endfacet
  facet normal -0.156424 -0.98769 -0
    outer loop
      vertex 79.8944 45.5217 3.01
      vertex 79.4 45.6 1.41
      vertex 79.8944 45.5217 1.41
    endloop
  endfacet
  facet normal 0.453992 0.891006 -0
    outer loop
      vertex 76.1056 42.4783 1.41
      vertex 75.6595 42.7056 3.01
      vertex 76.1056 42.4783 3.01
    endloop
  endfacet
  facet normal 0.453992 0.891006 0
    outer loop
      vertex 75.6595 42.7056 3.01
      vertex 76.1056 42.4783 1.41
      vertex 75.6595 42.7056 1.41
    endloop
  endfacet
  facet normal 0 -1 0
    outer loop
      vertex 76.6 45.6 1.41
      vertex 79.4 45.6 3.01
      vertex 76.6 45.6 3.01
    endloop
  endfacet
  facet normal 0 -1 -0
    outer loop
      vertex 79.4 45.6 3.01
      vertex 76.6 45.6 1.41
      vertex 79.4 45.6 1.41
    endloop
  endfacet
  facet normal 0.156424 -0.98769 0
    outer loop
      vertex 76.1056 45.5217 1.41
      vertex 76.6 45.6 3.01
      vertex 76.1056 45.5217 3.01
    endloop
  endfacet
  facet normal 0.156424 -0.98769 0
    outer loop
      vertex 76.6 45.6 3.01
      vertex 76.1056 45.5217 1.41
      vertex 76.6 45.6 1.41
    endloop
  endfacet
  facet normal -0.707107 0.707107 0
    outer loop
      vertex 80.6944 43.0595 1.41
      vertex 80.3405 42.7056 3.01
      vertex 80.6944 43.0595 3.01
    endloop
  endfacet
  facet normal -0.707107 0.707107 0
    outer loop
      vertex 80.3405 42.7056 3.01
      vertex 80.6944 43.0595 1.41
      vertex 80.3405 42.7056 1.41
    endloop
  endfacet
  facet normal 0 1 -0
    outer loop
      vertex 79.4 42.4 1.41
      vertex 76.6 42.4 3.01
      vertex 79.4 42.4 3.01
    endloop
  endfacet
  facet normal 0 1 0
    outer loop
      vertex 76.6 42.4 3.01
      vertex 79.4 42.4 1.41
      vertex 76.6 42.4 1.41
    endloop
  endfacet
  facet normal 0.156424 0.98769 -0
    outer loop
      vertex 76.6 42.4 1.41
      vertex 76.1056 42.4783 3.01
      vertex 76.6 42.4 3.01
    endloop
  endfacet
  facet normal 0.156424 0.98769 0
    outer loop
      vertex 76.1056 42.4783 3.01
      vertex 76.6 42.4 1.41
      vertex 76.1056 42.4783 1.41
    endloop
  endfacet
  facet normal -0.98769 -0.156424 0
    outer loop
      vertex 81 44 0
      vertex 80.9217 44.4944 3.01
      vertex 80.9217 44.4944 0
    endloop
  endfacet
  facet normal -0.98769 -0.156424 0
    outer loop
      vertex 80.9217 44.4944 3.01
      vertex 81 44 0
      vertex 81 44 3.01
    endloop
  endfacet
  facet normal 0 0 -1
    outer loop
      vertex 80.9217 43.5056 3.01
      vertex 80.9217 44.4944 3.01
      vertex 81 44 3.01
    endloop
  endfacet
  facet normal 0 0 -1
    outer loop
      vertex 80.6944 43.0595 3.01
      vertex 80.9217 44.4944 3.01
      vertex 80.9217 43.5056 3.01
    endloop
  endfacet
  facet normal 0 0 -1
    outer loop
      vertex 80.6944 43.0595 3.01
      vertex 80.6944 44.9405 3.01
      vertex 80.9217 44.4944 3.01
    endloop
  endfacet
  facet normal 0 0 -1
    outer loop
      vertex 80.3405 42.7056 3.01
      vertex 80.6944 44.9405 3.01
      vertex 80.6944 43.0595 3.01
    endloop
  endfacet
  facet normal 0 0 -1
    outer loop
      vertex 80.3405 42.7056 3.01
      vertex 80.3405 45.2944 3.01
      vertex 80.6944 44.9405 3.01
    endloop
  endfacet
  facet normal 0 0 -1
    outer loop
      vertex 79.8944 42.4783 3.01
      vertex 80.3405 45.2944 3.01
      vertex 80.3405 42.7056 3.01
    endloop
  endfacet
  facet normal 0 0 -1
    outer loop
      vertex 79.8944 42.4783 3.01
      vertex 79.8944 45.5217 3.01
      vertex 80.3405 45.2944 3.01
    endloop
  endfacet
  facet normal 0 0 -1
    outer loop
      vertex 79.4 42.4 3.01
      vertex 79.8944 45.5217 3.01
      vertex 79.8944 42.4783 3.01
    endloop
  endfacet
  facet normal 0 0 -1
    outer loop
      vertex 79.4 42.4 3.01
      vertex 79.4 45.6 3.01
      vertex 79.8944 45.5217 3.01
    endloop
  endfacet
  facet normal 0 0 -1
    outer loop
      vertex 76.6 42.4 3.01
      vertex 79.4 45.6 3.01
      vertex 79.4 42.4 3.01
    endloop
  endfacet
  facet normal 0 0 -1
    outer loop
      vertex 76.6 42.4 3.01
      vertex 76.6 45.6 3.01
      vertex 79.4 45.6 3.01
    endloop
  endfacet
  facet normal 0 0 -1
    outer loop
      vertex 76.1056 42.4783 3.01
      vertex 76.6 45.6 3.01
      vertex 76.6 42.4 3.01
    endloop
  endfacet
  facet normal 0 0 -1
    outer loop
      vertex 76.1056 42.4783 3.01
      vertex 76.1056 45.5217 3.01
      vertex 76.6 45.6 3.01
    endloop
  endfacet
  facet normal 0 0 -1
    outer loop
      vertex 75.6595 42.7056 3.01
      vertex 76.1056 45.5217 3.01
      vertex 76.1056 42.4783 3.01
    endloop
  endfacet
  facet normal 0 0 -1
    outer loop
      vertex 75.6595 42.7056 3.01
      vertex 75.6595 45.2944 3.01
      vertex 76.1056 45.5217 3.01
    endloop
  endfacet
  facet normal 0 0 -1
    outer loop
      vertex 75.3056 43.0595 3.01
      vertex 75.6595 45.2944 3.01
      vertex 75.6595 42.7056 3.01
    endloop
  endfacet
  facet normal 0 0 -1
    outer loop
      vertex 75.3056 43.0595 3.01
      vertex 75.3056 44.9405 3.01
      vertex 75.6595 45.2944 3.01
    endloop
  endfacet
  facet normal 0 0 -1
    outer loop
      vertex 75.0783 43.5056 3.01
      vertex 75.3056 44.9405 3.01
      vertex 75.3056 43.0595 3.01
    endloop
  endfacet
  facet normal 0 0 -1
    outer loop
      vertex 75.0783 43.5056 3.01
      vertex 75.0783 44.4944 3.01
      vertex 75.3056 44.9405 3.01
    endloop
  endfacet
  facet normal 0 -0 -1
    outer loop
      vertex 75.0783 44.4944 3.01
      vertex 75.0783 43.5056 3.01
      vertex 75 44 3.01
    endloop
  endfacet
  facet normal -0.891023 0.453959 0
    outer loop
      vertex 80.7766 43.2208 1.41
      vertex 80.9217 43.5056 0
      vertex 80.7766 43.2208 0
    endloop
  endfacet
  facet normal -0.891023 0.453959 0
    outer loop
      vertex 80.9217 43.5056 0
      vertex 80.7766 43.2208 1.41
      vertex 80.9217 43.5056 3.01
    endloop
  endfacet
  facet normal -0.890976 0.45405 0
    outer loop
      vertex 80.6944 43.0595 3.01
      vertex 80.7766 43.2208 1.41
      vertex 80.6944 43.0595 1.41
    endloop
  endfacet
  facet normal -0.891006 0.453992 -7.40258e-06
    outer loop
      vertex 80.7766 43.2208 1.41
      vertex 80.6944 43.0595 3.01
      vertex 80.9217 43.5056 3.01
    endloop
  endfacet
  facet normal -0.453992 0.891006 0
    outer loop
      vertex 80.3405 42.7056 1.41
      vertex 79.8944 42.4783 3.01
      vertex 80.3405 42.7056 3.01
    endloop
  endfacet
  facet normal -0.453992 0.891006 0
    outer loop
      vertex 79.8944 42.4783 3.01
      vertex 80.3405 42.7056 1.41
      vertex 79.8944 42.4783 1.41
    endloop
  endfacet
  facet normal -0.453992 -0.891006 0
    outer loop
      vertex 79.8944 45.5217 1.41
      vertex 80.3405 45.2944 3.01
      vertex 79.8944 45.5217 3.01
    endloop
  endfacet
  facet normal -0.453992 -0.891006 -0
    outer loop
      vertex 80.3405 45.2944 3.01
      vertex 79.8944 45.5217 1.41
      vertex 80.3405 45.2944 1.41
    endloop
  endfacet
  facet normal -0.987708 -0.15631 0
    outer loop
      vertex 80.7766 44.7792 0
      vertex 80.7581 44.8961 1.41
      vertex 80.7581 44.8961 0
    endloop
  endfacet
  facet normal -0.987708 -0.15631 0
    outer loop
      vertex 80.7581 44.8961 1.41
      vertex 80.7766 44.7792 0
      vertex 80.7766 44.7792 1.41
    endloop
  endfacet
  facet normal -0.890985 -0.454033 0
    outer loop
      vertex 80.7581 44.8961 0
      vertex 80.3461 45.7046 1.41
      vertex 80.3461 45.7046 0
    endloop
  endfacet
  facet normal -0.890985 -0.454033 0
    outer loop
      vertex 80.3461 45.7046 1.41
      vertex 80.7581 44.8961 0
      vertex 80.7581 44.8961 1.41
    endloop
  endfacet
  facet normal -0.454033 0.890985 0
    outer loop
      vertex 79.7046 41.6539 0
      vertex 78.8961 41.2419 1.41
      vertex 79.7046 41.6539 1.41
    endloop
  endfacet
  facet normal -0.454033 0.890985 0
    outer loop
      vertex 78.8961 41.2419 1.41
      vertex 79.7046 41.6539 0
      vertex 78.8961 41.2419 0
    endloop
  endfacet
  facet normal -0.707107 -0.707107 0
    outer loop
      vertex 80.3461 45.7046 0
      vertex 79.7046 46.3461 1.41
      vertex 79.7046 46.3461 0
    endloop
  endfacet
  facet normal -0.707107 -0.707107 0
    outer loop
      vertex 79.7046 46.3461 1.41
      vertex 80.3461 45.7046 0
      vertex 80.3461 45.7046 1.41
    endloop
  endfacet
  facet normal 0.156404 0.987693 -0
    outer loop
      vertex 78 41.1 0
      vertex 77.1039 41.2419 1.41
      vertex 78 41.1 1.41
    endloop
  endfacet
  facet normal 0.156404 0.987693 0
    outer loop
      vertex 77.1039 41.2419 1.41
      vertex 78 41.1 0
      vertex 77.1039 41.2419 0
    endloop
  endfacet
  facet normal 0.987708 0.15631 0
    outer loop
      vertex 75.2419 43.1039 1.41
      vertex 75.2234 43.2208 0
      vertex 75.2234 43.2208 1.41
    endloop
  endfacet
  facet normal 0.987708 0.15631 0
    outer loop
      vertex 75.2234 43.2208 0
      vertex 75.2419 43.1039 1.41
      vertex 75.2419 43.1039 0
    endloop
  endfacet
  facet normal 0.156404 -0.987693 0
    outer loop
      vertex 77.1039 46.7581 0
      vertex 78 46.9 1.41
      vertex 77.1039 46.7581 1.41
    endloop
  endfacet
  facet normal 0.156404 -0.987693 0
    outer loop
      vertex 78 46.9 1.41
      vertex 77.1039 46.7581 0
      vertex 78 46.9 0
    endloop
  endfacet
  facet normal 0.707107 0.707107 0
    outer loop
      vertex 76.2954 41.6539 1.41
      vertex 75.6539 42.2954 0
      vertex 75.6539 42.2954 1.41
    endloop
  endfacet
  facet normal 0.707107 0.707107 0
    outer loop
      vertex 75.6539 42.2954 0
      vertex 76.2954 41.6539 1.41
      vertex 76.2954 41.6539 0
    endloop
  endfacet
  facet normal 0.890985 0.454033 0
    outer loop
      vertex 75.6539 42.2954 1.41
      vertex 75.2419 43.1039 0
      vertex 75.2419 43.1039 1.41
    endloop
  endfacet
  facet normal 0.890985 0.454033 0
    outer loop
      vertex 75.2419 43.1039 0
      vertex 75.6539 42.2954 1.41
      vertex 75.6539 42.2954 0
    endloop
  endfacet
  facet normal -0.156404 0.987693 0
    outer loop
      vertex 78.8961 41.2419 0
      vertex 78 41.1 1.41
      vertex 78.8961 41.2419 1.41
    endloop
  endfacet
  facet normal -0.156404 0.987693 0
    outer loop
      vertex 78 41.1 1.41
      vertex 78.8961 41.2419 0
      vertex 78 41.1 0
    endloop
  endfacet
  facet normal -0.156404 -0.987693 0
    outer loop
      vertex 78 46.9 0
      vertex 78.8961 46.7581 1.41
      vertex 78 46.9 1.41
    endloop
  endfacet
  facet normal -0.156404 -0.987693 -0
    outer loop
      vertex 78.8961 46.7581 1.41
      vertex 78 46.9 0
      vertex 78.8961 46.7581 0
    endloop
  endfacet
  facet normal -0.454033 -0.890985 0
    outer loop
      vertex 78.8961 46.7581 0
      vertex 79.7046 46.3461 1.41
      vertex 78.8961 46.7581 1.41
    endloop
  endfacet
  facet normal -0.454033 -0.890985 -0
    outer loop
      vertex 79.7046 46.3461 1.41
      vertex 78.8961 46.7581 0
      vertex 79.7046 46.3461 0
    endloop
  endfacet
  facet normal 0.454033 -0.890985 0
    outer loop
      vertex 76.2954 46.3461 0
      vertex 77.1039 46.7581 1.41
      vertex 76.2954 46.3461 1.41
    endloop
  endfacet
  facet normal 0.454033 -0.890985 0
    outer loop
      vertex 77.1039 46.7581 1.41
      vertex 76.2954 46.3461 0
      vertex 77.1039 46.7581 0
    endloop
  endfacet
  facet normal 0.454033 0.890985 -0
    outer loop
      vertex 77.1039 41.2419 0
      vertex 76.2954 41.6539 1.41
      vertex 77.1039 41.2419 1.41
    endloop
  endfacet
  facet normal 0.454033 0.890985 0
    outer loop
      vertex 76.2954 41.6539 1.41
      vertex 77.1039 41.2419 0
      vertex 76.2954 41.6539 0
    endloop
  endfacet
  facet normal 0.890985 -0.454033 0
    outer loop
      vertex 75.2419 44.8961 1.41
      vertex 75.6539 45.7046 0
      vertex 75.6539 45.7046 1.41
    endloop
  endfacet
  facet normal 0.890985 -0.454033 0
    outer loop
      vertex 75.6539 45.7046 0
      vertex 75.2419 44.8961 1.41
      vertex 75.2419 44.8961 0
    endloop
  endfacet
  facet normal -0.987708 0.15631 0
    outer loop
      vertex 80.7581 43.1039 0
      vertex 80.7766 43.2208 1.41
      vertex 80.7766 43.2208 0
    endloop
  endfacet
  facet normal -0.987708 0.15631 0
    outer loop
      vertex 80.7766 43.2208 1.41
      vertex 80.7581 43.1039 0
      vertex 80.7581 43.1039 1.41
    endloop
  endfacet
  facet normal 0.987708 -0.15631 0
    outer loop
      vertex 75.2234 44.7792 1.41
      vertex 75.2419 44.8961 0
      vertex 75.2419 44.8961 1.41
    endloop
  endfacet
  facet normal 0.987708 -0.15631 0
    outer loop
      vertex 75.2419 44.8961 0
      vertex 75.2234 44.7792 1.41
      vertex 75.2234 44.7792 0
    endloop
  endfacet
  facet normal 0 0 -1
    outer loop
      vertex 80.6944 44.9405 1.41
      vertex 80.7581 44.8961 1.41
      vertex 80.7766 44.7792 1.41
    endloop
  endfacet
  facet normal 0 0 -1
    outer loop
      vertex 80.6944 44.9405 1.41
      vertex 80.3461 45.7046 1.41
      vertex 80.7581 44.8961 1.41
    endloop
  endfacet
  facet normal 0 0 -1
    outer loop
      vertex 80.3405 45.2944 1.41
      vertex 80.3461 45.7046 1.41
      vertex 80.6944 44.9405 1.41
    endloop
  endfacet
  facet normal 0 0 -1
    outer loop
      vertex 79.8944 45.5217 1.41
      vertex 80.3461 45.7046 1.41
      vertex 80.3405 45.2944 1.41
    endloop
  endfacet
  facet normal 0 0 -1
    outer loop
      vertex 79.8944 45.5217 1.41
      vertex 79.7046 46.3461 1.41
      vertex 80.3461 45.7046 1.41
    endloop
  endfacet
  facet normal 0 0 -1
    outer loop
      vertex 79.4 45.6 1.41
      vertex 79.7046 46.3461 1.41
      vertex 79.8944 45.5217 1.41
    endloop
  endfacet
  facet normal 0 0 -1
    outer loop
      vertex 79.4 45.6 1.41
      vertex 78.8961 46.7581 1.41
      vertex 79.7046 46.3461 1.41
    endloop
  endfacet
  facet normal 0 0 -1
    outer loop
      vertex 79.4 45.6 1.41
      vertex 78 46.9 1.41
      vertex 78.8961 46.7581 1.41
    endloop
  endfacet
  facet normal 0 0 -1
    outer loop
      vertex 76.6 45.6 1.41
      vertex 78 46.9 1.41
      vertex 79.4 45.6 1.41
    endloop
  endfacet
  facet normal 0 0 -1
    outer loop
      vertex 78 46.9 1.41
      vertex 76.6 45.6 1.41
      vertex 77.1039 46.7581 1.41
    endloop
  endfacet
  facet normal 0 0 -1
    outer loop
      vertex 76.6 45.6 1.41
      vertex 76.2954 46.3461 1.41
      vertex 77.1039 46.7581 1.41
    endloop
  endfacet
  facet normal 0 0 -1
    outer loop
      vertex 76.1056 45.5217 1.41
      vertex 76.2954 46.3461 1.41
      vertex 76.6 45.6 1.41
    endloop
  endfacet
  facet normal 0 0 -1
    outer loop
      vertex 75.6539 45.7046 1.41
      vertex 76.1056 45.5217 1.41
      vertex 75.6595 45.2944 1.41
    endloop
  endfacet
  facet normal 0 0 -1
    outer loop
      vertex 76.1056 45.5217 1.41
      vertex 75.6539 45.7046 1.41
      vertex 76.2954 46.3461 1.41
    endloop
  endfacet
  facet normal 0 0 -1
    outer loop
      vertex 75.3056 44.9405 1.41
      vertex 75.6539 45.7046 1.41
      vertex 75.6595 45.2944 1.41
    endloop
  endfacet
  facet normal -0 0 -1
    outer loop
      vertex 75.3056 44.9405 1.41
      vertex 75.2419 44.8961 1.41
      vertex 75.6539 45.7046 1.41
    endloop
  endfacet
  facet normal 0 -0 -1
    outer loop
      vertex 75.2419 44.8961 1.41
      vertex 75.3056 44.9405 1.41
      vertex 75.2234 44.7792 1.41
    endloop
  endfacet
  facet normal -0 0 -1
    outer loop
      vertex 80.7581 43.1039 1.41
      vertex 80.6944 43.0595 1.41
      vertex 80.7766 43.2208 1.41
    endloop
  endfacet
  facet normal 0 0 -1
    outer loop
      vertex 80.3461 42.2954 1.41
      vertex 80.6944 43.0595 1.41
      vertex 80.7581 43.1039 1.41
    endloop
  endfacet
  facet normal 0 0 -1
    outer loop
      vertex 80.3461 42.2954 1.41
      vertex 80.3405 42.7056 1.41
      vertex 80.6944 43.0595 1.41
    endloop
  endfacet
  facet normal 0 0 -1
    outer loop
      vertex 80.3461 42.2954 1.41
      vertex 79.8944 42.4783 1.41
      vertex 80.3405 42.7056 1.41
    endloop
  endfacet
  facet normal 0 0 -1
    outer loop
      vertex 79.7046 41.6539 1.41
      vertex 79.8944 42.4783 1.41
      vertex 80.3461 42.2954 1.41
    endloop
  endfacet
  facet normal 0 0 -1
    outer loop
      vertex 79.7046 41.6539 1.41
      vertex 79.4 42.4 1.41
      vertex 79.8944 42.4783 1.41
    endloop
  endfacet
  facet normal 0 0 -1
    outer loop
      vertex 78.8961 41.2419 1.41
      vertex 79.4 42.4 1.41
      vertex 79.7046 41.6539 1.41
    endloop
  endfacet
  facet normal 0 0 -1
    outer loop
      vertex 78 41.1 1.41
      vertex 79.4 42.4 1.41
      vertex 78.8961 41.2419 1.41
    endloop
  endfacet
  facet normal 0 0 -1
    outer loop
      vertex 76.6 42.4 1.41
      vertex 78 41.1 1.41
      vertex 77.1039 41.2419 1.41
    endloop
  endfacet
  facet normal 0 0 -1
    outer loop
      vertex 78 41.1 1.41
      vertex 76.6 42.4 1.41
      vertex 79.4 42.4 1.41
    endloop
  endfacet
  facet normal 0 0 -1
    outer loop
      vertex 76.2954 41.6539 1.41
      vertex 76.6 42.4 1.41
      vertex 77.1039 41.2419 1.41
    endloop
  endfacet
  facet normal 0 0 -1
    outer loop
      vertex 76.2954 41.6539 1.41
      vertex 76.1056 42.4783 1.41
      vertex 76.6 42.4 1.41
    endloop
  endfacet
  facet normal 0 0 -1
    outer loop
      vertex 75.6539 42.2954 1.41
      vertex 76.1056 42.4783 1.41
      vertex 76.2954 41.6539 1.41
    endloop
  endfacet
  facet normal -0 0 -1
    outer loop
      vertex 76.1056 42.4783 1.41
      vertex 75.6539 42.2954 1.41
      vertex 75.6595 42.7056 1.41
    endloop
  endfacet
  facet normal 0 0 -1
    outer loop
      vertex 75.6539 42.2954 1.41
      vertex 75.3056 43.0595 1.41
      vertex 75.6595 42.7056 1.41
    endloop
  endfacet
  facet normal 0 0 -1
    outer loop
      vertex 75.2419 43.1039 1.41
      vertex 75.3056 43.0595 1.41
      vertex 75.6539 42.2954 1.41
    endloop
  endfacet
  facet normal 0 0 -1
    outer loop
      vertex 75.3056 43.0595 1.41
      vertex 75.2419 43.1039 1.41
      vertex 75.2234 43.2208 1.41
    endloop
  endfacet
  facet normal -0.707107 0.707107 0
    outer loop
      vertex 79.7046 41.6539 0
      vertex 80.3461 42.2954 1.41
      vertex 80.3461 42.2954 0
    endloop
  endfacet
  facet normal -0.707107 0.707107 0
    outer loop
      vertex 80.3461 42.2954 1.41
      vertex 79.7046 41.6539 0
      vertex 79.7046 41.6539 1.41
    endloop
  endfacet
  facet normal -0.890985 0.454033 0
    outer loop
      vertex 80.3461 42.2954 0
      vertex 80.7581 43.1039 1.41
      vertex 80.7581 43.1039 0
    endloop
  endfacet
  facet normal -0.890985 0.454033 0
    outer loop
      vertex 80.7581 43.1039 1.41
      vertex 80.3461 42.2954 0
      vertex 80.3461 42.2954 1.41
    endloop
  endfacet
  facet normal 0.707107 -0.707107 0
    outer loop
      vertex 75.6539 45.7046 1.41
      vertex 76.2954 46.3461 0
      vertex 76.2954 46.3461 1.41
    endloop
  endfacet
  facet normal 0.707107 -0.707107 0
    outer loop
      vertex 76.2954 46.3461 0
      vertex 75.6539 45.7046 1.41
      vertex 75.6539 45.7046 0
    endloop
  endfacet
  facet normal 0.890999 -0.454006 0
    outer loop
      vertex -82.8483 -53.542 2.11
      vertex -82.408 -52.6779 0
      vertex -82.408 -52.6779 2.11
    endloop
  endfacet
  facet normal 0.890999 -0.454006 0
    outer loop
      vertex -82.408 -52.6779 0
      vertex -82.8483 -53.542 2.11
      vertex -82.8483 -53.542 0
    endloop
  endfacet
  facet normal -0.987693 -0.156402 0
    outer loop
      vertex -76.8 -54.5 0
      vertex -76.9517 -53.542 2.11
      vertex -76.9517 -53.542 0
    endloop
  endfacet
  facet normal -0.987693 -0.156402 0
    outer loop
      vertex -76.9517 -53.542 2.11
      vertex -76.8 -54.5 0
      vertex -76.8 -54.5 2.11
    endloop
  endfacet
  facet normal -0.890999 -0.454006 0
    outer loop
      vertex -76.9517 -53.542 0
      vertex -77.392 -52.6779 2.11
      vertex -77.392 -52.6779 0
    endloop
  endfacet
  facet normal -0.890999 -0.454006 0
    outer loop
      vertex -77.392 -52.6779 2.11
      vertex -76.9517 -53.542 0
      vertex -76.9517 -53.542 2.11
    endloop
  endfacet
  facet normal 0.890999 0.454006 0
    outer loop
      vertex -82.408 -56.3221 2.11
      vertex -82.8483 -55.458 0
      vertex -82.8483 -55.458 2.11
    endloop
  endfacet
  facet normal 0.890999 0.454006 0
    outer loop
      vertex -82.8483 -55.458 0
      vertex -82.408 -56.3221 2.11
      vertex -82.408 -56.3221 0
    endloop
  endfacet
  facet normal 0.454006 -0.890999 0
    outer loop
      vertex -81.7221 -51.992 0
      vertex -80.858 -51.5517 2.11
      vertex -81.7221 -51.992 2.11
    endloop
  endfacet
  facet normal 0.454006 -0.890999 0
    outer loop
      vertex -80.858 -51.5517 2.11
      vertex -81.7221 -51.992 0
      vertex -80.858 -51.5517 0
    endloop
  endfacet
  facet normal -0.707055 0.707158 0
    outer loop
      vertex -77.392 -56.3221 0
      vertex -78.0779 -57.0079 2.11
      vertex -77.392 -56.3221 2.11
    endloop
  endfacet
  facet normal -0.707055 0.707158 0
    outer loop
      vertex -78.0779 -57.0079 2.11
      vertex -77.392 -56.3221 0
      vertex -78.0779 -57.0079 0
    endloop
  endfacet
  facet normal 0.707055 0.707158 0
    outer loop
      vertex -81.7221 -57.0079 2.11
      vertex -82.408 -56.3221 0
      vertex -82.408 -56.3221 2.11
    endloop
  endfacet
  facet normal 0.707055 0.707158 0
    outer loop
      vertex -82.408 -56.3221 0
      vertex -81.7221 -57.0079 2.11
      vertex -81.7221 -57.0079 0
    endloop
  endfacet
  facet normal 0.156402 -0.987693 0
    outer loop
      vertex -80.858 -51.5517 0
      vertex -79.9 -51.4 2.11
      vertex -80.858 -51.5517 2.11
    endloop
  endfacet
  facet normal 0.156402 -0.987693 0
    outer loop
      vertex -79.9 -51.4 2.11
      vertex -80.858 -51.5517 0
      vertex -79.9 -51.4 0
    endloop
  endfacet
  facet normal -0.890999 0.454006 0
    outer loop
      vertex -77.392 -56.3221 0
      vertex -76.9517 -55.458 2.11
      vertex -76.9517 -55.458 0
    endloop
  endfacet
  facet normal -0.890999 0.454006 0
    outer loop
      vertex -76.9517 -55.458 2.11
      vertex -77.392 -56.3221 0
      vertex -77.392 -56.3221 2.11
    endloop
  endfacet
  facet normal 0.987693 -0.156402 0
    outer loop
      vertex -83 -54.5 2.11
      vertex -82.8483 -53.542 0
      vertex -82.8483 -53.542 2.11
    endloop
  endfacet
  facet normal 0.987693 -0.156402 0
    outer loop
      vertex -82.8483 -53.542 0
      vertex -83 -54.5 2.11
      vertex -83 -54.5 0
    endloop
  endfacet
  facet normal -0.707107 -0.707107 0
    outer loop
      vertex -78.0779 -51.992 0
      vertex -77.392 -52.6779 2.11
      vertex -78.0779 -51.992 2.11
    endloop
  endfacet
  facet normal -0.707107 -0.707107 -0
    outer loop
      vertex -77.392 -52.6779 2.11
      vertex -78.0779 -51.992 0
      vertex -77.392 -52.6779 0
    endloop
  endfacet
  facet normal -0.156402 -0.987693 0
    outer loop
      vertex -79.9 -51.4 0
      vertex -78.942 -51.5517 2.11
      vertex -79.9 -51.4 2.11
    endloop
  endfacet
  facet normal -0.156402 -0.987693 -0
    outer loop
      vertex -78.942 -51.5517 2.11
      vertex -79.9 -51.4 0
      vertex -78.942 -51.5517 0
    endloop
  endfacet
  facet normal 0.156402 0.987693 -0
    outer loop
      vertex -79.9 -57.6 0
      vertex -80.858 -57.4483 2.11
      vertex -79.9 -57.6 2.11
    endloop
  endfacet
  facet normal 0.156402 0.987693 0
    outer loop
      vertex -80.858 -57.4483 2.11
      vertex -79.9 -57.6 0
      vertex -80.858 -57.4483 0
    endloop
  endfacet
  facet normal 0.987693 0.156402 0
    outer loop
      vertex -82.8483 -55.458 2.11
      vertex -83 -54.5 0
      vertex -83 -54.5 2.11
    endloop
  endfacet
  facet normal 0.987693 0.156402 0
    outer loop
      vertex -83 -54.5 0
      vertex -82.8483 -55.458 2.11
      vertex -82.8483 -55.458 0
    endloop
  endfacet
  facet normal 0.454088 0.890957 -0
    outer loop
      vertex -80.858 -57.4483 0
      vertex -81.7221 -57.0079 2.11
      vertex -80.858 -57.4483 2.11
    endloop
  endfacet
  facet normal 0.454088 0.890957 0
    outer loop
      vertex -81.7221 -57.0079 2.11
      vertex -80.858 -57.4483 0
      vertex -81.7221 -57.0079 0
    endloop
  endfacet
  facet normal 0 0 -1
    outer loop
      vertex -76.9517 -55.458 2.11
      vertex -76.9517 -53.542 2.11
      vertex -76.8 -54.5 2.11
    endloop
  endfacet
  facet normal 0 0 -1
    outer loop
      vertex -77.392 -56.3221 2.11
      vertex -76.9517 -53.542 2.11
      vertex -76.9517 -55.458 2.11
    endloop
  endfacet
  facet normal 0 0 -1
    outer loop
      vertex -77.392 -56.3221 2.11
      vertex -77.392 -52.6779 2.11
      vertex -76.9517 -53.542 2.11
    endloop
  endfacet
  facet normal 0 0 -1
    outer loop
      vertex -78.0779 -57.0079 2.11
      vertex -77.392 -52.6779 2.11
      vertex -77.392 -56.3221 2.11
    endloop
  endfacet
  facet normal 0 0 -1
    outer loop
      vertex -78.0779 -57.0079 2.11
      vertex -78.0779 -51.992 2.11
      vertex -77.392 -52.6779 2.11
    endloop
  endfacet
  facet normal 0 0 -1
    outer loop
      vertex -78.942 -57.4483 2.11
      vertex -78.0779 -51.992 2.11
      vertex -78.0779 -57.0079 2.11
    endloop
  endfacet
  facet normal 0 0 -1
    outer loop
      vertex -78.942 -57.4483 2.11
      vertex -78.942 -51.5517 2.11
      vertex -78.0779 -51.992 2.11
    endloop
  endfacet
  facet normal 0 0 -1
    outer loop
      vertex -79.9 -57.6 2.11
      vertex -78.942 -51.5517 2.11
      vertex -78.942 -57.4483 2.11
    endloop
  endfacet
  facet normal 0 0 -1
    outer loop
      vertex -79.9 -57.6 2.11
      vertex -79.9 -51.4 2.11
      vertex -78.942 -51.5517 2.11
    endloop
  endfacet
  facet normal 0 0 -1
    outer loop
      vertex -80.858 -57.4483 2.11
      vertex -79.9 -51.4 2.11
      vertex -79.9 -57.6 2.11
    endloop
  endfacet
  facet normal 0 0 -1
    outer loop
      vertex -80.858 -57.4483 2.11
      vertex -80.858 -51.5517 2.11
      vertex -79.9 -51.4 2.11
    endloop
  endfacet
  facet normal 0 0 -1
    outer loop
      vertex -81.7221 -57.0079 2.11
      vertex -80.858 -51.5517 2.11
      vertex -80.858 -57.4483 2.11
    endloop
  endfacet
  facet normal 0 0 -1
    outer loop
      vertex -81.7221 -57.0079 2.11
      vertex -81.7221 -51.992 2.11
      vertex -80.858 -51.5517 2.11
    endloop
  endfacet
  facet normal 0 0 -1
    outer loop
      vertex -82.408 -56.3221 2.11
      vertex -81.7221 -51.992 2.11
      vertex -81.7221 -57.0079 2.11
    endloop
  endfacet
  facet normal 0 0 -1
    outer loop
      vertex -82.408 -56.3221 2.11
      vertex -82.408 -52.6779 2.11
      vertex -81.7221 -51.992 2.11
    endloop
  endfacet
  facet normal 0 0 -1
    outer loop
      vertex -82.8483 -55.458 2.11
      vertex -82.408 -52.6779 2.11
      vertex -82.408 -56.3221 2.11
    endloop
  endfacet
  facet normal 0 0 -1
    outer loop
      vertex -82.8483 -55.458 2.11
      vertex -82.8483 -53.542 2.11
      vertex -82.408 -52.6779 2.11
    endloop
  endfacet
  facet normal 0 -0 -1
    outer loop
      vertex -82.8483 -53.542 2.11
      vertex -82.8483 -55.458 2.11
      vertex -83 -54.5 2.11
    endloop
  endfacet
  facet normal -0.987693 0.156402 0
    outer loop
      vertex -76.9517 -55.458 0
      vertex -76.8 -54.5 2.11
      vertex -76.8 -54.5 0
    endloop
  endfacet
  facet normal -0.987693 0.156402 0
    outer loop
      vertex -76.8 -54.5 2.11
      vertex -76.9517 -55.458 0
      vertex -76.9517 -55.458 2.11
    endloop
  endfacet
  facet normal 0.707107 -0.707107 0
    outer loop
      vertex -82.408 -52.6779 2.11
      vertex -81.7221 -51.992 0
      vertex -81.7221 -51.992 2.11
    endloop
  endfacet
  facet normal 0.707107 -0.707107 0
    outer loop
      vertex -81.7221 -51.992 0
      vertex -82.408 -52.6779 2.11
      vertex -82.408 -52.6779 0
    endloop
  endfacet
  facet normal -0.454006 -0.890999 0
    outer loop
      vertex -78.942 -51.5517 0
      vertex -78.0779 -51.992 2.11
      vertex -78.942 -51.5517 2.11
    endloop
  endfacet
  facet normal -0.454006 -0.890999 -0
    outer loop
      vertex -78.0779 -51.992 2.11
      vertex -78.942 -51.5517 0
      vertex -78.0779 -51.992 0
    endloop
  endfacet
  facet normal -0.156402 0.987693 0
    outer loop
      vertex -78.942 -57.4483 0
      vertex -79.9 -57.6 2.11
      vertex -78.942 -57.4483 2.11
    endloop
  endfacet
  facet normal -0.156402 0.987693 0
    outer loop
      vertex -79.9 -57.6 2.11
      vertex -78.942 -57.4483 0
      vertex -79.9 -57.6 0
    endloop
  endfacet
  facet normal -0.454088 0.890957 0
    outer loop
      vertex -78.0779 -57.0079 0
      vertex -78.942 -57.4483 2.11
      vertex -78.0779 -57.0079 2.11
    endloop
  endfacet
  facet normal -0.454088 0.890957 0
    outer loop
      vertex -78.942 -57.4483 2.11
      vertex -78.0779 -57.0079 0
      vertex -78.942 -57.4483 0
    endloop
  endfacet
  facet normal -0.890999 -0.454006 0
    outer loop
      vertex -76.9517 55.458 0
      vertex -77.392 56.3221 2.11
      vertex -77.392 56.3221 0
    endloop
  endfacet
  facet normal -0.890999 -0.454006 0
    outer loop
      vertex -77.392 56.3221 2.11
      vertex -76.9517 55.458 0
      vertex -76.9517 55.458 2.11
    endloop
  endfacet
  facet normal -0.987693 -0.156402 0
    outer loop
      vertex -76.8 54.5 0
      vertex -76.9517 55.458 2.11
      vertex -76.9517 55.458 0
    endloop
  endfacet
  facet normal -0.987693 -0.156402 0
    outer loop
      vertex -76.9517 55.458 2.11
      vertex -76.8 54.5 0
      vertex -76.8 54.5 2.11
    endloop
  endfacet
  facet normal -0.890999 0.454006 0
    outer loop
      vertex -77.392 52.6779 0
      vertex -76.9517 53.542 2.11
      vertex -76.9517 53.542 0
    endloop
  endfacet
  facet normal -0.890999 0.454006 0
    outer loop
      vertex -76.9517 53.542 2.11
      vertex -77.392 52.6779 0
      vertex -77.392 52.6779 2.11
    endloop
  endfacet
  facet normal 0.454088 -0.890957 0
    outer loop
      vertex -81.7221 57.0079 0
      vertex -80.858 57.4483 2.11
      vertex -81.7221 57.0079 2.11
    endloop
  endfacet
  facet normal 0.454088 -0.890957 0
    outer loop
      vertex -80.858 57.4483 2.11
      vertex -81.7221 57.0079 0
      vertex -80.858 57.4483 0
    endloop
  endfacet
  facet normal 0.156402 -0.987693 0
    outer loop
      vertex -80.858 57.4483 0
      vertex -79.9 57.6 2.11
      vertex -80.858 57.4483 2.11
    endloop
  endfacet
  facet normal 0.156402 -0.987693 0
    outer loop
      vertex -79.9 57.6 2.11
      vertex -80.858 57.4483 0
      vertex -79.9 57.6 0
    endloop
  endfacet
  facet normal 0.890999 -0.454006 0
    outer loop
      vertex -82.8483 55.458 2.11
      vertex -82.408 56.3221 0
      vertex -82.408 56.3221 2.11
    endloop
  endfacet
  facet normal 0.890999 -0.454006 0
    outer loop
      vertex -82.408 56.3221 0
      vertex -82.8483 55.458 2.11
      vertex -82.8483 55.458 0
    endloop
  endfacet
  facet normal -0.454088 -0.890957 0
    outer loop
      vertex -78.942 57.4483 0
      vertex -78.0779 57.0079 2.11
      vertex -78.942 57.4483 2.11
    endloop
  endfacet
  facet normal -0.454088 -0.890957 -0
    outer loop
      vertex -78.0779 57.0079 2.11
      vertex -78.942 57.4483 0
      vertex -78.0779 57.0079 0
    endloop
  endfacet
  facet normal 0.707107 0.707107 0
    outer loop
      vertex -81.7221 51.992 2.11
      vertex -82.408 52.6779 0
      vertex -82.408 52.6779 2.11
    endloop
  endfacet
  facet normal 0.707107 0.707107 0
    outer loop
      vertex -82.408 52.6779 0
      vertex -81.7221 51.992 2.11
      vertex -81.7221 51.992 0
    endloop
  endfacet
  facet normal 0.454006 0.890999 -0
    outer loop
      vertex -80.858 51.5517 0
      vertex -81.7221 51.992 2.11
      vertex -80.858 51.5517 2.11
    endloop
  endfacet
  facet normal 0.454006 0.890999 0
    outer loop
      vertex -81.7221 51.992 2.11
      vertex -80.858 51.5517 0
      vertex -81.7221 51.992 0
    endloop
  endfacet
  facet normal -0.156402 -0.987693 0
    outer loop
      vertex -79.9 57.6 0
      vertex -78.942 57.4483 2.11
      vertex -79.9 57.6 2.11
    endloop
  endfacet
  facet normal -0.156402 -0.987693 -0
    outer loop
      vertex -78.942 57.4483 2.11
      vertex -79.9 57.6 0
      vertex -78.942 57.4483 0
    endloop
  endfacet
  facet normal 0.156402 0.987693 -0
    outer loop
      vertex -79.9 51.4 0
      vertex -80.858 51.5517 2.11
      vertex -79.9 51.4 2.11
    endloop
  endfacet
  facet normal 0.156402 0.987693 0
    outer loop
      vertex -80.858 51.5517 2.11
      vertex -79.9 51.4 0
      vertex -80.858 51.5517 0
    endloop
  endfacet
  facet normal -0.707107 0.707107 0
    outer loop
      vertex -77.392 52.6779 0
      vertex -78.0779 51.992 2.11
      vertex -77.392 52.6779 2.11
    endloop
  endfacet
  facet normal -0.707107 0.707107 0
    outer loop
      vertex -78.0779 51.992 2.11
      vertex -77.392 52.6779 0
      vertex -78.0779 51.992 0
    endloop
  endfacet
  facet normal 0.987693 -0.156402 0
    outer loop
      vertex -83 54.5 2.11
      vertex -82.8483 55.458 0
      vertex -82.8483 55.458 2.11
    endloop
  endfacet
  facet normal 0.987693 -0.156402 0
    outer loop
      vertex -82.8483 55.458 0
      vertex -83 54.5 2.11
      vertex -83 54.5 0
    endloop
  endfacet
  facet normal 0.890999 0.454006 0
    outer loop
      vertex -82.408 52.6779 2.11
      vertex -82.8483 53.542 0
      vertex -82.8483 53.542 2.11
    endloop
  endfacet
  facet normal 0.890999 0.454006 0
    outer loop
      vertex -82.8483 53.542 0
      vertex -82.408 52.6779 2.11
      vertex -82.408 52.6779 0
    endloop
  endfacet
  facet normal -0.454006 0.890999 0
    outer loop
      vertex -78.0779 51.992 0
      vertex -78.942 51.5517 2.11
      vertex -78.0779 51.992 2.11
    endloop
  endfacet
  facet normal -0.454006 0.890999 0
    outer loop
      vertex -78.942 51.5517 2.11
      vertex -78.0779 51.992 0
      vertex -78.942 51.5517 0
    endloop
  endfacet
  facet normal 0.987693 0.156402 0
    outer loop
      vertex -82.8483 53.542 2.11
      vertex -83 54.5 0
      vertex -83 54.5 2.11
    endloop
  endfacet
  facet normal 0.987693 0.156402 0
    outer loop
      vertex -83 54.5 0
      vertex -82.8483 53.542 2.11
      vertex -82.8483 53.542 0
    endloop
  endfacet
  facet normal 0.707055 -0.707158 0
    outer loop
      vertex -82.408 56.3221 2.11
      vertex -81.7221 57.0079 0
      vertex -81.7221 57.0079 2.11
    endloop
  endfacet
  facet normal 0.707055 -0.707158 0
    outer loop
      vertex -81.7221 57.0079 0
      vertex -82.408 56.3221 2.11
      vertex -82.408 56.3221 0
    endloop
  endfacet
  facet normal -0.987693 0.156402 0
    outer loop
      vertex -76.9517 53.542 0
      vertex -76.8 54.5 2.11
      vertex -76.8 54.5 0
    endloop
  endfacet
  facet normal -0.987693 0.156402 0
    outer loop
      vertex -76.8 54.5 2.11
      vertex -76.9517 53.542 0
      vertex -76.9517 53.542 2.11
    endloop
  endfacet
  facet normal -0.156402 0.987693 0
    outer loop
      vertex -78.942 51.5517 0
      vertex -79.9 51.4 2.11
      vertex -78.942 51.5517 2.11
    endloop
  endfacet
  facet normal -0.156402 0.987693 0
    outer loop
      vertex -79.9 51.4 2.11
      vertex -78.942 51.5517 0
      vertex -79.9 51.4 0
    endloop
  endfacet
  facet normal 0 0 -1
    outer loop
      vertex -76.9517 53.542 2.11
      vertex -76.9517 55.458 2.11
      vertex -76.8 54.5 2.11
    endloop
  endfacet
  facet normal 0 0 -1
    outer loop
      vertex -77.392 52.6779 2.11
      vertex -76.9517 55.458 2.11
      vertex -76.9517 53.542 2.11
    endloop
  endfacet
  facet normal 0 0 -1
    outer loop
      vertex -77.392 52.6779 2.11
      vertex -77.392 56.3221 2.11
      vertex -76.9517 55.458 2.11
    endloop
  endfacet
  facet normal 0 0 -1
    outer loop
      vertex -78.0779 51.992 2.11
      vertex -77.392 56.3221 2.11
      vertex -77.392 52.6779 2.11
    endloop
  endfacet
  facet normal 0 0 -1
    outer loop
      vertex -78.0779 51.992 2.11
      vertex -78.0779 57.0079 2.11
      vertex -77.392 56.3221 2.11
    endloop
  endfacet
  facet normal 0 0 -1
    outer loop
      vertex -78.942 51.5517 2.11
      vertex -78.0779 57.0079 2.11
      vertex -78.0779 51.992 2.11
    endloop
  endfacet
  facet normal 0 0 -1
    outer loop
      vertex -78.942 51.5517 2.11
      vertex -78.942 57.4483 2.11
      vertex -78.0779 57.0079 2.11
    endloop
  endfacet
  facet normal 0 0 -1
    outer loop
      vertex -79.9 51.4 2.11
      vertex -78.942 57.4483 2.11
      vertex -78.942 51.5517 2.11
    endloop
  endfacet
  facet normal 0 0 -1
    outer loop
      vertex -79.9 51.4 2.11
      vertex -79.9 57.6 2.11
      vertex -78.942 57.4483 2.11
    endloop
  endfacet
  facet normal 0 0 -1
    outer loop
      vertex -80.858 51.5517 2.11
      vertex -79.9 57.6 2.11
      vertex -79.9 51.4 2.11
    endloop
  endfacet
  facet normal 0 0 -1
    outer loop
      vertex -80.858 51.5517 2.11
      vertex -80.858 57.4483 2.11
      vertex -79.9 57.6 2.11
    endloop
  endfacet
  facet normal 0 0 -1
    outer loop
      vertex -81.7221 51.992 2.11
      vertex -80.858 57.4483 2.11
      vertex -80.858 51.5517 2.11
    endloop
  endfacet
  facet normal 0 0 -1
    outer loop
      vertex -81.7221 51.992 2.11
      vertex -81.7221 57.0079 2.11
      vertex -80.858 57.4483 2.11
    endloop
  endfacet
  facet normal 0 0 -1
    outer loop
      vertex -82.408 52.6779 2.11
      vertex -81.7221 57.0079 2.11
      vertex -81.7221 51.992 2.11
    endloop
  endfacet
  facet normal 0 0 -1
    outer loop
      vertex -82.408 52.6779 2.11
      vertex -82.408 56.3221 2.11
      vertex -81.7221 57.0079 2.11
    endloop
  endfacet
  facet normal 0 0 -1
    outer loop
      vertex -82.8483 53.542 2.11
      vertex -82.408 56.3221 2.11
      vertex -82.408 52.6779 2.11
    endloop
  endfacet
  facet normal 0 0 -1
    outer loop
      vertex -82.8483 53.542 2.11
      vertex -82.8483 55.458 2.11
      vertex -82.408 56.3221 2.11
    endloop
  endfacet
  facet normal 0 -0 -1
    outer loop
      vertex -82.8483 55.458 2.11
      vertex -82.8483 53.542 2.11
      vertex -83 54.5 2.11
    endloop
  endfacet
  facet normal -0.707055 -0.707158 0
    outer loop
      vertex -78.0779 57.0079 0
      vertex -77.392 56.3221 2.11
      vertex -78.0779 57.0079 2.11
    endloop
  endfacet
  facet normal -0.707055 -0.707158 -0
    outer loop
      vertex -77.392 56.3221 2.11
      vertex -78.0779 57.0079 0
      vertex -77.392 56.3221 0
    endloop
  endfacet
  facet normal 0.987693 -0.156402 0
    outer loop
      vertex 76.8 -54.5 2.11
      vertex 76.9517 -53.542 0
      vertex 76.9517 -53.542 2.11
    endloop
  endfacet
  facet normal 0.987693 -0.156402 0
    outer loop
      vertex 76.9517 -53.542 0
      vertex 76.8 -54.5 2.11
      vertex 76.8 -54.5 0
    endloop
  endfacet
  facet normal -0.890999 -0.454006 0
    outer loop
      vertex 82.8483 -53.542 0
      vertex 82.408 -52.6779 2.11
      vertex 82.408 -52.6779 0
    endloop
  endfacet
  facet normal -0.890999 -0.454006 0
    outer loop
      vertex 82.408 -52.6779 2.11
      vertex 82.8483 -53.542 0
      vertex 82.8483 -53.542 2.11
    endloop
  endfacet
  facet normal -0.987693 -0.156402 0
    outer loop
      vertex 83 -54.5 0
      vertex 82.8483 -53.542 2.11
      vertex 82.8483 -53.542 0
    endloop
  endfacet
  facet normal -0.987693 -0.156402 0
    outer loop
      vertex 82.8483 -53.542 2.11
      vertex 83 -54.5 0
      vertex 83 -54.5 2.11
    endloop
  endfacet
  facet normal -0.707055 0.707158 0
    outer loop
      vertex 81.7221 -57.0079 0
      vertex 82.408 -56.3221 2.11
      vertex 82.408 -56.3221 0
    endloop
  endfacet
  facet normal -0.707055 0.707158 0
    outer loop
      vertex 82.408 -56.3221 2.11
      vertex 81.7221 -57.0079 0
      vertex 81.7221 -57.0079 2.11
    endloop
  endfacet
  facet normal 0.707055 0.707158 -0
    outer loop
      vertex 78.0779 -57.0079 0
      vertex 77.392 -56.3221 2.11
      vertex 78.0779 -57.0079 2.11
    endloop
  endfacet
  facet normal 0.707055 0.707158 0
    outer loop
      vertex 77.392 -56.3221 2.11
      vertex 78.0779 -57.0079 0
      vertex 77.392 -56.3221 0
    endloop
  endfacet
  facet normal -0.890999 0.454006 0
    outer loop
      vertex 82.408 -56.3221 0
      vertex 82.8483 -55.458 2.11
      vertex 82.8483 -55.458 0
    endloop
  endfacet
  facet normal -0.890999 0.454006 0
    outer loop
      vertex 82.8483 -55.458 2.11
      vertex 82.408 -56.3221 0
      vertex 82.408 -56.3221 2.11
    endloop
  endfacet
  facet normal 0.707107 -0.707107 0
    outer loop
      vertex 77.392 -52.6779 0
      vertex 78.0779 -51.992 2.11
      vertex 77.392 -52.6779 2.11
    endloop
  endfacet
  facet normal 0.707107 -0.707107 0
    outer loop
      vertex 78.0779 -51.992 2.11
      vertex 77.392 -52.6779 0
      vertex 78.0779 -51.992 0
    endloop
  endfacet
  facet normal -0.987693 0.156402 0
    outer loop
      vertex 82.8483 -55.458 0
      vertex 83 -54.5 2.11
      vertex 83 -54.5 0
    endloop
  endfacet
  facet normal -0.987693 0.156402 0
    outer loop
      vertex 83 -54.5 2.11
      vertex 82.8483 -55.458 0
      vertex 82.8483 -55.458 2.11
    endloop
  endfacet
  facet normal 0.156402 -0.987693 0
    outer loop
      vertex 78.942 -51.5517 0
      vertex 79.9 -51.4 2.11
      vertex 78.942 -51.5517 2.11
    endloop
  endfacet
  facet normal 0.156402 -0.987693 0
    outer loop
      vertex 79.9 -51.4 2.11
      vertex 78.942 -51.5517 0
      vertex 79.9 -51.4 0
    endloop
  endfacet
  facet normal 0.454006 -0.890999 0
    outer loop
      vertex 78.0779 -51.992 0
      vertex 78.942 -51.5517 2.11
      vertex 78.0779 -51.992 2.11
    endloop
  endfacet
  facet normal 0.454006 -0.890999 0
    outer loop
      vertex 78.942 -51.5517 2.11
      vertex 78.0779 -51.992 0
      vertex 78.942 -51.5517 0
    endloop
  endfacet
  facet normal 0.890999 -0.454006 0
    outer loop
      vertex 76.9517 -53.542 2.11
      vertex 77.392 -52.6779 0
      vertex 77.392 -52.6779 2.11
    endloop
  endfacet
  facet normal 0.890999 -0.454006 0
    outer loop
      vertex 77.392 -52.6779 0
      vertex 76.9517 -53.542 2.11
      vertex 76.9517 -53.542 0
    endloop
  endfacet
  facet normal 0.156402 0.987693 -0
    outer loop
      vertex 79.9 -57.6 0
      vertex 78.942 -57.4483 2.11
      vertex 79.9 -57.6 2.11
    endloop
  endfacet
  facet normal 0.156402 0.987693 0
    outer loop
      vertex 78.942 -57.4483 2.11
      vertex 79.9 -57.6 0
      vertex 78.942 -57.4483 0
    endloop
  endfacet
  facet normal -0.156402 -0.987693 0
    outer loop
      vertex 79.9 -51.4 0
      vertex 80.858 -51.5517 2.11
      vertex 79.9 -51.4 2.11
    endloop
  endfacet
  facet normal -0.156402 -0.987693 -0
    outer loop
      vertex 80.858 -51.5517 2.11
      vertex 79.9 -51.4 0
      vertex 80.858 -51.5517 0
    endloop
  endfacet
  facet normal 0.454088 0.890957 -0
    outer loop
      vertex 78.942 -57.4483 0
      vertex 78.0779 -57.0079 2.11
      vertex 78.942 -57.4483 2.11
    endloop
  endfacet
  facet normal 0.454088 0.890957 0
    outer loop
      vertex 78.0779 -57.0079 2.11
      vertex 78.942 -57.4483 0
      vertex 78.0779 -57.0079 0
    endloop
  endfacet
  facet normal -0.454088 0.890957 0
    outer loop
      vertex 81.7221 -57.0079 0
      vertex 80.858 -57.4483 2.11
      vertex 81.7221 -57.0079 2.11
    endloop
  endfacet
  facet normal -0.454088 0.890957 0
    outer loop
      vertex 80.858 -57.4483 2.11
      vertex 81.7221 -57.0079 0
      vertex 80.858 -57.4483 0
    endloop
  endfacet
  facet normal 0.890999 0.454006 0
    outer loop
      vertex 77.392 -56.3221 2.11
      vertex 76.9517 -55.458 0
      vertex 76.9517 -55.458 2.11
    endloop
  endfacet
  facet normal 0.890999 0.454006 0
    outer loop
      vertex 76.9517 -55.458 0
      vertex 77.392 -56.3221 2.11
      vertex 77.392 -56.3221 0
    endloop
  endfacet
  facet normal 0.987693 0.156402 0
    outer loop
      vertex 76.9517 -55.458 2.11
      vertex 76.8 -54.5 0
      vertex 76.8 -54.5 2.11
    endloop
  endfacet
  facet normal 0.987693 0.156402 0
    outer loop
      vertex 76.8 -54.5 0
      vertex 76.9517 -55.458 2.11
      vertex 76.9517 -55.458 0
    endloop
  endfacet
  facet normal -0.454006 -0.890999 0
    outer loop
      vertex 80.858 -51.5517 0
      vertex 81.7221 -51.992 2.11
      vertex 80.858 -51.5517 2.11
    endloop
  endfacet
  facet normal -0.454006 -0.890999 -0
    outer loop
      vertex 81.7221 -51.992 2.11
      vertex 80.858 -51.5517 0
      vertex 81.7221 -51.992 0
    endloop
  endfacet
  facet normal -0.156402 0.987693 0
    outer loop
      vertex 80.858 -57.4483 0
      vertex 79.9 -57.6 2.11
      vertex 80.858 -57.4483 2.11
    endloop
  endfacet
  facet normal -0.156402 0.987693 0
    outer loop
      vertex 79.9 -57.6 2.11
      vertex 80.858 -57.4483 0
      vertex 79.9 -57.6 0
    endloop
  endfacet
  facet normal -0.707107 -0.707107 0
    outer loop
      vertex 82.408 -52.6779 0
      vertex 81.7221 -51.992 2.11
      vertex 81.7221 -51.992 0
    endloop
  endfacet
  facet normal -0.707107 -0.707107 0
    outer loop
      vertex 81.7221 -51.992 2.11
      vertex 82.408 -52.6779 0
      vertex 82.408 -52.6779 2.11
    endloop
  endfacet
  facet normal 0 0 -1
    outer loop
      vertex 82.8483 -55.458 2.11
      vertex 82.8483 -53.542 2.11
      vertex 83 -54.5 2.11
    endloop
  endfacet
  facet normal 0 0 -1
    outer loop
      vertex 82.408 -56.3221 2.11
      vertex 82.8483 -53.542 2.11
      vertex 82.8483 -55.458 2.11
    endloop
  endfacet
  facet normal 0 0 -1
    outer loop
      vertex 82.408 -56.3221 2.11
      vertex 82.408 -52.6779 2.11
      vertex 82.8483 -53.542 2.11
    endloop
  endfacet
  facet normal 0 0 -1
    outer loop
      vertex 81.7221 -57.0079 2.11
      vertex 82.408 -52.6779 2.11
      vertex 82.408 -56.3221 2.11
    endloop
  endfacet
  facet normal 0 0 -1
    outer loop
      vertex 81.7221 -57.0079 2.11
      vertex 81.7221 -51.992 2.11
      vertex 82.408 -52.6779 2.11
    endloop
  endfacet
  facet normal 0 0 -1
    outer loop
      vertex 80.858 -57.4483 2.11
      vertex 81.7221 -51.992 2.11
      vertex 81.7221 -57.0079 2.11
    endloop
  endfacet
  facet normal 0 0 -1
    outer loop
      vertex 80.858 -57.4483 2.11
      vertex 80.858 -51.5517 2.11
      vertex 81.7221 -51.992 2.11
    endloop
  endfacet
  facet normal 0 0 -1
    outer loop
      vertex 79.9 -57.6 2.11
      vertex 80.858 -51.5517 2.11
      vertex 80.858 -57.4483 2.11
    endloop
  endfacet
  facet normal 0 0 -1
    outer loop
      vertex 79.9 -57.6 2.11
      vertex 79.9 -51.4 2.11
      vertex 80.858 -51.5517 2.11
    endloop
  endfacet
  facet normal 0 0 -1
    outer loop
      vertex 78.942 -57.4483 2.11
      vertex 79.9 -51.4 2.11
      vertex 79.9 -57.6 2.11
    endloop
  endfacet
  facet normal 0 0 -1
    outer loop
      vertex 78.942 -57.4483 2.11
      vertex 78.942 -51.5517 2.11
      vertex 79.9 -51.4 2.11
    endloop
  endfacet
  facet normal 0 0 -1
    outer loop
      vertex 78.0779 -57.0079 2.11
      vertex 78.942 -51.5517 2.11
      vertex 78.942 -57.4483 2.11
    endloop
  endfacet
  facet normal 0 0 -1
    outer loop
      vertex 78.0779 -57.0079 2.11
      vertex 78.0779 -51.992 2.11
      vertex 78.942 -51.5517 2.11
    endloop
  endfacet
  facet normal 0 0 -1
    outer loop
      vertex 77.392 -56.3221 2.11
      vertex 78.0779 -51.992 2.11
      vertex 78.0779 -57.0079 2.11
    endloop
  endfacet
  facet normal 0 0 -1
    outer loop
      vertex 77.392 -56.3221 2.11
      vertex 77.392 -52.6779 2.11
      vertex 78.0779 -51.992 2.11
    endloop
  endfacet
  facet normal 0 0 -1
    outer loop
      vertex 76.9517 -55.458 2.11
      vertex 77.392 -52.6779 2.11
      vertex 77.392 -56.3221 2.11
    endloop
  endfacet
  facet normal 0 0 -1
    outer loop
      vertex 76.9517 -55.458 2.11
      vertex 76.9517 -53.542 2.11
      vertex 77.392 -52.6779 2.11
    endloop
  endfacet
  facet normal 0 -0 -1
    outer loop
      vertex 76.9517 -53.542 2.11
      vertex 76.9517 -55.458 2.11
      vertex 76.8 -54.5 2.11
    endloop
  endfacet
  facet normal 0.987693 0.156402 0
    outer loop
      vertex 76.9517 53.542 2.11
      vertex 76.8 54.5 0
      vertex 76.8 54.5 2.11
    endloop
  endfacet
  facet normal 0.987693 0.156402 0
    outer loop
      vertex 76.8 54.5 0
      vertex 76.9517 53.542 2.11
      vertex 76.9517 53.542 0
    endloop
  endfacet
  facet normal -0.987693 -0.156402 0
    outer loop
      vertex 83 54.5 0
      vertex 82.8483 55.458 2.11
      vertex 82.8483 55.458 0
    endloop
  endfacet
  facet normal -0.987693 -0.156402 0
    outer loop
      vertex 82.8483 55.458 2.11
      vertex 83 54.5 0
      vertex 83 54.5 2.11
    endloop
  endfacet
  facet normal 0.707107 0.707107 -0
    outer loop
      vertex 78.0779 51.992 0
      vertex 77.392 52.6779 2.11
      vertex 78.0779 51.992 2.11
    endloop
  endfacet
  facet normal 0.707107 0.707107 0
    outer loop
      vertex 77.392 52.6779 2.11
      vertex 78.0779 51.992 0
      vertex 77.392 52.6779 0
    endloop
  endfacet
  facet normal -0.156402 -0.987693 0
    outer loop
      vertex 79.9 57.6 0
      vertex 80.858 57.4483 2.11
      vertex 79.9 57.6 2.11
    endloop
  endfacet
  facet normal -0.156402 -0.987693 -0
    outer loop
      vertex 80.858 57.4483 2.11
      vertex 79.9 57.6 0
      vertex 80.858 57.4483 0
    endloop
  endfacet
  facet normal -0.890999 -0.454006 0
    outer loop
      vertex 82.8483 55.458 0
      vertex 82.408 56.3221 2.11
      vertex 82.408 56.3221 0
    endloop
  endfacet
  facet normal -0.890999 -0.454006 0
    outer loop
      vertex 82.408 56.3221 2.11
      vertex 82.8483 55.458 0
      vertex 82.8483 55.458 2.11
    endloop
  endfacet
  facet normal -0.890999 0.454006 0
    outer loop
      vertex 82.408 52.6779 0
      vertex 82.8483 53.542 2.11
      vertex 82.8483 53.542 0
    endloop
  endfacet
  facet normal -0.890999 0.454006 0
    outer loop
      vertex 82.8483 53.542 2.11
      vertex 82.408 52.6779 0
      vertex 82.408 52.6779 2.11
    endloop
  endfacet
  facet normal 0.454006 0.890999 -0
    outer loop
      vertex 78.942 51.5517 0
      vertex 78.0779 51.992 2.11
      vertex 78.942 51.5517 2.11
    endloop
  endfacet
  facet normal 0.454006 0.890999 0
    outer loop
      vertex 78.0779 51.992 2.11
      vertex 78.942 51.5517 0
      vertex 78.0779 51.992 0
    endloop
  endfacet
  facet normal 0.156402 0.987693 -0
    outer loop
      vertex 79.9 51.4 0
      vertex 78.942 51.5517 2.11
      vertex 79.9 51.4 2.11
    endloop
  endfacet
  facet normal 0.156402 0.987693 0
    outer loop
      vertex 78.942 51.5517 2.11
      vertex 79.9 51.4 0
      vertex 78.942 51.5517 0
    endloop
  endfacet
  facet normal 0.890999 0.454006 0
    outer loop
      vertex 77.392 52.6779 2.11
      vertex 76.9517 53.542 0
      vertex 76.9517 53.542 2.11
    endloop
  endfacet
  facet normal 0.890999 0.454006 0
    outer loop
      vertex 76.9517 53.542 0
      vertex 77.392 52.6779 2.11
      vertex 77.392 52.6779 0
    endloop
  endfacet
  facet normal 0.707055 -0.707158 0
    outer loop
      vertex 77.392 56.3221 0
      vertex 78.0779 57.0079 2.11
      vertex 77.392 56.3221 2.11
    endloop
  endfacet
  facet normal 0.707055 -0.707158 0
    outer loop
      vertex 78.0779 57.0079 2.11
      vertex 77.392 56.3221 0
      vertex 78.0779 57.0079 0
    endloop
  endfacet
  facet normal 0.454088 -0.890957 0
    outer loop
      vertex 78.0779 57.0079 0
      vertex 78.942 57.4483 2.11
      vertex 78.0779 57.0079 2.11
    endloop
  endfacet
  facet normal 0.454088 -0.890957 0
    outer loop
      vertex 78.942 57.4483 2.11
      vertex 78.0779 57.0079 0
      vertex 78.942 57.4483 0
    endloop
  endfacet
  facet normal 0 0 -1
    outer loop
      vertex 82.8483 53.542 2.11
      vertex 82.8483 55.458 2.11
      vertex 83 54.5 2.11
    endloop
  endfacet
  facet normal 0 0 -1
    outer loop
      vertex 82.408 52.6779 2.11
      vertex 82.8483 55.458 2.11
      vertex 82.8483 53.542 2.11
    endloop
  endfacet
  facet normal 0 0 -1
    outer loop
      vertex 82.408 52.6779 2.11
      vertex 82.408 56.3221 2.11
      vertex 82.8483 55.458 2.11
    endloop
  endfacet
  facet normal 0 0 -1
    outer loop
      vertex 81.7221 51.992 2.11
      vertex 82.408 56.3221 2.11
      vertex 82.408 52.6779 2.11
    endloop
  endfacet
  facet normal 0 0 -1
    outer loop
      vertex 81.7221 51.992 2.11
      vertex 81.7221 57.0079 2.11
      vertex 82.408 56.3221 2.11
    endloop
  endfacet
  facet normal 0 0 -1
    outer loop
      vertex 80.858 51.5517 2.11
      vertex 81.7221 57.0079 2.11
      vertex 81.7221 51.992 2.11
    endloop
  endfacet
  facet normal 0 0 -1
    outer loop
      vertex 80.858 51.5517 2.11
      vertex 80.858 57.4483 2.11
      vertex 81.7221 57.0079 2.11
    endloop
  endfacet
  facet normal 0 0 -1
    outer loop
      vertex 79.9 51.4 2.11
      vertex 80.858 57.4483 2.11
      vertex 80.858 51.5517 2.11
    endloop
  endfacet
  facet normal 0 0 -1
    outer loop
      vertex 79.9 51.4 2.11
      vertex 79.9 57.6 2.11
      vertex 80.858 57.4483 2.11
    endloop
  endfacet
  facet normal 0 0 -1
    outer loop
      vertex 78.942 51.5517 2.11
      vertex 79.9 57.6 2.11
      vertex 79.9 51.4 2.11
    endloop
  endfacet
  facet normal 0 0 -1
    outer loop
      vertex 78.942 51.5517 2.11
      vertex 78.942 57.4483 2.11
      vertex 79.9 57.6 2.11
    endloop
  endfacet
  facet normal 0 0 -1
    outer loop
      vertex 78.0779 51.992 2.11
      vertex 78.942 57.4483 2.11
      vertex 78.942 51.5517 2.11
    endloop
  endfacet
  facet normal 0 0 -1
    outer loop
      vertex 78.0779 51.992 2.11
      vertex 78.0779 57.0079 2.11
      vertex 78.942 57.4483 2.11
    endloop
  endfacet
  facet normal 0 0 -1
    outer loop
      vertex 77.392 52.6779 2.11
      vertex 78.0779 57.0079 2.11
      vertex 78.0779 51.992 2.11
    endloop
  endfacet
  facet normal 0 0 -1
    outer loop
      vertex 77.392 52.6779 2.11
      vertex 77.392 56.3221 2.11
      vertex 78.0779 57.0079 2.11
    endloop
  endfacet
  facet normal 0 0 -1
    outer loop
      vertex 76.9517 53.542 2.11
      vertex 77.392 56.3221 2.11
      vertex 77.392 52.6779 2.11
    endloop
  endfacet
  facet normal 0 0 -1
    outer loop
      vertex 76.9517 53.542 2.11
      vertex 76.9517 55.458 2.11
      vertex 77.392 56.3221 2.11
    endloop
  endfacet
  facet normal 0 -0 -1
    outer loop
      vertex 76.9517 55.458 2.11
      vertex 76.9517 53.542 2.11
      vertex 76.8 54.5 2.11
    endloop
  endfacet
  facet normal -0.454088 -0.890957 0
    outer loop
      vertex 80.858 57.4483 0
      vertex 81.7221 57.0079 2.11
      vertex 80.858 57.4483 2.11
    endloop
  endfacet
  facet normal -0.454088 -0.890957 -0
    outer loop
      vertex 81.7221 57.0079 2.11
      vertex 80.858 57.4483 0
      vertex 81.7221 57.0079 0
    endloop
  endfacet
  facet normal 0.156402 -0.987693 0
    outer loop
      vertex 78.942 57.4483 0
      vertex 79.9 57.6 2.11
      vertex 78.942 57.4483 2.11
    endloop
  endfacet
  facet normal 0.156402 -0.987693 0
    outer loop
      vertex 79.9 57.6 2.11
      vertex 78.942 57.4483 0
      vertex 79.9 57.6 0
    endloop
  endfacet
  facet normal -0.707055 -0.707158 0
    outer loop
      vertex 82.408 56.3221 0
      vertex 81.7221 57.0079 2.11
      vertex 81.7221 57.0079 0
    endloop
  endfacet
  facet normal -0.707055 -0.707158 0
    outer loop
      vertex 81.7221 57.0079 2.11
      vertex 82.408 56.3221 0
      vertex 82.408 56.3221 2.11
    endloop
  endfacet
  facet normal -0.156402 0.987693 0
    outer loop
      vertex 80.858 51.5517 0
      vertex 79.9 51.4 2.11
      vertex 80.858 51.5517 2.11
    endloop
  endfacet
  facet normal -0.156402 0.987693 0
    outer loop
      vertex 79.9 51.4 2.11
      vertex 80.858 51.5517 0
      vertex 79.9 51.4 0
    endloop
  endfacet
  facet normal 0.987693 -0.156402 0
    outer loop
      vertex 76.8 54.5 2.11
      vertex 76.9517 55.458 0
      vertex 76.9517 55.458 2.11
    endloop
  endfacet
  facet normal 0.987693 -0.156402 0
    outer loop
      vertex 76.9517 55.458 0
      vertex 76.8 54.5 2.11
      vertex 76.8 54.5 0
    endloop
  endfacet
  facet normal 0.890999 -0.454006 0
    outer loop
      vertex 76.9517 55.458 2.11
      vertex 77.392 56.3221 0
      vertex 77.392 56.3221 2.11
    endloop
  endfacet
  facet normal 0.890999 -0.454006 0
    outer loop
      vertex 77.392 56.3221 0
      vertex 76.9517 55.458 2.11
      vertex 76.9517 55.458 0
    endloop
  endfacet
  facet normal -0.454006 0.890999 0
    outer loop
      vertex 81.7221 51.992 0
      vertex 80.858 51.5517 2.11
      vertex 81.7221 51.992 2.11
    endloop
  endfacet
  facet normal -0.454006 0.890999 0
    outer loop
      vertex 80.858 51.5517 2.11
      vertex 81.7221 51.992 0
      vertex 80.858 51.5517 0
    endloop
  endfacet
  facet normal -0.707107 0.707107 0
    outer loop
      vertex 81.7221 51.992 0
      vertex 82.408 52.6779 2.11
      vertex 82.408 52.6779 0
    endloop
  endfacet
  facet normal -0.707107 0.707107 0
    outer loop
      vertex 82.408 52.6779 2.11
      vertex 81.7221 51.992 0
      vertex 81.7221 51.992 2.11
    endloop
  endfacet
  facet normal -0.987693 0.156402 0
    outer loop
      vertex 82.8483 53.542 0
      vertex 83 54.5 2.11
      vertex 83 54.5 0
    endloop
  endfacet
  facet normal -0.987693 0.156402 0
    outer loop
      vertex 83 54.5 2.11
      vertex 82.8483 53.542 0
      vertex 82.8483 53.542 2.11
    endloop
  endfacet
  facet normal -0.891025 -0.453955 0
    outer loop
      vertex -81.5958 1.23607 0
      vertex -82.1639 2.35114 3.01
      vertex -82.1639 2.35114 0
    endloop
  endfacet
  facet normal -0.891025 -0.453955 0
    outer loop
      vertex -82.1639 2.35114 3.01
      vertex -81.5958 1.23607 0
      vertex -81.5958 1.23607 3.01
    endloop
  endfacet
  facet normal -0.987685 -0.156455 0
    outer loop
      vertex -81.4 0 0
      vertex -81.5958 1.23607 3.01
      vertex -81.5958 1.23607 0
    endloop
  endfacet
  facet normal -0.987685 -0.156455 0
    outer loop
      vertex -81.5958 1.23607 3.01
      vertex -81.4 0 0
      vertex -81.4 0 3.01
    endloop
  endfacet
  facet normal -0.706817 -0.707396 0
    outer loop
      vertex -83.0489 3.23607 0
      vertex -83 3.18721 3
      vertex -83.0489 3.23607 3
    endloop
  endfacet
  facet normal -0.707079 -0.707135 8.51678e-06
    outer loop
      vertex -82.1639 2.35114 0
      vertex -83 3.18721 3
      vertex -83.0489 3.23607 0
    endloop
  endfacet
  facet normal -0.707094 -0.707119 -0
    outer loop
      vertex -82.1639 2.35114 3.01
      vertex -83 3.18721 3
      vertex -82.1639 2.35114 0
    endloop
  endfacet
  facet normal -0.707094 -0.707119 0
    outer loop
      vertex -83 3.18721 3
      vertex -82.1639 2.35114 3.01
      vertex -83 3.18721 3.01
    endloop
  endfacet
  facet normal -0.156427 -0.987689 0
    outer loop
      vertex -85.4 4 0
      vertex -84.1639 3.80423 3
      vertex -85.4 4 3
    endloop
  endfacet
  facet normal -0.156427 -0.987689 -0
    outer loop
      vertex -84.1639 3.80423 3
      vertex -85.4 4 0
      vertex -84.1639 3.80423 0
    endloop
  endfacet
  facet normal -0.454015 -0.890994 0
    outer loop
      vertex -84.1639 3.80423 0
      vertex -83.0489 3.23607 3
      vertex -84.1639 3.80423 3
    endloop
  endfacet
  facet normal -0.454015 -0.890994 -0
    outer loop
      vertex -83.0489 3.23607 3
      vertex -84.1639 3.80423 0
      vertex -83.0489 3.23607 0
    endloop
  endfacet
  facet normal 0.454015 -0.890994 0
    outer loop
      vertex -87.7511 3.23607 0
      vertex -86.6361 3.80423 3
      vertex -87.7511 3.23607 3
    endloop
  endfacet
  facet normal 0.454015 -0.890994 0
    outer loop
      vertex -86.6361 3.80423 3
      vertex -87.7511 3.23607 0
      vertex -86.6361 3.80423 0
    endloop
  endfacet
  facet normal 0.156427 0.987689 -0
    outer loop
      vertex -85.4 -4 0
      vertex -86.6361 -3.80423 3
      vertex -85.4 -4 3
    endloop
  endfacet
  facet normal 0.156427 0.987689 0
    outer loop
      vertex -86.6361 -3.80423 3
      vertex -85.4 -4 0
      vertex -86.6361 -3.80423 0
    endloop
  endfacet
  facet normal -0.707094 0.707119 0
    outer loop
      vertex -82.1639 -2.35114 0
      vertex -83 -3.18721 3
      vertex -82.1639 -2.35114 3.01
    endloop
  endfacet
  facet normal -0.707079 0.707135 8.51678e-06
    outer loop
      vertex -83.0489 -3.23607 0
      vertex -83 -3.18721 3
      vertex -82.1639 -2.35114 0
    endloop
  endfacet
  facet normal -0.706817 0.707396 0
    outer loop
      vertex -83 -3.18721 3
      vertex -83.0489 -3.23607 0
      vertex -83.0489 -3.23607 3
    endloop
  endfacet
  facet normal -0.707094 0.707119 0
    outer loop
      vertex -82.1639 -2.35114 3.01
      vertex -83 -3.18721 3
      vertex -83 -3.18721 3.01
    endloop
  endfacet
  facet normal 0.89103 0.453944 0
    outer loop
      vertex -88.6361 -2.35114 3
      vertex -88.9 -1.83314 0
      vertex -88.9 -1.83314 3
    endloop
  endfacet
  facet normal 0.89103 0.453944 0
    outer loop
      vertex -88.9 -1.83314 0
      vertex -88.6361 -2.35114 3
      vertex -88.6361 -2.35114 0
    endloop
  endfacet
  facet normal 0.156427 -0.987689 0
    outer loop
      vertex -86.6361 3.80423 0
      vertex -85.4 4 3
      vertex -86.6361 3.80423 3
    endloop
  endfacet
  facet normal 0.156427 -0.987689 0
    outer loop
      vertex -85.4 4 3
      vertex -86.6361 3.80423 0
      vertex -85.4 4 0
    endloop
  endfacet
  facet normal -0.454015 0.890994 0
    outer loop
      vertex -83.0489 -3.23607 0
      vertex -84.1639 -3.80423 3
      vertex -83.0489 -3.23607 3
    endloop
  endfacet
  facet normal -0.454015 0.890994 0
    outer loop
      vertex -84.1639 -3.80423 3
      vertex -83.0489 -3.23607 0
      vertex -84.1639 -3.80423 0
    endloop
  endfacet
  facet normal -0.156427 0.987689 0
    outer loop
      vertex -84.1639 -3.80423 0
      vertex -85.4 -4 3
      vertex -84.1639 -3.80423 3
    endloop
  endfacet
  facet normal -0.156427 0.987689 0
    outer loop
      vertex -85.4 -4 3
      vertex -84.1639 -3.80423 0
      vertex -85.4 -4 0
    endloop
  endfacet
  facet normal 0.89103 -0.453944 0
    outer loop
      vertex -88.9 1.83314 3
      vertex -88.6361 2.35114 0
      vertex -88.6361 2.35114 3
    endloop
  endfacet
  facet normal 0.89103 -0.453944 0
    outer loop
      vertex -88.6361 2.35114 0
      vertex -88.9 1.83314 3
      vertex -88.9 1.83314 0
    endloop
  endfacet
  facet normal 0.707079 -0.707135 0
    outer loop
      vertex -88.6361 2.35114 3
      vertex -87.7511 3.23607 0
      vertex -87.7511 3.23607 3
    endloop
  endfacet
  facet normal 0.707079 -0.707135 0
    outer loop
      vertex -87.7511 3.23607 0
      vertex -88.6361 2.35114 3
      vertex -88.6361 2.35114 0
    endloop
  endfacet
  facet normal 0 0 -1
    outer loop
      vertex -81.5958 -1.23607 3.01
      vertex -81.5958 1.23607 3.01
      vertex -81.4 0 3.01
    endloop
  endfacet
  facet normal 0 0 -1
    outer loop
      vertex -82.1639 -2.35114 3.01
      vertex -81.5958 1.23607 3.01
      vertex -81.5958 -1.23607 3.01
    endloop
  endfacet
  facet normal 0 0 -1
    outer loop
      vertex -82.1639 -2.35114 3.01
      vertex -82.1639 2.35114 3.01
      vertex -81.5958 1.23607 3.01
    endloop
  endfacet
  facet normal 0 0 -1
    outer loop
      vertex -83 -3.18721 3.01
      vertex -82.1639 2.35114 3.01
      vertex -82.1639 -2.35114 3.01
    endloop
  endfacet
  facet normal -0 0 -1
    outer loop
      vertex -82.1639 2.35114 3.01
      vertex -83 -3.18721 3.01
      vertex -83 3.18721 3.01
    endloop
  endfacet
  facet normal -0.891025 0.453955 0
    outer loop
      vertex -82.1639 -2.35114 0
      vertex -81.5958 -1.23607 3.01
      vertex -81.5958 -1.23607 0
    endloop
  endfacet
  facet normal -0.891025 0.453955 0
    outer loop
      vertex -81.5958 -1.23607 3.01
      vertex -82.1639 -2.35114 0
      vertex -82.1639 -2.35114 3.01
    endloop
  endfacet
  facet normal -0.987685 0.156455 0
    outer loop
      vertex -81.5958 -1.23607 0
      vertex -81.4 0 3.01
      vertex -81.4 0 0
    endloop
  endfacet
  facet normal -0.987685 0.156455 0
    outer loop
      vertex -81.4 0 3.01
      vertex -81.5958 -1.23607 0
      vertex -81.5958 -1.23607 3.01
    endloop
  endfacet
  facet normal 0.707079 0.707135 0
    outer loop
      vertex -87.7511 -3.23607 3
      vertex -88.6361 -2.35114 0
      vertex -88.6361 -2.35114 3
    endloop
  endfacet
  facet normal 0.707079 0.707135 0
    outer loop
      vertex -88.6361 -2.35114 0
      vertex -87.7511 -3.23607 3
      vertex -87.7511 -3.23607 0
    endloop
  endfacet
  facet normal 0.454015 0.890994 -0
    outer loop
      vertex -86.6361 -3.80423 0
      vertex -87.7511 -3.23607 3
      vertex -86.6361 -3.80423 3
    endloop
  endfacet
  facet normal 0.454015 0.890994 0
    outer loop
      vertex -87.7511 -3.23607 3
      vertex -86.6361 -3.80423 0
      vertex -87.7511 -3.23607 0
    endloop
  endfacet
  facet normal -0.987689 -0.156427 0
    outer loop
      vertex 4 -60 0
      vertex 3.80423 -58.7639 3
      vertex 3.80423 -58.7639 0
    endloop
  endfacet
  facet normal -0.987689 -0.156427 0
    outer loop
      vertex 3.80423 -58.7639 3
      vertex 4 -60 0
      vertex 4 -60 3
    endloop
  endfacet
  facet normal 0.890994 -0.454015 0
    outer loop
      vertex -3.80423 -58.7639 3
      vertex -3.23607 -57.6489 0
      vertex -3.23607 -57.6489 3
    endloop
  endfacet
  facet normal 0.890994 -0.454015 0
    outer loop
      vertex -3.23607 -57.6489 0
      vertex -3.80423 -58.7639 3
      vertex -3.80423 -58.7639 0
    endloop
  endfacet
  facet normal -0.890994 -0.454015 0
    outer loop
      vertex 3.80423 -58.7639 0
      vertex 3.23607 -57.6489 3
      vertex 3.23607 -57.6489 0
    endloop
  endfacet
  facet normal -0.890994 -0.454015 0
    outer loop
      vertex 3.23607 -57.6489 3
      vertex 3.80423 -58.7639 0
      vertex 3.80423 -58.7639 3
    endloop
  endfacet
  facet normal -0.707135 0.707079 0
    outer loop
      vertex 3.23607 -62.3511 0
      vertex 2.35114 -63.2361 3
      vertex 3.23607 -62.3511 3
    endloop
  endfacet
  facet normal -0.707135 0.707079 0
    outer loop
      vertex 2.35114 -63.2361 3
      vertex 3.23607 -62.3511 0
      vertex 2.35114 -63.2361 0
    endloop
  endfacet
  facet normal -0.707135 -0.707079 0
    outer loop
      vertex 2.35114 -56.7639 0
      vertex 3.23607 -57.6489 3
      vertex 2.35114 -56.7639 3
    endloop
  endfacet
  facet normal -0.707135 -0.707079 -0
    outer loop
      vertex 3.23607 -57.6489 3
      vertex 2.35114 -56.7639 0
      vertex 3.23607 -57.6489 0
    endloop
  endfacet
  facet normal 0.987689 0.156427 0
    outer loop
      vertex -3.80423 -61.2361 3
      vertex -4 -60 0
      vertex -4 -60 3
    endloop
  endfacet
  facet normal 0.987689 0.156427 0
    outer loop
      vertex -4 -60 0
      vertex -3.80423 -61.2361 3
      vertex -3.80423 -61.2361 0
    endloop
  endfacet
  facet normal 0.707135 0.707079 -0
    outer loop
      vertex -2.35114 -63.2361 0
      vertex -3.23607 -62.3511 3
      vertex -2.35114 -63.2361 3
    endloop
  endfacet
  facet normal 0.707135 0.707079 0
    outer loop
      vertex -3.23607 -62.3511 3
      vertex -2.35114 -63.2361 0
      vertex -3.23607 -62.3511 0
    endloop
  endfacet
  facet normal 0.987689 -0.156427 0
    outer loop
      vertex -4 -60 3
      vertex -3.80423 -58.7639 0
      vertex -3.80423 -58.7639 3
    endloop
  endfacet
  facet normal 0.987689 -0.156427 0
    outer loop
      vertex -3.80423 -58.7639 0
      vertex -4 -60 3
      vertex -4 -60 0
    endloop
  endfacet
  facet normal 0.453944 0.89103 -0
    outer loop
      vertex -1.83314 -63.5 0
      vertex -2.35114 -63.2361 3
      vertex -1.83314 -63.5 3
    endloop
  endfacet
  facet normal 0.453944 0.89103 0
    outer loop
      vertex -2.35114 -63.2361 3
      vertex -1.83314 -63.5 0
      vertex -2.35114 -63.2361 0
    endloop
  endfacet
  facet normal -0.453955 -0.891025 0
    outer loop
      vertex 1.23607 -56.1958 0
      vertex 2.35114 -56.7639 3
      vertex 1.23607 -56.1958 3
    endloop
  endfacet
  facet normal -0.453955 -0.891025 -0
    outer loop
      vertex 2.35114 -56.7639 3
      vertex 1.23607 -56.1958 0
      vertex 2.35114 -56.7639 0
    endloop
  endfacet
  facet normal 0.453955 -0.891025 0
    outer loop
      vertex -2.35114 -56.7639 0
      vertex -1.23607 -56.1958 3
      vertex -2.35114 -56.7639 3
    endloop
  endfacet
  facet normal 0.453955 -0.891025 0
    outer loop
      vertex -1.23607 -56.1958 3
      vertex -2.35114 -56.7639 0
      vertex -1.23607 -56.1958 0
    endloop
  endfacet
  facet normal -0.453944 0.89103 0
    outer loop
      vertex 2.35114 -63.2361 0
      vertex 1.83314 -63.5 3
      vertex 2.35114 -63.2361 3
    endloop
  endfacet
  facet normal -0.453944 0.89103 0
    outer loop
      vertex 1.83314 -63.5 3
      vertex 2.35114 -63.2361 0
      vertex 1.83314 -63.5 0
    endloop
  endfacet
  facet normal 0.707135 -0.707079 0
    outer loop
      vertex -3.23607 -57.6489 0
      vertex -2.35114 -56.7639 3
      vertex -3.23607 -57.6489 3
    endloop
  endfacet
  facet normal 0.707135 -0.707079 0
    outer loop
      vertex -2.35114 -56.7639 3
      vertex -3.23607 -57.6489 0
      vertex -2.35114 -56.7639 0
    endloop
  endfacet
  facet normal 0.890994 0.454015 0
    outer loop
      vertex -3.23607 -62.3511 3
      vertex -3.80423 -61.2361 0
      vertex -3.80423 -61.2361 3
    endloop
  endfacet
  facet normal 0.890994 0.454015 0
    outer loop
      vertex -3.80423 -61.2361 0
      vertex -3.23607 -62.3511 3
      vertex -3.23607 -62.3511 0
    endloop
  endfacet
  facet normal 0.156455 -0.987685 0
    outer loop
      vertex -1.23607 -56.1958 0
      vertex 0 -56 3
      vertex -1.23607 -56.1958 3
    endloop
  endfacet
  facet normal 0.156455 -0.987685 0
    outer loop
      vertex 0 -56 3
      vertex -1.23607 -56.1958 0
      vertex 0 -56 0
    endloop
  endfacet
  facet normal -0.156455 -0.987685 0
    outer loop
      vertex 0 -56 0
      vertex 1.23607 -56.1958 3
      vertex 0 -56 3
    endloop
  endfacet
  facet normal -0.156455 -0.987685 -0
    outer loop
      vertex 1.23607 -56.1958 3
      vertex 0 -56 0
      vertex 1.23607 -56.1958 0
    endloop
  endfacet
  facet normal -0.890994 0.454015 0
    outer loop
      vertex 3.23607 -62.3511 0
      vertex 3.80423 -61.2361 3
      vertex 3.80423 -61.2361 0
    endloop
  endfacet
  facet normal -0.890994 0.454015 0
    outer loop
      vertex 3.80423 -61.2361 3
      vertex 3.23607 -62.3511 0
      vertex 3.23607 -62.3511 3
    endloop
  endfacet
  facet normal -0.987689 0.156427 0
    outer loop
      vertex 3.80423 -61.2361 0
      vertex 4 -60 3
      vertex 4 -60 0
    endloop
  endfacet
  facet normal -0.987689 0.156427 0
    outer loop
      vertex 4 -60 3
      vertex 3.80423 -61.2361 0
      vertex 3.80423 -61.2361 3
    endloop
  endfacet
endsolid OpenSCAD_Model
