solid OpenSCAD_Model
  facet normal 0 0 -1
    outer loop
      vertex 68.1281 -32.4543 3.2
      vertex 68.1893 -32.4587 3.2
      vertex 69.6778 -34.048 3.2
    endloop
  endfacet
  facet normal 0 0 -1
    outer loop
      vertex -1.51093 -42.9091 3.2
      vertex -1.42768 -42.9521 3.2
      vertex -1.34877 -43.0016 3.2
    endloop
  endfacet
  facet normal 0 0 -1
    outer loop
      vertex -1.6001 -42.8718 3.2
      vertex -1.51093 -42.9091 3.2
      vertex -1.2726 -43.0585 3.2
    endloop
  endfacet
  facet normal 0 0 -1
    outer loop
      vertex -1.51093 -42.9091 3.2
      vertex -1.34877 -43.0016 3.2
      vertex -1.2726 -43.0585 3.2
    endloop
  endfacet
  facet normal -0 -0 -1
    outer loop
      vertex 68.6874 -32.5317 3.2
      vertex 69.6224 -33.5342 3.2
      vertex 68.6273 -32.5193 3.2
    endloop
  endfacet
  facet normal -0 -0 -1
    outer loop
      vertex 68.8573 -32.5735 3.2
      vertex 69.6224 -33.5342 3.2
      vertex 68.8027 -32.5589 3.2
    endloop
  endfacet
  facet normal 0 0 -1
    outer loop
      vertex -1.19758 -43.1234 3.2
      vertex -1.6001 -42.8718 3.2
      vertex -1.2726 -43.0585 3.2
    endloop
  endfacet
  facet normal 0 0 -1
    outer loop
      vertex 69.5881 -33.3389 3.2
      vertex 68.8573 -32.5735 3.2
      vertex 68.9093 -32.5888 3.2
    endloop
  endfacet
  facet normal 0 0 -1
    outer loop
      vertex -1.19758 -43.1234 3.2
      vertex -1.69681 -42.8396 3.2
      vertex -1.6001 -42.8718 3.2
    endloop
  endfacet
  facet normal -0 -0 -1
    outer loop
      vertex -1.19758 -43.1234 3.2
      vertex -1.12211 -43.1971 3.2
      vertex -1.69681 -42.8396 3.2
    endloop
  endfacet
  facet normal -0 -0 -1
    outer loop
      vertex -1.69681 -42.8396 3.2
      vertex -1.12211 -43.1971 3.2
      vertex -1.80266 -42.8117 3.2
    endloop
  endfacet
  facet normal 0 0 -1
    outer loop
      vertex -1.80266 -42.8117 3.2
      vertex -1.12211 -43.1971 3.2
      vertex -1.04459 -43.2803 3.2
    endloop
  endfacet
  facet normal 0 0 -1
    outer loop
      vertex -1.91922 -42.7872 3.2
      vertex -1.80266 -42.8117 3.2
      vertex -1.04459 -43.2803 3.2
    endloop
  endfacet
  facet normal 0 0 -1
    outer loop
      vertex -0.963432 -43.3739 3.2
      vertex -1.91922 -42.7872 3.2
      vertex -1.04459 -43.2803 3.2
    endloop
  endfacet
  facet normal 0 0 -1
    outer loop
      vertex -0.963432 -43.3739 3.2
      vertex -2.0481 -42.7655 3.2
      vertex -1.91922 -42.7872 3.2
    endloop
  endfacet
  facet normal -0 -0 -1
    outer loop
      vertex -0.963432 -43.3739 3.2
      vertex -0.877031 -43.4785 3.2
      vertex -2.0481 -42.7655 3.2
    endloop
  endfacet
  facet normal -0 -0 -1
    outer loop
      vertex -2.0481 -42.7655 3.2
      vertex -0.877031 -43.4785 3.2
      vertex -2.1909 -42.7459 3.2
    endloop
  endfacet
  facet normal 0 0 -1
    outer loop
      vertex -2.1909 -42.7459 3.2
      vertex -0.877031 -43.4785 3.2
      vertex -0.783804 -43.595 3.2
    endloop
  endfacet
  facet normal 0 0 -1
    outer loop
      vertex -2.34921 -42.7274 3.2
      vertex -2.1909 -42.7459 3.2
      vertex -0.783804 -43.595 3.2
    endloop
  endfacet
  facet normal 0 0 -1
    outer loop
      vertex -0.682138 -43.724 3.2
      vertex -2.34921 -42.7274 3.2
      vertex -0.783804 -43.595 3.2
    endloop
  endfacet
  facet normal 0 0 -1
    outer loop
      vertex -0.682138 -43.724 3.2
      vertex -2.52462 -42.7095 3.2
      vertex -2.34921 -42.7274 3.2
    endloop
  endfacet
  facet normal 0 0 -1
    outer loop
      vertex -0.682138 -43.724 3.2
      vertex -2.71874 -42.6912 3.2
      vertex -2.52462 -42.7095 3.2
    endloop
  endfacet
  facet normal 0 0 -1
    outer loop
      vertex -0.682138 -43.724 3.2
      vertex -2.93316 -42.672 3.2
      vertex -2.71874 -42.6912 3.2
    endloop
  endfacet
  facet normal -0 -0 -1
    outer loop
      vertex -0.682138 -43.724 3.2
      vertex -0.122789 -44.45 3.2
      vertex -2.93316 -42.672 3.2
    endloop
  endfacet
  facet normal -0 -0 -1
    outer loop
      vertex -2.93316 -42.672 3.2
      vertex -0.122789 -44.45 3.2
      vertex -3.03791 -42.6617 3.2
    endloop
  endfacet
  facet normal -0 -0 -1
    outer loop
      vertex -3.03791 -42.6617 3.2
      vertex -0.122789 -44.45 3.2
      vertex -3.15113 -42.6486 3.2
    endloop
  endfacet
  facet normal -0 -0 -1
    outer loop
      vertex -3.15113 -42.6486 3.2
      vertex -0.122789 -44.45 3.2
      vertex -3.27206 -42.6329 3.2
    endloop
  endfacet
  facet normal -0 -0 -1
    outer loop
      vertex -3.27206 -42.6329 3.2
      vertex -0.122789 -44.45 3.2
      vertex -3.39996 -42.6147 3.2
    endloop
  endfacet
  facet normal -0 -0 -1
    outer loop
      vertex -3.39996 -42.6147 3.2
      vertex -0.122789 -44.45 3.2
      vertex -3.53408 -42.5942 3.2
    endloop
  endfacet
  facet normal -0 -0 -1
    outer loop
      vertex -3.53408 -42.5942 3.2
      vertex -0.122789 -44.45 3.2
      vertex -3.67367 -42.5715 3.2
    endloop
  endfacet
  facet normal -0 -0 -1
    outer loop
      vertex -3.67367 -42.5715 3.2
      vertex -0.122789 -44.45 3.2
      vertex -3.81798 -42.5466 3.2
    endloop
  endfacet
  facet normal -0 -0 -1
    outer loop
      vertex -3.81798 -42.5466 3.2
      vertex -0.122789 -44.45 3.2
      vertex -3.96628 -42.5198 3.2
    endloop
  endfacet
  facet normal -0 -0 -1
    outer loop
      vertex -3.96628 -42.5198 3.2
      vertex -0.122789 -44.45 3.2
      vertex -4.11782 -42.4912 3.2
    endloop
  endfacet
  facet normal -0 -0 -1
    outer loop
      vertex -4.11782 -42.4912 3.2
      vertex -0.122789 -44.45 3.2
      vertex -4.27184 -42.4609 3.2
    endloop
  endfacet
  facet normal -0 -0 -1
    outer loop
      vertex -4.27184 -42.4609 3.2
      vertex -0.122789 -44.45 3.2
      vertex -4.4276 -42.429 3.2
    endloop
  endfacet
  facet normal -0 -0 -1
    outer loop
      vertex -4.4276 -42.429 3.2
      vertex -0.122789 -44.45 3.2
      vertex -4.58435 -42.3957 3.2
    endloop
  endfacet
  facet normal -0 -0 -1
    outer loop
      vertex -4.58435 -42.3957 3.2
      vertex -0.122789 -44.45 3.2
      vertex -4.74134 -42.3611 3.2
    endloop
  endfacet
  facet normal -0 -0 -1
    outer loop
      vertex -4.74134 -42.3611 3.2
      vertex -0.122789 -44.45 3.2
      vertex -4.89784 -42.3254 3.2
    endloop
  endfacet
  facet normal -0 -0 -1
    outer loop
      vertex -4.89784 -42.3254 3.2
      vertex -0.122789 -44.45 3.2
      vertex -5.05309 -42.2886 3.2
    endloop
  endfacet
  facet normal -0 -0 -1
    outer loop
      vertex -5.05309 -42.2886 3.2
      vertex -0.122789 -44.45 3.2
      vertex -5.20634 -42.251 3.2
    endloop
  endfacet
  facet normal -0 -0 -1
    outer loop
      vertex -5.20634 -42.251 3.2
      vertex -0.122789 -44.45 3.2
      vertex -5.35685 -42.2126 3.2
    endloop
  endfacet
  facet normal -0 -0 -1
    outer loop
      vertex -5.35685 -42.2126 3.2
      vertex -0.122789 -44.45 3.2
      vertex -5.50387 -42.1735 3.2
    endloop
  endfacet
  facet normal 0 0 -1
    outer loop
      vertex -5.50387 -42.1735 3.2
      vertex -8.02059 -41.6256 3.2
      vertex -5.64666 -42.134 3.2
    endloop
  endfacet
  facet normal -0 -0 -1
    outer loop
      vertex -6.05138 -42.0201 3.2
      vertex -5.91779 -42.0567 3.2
      vertex -8.02059 -41.6256 3.2
    endloop
  endfacet
  facet normal 0 0 -1
    outer loop
      vertex -8.02059 -41.6256 3.2
      vertex -6.82676 -41.8237 3.2
      vertex -6.70345 -41.853 3.2
    endloop
  endfacet
  facet normal 0 0 -1
    outer loop
      vertex -7.06175 -41.77 3.2
      vertex -7.94274 -41.6325 3.2
      vertex -7.17231 -41.746 3.2
    endloop
  endfacet
  facet normal -0 -0 -1
    outer loop
      vertex -7.46952 -41.6864 3.2
      vertex -7.37676 -41.7041 3.2
      vertex -7.94274 -41.6325 3.2
    endloop
  endfacet
  facet normal 0 0 -1
    outer loop
      vertex -7.85813 -41.6348 3.2
      vertex -7.70319 -41.6483 3.2
      vertex -7.6333 -41.6584 3.2
    endloop
  endfacet
  facet normal -0 -0 -1
    outer loop
      vertex -7.81617 -41.6364 3.2
      vertex -7.76434 -41.6409 3.2
      vertex -7.85813 -41.6348 3.2
    endloop
  endfacet
  facet normal 0 0 -1
    outer loop
      vertex -7.85813 -41.6348 3.2
      vertex -7.76434 -41.6409 3.2
      vertex -7.70319 -41.6483 3.2
    endloop
  endfacet
  facet normal 0 0 -1
    outer loop
      vertex -7.94274 -41.6325 3.2
      vertex -7.85813 -41.6348 3.2
      vertex -7.6333 -41.6584 3.2
    endloop
  endfacet
  facet normal 0 0 -1
    outer loop
      vertex -7.55522 -41.6712 3.2
      vertex -7.94274 -41.6325 3.2
      vertex -7.6333 -41.6584 3.2
    endloop
  endfacet
  facet normal -0 -0 -1
    outer loop
      vertex -7.55522 -41.6712 3.2
      vertex -7.46952 -41.6864 3.2
      vertex -7.94274 -41.6325 3.2
    endloop
  endfacet
  facet normal 0 0 -1
    outer loop
      vertex -7.94274 -41.6325 3.2
      vertex -7.37676 -41.7041 3.2
      vertex -7.2775 -41.724 3.2
    endloop
  endfacet
  facet normal 0 0 -1
    outer loop
      vertex -7.17231 -41.746 3.2
      vertex -7.94274 -41.6325 3.2
      vertex -7.2775 -41.724 3.2
    endloop
  endfacet
  facet normal 0 0 -1
    outer loop
      vertex -7.06175 -41.77 3.2
      vertex -8.02059 -41.6256 3.2
      vertex -7.94274 -41.6325 3.2
    endloop
  endfacet
  facet normal -0 -0 -1
    outer loop
      vertex -7.06175 -41.77 3.2
      vertex -6.94637 -41.796 3.2
      vertex -8.02059 -41.6256 3.2
    endloop
  endfacet
  facet normal 0 0 -1
    outer loop
      vertex -8.02059 -41.6256 3.2
      vertex -6.94637 -41.796 3.2
      vertex -6.82676 -41.8237 3.2
    endloop
  endfacet
  facet normal 0 0 -1
    outer loop
      vertex -6.57703 -41.8839 3.2
      vertex -8.02059 -41.6256 3.2
      vertex -6.70345 -41.853 3.2
    endloop
  endfacet
  facet normal -0 -0 -1
    outer loop
      vertex -6.57703 -41.8839 3.2
      vertex -6.44804 -41.9161 3.2
      vertex -8.02059 -41.6256 3.2
    endloop
  endfacet
  facet normal 0 0 -1
    outer loop
      vertex -8.02059 -41.6256 3.2
      vertex -6.44804 -41.9161 3.2
      vertex -6.31707 -41.9497 3.2
    endloop
  endfacet
  facet normal 0 0 -1
    outer loop
      vertex -6.18466 -41.9844 3.2
      vertex -8.02059 -41.6256 3.2
      vertex -6.31707 -41.9497 3.2
    endloop
  endfacet
  facet normal -0 -0 -1
    outer loop
      vertex -6.18466 -41.9844 3.2
      vertex -6.05138 -42.0201 3.2
      vertex -8.02059 -41.6256 3.2
    endloop
  endfacet
  facet normal 0 0 -1
    outer loop
      vertex -8.02059 -41.6256 3.2
      vertex -5.91779 -42.0567 3.2
      vertex -5.78446 -42.0942 3.2
    endloop
  endfacet
  facet normal 0 0 -1
    outer loop
      vertex -5.64666 -42.134 3.2
      vertex -8.02059 -41.6256 3.2
      vertex -5.78446 -42.0942 3.2
    endloop
  endfacet
  facet normal -0 -0 -1
    outer loop
      vertex -5.50387 -42.1735 3.2
      vertex -0.122789 -44.45 3.2
      vertex -8.02059 -41.6256 3.2
    endloop
  endfacet
  facet normal -0 -0 -1
    outer loop
      vertex -8.02059 -41.6256 3.2
      vertex -0.122789 -44.45 3.2
      vertex -8.09163 -41.6141 3.2
    endloop
  endfacet
  facet normal -0 -0 -1
    outer loop
      vertex -8.09163 -41.6141 3.2
      vertex -0.122789 -44.45 3.2
      vertex -8.15587 -41.5982 3.2
    endloop
  endfacet
  facet normal 0 -0 -1
    outer loop
      vertex -40.6 -32.9608 3.2
      vertex -26.3802 -31.7794 3.2
      vertex -40.8329 -33.1298 3.2
    endloop
  endfacet
  facet normal -0 0 -1
    outer loop
      vertex -26.3802 -31.7794 3.2
      vertex -40.3563 -32.7815 3.2
      vertex -26.4905 -31.7206 3.2
    endloop
  endfacet
  facet normal 0 -0 -1
    outer loop
      vertex -36.6071 -29.6231 3.2
      vertex -36.152 -29.4601 3.2
      vertex -36.6521 -29.648 3.2
    endloop
  endfacet
  facet normal -0 -0 -1
    outer loop
      vertex -22.0537 -32.6348 3.2
      vertex -8.3741 -41.4539 3.2
      vertex -22.2413 -32.6085 3.2
    endloop
  endfacet
  facet normal -0 -0 -1
    outer loop
      vertex -8.41297 -41.3673 3.2
      vertex -8.39702 -41.4126 3.2
      vertex -19.5538 -32.8005 3.2
    endloop
  endfacet
  facet normal -0 -0 -1
    outer loop
      vertex -16.187 -32.8855 3.2
      vertex -13.9914 -33.3946 3.2
      vertex -16.4613 -32.8759 3.2
    endloop
  endfacet
  facet normal 0 0 -1
    outer loop
      vertex -8.42393 -41.2649 3.2
      vertex -13.0636 -33.7536 3.2
      vertex -12.9496 -33.7942 3.2
    endloop
  endfacet
  facet normal 0 0 -1
    outer loop
      vertex -12.0379 -34.0953 3.2
      vertex -11.8039 -34.1727 3.2
      vertex -8.40682 -41.1473 3.2
    endloop
  endfacet
  facet normal -0 0 -1
    outer loop
      vertex -8.32815 -40.9436 3.2
      vertex -8.36146 -41.015 3.2
      vertex -10.5511 -34.6549 3.2
    endloop
  endfacet
  facet normal 0 0 -1
    outer loop
      vertex -8.86704 -35.767 3.2
      vertex -8.83591 -35.794 3.2
      vertex -8.24012 -40.7903 3.2
    endloop
  endfacet
  facet normal 0 0 -1
    outer loop
      vertex -7.87141 -40.1789 3.2
      vertex -8.74292 -35.8678 3.2
      vertex -7.84075 -40.1231 3.2
    endloop
  endfacet
  facet normal -0 0 -1
    outer loop
      vertex -7.751 -39.9568 3.2
      vertex -7.78042 -40.0118 3.2
      vertex -8.68259 -35.91 3.2
    endloop
  endfacet
  facet normal 0 0 -1
    outer loop
      vertex -8.65333 -35.9286 3.2
      vertex -7.64118 -39.7476 3.2
      vertex -7.66714 -39.7976 3.2
    endloop
  endfacet
  facet normal 0 0 -1
    outer loop
      vertex -8.59727 -35.9605 3.2
      vertex -7.58154 -39.6421 3.2
      vertex -7.61258 -39.6957 3.2
    endloop
  endfacet
  facet normal 0 0 -1
    outer loop
      vertex -8.52135 -35.993 3.2
      vertex -7.39734 -39.3581 3.2
      vertex -7.43733 -39.4161 3.2
    endloop
  endfacet
  facet normal 0 0 -1
    outer loop
      vertex -7.22806 -39.1276 3.2
      vertex -7.65775 -36.4104 3.2
      vertex -7.52699 -36.4991 3.2
    endloop
  endfacet
  facet normal 0 0 -1
    outer loop
      vertex -8.13895 -36.121 3.2
      vertex -8.49875 -35.9993 3.2
      vertex -8.47772 -36.0032 3.2
    endloop
  endfacet
  facet normal -0 0 -1
    outer loop
      vertex -8.21692 -40.7574 3.2
      vertex -8.24012 -40.7903 3.2
      vertex -8.1924 -40.7213 3.2
    endloop
  endfacet
  facet normal -0 0 -1
    outer loop
      vertex -8.1924 -40.7213 3.2
      vertex -8.24012 -40.7903 3.2
      vertex -8.1667 -40.6821 3.2
    endloop
  endfacet
  facet normal -0 0 -1
    outer loop
      vertex -8.1667 -40.6821 3.2
      vertex -8.24012 -40.7903 3.2
      vertex -8.13993 -40.6401 3.2
    endloop
  endfacet
  facet normal -0 0 -1
    outer loop
      vertex -7.87141 -40.1789 3.2
      vertex -7.90222 -40.2345 3.2
      vertex -8.74292 -35.8678 3.2
    endloop
  endfacet
  facet normal -0 0 -1
    outer loop
      vertex -7.66714 -39.7976 3.2
      vertex -7.69423 -39.8494 3.2
      vertex -8.65333 -35.9286 3.2
    endloop
  endfacet
  facet normal 0 0 -1
    outer loop
      vertex -7.64118 -39.7476 3.2
      vertex -8.62485 -35.9455 3.2
      vertex -7.61258 -39.6957 3.2
    endloop
  endfacet
  facet normal 0 0 -1
    outer loop
      vertex -8.59727 -35.9605 3.2
      vertex -8.57074 -35.9735 3.2
      vertex -7.58154 -39.6421 3.2
    endloop
  endfacet
  facet normal 0 0 -1
    outer loop
      vertex -8.57074 -35.9735 3.2
      vertex -8.54539 -35.9843 3.2
      vertex -7.54828 -39.5871 3.2
    endloop
  endfacet
  facet normal 0 0 -1
    outer loop
      vertex -8.54539 -35.9843 3.2
      vertex -7.47596 -39.4738 3.2
      vertex -7.51302 -39.5309 3.2
    endloop
  endfacet
  facet normal 0 0 -1
    outer loop
      vertex -8.52135 -35.993 3.2
      vertex -7.43733 -39.4161 3.2
      vertex -7.47596 -39.4738 3.2
    endloop
  endfacet
  facet normal -0 -0 -1
    outer loop
      vertex -8.49875 -35.9993 3.2
      vertex -7.39734 -39.3581 3.2
      vertex -8.52135 -35.993 3.2
    endloop
  endfacet
  facet normal 0 0 -1
    outer loop
      vertex -8.49875 -35.9993 3.2
      vertex -7.3562 -39.2999 3.2
      vertex -7.39734 -39.3581 3.2
    endloop
  endfacet
  facet normal -0 -0 -1
    outer loop
      vertex -8.3268 -36.0355 3.2
      vertex -8.23891 -36.0722 3.2
      vertex -8.47772 -36.0032 3.2
    endloop
  endfacet
  facet normal -0 -0 -1
    outer loop
      vertex -8.45841 -36.0045 3.2
      vertex -8.3268 -36.0355 3.2
      vertex -8.47772 -36.0032 3.2
    endloop
  endfacet
  facet normal 0 0 -1
    outer loop
      vertex -8.13895 -36.121 3.2
      vertex -8.47772 -36.0032 3.2
      vertex -8.23891 -36.0722 3.2
    endloop
  endfacet
  facet normal 0 0 -1
    outer loop
      vertex -8.49875 -35.9993 3.2
      vertex -8.02888 -36.1807 3.2
      vertex -7.3562 -39.2999 3.2
    endloop
  endfacet
  facet normal 0 0 -1
    outer loop
      vertex -7.3562 -39.2999 3.2
      vertex -8.02888 -36.1807 3.2
      vertex -7.91067 -36.2497 3.2
    endloop
  endfacet
  facet normal -0 0 -1
    outer loop
      vertex -7.31413 -39.2419 3.2
      vertex -7.3562 -39.2999 3.2
      vertex -7.91067 -36.2497 3.2
    endloop
  endfacet
  facet normal -0 0 -1
    outer loop
      vertex -7.27135 -39.1844 3.2
      vertex -7.31413 -39.2419 3.2
      vertex -7.7863 -36.3268 3.2
    endloop
  endfacet
  facet normal -0 0 -1
    outer loop
      vertex -7.22806 -39.1276 3.2
      vertex -7.27135 -39.1844 3.2
      vertex -7.65775 -36.4104 3.2
    endloop
  endfacet
  facet normal -0 0 -1
    outer loop
      vertex -7.18449 -39.0718 3.2
      vertex -7.22806 -39.1276 3.2
      vertex -7.52699 -36.4991 3.2
    endloop
  endfacet
  facet normal 0 0 -1
    outer loop
      vertex -7.14085 -39.0172 3.2
      vertex -7.39599 -36.5916 3.2
      vertex -7.09735 -38.9641 3.2
    endloop
  endfacet
  facet normal 0 0 -1
    outer loop
      vertex -7.09735 -38.9641 3.2
      vertex -7.39599 -36.5916 3.2
      vertex -7.26673 -36.6864 3.2
    endloop
  endfacet
  facet normal 0 0 -1
    outer loop
      vertex -7.0542 -38.9128 3.2
      vertex -7.26673 -36.6864 3.2
      vertex -7.01163 -38.8636 3.2
    endloop
  endfacet
  facet normal 0 0 -1
    outer loop
      vertex -7.01163 -38.8636 3.2
      vertex -7.14119 -36.7822 3.2
      vertex -6.96985 -38.8166 3.2
    endloop
  endfacet
  facet normal 0 0 -1
    outer loop
      vertex -7.14119 -36.7822 3.2
      vertex -7.02133 -36.8775 3.2
      vertex -6.92907 -38.7723 3.2
    endloop
  endfacet
  facet normal 0 0 -1
    outer loop
      vertex -6.92907 -38.7723 3.2
      vertex -7.02133 -36.8775 3.2
      vertex -6.88951 -38.7308 3.2
    endloop
  endfacet
  facet normal 0 0 -1
    outer loop
      vertex -6.88951 -38.7308 3.2
      vertex -6.90914 -36.9708 3.2
      vertex -6.82258 -38.6626 3.2
    endloop
  endfacet
  facet normal 0 0 -1
    outer loop
      vertex -6.90914 -36.9708 3.2
      vertex -6.80659 -37.0609 3.2
      vertex -6.76094 -38.5958 3.2
    endloop
  endfacet
  facet normal 0 0 -1
    outer loop
      vertex -6.80659 -37.0609 3.2
      vertex -6.65333 -38.4656 3.2
      vertex -6.70454 -38.5302 3.2
    endloop
  endfacet
  facet normal 0 0 -1
    outer loop
      vertex -6.80659 -37.0609 3.2
      vertex -6.71565 -37.1462 3.2
      vertex -6.65333 -38.4656 3.2
    endloop
  endfacet
  facet normal 0 0 -1
    outer loop
      vertex -6.71565 -37.1462 3.2
      vertex -6.56634 -38.3386 3.2
      vertex -6.60728 -38.4018 3.2
    endloop
  endfacet
  facet normal -0 0 -1
    outer loop
      vertex -6.44201 -37.6296 3.2
      vertex -6.53049 -38.2758 3.2
      vertex -6.71565 -37.1462 3.2
    endloop
  endfacet
  facet normal 0 0 -1
    outer loop
      vertex -6.57651 -37.2971 3.2
      vertex -6.53226 -37.3598 3.2
      vertex -6.50752 -37.4121 3.2
    endloop
  endfacet
  facet normal 0 0 -1
    outer loop
      vertex -6.45927 -37.559 3.2
      vertex -6.63829 -37.2254 3.2
      vertex -6.48112 -37.4866 3.2
    endloop
  endfacet
  facet normal -0 -0 -1
    outer loop
      vertex -6.45927 -37.559 3.2
      vertex -6.44201 -37.6296 3.2
      vertex -6.63829 -37.2254 3.2
    endloop
  endfacet
  facet normal 0 -0 -1
    outer loop
      vertex -6.44201 -37.6296 3.2
      vertex -6.42937 -37.6986 3.2
      vertex -6.53049 -38.2758 3.2
    endloop
  endfacet
  facet normal 0 -0 -1
    outer loop
      vertex -6.42937 -37.6986 3.2
      vertex -6.4214 -37.7661 3.2
      vertex -6.49966 -38.2133 3.2
    endloop
  endfacet
  facet normal 0 -0 -1
    outer loop
      vertex -6.4214 -37.7661 3.2
      vertex -6.41813 -37.8323 3.2
      vertex -6.47383 -38.1507 3.2
    endloop
  endfacet
  facet normal -0 0 -1
    outer loop
      vertex -6.41961 -37.8974 3.2
      vertex -6.43698 -38.0251 3.2
      vertex -6.41813 -37.8323 3.2
    endloop
  endfacet
  facet normal 0 0 -1
    outer loop
      vertex -6.41961 -37.8974 3.2
      vertex -6.42588 -37.9616 3.2
      vertex -6.43698 -38.0251 3.2
    endloop
  endfacet
  facet normal 0 0 -1
    outer loop
      vertex -6.41813 -37.8323 3.2
      vertex -6.43698 -38.0251 3.2
      vertex -6.45295 -38.0881 3.2
    endloop
  endfacet
  facet normal 0 0 -1
    outer loop
      vertex -6.47383 -38.1507 3.2
      vertex -6.41813 -37.8323 3.2
      vertex -6.45295 -38.0881 3.2
    endloop
  endfacet
  facet normal 0 0 -1
    outer loop
      vertex -6.49966 -38.2133 3.2
      vertex -6.4214 -37.7661 3.2
      vertex -6.47383 -38.1507 3.2
    endloop
  endfacet
  facet normal 0 0 -1
    outer loop
      vertex 47.1022 -30.9904 3.2
      vertex 46.0625 -31.3436 3.2
      vertex 46.1284 -31.2833 3.2
    endloop
  endfacet
  facet normal 0 0 -1
    outer loop
      vertex -6.53049 -38.2758 3.2
      vertex -6.42937 -37.6986 3.2
      vertex -6.49966 -38.2133 3.2
    endloop
  endfacet
  facet normal -0 -0 -1
    outer loop
      vertex -6.63829 -37.2254 3.2
      vertex -6.44201 -37.6296 3.2
      vertex -6.71565 -37.1462 3.2
    endloop
  endfacet
  facet normal 0 0 -1
    outer loop
      vertex -6.48112 -37.4866 3.2
      vertex -6.63829 -37.2254 3.2
      vertex -6.57651 -37.2971 3.2
    endloop
  endfacet
  facet normal 0 0 -1
    outer loop
      vertex -6.48112 -37.4866 3.2
      vertex -6.57651 -37.2971 3.2
      vertex -6.50752 -37.4121 3.2
    endloop
  endfacet
  facet normal 0 0 -1
    outer loop
      vertex -6.71565 -37.1462 3.2
      vertex -6.53049 -38.2758 3.2
      vertex -6.56634 -38.3386 3.2
    endloop
  endfacet
  facet normal 0 0 -1
    outer loop
      vertex -6.65333 -38.4656 3.2
      vertex -6.71565 -37.1462 3.2
      vertex -6.60728 -38.4018 3.2
    endloop
  endfacet
  facet normal 0 0 -1
    outer loop
      vertex -6.76094 -38.5958 3.2
      vertex -6.80659 -37.0609 3.2
      vertex -6.70454 -38.5302 3.2
    endloop
  endfacet
  facet normal -0 -0 -1
    outer loop
      vertex 69.4522 -32.9451 3.2
      vertex 69.5035 -33.0489 3.2
      vertex 69.2565 -32.7438 3.2
    endloop
  endfacet
  facet normal 0 0 -1
    outer loop
      vertex -6.82258 -38.6626 3.2
      vertex -6.90914 -36.9708 3.2
      vertex -6.76094 -38.5958 3.2
    endloop
  endfacet
  facet normal 0 0 -1
    outer loop
      vertex -6.88951 -38.7308 3.2
      vertex -7.02133 -36.8775 3.2
      vertex -6.90914 -36.9708 3.2
    endloop
  endfacet
  facet normal 0 0 -1
    outer loop
      vertex -6.96985 -38.8166 3.2
      vertex -7.14119 -36.7822 3.2
      vertex -6.92907 -38.7723 3.2
    endloop
  endfacet
  facet normal 0 0 -1
    outer loop
      vertex -7.01163 -38.8636 3.2
      vertex -7.26673 -36.6864 3.2
      vertex -7.14119 -36.7822 3.2
    endloop
  endfacet
  facet normal -0 0 -1
    outer loop
      vertex -7.0542 -38.9128 3.2
      vertex -7.09735 -38.9641 3.2
      vertex -7.26673 -36.6864 3.2
    endloop
  endfacet
  facet normal 0 0 -1
    outer loop
      vertex -7.14085 -39.0172 3.2
      vertex -7.52699 -36.4991 3.2
      vertex -7.39599 -36.5916 3.2
    endloop
  endfacet
  facet normal -0 0 -1
    outer loop
      vertex -7.14085 -39.0172 3.2
      vertex -7.18449 -39.0718 3.2
      vertex -7.52699 -36.4991 3.2
    endloop
  endfacet
  facet normal 0 0 -1
    outer loop
      vertex -7.27135 -39.1844 3.2
      vertex -7.7863 -36.3268 3.2
      vertex -7.65775 -36.4104 3.2
    endloop
  endfacet
  facet normal 0 0 -1
    outer loop
      vertex 69.086 -32.6559 3.2
      vertex 69.1756 -32.6983 3.2
      vertex 69.5486 -33.1787 3.2
    endloop
  endfacet
  facet normal 0 0 -1
    outer loop
      vertex -7.31413 -39.2419 3.2
      vertex -7.91067 -36.2497 3.2
      vertex -7.7863 -36.3268 3.2
    endloop
  endfacet
  facet normal -0 -0 -1
    outer loop
      vertex -8.40061 -36.0125 3.2
      vertex -8.3268 -36.0355 3.2
      vertex -8.45841 -36.0045 3.2
    endloop
  endfacet
  facet normal -0 -0 -1
    outer loop
      vertex 69.3943 -32.8627 3.2
      vertex 69.4522 -32.9451 3.2
      vertex 69.3293 -32.7971 3.2
    endloop
  endfacet
  facet normal 0 0 -1
    outer loop
      vertex -8.02888 -36.1807 3.2
      vertex -8.49875 -35.9993 3.2
      vertex -8.13895 -36.121 3.2
    endloop
  endfacet
  facet normal 0 0 -1
    outer loop
      vertex 69.5881 -33.3389 3.2
      vertex 69.0046 -32.6213 3.2
      vertex 69.0472 -32.6384 3.2
    endloop
  endfacet
  facet normal 0 0 -1
    outer loop
      vertex -8.54539 -35.9843 3.2
      vertex -8.52135 -35.993 3.2
      vertex -7.47596 -39.4738 3.2
    endloop
  endfacet
  facet normal 0 0 -1
    outer loop
      vertex 69.2565 -32.7438 3.2
      vertex 69.3293 -32.7971 3.2
      vertex 69.4522 -32.9451 3.2
    endloop
  endfacet
  facet normal 0 0 -1
    outer loop
      vertex -7.54828 -39.5871 3.2
      vertex -8.54539 -35.9843 3.2
      vertex -7.51302 -39.5309 3.2
    endloop
  endfacet
  facet normal -0 -0 -1
    outer loop
      vertex 69.2565 -32.7438 3.2
      vertex 69.5035 -33.0489 3.2
      vertex 69.1756 -32.6983 3.2
    endloop
  endfacet
  facet normal 0 0 -1
    outer loop
      vertex -7.58154 -39.6421 3.2
      vertex -8.57074 -35.9735 3.2
      vertex -7.54828 -39.5871 3.2
    endloop
  endfacet
  facet normal -0 -0 -1
    outer loop
      vertex 69.5035 -33.0489 3.2
      vertex 69.5486 -33.1787 3.2
      vertex 69.1756 -32.6983 3.2
    endloop
  endfacet
  facet normal 0 0 -1
    outer loop
      vertex -8.62485 -35.9455 3.2
      vertex -8.59727 -35.9605 3.2
      vertex -7.61258 -39.6957 3.2
    endloop
  endfacet
  facet normal 0 0 -1
    outer loop
      vertex 69.5881 -33.3389 3.2
      vertex 69.086 -32.6559 3.2
      vertex 69.5486 -33.1787 3.2
    endloop
  endfacet
  facet normal 0 0 -1
    outer loop
      vertex -8.65333 -35.9286 3.2
      vertex -8.62485 -35.9455 3.2
      vertex -7.64118 -39.7476 3.2
    endloop
  endfacet
  facet normal 0 0 -1
    outer loop
      vertex 69.0472 -32.6384 3.2
      vertex 69.086 -32.6559 3.2
      vertex 69.5881 -33.3389 3.2
    endloop
  endfacet
  facet normal 0 0 -1
    outer loop
      vertex -8.68259 -35.91 3.2
      vertex -8.65333 -35.9286 3.2
      vertex -7.69423 -39.8494 3.2
    endloop
  endfacet
  facet normal 0 0 -1
    outer loop
      vertex 69.5881 -33.3389 3.2
      vertex 68.9585 -32.6048 3.2
      vertex 69.0046 -32.6213 3.2
    endloop
  endfacet
  facet normal 0 0 -1
    outer loop
      vertex -7.72222 -39.9026 3.2
      vertex -8.68259 -35.91 3.2
      vertex -7.69423 -39.8494 3.2
    endloop
  endfacet
  facet normal 0 0 -1
    outer loop
      vertex 68.9093 -32.5888 3.2
      vertex 68.9585 -32.6048 3.2
      vertex 69.5881 -33.3389 3.2
    endloop
  endfacet
  facet normal -0 0 -1
    outer loop
      vertex -7.72222 -39.9026 3.2
      vertex -7.751 -39.9568 3.2
      vertex -8.68259 -35.91 3.2
    endloop
  endfacet
  facet normal -0 -0 -1
    outer loop
      vertex 69.5881 -33.3389 3.2
      vertex 69.6224 -33.5342 3.2
      vertex 68.8573 -32.5735 3.2
    endloop
  endfacet
  facet normal -0 -0 -1
    outer loop
      vertex -8.68259 -35.91 3.2
      vertex -7.78042 -40.0118 3.2
      vertex -8.7125 -35.8897 3.2
    endloop
  endfacet
  facet normal 0 0 -1
    outer loop
      vertex 68.746 -32.5449 3.2
      vertex 68.8027 -32.5589 3.2
      vertex 69.6224 -33.5342 3.2
    endloop
  endfacet
  facet normal 0 0 -1
    outer loop
      vertex -8.7125 -35.8897 3.2
      vertex -7.78042 -40.0118 3.2
      vertex -7.81038 -40.0673 3.2
    endloop
  endfacet
  facet normal -0 -0 -1
    outer loop
      vertex 68.746 -32.5449 3.2
      vertex 69.6224 -33.5342 3.2
      vertex 68.6874 -32.5317 3.2
    endloop
  endfacet
  facet normal 0 0 -1
    outer loop
      vertex -7.84075 -40.1231 3.2
      vertex -8.7125 -35.8897 3.2
      vertex -7.81038 -40.0673 3.2
    endloop
  endfacet
  facet normal 0 0 -1
    outer loop
      vertex -7.84075 -40.1231 3.2
      vertex -8.74292 -35.8678 3.2
      vertex -8.7125 -35.8897 3.2
    endloop
  endfacet
  facet normal 0 0 -1
    outer loop
      vertex -7.90222 -40.2345 3.2
      vertex -8.77372 -35.8445 3.2
      vertex -8.74292 -35.8678 3.2
    endloop
  endfacet
  facet normal -0 0 -1
    outer loop
      vertex -7.90222 -40.2345 3.2
      vertex -7.93308 -40.2896 3.2
      vertex -8.77372 -35.8445 3.2
    endloop
  endfacet
  facet normal 0 0 -1
    outer loop
      vertex -8.77372 -35.8445 3.2
      vertex -7.93308 -40.2896 3.2
      vertex -7.96386 -40.3439 3.2
    endloop
  endfacet
  facet normal 0 0 -1
    outer loop
      vertex -7.99444 -40.3973 3.2
      vertex -8.77372 -35.8445 3.2
      vertex -7.96386 -40.3439 3.2
    endloop
  endfacet
  facet normal 0 0 -1
    outer loop
      vertex -7.99444 -40.3973 3.2
      vertex -8.80475 -35.8198 3.2
      vertex -8.77372 -35.8445 3.2
    endloop
  endfacet
  facet normal -0 0 -1
    outer loop
      vertex -7.99444 -40.3973 3.2
      vertex -8.02468 -40.4494 3.2
      vertex -8.80475 -35.8198 3.2
    endloop
  endfacet
  facet normal 0 0 -1
    outer loop
      vertex -8.80475 -35.8198 3.2
      vertex -8.02468 -40.4494 3.2
      vertex -8.05448 -40.5 3.2
    endloop
  endfacet
  facet normal 0 0 -1
    outer loop
      vertex -8.0837 -40.5488 3.2
      vertex -8.80475 -35.8198 3.2
      vertex -8.05448 -40.5 3.2
    endloop
  endfacet
  facet normal 0 0 -1
    outer loop
      vertex -8.0837 -40.5488 3.2
      vertex -8.83591 -35.794 3.2
      vertex -8.80475 -35.8198 3.2
    endloop
  endfacet
  facet normal -0 0 -1
    outer loop
      vertex -8.0837 -40.5488 3.2
      vertex -8.11222 -40.5956 3.2
      vertex -8.83591 -35.794 3.2
    endloop
  endfacet
  facet normal 0 0 -1
    outer loop
      vertex -8.83591 -35.794 3.2
      vertex -8.11222 -40.5956 3.2
      vertex -8.13993 -40.6401 3.2
    endloop
  endfacet
  facet normal 0 0 -1
    outer loop
      vertex -8.24012 -40.7903 3.2
      vertex -8.83591 -35.794 3.2
      vertex -8.13993 -40.6401 3.2
    endloop
  endfacet
  facet normal 0 0 -1
    outer loop
      vertex -8.89802 -35.739 3.2
      vertex -8.86704 -35.767 3.2
      vertex -8.24012 -40.7903 3.2
    endloop
  endfacet
  facet normal 0 0 -1
    outer loop
      vertex -8.28771 -40.8686 3.2
      vertex -8.89802 -35.739 3.2
      vertex -8.24012 -40.7903 3.2
    endloop
  endfacet
  facet normal 0 0 -1
    outer loop
      vertex -8.28771 -40.8686 3.2
      vertex -8.92872 -35.7101 3.2
      vertex -8.89802 -35.739 3.2
    endloop
  endfacet
  facet normal 0 0 -1
    outer loop
      vertex -8.28771 -40.8686 3.2
      vertex -8.95899 -35.6805 3.2
      vertex -8.92872 -35.7101 3.2
    endloop
  endfacet
  facet normal -0 -0 -1
    outer loop
      vertex -9.60171 -35.1467 3.2
      vertex -8.98871 -35.6501 3.2
      vertex -9.73623 -35.0653 3.2
    endloop
  endfacet
  facet normal 0 0 -1
    outer loop
      vertex -9.60171 -35.1467 3.2
      vertex -9.47733 -35.2276 3.2
      vertex -8.98871 -35.6501 3.2
    endloop
  endfacet
  facet normal 0 0 -1
    outer loop
      vertex -9.3634 -35.3078 3.2
      vertex -9.26019 -35.3872 3.2
      vertex -9.01775 -35.6193 3.2
    endloop
  endfacet
  facet normal 0 0 -1
    outer loop
      vertex -9.01775 -35.6193 3.2
      vertex -9.16798 -35.4656 3.2
      vertex -9.08707 -35.5431 3.2
    endloop
  endfacet
  facet normal 0 0 -1
    outer loop
      vertex -9.01775 -35.6193 3.2
      vertex -9.26019 -35.3872 3.2
      vertex -9.16798 -35.4656 3.2
    endloop
  endfacet
  facet normal 0 0 -1
    outer loop
      vertex -9.47733 -35.2276 3.2
      vertex -9.3634 -35.3078 3.2
      vertex -9.01775 -35.6193 3.2
    endloop
  endfacet
  facet normal 0 0 -1
    outer loop
      vertex -8.98871 -35.6501 3.2
      vertex -9.47733 -35.2276 3.2
      vertex -9.01775 -35.6193 3.2
    endloop
  endfacet
  facet normal 0 0 -1
    outer loop
      vertex -9.73623 -35.0653 3.2
      vertex -8.98871 -35.6501 3.2
      vertex -8.95899 -35.6805 3.2
    endloop
  endfacet
  facet normal 0 0 -1
    outer loop
      vertex -9.88062 -34.9835 3.2
      vertex -9.73623 -35.0653 3.2
      vertex -8.95899 -35.6805 3.2
    endloop
  endfacet
  facet normal 0 0 -1
    outer loop
      vertex -8.28771 -40.8686 3.2
      vertex -9.88062 -34.9835 3.2
      vertex -8.95899 -35.6805 3.2
    endloop
  endfacet
  facet normal 0 0 -1
    outer loop
      vertex -8.28771 -40.8686 3.2
      vertex -10.0346 -34.9014 3.2
      vertex -9.88062 -34.9835 3.2
    endloop
  endfacet
  facet normal -0 0 -1
    outer loop
      vertex -8.28771 -40.8686 3.2
      vertex -8.32815 -40.9436 3.2
      vertex -10.0346 -34.9014 3.2
    endloop
  endfacet
  facet normal -0 -0 -1
    outer loop
      vertex -10.0346 -34.9014 3.2
      vertex -8.32815 -40.9436 3.2
      vertex -10.1978 -34.8192 3.2
    endloop
  endfacet
  facet normal -0 -0 -1
    outer loop
      vertex -10.1978 -34.8192 3.2
      vertex -8.32815 -40.9436 3.2
      vertex -10.3701 -34.737 3.2
    endloop
  endfacet
  facet normal 0 0 -1
    outer loop
      vertex 69.6522 -33.769 3.2
      vertex 68.5659 -32.5078 3.2
      vertex 68.6273 -32.5193 3.2
    endloop
  endfacet
  facet normal -0 -0 -1
    outer loop
      vertex -10.3701 -34.737 3.2
      vertex -8.32815 -40.9436 3.2
      vertex -10.5511 -34.6549 3.2
    endloop
  endfacet
  facet normal 0 0 -1
    outer loop
      vertex 69.6522 -33.769 3.2
      vertex 68.6273 -32.5193 3.2
      vertex 69.6224 -33.5342 3.2
    endloop
  endfacet
  facet normal -0 -0 -1
    outer loop
      vertex -10.5511 -34.6549 3.2
      vertex -8.36146 -41.015 3.2
      vertex -10.7405 -34.5731 3.2
    endloop
  endfacet
  facet normal -0 -0 -1
    outer loop
      vertex 68.5659 -32.5078 3.2
      vertex 69.6522 -33.769 3.2
      vertex 68.5036 -32.4971 3.2
    endloop
  endfacet
  facet normal -0 -0 -1
    outer loop
      vertex -10.7405 -34.5731 3.2
      vertex -8.36146 -41.015 3.2
      vertex -10.938 -34.4917 3.2
    endloop
  endfacet
  facet normal 0 0 -1
    outer loop
      vertex 69.6522 -33.769 3.2
      vertex 68.4407 -32.4874 3.2
      vertex 68.5036 -32.4971 3.2
    endloop
  endfacet
  facet normal 0 0 -1
    outer loop
      vertex -10.938 -34.4917 3.2
      vertex -8.36146 -41.015 3.2
      vertex -8.38768 -41.0829 3.2
    endloop
  endfacet
  facet normal 0 0 -1
    outer loop
      vertex 68.3775 -32.4786 3.2
      vertex 68.4407 -32.4874 3.2
      vertex 69.6522 -33.769 3.2
    endloop
  endfacet
  facet normal 0 0 -1
    outer loop
      vertex -11.1434 -34.4108 3.2
      vertex -10.938 -34.4917 3.2
      vertex -8.38768 -41.0829 3.2
    endloop
  endfacet
  facet normal 0 0 -1
    outer loop
      vertex 68.3775 -32.4786 3.2
      vertex 69.6522 -33.769 3.2
      vertex 69.6778 -34.048 3.2
    endloop
  endfacet
  facet normal 0 0 -1
    outer loop
      vertex -11.3564 -34.3306 3.2
      vertex -11.1434 -34.4108 3.2
      vertex -8.38768 -41.0829 3.2
    endloop
  endfacet
  facet normal -0 -0 -1
    outer loop
      vertex 68.3775 -32.4786 3.2
      vertex 69.6778 -34.048 3.2
      vertex 68.3143 -32.4709 3.2
    endloop
  endfacet
  facet normal 0 0 -1
    outer loop
      vertex -11.5767 -34.2512 3.2
      vertex -11.3564 -34.3306 3.2
      vertex -8.38768 -41.0829 3.2
    endloop
  endfacet
  facet normal 0 0 -1
    outer loop
      vertex 69.6778 -34.048 3.2
      vertex 68.2515 -32.4642 3.2
      vertex 68.3143 -32.4709 3.2
    endloop
  endfacet
  facet normal 0 0 -1
    outer loop
      vertex -8.40682 -41.1473 3.2
      vertex -11.5767 -34.2512 3.2
      vertex -8.38768 -41.0829 3.2
    endloop
  endfacet
  facet normal 0 0 -1
    outer loop
      vertex 68.1893 -32.4587 3.2
      vertex 68.2515 -32.4642 3.2
      vertex 69.6778 -34.048 3.2
    endloop
  endfacet
  facet normal 0 0 -1
    outer loop
      vertex -8.40682 -41.1473 3.2
      vertex -11.8039 -34.1727 3.2
      vertex -11.5767 -34.2512 3.2
    endloop
  endfacet
  facet normal 0 0 -1
    outer loop
      vertex 69.6778 -34.048 3.2
      vertex 68.0683 -32.4511 3.2
      vertex 68.1281 -32.4543 3.2
    endloop
  endfacet
  facet normal 0 0 -1
    outer loop
      vertex -12.2783 -34.0191 3.2
      vertex -12.0379 -34.0953 3.2
      vertex -8.40682 -41.1473 3.2
    endloop
  endfacet
  facet normal 0 0 -1
    outer loop
      vertex 68.01 -32.4492 3.2
      vertex 68.0683 -32.4511 3.2
      vertex 69.6778 -34.048 3.2
    endloop
  endfacet
  facet normal 0 0 -1
    outer loop
      vertex -12.3861 -33.9849 3.2
      vertex -12.2783 -34.0191 3.2
      vertex -8.40682 -41.1473 3.2
    endloop
  endfacet
  facet normal -0 -0 -1
    outer loop
      vertex 68.01 -32.4492 3.2
      vertex 69.6778 -34.048 3.2
      vertex 67.9537 -32.4485 3.2
    endloop
  endfacet
  facet normal 0 0 -1
    outer loop
      vertex -8.4189 -41.2079 3.2
      vertex -12.3861 -33.9849 3.2
      vertex -8.40682 -41.1473 3.2
    endloop
  endfacet
  facet normal 0 0 -1
    outer loop
      vertex -8.4189 -41.2079 3.2
      vertex -12.4962 -33.9491 3.2
      vertex -12.3861 -33.9849 3.2
    endloop
  endfacet
  facet normal 0 0 -1
    outer loop
      vertex -8.4189 -41.2079 3.2
      vertex -12.6081 -33.912 3.2
      vertex -12.4962 -33.9491 3.2
    endloop
  endfacet
  facet normal 0 0 -1
    outer loop
      vertex -8.4189 -41.2079 3.2
      vertex -12.7213 -33.8736 3.2
      vertex -12.6081 -33.912 3.2
    endloop
  endfacet
  facet normal 0 0 -1
    outer loop
      vertex -8.4189 -41.2079 3.2
      vertex -12.8353 -33.8343 3.2
      vertex -12.7213 -33.8736 3.2
    endloop
  endfacet
  facet normal 0 0 -1
    outer loop
      vertex -8.4189 -41.2079 3.2
      vertex -12.9496 -33.7942 3.2
      vertex -12.8353 -33.8343 3.2
    endloop
  endfacet
  facet normal -0 0 -1
    outer loop
      vertex -8.4189 -41.2079 3.2
      vertex -8.42393 -41.2649 3.2
      vertex -12.9496 -33.7942 3.2
    endloop
  endfacet
  facet normal 0 0 -1
    outer loop
      vertex -8.42393 -41.2649 3.2
      vertex -13.1768 -33.7125 3.2
      vertex -13.0636 -33.7536 3.2
    endloop
  endfacet
  facet normal 0 0 -1
    outer loop
      vertex -8.42393 -41.2649 3.2
      vertex -13.2887 -33.6713 3.2
      vertex -13.1768 -33.7125 3.2
    endloop
  endfacet
  facet normal 0 0 -1
    outer loop
      vertex -8.42393 -41.2649 3.2
      vertex -13.3987 -33.6301 3.2
      vertex -13.2887 -33.6713 3.2
    endloop
  endfacet
  facet normal 0 0 -1
    outer loop
      vertex -8.42393 -41.2649 3.2
      vertex -13.5064 -33.5892 3.2
      vertex -13.3987 -33.6301 3.2
    endloop
  endfacet
  facet normal 0 0 -1
    outer loop
      vertex -8.42393 -41.2649 3.2
      vertex -13.6113 -33.5486 3.2
      vertex -13.5064 -33.5892 3.2
    endloop
  endfacet
  facet normal -0 -0 -1
    outer loop
      vertex -8.42393 -41.2649 3.2
      vertex -8.42195 -41.318 3.2
      vertex -13.6113 -33.5486 3.2
    endloop
  endfacet
  facet normal -0 -0 -1
    outer loop
      vertex -13.6113 -33.5486 3.2
      vertex -8.42195 -41.318 3.2
      vertex -13.7127 -33.5087 3.2
    endloop
  endfacet
  facet normal -0 -0 -1
    outer loop
      vertex -13.7127 -33.5087 3.2
      vertex -8.42195 -41.318 3.2
      vertex -13.8102 -33.4696 3.2
    endloop
  endfacet
  facet normal 0 0 -1
    outer loop
      vertex -13.8102 -33.4696 3.2
      vertex -16.4613 -32.8759 3.2
      vertex -13.9033 -33.4315 3.2
    endloop
  endfacet
  facet normal -0 -0 -1
    outer loop
      vertex -15.9427 -32.8961 3.2
      vertex -14.074 -33.3592 3.2
      vertex -16.187 -32.8855 3.2
    endloop
  endfacet
  facet normal -0 -0 -1
    outer loop
      vertex -14.2207 -33.2934 3.2
      vertex -14.1506 -33.3254 3.2
      vertex -15.7258 -32.9082 3.2
    endloop
  endfacet
  facet normal -0 -0 -1
    outer loop
      vertex -14.2838 -33.2634 3.2
      vertex -14.2207 -33.2934 3.2
      vertex -15.5335 -32.9218 3.2
    endloop
  endfacet
  facet normal -0 -0 -1
    outer loop
      vertex -14.3808 -33.2126 3.2
      vertex -14.2838 -33.2634 3.2
      vertex -15.2123 -32.9553 3.2
    endloop
  endfacet
  facet normal -0 -0 -1
    outer loop
      vertex -14.4732 -33.1666 3.2
      vertex -14.3808 -33.2126 3.2
      vertex -15.0781 -32.9756 3.2
    endloop
  endfacet
  facet normal -0 -0 -1
    outer loop
      vertex -14.5635 -33.1251 3.2
      vertex -14.4732 -33.1666 3.2
      vertex -14.9579 -32.9988 3.2
    endloop
  endfacet
  facet normal 0 0 -1
    outer loop
      vertex -14.6544 -33.0879 3.2
      vertex -14.849 -33.025 3.2
      vertex -14.7487 -33.0546 3.2
    endloop
  endfacet
  facet normal -0 -0 -1
    outer loop
      vertex 66.6898 -32.2783 3.2
      vertex 69.7627 -36.2636 3.2
      vertex 66.6173 -32.2613 3.2
    endloop
  endfacet
  facet normal -0 -0 -1
    outer loop
      vertex -14.6544 -33.0879 3.2
      vertex -14.5635 -33.1251 3.2
      vertex -14.849 -33.025 3.2
    endloop
  endfacet
  facet normal -0 -0 -1
    outer loop
      vertex -14.849 -33.025 3.2
      vertex -14.5635 -33.1251 3.2
      vertex -14.9579 -32.9988 3.2
    endloop
  endfacet
  facet normal -0 -0 -1
    outer loop
      vertex -14.9579 -32.9988 3.2
      vertex -14.4732 -33.1666 3.2
      vertex -15.0781 -32.9756 3.2
    endloop
  endfacet
  facet normal -0 -0 -1
    outer loop
      vertex -15.0781 -32.9756 3.2
      vertex -14.3808 -33.2126 3.2
      vertex -15.2123 -32.9553 3.2
    endloop
  endfacet
  facet normal -0 -0 -1
    outer loop
      vertex -15.2123 -32.9553 3.2
      vertex -14.2838 -33.2634 3.2
      vertex -15.3633 -32.9375 3.2
    endloop
  endfacet
  facet normal -0 -0 -1
    outer loop
      vertex 69.6778 -34.048 3.2
      vertex 69.6999 -34.3756 3.2
      vertex 67.9537 -32.4485 3.2
    endloop
  endfacet
  facet normal -0 -0 -1
    outer loop
      vertex -15.3633 -32.9375 3.2
      vertex -14.2838 -33.2634 3.2
      vertex -15.5335 -32.9218 3.2
    endloop
  endfacet
  facet normal 0 0 -1
    outer loop
      vertex 69.6999 -34.3756 3.2
      vertex 67.8944 -32.4477 3.2
      vertex 67.9537 -32.4485 3.2
    endloop
  endfacet
  facet normal -0 -0 -1
    outer loop
      vertex -15.5335 -32.9218 3.2
      vertex -14.2207 -33.2934 3.2
      vertex -15.7258 -32.9082 3.2
    endloop
  endfacet
  facet normal 0 0 -1
    outer loop
      vertex 67.8314 -32.4455 3.2
      vertex 67.8944 -32.4477 3.2
      vertex 69.6999 -34.3756 3.2
    endloop
  endfacet
  facet normal -0 -0 -1
    outer loop
      vertex -15.7258 -32.9082 3.2
      vertex -14.1506 -33.3254 3.2
      vertex -15.9427 -32.8961 3.2
    endloop
  endfacet
  facet normal -0 -0 -1
    outer loop
      vertex 67.8314 -32.4455 3.2
      vertex 69.6999 -34.3756 3.2
      vertex 67.765 -32.4418 3.2
    endloop
  endfacet
  facet normal 0 0 -1
    outer loop
      vertex -15.9427 -32.8961 3.2
      vertex -14.1506 -33.3254 3.2
      vertex -14.074 -33.3592 3.2
    endloop
  endfacet
  facet normal 0 0 -1
    outer loop
      vertex -16.187 -32.8855 3.2
      vertex -14.074 -33.3592 3.2
      vertex -13.9914 -33.3946 3.2
    endloop
  endfacet
  facet normal 0 0 -1
    outer loop
      vertex -16.4613 -32.8759 3.2
      vertex -13.9914 -33.3946 3.2
      vertex -13.9033 -33.4315 3.2
    endloop
  endfacet
  facet normal 0 0 -1
    outer loop
      vertex -8.42195 -41.318 3.2
      vertex -16.4613 -32.8759 3.2
      vertex -13.8102 -33.4696 3.2
    endloop
  endfacet
  facet normal 0 0 -1
    outer loop
      vertex -8.42195 -41.318 3.2
      vertex -16.7683 -32.867 3.2
      vertex -16.4613 -32.8759 3.2
    endloop
  endfacet
  facet normal 0 0 -1
    outer loop
      vertex -8.42195 -41.318 3.2
      vertex -17.1106 -32.8587 3.2
      vertex -16.7683 -32.867 3.2
    endloop
  endfacet
  facet normal 0 0 -1
    outer loop
      vertex -8.42195 -41.318 3.2
      vertex -17.491 -32.8506 3.2
      vertex -17.1106 -32.8587 3.2
    endloop
  endfacet
  facet normal 0 0 -1
    outer loop
      vertex -8.42195 -41.318 3.2
      vertex -17.9121 -32.8423 3.2
      vertex -17.491 -32.8506 3.2
    endloop
  endfacet
  facet normal -0 -0 -1
    outer loop
      vertex -8.42195 -41.318 3.2
      vertex -8.41297 -41.3673 3.2
      vertex -17.9121 -32.8423 3.2
    endloop
  endfacet
  facet normal -0 -0 -1
    outer loop
      vertex -17.9121 -32.8423 3.2
      vertex -8.41297 -41.3673 3.2
      vertex -18.3766 -32.8337 3.2
    endloop
  endfacet
  facet normal -0 -0 -1
    outer loop
      vertex -18.3766 -32.8337 3.2
      vertex -8.41297 -41.3673 3.2
      vertex -18.7999 -32.8227 3.2
    endloop
  endfacet
  facet normal -0 -0 -1
    outer loop
      vertex -18.7999 -32.8227 3.2
      vertex -8.41297 -41.3673 3.2
      vertex -19.1916 -32.8117 3.2
    endloop
  endfacet
  facet normal -0 -0 -1
    outer loop
      vertex -19.1916 -32.8117 3.2
      vertex -8.41297 -41.3673 3.2
      vertex -19.5538 -32.8005 3.2
    endloop
  endfacet
  facet normal -0 -0 -1
    outer loop
      vertex -19.5538 -32.8005 3.2
      vertex -8.39702 -41.4126 3.2
      vertex -19.8888 -32.7889 3.2
    endloop
  endfacet
  facet normal -0 -0 -1
    outer loop
      vertex -19.8888 -32.7889 3.2
      vertex -8.39702 -41.4126 3.2
      vertex -20.1989 -32.7768 3.2
    endloop
  endfacet
  facet normal -0 -0 -1
    outer loop
      vertex -20.1989 -32.7768 3.2
      vertex -8.39702 -41.4126 3.2
      vertex -20.4863 -32.7639 3.2
    endloop
  endfacet
  facet normal -0 -0 -1
    outer loop
      vertex -20.4863 -32.7639 3.2
      vertex -8.39702 -41.4126 3.2
      vertex -20.7534 -32.75 3.2
    endloop
  endfacet
  facet normal -0 -0 -1
    outer loop
      vertex -20.7534 -32.75 3.2
      vertex -8.39702 -41.4126 3.2
      vertex -21.0023 -32.7349 3.2
    endloop
  endfacet
  facet normal -0 -0 -1
    outer loop
      vertex -21.0023 -32.7349 3.2
      vertex -8.39702 -41.4126 3.2
      vertex -21.2353 -32.7184 3.2
    endloop
  endfacet
  facet normal -0 -0 -1
    outer loop
      vertex -21.2353 -32.7184 3.2
      vertex -8.39702 -41.4126 3.2
      vertex -21.4547 -32.7004 3.2
    endloop
  endfacet
  facet normal 0 0 -1
    outer loop
      vertex -21.4547 -32.7004 3.2
      vertex -8.39702 -41.4126 3.2
      vertex -8.3741 -41.4539 3.2
    endloop
  endfacet
  facet normal 0 0 -1
    outer loop
      vertex -21.6627 -32.6806 3.2
      vertex -21.4547 -32.7004 3.2
      vertex -8.3741 -41.4539 3.2
    endloop
  endfacet
  facet normal 0 0 -1
    outer loop
      vertex -21.8616 -32.6588 3.2
      vertex -21.6627 -32.6806 3.2
      vertex -8.3741 -41.4539 3.2
    endloop
  endfacet
  facet normal 0 0 -1
    outer loop
      vertex -22.0537 -32.6348 3.2
      vertex -21.8616 -32.6588 3.2
      vertex -8.3741 -41.4539 3.2
    endloop
  endfacet
  facet normal -0 -0 -1
    outer loop
      vertex -22.2413 -32.6085 3.2
      vertex -8.3741 -41.4539 3.2
      vertex -22.4265 -32.5795 3.2
    endloop
  endfacet
  facet normal -0 -0 -1
    outer loop
      vertex -22.4265 -32.5795 3.2
      vertex -8.3741 -41.4539 3.2
      vertex -22.6116 -32.5478 3.2
    endloop
  endfacet
  facet normal -0 -0 -1
    outer loop
      vertex -22.6116 -32.5478 3.2
      vertex -8.3741 -41.4539 3.2
      vertex -22.799 -32.5132 3.2
    endloop
  endfacet
  facet normal 0 0 -1
    outer loop
      vertex -22.799 -32.5132 3.2
      vertex -8.3741 -41.4539 3.2
      vertex -8.34424 -41.4912 3.2
    endloop
  endfacet
  facet normal 0 0 -1
    outer loop
      vertex -22.9909 -32.4753 3.2
      vertex -22.799 -32.5132 3.2
      vertex -8.34424 -41.4912 3.2
    endloop
  endfacet
  facet normal 0 0 -1
    outer loop
      vertex -23.1895 -32.4341 3.2
      vertex -22.9909 -32.4753 3.2
      vertex -8.34424 -41.4912 3.2
    endloop
  endfacet
  facet normal 0 0 -1
    outer loop
      vertex -23.397 -32.3892 3.2
      vertex -23.1895 -32.4341 3.2
      vertex -8.34424 -41.4912 3.2
    endloop
  endfacet
  facet normal 0 0 -1
    outer loop
      vertex -25.6598 -32.0017 3.2
      vertex -24.5927 -32.1407 3.2
      vertex -24.4679 -32.164 3.2
    endloop
  endfacet
  facet normal 0 0 -1
    outer loop
      vertex -25.6598 -32.0017 3.2
      vertex -24.7135 -32.1188 3.2
      vertex -24.5927 -32.1407 3.2
    endloop
  endfacet
  facet normal -0 -0 -1
    outer loop
      vertex -24.9411 -32.0799 3.2
      vertex -24.8299 -32.0985 3.2
      vertex -25.6598 -32.0017 3.2
    endloop
  endfacet
  facet normal 0 0 -1
    outer loop
      vertex -25.0468 -32.063 3.2
      vertex -25.6598 -32.0017 3.2
      vertex -25.1462 -32.048 3.2
    endloop
  endfacet
  facet normal 0 0 -1
    outer loop
      vertex -25.6598 -32.0017 3.2
      vertex -25.324 -32.0242 3.2
      vertex -25.2388 -32.035 3.2
    endloop
  endfacet
  facet normal -0 -0 -1
    outer loop
      vertex -25.4701 -32.0092 3.2
      vertex -25.4013 -32.0155 3.2
      vertex -25.5798 -32.004 3.2
    endloop
  endfacet
  facet normal -0 -0 -1
    outer loop
      vertex -25.5298 -32.0053 3.2
      vertex -25.4701 -32.0092 3.2
      vertex -25.5798 -32.004 3.2
    endloop
  endfacet
  facet normal 0 0 -1
    outer loop
      vertex -25.5798 -32.004 3.2
      vertex -25.4013 -32.0155 3.2
      vertex -25.324 -32.0242 3.2
    endloop
  endfacet
  facet normal 0 0 -1
    outer loop
      vertex -25.6598 -32.0017 3.2
      vertex -25.5798 -32.004 3.2
      vertex -25.324 -32.0242 3.2
    endloop
  endfacet
  facet normal 0 0 -1
    outer loop
      vertex -25.1462 -32.048 3.2
      vertex -25.6598 -32.0017 3.2
      vertex -25.2388 -32.035 3.2
    endloop
  endfacet
  facet normal -0 -0 -1
    outer loop
      vertex -25.0468 -32.063 3.2
      vertex -24.9411 -32.0799 3.2
      vertex -25.6598 -32.0017 3.2
    endloop
  endfacet
  facet normal 0 0 -1
    outer loop
      vertex -25.6598 -32.0017 3.2
      vertex -24.8299 -32.0985 3.2
      vertex -24.7135 -32.1188 3.2
    endloop
  endfacet
  facet normal 0 0 -1
    outer loop
      vertex -24.3398 -32.1887 3.2
      vertex -25.6598 -32.0017 3.2
      vertex -24.4679 -32.164 3.2
    endloop
  endfacet
  facet normal 0 0 -1
    outer loop
      vertex -24.3398 -32.1887 3.2
      vertex -25.7404 -31.9946 3.2
      vertex -25.6598 -32.0017 3.2
    endloop
  endfacet
  facet normal -0 -0 -1
    outer loop
      vertex -24.3398 -32.1887 3.2
      vertex -24.2089 -32.2145 3.2
      vertex -25.7404 -31.9946 3.2
    endloop
  endfacet
  facet normal 0 0 -1
    outer loop
      vertex -25.7404 -31.9946 3.2
      vertex -24.2089 -32.2145 3.2
      vertex -24.0757 -32.2415 3.2
    endloop
  endfacet
  facet normal 0 0 -1
    outer loop
      vertex -23.941 -32.2695 3.2
      vertex -25.7404 -31.9946 3.2
      vertex -24.0757 -32.2415 3.2
    endloop
  endfacet
  facet normal -0 -0 -1
    outer loop
      vertex -23.941 -32.2695 3.2
      vertex -23.8052 -32.2984 3.2
      vertex -25.7404 -31.9946 3.2
    endloop
  endfacet
  facet normal 0 0 -1
    outer loop
      vertex -25.7404 -31.9946 3.2
      vertex -23.8052 -32.2984 3.2
      vertex -23.6688 -32.328 3.2
    endloop
  endfacet
  facet normal 0 0 -1
    outer loop
      vertex -23.5326 -32.3584 3.2
      vertex -25.7404 -31.9946 3.2
      vertex -23.6688 -32.328 3.2
    endloop
  endfacet
  facet normal -0 -0 -1
    outer loop
      vertex -23.5326 -32.3584 3.2
      vertex -23.397 -32.3892 3.2
      vertex -25.7404 -31.9946 3.2
    endloop
  endfacet
  facet normal 0 0 -1
    outer loop
      vertex -25.7404 -31.9946 3.2
      vertex -23.397 -32.3892 3.2
      vertex -8.34424 -41.4912 3.2
    endloop
  endfacet
  facet normal 0 0 -1
    outer loop
      vertex -25.8223 -31.9824 3.2
      vertex -25.7404 -31.9946 3.2
      vertex -8.34424 -41.4912 3.2
    endloop
  endfacet
  facet normal 0 -0 -1
    outer loop
      vertex -40.3563 -32.7815 3.2
      vertex -26.3802 -31.7794 3.2
      vertex -40.6 -32.9608 3.2
    endloop
  endfacet
  facet normal 0 0 -1
    outer loop
      vertex -32.0232 -30.0041 3.2
      vertex -39.351 -32.0189 3.2
      vertex -39.1111 -31.8312 3.2
    endloop
  endfacet
  facet normal -0 0 -1
    outer loop
      vertex -32.4058 -29.9419 3.2
      vertex -38.6719 -31.4796 3.2
      vertex -32.5894 -29.9075 3.2
    endloop
  endfacet
  facet normal 0 0 -1
    outer loop
      vertex -35.7868 -29.4033 3.2
      vertex -37.2285 -30.1171 3.2
      vertex -37.1872 -30.0766 3.2
    endloop
  endfacet
  facet normal 0 0 -1
    outer loop
      vertex -33.5643 -29.6579 3.2
      vertex -37.8493 -30.738 3.2
      vertex -37.6836 -30.5713 3.2
    endloop
  endfacet
  facet normal 0 -0 -1
    outer loop
      vertex -32.0232 -30.0041 3.2
      vertex -31.8249 -30.0318 3.2
      vertex -39.351 -32.0189 3.2
    endloop
  endfacet
  facet normal 0 0 -1
    outer loop
      vertex -31.2053 -30.101 3.2
      vertex -26.732 -31.5784 3.2
      vertex -26.6075 -31.6537 3.2
    endloop
  endfacet
  facet normal -0 -0 -1
    outer loop
      vertex -27.006 -31.4007 3.2
      vertex -26.8646 -31.4941 3.2
      vertex -30.7748 -30.1349 3.2
    endloop
  endfacet
  facet normal 0 0 -1
    outer loop
      vertex -27.1568 -31.2977 3.2
      vertex -30.5553 -30.1481 3.2
      vertex -30.3333 -30.1587 3.2
    endloop
  endfacet
  facet normal -0 -0 -1
    outer loop
      vertex -27.1568 -31.2977 3.2
      vertex -27.006 -31.4007 3.2
      vertex -30.5553 -30.1481 3.2
    endloop
  endfacet
  facet normal -0 -0 -1
    outer loop
      vertex -27.4896 -31.0614 3.2
      vertex -27.3178 -31.1847 3.2
      vertex -30.1092 -30.1667 3.2
    endloop
  endfacet
  facet normal -0 -0 -1
    outer loop
      vertex -27.6728 -30.9275 3.2
      vertex -27.4896 -31.0614 3.2
      vertex -29.9115 -30.1713 3.2
    endloop
  endfacet
  facet normal 0 0 -1
    outer loop
      vertex -27.8682 -30.7825 3.2
      vertex -29.7311 -30.1764 3.2
      vertex -29.5667 -30.1822 3.2
    endloop
  endfacet
  facet normal -0 -0 -1
    outer loop
      vertex -29.2812 -30.1968 3.2
      vertex -27.8682 -30.7825 3.2
      vertex -29.4171 -30.1889 3.2
    endloop
  endfacet
  facet normal -0 -0 -1
    outer loop
      vertex -29.0458 -30.2173 3.2
      vertex -28.0764 -30.6261 3.2
      vertex -29.1579 -30.2062 3.2
    endloop
  endfacet
  facet normal -0 -0 -1
    outer loop
      vertex -28.9438 -30.2303 3.2
      vertex -28.1497 -30.5708 3.2
      vertex -29.0458 -30.2173 3.2
    endloop
  endfacet
  facet normal -0 -0 -1
    outer loop
      vertex -28.8507 -30.2455 3.2
      vertex -28.2188 -30.5204 3.2
      vertex -28.9438 -30.2303 3.2
    endloop
  endfacet
  facet normal -0 -0 -1
    outer loop
      vertex -28.3494 -30.4332 3.2
      vertex -28.285 -30.4746 3.2
      vertex -28.7654 -30.263 3.2
    endloop
  endfacet
  facet normal -0 -0 -1
    outer loop
      vertex -28.4132 -30.3959 3.2
      vertex -28.3494 -30.4332 3.2
      vertex -28.6866 -30.2833 3.2
    endloop
  endfacet
  facet normal -0 -0 -1
    outer loop
      vertex -28.4777 -30.3626 3.2
      vertex -28.4132 -30.3959 3.2
      vertex -28.6132 -30.3065 3.2
    endloop
  endfacet
  facet normal -0 -0 -1
    outer loop
      vertex -28.5439 -30.3328 3.2
      vertex -28.4777 -30.3626 3.2
      vertex -28.6132 -30.3065 3.2
    endloop
  endfacet
  facet normal -0 -0 -1
    outer loop
      vertex -28.6132 -30.3065 3.2
      vertex -28.4132 -30.3959 3.2
      vertex -28.6866 -30.2833 3.2
    endloop
  endfacet
  facet normal -0 -0 -1
    outer loop
      vertex -28.6866 -30.2833 3.2
      vertex -28.3494 -30.4332 3.2
      vertex -28.7654 -30.263 3.2
    endloop
  endfacet
  facet normal -0 -0 -1
    outer loop
      vertex -28.7654 -30.263 3.2
      vertex -28.285 -30.4746 3.2
      vertex -28.8507 -30.2455 3.2
    endloop
  endfacet
  facet normal 0 0 -1
    outer loop
      vertex 69.7189 -34.7564 3.2
      vertex 67.6957 -32.4368 3.2
      vertex 67.765 -32.4418 3.2
    endloop
  endfacet
  facet normal 0 0 -1
    outer loop
      vertex -28.8507 -30.2455 3.2
      vertex -28.285 -30.4746 3.2
      vertex -28.2188 -30.5204 3.2
    endloop
  endfacet
  facet normal 0 0 -1
    outer loop
      vertex -28.9438 -30.2303 3.2
      vertex -28.2188 -30.5204 3.2
      vertex -28.1497 -30.5708 3.2
    endloop
  endfacet
  facet normal 0 0 -1
    outer loop
      vertex -29.0458 -30.2173 3.2
      vertex -28.1497 -30.5708 3.2
      vertex -28.0764 -30.6261 3.2
    endloop
  endfacet
  facet normal -0 -0 -1
    outer loop
      vertex -29.1579 -30.2062 3.2
      vertex -28.0764 -30.6261 3.2
      vertex -29.2812 -30.1968 3.2
    endloop
  endfacet
  facet normal 0 0 -1
    outer loop
      vertex -29.2812 -30.1968 3.2
      vertex -28.0764 -30.6261 3.2
      vertex -27.8682 -30.7825 3.2
    endloop
  endfacet
  facet normal 0 0 -1
    outer loop
      vertex 69.7189 -34.7564 3.2
      vertex 67.6237 -32.4305 3.2
      vertex 67.6957 -32.4368 3.2
    endloop
  endfacet
  facet normal -0 -0 -1
    outer loop
      vertex -29.4171 -30.1889 3.2
      vertex -27.8682 -30.7825 3.2
      vertex -29.5667 -30.1822 3.2
    endloop
  endfacet
  facet normal -0 -0 -1
    outer loop
      vertex 69.6999 -34.3756 3.2
      vertex 69.7189 -34.7564 3.2
      vertex 67.765 -32.4418 3.2
    endloop
  endfacet
  facet normal -0 -0 -1
    outer loop
      vertex -27.8682 -30.7825 3.2
      vertex -27.6728 -30.9275 3.2
      vertex -29.7311 -30.1764 3.2
    endloop
  endfacet
  facet normal -0 -0 -1
    outer loop
      vertex 67.6237 -32.4305 3.2
      vertex 69.7189 -34.7564 3.2
      vertex 67.5495 -32.4229 3.2
    endloop
  endfacet
  facet normal -0 -0 -1
    outer loop
      vertex -29.7311 -30.1764 3.2
      vertex -27.6728 -30.9275 3.2
      vertex -29.9115 -30.1713 3.2
    endloop
  endfacet
  facet normal -0 -0 -1
    outer loop
      vertex -29.9115 -30.1713 3.2
      vertex -27.4896 -31.0614 3.2
      vertex -30.1092 -30.1667 3.2
    endloop
  endfacet
  facet normal -0 -0 -1
    outer loop
      vertex -30.1092 -30.1667 3.2
      vertex -27.3178 -31.1847 3.2
      vertex -30.3333 -30.1587 3.2
    endloop
  endfacet
  facet normal 0 0 -1
    outer loop
      vertex -30.3333 -30.1587 3.2
      vertex -27.3178 -31.1847 3.2
      vertex -27.1568 -31.2977 3.2
    endloop
  endfacet
  facet normal -0 -0 -1
    outer loop
      vertex -30.5553 -30.1481 3.2
      vertex -27.006 -31.4007 3.2
      vertex -30.7748 -30.1349 3.2
    endloop
  endfacet
  facet normal -0 -0 -1
    outer loop
      vertex -30.7748 -30.1349 3.2
      vertex -26.8646 -31.4941 3.2
      vertex -30.9916 -30.1192 3.2
    endloop
  endfacet
  facet normal 0 0 -1
    outer loop
      vertex -30.9916 -30.1192 3.2
      vertex -26.8646 -31.4941 3.2
      vertex -26.732 -31.5784 3.2
    endloop
  endfacet
  facet normal 0 0 -1
    outer loop
      vertex -31.2053 -30.101 3.2
      vertex -30.9916 -30.1192 3.2
      vertex -26.732 -31.5784 3.2
    endloop
  endfacet
  facet normal 0 0 -1
    outer loop
      vertex -31.4156 -30.0803 3.2
      vertex -31.2053 -30.101 3.2
      vertex -26.6075 -31.6537 3.2
    endloop
  endfacet
  facet normal 0 0 -1
    outer loop
      vertex -32.217 -29.9741 3.2
      vertex -39.1111 -31.8312 3.2
      vertex -38.8835 -31.6505 3.2
    endloop
  endfacet
  facet normal 0 0 -1
    outer loop
      vertex -38.3123 -31.1789 3.2
      vertex -38.1718 -31.0548 3.2
      vertex -33.1059 -29.7917 3.2
    endloop
  endfacet
  facet normal 0 0 -1
    outer loop
      vertex -38.1718 -31.0548 3.2
      vertex -38.0628 -30.952 3.2
      vertex -33.2655 -29.749 3.2
    endloop
  endfacet
  facet normal 0 0 -1
    outer loop
      vertex -34.9762 -29.3722 3.2
      vertex -37.5742 -30.4614 3.2
      vertex -37.5205 -30.4075 3.2
    endloop
  endfacet
  facet normal 0 0 -1
    outer loop
      vertex -35.1128 -29.3698 3.2
      vertex -37.5205 -30.4075 3.2
      vertex -37.4679 -30.3548 3.2
    endloop
  endfacet
  facet normal 0 -0 -1
    outer loop
      vertex -35.7868 -29.4033 3.2
      vertex -35.6562 -29.3905 3.2
      vertex -37.2285 -30.1171 3.2
    endloop
  endfacet
  facet normal 0 0 -1
    outer loop
      vertex -36.0356 -29.438 3.2
      vertex -37.0805 -29.9741 3.2
      vertex -36.152 -29.4601 3.2
    endloop
  endfacet
  facet normal 0 -0 -1
    outer loop
      vertex -36.9469 -29.8493 3.2
      vertex -36.9085 -29.8185 3.2
      vertex -37.0805 -29.9741 3.2
    endloop
  endfacet
  facet normal 0 0 -1
    outer loop
      vertex -36.517 -29.5777 3.2
      vertex -36.4724 -29.5574 3.2
      vertex -36.262 -29.4852 3.2
    endloop
  endfacet
  facet normal 0 0 -1
    outer loop
      vertex -36.262 -29.4852 3.2
      vertex -36.4724 -29.5574 3.2
      vertex -36.4283 -29.5389 3.2
    endloop
  endfacet
  facet normal 0 -0 -1
    outer loop
      vertex -36.385 -29.5222 3.2
      vertex -36.262 -29.4852 3.2
      vertex -36.4283 -29.5389 3.2
    endloop
  endfacet
  facet normal 0 -0 -1
    outer loop
      vertex -36.517 -29.5777 3.2
      vertex -36.262 -29.4852 3.2
      vertex -36.562 -29.5997 3.2
    endloop
  endfacet
  facet normal 0 -0 -1
    outer loop
      vertex -37.0182 -29.9116 3.2
      vertex -36.9836 -29.8804 3.2
      vertex -37.0805 -29.9741 3.2
    endloop
  endfacet
  facet normal 0 -0 -1
    outer loop
      vertex -37.3666 -30.2537 3.2
      vertex -35.3869 -29.3741 3.2
      vertex -37.4165 -30.3034 3.2
    endloop
  endfacet
  facet normal 0 0 -1
    outer loop
      vertex -37.1486 -30.0391 3.2
      vertex -35.9136 -29.4191 3.2
      vertex -35.7868 -29.4033 3.2
    endloop
  endfacet
  facet normal 0 0 -1
    outer loop
      vertex -33.7028 -29.6095 3.2
      vertex -34.5783 -29.3973 3.2
      vertex -34.4527 -29.4116 3.2
    endloop
  endfacet
  facet normal 0 0 -1
    outer loop
      vertex -33.8336 -29.5593 3.2
      vertex -34.332 -29.4289 3.2
      vertex -34.2171 -29.4491 3.2
    endloop
  endfacet
  facet normal -0 -0 -1
    outer loop
      vertex -34.0084 -29.4984 3.2
      vertex -33.8336 -29.5593 3.2
      vertex -34.109 -29.4723 3.2
    endloop
  endfacet
  facet normal 0 0 -1
    outer loop
      vertex -34.0084 -29.4984 3.2
      vertex -33.9163 -29.5274 3.2
      vertex -33.8336 -29.5593 3.2
    endloop
  endfacet
  facet normal -0 -0 -1
    outer loop
      vertex -34.109 -29.4723 3.2
      vertex -33.8336 -29.5593 3.2
      vertex -34.2171 -29.4491 3.2
    endloop
  endfacet
  facet normal 0 0 -1
    outer loop
      vertex -33.8336 -29.5593 3.2
      vertex -34.4527 -29.4116 3.2
      vertex -34.332 -29.4289 3.2
    endloop
  endfacet
  facet normal -0 -0 -1
    outer loop
      vertex -33.8336 -29.5593 3.2
      vertex -33.7028 -29.6095 3.2
      vertex -34.4527 -29.4116 3.2
    endloop
  endfacet
  facet normal 0 0 -1
    outer loop
      vertex -33.7028 -29.6095 3.2
      vertex -34.708 -29.386 3.2
      vertex -34.5783 -29.3973 3.2
    endloop
  endfacet
  facet normal 0 0 -1
    outer loop
      vertex -37.0805 -29.9741 3.2
      vertex -36.8271 -29.7585 3.2
      vertex -36.7845 -29.7295 3.2
    endloop
  endfacet
  facet normal -0 -0 -1
    outer loop
      vertex 67.5495 -32.4229 3.2
      vertex 69.7354 -35.195 3.2
      vertex 67.4734 -32.4142 3.2
    endloop
  endfacet
  facet normal 0 -0 -1
    outer loop
      vertex -36.9085 -29.8185 3.2
      vertex -36.8685 -29.7882 3.2
      vertex -37.0805 -29.9741 3.2
    endloop
  endfacet
  facet normal 0 0 -1
    outer loop
      vertex 69.7354 -35.195 3.2
      vertex 67.317 -32.3936 3.2
      vertex 67.3957 -32.4044 3.2
    endloop
  endfacet
  facet normal 0 0 -1
    outer loop
      vertex -36.7411 -29.7013 3.2
      vertex -36.6968 -29.6741 3.2
      vertex -36.152 -29.4601 3.2
    endloop
  endfacet
  facet normal 0 0 -1
    outer loop
      vertex 67.2374 -32.3818 3.2
      vertex 67.317 -32.3936 3.2
      vertex 69.7354 -35.195 3.2
    endloop
  endfacet
  facet normal 0 0 -1
    outer loop
      vertex -36.385 -29.5222 3.2
      vertex -36.3427 -29.5077 3.2
      vertex -36.262 -29.4852 3.2
    endloop
  endfacet
  facet normal 0 0 -1
    outer loop
      vertex 67.1575 -32.3692 3.2
      vertex 67.2374 -32.3818 3.2
      vertex 69.7498 -35.6959 3.2
    endloop
  endfacet
  facet normal 0 0 -1
    outer loop
      vertex -36.262 -29.4852 3.2
      vertex -36.3427 -29.5077 3.2
      vertex -36.3016 -29.4953 3.2
    endloop
  endfacet
  facet normal 0 0 -1
    outer loop
      vertex 66.841 -32.311 3.2
      vertex 66.9189 -32.3265 3.2
      vertex 69.7627 -36.2636 3.2
    endloop
  endfacet
  facet normal 0 0 -1
    outer loop
      vertex -36.562 -29.5997 3.2
      vertex -36.262 -29.4852 3.2
      vertex -36.152 -29.4601 3.2
    endloop
  endfacet
  facet normal 0 0 -1
    outer loop
      vertex 66.4803 -32.2263 3.2
      vertex 66.2681 -32.1742 3.2
      vertex 66.3434 -32.1912 3.2
    endloop
  endfacet
  facet normal 0 0 -1
    outer loop
      vertex -36.6071 -29.6231 3.2
      vertex -36.562 -29.5997 3.2
      vertex -36.152 -29.4601 3.2
    endloop
  endfacet
  facet normal 0 -0 -1
    outer loop
      vertex 46.6135 -30.9896 3.2
      vertex 46.6637 -30.9792 3.2
      vertex 46.5141 -31.0216 3.2
    endloop
  endfacet
  facet normal 0 -0 -1
    outer loop
      vertex -36.6521 -29.648 3.2
      vertex -36.152 -29.4601 3.2
      vertex -36.6968 -29.6741 3.2
    endloop
  endfacet
  facet normal 0 0 -1
    outer loop
      vertex -37.0805 -29.9741 3.2
      vertex -36.7845 -29.7295 3.2
      vertex -36.7411 -29.7013 3.2
    endloop
  endfacet
  facet normal 0 0 -1
    outer loop
      vertex -37.0805 -29.9741 3.2
      vertex -37.0506 -29.9429 3.2
      vertex -37.0182 -29.9116 3.2
    endloop
  endfacet
  facet normal 0 0 -1
    outer loop
      vertex -36.9469 -29.8493 3.2
      vertex -37.0805 -29.9741 3.2
      vertex -36.9836 -29.8804 3.2
    endloop
  endfacet
  facet normal 0 -0 -1
    outer loop
      vertex -36.8685 -29.7882 3.2
      vertex -36.8271 -29.7585 3.2
      vertex -37.0805 -29.9741 3.2
    endloop
  endfacet
  facet normal 0 0 -1
    outer loop
      vertex -37.0805 -29.9741 3.2
      vertex -36.7411 -29.7013 3.2
      vertex -36.152 -29.4601 3.2
    endloop
  endfacet
  facet normal 0 0 -1
    outer loop
      vertex -35.9136 -29.4191 3.2
      vertex -37.0805 -29.9741 3.2
      vertex -36.0356 -29.438 3.2
    endloop
  endfacet
  facet normal 0 0 -1
    outer loop
      vertex -35.9136 -29.4191 3.2
      vertex -37.1129 -30.0049 3.2
      vertex -37.0805 -29.9741 3.2
    endloop
  endfacet
  facet normal 0 0 -1
    outer loop
      vertex -35.9136 -29.4191 3.2
      vertex -37.1486 -30.0391 3.2
      vertex -37.1129 -30.0049 3.2
    endloop
  endfacet
  facet normal 0 0 -1
    outer loop
      vertex -35.7868 -29.4033 3.2
      vertex -37.1872 -30.0766 3.2
      vertex -37.1486 -30.0391 3.2
    endloop
  endfacet
  facet normal 0 0 -1
    outer loop
      vertex -37.2724 -30.1603 3.2
      vertex -37.2285 -30.1171 3.2
      vertex -35.6562 -29.3905 3.2
    endloop
  endfacet
  facet normal 0 0 -1
    outer loop
      vertex -35.5226 -29.3808 3.2
      vertex -37.2724 -30.1603 3.2
      vertex -35.6562 -29.3905 3.2
    endloop
  endfacet
  facet normal 0 0 -1
    outer loop
      vertex -35.5226 -29.3808 3.2
      vertex -37.3185 -30.2059 3.2
      vertex -37.2724 -30.1603 3.2
    endloop
  endfacet
  facet normal 0 -0 -1
    outer loop
      vertex -35.5226 -29.3808 3.2
      vertex -35.3869 -29.3741 3.2
      vertex -37.3185 -30.2059 3.2
    endloop
  endfacet
  facet normal 0 -0 -1
    outer loop
      vertex -37.3185 -30.2059 3.2
      vertex -35.3869 -29.3741 3.2
      vertex -37.3666 -30.2537 3.2
    endloop
  endfacet
  facet normal 0 -0 -1
    outer loop
      vertex -35.3869 -29.3741 3.2
      vertex -35.25 -29.3704 3.2
      vertex -37.4165 -30.3034 3.2
    endloop
  endfacet
  facet normal 0 -0 -1
    outer loop
      vertex -37.4165 -30.3034 3.2
      vertex -35.25 -29.3704 3.2
      vertex -37.4679 -30.3548 3.2
    endloop
  endfacet
  facet normal 0 0 -1
    outer loop
      vertex -37.4679 -30.3548 3.2
      vertex -35.25 -29.3704 3.2
      vertex -35.1128 -29.3698 3.2
    endloop
  endfacet
  facet normal 0 0 -1
    outer loop
      vertex -37.5205 -30.4075 3.2
      vertex -35.1128 -29.3698 3.2
      vertex -34.9762 -29.3722 3.2
    endloop
  endfacet
  facet normal 0 0 -1
    outer loop
      vertex -37.5742 -30.4614 3.2
      vertex -34.9762 -29.3722 3.2
      vertex -34.8409 -29.3776 3.2
    endloop
  endfacet
  facet normal -0 0 -1
    outer loop
      vertex -34.708 -29.386 3.2
      vertex -37.5742 -30.4614 3.2
      vertex -34.8409 -29.3776 3.2
    endloop
  endfacet
  facet normal 0 0 -1
    outer loop
      vertex -34.708 -29.386 3.2
      vertex -37.6286 -30.5161 3.2
      vertex -37.5742 -30.4614 3.2
    endloop
  endfacet
  facet normal 0 -0 -1
    outer loop
      vertex -34.708 -29.386 3.2
      vertex -33.7028 -29.6095 3.2
      vertex -37.6286 -30.5161 3.2
    endloop
  endfacet
  facet normal 0 -0 -1
    outer loop
      vertex -37.6286 -30.5161 3.2
      vertex -33.7028 -29.6095 3.2
      vertex -37.6836 -30.5713 3.2
    endloop
  endfacet
  facet normal 0 0 -1
    outer loop
      vertex -37.6836 -30.5713 3.2
      vertex -33.7028 -29.6095 3.2
      vertex -33.5643 -29.6579 3.2
    endloop
  endfacet
  facet normal 0 -0 -1
    outer loop
      vertex -37.8493 -30.738 3.2
      vertex -33.5643 -29.6579 3.2
      vertex -37.904 -30.7929 3.2
    endloop
  endfacet
  facet normal 0 0 -1
    outer loop
      vertex -37.904 -30.7929 3.2
      vertex -33.5643 -29.6579 3.2
      vertex -33.4184 -29.7044 3.2
    endloop
  endfacet
  facet normal 0 0 -1
    outer loop
      vertex -37.9579 -30.847 3.2
      vertex -37.904 -30.7929 3.2
      vertex -33.4184 -29.7044 3.2
    endloop
  endfacet
  facet normal 0 0 -1
    outer loop
      vertex -38.011 -30.9002 3.2
      vertex -37.9579 -30.847 3.2
      vertex -33.4184 -29.7044 3.2
    endloop
  endfacet
  facet normal 0 0 -1
    outer loop
      vertex -38.0628 -30.952 3.2
      vertex -38.011 -30.9002 3.2
      vertex -33.4184 -29.7044 3.2
    endloop
  endfacet
  facet normal -0 0 -1
    outer loop
      vertex -33.2655 -29.749 3.2
      vertex -38.0628 -30.952 3.2
      vertex -33.4184 -29.7044 3.2
    endloop
  endfacet
  facet normal -0 0 -1
    outer loop
      vertex -33.1059 -29.7917 3.2
      vertex -38.1718 -31.0548 3.2
      vertex -33.2655 -29.749 3.2
    endloop
  endfacet
  facet normal -0 0 -1
    outer loop
      vertex -32.9397 -29.8324 3.2
      vertex -38.3123 -31.1789 3.2
      vertex -33.1059 -29.7917 3.2
    endloop
  endfacet
  facet normal 0 0 -1
    outer loop
      vertex -32.9397 -29.8324 3.2
      vertex -38.4802 -31.3215 3.2
      vertex -38.3123 -31.1789 3.2
    endloop
  endfacet
  facet normal 0 -0 -1
    outer loop
      vertex -32.9397 -29.8324 3.2
      vertex -32.7675 -29.871 3.2
      vertex -38.4802 -31.3215 3.2
    endloop
  endfacet
  facet normal 0 0 -1
    outer loop
      vertex -38.4802 -31.3215 3.2
      vertex -32.7675 -29.871 3.2
      vertex -32.5894 -29.9075 3.2
    endloop
  endfacet
  facet normal 0 0 -1
    outer loop
      vertex -38.6719 -31.4796 3.2
      vertex -38.4802 -31.3215 3.2
      vertex -32.5894 -29.9075 3.2
    endloop
  endfacet
  facet normal 0 0 -1
    outer loop
      vertex -38.8835 -31.6505 3.2
      vertex -38.6719 -31.4796 3.2
      vertex -32.4058 -29.9419 3.2
    endloop
  endfacet
  facet normal -0 0 -1
    outer loop
      vertex -32.217 -29.9741 3.2
      vertex -38.8835 -31.6505 3.2
      vertex -32.4058 -29.9419 3.2
    endloop
  endfacet
  facet normal -0 0 -1
    outer loop
      vertex -32.0232 -30.0041 3.2
      vertex -39.1111 -31.8312 3.2
      vertex -32.217 -29.9741 3.2
    endloop
  endfacet
  facet normal 0 0 -1
    outer loop
      vertex -39.5993 -32.2106 3.2
      vertex -39.351 -32.0189 3.2
      vertex -31.8249 -30.0318 3.2
    endloop
  endfacet
  facet normal -0 0 -1
    outer loop
      vertex -31.6222 -30.0573 3.2
      vertex -39.5993 -32.2106 3.2
      vertex -31.8249 -30.0318 3.2
    endloop
  endfacet
  facet normal 0 0 -1
    outer loop
      vertex -31.6222 -30.0573 3.2
      vertex -39.8521 -32.4036 3.2
      vertex -39.5993 -32.2106 3.2
    endloop
  endfacet
  facet normal 0 -0 -1
    outer loop
      vertex -31.6222 -30.0573 3.2
      vertex -31.4156 -30.0803 3.2
      vertex -39.8521 -32.4036 3.2
    endloop
  endfacet
  facet normal 0 -0 -1
    outer loop
      vertex -39.8521 -32.4036 3.2
      vertex -31.4156 -30.0803 3.2
      vertex -40.1058 -32.5948 3.2
    endloop
  endfacet
  facet normal 0 0 -1
    outer loop
      vertex -40.1058 -32.5948 3.2
      vertex -31.4156 -30.0803 3.2
      vertex -26.6075 -31.6537 3.2
    endloop
  endfacet
  facet normal -0 0 -1
    outer loop
      vertex -26.4905 -31.7206 3.2
      vertex -40.1058 -32.5948 3.2
      vertex -26.6075 -31.6537 3.2
    endloop
  endfacet
  facet normal 0 0 -1
    outer loop
      vertex -26.4905 -31.7206 3.2
      vertex -40.3563 -32.7815 3.2
      vertex -40.1058 -32.5948 3.2
    endloop
  endfacet
  facet normal 0 0 -1
    outer loop
      vertex -40.8329 -33.1298 3.2
      vertex -26.3802 -31.7794 3.2
      vertex -26.2759 -31.8305 3.2
    endloop
  endfacet
  facet normal 0 0 -1
    outer loop
      vertex -41.0513 -33.2855 3.2
      vertex -40.8329 -33.1298 3.2
      vertex -26.2759 -31.8305 3.2
    endloop
  endfacet
  facet normal 0 0 -1
    outer loop
      vertex -41.2513 -33.4252 3.2
      vertex -41.0513 -33.2855 3.2
      vertex -26.2759 -31.8305 3.2
    endloop
  endfacet
  facet normal -0 0 -1
    outer loop
      vertex -26.1771 -31.8741 3.2
      vertex -41.2513 -33.4252 3.2
      vertex -26.2759 -31.8305 3.2
    endloop
  endfacet
  facet normal 0 0 -1
    outer loop
      vertex -26.1771 -31.8741 3.2
      vertex -41.4291 -33.546 3.2
      vertex -41.2513 -33.4252 3.2
    endloop
  endfacet
  facet normal 0 -0 -1
    outer loop
      vertex -26.1771 -31.8741 3.2
      vertex -26.083 -31.9108 3.2
      vertex -41.4291 -33.546 3.2
    endloop
  endfacet
  facet normal 0 -0 -1
    outer loop
      vertex -41.4291 -33.546 3.2
      vertex -26.083 -31.9108 3.2
      vertex -41.5809 -33.6449 3.2
    endloop
  endfacet
  facet normal 0 -0 -1
    outer loop
      vertex -41.5809 -33.6449 3.2
      vertex -26.083 -31.9108 3.2
      vertex -41.7028 -33.7192 3.2
    endloop
  endfacet
  facet normal 0 0 -1
    outer loop
      vertex -41.7028 -33.7192 3.2
      vertex -26.083 -31.9108 3.2
      vertex -25.993 -31.9408 3.2
    endloop
  endfacet
  facet normal -0 0 -1
    outer loop
      vertex -25.9063 -31.9645 3.2
      vertex -41.7028 -33.7192 3.2
      vertex -25.993 -31.9408 3.2
    endloop
  endfacet
  facet normal 0 0 -1
    outer loop
      vertex -25.9063 -31.9645 3.2
      vertex -41.7911 -33.7658 3.2
      vertex -41.7028 -33.7192 3.2
    endloop
  endfacet
  facet normal 0 -0 -1
    outer loop
      vertex -25.9063 -31.9645 3.2
      vertex -25.8223 -31.9824 3.2
      vertex -41.7911 -33.7658 3.2
    endloop
  endfacet
  facet normal 0 0 -1
    outer loop
      vertex -41.7911 -33.7658 3.2
      vertex -25.8223 -31.9824 3.2
      vertex -8.34424 -41.4912 3.2
    endloop
  endfacet
  facet normal 0 0 -1
    outer loop
      vertex -41.8418 -33.782 3.2
      vertex -41.7911 -33.7658 3.2
      vertex -8.34424 -41.4912 3.2
    endloop
  endfacet
  facet normal 0 0 -1
    outer loop
      vertex -8.30748 -41.5243 3.2
      vertex -41.8418 -33.782 3.2
      vertex -8.34424 -41.4912 3.2
    endloop
  endfacet
  facet normal -0 -0 -1
    outer loop
      vertex -8.30748 -41.5243 3.2
      vertex -8.26381 -41.5532 3.2
      vertex -41.8418 -33.782 3.2
    endloop
  endfacet
  facet normal 0 -0 -1
    outer loop
      vertex -41.8418 -33.782 3.2
      vertex -8.26381 -41.5532 3.2
      vertex -69.85 -44.45 3.2
    endloop
  endfacet
  facet normal 0 -0 -1
    outer loop
      vertex -41.8535 -33.7807 3.2
      vertex -41.8418 -33.782 3.2
      vertex -69.85 -44.45 3.2
    endloop
  endfacet
  facet normal 0 0 -1
    outer loop
      vertex -69.85 -44.45 3.2
      vertex -8.26381 -41.5532 3.2
      vertex -8.21326 -41.5779 3.2
    endloop
  endfacet
  facet normal 0 0 -1
    outer loop
      vertex -69.85 -44.45 3.2
      vertex -47.5165 -32.5325 3.2
      vertex -47.1987 -32.6238 3.2
    endloop
  endfacet
  facet normal 0 0 -1
    outer loop
      vertex -45.1279 -33.0479 3.2
      vertex -41.8857 -33.7705 3.2
      vertex -41.8682 -33.7768 3.2
    endloop
  endfacet
  facet normal 0 0 -1
    outer loop
      vertex -44.9181 -33.0648 3.2
      vertex -41.9057 -33.7619 3.2
      vertex -41.8857 -33.7705 3.2
    endloop
  endfacet
  facet normal -0 -0 -1
    outer loop
      vertex -41.9533 -33.738 3.2
      vertex -41.9283 -33.751 3.2
      vertex -44.524 -33.0761 3.2
    endloop
  endfacet
  facet normal 0 0 -1
    outer loop
      vertex -44.3384 -33.0708 3.2
      vertex -42.0408 -33.6875 3.2
      vertex -42.0097 -33.7061 3.2
    endloop
  endfacet
  facet normal 0 0 -1
    outer loop
      vertex -42.1083 -33.6453 3.2
      vertex -44.3384 -33.0708 3.2
      vertex -44.1641 -33.0626 3.2
    endloop
  endfacet
  facet normal 0 0 -1
    outer loop
      vertex -42.1443 -33.622 3.2
      vertex -44.1641 -33.0626 3.2
      vertex -42.1817 -33.5973 3.2
    endloop
  endfacet
  facet normal 0 0 -1
    outer loop
      vertex -42.1817 -33.5973 3.2
      vertex -44.0046 -33.0559 3.2
      vertex -42.2203 -33.5715 3.2
    endloop
  endfacet
  facet normal 0 0 -1
    outer loop
      vertex -44.0046 -33.0559 3.2
      vertex -43.859 -33.0509 3.2
      vertex -42.26 -33.5445 3.2
    endloop
  endfacet
  facet normal 0 0 -1
    outer loop
      vertex -43.859 -33.0509 3.2
      vertex -42.342 -33.4876 3.2
      vertex -42.3006 -33.5165 3.2
    endloop
  endfacet
  facet normal 0 0 -1
    outer loop
      vertex -43.7262 -33.0478 3.2
      vertex -42.384 -33.458 3.2
      vertex -42.342 -33.4876 3.2
    endloop
  endfacet
  facet normal 0 0 -1
    outer loop
      vertex -43.6051 -33.0467 3.2
      vertex -42.4265 -33.4276 3.2
      vertex -42.384 -33.458 3.2
    endloop
  endfacet
  facet normal 0 0 -1
    outer loop
      vertex -43.4946 -33.0479 3.2
      vertex -42.4694 -33.3968 3.2
      vertex -42.4265 -33.4276 3.2
    endloop
  endfacet
  facet normal -0 -0 -1
    outer loop
      vertex -43.3937 -33.0514 3.2
      vertex -42.5426 -33.3458 3.2
      vertex -43.4946 -33.0479 3.2
    endloop
  endfacet
  facet normal 0 0 -1
    outer loop
      vertex -43.3937 -33.0514 3.2
      vertex -42.6116 -33.2996 3.2
      vertex -42.5426 -33.3458 3.2
    endloop
  endfacet
  facet normal 0 0 -1
    outer loop
      vertex -43.3013 -33.0575 3.2
      vertex -42.6773 -33.258 3.2
      vertex -42.6116 -33.2996 3.2
    endloop
  endfacet
  facet normal 0 0 -1
    outer loop
      vertex -43.2164 -33.0664 3.2
      vertex -42.741 -33.2206 3.2
      vertex -42.6773 -33.258 3.2
    endloop
  endfacet
  facet normal 0 0 -1
    outer loop
      vertex -43.1378 -33.0782 3.2
      vertex -42.8036 -33.1875 3.2
      vertex -42.741 -33.2206 3.2
    endloop
  endfacet
  facet normal 0 0 -1
    outer loop
      vertex -43.1378 -33.0782 3.2
      vertex -43.0646 -33.0931 3.2
      vertex -42.8036 -33.1875 3.2
    endloop
  endfacet
  facet normal 0 0 -1
    outer loop
      vertex -42.8662 -33.1583 3.2
      vertex -42.9956 -33.1113 3.2
      vertex -42.9298 -33.133 3.2
    endloop
  endfacet
  facet normal -0 -0 -1
    outer loop
      vertex -42.8662 -33.1583 3.2
      vertex -42.8036 -33.1875 3.2
      vertex -43.0646 -33.0931 3.2
    endloop
  endfacet
  facet normal 0 0 -1
    outer loop
      vertex -42.8662 -33.1583 3.2
      vertex -43.0646 -33.0931 3.2
      vertex -42.9956 -33.1113 3.2
    endloop
  endfacet
  facet normal 0 0 -1
    outer loop
      vertex -43.2164 -33.0664 3.2
      vertex -43.1378 -33.0782 3.2
      vertex -42.741 -33.2206 3.2
    endloop
  endfacet
  facet normal 0 0 -1
    outer loop
      vertex -43.3013 -33.0575 3.2
      vertex -43.2164 -33.0664 3.2
      vertex -42.6773 -33.258 3.2
    endloop
  endfacet
  facet normal 0 0 -1
    outer loop
      vertex -43.3937 -33.0514 3.2
      vertex -43.3013 -33.0575 3.2
      vertex -42.6116 -33.2996 3.2
    endloop
  endfacet
  facet normal 0 0 -1
    outer loop
      vertex -43.4946 -33.0479 3.2
      vertex -42.5426 -33.3458 3.2
      vertex -42.4694 -33.3968 3.2
    endloop
  endfacet
  facet normal 0 0 -1
    outer loop
      vertex -43.6051 -33.0467 3.2
      vertex -43.4946 -33.0479 3.2
      vertex -42.4265 -33.4276 3.2
    endloop
  endfacet
  facet normal 0 0 -1
    outer loop
      vertex -43.7262 -33.0478 3.2
      vertex -43.6051 -33.0467 3.2
      vertex -42.384 -33.458 3.2
    endloop
  endfacet
  facet normal 0 0 -1
    outer loop
      vertex -43.859 -33.0509 3.2
      vertex -43.7262 -33.0478 3.2
      vertex -42.342 -33.4876 3.2
    endloop
  endfacet
  facet normal 0 0 -1
    outer loop
      vertex -42.26 -33.5445 3.2
      vertex -43.859 -33.0509 3.2
      vertex -42.3006 -33.5165 3.2
    endloop
  endfacet
  facet normal 0 0 -1
    outer loop
      vertex -42.2203 -33.5715 3.2
      vertex -44.0046 -33.0559 3.2
      vertex -42.26 -33.5445 3.2
    endloop
  endfacet
  facet normal 0 0 -1
    outer loop
      vertex -42.1817 -33.5973 3.2
      vertex -44.1641 -33.0626 3.2
      vertex -44.0046 -33.0559 3.2
    endloop
  endfacet
  facet normal -0 -0 -1
    outer loop
      vertex -42.1443 -33.622 3.2
      vertex -42.1083 -33.6453 3.2
      vertex -44.1641 -33.0626 3.2
    endloop
  endfacet
  facet normal -0 -0 -1
    outer loop
      vertex -42.1083 -33.6453 3.2
      vertex -42.0737 -33.6672 3.2
      vertex -44.3384 -33.0708 3.2
    endloop
  endfacet
  facet normal 0 0 -1
    outer loop
      vertex -44.3384 -33.0708 3.2
      vertex -42.0737 -33.6672 3.2
      vertex -42.0408 -33.6875 3.2
    endloop
  endfacet
  facet normal 0 0 -1
    outer loop
      vertex -44.524 -33.0761 3.2
      vertex -44.3384 -33.0708 3.2
      vertex -42.0097 -33.7061 3.2
    endloop
  endfacet
  facet normal 0 0 -1
    outer loop
      vertex -41.9804 -33.723 3.2
      vertex -44.524 -33.0761 3.2
      vertex -42.0097 -33.7061 3.2
    endloop
  endfacet
  facet normal -0 -0 -1
    outer loop
      vertex -41.9804 -33.723 3.2
      vertex -41.9533 -33.738 3.2
      vertex -44.524 -33.0761 3.2
    endloop
  endfacet
  facet normal -0 -0 -1
    outer loop
      vertex -44.524 -33.0761 3.2
      vertex -41.9283 -33.751 3.2
      vertex -44.717 -33.0742 3.2
    endloop
  endfacet
  facet normal 0 0 -1
    outer loop
      vertex -44.717 -33.0742 3.2
      vertex -41.9283 -33.751 3.2
      vertex -41.9057 -33.7619 3.2
    endloop
  endfacet
  facet normal 0 0 -1
    outer loop
      vertex -44.9181 -33.0648 3.2
      vertex -44.717 -33.0742 3.2
      vertex -41.9057 -33.7619 3.2
    endloop
  endfacet
  facet normal 0 0 -1
    outer loop
      vertex -45.1279 -33.0479 3.2
      vertex -44.9181 -33.0648 3.2
      vertex -41.8857 -33.7705 3.2
    endloop
  endfacet
  facet normal 0 0 -1
    outer loop
      vertex -45.3471 -33.0233 3.2
      vertex -45.1279 -33.0479 3.2
      vertex -41.8682 -33.7768 3.2
    endloop
  endfacet
  facet normal 0 -0 -1
    outer loop
      vertex -45.5763 -32.9909 3.2
      vertex -45.3471 -33.0233 3.2
      vertex -69.85 -44.45 3.2
    endloop
  endfacet
  facet normal 0 0 -1
    outer loop
      vertex -69.85 -44.45 3.2
      vertex -45.3471 -33.0233 3.2
      vertex -41.8682 -33.7768 3.2
    endloop
  endfacet
  facet normal 0 0 -1
    outer loop
      vertex -69.85 -44.45 3.2
      vertex -45.8162 -32.9505 3.2
      vertex -45.5763 -32.9909 3.2
    endloop
  endfacet
  facet normal 0 0 -1
    outer loop
      vertex -69.85 -44.45 3.2
      vertex -57.7708 -31.4456 3.2
      vertex -57.7148 -31.4339 3.2
    endloop
  endfacet
  facet normal 0 0 -1
    outer loop
      vertex -49.7663 -31.7909 3.2
      vertex -57.4557 -31.378 3.2
      vertex -57.3839 -31.3621 3.2
    endloop
  endfacet
  facet normal 0 -0 -1
    outer loop
      vertex -57.2344 -31.3287 3.2
      vertex -49.7663 -31.7909 3.2
      vertex -57.3101 -31.3457 3.2
    endloop
  endfacet
  facet normal 0 0 -1
    outer loop
      vertex -57.0793 -31.2937 3.2
      vertex -57.0004 -31.2759 3.2
      vertex -49.7663 -31.7909 3.2
    endloop
  endfacet
  facet normal 0 0 -1
    outer loop
      vertex -57.0004 -31.2759 3.2
      vertex -56.9212 -31.2578 3.2
      vertex -52.5211 -31.089 3.2
    endloop
  endfacet
  facet normal 0 0 -1
    outer loop
      vertex -56.9212 -31.2578 3.2
      vertex -56.842 -31.2398 3.2
      vertex -52.5832 -31.0801 3.2
    endloop
  endfacet
  facet normal 0 0 -1
    outer loop
      vertex -56.7631 -31.2218 3.2
      vertex -56.6849 -31.2039 3.2
      vertex -52.6466 -31.07 3.2
    endloop
  endfacet
  facet normal 0 0 -1
    outer loop
      vertex -53.038 -30.9879 3.2
      vertex -55.6602 -30.977 3.2
      vertex -55.3882 -30.9182 3.2
    endloop
  endfacet
  facet normal 0 -0 -1
    outer loop
      vertex -56.3059 -31.1195 3.2
      vertex -52.6466 -31.07 3.2
      vertex -56.6849 -31.2039 3.2
    endloop
  endfacet
  facet normal 0 0 -1
    outer loop
      vertex -52.4608 -31.0967 3.2
      vertex -50.565 -31.5106 3.2
      vertex -50.4443 -31.5507 3.2
    endloop
  endfacet
  facet normal 0 0 -1
    outer loop
      vertex -52.4026 -31.1032 3.2
      vertex -51.042 -31.3626 3.2
      vertex -50.9246 -31.3974 3.2
    endloop
  endfacet
  facet normal 0 0 -1
    outer loop
      vertex -51.27 -31.2981 3.2
      vertex -52.3467 -31.1083 3.2
      vertex -51.3797 -31.2687 3.2
    endloop
  endfacet
  facet normal -0 -0 -1
    outer loop
      vertex -51.8642 -31.1564 3.2
      vertex -51.7775 -31.1738 3.2
      vertex -52.2433 -31.1142 3.2
    endloop
  endfacet
  facet normal 0 0 -1
    outer loop
      vertex -52.1965 -31.115 3.2
      vertex -52.1452 -31.1168 3.2
      vertex -52.0859 -31.1219 3.2
    endloop
  endfacet
  facet normal -0 -0 -1
    outer loop
      vertex -51.5877 -31.2165 3.2
      vertex -51.4857 -31.2415 3.2
      vertex -52.2935 -31.112 3.2
    endloop
  endfacet
  facet normal 0 0 -1
    outer loop
      vertex -52.2935 -31.112 3.2
      vertex -52.2433 -31.1142 3.2
      vertex -51.7775 -31.1738 3.2
    endloop
  endfacet
  facet normal -0 -0 -1
    outer loop
      vertex -52.0189 -31.1304 3.2
      vertex -51.9448 -31.1419 3.2
      vertex -52.2433 -31.1142 3.2
    endloop
  endfacet
  facet normal 0 0 -1
    outer loop
      vertex -52.0189 -31.1304 3.2
      vertex -52.1965 -31.115 3.2
      vertex -52.0859 -31.1219 3.2
    endloop
  endfacet
  facet normal 0 0 -1
    outer loop
      vertex -52.0189 -31.1304 3.2
      vertex -52.2433 -31.1142 3.2
      vertex -52.1965 -31.115 3.2
    endloop
  endfacet
  facet normal -0 -0 -1
    outer loop
      vertex -51.9448 -31.1419 3.2
      vertex -51.8642 -31.1564 3.2
      vertex -52.2433 -31.1142 3.2
    endloop
  endfacet
  facet normal -0 -0 -1
    outer loop
      vertex -51.7775 -31.1738 3.2
      vertex -51.6851 -31.1939 3.2
      vertex -52.2935 -31.112 3.2
    endloop
  endfacet
  facet normal 0 0 -1
    outer loop
      vertex -52.2935 -31.112 3.2
      vertex -51.6851 -31.1939 3.2
      vertex -51.5877 -31.2165 3.2
    endloop
  endfacet
  facet normal 0 0 -1
    outer loop
      vertex -52.3467 -31.1083 3.2
      vertex -52.2935 -31.112 3.2
      vertex -51.4857 -31.2415 3.2
    endloop
  endfacet
  facet normal 0 0 -1
    outer loop
      vertex -51.3797 -31.2687 3.2
      vertex -52.3467 -31.1083 3.2
      vertex -51.4857 -31.2415 3.2
    endloop
  endfacet
  facet normal -0 -0 -1
    outer loop
      vertex -51.27 -31.2981 3.2
      vertex -51.1573 -31.3294 3.2
      vertex -52.3467 -31.1083 3.2
    endloop
  endfacet
  facet normal -0 -0 -1
    outer loop
      vertex -52.3467 -31.1083 3.2
      vertex -51.1573 -31.3294 3.2
      vertex -52.4026 -31.1032 3.2
    endloop
  endfacet
  facet normal 0 0 -1
    outer loop
      vertex -52.4026 -31.1032 3.2
      vertex -51.1573 -31.3294 3.2
      vertex -51.042 -31.3626 3.2
    endloop
  endfacet
  facet normal 0 0 -1
    outer loop
      vertex -50.8056 -31.4338 3.2
      vertex -52.4026 -31.1032 3.2
      vertex -50.9246 -31.3974 3.2
    endloop
  endfacet
  facet normal -0 -0 -1
    outer loop
      vertex -50.8056 -31.4338 3.2
      vertex -50.6856 -31.4716 3.2
      vertex -52.4026 -31.1032 3.2
    endloop
  endfacet
  facet normal -0 -0 -1
    outer loop
      vertex -52.4026 -31.1032 3.2
      vertex -50.6856 -31.4716 3.2
      vertex -52.4608 -31.0967 3.2
    endloop
  endfacet
  facet normal 0 0 -1
    outer loop
      vertex -52.4608 -31.0967 3.2
      vertex -50.6856 -31.4716 3.2
      vertex -50.565 -31.5106 3.2
    endloop
  endfacet
  facet normal 0 0 -1
    outer loop
      vertex -50.324 -31.5917 3.2
      vertex -52.4608 -31.0967 3.2
      vertex -50.4443 -31.5507 3.2
    endloop
  endfacet
  facet normal -0 -0 -1
    outer loop
      vertex -50.324 -31.5917 3.2
      vertex -50.2047 -31.6336 3.2
      vertex -52.4608 -31.0967 3.2
    endloop
  endfacet
  facet normal -0 -0 -1
    outer loop
      vertex -52.4608 -31.0967 3.2
      vertex -50.2047 -31.6336 3.2
      vertex -52.5211 -31.089 3.2
    endloop
  endfacet
  facet normal 0 0 -1
    outer loop
      vertex -52.5211 -31.089 3.2
      vertex -50.2047 -31.6336 3.2
      vertex -49.7663 -31.7909 3.2
    endloop
  endfacet
  facet normal -0 0 -1
    outer loop
      vertex -52.7763 -31.0465 3.2
      vertex -56.3059 -31.1195 3.2
      vertex -55.9652 -31.044 3.2
    endloop
  endfacet
  facet normal 0 -0 -1
    outer loop
      vertex -52.842 -31.0332 3.2
      vertex -52.7763 -31.0465 3.2
      vertex -55.9652 -31.044 3.2
    endloop
  endfacet
  facet normal -0 0 -1
    outer loop
      vertex -52.9077 -31.019 3.2
      vertex -55.9652 -31.044 3.2
      vertex -55.6602 -30.977 3.2
    endloop
  endfacet
  facet normal 0 0 -1
    outer loop
      vertex -52.9731 -31.0039 3.2
      vertex -55.6602 -30.977 3.2
      vertex -53.038 -30.9879 3.2
    endloop
  endfacet
  facet normal -0 -0 -1
    outer loop
      vertex -52.9731 -31.0039 3.2
      vertex -52.9077 -31.019 3.2
      vertex -55.6602 -30.977 3.2
    endloop
  endfacet
  facet normal -0 -0 -1
    outer loop
      vertex -53.102 -30.9712 3.2
      vertex -53.038 -30.9879 3.2
      vertex -55.3882 -30.9182 3.2
    endloop
  endfacet
  facet normal 0 0 -1
    outer loop
      vertex -53.1648 -30.9538 3.2
      vertex -55.3882 -30.9182 3.2
      vertex -55.1467 -30.8675 3.2
    endloop
  endfacet
  facet normal -0 -0 -1
    outer loop
      vertex -53.226 -30.9357 3.2
      vertex -53.1648 -30.9538 3.2
      vertex -55.1467 -30.8675 3.2
    endloop
  endfacet
  facet normal 0 -0 -1
    outer loop
      vertex -54.933 -30.8245 3.2
      vertex -53.226 -30.9357 3.2
      vertex -55.1467 -30.8675 3.2
    endloop
  endfacet
  facet normal -0 -0 -1
    outer loop
      vertex -53.1648 -30.9538 3.2
      vertex -53.102 -30.9712 3.2
      vertex -55.3882 -30.9182 3.2
    endloop
  endfacet
  facet normal 0 0 -1
    outer loop
      vertex -54.933 -30.8245 3.2
      vertex -54.7446 -30.789 3.2
      vertex -53.2854 -30.917 3.2
    endloop
  endfacet
  facet normal 0 0 -1
    outer loop
      vertex -53.226 -30.9357 3.2
      vertex -54.933 -30.8245 3.2
      vertex -53.2854 -30.917 3.2
    endloop
  endfacet
  facet normal -0 -0 -1
    outer loop
      vertex -53.3425 -30.8977 3.2
      vertex -53.2854 -30.917 3.2
      vertex -54.7446 -30.789 3.2
    endloop
  endfacet
  facet normal 0 -0 -1
    outer loop
      vertex -54.5787 -30.7606 3.2
      vertex -53.3425 -30.8977 3.2
      vertex -54.7446 -30.789 3.2
    endloop
  endfacet
  facet normal 0 0 -1
    outer loop
      vertex -54.5787 -30.7606 3.2
      vertex -53.3971 -30.8779 3.2
      vertex -53.3425 -30.8977 3.2
    endloop
  endfacet
  facet normal -0 0 -1
    outer loop
      vertex -52.842 -31.0332 3.2
      vertex -55.9652 -31.044 3.2
      vertex -52.9077 -31.019 3.2
    endloop
  endfacet
  facet normal 0 0 -1
    outer loop
      vertex -54.5787 -30.7606 3.2
      vertex -54.4328 -30.7391 3.2
      vertex -53.4961 -30.842 3.2
    endloop
  endfacet
  facet normal 0 0 -1
    outer loop
      vertex -53.4961 -30.842 3.2
      vertex -54.3043 -30.7242 3.2
      vertex -53.5864 -30.8099 3.2
    endloop
  endfacet
  facet normal 0 0 -1
    outer loop
      vertex -53.5864 -30.8099 3.2
      vertex -54.1905 -30.7157 3.2
      vertex -53.6704 -30.7818 3.2
    endloop
  endfacet
  facet normal 0 0 -1
    outer loop
      vertex -53.9966 -30.7165 3.2
      vertex -53.8302 -30.7393 3.2
      vertex -53.7508 -30.7582 3.2
    endloop
  endfacet
  facet normal 0 0 -1
    outer loop
      vertex -53.9966 -30.7165 3.2
      vertex -53.9113 -30.7253 3.2
      vertex -53.8302 -30.7393 3.2
    endloop
  endfacet
  facet normal 0 0 -1
    outer loop
      vertex -54.0888 -30.7132 3.2
      vertex -53.9966 -30.7165 3.2
      vertex -53.7508 -30.7582 3.2
    endloop
  endfacet
  facet normal 0 0 -1
    outer loop
      vertex -53.6704 -30.7818 3.2
      vertex -54.0888 -30.7132 3.2
      vertex -53.7508 -30.7582 3.2
    endloop
  endfacet
  facet normal 0 0 -1
    outer loop
      vertex -53.6704 -30.7818 3.2
      vertex -54.1905 -30.7157 3.2
      vertex -54.0888 -30.7132 3.2
    endloop
  endfacet
  facet normal 0 0 -1
    outer loop
      vertex -53.5864 -30.8099 3.2
      vertex -54.3043 -30.7242 3.2
      vertex -54.1905 -30.7157 3.2
    endloop
  endfacet
  facet normal 0 0 -1
    outer loop
      vertex -53.4961 -30.842 3.2
      vertex -54.4328 -30.7391 3.2
      vertex -54.3043 -30.7242 3.2
    endloop
  endfacet
  facet normal 0 0 -1
    outer loop
      vertex -53.3971 -30.8779 3.2
      vertex -54.5787 -30.7606 3.2
      vertex -53.4961 -30.842 3.2
    endloop
  endfacet
  facet normal -0 0 -1
    outer loop
      vertex -52.7111 -31.0587 3.2
      vertex -56.3059 -31.1195 3.2
      vertex -52.7763 -31.0465 3.2
    endloop
  endfacet
  facet normal 0 -0 -1
    outer loop
      vertex -52.7111 -31.0587 3.2
      vertex -52.6466 -31.07 3.2
      vertex -56.3059 -31.1195 3.2
    endloop
  endfacet
  facet normal -0 0 -1
    outer loop
      vertex -52.5832 -31.0801 3.2
      vertex -56.7631 -31.2218 3.2
      vertex -52.6466 -31.07 3.2
    endloop
  endfacet
  facet normal 0 0 -1
    outer loop
      vertex -52.5832 -31.0801 3.2
      vertex -56.842 -31.2398 3.2
      vertex -56.7631 -31.2218 3.2
    endloop
  endfacet
  facet normal -0 0 -1
    outer loop
      vertex -52.5211 -31.089 3.2
      vertex -56.9212 -31.2578 3.2
      vertex -52.5832 -31.0801 3.2
    endloop
  endfacet
  facet normal 0 0 -1
    outer loop
      vertex -49.7663 -31.7909 3.2
      vertex -57.0004 -31.2759 3.2
      vertex -52.5211 -31.089 3.2
    endloop
  endfacet
  facet normal 0 0 -1
    outer loop
      vertex -57.1574 -31.3114 3.2
      vertex -57.0793 -31.2937 3.2
      vertex -49.7663 -31.7909 3.2
    endloop
  endfacet
  facet normal 0 0 -1
    outer loop
      vertex -57.2344 -31.3287 3.2
      vertex -57.1574 -31.3114 3.2
      vertex -49.7663 -31.7909 3.2
    endloop
  endfacet
  facet normal 0 -0 -1
    outer loop
      vertex -57.3101 -31.3457 3.2
      vertex -49.7663 -31.7909 3.2
      vertex -57.3839 -31.3621 3.2
    endloop
  endfacet
  facet normal -0 -0 -1
    outer loop
      vertex -49.7663 -31.7909 3.2
      vertex -49.3472 -31.9383 3.2
      vertex -57.4557 -31.378 3.2
    endloop
  endfacet
  facet normal 0 -0 -1
    outer loop
      vertex -57.4557 -31.378 3.2
      vertex -49.3472 -31.9383 3.2
      vertex -57.525 -31.3932 3.2
    endloop
  endfacet
  facet normal 0 0 -1
    outer loop
      vertex -57.525 -31.3932 3.2
      vertex -69.85 -44.45 3.2
      vertex -57.5915 -31.4077 3.2
    endloop
  endfacet
  facet normal 0 0 -1
    outer loop
      vertex -57.5915 -31.4077 3.2
      vertex -69.85 -44.45 3.2
      vertex -57.6549 -31.4213 3.2
    endloop
  endfacet
  facet normal 0 0 -1
    outer loop
      vertex -57.6549 -31.4213 3.2
      vertex -69.85 -44.45 3.2
      vertex -57.7148 -31.4339 3.2
    endloop
  endfacet
  facet normal -0 0 -1
    outer loop
      vertex -49.3472 -31.9383 3.2
      vertex -69.85 -44.45 3.2
      vertex -57.525 -31.3932 3.2
    endloop
  endfacet
  facet normal 0 0 -1
    outer loop
      vertex -57.7708 -31.4456 3.2
      vertex -69.85 -44.45 3.2
      vertex -57.8226 -31.4561 3.2
    endloop
  endfacet
  facet normal 0 0 -1
    outer loop
      vertex -57.8226 -31.4561 3.2
      vertex -69.85 -44.45 3.2
      vertex -57.8699 -31.4655 3.2
    endloop
  endfacet
  facet normal 0 0 -1
    outer loop
      vertex -57.8699 -31.4655 3.2
      vertex -69.85 -44.45 3.2
      vertex -57.9123 -31.4735 3.2
    endloop
  endfacet
  facet normal 0 0 -1
    outer loop
      vertex -57.9123 -31.4735 3.2
      vertex -69.85 -44.45 3.2
      vertex -58.0137 -31.4923 3.2
    endloop
  endfacet
  facet normal 0 -0 -1
    outer loop
      vertex -57.9494 -31.4802 3.2
      vertex -57.9123 -31.4735 3.2
      vertex -58.0137 -31.4923 3.2
    endloop
  endfacet
  facet normal 0 -0 -1
    outer loop
      vertex -57.981 -31.4854 3.2
      vertex -57.9494 -31.4802 3.2
      vertex -58.0137 -31.4923 3.2
    endloop
  endfacet
  facet normal 0 -0 -1
    outer loop
      vertex -49.3472 -31.9383 3.2
      vertex -48.9466 -32.076 3.2
      vertex -69.85 -44.45 3.2
    endloop
  endfacet
  facet normal 0 -0 -1
    outer loop
      vertex -58.0545 -31.4996 3.2
      vertex -58.0137 -31.4923 3.2
      vertex -69.85 -44.45 3.2
    endloop
  endfacet
  facet normal 0 0 -1
    outer loop
      vertex -69.85 -44.45 3.2
      vertex -48.9466 -32.076 3.2
      vertex -48.5639 -32.2041 3.2
    endloop
  endfacet
  facet normal 0 0 -1
    outer loop
      vertex -69.85 -44.45 3.2
      vertex -58.1027 -31.5072 3.2
      vertex -58.0545 -31.4996 3.2
    endloop
  endfacet
  facet normal 0 0 -1
    outer loop
      vertex -69.85 -44.45 3.2
      vertex -58.1581 -31.5151 3.2
      vertex -58.1027 -31.5072 3.2
    endloop
  endfacet
  facet normal -0 0 -1
    outer loop
      vertex -48.1984 -32.3228 3.2
      vertex -69.85 -44.45 3.2
      vertex -48.5639 -32.2041 3.2
    endloop
  endfacet
  facet normal 0 0 -1
    outer loop
      vertex -58.1581 -31.5151 3.2
      vertex -69.85 -44.45 3.2
      vertex -58.2201 -31.5232 3.2
    endloop
  endfacet
  facet normal 0 -0 -1
    outer loop
      vertex -58.442 -31.5482 3.2
      vertex -58.3625 -31.5398 3.2
      vertex -69.85 -44.45 3.2
    endloop
  endfacet
  facet normal 0 -0 -1
    outer loop
      vertex -58.5264 -31.5567 3.2
      vertex -58.442 -31.5482 3.2
      vertex -69.85 -44.45 3.2
    endloop
  endfacet
  facet normal 0 0 -1
    outer loop
      vertex -58.6153 -31.5651 3.2
      vertex -69.85 -44.45 3.2
      vertex -58.7084 -31.5733 3.2
    endloop
  endfacet
  facet normal 0 0 -1
    outer loop
      vertex -69.85 -44.45 3.2
      vertex -58.905 -31.5893 3.2
      vertex -58.8051 -31.5814 3.2
    endloop
  endfacet
  facet normal 0 -0 -1
    outer loop
      vertex -59.1129 -31.6042 3.2
      vertex -59.0078 -31.5969 3.2
      vertex -62.4945 -32.435 3.2
    endloop
  endfacet
  facet normal 0 -0 -1
    outer loop
      vertex -62.4945 -32.435 3.2
      vertex -59.0078 -31.5969 3.2
      vertex -69.85 -44.45 3.2
    endloop
  endfacet
  facet normal 0 -0 -1
    outer loop
      vertex -59.3285 -31.6175 3.2
      vertex -59.2199 -31.6111 3.2
      vertex -62.4945 -32.435 3.2
    endloop
  endfacet
  facet normal 0 0 -1
    outer loop
      vertex -59.4382 -31.6234 3.2
      vertex -62.4284 -32.4041 3.2
      vertex -59.5485 -31.6288 3.2
    endloop
  endfacet
  facet normal 0 0 -1
    outer loop
      vertex -62.4284 -32.4041 3.2
      vertex -60.0235 -31.6608 3.2
      vertex -59.8442 -31.6459 3.2
    endloop
  endfacet
  facet normal 0 0 -1
    outer loop
      vertex -59.5485 -31.6288 3.2
      vertex -62.4284 -32.4041 3.2
      vertex -59.8442 -31.6459 3.2
    endloop
  endfacet
  facet normal 0 0 -1
    outer loop
      vertex -62.4284 -32.4041 3.2
      vertex -60.3648 -31.6981 3.2
      vertex -60.197 -31.6781 3.2
    endloop
  endfacet
  facet normal 0 0 -1
    outer loop
      vertex -60.6844 -31.7459 3.2
      vertex -62.4284 -32.4041 3.2
      vertex -60.8364 -31.7738 3.2
    endloop
  endfacet
  facet normal 0 0 -1
    outer loop
      vertex -62.4284 -32.4041 3.2
      vertex -61.1259 -31.838 3.2
      vertex -60.9835 -31.8045 3.2
    endloop
  endfacet
  facet normal 0 0 -1
    outer loop
      vertex -62.4284 -32.4041 3.2
      vertex -61.2637 -31.8744 3.2
      vertex -61.1259 -31.838 3.2
    endloop
  endfacet
  facet normal 0 -0 -1
    outer loop
      vertex -61.5263 -31.9558 3.2
      vertex -61.3971 -31.9136 3.2
      vertex -62.4284 -32.4041 3.2
    endloop
  endfacet
  facet normal 0 0 -1
    outer loop
      vertex -61.6514 -32.0009 3.2
      vertex -62.4284 -32.4041 3.2
      vertex -61.7727 -32.0491 3.2
    endloop
  endfacet
  facet normal 0 -0 -1
    outer loop
      vertex -62.2223 -32.2729 3.2
      vertex -62.1149 -32.2122 3.2
      vertex -62.4284 -32.4041 3.2
    endloop
  endfacet
  facet normal 0 -0 -1
    outer loop
      vertex -62.3268 -32.3368 3.2
      vertex -62.2223 -32.2729 3.2
      vertex -62.4284 -32.4041 3.2
    endloop
  endfacet
  facet normal 0 0 -1
    outer loop
      vertex -62.0042 -32.1547 3.2
      vertex -62.4284 -32.4041 3.2
      vertex -62.1149 -32.2122 3.2
    endloop
  endfacet
  facet normal 0 0 -1
    outer loop
      vertex -59.8442 -31.6459 3.2
      vertex -59.659 -31.6336 3.2
      vertex -59.5485 -31.6288 3.2
    endloop
  endfacet
  facet normal 0 0 -1
    outer loop
      vertex -62.4284 -32.4041 3.2
      vertex -62.0042 -32.1547 3.2
      vertex -61.8902 -32.1003 3.2
    endloop
  endfacet
  facet normal 0 0 -1
    outer loop
      vertex -61.7727 -32.0491 3.2
      vertex -62.4284 -32.4041 3.2
      vertex -61.8902 -32.1003 3.2
    endloop
  endfacet
  facet normal 0 -0 -1
    outer loop
      vertex -61.6514 -32.0009 3.2
      vertex -61.5263 -31.9558 3.2
      vertex -62.4284 -32.4041 3.2
    endloop
  endfacet
  facet normal 0 0 -1
    outer loop
      vertex -62.4284 -32.4041 3.2
      vertex -61.3971 -31.9136 3.2
      vertex -61.2637 -31.8744 3.2
    endloop
  endfacet
  facet normal 0 0 -1
    outer loop
      vertex -60.8364 -31.7738 3.2
      vertex -62.4284 -32.4041 3.2
      vertex -60.9835 -31.8045 3.2
    endloop
  endfacet
  facet normal 0 -0 -1
    outer loop
      vertex -60.6844 -31.7459 3.2
      vertex -60.5272 -31.7206 3.2
      vertex -62.4284 -32.4041 3.2
    endloop
  endfacet
  facet normal 0 0 -1
    outer loop
      vertex -62.4284 -32.4041 3.2
      vertex -60.5272 -31.7206 3.2
      vertex -60.3648 -31.6981 3.2
    endloop
  endfacet
  facet normal 0 0 -1
    outer loop
      vertex -60.0235 -31.6608 3.2
      vertex -62.4284 -32.4041 3.2
      vertex -60.197 -31.6781 3.2
    endloop
  endfacet
  facet normal 0 -0 -1
    outer loop
      vertex -59.4382 -31.6234 3.2
      vertex -59.3285 -31.6175 3.2
      vertex -62.4284 -32.4041 3.2
    endloop
  endfacet
  facet normal 0 -0 -1
    outer loop
      vertex -62.4284 -32.4041 3.2
      vertex -59.3285 -31.6175 3.2
      vertex -62.4945 -32.435 3.2
    endloop
  endfacet
  facet normal 0 0 -1
    outer loop
      vertex -62.4945 -32.435 3.2
      vertex -59.2199 -31.6111 3.2
      vertex -59.1129 -31.6042 3.2
    endloop
  endfacet
  facet normal 0 0 -1
    outer loop
      vertex -69.85 -44.45 3.2
      vertex -59.0078 -31.5969 3.2
      vertex -58.905 -31.5893 3.2
    endloop
  endfacet
  facet normal 0 0 -1
    outer loop
      vertex -58.7084 -31.5733 3.2
      vertex -69.85 -44.45 3.2
      vertex -58.8051 -31.5814 3.2
    endloop
  endfacet
  facet normal 0 -0 -1
    outer loop
      vertex -58.6153 -31.5651 3.2
      vertex -58.5264 -31.5567 3.2
      vertex -69.85 -44.45 3.2
    endloop
  endfacet
  facet normal 0 0 -1
    outer loop
      vertex -69.85 -44.45 3.2
      vertex -58.3625 -31.5398 3.2
      vertex -58.2884 -31.5314 3.2
    endloop
  endfacet
  facet normal 0 0 -1
    outer loop
      vertex -58.2201 -31.5232 3.2
      vertex -69.85 -44.45 3.2
      vertex -58.2884 -31.5314 3.2
    endloop
  endfacet
  facet normal 0 -0 -1
    outer loop
      vertex -48.1984 -32.3228 3.2
      vertex -47.8495 -32.4322 3.2
      vertex -69.85 -44.45 3.2
    endloop
  endfacet
  facet normal 0 -0 -1
    outer loop
      vertex -62.6009 -32.4656 3.2
      vertex -62.4945 -32.435 3.2
      vertex -69.85 -44.45 3.2
    endloop
  endfacet
  facet normal 0 0 -1
    outer loop
      vertex -69.85 -44.45 3.2
      vertex -47.8495 -32.4322 3.2
      vertex -47.5165 -32.5325 3.2
    endloop
  endfacet
  facet normal -0 0 -1
    outer loop
      vertex -46.8956 -32.7063 3.2
      vertex -69.85 -44.45 3.2
      vertex -47.1987 -32.6238 3.2
    endloop
  endfacet
  facet normal 0 0 -1
    outer loop
      vertex -62.6009 -32.4656 3.2
      vertex -69.85 -44.45 3.2
      vertex -62.7449 -32.4956 3.2
    endloop
  endfacet
  facet normal 0 -0 -1
    outer loop
      vertex -46.8956 -32.7063 3.2
      vertex -46.6065 -32.78 3.2
      vertex -69.85 -44.45 3.2
    endloop
  endfacet
  facet normal 0 0 -1
    outer loop
      vertex -69.85 -44.45 3.2
      vertex -46.6065 -32.78 3.2
      vertex -46.3306 -32.8452 3.2
    endloop
  endfacet
  facet normal 0 0 -1
    outer loop
      vertex -69.85 -44.45 3.2
      vertex -62.9239 -32.5248 3.2
      vertex -62.7449 -32.4956 3.2
    endloop
  endfacet
  facet normal -0 0 -1
    outer loop
      vertex -46.0674 -32.902 3.2
      vertex -69.85 -44.45 3.2
      vertex -46.3306 -32.8452 3.2
    endloop
  endfacet
  facet normal 0 0 -1
    outer loop
      vertex -62.9239 -32.5248 3.2
      vertex -69.85 -44.45 3.2
      vertex -63.1353 -32.5532 3.2
    endloop
  endfacet
  facet normal 0 -0 -1
    outer loop
      vertex -46.0674 -32.902 3.2
      vertex -45.8162 -32.9505 3.2
      vertex -69.85 -44.45 3.2
    endloop
  endfacet
  facet normal 0 -0 -1
    outer loop
      vertex -63.3763 -32.5803 3.2
      vertex -63.1353 -32.5532 3.2
      vertex -69.85 -44.45 3.2
    endloop
  endfacet
  facet normal 0 -0 -1
    outer loop
      vertex -63.6444 -32.6063 3.2
      vertex -63.3763 -32.5803 3.2
      vertex -69.85 -44.45 3.2
    endloop
  endfacet
  facet normal 0 -0 -1
    outer loop
      vertex -63.9368 -32.6307 3.2
      vertex -63.6444 -32.6063 3.2
      vertex -69.85 -44.45 3.2
    endloop
  endfacet
  facet normal 0 -0 -1
    outer loop
      vertex -64.2509 -32.6535 3.2
      vertex -63.9368 -32.6307 3.2
      vertex -69.85 -44.45 3.2
    endloop
  endfacet
  facet normal 0 -0 -1
    outer loop
      vertex -64.584 -32.6745 3.2
      vertex -64.2509 -32.6535 3.2
      vertex -69.85 -44.45 3.2
    endloop
  endfacet
  facet normal 0 -0 -1
    outer loop
      vertex -64.9335 -32.6934 3.2
      vertex -64.584 -32.6745 3.2
      vertex -69.85 -44.45 3.2
    endloop
  endfacet
  facet normal 0 -0 -1
    outer loop
      vertex -65.2967 -32.7102 3.2
      vertex -64.9335 -32.6934 3.2
      vertex -69.85 -44.45 3.2
    endloop
  endfacet
  facet normal 0 -0 -1
    outer loop
      vertex -65.6709 -32.7247 3.2
      vertex -65.2967 -32.7102 3.2
      vertex -69.85 -44.45 3.2
    endloop
  endfacet
  facet normal 0 0 -1
    outer loop
      vertex -69.85 -44.45 3.2
      vertex -41.8682 -33.7768 3.2
      vertex -41.8535 -33.7807 3.2
    endloop
  endfacet
  facet normal 0 0 -1
    outer loop
      vertex -69.85 -44.45 3.2
      vertex -66.0535 -32.7366 3.2
      vertex -65.6709 -32.7247 3.2
    endloop
  endfacet
  facet normal 0 0 -1
    outer loop
      vertex -69.85 -44.45 3.2
      vertex -66.4419 -32.7458 3.2
      vertex -66.0535 -32.7366 3.2
    endloop
  endfacet
  facet normal -0 0 -1
    outer loop
      vertex -8.15587 -41.5982 3.2
      vertex -69.85 -44.45 3.2
      vertex -8.21326 -41.5779 3.2
    endloop
  endfacet
  facet normal 0 0 -1
    outer loop
      vertex -66.4419 -32.7458 3.2
      vertex -69.85 -44.45 3.2
      vertex -66.8334 -32.7521 3.2
    endloop
  endfacet
  facet normal 0 0 -1
    outer loop
      vertex -66.8334 -32.7521 3.2
      vertex -69.85 -44.45 3.2
      vertex -67.2252 -32.7553 3.2
    endloop
  endfacet
  facet normal -0 0 -1
    outer loop
      vertex -67.2252 -32.7553 3.2
      vertex -69.85 -44.45 3.2
      vertex -67.6148 -32.7553 3.2
    endloop
  endfacet
  facet normal -0 0 -1
    outer loop
      vertex -67.6148 -32.7553 3.2
      vertex -69.85 -44.45 3.2
      vertex -67.9995 -32.7519 3.2
    endloop
  endfacet
  facet normal -0 0 -1
    outer loop
      vertex -67.9995 -32.7519 3.2
      vertex -69.85 -44.45 3.2
      vertex -68.3766 -32.7448 3.2
    endloop
  endfacet
  facet normal -0 0 -1
    outer loop
      vertex -68.3766 -32.7448 3.2
      vertex -69.85 -44.45 3.2
      vertex -69.85 -32.7152 3.2
    endloop
  endfacet
  facet normal 0 -0 -1
    outer loop
      vertex -8.15587 -41.5982 3.2
      vertex -0.122789 -44.45 3.2
      vertex -69.85 -44.45 3.2
    endloop
  endfacet
  facet normal -0 -0 -1
    outer loop
      vertex 69.7189 -34.7564 3.2
      vertex 69.7354 -35.195 3.2
      vertex 67.5495 -32.4229 3.2
    endloop
  endfacet
  facet normal -0 -0 -1
    outer loop
      vertex 67.4734 -32.4142 3.2
      vertex 69.7354 -35.195 3.2
      vertex 67.3957 -32.4044 3.2
    endloop
  endfacet
  facet normal 0 0 -1
    outer loop
      vertex 69.7498 -35.6959 3.2
      vertex 67.2374 -32.3818 3.2
      vertex 69.7354 -35.195 3.2
    endloop
  endfacet
  facet normal 0 0 -1
    outer loop
      vertex 67.0775 -32.3557 3.2
      vertex 67.1575 -32.3692 3.2
      vertex 69.7498 -35.6959 3.2
    endloop
  endfacet
  facet normal 0 0 -1
    outer loop
      vertex 66.9978 -32.3415 3.2
      vertex 67.0775 -32.3557 3.2
      vertex 69.7498 -35.6959 3.2
    endloop
  endfacet
  facet normal 0 0 -1
    outer loop
      vertex 66.9189 -32.3265 3.2
      vertex 66.9978 -32.3415 3.2
      vertex 69.7498 -35.6959 3.2
    endloop
  endfacet
  facet normal 0 0 -1
    outer loop
      vertex 69.7627 -36.2636 3.2
      vertex 66.9189 -32.3265 3.2
      vertex 69.7498 -35.6959 3.2
    endloop
  endfacet
  facet normal 0 0 -1
    outer loop
      vertex 66.7645 -32.2949 3.2
      vertex 66.841 -32.311 3.2
      vertex 69.7627 -36.2636 3.2
    endloop
  endfacet
  facet normal 0 0 -1
    outer loop
      vertex 66.6898 -32.2783 3.2
      vertex 66.7645 -32.2949 3.2
      vertex 69.7627 -36.2636 3.2
    endloop
  endfacet
  facet normal -0 -0 -1
    outer loop
      vertex 66.6173 -32.2613 3.2
      vertex 69.7627 -36.2636 3.2
      vertex 66.5473 -32.2439 3.2
    endloop
  endfacet
  facet normal 0 0 -1
    outer loop
      vertex 66.5473 -32.2439 3.2
      vertex 69.7627 -36.2636 3.2
      vertex 69.7745 -36.9027 3.2
    endloop
  endfacet
  facet normal 0 0 -1
    outer loop
      vertex 66.4803 -32.2263 3.2
      vertex 66.5473 -32.2439 3.2
      vertex 69.7745 -36.9027 3.2
    endloop
  endfacet
  facet normal -0 -0 -1
    outer loop
      vertex 66.4143 -32.2086 3.2
      vertex 66.4803 -32.2263 3.2
      vertex 66.3434 -32.1912 3.2
    endloop
  endfacet
  facet normal -0 -0 -1
    outer loop
      vertex 66.4803 -32.2263 3.2
      vertex 69.7745 -36.9027 3.2
      vertex 66.2681 -32.1742 3.2
    endloop
  endfacet
  facet normal -0 -0 -1
    outer loop
      vertex 66.2681 -32.1742 3.2
      vertex 69.7745 -36.9027 3.2
      vertex 66.189 -32.1576 3.2
    endloop
  endfacet
  facet normal -0 -0 -1
    outer loop
      vertex 66.189 -32.1576 3.2
      vertex 69.7745 -36.9027 3.2
      vertex 66.1064 -32.1415 3.2
    endloop
  endfacet
  facet normal -0 -0 -1
    outer loop
      vertex 66.1064 -32.1415 3.2
      vertex 69.7745 -36.9027 3.2
      vertex 66.0208 -32.126 3.2
    endloop
  endfacet
  facet normal -0 -0 -1
    outer loop
      vertex 66.0208 -32.126 3.2
      vertex 69.7745 -36.9027 3.2
      vertex 65.9328 -32.1111 3.2
    endloop
  endfacet
  facet normal -0 -0 -1
    outer loop
      vertex 65.9328 -32.1111 3.2
      vertex 69.7745 -36.9027 3.2
      vertex 65.8427 -32.0968 3.2
    endloop
  endfacet
  facet normal -0 -0 -1
    outer loop
      vertex 65.8427 -32.0968 3.2
      vertex 69.7745 -36.9027 3.2
      vertex 65.751 -32.0833 3.2
    endloop
  endfacet
  facet normal -0 -0 -1
    outer loop
      vertex 65.751 -32.0833 3.2
      vertex 69.7745 -36.9027 3.2
      vertex 65.6583 -32.0707 3.2
    endloop
  endfacet
  facet normal -0 -0 -1
    outer loop
      vertex 65.6583 -32.0707 3.2
      vertex 69.7745 -36.9027 3.2
      vertex 65.565 -32.0589 3.2
    endloop
  endfacet
  facet normal -0 -0 -1
    outer loop
      vertex 65.565 -32.0589 3.2
      vertex 69.7745 -36.9027 3.2
      vertex 65.4715 -32.0481 3.2
    endloop
  endfacet
  facet normal -0 -0 -1
    outer loop
      vertex 65.4715 -32.0481 3.2
      vertex 69.7745 -36.9027 3.2
      vertex 65.3783 -32.0383 3.2
    endloop
  endfacet
  facet normal -0 -0 -1
    outer loop
      vertex 65.3783 -32.0383 3.2
      vertex 69.7745 -36.9027 3.2
      vertex 65.286 -32.0296 3.2
    endloop
  endfacet
  facet normal 0 0 -1
    outer loop
      vertex 65.286 -32.0296 3.2
      vertex 69.7745 -36.9027 3.2
      vertex 69.7859 -37.6178 3.2
    endloop
  endfacet
  facet normal 0 0 -1
    outer loop
      vertex 65.1949 -32.0221 3.2
      vertex 65.286 -32.0296 3.2
      vertex 69.7859 -37.6178 3.2
    endloop
  endfacet
  facet normal 0 0 -1
    outer loop
      vertex 65.1055 -32.0157 3.2
      vertex 65.1949 -32.0221 3.2
      vertex 69.7859 -37.6178 3.2
    endloop
  endfacet
  facet normal 0 0 -1
    outer loop
      vertex 65.0184 -32.0107 3.2
      vertex 65.1055 -32.0157 3.2
      vertex 69.7859 -37.6178 3.2
    endloop
  endfacet
  facet normal 0 0 -1
    outer loop
      vertex 64.9339 -32.007 3.2
      vertex 65.0184 -32.0107 3.2
      vertex 69.7859 -37.6178 3.2
    endloop
  endfacet
  facet normal -0 -0 -1
    outer loop
      vertex 64.8526 -32.0048 3.2
      vertex 64.9339 -32.007 3.2
      vertex 64.7749 -32.004 3.2
    endloop
  endfacet
  facet normal 0 0 -1
    outer loop
      vertex 64.7749 -32.004 3.2
      vertex 64.9339 -32.007 3.2
      vertex 69.7859 -37.6178 3.2
    endloop
  endfacet
  facet normal 0 0 -1
    outer loop
      vertex 64.6691 -32.0033 3.2
      vertex 64.7749 -32.004 3.2
      vertex 69.7859 -37.6178 3.2
    endloop
  endfacet
  facet normal 0 0 -1
    outer loop
      vertex 69.7972 -38.4133 3.2
      vertex 64.4718 -31.9977 3.2
      vertex 69.7859 -37.6178 3.2
    endloop
  endfacet
  facet normal 0 0 -1
    outer loop
      vertex 69.7972 -38.4133 3.2
      vertex 64.3796 -31.9925 3.2
      vertex 64.4718 -31.9977 3.2
    endloop
  endfacet
  facet normal 0 0 -1
    outer loop
      vertex 69.7972 -38.4133 3.2
      vertex 64.2913 -31.9857 3.2
      vertex 64.3796 -31.9925 3.2
    endloop
  endfacet
  facet normal 0 0 -1
    outer loop
      vertex 69.7972 -38.4133 3.2
      vertex 64.2063 -31.9772 3.2
      vertex 64.2913 -31.9857 3.2
    endloop
  endfacet
  facet normal 0 0 -1
    outer loop
      vertex 69.7972 -38.4133 3.2
      vertex 64.1245 -31.9669 3.2
      vertex 64.2063 -31.9772 3.2
    endloop
  endfacet
  facet normal -0 -0 -1
    outer loop
      vertex 69.7972 -38.4133 3.2
      vertex 69.8091 -39.2938 3.2
      vertex 64.1245 -31.9669 3.2
    endloop
  endfacet
  facet normal -0 -0 -1
    outer loop
      vertex 64.1245 -31.9669 3.2
      vertex 69.8091 -39.2938 3.2
      vertex 64.0452 -31.9547 3.2
    endloop
  endfacet
  facet normal -0 -0 -1
    outer loop
      vertex 63.9683 -31.9405 3.2
      vertex 69.8091 -39.2938 3.2
      vertex 63.8933 -31.9244 3.2
    endloop
  endfacet
  facet normal -0 -0 -1
    outer loop
      vertex 63.8933 -31.9244 3.2
      vertex 69.8091 -39.2938 3.2
      vertex 63.8198 -31.9061 3.2
    endloop
  endfacet
  facet normal 0 0 -1
    outer loop
      vertex 64.5682 -32.0012 3.2
      vertex 64.6691 -32.0033 3.2
      vertex 69.7859 -37.6178 3.2
    endloop
  endfacet
  facet normal 0 0 -1
    outer loop
      vertex 64.4718 -31.9977 3.2
      vertex 64.5682 -32.0012 3.2
      vertex 69.7859 -37.6178 3.2
    endloop
  endfacet
  facet normal 0 0 -1
    outer loop
      vertex 69.8091 -39.2938 3.2
      vertex 63.9683 -31.9405 3.2
      vertex 64.0452 -31.9547 3.2
    endloop
  endfacet
  facet normal -0 -0 -1
    outer loop
      vertex 63.8198 -31.9061 3.2
      vertex 69.8091 -39.2938 3.2
      vertex 63.7475 -31.8856 3.2
    endloop
  endfacet
  facet normal -0 -0 -1
    outer loop
      vertex 63.7475 -31.8856 3.2
      vertex 69.8091 -39.2938 3.2
      vertex 63.676 -31.8628 3.2
    endloop
  endfacet
  facet normal -0 0 -1
    outer loop
      vertex 63.676 -31.8628 3.2
      vertex 52.3193 -44.45 3.2
      vertex 63.6048 -31.8377 3.2
    endloop
  endfacet
  facet normal 0 0 -1
    outer loop
      vertex 52.3193 -44.45 3.2
      vertex 63.4622 -31.7802 3.2
      vertex 63.5337 -31.8102 3.2
    endloop
  endfacet
  facet normal -0 0 -1
    outer loop
      vertex 63.6048 -31.8377 3.2
      vertex 52.3193 -44.45 3.2
      vertex 63.5337 -31.8102 3.2
    endloop
  endfacet
  facet normal -0 0 -1
    outer loop
      vertex 63.4622 -31.7802 3.2
      vertex 52.3193 -44.45 3.2
      vertex 63.39 -31.7476 3.2
    endloop
  endfacet
  facet normal 0 0 -1
    outer loop
      vertex 52.3193 -44.45 3.2
      vertex 62.0906 -31.2192 3.2
      vertex 63.3167 -31.7124 3.2
    endloop
  endfacet
  facet normal 0 -0 -1
    outer loop
      vertex 61.9942 -31.1873 3.2
      vertex 62.0442 -31.2042 3.2
      vertex 52.3193 -44.45 3.2
    endloop
  endfacet
  facet normal 0 0 -1
    outer loop
      vertex 62.2056 -31.2517 3.2
      vertex 62.9432 -31.5154 3.2
      vertex 62.9985 -31.5436 3.2
    endloop
  endfacet
  facet normal -0 -0 -1
    outer loop
      vertex 62.2593 -31.2619 3.2
      vertex 62.5825 -31.3514 3.2
      vertex 62.2349 -31.258 3.2
    endloop
  endfacet
  facet normal 0 0 -1
    outer loop
      vertex 62.2593 -31.2619 3.2
      vertex 62.5375 -31.3338 3.2
      vertex 62.5825 -31.3514 3.2
    endloop
  endfacet
  facet normal 0 0 -1
    outer loop
      vertex 62.2593 -31.2619 3.2
      vertex 62.3824 -31.2818 3.2
      vertex 62.4169 -31.2919 3.2
    endloop
  endfacet
  facet normal 0 0 -1
    outer loop
      vertex 62.2784 -31.2632 3.2
      vertex 62.351 -31.2738 3.2
      vertex 62.3824 -31.2818 3.2
    endloop
  endfacet
  facet normal -0 -0 -1
    outer loop
      vertex 62.2988 -31.2644 3.2
      vertex 62.3231 -31.2679 3.2
      vertex 62.2784 -31.2632 3.2
    endloop
  endfacet
  facet normal 0 0 -1
    outer loop
      vertex 62.2784 -31.2632 3.2
      vertex 62.3231 -31.2679 3.2
      vertex 62.351 -31.2738 3.2
    endloop
  endfacet
  facet normal 0 0 -1
    outer loop
      vertex 62.2593 -31.2619 3.2
      vertex 62.2784 -31.2632 3.2
      vertex 62.3824 -31.2818 3.2
    endloop
  endfacet
  facet normal 0 0 -1
    outer loop
      vertex 62.4544 -31.304 3.2
      vertex 62.2593 -31.2619 3.2
      vertex 62.4169 -31.2919 3.2
    endloop
  endfacet
  facet normal -0 -0 -1
    outer loop
      vertex 62.4544 -31.304 3.2
      vertex 62.4947 -31.318 3.2
      vertex 62.2593 -31.2619 3.2
    endloop
  endfacet
  facet normal 0 0 -1
    outer loop
      vertex 62.2593 -31.2619 3.2
      vertex 62.4947 -31.318 3.2
      vertex 62.5375 -31.3338 3.2
    endloop
  endfacet
  facet normal 0 0 -1
    outer loop
      vertex 62.2349 -31.258 3.2
      vertex 62.5825 -31.3514 3.2
      vertex 62.6297 -31.3706 3.2
    endloop
  endfacet
  facet normal 0 0 -1
    outer loop
      vertex 62.6786 -31.3914 3.2
      vertex 62.2349 -31.258 3.2
      vertex 62.6297 -31.3706 3.2
    endloop
  endfacet
  facet normal -0 -0 -1
    outer loop
      vertex 62.6786 -31.3914 3.2
      vertex 62.7292 -31.4136 3.2
      vertex 62.2349 -31.258 3.2
    endloop
  endfacet
  facet normal 0 0 -1
    outer loop
      vertex 62.2349 -31.258 3.2
      vertex 62.7292 -31.4136 3.2
      vertex 62.7812 -31.4372 3.2
    endloop
  endfacet
  facet normal 0 0 -1
    outer loop
      vertex 62.8343 -31.4621 3.2
      vertex 62.2349 -31.258 3.2
      vertex 62.7812 -31.4372 3.2
    endloop
  endfacet
  facet normal -0 -0 -1
    outer loop
      vertex 62.8343 -31.4621 3.2
      vertex 62.8884 -31.4882 3.2
      vertex 62.2349 -31.258 3.2
    endloop
  endfacet
  facet normal -0 -0 -1
    outer loop
      vertex 62.2349 -31.258 3.2
      vertex 62.8884 -31.4882 3.2
      vertex 62.2056 -31.2517 3.2
    endloop
  endfacet
  facet normal 0 0 -1
    outer loop
      vertex 62.2056 -31.2517 3.2
      vertex 62.8884 -31.4882 3.2
      vertex 62.9432 -31.5154 3.2
    endloop
  endfacet
  facet normal 0 0 -1
    outer loop
      vertex 63.0541 -31.5728 3.2
      vertex 62.2056 -31.2517 3.2
      vertex 62.9985 -31.5436 3.2
    endloop
  endfacet
  facet normal 0 0 -1
    outer loop
      vertex 62.1716 -31.243 3.2
      vertex 62.2056 -31.2517 3.2
      vertex 63.1651 -31.6336 3.2
    endloop
  endfacet
  facet normal 0 0 -1
    outer loop
      vertex 63.2418 -31.6744 3.2
      vertex 62.1716 -31.243 3.2
      vertex 63.1651 -31.6336 3.2
    endloop
  endfacet
  facet normal 0 0 -1
    outer loop
      vertex 63.2418 -31.6744 3.2
      vertex 62.1332 -31.2321 3.2
      vertex 62.1716 -31.243 3.2
    endloop
  endfacet
  facet normal -0 -0 -1
    outer loop
      vertex 62.1332 -31.2321 3.2
      vertex 63.3167 -31.7124 3.2
      vertex 62.0906 -31.2192 3.2
    endloop
  endfacet
  facet normal 0 -0 -1
    outer loop
      vertex 61.9408 -31.1687 3.2
      vertex 61.9942 -31.1873 3.2
      vertex 52.3193 -44.45 3.2
    endloop
  endfacet
  facet normal 0 -0 -1
    outer loop
      vertex 61.8844 -31.1483 3.2
      vertex 61.9408 -31.1687 3.2
      vertex 52.3193 -44.45 3.2
    endloop
  endfacet
  facet normal 0 -0 -1
    outer loop
      vertex 61.8253 -31.1265 3.2
      vertex 61.8844 -31.1483 3.2
      vertex 52.3193 -44.45 3.2
    endloop
  endfacet
  facet normal -0 0 -1
    outer loop
      vertex 61.6998 -31.0785 3.2
      vertex 52.3193 -44.45 3.2
      vertex 61.634 -31.0526 3.2
    endloop
  endfacet
  facet normal -0 0 -1
    outer loop
      vertex 61.5666 -31.0256 3.2
      vertex 52.3193 -44.45 3.2
      vertex 61.4978 -30.9977 3.2
    endloop
  endfacet
  facet normal -0 -0 -1
    outer loop
      vertex 63.0541 -31.5728 3.2
      vertex 63.1097 -31.6028 3.2
      vertex 62.2056 -31.2517 3.2
    endloop
  endfacet
  facet normal 0 0 -1
    outer loop
      vertex 62.2056 -31.2517 3.2
      vertex 63.1097 -31.6028 3.2
      vertex 63.1651 -31.6336 3.2
    endloop
  endfacet
  facet normal -0 -0 -1
    outer loop
      vertex 63.2418 -31.6744 3.2
      vertex 63.3167 -31.7124 3.2
      vertex 62.1332 -31.2321 3.2
    endloop
  endfacet
  facet normal -0 0 -1
    outer loop
      vertex 61.8253 -31.1265 3.2
      vertex 52.3193 -44.45 3.2
      vertex 61.7636 -31.1032 3.2
    endloop
  endfacet
  facet normal 0 -0 -1
    outer loop
      vertex 61.5666 -31.0256 3.2
      vertex 61.634 -31.0526 3.2
      vertex 52.3193 -44.45 3.2
    endloop
  endfacet
  facet normal 0 0 -1
    outer loop
      vertex 52.3193 -44.45 3.2
      vertex 61.3571 -30.9391 3.2
      vertex 61.4279 -30.9688 3.2
    endloop
  endfacet
  facet normal 0 0 -1
    outer loop
      vertex 52.3193 -44.45 3.2
      vertex 59.0048 -30.3475 3.2
      vertex 59.3918 -30.408 3.2
    endloop
  endfacet
  facet normal 0 0 -1
    outer loop
      vertex 52.3193 -44.45 3.2
      vertex 58.1925 -30.2451 3.2
      vertex 58.6038 -30.2931 3.2
    endloop
  endfacet
  facet normal 0 -0 -1
    outer loop
      vertex 59.7611 -30.4742 3.2
      vertex 60.1091 -30.5457 3.2
      vertex 52.3193 -44.45 3.2
    endloop
  endfacet
  facet normal 0 0 -1
    outer loop
      vertex 52.3193 -44.45 3.2
      vertex 60.1091 -30.5457 3.2
      vertex 61.3571 -30.9391 3.2
    endloop
  endfacet
  facet normal 0 0 -1
    outer loop
      vertex 61.3571 -30.9391 3.2
      vertex 60.4321 -30.6222 3.2
      vertex 61.2858 -30.9088 3.2
    endloop
  endfacet
  facet normal 0 0 -1
    outer loop
      vertex 61.2858 -30.9088 3.2
      vertex 60.7264 -30.7033 3.2
      vertex 61.2142 -30.8779 3.2
    endloop
  endfacet
  facet normal 0 0 -1
    outer loop
      vertex 61.2142 -30.8779 3.2
      vertex 60.7264 -30.7033 3.2
      vertex 60.9883 -30.7887 3.2
    endloop
  endfacet
  facet normal 0 0 -1
    outer loop
      vertex 61.2858 -30.9088 3.2
      vertex 60.4321 -30.6222 3.2
      vertex 60.7264 -30.7033 3.2
    endloop
  endfacet
  facet normal 0 0 -1
    outer loop
      vertex 61.3571 -30.9391 3.2
      vertex 60.1091 -30.5457 3.2
      vertex 60.4321 -30.6222 3.2
    endloop
  endfacet
  facet normal 0 -0 -1
    outer loop
      vertex 59.3918 -30.408 3.2
      vertex 59.7611 -30.4742 3.2
      vertex 52.3193 -44.45 3.2
    endloop
  endfacet
  facet normal -0 0 -1
    outer loop
      vertex 59.0048 -30.3475 3.2
      vertex 52.3193 -44.45 3.2
      vertex 58.6038 -30.2931 3.2
    endloop
  endfacet
  facet normal 0 -0 -1
    outer loop
      vertex 57.3537 -30.1696 3.2
      vertex 57.7746 -30.2038 3.2
      vertex 52.3193 -44.45 3.2
    endloop
  endfacet
  facet normal 0 0 -1
    outer loop
      vertex 52.3193 -44.45 3.2
      vertex 57.7746 -30.2038 3.2
      vertex 58.1925 -30.2451 3.2
    endloop
  endfacet
  facet normal 0 0 -1
    outer loop
      vertex 52.3193 -44.45 3.2
      vertex 56.9335 -30.1429 3.2
      vertex 57.3537 -30.1696 3.2
    endloop
  endfacet
  facet normal 0 0 -1
    outer loop
      vertex 52.3193 -44.45 3.2
      vertex 56.5177 -30.124 3.2
      vertex 56.9335 -30.1429 3.2
    endloop
  endfacet
  facet normal 0 -0 -1
    outer loop
      vertex 55.7139 -30.1112 3.2
      vertex 56.11 -30.1133 3.2
      vertex 52.3193 -44.45 3.2
    endloop
  endfacet
  facet normal 0 -0 -1
    outer loop
      vertex 55.3333 -30.1179 3.2
      vertex 55.7139 -30.1112 3.2
      vertex 52.3193 -44.45 3.2
    endloop
  endfacet
  facet normal 0 0 -1
    outer loop
      vertex 52.3738 -30.8853 3.2
      vertex 52.3193 -44.45 3.2
      vertex 52.3182 -30.9002 3.2
    endloop
  endfacet
  facet normal 0 -0 -1
    outer loop
      vertex 54.6329 -30.1594 3.2
      vertex 54.9717 -30.1339 3.2
      vertex 52.7335 -30.7463 3.2
    endloop
  endfacet
  facet normal 0 0 -1
    outer loop
      vertex 53.6482 -30.3355 3.2
      vertex 52.8231 -30.6967 3.2
      vertex 53.5815 -30.3558 3.2
    endloop
  endfacet
  facet normal 0 -0 -1
    outer loop
      vertex 52.9882 -30.5957 3.2
      vertex 53.0368 -30.5703 3.2
      vertex 52.865 -30.6705 3.2
    endloop
  endfacet
  facet normal 0 -0 -1
    outer loop
      vertex 53.5152 -30.3771 3.2
      vertex 53.5815 -30.3558 3.2
      vertex 52.8231 -30.6967 3.2
    endloop
  endfacet
  facet normal 0 0 -1
    outer loop
      vertex 53.8472 -30.2817 3.2
      vertex 53.9122 -30.2665 3.2
      vertex 54.0382 -30.2408 3.2
    endloop
  endfacet
  facet normal 0 0 -1
    outer loop
      vertex 54.0382 -30.2408 3.2
      vertex 53.9122 -30.2665 3.2
      vertex 53.976 -30.2528 3.2
    endloop
  endfacet
  facet normal 0 0 -1
    outer loop
      vertex 53.7813 -30.2983 3.2
      vertex 53.8472 -30.2817 3.2
      vertex 54.0382 -30.2408 3.2
    endloop
  endfacet
  facet normal 0 0 -1
    outer loop
      vertex 53.7149 -30.3163 3.2
      vertex 52.8231 -30.6967 3.2
      vertex 53.6482 -30.3355 3.2
    endloop
  endfacet
  facet normal 0 0 -1
    outer loop
      vertex 52.8231 -30.6967 3.2
      vertex 53.3219 -30.446 3.2
      vertex 53.3851 -30.4223 3.2
    endloop
  endfacet
  facet normal 0 -0 -1
    outer loop
      vertex 53.2007 -30.4948 3.2
      vertex 53.2603 -30.4702 3.2
      vertex 52.865 -30.6705 3.2
    endloop
  endfacet
  facet normal 0 0 -1
    outer loop
      vertex 52.865 -30.6705 3.2
      vertex 53.0368 -30.5703 3.2
      vertex 53.0886 -30.545 3.2
    endloop
  endfacet
  facet normal 0 0 -1
    outer loop
      vertex 52.9431 -30.6209 3.2
      vertex 52.865 -30.6705 3.2
      vertex 52.902 -30.6459 3.2
    endloop
  endfacet
  facet normal 0 -0 -1
    outer loop
      vertex 52.9431 -30.6209 3.2
      vertex 52.9882 -30.5957 3.2
      vertex 52.865 -30.6705 3.2
    endloop
  endfacet
  facet normal 0 -0 -1
    outer loop
      vertex 49.2992 -31.7999 3.2
      vertex 49.4846 -44.4491 3.2
      vertex 49.2764 -31.8024 3.2
    endloop
  endfacet
  facet normal 0 0 -1
    outer loop
      vertex 49.322 -31.7946 3.2
      vertex 49.3447 -31.7865 3.2
      vertex 50.8864 -44.4498 3.2
    endloop
  endfacet
  facet normal 0 -0 -1
    outer loop
      vertex 50.0208 -31.3807 3.2
      vertex 50.1393 -31.333 3.2
      vertex 49.4409 -31.7256 3.2
    endloop
  endfacet
  facet normal 0 -0 -1
    outer loop
      vertex 49.7115 -31.5289 3.2
      vertex 49.8058 -31.4789 3.2
      vertex 49.4674 -31.7033 3.2
    endloop
  endfacet
  facet normal 0 0 -1
    outer loop
      vertex 50.2636 -31.2869 3.2
      vertex 49.4157 -31.7451 3.2
      vertex 50.1393 -31.333 3.2
    endloop
  endfacet
  facet normal 0 0 -1
    outer loop
      vertex 49.4409 -31.7256 3.2
      vertex 49.9092 -31.4294 3.2
      vertex 50.0208 -31.3807 3.2
    endloop
  endfacet
  facet normal 0 0 -1
    outer loop
      vertex 48.9891 -31.676 3.2
      vertex 48.7953 -31.5537 3.2
      vertex 48.9496 -31.6484 3.2
    endloop
  endfacet
  facet normal 0 0 -1
    outer loop
      vertex 48.9496 -31.6484 3.2
      vertex 48.7953 -31.5537 3.2
      vertex 48.8771 -31.6013 3.2
    endloop
  endfacet
  facet normal 0 0 -1
    outer loop
      vertex 48.9891 -31.676 3.2
      vertex 48.7052 -31.5058 3.2
      vertex 48.7953 -31.5537 3.2
    endloop
  endfacet
  facet normal 0 0 -1
    outer loop
      vertex 48.9891 -31.676 3.2
      vertex 48.6077 -31.458 3.2
      vertex 48.7052 -31.5058 3.2
    endloop
  endfacet
  facet normal 0 0 -1
    outer loop
      vertex 48.043 -31.2315 3.2
      vertex 45.4486 -31.9825 3.2
      vertex 45.5662 -31.8558 3.2
    endloop
  endfacet
  facet normal -0 0 -1
    outer loop
      vertex 47.5555 -31.0845 3.2
      vertex 45.8387 -31.5658 3.2
      vertex 47.4366 -31.0552 3.2
    endloop
  endfacet
  facet normal 0 0 -1
    outer loop
      vertex 45.9925 -31.4106 3.2
      vertex 47.209 -31.0078 3.2
      vertex 47.3208 -31.0296 3.2
    endloop
  endfacet
  facet normal 0 -0 -1
    outer loop
      vertex 46.9074 -30.9696 3.2
      vertex 47.0014 -30.9775 3.2
      vertex 46.2499 -31.1813 3.2
    endloop
  endfacet
  facet normal 0 0 -1
    outer loop
      vertex 46.8213 -30.9668 3.2
      vertex 46.3063 -31.1391 3.2
      vertex 46.3605 -31.1023 3.2
    endloop
  endfacet
  facet normal 0 -0 -1
    outer loop
      vertex 46.6637 -30.9792 3.2
      vertex 46.7147 -30.9721 3.2
      vertex 46.464 -31.0439 3.2
    endloop
  endfacet
  facet normal 0 -0 -1
    outer loop
      vertex 46.464 -31.0439 3.2
      vertex 46.7147 -30.9721 3.2
      vertex 46.4129 -31.0707 3.2
    endloop
  endfacet
  facet normal 0 -0 -1
    outer loop
      vertex 46.4129 -31.0707 3.2
      vertex 46.7671 -30.9681 3.2
      vertex 46.3605 -31.1023 3.2
    endloop
  endfacet
  facet normal 0 0 -1
    outer loop
      vertex 46.3605 -31.1023 3.2
      vertex 46.7671 -30.9681 3.2
      vertex 46.8213 -30.9668 3.2
    endloop
  endfacet
  facet normal 0 -0 -1
    outer loop
      vertex 46.2499 -31.1813 3.2
      vertex 47.0014 -30.9775 3.2
      vertex 46.1907 -31.2293 3.2
    endloop
  endfacet
  facet normal 0 0 -1
    outer loop
      vertex 46.1284 -31.2833 3.2
      vertex 47.0014 -30.9775 3.2
      vertex 47.1022 -30.9904 3.2
    endloop
  endfacet
  facet normal 0 -0 -1
    outer loop
      vertex 45.9925 -31.4106 3.2
      vertex 47.3208 -31.0296 3.2
      vertex 45.9181 -31.4846 3.2
    endloop
  endfacet
  facet normal 0 0 -1
    outer loop
      vertex 45.9181 -31.4846 3.2
      vertex 47.3208 -31.0296 3.2
      vertex 47.4366 -31.0552 3.2
    endloop
  endfacet
  facet normal 0 0 -1
    outer loop
      vertex 45.7538 -31.6545 3.2
      vertex 45.8387 -31.5658 3.2
      vertex 47.5555 -31.0845 3.2
    endloop
  endfacet
  facet normal 0 0 -1
    outer loop
      vertex 46.7671 -30.9681 3.2
      vertex 46.4129 -31.0707 3.2
      vertex 46.7147 -30.9721 3.2
    endloop
  endfacet
  facet normal 0 -0 -1
    outer loop
      vertex 49.4674 -31.7033 3.2
      vertex 49.8058 -31.4789 3.2
      vertex 49.4409 -31.7256 3.2
    endloop
  endfacet
  facet normal 0 -0 -1
    outer loop
      vertex 50.3927 -31.2425 3.2
      vertex 50.5253 -31.2002 3.2
      vertex 49.4157 -31.7451 3.2
    endloop
  endfacet
  facet normal 0 0 -1
    outer loop
      vertex 51.8009 -30.9668 3.2
      vertex 51.5801 -30.978 3.2
      vertex 51.6943 -30.9697 3.2
    endloop
  endfacet
  facet normal 0 0 -1
    outer loop
      vertex 51.8009 -30.9668 3.2
      vertex 51.4594 -30.9913 3.2
      vertex 51.5801 -30.978 3.2
    endloop
  endfacet
  facet normal 0 0 -1
    outer loop
      vertex 51.8583 -30.966 3.2
      vertex 51.3332 -31.0095 3.2
      vertex 51.8009 -30.9668 3.2
    endloop
  endfacet
  facet normal 0 0 -1
    outer loop
      vertex 52.865 -30.6705 3.2
      vertex 53.0886 -30.545 3.2
      vertex 53.1433 -30.5198 3.2
    endloop
  endfacet
  facet normal 0 0 -1
    outer loop
      vertex 53.2007 -30.4948 3.2
      vertex 52.865 -30.6705 3.2
      vertex 53.1433 -30.5198 3.2
    endloop
  endfacet
  facet normal 0 -0 -1
    outer loop
      vertex 53.2603 -30.4702 3.2
      vertex 53.3219 -30.446 3.2
      vertex 52.865 -30.6705 3.2
    endloop
  endfacet
  facet normal 0 -0 -1
    outer loop
      vertex 52.865 -30.6705 3.2
      vertex 53.3219 -30.446 3.2
      vertex 52.8231 -30.6967 3.2
    endloop
  endfacet
  facet normal 0 0 -1
    outer loop
      vertex 52.8231 -30.6967 3.2
      vertex 53.3851 -30.4223 3.2
      vertex 53.4497 -30.3993 3.2
    endloop
  endfacet
  facet normal 0 0 -1
    outer loop
      vertex 53.5152 -30.3771 3.2
      vertex 52.8231 -30.6967 3.2
      vertex 53.4497 -30.3993 3.2
    endloop
  endfacet
  facet normal 0 -0 -1
    outer loop
      vertex 53.7149 -30.3163 3.2
      vertex 53.7813 -30.2983 3.2
      vertex 52.8231 -30.6967 3.2
    endloop
  endfacet
  facet normal 0 0 -1
    outer loop
      vertex 52.8231 -30.6967 3.2
      vertex 53.7813 -30.2983 3.2
      vertex 54.0382 -30.2408 3.2
    endloop
  endfacet
  facet normal 0 0 -1
    outer loop
      vertex 54.3205 -30.195 3.2
      vertex 52.8231 -30.6967 3.2
      vertex 54.0382 -30.2408 3.2
    endloop
  endfacet
  facet normal 0 0 -1
    outer loop
      vertex 54.3205 -30.195 3.2
      vertex 52.7792 -30.722 3.2
      vertex 52.8231 -30.6967 3.2
    endloop
  endfacet
  facet normal 0 -0 -1
    outer loop
      vertex 54.3205 -30.195 3.2
      vertex 54.6329 -30.1594 3.2
      vertex 52.7792 -30.722 3.2
    endloop
  endfacet
  facet normal 0 -0 -1
    outer loop
      vertex 52.7792 -30.722 3.2
      vertex 54.6329 -30.1594 3.2
      vertex 52.7335 -30.7463 3.2
    endloop
  endfacet
  facet normal 0 0 -1
    outer loop
      vertex 52.7335 -30.7463 3.2
      vertex 54.9717 -30.1339 3.2
      vertex 55.3333 -30.1179 3.2
    endloop
  endfacet
  facet normal 0 0 -1
    outer loop
      vertex 52.6862 -30.7696 3.2
      vertex 52.7335 -30.7463 3.2
      vertex 55.3333 -30.1179 3.2
    endloop
  endfacet
  facet normal 0 -0 -1
    outer loop
      vertex 52.6373 -30.7918 3.2
      vertex 52.6862 -30.7696 3.2
      vertex 52.3193 -44.45 3.2
    endloop
  endfacet
  facet normal 0 -0 -1
    outer loop
      vertex 52.587 -30.8129 3.2
      vertex 52.6373 -30.7918 3.2
      vertex 52.3193 -44.45 3.2
    endloop
  endfacet
  facet normal 0 -0 -1
    outer loop
      vertex 52.5354 -30.8329 3.2
      vertex 52.587 -30.8129 3.2
      vertex 52.3193 -44.45 3.2
    endloop
  endfacet
  facet normal 0 0 -1
    outer loop
      vertex 52.4826 -30.8516 3.2
      vertex 52.3193 -44.45 3.2
      vertex 52.4287 -30.8691 3.2
    endloop
  endfacet
  facet normal 0 -0 -1
    outer loop
      vertex 52.4826 -30.8516 3.2
      vertex 52.5354 -30.8329 3.2
      vertex 52.3193 -44.45 3.2
    endloop
  endfacet
  facet normal 0 -0 -1
    outer loop
      vertex 52.3738 -30.8853 3.2
      vertex 52.4287 -30.8691 3.2
      vertex 52.3193 -44.45 3.2
    endloop
  endfacet
  facet normal 0 -0 -1
    outer loop
      vertex 52.3182 -30.9002 3.2
      vertex 52.3193 -44.45 3.2
      vertex 52.2619 -30.9137 3.2
    endloop
  endfacet
  facet normal 0 0 -1
    outer loop
      vertex 52.3193 -44.45 3.2
      vertex 52.1476 -30.9364 3.2
      vertex 52.205 -30.9258 3.2
    endloop
  endfacet
  facet normal 0 -0 -1
    outer loop
      vertex 52.2619 -30.9137 3.2
      vertex 52.3193 -44.45 3.2
      vertex 52.205 -30.9258 3.2
    endloop
  endfacet
  facet normal 0 -0 -1
    outer loop
      vertex 52.6862 -30.7696 3.2
      vertex 55.3333 -30.1179 3.2
      vertex 52.3193 -44.45 3.2
    endloop
  endfacet
  facet normal 0 -0 -1
    outer loop
      vertex 52.0899 -30.9455 3.2
      vertex 52.3193 -44.45 3.2
      vertex 52.032 -30.9531 3.2
    endloop
  endfacet
  facet normal 0 -0 -1
    outer loop
      vertex 52.032 -30.9531 3.2
      vertex 52.3193 -44.45 3.2
      vertex 51.974 -30.959 3.2
    endloop
  endfacet
  facet normal 0 0 -1
    outer loop
      vertex 52.3193 -44.45 3.2
      vertex 50.8864 -44.4498 3.2
      vertex 49.3447 -31.7865 3.2
    endloop
  endfacet
  facet normal 0 0 -1
    outer loop
      vertex 52.3193 -44.45 3.2
      vertex 49.3678 -31.7755 3.2
      vertex 49.3914 -31.7617 3.2
    endloop
  endfacet
  facet normal 0 -0 -1
    outer loop
      vertex 50.7968 -31.1233 3.2
      vertex 50.9334 -31.0894 3.2
      vertex 49.3914 -31.7617 3.2
    endloop
  endfacet
  facet normal 0 0 -1
    outer loop
      vertex 51.8009 -30.9668 3.2
      vertex 51.3332 -31.0095 3.2
      vertex 51.4594 -30.9913 3.2
    endloop
  endfacet
  facet normal 0 0 -1
    outer loop
      vertex 51.8583 -30.966 3.2
      vertex 51.2027 -31.0321 3.2
      vertex 51.3332 -31.0095 3.2
    endloop
  endfacet
  facet normal 0 0 -1
    outer loop
      vertex 51.8583 -30.966 3.2
      vertex 51.0691 -31.0588 3.2
      vertex 51.2027 -31.0321 3.2
    endloop
  endfacet
  facet normal 0 0 -1
    outer loop
      vertex 51.8583 -30.966 3.2
      vertex 50.9334 -31.0894 3.2
      vertex 51.0691 -31.0588 3.2
    endloop
  endfacet
  facet normal 0 0 -1
    outer loop
      vertex 49.1787 -31.7847 3.2
      vertex 44.8299 -32.5513 3.2
      vertex 44.958 -32.446 3.2
    endloop
  endfacet
  facet normal 0 0 -1
    outer loop
      vertex 41.328 -34.636 3.2
      vertex 40.8469 -35.4882 3.2
      vertex 40.8541 -35.418 3.2
    endloop
  endfacet
  facet normal 0 0 -1
    outer loop
      vertex 45.9925 -31.4106 3.2
      vertex 46.0625 -31.3436 3.2
      vertex 47.209 -31.0078 3.2
    endloop
  endfacet
  facet normal 0 0 -1
    outer loop
      vertex 46.464 -31.0439 3.2
      vertex 46.5141 -31.0216 3.2
      vertex 46.6637 -30.9792 3.2
    endloop
  endfacet
  facet normal 0 -0 -1
    outer loop
      vertex 45.6632 -31.7511 3.2
      vertex 47.9213 -31.1909 3.2
      vertex 45.5662 -31.8558 3.2
    endloop
  endfacet
  facet normal 0 -0 -1
    outer loop
      vertex 47.5555 -31.0845 3.2
      vertex 47.6765 -31.1171 3.2
      vertex 45.7538 -31.6545 3.2
    endloop
  endfacet
  facet normal 0 0 -1
    outer loop
      vertex 46.9074 -30.9696 3.2
      vertex 46.2499 -31.1813 3.2
      vertex 46.3063 -31.1391 3.2
    endloop
  endfacet
  facet normal 0 0 -1
    outer loop
      vertex 46.5141 -31.0216 3.2
      vertex 46.5638 -31.0037 3.2
      vertex 46.6135 -30.9896 3.2
    endloop
  endfacet
  facet normal 0 -0 -1
    outer loop
      vertex 47.6765 -31.1171 3.2
      vertex 47.7988 -31.1527 3.2
      vertex 45.6632 -31.7511 3.2
    endloop
  endfacet
  facet normal 0 0 -1
    outer loop
      vertex 49.6276 -31.5789 3.2
      vertex 49.4953 -31.678 3.2
      vertex 49.5551 -31.6288 3.2
    endloop
  endfacet
  facet normal 0 0 -1
    outer loop
      vertex 49.6276 -31.5789 3.2
      vertex 49.4674 -31.7033 3.2
      vertex 49.4953 -31.678 3.2
    endloop
  endfacet
  facet normal 0 -0 -1
    outer loop
      vertex 49.6276 -31.5789 3.2
      vertex 49.7115 -31.5289 3.2
      vertex 49.4674 -31.7033 3.2
    endloop
  endfacet
  facet normal 0 -0 -1
    outer loop
      vertex 49.8058 -31.4789 3.2
      vertex 49.9092 -31.4294 3.2
      vertex 49.4409 -31.7256 3.2
    endloop
  endfacet
  facet normal 0 -0 -1
    outer loop
      vertex 49.4409 -31.7256 3.2
      vertex 50.1393 -31.333 3.2
      vertex 49.4157 -31.7451 3.2
    endloop
  endfacet
  facet normal 0 0 -1
    outer loop
      vertex 49.4157 -31.7451 3.2
      vertex 50.2636 -31.2869 3.2
      vertex 50.3927 -31.2425 3.2
    endloop
  endfacet
  facet normal 0 0 -1
    outer loop
      vertex 50.6604 -31.1604 3.2
      vertex 49.4157 -31.7451 3.2
      vertex 50.5253 -31.2002 3.2
    endloop
  endfacet
  facet normal 0 0 -1
    outer loop
      vertex 50.6604 -31.1604 3.2
      vertex 49.3914 -31.7617 3.2
      vertex 49.4157 -31.7451 3.2
    endloop
  endfacet
  facet normal 0 -0 -1
    outer loop
      vertex 50.6604 -31.1604 3.2
      vertex 50.7968 -31.1233 3.2
      vertex 49.3914 -31.7617 3.2
    endloop
  endfacet
  facet normal 0 0 -1
    outer loop
      vertex 49.3914 -31.7617 3.2
      vertex 50.9334 -31.0894 3.2
      vertex 51.8583 -30.966 3.2
    endloop
  endfacet
  facet normal 0 0 -1
    outer loop
      vertex 51.9161 -30.9633 3.2
      vertex 49.3914 -31.7617 3.2
      vertex 51.8583 -30.966 3.2
    endloop
  endfacet
  facet normal 0 -0 -1
    outer loop
      vertex 51.9161 -30.9633 3.2
      vertex 52.3193 -44.45 3.2
      vertex 49.3914 -31.7617 3.2
    endloop
  endfacet
  facet normal 0 0 -1
    outer loop
      vertex 52.3193 -44.45 3.2
      vertex 49.3447 -31.7865 3.2
      vertex 49.3678 -31.7755 3.2
    endloop
  endfacet
  facet normal 0 0 -1
    outer loop
      vertex 49.2992 -31.7999 3.2
      vertex 50.8864 -44.4498 3.2
      vertex 49.4846 -44.4491 3.2
    endloop
  endfacet
  facet normal -0 -0 -1
    outer loop
      vertex 49.2764 -31.8024 3.2
      vertex 49.4846 -44.4491 3.2
      vertex 49.2531 -31.8021 3.2
    endloop
  endfacet
  facet normal 0 -0 -1
    outer loop
      vertex 49.2531 -31.8021 3.2
      vertex 49.4846 -44.4491 3.2
      vertex 48.1184 -44.4481 3.2
    endloop
  endfacet
  facet normal -0 0 -1
    outer loop
      vertex 49.2292 -31.7991 3.2
      vertex 48.1184 -44.4481 3.2
      vertex 49.2045 -31.7933 3.2
    endloop
  endfacet
  facet normal 0 0 -1
    outer loop
      vertex 49.2045 -31.7933 3.2
      vertex 48.1184 -44.4481 3.2
      vertex 44.5663 -32.7496 3.2
    endloop
  endfacet
  facet normal 0 0 -1
    outer loop
      vertex 40.7521 -35.785 3.2
      vertex 43.4013 -33.3873 3.2
      vertex 45.511 -44.4447 3.2
    endloop
  endfacet
  facet normal 0 -0 -1
    outer loop
      vertex 44.4306 -32.8427 3.2
      vertex 46.7923 -44.4466 3.2
      vertex 44.2923 -32.9319 3.2
    endloop
  endfacet
  facet normal 0 0 -1
    outer loop
      vertex 48.5038 -31.4106 3.2
      vertex 45.3291 -32.1048 3.2
      vertex 45.4486 -31.9825 3.2
    endloop
  endfacet
  facet normal 0 0 -1
    outer loop
      vertex 45.2076 -32.2228 3.2
      vertex 49.0928 -31.7425 3.2
      vertex 49.1231 -31.7593 3.2
    endloop
  endfacet
  facet normal 0 -0 -1
    outer loop
      vertex 48.1631 -31.2741 3.2
      vertex 48.2806 -31.3183 3.2
      vertex 45.4486 -31.9825 3.2
    endloop
  endfacet
  facet normal 0 0 -1
    outer loop
      vertex 46.3063 -31.1391 3.2
      vertex 46.8213 -30.9668 3.2
      vertex 46.9074 -30.9696 3.2
    endloop
  endfacet
  facet normal 0 0 -1
    outer loop
      vertex 47.0014 -30.9775 3.2
      vertex 46.1284 -31.2833 3.2
      vertex 46.1907 -31.2293 3.2
    endloop
  endfacet
  facet normal -0 0 -1
    outer loop
      vertex 47.209 -31.0078 3.2
      vertex 46.0625 -31.3436 3.2
      vertex 47.1022 -30.9904 3.2
    endloop
  endfacet
  facet normal 0 -0 -1
    outer loop
      vertex 45.9181 -31.4846 3.2
      vertex 47.4366 -31.0552 3.2
      vertex 45.8387 -31.5658 3.2
    endloop
  endfacet
  facet normal 0 0 -1
    outer loop
      vertex 47.6765 -31.1171 3.2
      vertex 45.6632 -31.7511 3.2
      vertex 45.7538 -31.6545 3.2
    endloop
  endfacet
  facet normal 0 -0 -1
    outer loop
      vertex 47.7988 -31.1527 3.2
      vertex 47.9213 -31.1909 3.2
      vertex 45.6632 -31.7511 3.2
    endloop
  endfacet
  facet normal 0 -0 -1
    outer loop
      vertex 47.9213 -31.1909 3.2
      vertex 48.043 -31.2315 3.2
      vertex 45.5662 -31.8558 3.2
    endloop
  endfacet
  facet normal 0 -0 -1
    outer loop
      vertex 48.043 -31.2315 3.2
      vertex 48.1631 -31.2741 3.2
      vertex 45.4486 -31.9825 3.2
    endloop
  endfacet
  facet normal 0 0 -1
    outer loop
      vertex 45.4486 -31.9825 3.2
      vertex 48.2806 -31.3183 3.2
      vertex 48.3945 -31.364 3.2
    endloop
  endfacet
  facet normal -0 0 -1
    outer loop
      vertex 48.5038 -31.4106 3.2
      vertex 45.4486 -31.9825 3.2
      vertex 48.3945 -31.364 3.2
    endloop
  endfacet
  facet normal -0 0 -1
    outer loop
      vertex 48.6077 -31.458 3.2
      vertex 45.3291 -32.1048 3.2
      vertex 48.5038 -31.4106 3.2
    endloop
  endfacet
  facet normal 0 -0 -1
    outer loop
      vertex 48.6077 -31.458 3.2
      vertex 48.9891 -31.676 3.2
      vertex 45.3291 -32.1048 3.2
    endloop
  endfacet
  facet normal 0 0 -1
    outer loop
      vertex 45.3291 -32.1048 3.2
      vertex 48.9891 -31.676 3.2
      vertex 49.026 -31.7008 3.2
    endloop
  endfacet
  facet normal -0 0 -1
    outer loop
      vertex 49.0605 -31.723 3.2
      vertex 45.3291 -32.1048 3.2
      vertex 49.026 -31.7008 3.2
    endloop
  endfacet
  facet normal 0 0 -1
    outer loop
      vertex 49.0605 -31.723 3.2
      vertex 45.2076 -32.2228 3.2
      vertex 45.3291 -32.1048 3.2
    endloop
  endfacet
  facet normal 0 -0 -1
    outer loop
      vertex 49.0605 -31.723 3.2
      vertex 49.0928 -31.7425 3.2
      vertex 45.2076 -32.2228 3.2
    endloop
  endfacet
  facet normal 0 -0 -1
    outer loop
      vertex 45.2076 -32.2228 3.2
      vertex 49.1231 -31.7593 3.2
      vertex 45.0839 -32.3365 3.2
    endloop
  endfacet
  facet normal 0 0 -1
    outer loop
      vertex 45.0839 -32.3365 3.2
      vertex 49.1231 -31.7593 3.2
      vertex 49.1517 -31.7734 3.2
    endloop
  endfacet
  facet normal 0 0 -1
    outer loop
      vertex 44.958 -32.446 3.2
      vertex 45.0839 -32.3365 3.2
      vertex 49.1517 -31.7734 3.2
    endloop
  endfacet
  facet normal -0 0 -1
    outer loop
      vertex 49.1787 -31.7847 3.2
      vertex 44.958 -32.446 3.2
      vertex 49.1517 -31.7734 3.2
    endloop
  endfacet
  facet normal -0 0 -1
    outer loop
      vertex 49.2045 -31.7933 3.2
      vertex 44.8299 -32.5513 3.2
      vertex 49.1787 -31.7847 3.2
    endloop
  endfacet
  facet normal 0 0 -1
    outer loop
      vertex 49.2045 -31.7933 3.2
      vertex 44.6993 -32.6524 3.2
      vertex 44.8299 -32.5513 3.2
    endloop
  endfacet
  facet normal 0 0 -1
    outer loop
      vertex 49.2045 -31.7933 3.2
      vertex 44.5663 -32.7496 3.2
      vertex 44.6993 -32.6524 3.2
    endloop
  endfacet
  facet normal 0 0 -1
    outer loop
      vertex 48.1184 -44.4481 3.2
      vertex 44.4306 -32.8427 3.2
      vertex 44.5663 -32.7496 3.2
    endloop
  endfacet
  facet normal 0 0 -1
    outer loop
      vertex 44.1513 -33.0172 3.2
      vertex 44.2923 -32.9319 3.2
      vertex 46.7923 -44.4466 3.2
    endloop
  endfacet
  facet normal 0 0 -1
    outer loop
      vertex 46.7923 -44.4466 3.2
      vertex 45.511 -44.4447 3.2
      vertex 43.8605 -33.1763 3.2
    endloop
  endfacet
  facet normal 0 -0 -1
    outer loop
      vertex 44.0073 -33.0987 3.2
      vertex 46.7923 -44.4466 3.2
      vertex 43.8605 -33.1763 3.2
    endloop
  endfacet
  facet normal 0 -0 -1
    outer loop
      vertex 43.7106 -33.2503 3.2
      vertex 45.511 -44.4447 3.2
      vertex 43.5575 -33.3206 3.2
    endloop
  endfacet
  facet normal 0 0 -1
    outer loop
      vertex 44.2791 -44.4424 3.2
      vertex 40.7521 -35.785 3.2
      vertex 45.511 -44.4447 3.2
    endloop
  endfacet
  facet normal 0 0 -1
    outer loop
      vertex 40.636 -35.9343 3.2
      vertex 40.6805 -35.886 3.2
      vertex 44.2791 -44.4424 3.2
    endloop
  endfacet
  facet normal 0 0 -1
    outer loop
      vertex 43.2417 -33.4504 3.2
      vertex 40.7521 -35.785 3.2
      vertex 40.78 -35.7315 3.2
    endloop
  endfacet
  facet normal 0 0 -1
    outer loop
      vertex 40.8218 -35.6165 3.2
      vertex 41.5109 -34.4988 3.2
      vertex 41.5489 -34.4677 3.2
    endloop
  endfacet
  facet normal 0 -0 -1
    outer loop
      vertex 40.8469 -35.4882 3.2
      vertex 41.3991 -34.5853 3.2
      vertex 40.8363 -35.5542 3.2
    endloop
  endfacet
  facet normal 0 0 -1
    outer loop
      vertex 41.7351 -34.3026 3.2
      vertex 42.9123 -33.5662 3.2
      vertex 43.0787 -33.51 3.2
    endloop
  endfacet
  facet normal 0 0 -1
    outer loop
      vertex 41.8046 -34.2346 3.2
      vertex 41.8376 -34.2008 3.2
      vertex 42.9123 -33.5662 3.2
    endloop
  endfacet
  facet normal 0 -0 -1
    outer loop
      vertex 41.8691 -34.1672 3.2
      vertex 42.0535 -34.0003 3.2
      vertex 41.8376 -34.2008 3.2
    endloop
  endfacet
  facet normal 0 0 -1
    outer loop
      vertex 42.1862 -33.9039 3.2
      vertex 41.8376 -34.2008 3.2
      vertex 42.1407 -33.9354 3.2
    endloop
  endfacet
  facet normal 0 -0 -1
    outer loop
      vertex 42.5194 -33.7109 3.2
      vertex 42.7422 -33.619 3.2
      vertex 42.4719 -33.7346 3.2
    endloop
  endfacet
  facet normal 0 0 -1
    outer loop
      vertex 42.657 -33.65 3.2
      vertex 42.7004 -33.6334 3.2
      vertex 42.7422 -33.619 3.2
    endloop
  endfacet
  facet normal 0 0 -1
    outer loop
      vertex 42.6122 -33.6685 3.2
      vertex 42.657 -33.65 3.2
      vertex 42.7422 -33.619 3.2
    endloop
  endfacet
  facet normal 0 0 -1
    outer loop
      vertex 42.5663 -33.6888 3.2
      vertex 42.6122 -33.6685 3.2
      vertex 42.7422 -33.619 3.2
    endloop
  endfacet
  facet normal 0 0 -1
    outer loop
      vertex 42.5194 -33.7109 3.2
      vertex 42.5663 -33.6888 3.2
      vertex 42.7422 -33.619 3.2
    endloop
  endfacet
  facet normal 0 -0 -1
    outer loop
      vertex 42.4719 -33.7346 3.2
      vertex 42.7422 -33.619 3.2
      vertex 42.424 -33.7598 3.2
    endloop
  endfacet
  facet normal 0 -0 -1
    outer loop
      vertex 42.424 -33.7598 3.2
      vertex 42.7422 -33.619 3.2
      vertex 42.3759 -33.7864 3.2
    endloop
  endfacet
  facet normal 0 0 -1
    outer loop
      vertex 42.3759 -33.7864 3.2
      vertex 42.7422 -33.619 3.2
      vertex 42.9123 -33.5662 3.2
    endloop
  endfacet
  facet normal 0 0 -1
    outer loop
      vertex 42.3278 -33.8142 3.2
      vertex 41.8376 -34.2008 3.2
      vertex 42.28 -33.8431 3.2
    endloop
  endfacet
  facet normal 0 0 -1
    outer loop
      vertex 41.8376 -34.2008 3.2
      vertex 42.0535 -34.0003 3.2
      vertex 42.0963 -33.9676 3.2
    endloop
  endfacet
  facet normal 0 -0 -1
    outer loop
      vertex 41.973 -34.0668 3.2
      vertex 42.0123 -34.0334 3.2
      vertex 41.8691 -34.1672 3.2
    endloop
  endfacet
  facet normal 0 0 -1
    outer loop
      vertex 41.9359 -34.1003 3.2
      vertex 41.8691 -34.1672 3.2
      vertex 41.9011 -34.1338 3.2
    endloop
  endfacet
  facet normal 0 -0 -1
    outer loop
      vertex 41.9359 -34.1003 3.2
      vertex 41.973 -34.0668 3.2
      vertex 41.8691 -34.1672 3.2
    endloop
  endfacet
  facet normal 0 0 -1
    outer loop
      vertex 41.8691 -34.1672 3.2
      vertex 42.0123 -34.0334 3.2
      vertex 42.0535 -34.0003 3.2
    endloop
  endfacet
  facet normal 0 0 -1
    outer loop
      vertex 41.8376 -34.2008 3.2
      vertex 42.0963 -33.9676 3.2
      vertex 42.1407 -33.9354 3.2
    endloop
  endfacet
  facet normal 0 0 -1
    outer loop
      vertex 42.2328 -33.8731 3.2
      vertex 41.8376 -34.2008 3.2
      vertex 42.1862 -33.9039 3.2
    endloop
  endfacet
  facet normal 0 -0 -1
    outer loop
      vertex 42.2328 -33.8731 3.2
      vertex 42.28 -33.8431 3.2
      vertex 41.8376 -34.2008 3.2
    endloop
  endfacet
  facet normal 0 0 -1
    outer loop
      vertex 41.8376 -34.2008 3.2
      vertex 42.3278 -33.8142 3.2
      vertex 42.3759 -33.7864 3.2
    endloop
  endfacet
  facet normal 0 0 -1
    outer loop
      vertex 42.9123 -33.5662 3.2
      vertex 41.8376 -34.2008 3.2
      vertex 42.3759 -33.7864 3.2
    endloop
  endfacet
  facet normal 0 0 -1
    outer loop
      vertex 41.7704 -34.2686 3.2
      vertex 41.8046 -34.2346 3.2
      vertex 42.9123 -33.5662 3.2
    endloop
  endfacet
  facet normal 0 0 -1
    outer loop
      vertex 41.7351 -34.3026 3.2
      vertex 41.7704 -34.2686 3.2
      vertex 42.9123 -33.5662 3.2
    endloop
  endfacet
  facet normal 0 0 -1
    outer loop
      vertex 40.8032 -35.6755 3.2
      vertex 41.6246 -34.4032 3.2
      vertex 41.6621 -34.3701 3.2
    endloop
  endfacet
  facet normal 0 -0 -1
    outer loop
      vertex 41.5489 -34.4677 3.2
      vertex 41.5868 -34.4358 3.2
      vertex 40.8218 -35.6165 3.2
    endloop
  endfacet
  facet normal 0 0 -1
    outer loop
      vertex 41.5109 -34.4988 3.2
      vertex 40.8218 -35.6165 3.2
      vertex 40.8363 -35.5542 3.2
    endloop
  endfacet
  facet normal 0 -0 -1
    outer loop
      vertex 41.4732 -34.5288 3.2
      vertex 41.5109 -34.4988 3.2
      vertex 40.8363 -35.5542 3.2
    endloop
  endfacet
  facet normal 0 0 -1
    outer loop
      vertex 41.328 -34.636 3.2
      vertex 40.8541 -35.418 3.2
      vertex 41.2941 -34.6589 3.2
    endloop
  endfacet
  facet normal 0 0 -1
    outer loop
      vertex 41.2941 -34.6589 3.2
      vertex 40.8541 -35.418 3.2
      vertex 41.2615 -34.6799 3.2
    endloop
  endfacet
  facet normal 0 0 -1
    outer loop
      vertex 40.8582 -35.3433 3.2
      vertex 41.2009 -34.7157 3.2
      vertex 41.2303 -34.6989 3.2
    endloop
  endfacet
  facet normal 0 -0 -1
    outer loop
      vertex 41.1148 -34.768 3.2
      vertex 41.1433 -34.7486 3.2
      vertex 40.8595 -35.2637 3.2
    endloop
  endfacet
  facet normal 0 0 -1
    outer loop
      vertex 40.8595 -35.2637 3.2
      vertex 41.1433 -34.7486 3.2
      vertex 41.2009 -34.7157 3.2
    endloop
  endfacet
  facet normal 0 -0 -1
    outer loop
      vertex 41.0621 -34.8099 3.2
      vertex 41.0877 -34.7885 3.2
      vertex 40.8595 -35.2637 3.2
    endloop
  endfacet
  facet normal 0 0 -1
    outer loop
      vertex 41.0379 -34.8324 3.2
      vertex 40.8595 -35.2637 3.2
      vertex 41.0153 -34.8558 3.2
    endloop
  endfacet
  facet normal 0 0 -1
    outer loop
      vertex 41.0153 -34.8558 3.2
      vertex 40.8595 -35.2637 3.2
      vertex 40.9941 -34.8801 3.2
    endloop
  endfacet
  facet normal 0 0 -1
    outer loop
      vertex 40.9941 -34.8801 3.2
      vertex 40.8603 -35.2306 3.2
      vertex 40.9744 -34.9052 3.2
    endloop
  endfacet
  facet normal 0 0 -1
    outer loop
      vertex 40.9941 -34.8801 3.2
      vertex 40.8595 -35.2637 3.2
      vertex 40.8603 -35.2306 3.2
    endloop
  endfacet
  facet normal 0 -0 -1
    outer loop
      vertex 40.9563 -34.9312 3.2
      vertex 40.9744 -34.9052 3.2
      vertex 40.8628 -35.1979 3.2
    endloop
  endfacet
  facet normal 0 -0 -1
    outer loop
      vertex 40.8668 -35.1658 3.2
      vertex 40.9563 -34.9312 3.2
      vertex 40.8628 -35.1979 3.2
    endloop
  endfacet
  facet normal 0 0 -1
    outer loop
      vertex 40.8668 -35.1658 3.2
      vertex 40.9397 -34.9581 3.2
      vertex 40.9563 -34.9312 3.2
    endloop
  endfacet
  facet normal 0 0 -1
    outer loop
      vertex 40.8668 -35.1658 3.2
      vertex 40.8725 -35.1342 3.2
      vertex 40.9397 -34.9581 3.2
    endloop
  endfacet
  facet normal 0 0 -1
    outer loop
      vertex 40.9246 -34.9857 3.2
      vertex 40.8798 -35.1032 3.2
      vertex 40.911 -35.014 3.2
    endloop
  endfacet
  facet normal 0 0 -1
    outer loop
      vertex 40.8798 -35.1032 3.2
      vertex 40.8886 -35.0728 3.2
      vertex 40.899 -35.0431 3.2
    endloop
  endfacet
  facet normal 0 0 -1
    outer loop
      vertex 41.2009 -34.7157 3.2
      vertex 41.1433 -34.7486 3.2
      vertex 41.1733 -34.7303 3.2
    endloop
  endfacet
  facet normal 0 0 -1
    outer loop
      vertex 40.8725 -35.1342 3.2
      vertex 40.9246 -34.9857 3.2
      vertex 40.9397 -34.9581 3.2
    endloop
  endfacet
  facet normal 0 0 -1
    outer loop
      vertex 40.911 -35.014 3.2
      vertex 40.8798 -35.1032 3.2
      vertex 40.899 -35.0431 3.2
    endloop
  endfacet
  facet normal 0 0 -1
    outer loop
      vertex 40.9246 -34.9857 3.2
      vertex 40.8725 -35.1342 3.2
      vertex 40.8798 -35.1032 3.2
    endloop
  endfacet
  facet normal 0 -0 -1
    outer loop
      vertex 40.8628 -35.1979 3.2
      vertex 40.9744 -34.9052 3.2
      vertex 40.8603 -35.2306 3.2
    endloop
  endfacet
  facet normal 0 -0 -1
    outer loop
      vertex 41.0379 -34.8324 3.2
      vertex 41.0621 -34.8099 3.2
      vertex 40.8595 -35.2637 3.2
    endloop
  endfacet
  facet normal 0 0 -1
    outer loop
      vertex 40.8595 -35.2637 3.2
      vertex 41.0877 -34.7885 3.2
      vertex 41.1148 -34.768 3.2
    endloop
  endfacet
  facet normal 0 0 -1
    outer loop
      vertex 40.8582 -35.3433 3.2
      vertex 40.8595 -35.2637 3.2
      vertex 41.2009 -34.7157 3.2
    endloop
  endfacet
  facet normal 0 0 -1
    outer loop
      vertex 41.2615 -34.6799 3.2
      vertex 40.8582 -35.3433 3.2
      vertex 41.2303 -34.6989 3.2
    endloop
  endfacet
  facet normal 0 0 -1
    outer loop
      vertex 41.2615 -34.6799 3.2
      vertex 40.8541 -35.418 3.2
      vertex 40.8582 -35.3433 3.2
    endloop
  endfacet
  facet normal 0 0 -1
    outer loop
      vertex 41.3631 -34.6115 3.2
      vertex 40.8469 -35.4882 3.2
      vertex 41.328 -34.636 3.2
    endloop
  endfacet
  facet normal 0 -0 -1
    outer loop
      vertex 41.3631 -34.6115 3.2
      vertex 41.3991 -34.5853 3.2
      vertex 40.8469 -35.4882 3.2
    endloop
  endfacet
  facet normal 0 -0 -1
    outer loop
      vertex 41.3991 -34.5853 3.2
      vertex 41.4359 -34.5577 3.2
      vertex 40.8363 -35.5542 3.2
    endloop
  endfacet
  facet normal 0 0 -1
    outer loop
      vertex 40.8363 -35.5542 3.2
      vertex 41.4359 -34.5577 3.2
      vertex 41.4732 -34.5288 3.2
    endloop
  endfacet
  facet normal 0 0 -1
    outer loop
      vertex 40.8218 -35.6165 3.2
      vertex 41.5868 -34.4358 3.2
      vertex 41.6246 -34.4032 3.2
    endloop
  endfacet
  facet normal 0 0 -1
    outer loop
      vertex 40.8032 -35.6755 3.2
      vertex 40.8218 -35.6165 3.2
      vertex 41.6246 -34.4032 3.2
    endloop
  endfacet
  facet normal 0 0 -1
    outer loop
      vertex 41.699 -34.3365 3.2
      vertex 40.8032 -35.6755 3.2
      vertex 41.6621 -34.3701 3.2
    endloop
  endfacet
  facet normal 0 -0 -1
    outer loop
      vertex 41.699 -34.3365 3.2
      vertex 41.7351 -34.3026 3.2
      vertex 40.8032 -35.6755 3.2
    endloop
  endfacet
  facet normal 0 0 -1
    outer loop
      vertex 40.8032 -35.6755 3.2
      vertex 41.7351 -34.3026 3.2
      vertex 43.0787 -33.51 3.2
    endloop
  endfacet
  facet normal 0 0 -1
    outer loop
      vertex 40.78 -35.7315 3.2
      vertex 40.8032 -35.6755 3.2
      vertex 43.0787 -33.51 3.2
    endloop
  endfacet
  facet normal 0 0 -1
    outer loop
      vertex 43.2417 -33.4504 3.2
      vertex 40.78 -35.7315 3.2
      vertex 43.0787 -33.51 3.2
    endloop
  endfacet
  facet normal 0 0 -1
    outer loop
      vertex 43.4013 -33.3873 3.2
      vertex 40.7521 -35.785 3.2
      vertex 43.2417 -33.4504 3.2
    endloop
  endfacet
  facet normal 0 0 -1
    outer loop
      vertex 44.2791 -44.4424 3.2
      vertex 40.719 -35.8363 3.2
      vertex 40.7521 -35.785 3.2
    endloop
  endfacet
  facet normal 0 0 -1
    outer loop
      vertex 40.636 -35.9343 3.2
      vertex 44.2791 -44.4424 3.2
      vertex 43.1011 -44.4397 3.2
    endloop
  endfacet
  facet normal 0 0 -1
    outer loop
      vertex 40.5855 -35.9816 3.2
      vertex 40.636 -35.9343 3.2
      vertex 43.1011 -44.4397 3.2
    endloop
  endfacet
  facet normal 0 -0 -1
    outer loop
      vertex 40.5284 -36.0285 3.2
      vertex 43.1011 -44.4397 3.2
      vertex 40.4644 -36.0751 3.2
    endloop
  endfacet
  facet normal 0 0 -1
    outer loop
      vertex 40.5284 -36.0285 3.2
      vertex 40.5855 -35.9816 3.2
      vertex 43.1011 -44.4397 3.2
    endloop
  endfacet
  facet normal 0 0 -1
    outer loop
      vertex 40.3933 -36.1221 3.2
      vertex 40.4644 -36.0751 3.2
      vertex 43.1011 -44.4397 3.2
    endloop
  endfacet
  facet normal 0 0 -1
    outer loop
      vertex 40.6805 -35.886 3.2
      vertex 40.719 -35.8363 3.2
      vertex 44.2791 -44.4424 3.2
    endloop
  endfacet
  facet normal 0 0 -1
    outer loop
      vertex 41.9817 -44.4367 3.2
      vertex 40.3147 -36.1697 3.2
      vertex 40.3933 -36.1221 3.2
    endloop
  endfacet
  facet normal 0 0 -1
    outer loop
      vertex 36.9424 -42.104 3.2
      vertex 36.9496 -42.0529 3.2
      vertex 39.0208 -44.4256 3.2
    endloop
  endfacet
  facet normal 0 0 -1
    outer loop
      vertex 39.9369 -44.4296 3.2
      vertex 37.5271 -39.2234 3.2
      vertex 37.5654 -39.1481 3.2
    endloop
  endfacet
  facet normal 0 0 -1
    outer loop
      vertex 36.8829 -40.9973 3.2
      vertex 36.884 -40.9211 3.2
      vertex 36.9408 -40.5518 3.2
    endloop
  endfacet
  facet normal 0 0 -1
    outer loop
      vertex 39.0208 -44.4256 3.2
      vertex 36.9545 -41.8726 3.2
      vertex 39.9369 -44.4296 3.2
    endloop
  endfacet
  facet normal 0 0 -1
    outer loop
      vertex 38.1303 -38.2129 3.2
      vertex 38.1506 -38.1795 3.2
      vertex 40.9254 -44.4333 3.2
    endloop
  endfacet
  facet normal 0 0 -1
    outer loop
      vertex 41.9817 -44.4367 3.2
      vertex 38.2332 -38.0403 3.2
      vertex 38.2538 -38.0048 3.2
    endloop
  endfacet
  facet normal 0 -0 -1
    outer loop
      vertex 38.604 -37.4667 3.2
      vertex 39.9182 -36.3749 3.2
      vertex 38.5317 -37.5664 3.2
    endloop
  endfacet
  facet normal 0 -0 -1
    outer loop
      vertex 39.7113 -36.4822 3.2
      vertex 39.8133 -36.4273 3.2
      vertex 38.753 -37.2786 3.2
    endloop
  endfacet
  facet normal 0 0 -1
    outer loop
      vertex 39.6122 -36.5397 3.2
      vertex 38.8298 -37.19 3.2
      vertex 38.9084 -37.1048 3.2
    endloop
  endfacet
  facet normal 0 0 -1
    outer loop
      vertex 38.9888 -37.0231 3.2
      vertex 39.0711 -36.9448 3.2
      vertex 39.4221 -36.6629 3.2
    endloop
  endfacet
  facet normal 0 -0 -1
    outer loop
      vertex 39.1555 -36.8697 3.2
      vertex 39.2421 -36.7977 3.2
      vertex 39.0711 -36.9448 3.2
    endloop
  endfacet
  facet normal 0 0 -1
    outer loop
      vertex 39.0711 -36.9448 3.2
      vertex 39.2421 -36.7977 3.2
      vertex 39.3309 -36.7288 3.2
    endloop
  endfacet
  facet normal 0 0 -1
    outer loop
      vertex 39.4221 -36.6629 3.2
      vertex 39.0711 -36.9448 3.2
      vertex 39.3309 -36.7288 3.2
    endloop
  endfacet
  facet normal 0 0 -1
    outer loop
      vertex 39.5159 -36.5999 3.2
      vertex 38.9888 -37.0231 3.2
      vertex 39.4221 -36.6629 3.2
    endloop
  endfacet
  facet normal 0 0 -1
    outer loop
      vertex 39.5159 -36.5999 3.2
      vertex 38.9084 -37.1048 3.2
      vertex 38.9888 -37.0231 3.2
    endloop
  endfacet
  facet normal 0 -0 -1
    outer loop
      vertex 39.5159 -36.5999 3.2
      vertex 39.6122 -36.5397 3.2
      vertex 38.9084 -37.1048 3.2
    endloop
  endfacet
  facet normal 0 -0 -1
    outer loop
      vertex 39.6122 -36.5397 3.2
      vertex 39.7113 -36.4822 3.2
      vertex 38.8298 -37.19 3.2
    endloop
  endfacet
  facet normal 0 -0 -1
    outer loop
      vertex 38.8298 -37.19 3.2
      vertex 39.7113 -36.4822 3.2
      vertex 38.753 -37.2786 3.2
    endloop
  endfacet
  facet normal 0 -0 -1
    outer loop
      vertex 38.753 -37.2786 3.2
      vertex 39.8133 -36.4273 3.2
      vertex 38.6778 -37.3708 3.2
    endloop
  endfacet
  facet normal 0 0 -1
    outer loop
      vertex 38.6778 -37.3708 3.2
      vertex 39.8133 -36.4273 3.2
      vertex 39.9182 -36.3749 3.2
    endloop
  endfacet
  facet normal 0 0 -1
    outer loop
      vertex 38.604 -37.4667 3.2
      vertex 38.6778 -37.3708 3.2
      vertex 39.9182 -36.3749 3.2
    endloop
  endfacet
  facet normal 0 -0 -1
    outer loop
      vertex 38.5317 -37.5664 3.2
      vertex 39.9182 -36.3749 3.2
      vertex 38.4606 -37.67 3.2
    endloop
  endfacet
  facet normal 0 -0 -1
    outer loop
      vertex 38.4606 -37.67 3.2
      vertex 39.9182 -36.3749 3.2
      vertex 38.3906 -37.7775 3.2
    endloop
  endfacet
  facet normal 0 0 -1
    outer loop
      vertex 38.3906 -37.7775 3.2
      vertex 39.9182 -36.3749 3.2
      vertex 40.0303 -36.3206 3.2
    endloop
  endfacet
  facet normal 0 0 -1
    outer loop
      vertex 38.3217 -37.8891 3.2
      vertex 38.3906 -37.7775 3.2
      vertex 40.0303 -36.3206 3.2
    endloop
  endfacet
  facet normal 0 0 -1
    outer loop
      vertex 40.9254 -44.4333 3.2
      vertex 38.2126 -38.0757 3.2
      vertex 41.9817 -44.4367 3.2
    endloop
  endfacet
  facet normal 0 0 -1
    outer loop
      vertex 40.9254 -44.4333 3.2
      vertex 38.1918 -38.1108 3.2
      vertex 38.2126 -38.0757 3.2
    endloop
  endfacet
  facet normal 0 0 -1
    outer loop
      vertex 41.9817 -44.4367 3.2
      vertex 38.2126 -38.0757 3.2
      vertex 38.2332 -38.0403 3.2
    endloop
  endfacet
  facet normal 0 0 -1
    outer loop
      vertex 40.9254 -44.4333 3.2
      vertex 38.1506 -38.1795 3.2
      vertex 38.1712 -38.1455 3.2
    endloop
  endfacet
  facet normal 0 0 -1
    outer loop
      vertex 38.1102 -38.2454 3.2
      vertex 38.1303 -38.2129 3.2
      vertex 40.9254 -44.4333 3.2
    endloop
  endfacet
  facet normal 0 0 -1
    outer loop
      vertex 40.9254 -44.4333 3.2
      vertex 38.1712 -38.1455 3.2
      vertex 38.1918 -38.1108 3.2
    endloop
  endfacet
  facet normal 0 0 -1
    outer loop
      vertex 38.0713 -38.3072 3.2
      vertex 38.0905 -38.2769 3.2
      vertex 40.9254 -44.4333 3.2
    endloop
  endfacet
  facet normal 0 0 -1
    outer loop
      vertex 38.0526 -38.3363 3.2
      vertex 38.0713 -38.3072 3.2
      vertex 40.9254 -44.4333 3.2
    endloop
  endfacet
  facet normal 0 0 -1
    outer loop
      vertex 38.0345 -38.3639 3.2
      vertex 38.0526 -38.3363 3.2
      vertex 40.9254 -44.4333 3.2
    endloop
  endfacet
  facet normal 0 0 -1
    outer loop
      vertex 38.0171 -38.3899 3.2
      vertex 38.0345 -38.3639 3.2
      vertex 40.9254 -44.4333 3.2
    endloop
  endfacet
  facet normal 0 0 -1
    outer loop
      vertex 40.9254 -44.4333 3.2
      vertex 38.0905 -38.2769 3.2
      vertex 38.1102 -38.2454 3.2
    endloop
  endfacet
  facet normal 0 0 -1
    outer loop
      vertex 37.6387 -39.0066 3.2
      vertex 37.6733 -38.9409 3.2
      vertex 40.9254 -44.4333 3.2
    endloop
  endfacet
  facet normal 0 0 -1
    outer loop
      vertex 39.9369 -44.4296 3.2
      vertex 37.367 -39.5486 3.2
      vertex 37.4077 -39.4643 3.2
    endloop
  endfacet
  facet normal 0 0 -1
    outer loop
      vertex 36.9545 -41.8726 3.2
      vertex 36.9512 -41.8013 3.2
      vertex 39.9369 -44.4296 3.2
    endloop
  endfacet
  facet normal 0 0 -1
    outer loop
      vertex 39.9369 -44.4296 3.2
      vertex 36.9512 -41.8013 3.2
      vertex 36.9456 -41.7232 3.2
    endloop
  endfacet
  facet normal 0 0 -1
    outer loop
      vertex 37.5654 -39.1481 3.2
      vertex 40.9254 -44.4333 3.2
      vertex 39.9369 -44.4296 3.2
    endloop
  endfacet
  facet normal 0 -0 -1
    outer loop
      vertex 37.7377 -38.821 3.2
      vertex 37.9698 -38.4569 3.2
      vertex 37.7064 -38.8789 3.2
    endloop
  endfacet
  facet normal 0 -0 -1
    outer loop
      vertex 37.7945 -38.7181 3.2
      vertex 37.956 -38.4751 3.2
      vertex 37.7671 -38.7673 3.2
    endloop
  endfacet
  facet normal 0 0 -1
    outer loop
      vertex 37.7671 -38.7673 3.2
      vertex 37.956 -38.4751 3.2
      vertex 37.9698 -38.4569 3.2
    endloop
  endfacet
  facet normal 0 0 -1
    outer loop
      vertex 37.956 -38.4751 3.2
      vertex 37.8195 -38.6738 3.2
      vertex 37.9433 -38.491 3.2
    endloop
  endfacet
  facet normal 0 0 -1
    outer loop
      vertex 37.8422 -38.6345 3.2
      vertex 37.8622 -38.6005 3.2
      vertex 37.9318 -38.5044 3.2
    endloop
  endfacet
  facet normal 0 0 -1
    outer loop
      vertex 37.9433 -38.491 3.2
      vertex 37.8422 -38.6345 3.2
      vertex 37.9318 -38.5044 3.2
    endloop
  endfacet
  facet normal 0 -0 -1
    outer loop
      vertex 37.9216 -38.5153 3.2
      vertex 37.9318 -38.5044 3.2
      vertex 37.8794 -38.5721 3.2
    endloop
  endfacet
  facet normal 0 -0 -1
    outer loop
      vertex 37.8794 -38.5721 3.2
      vertex 37.9318 -38.5044 3.2
      vertex 37.8622 -38.6005 3.2
    endloop
  endfacet
  facet normal 0 0 -1
    outer loop
      vertex 37.8937 -38.5497 3.2
      vertex 37.9049 -38.5333 3.2
      vertex 37.9216 -38.5153 3.2
    endloop
  endfacet
  facet normal 0 0 -1
    outer loop
      vertex 37.9216 -38.5153 3.2
      vertex 37.9049 -38.5333 3.2
      vertex 37.9127 -38.5233 3.2
    endloop
  endfacet
  facet normal 0 0 -1
    outer loop
      vertex 37.8794 -38.5721 3.2
      vertex 37.8937 -38.5497 3.2
      vertex 37.9216 -38.5153 3.2
    endloop
  endfacet
  facet normal 0 0 -1
    outer loop
      vertex 37.9433 -38.491 3.2
      vertex 37.8195 -38.6738 3.2
      vertex 37.8422 -38.6345 3.2
    endloop
  endfacet
  facet normal 0 0 -1
    outer loop
      vertex 37.956 -38.4751 3.2
      vertex 37.7945 -38.7181 3.2
      vertex 37.8195 -38.6738 3.2
    endloop
  endfacet
  facet normal 0 0 -1
    outer loop
      vertex 37.7377 -38.821 3.2
      vertex 37.7671 -38.7673 3.2
      vertex 37.9698 -38.4569 3.2
    endloop
  endfacet
  facet normal 0 0 -1
    outer loop
      vertex 37.7064 -38.8789 3.2
      vertex 37.9698 -38.4569 3.2
      vertex 37.9847 -38.4365 3.2
    endloop
  endfacet
  facet normal 0 0 -1
    outer loop
      vertex 40.9254 -44.4333 3.2
      vertex 37.6026 -39.0758 3.2
      vertex 37.6387 -39.0066 3.2
    endloop
  endfacet
  facet normal 0 0 -1
    outer loop
      vertex 37.5654 -39.1481 3.2
      vertex 37.6026 -39.0758 3.2
      vertex 40.9254 -44.4333 3.2
    endloop
  endfacet
  facet normal 0 0 -1
    outer loop
      vertex 37.4879 -39.3014 3.2
      vertex 37.5271 -39.2234 3.2
      vertex 39.9369 -44.4296 3.2
    endloop
  endfacet
  facet normal 0 0 -1
    outer loop
      vertex 39.9369 -44.4296 3.2
      vertex 36.9379 -41.6378 3.2
      vertex 37.2616 -39.7691 3.2
    endloop
  endfacet
  facet normal 0 0 -1
    outer loop
      vertex 36.9379 -41.6378 3.2
      vertex 36.9282 -41.5443 3.2
      vertex 37.203 -39.8932 3.2
    endloop
  endfacet
  facet normal 0 0 -1
    outer loop
      vertex 37.2616 -39.7691 3.2
      vertex 36.9379 -41.6378 3.2
      vertex 37.203 -39.8932 3.2
    endloop
  endfacet
  facet normal 0 0 -1
    outer loop
      vertex 39.9369 -44.4296 3.2
      vertex 36.9456 -41.7232 3.2
      vertex 36.9379 -41.6378 3.2
    endloop
  endfacet
  facet normal 0 0 -1
    outer loop
      vertex 36.9168 -41.4422 3.2
      vertex 37.1502 -40.0079 3.2
      vertex 36.9282 -41.5443 3.2
    endloop
  endfacet
  facet normal 0 0 -1
    outer loop
      vertex 36.9055 -41.3415 3.2
      vertex 37.1028 -40.1142 3.2
      vertex 36.9168 -41.4422 3.2
    endloop
  endfacet
  facet normal 0 0 -1
    outer loop
      vertex 36.8962 -41.2476 3.2
      vertex 37.0607 -40.2129 3.2
      vertex 36.9055 -41.3415 3.2
    endloop
  endfacet
  facet normal 0 0 -1
    outer loop
      vertex 36.8962 -41.2476 3.2
      vertex 37.0237 -40.3051 3.2
      vertex 37.0607 -40.2129 3.2
    endloop
  endfacet
  facet normal 0 -0 -1
    outer loop
      vertex 36.964 -40.4736 3.2
      vertex 36.9915 -40.3916 3.2
      vertex 36.8847 -41.0764 3.2
    endloop
  endfacet
  facet normal 0 0 -1
    outer loop
      vertex 36.9408 -40.5518 3.2
      vertex 36.884 -40.9211 3.2
      vertex 36.9219 -40.6273 3.2
    endloop
  endfacet
  facet normal 0 0 -1
    outer loop
      vertex 36.8883 -40.847 3.2
      vertex 36.8959 -40.7739 3.2
      vertex 36.907 -40.701 3.2
    endloop
  endfacet
  facet normal 0 0 -1
    outer loop
      vertex 36.9219 -40.6273 3.2
      vertex 36.8883 -40.847 3.2
      vertex 36.907 -40.701 3.2
    endloop
  endfacet
  facet normal 0 0 -1
    outer loop
      vertex 36.9219 -40.6273 3.2
      vertex 36.884 -40.9211 3.2
      vertex 36.8883 -40.847 3.2
    endloop
  endfacet
  facet normal 0 0 -1
    outer loop
      vertex 36.964 -40.4736 3.2
      vertex 36.8829 -40.9973 3.2
      vertex 36.9408 -40.5518 3.2
    endloop
  endfacet
  facet normal 0 0 -1
    outer loop
      vertex 36.964 -40.4736 3.2
      vertex 36.8847 -41.0764 3.2
      vertex 36.8829 -40.9973 3.2
    endloop
  endfacet
  facet normal 0 0 -1
    outer loop
      vertex 36.9915 -40.3916 3.2
      vertex 36.8892 -41.1596 3.2
      vertex 36.8847 -41.0764 3.2
    endloop
  endfacet
  facet normal 0 -0 -1
    outer loop
      vertex 36.9915 -40.3916 3.2
      vertex 37.0237 -40.3051 3.2
      vertex 36.8892 -41.1596 3.2
    endloop
  endfacet
  facet normal 0 0 -1
    outer loop
      vertex 36.8892 -41.1596 3.2
      vertex 37.0237 -40.3051 3.2
      vertex 36.8962 -41.2476 3.2
    endloop
  endfacet
  facet normal 0 -0 -1
    outer loop
      vertex 37.0607 -40.2129 3.2
      vertex 37.1028 -40.1142 3.2
      vertex 36.9055 -41.3415 3.2
    endloop
  endfacet
  facet normal 0 -0 -1
    outer loop
      vertex 37.1028 -40.1142 3.2
      vertex 37.1502 -40.0079 3.2
      vertex 36.9168 -41.4422 3.2
    endloop
  endfacet
  facet normal 0 -0 -1
    outer loop
      vertex 37.1502 -40.0079 3.2
      vertex 37.203 -39.8932 3.2
      vertex 36.9282 -41.5443 3.2
    endloop
  endfacet
  facet normal 0 0 -1
    outer loop
      vertex 39.9369 -44.4296 3.2
      vertex 37.2616 -39.7691 3.2
      vertex 37.3261 -39.6346 3.2
    endloop
  endfacet
  facet normal 0 -0 -1
    outer loop
      vertex 37.367 -39.5486 3.2
      vertex 39.9369 -44.4296 3.2
      vertex 37.3261 -39.6346 3.2
    endloop
  endfacet
  facet normal 0 0 -1
    outer loop
      vertex 36.9555 -41.9379 3.2
      vertex 36.9545 -41.8726 3.2
      vertex 39.0208 -44.4256 3.2
    endloop
  endfacet
  facet normal 0 0 -1
    outer loop
      vertex 37.4077 -39.4643 3.2
      vertex 37.4481 -39.3818 3.2
      vertex 39.9369 -44.4296 3.2
    endloop
  endfacet
  facet normal 0 0 -1
    outer loop
      vertex 39.9369 -44.4296 3.2
      vertex 37.4481 -39.3818 3.2
      vertex 37.4879 -39.3014 3.2
    endloop
  endfacet
  facet normal 0 -0 -1
    outer loop
      vertex 36.9555 -41.9379 3.2
      vertex 39.0208 -44.4256 3.2
      vertex 36.9539 -41.9978 3.2
    endloop
  endfacet
  facet normal 0 0 -1
    outer loop
      vertex 40.9254 -44.4333 3.2
      vertex 37.6733 -38.9409 3.2
      vertex 37.7064 -38.8789 3.2
    endloop
  endfacet
  facet normal 0 0 -1
    outer loop
      vertex 36.9496 -42.0529 3.2
      vertex 36.9539 -41.9978 3.2
      vertex 39.0208 -44.4256 3.2
    endloop
  endfacet
  facet normal 0 -0 -1
    outer loop
      vertex 37.9847 -38.4365 3.2
      vertex 40.9254 -44.4333 3.2
      vertex 37.7064 -38.8789 3.2
    endloop
  endfacet
  facet normal 0 -0 -1
    outer loop
      vertex 38.0004 -38.4141 3.2
      vertex 40.9254 -44.4333 3.2
      vertex 37.9847 -38.4365 3.2
    endloop
  endfacet
  facet normal 0 0 -1
    outer loop
      vertex 38.0004 -38.4141 3.2
      vertex 38.0171 -38.3899 3.2
      vertex 40.9254 -44.4333 3.2
    endloop
  endfacet
  facet normal 0 -0 -1
    outer loop
      vertex 36.9424 -42.104 3.2
      vertex 39.0208 -44.4256 3.2
      vertex 36.9322 -42.1516 3.2
    endloop
  endfacet
  facet normal 0 0 -1
    outer loop
      vertex 38.2538 -38.0048 3.2
      vertex 38.3217 -37.8891 3.2
      vertex 41.9817 -44.4367 3.2
    endloop
  endfacet
  facet normal 0 0 -1
    outer loop
      vertex 38.1815 -44.4212 3.2
      vertex 36.9322 -42.1516 3.2
      vertex 39.0208 -44.4256 3.2
    endloop
  endfacet
  facet normal 0 0 -1
    outer loop
      vertex 41.9817 -44.4367 3.2
      vertex 38.3217 -37.8891 3.2
      vertex 40.0303 -36.3206 3.2
    endloop
  endfacet
  facet normal 0 -0 -1
    outer loop
      vertex 36.9322 -42.1516 3.2
      vertex 38.1815 -44.4212 3.2
      vertex 36.9188 -42.1964 3.2
    endloop
  endfacet
  facet normal 0 -0 -1
    outer loop
      vertex 36.9188 -42.1964 3.2
      vertex 38.1815 -44.4212 3.2
      vertex 36.9021 -42.2391 3.2
    endloop
  endfacet
  facet normal 0 -0 -1
    outer loop
      vertex 40.1335 -36.2686 3.2
      vertex 41.9817 -44.4367 3.2
      vertex 40.0303 -36.3206 3.2
    endloop
  endfacet
  facet normal 0 0 -1
    outer loop
      vertex 36.8819 -42.2804 3.2
      vertex 36.9021 -42.2391 3.2
      vertex 38.1815 -44.4212 3.2
    endloop
  endfacet
  facet normal 0 0 -1
    outer loop
      vertex 40.1335 -36.2686 3.2
      vertex 40.2282 -36.2184 3.2
      vertex 41.9817 -44.4367 3.2
    endloop
  endfacet
  facet normal 0 0 -1
    outer loop
      vertex 41.9817 -44.4367 3.2
      vertex 40.2282 -36.2184 3.2
      vertex 40.3147 -36.1697 3.2
    endloop
  endfacet
  facet normal 0 -0 -1
    outer loop
      vertex 36.8819 -42.2804 3.2
      vertex 38.1815 -44.4212 3.2
      vertex 36.8581 -42.3208 3.2
    endloop
  endfacet
  facet normal 0 -0 -1
    outer loop
      vertex 36.8581 -42.3208 3.2
      vertex 38.1815 -44.4212 3.2
      vertex 36.8305 -42.3611 3.2
    endloop
  endfacet
  facet normal 0 0 -1
    outer loop
      vertex 36.8305 -42.3611 3.2
      vertex 38.1815 -44.4212 3.2
      vertex 37.4238 -44.4165 3.2
    endloop
  endfacet
  facet normal 0 0 -1
    outer loop
      vertex 36.7989 -42.4019 3.2
      vertex 36.8305 -42.3611 3.2
      vertex 37.4238 -44.4165 3.2
    endloop
  endfacet
  facet normal 0 -0 -1
    outer loop
      vertex 36.7633 -42.4438 3.2
      vertex 37.4238 -44.4165 3.2
      vertex 36.7234 -42.4875 3.2
    endloop
  endfacet
  facet normal 0 -0 -1
    outer loop
      vertex 36.7234 -42.4875 3.2
      vertex 37.4238 -44.4165 3.2
      vertex 36.6791 -42.5338 3.2
    endloop
  endfacet
  facet normal 0 0 -1
    outer loop
      vertex 37.4238 -44.4165 3.2
      vertex 36.5975 -42.616 3.2
      vertex 36.6303 -42.5831 3.2
    endloop
  endfacet
  facet normal 0 0 -1
    outer loop
      vertex 37.4238 -44.4165 3.2
      vertex 36.5646 -42.6479 3.2
      vertex 36.5975 -42.616 3.2
    endloop
  endfacet
  facet normal 0 0 -1
    outer loop
      vertex 37.4238 -44.4165 3.2
      vertex 36.5317 -42.6788 3.2
      vertex 36.5646 -42.6479 3.2
    endloop
  endfacet
  facet normal 0 0 -1
    outer loop
      vertex 36.7522 -44.4115 3.2
      vertex 36.4989 -42.7085 3.2
      vertex 37.4238 -44.4165 3.2
    endloop
  endfacet
  facet normal 0 0 -1
    outer loop
      vertex 36.7522 -44.4115 3.2
      vertex 36.4664 -42.7371 3.2
      vertex 36.4989 -42.7085 3.2
    endloop
  endfacet
  facet normal 0 0 -1
    outer loop
      vertex 36.7522 -44.4115 3.2
      vertex 36.4342 -42.7643 3.2
      vertex 36.4664 -42.7371 3.2
    endloop
  endfacet
  facet normal 0 0 -1
    outer loop
      vertex 36.7522 -44.4115 3.2
      vertex 36.4025 -42.7902 3.2
      vertex 36.4342 -42.7643 3.2
    endloop
  endfacet
  facet normal 0 0 -1
    outer loop
      vertex 36.341 -42.8377 3.2
      vertex 36.3714 -42.8147 3.2
      vertex 36.7522 -44.4115 3.2
    endloop
  endfacet
  facet normal 0 -0 -1
    outer loop
      vertex 36.3114 -42.8591 3.2
      vertex 36.7522 -44.4115 3.2
      vertex 36.2827 -42.8788 3.2
    endloop
  endfacet
  facet normal 0 -0 -1
    outer loop
      vertex 36.2033 -42.9271 3.2
      vertex 36.7522 -44.4115 3.2
      vertex 36.1795 -42.9394 3.2
    endloop
  endfacet
  facet normal 0 -0 -1
    outer loop
      vertex 35.1146 -43.9005 3.2
      vertex 35.3002 -44.3949 3.2
      vertex 35.0376 -43.9935 3.2
    endloop
  endfacet
  facet normal 0 0 -1
    outer loop
      vertex 35.019 -44.3888 3.2
      vertex 34.8469 -44.3825 3.2
      vertex 34.8579 -44.2326 3.2
    endloop
  endfacet
  facet normal 0 0 -1
    outer loop
      vertex 34.8469 -44.3825 3.2
      vertex 34.7968 -44.3416 3.2
      vertex 34.8204 -44.2933 3.2
    endloop
  endfacet
  facet normal 0 0 -1
    outer loop
      vertex 35.3002 -44.3949 3.2
      vertex 34.9681 -44.081 3.2
      vertex 35.0376 -43.9935 3.2
    endloop
  endfacet
  facet normal 0 -0 -1
    outer loop
      vertex 35.1976 -43.8036 3.2
      vertex 35.3002 -44.3949 3.2
      vertex 35.1146 -43.9005 3.2
    endloop
  endfacet
  facet normal 0 -0 -1
    outer loop
      vertex 36.1363 -42.9577 3.2
      vertex 36.1714 -44.4062 3.2
      vertex 35.887 -43.0977 3.2
    endloop
  endfacet
  facet normal 0 0 -1
    outer loop
      vertex 35.4666 -43.5075 3.2
      vertex 35.5577 -43.4126 3.2
      vertex 35.6858 -44.4007 3.2
    endloop
  endfacet
  facet normal 0 0 -1
    outer loop
      vertex 35.6858 -44.4007 3.2
      vertex 35.5577 -43.4126 3.2
      vertex 36.1714 -44.4062 3.2
    endloop
  endfacet
  facet normal 0 0 -1
    outer loop
      vertex 36.1714 -44.4062 3.2
      vertex 35.6468 -43.3224 3.2
      vertex 35.7325 -43.2388 3.2
    endloop
  endfacet
  facet normal 0 -0 -1
    outer loop
      vertex 35.887 -43.0977 3.2
      vertex 36.1714 -44.4062 3.2
      vertex 35.813 -43.1633 3.2
    endloop
  endfacet
  facet normal 0 0 -1
    outer loop
      vertex 35.887 -43.0977 3.2
      vertex 36.1172 -42.9636 3.2
      vertex 36.1363 -42.9577 3.2
    endloop
  endfacet
  facet normal 0 0 -1
    outer loop
      vertex 35.9526 -43.0436 3.2
      vertex 36.0999 -42.9671 3.2
      vertex 36.1172 -42.9636 3.2
    endloop
  endfacet
  facet normal 0 0 -1
    outer loop
      vertex 36.0085 -43.0029 3.2
      vertex 36.0531 -42.9773 3.2
      vertex 36.0999 -42.9671 3.2
    endloop
  endfacet
  facet normal 0 0 -1
    outer loop
      vertex 36.0999 -42.9671 3.2
      vertex 36.0531 -42.9773 3.2
      vertex 36.0846 -42.9683 3.2
    endloop
  endfacet
  facet normal 0 0 -1
    outer loop
      vertex 35.9526 -43.0436 3.2
      vertex 36.0085 -43.0029 3.2
      vertex 36.0999 -42.9671 3.2
    endloop
  endfacet
  facet normal 0 0 -1
    outer loop
      vertex 35.887 -43.0977 3.2
      vertex 35.9526 -43.0436 3.2
      vertex 36.1172 -42.9636 3.2
    endloop
  endfacet
  facet normal 0 -0 -1
    outer loop
      vertex 35.813 -43.1633 3.2
      vertex 36.1714 -44.4062 3.2
      vertex 35.7325 -43.2388 3.2
    endloop
  endfacet
  facet normal 0 0 -1
    outer loop
      vertex 36.1714 -44.4062 3.2
      vertex 35.5577 -43.4126 3.2
      vertex 35.6468 -43.3224 3.2
    endloop
  endfacet
  facet normal 0 0 -1
    outer loop
      vertex 35.3752 -43.6055 3.2
      vertex 35.4666 -43.5075 3.2
      vertex 35.6858 -44.4007 3.2
    endloop
  endfacet
  facet normal 0 0 -1
    outer loop
      vertex 35.285 -43.7047 3.2
      vertex 35.3752 -43.6055 3.2
      vertex 35.6858 -44.4007 3.2
    endloop
  endfacet
  facet normal 0 0 -1
    outer loop
      vertex 35.1976 -43.8036 3.2
      vertex 35.6858 -44.4007 3.2
      vertex 35.3002 -44.3949 3.2
    endloop
  endfacet
  facet normal 0 -0 -1
    outer loop
      vertex 35.285 -43.7047 3.2
      vertex 35.6858 -44.4007 3.2
      vertex 35.1976 -43.8036 3.2
    endloop
  endfacet
  facet normal 0 0 -1
    outer loop
      vertex 34.8579 -44.2326 3.2
      vertex 34.9076 -44.1613 3.2
      vertex 35.019 -44.3888 3.2
    endloop
  endfacet
  facet normal 0 0 -1
    outer loop
      vertex 34.8469 -44.3825 3.2
      vertex 34.7886 -44.3759 3.2
      vertex 34.7968 -44.3416 3.2
    endloop
  endfacet
  facet normal 0 0 -1
    outer loop
      vertex 34.8579 -44.2326 3.2
      vertex 34.8469 -44.3825 3.2
      vertex 34.8204 -44.2933 3.2
    endloop
  endfacet
  facet normal 0 -0 -1
    outer loop
      vertex 34.9681 -44.081 3.2
      vertex 35.019 -44.3888 3.2
      vertex 34.9076 -44.1613 3.2
    endloop
  endfacet
  facet normal 0 0 -1
    outer loop
      vertex 34.9681 -44.081 3.2
      vertex 35.3002 -44.3949 3.2
      vertex 35.019 -44.3888 3.2
    endloop
  endfacet
  facet normal 0 0 -1
    outer loop
      vertex 36.1714 -44.4062 3.2
      vertex 36.1363 -42.9577 3.2
      vertex 36.1571 -42.9496 3.2
    endloop
  endfacet
  facet normal 0 0 -1
    outer loop
      vertex 36.1795 -42.9394 3.2
      vertex 36.1714 -44.4062 3.2
      vertex 36.1571 -42.9496 3.2
    endloop
  endfacet
  facet normal 0 -0 -1
    outer loop
      vertex 36.1795 -42.9394 3.2
      vertex 36.7522 -44.4115 3.2
      vertex 36.1714 -44.4062 3.2
    endloop
  endfacet
  facet normal 0 0 -1
    outer loop
      vertex 36.2033 -42.9271 3.2
      vertex 36.2286 -42.9129 3.2
      vertex 36.7522 -44.4115 3.2
    endloop
  endfacet
  facet normal 0 0 -1
    outer loop
      vertex 36.7522 -44.4115 3.2
      vertex 36.2286 -42.9129 3.2
      vertex 36.2551 -42.8967 3.2
    endloop
  endfacet
  facet normal 0 -0 -1
    outer loop
      vertex 36.2827 -42.8788 3.2
      vertex 36.7522 -44.4115 3.2
      vertex 36.2551 -42.8967 3.2
    endloop
  endfacet
  facet normal 0 0 -1
    outer loop
      vertex 36.3114 -42.8591 3.2
      vertex 36.341 -42.8377 3.2
      vertex 36.7522 -44.4115 3.2
    endloop
  endfacet
  facet normal 0 0 -1
    outer loop
      vertex 36.7522 -44.4115 3.2
      vertex 36.3714 -42.8147 3.2
      vertex 36.4025 -42.7902 3.2
    endloop
  endfacet
  facet normal 0 0 -1
    outer loop
      vertex 37.4238 -44.4165 3.2
      vertex 36.4989 -42.7085 3.2
      vertex 36.5317 -42.6788 3.2
    endloop
  endfacet
  facet normal 0 -0 -1
    outer loop
      vertex 36.6791 -42.5338 3.2
      vertex 37.4238 -44.4165 3.2
      vertex 36.6303 -42.5831 3.2
    endloop
  endfacet
  facet normal 0 0 -1
    outer loop
      vertex 36.7633 -42.4438 3.2
      vertex 36.7989 -42.4019 3.2
      vertex 37.4238 -44.4165 3.2
    endloop
  endfacet
  facet normal 0 0 -1
    outer loop
      vertex 43.1011 -44.4397 3.2
      vertex 41.9817 -44.4367 3.2
      vertex 40.3933 -36.1221 3.2
    endloop
  endfacet
  facet normal 0 0 -1
    outer loop
      vertex 43.4013 -33.3873 3.2
      vertex 43.5575 -33.3206 3.2
      vertex 45.511 -44.4447 3.2
    endloop
  endfacet
  facet normal 0 0 -1
    outer loop
      vertex 45.511 -44.4447 3.2
      vertex 43.7106 -33.2503 3.2
      vertex 43.8605 -33.1763 3.2
    endloop
  endfacet
  facet normal 0 0 -1
    outer loop
      vertex 46.7923 -44.4466 3.2
      vertex 44.0073 -33.0987 3.2
      vertex 44.1513 -33.0172 3.2
    endloop
  endfacet
  facet normal 0 0 -1
    outer loop
      vertex 48.1184 -44.4481 3.2
      vertex 46.7923 -44.4466 3.2
      vertex 44.4306 -32.8427 3.2
    endloop
  endfacet
  facet normal -0 0 -1
    outer loop
      vertex 49.2531 -31.8021 3.2
      vertex 48.1184 -44.4481 3.2
      vertex 49.2292 -31.7991 3.2
    endloop
  endfacet
  facet normal 0 0 -1
    outer loop
      vertex 50.8864 -44.4498 3.2
      vertex 49.2992 -31.7999 3.2
      vertex 49.322 -31.7946 3.2
    endloop
  endfacet
  facet normal 0 0 -1
    outer loop
      vertex 52.3193 -44.45 3.2
      vertex 51.9161 -30.9633 3.2
      vertex 51.974 -30.959 3.2
    endloop
  endfacet
  facet normal 0 -0 -1
    outer loop
      vertex 52.1476 -30.9364 3.2
      vertex 52.3193 -44.45 3.2
      vertex 52.0899 -30.9455 3.2
    endloop
  endfacet
  facet normal 0 -0 -1
    outer loop
      vertex 56.11 -30.1133 3.2
      vertex 56.5177 -30.124 3.2
      vertex 52.3193 -44.45 3.2
    endloop
  endfacet
  facet normal 0 0 -1
    outer loop
      vertex 52.3193 -44.45 3.2
      vertex 61.4279 -30.9688 3.2
      vertex 61.4978 -30.9977 3.2
    endloop
  endfacet
  facet normal -0 0 -1
    outer loop
      vertex 61.7636 -31.1032 3.2
      vertex 52.3193 -44.45 3.2
      vertex 61.6998 -31.0785 3.2
    endloop
  endfacet
  facet normal 0 -0 -1
    outer loop
      vertex 62.0442 -31.2042 3.2
      vertex 62.0906 -31.2192 3.2
      vertex 52.3193 -44.45 3.2
    endloop
  endfacet
  facet normal 0 0 -1
    outer loop
      vertex 52.3193 -44.45 3.2
      vertex 63.3167 -31.7124 3.2
      vertex 63.39 -31.7476 3.2
    endloop
  endfacet
  facet normal -0 0 -1
    outer loop
      vertex 69.8091 -39.2938 3.2
      vertex 52.3193 -44.45 3.2
      vertex 63.676 -31.8628 3.2
    endloop
  endfacet
  facet normal 0 -0 -1
    outer loop
      vertex 69.8091 -39.2938 3.2
      vertex 69.8636 -44.45 3.2
      vertex 52.3193 -44.45 3.2
    endloop
  endfacet
  facet normal 0 0 1
    outer loop
      vertex 69.6778 -34.048 5
      vertex 68.1893 -32.4587 5
      vertex 68.1281 -32.4543 5
    endloop
  endfacet
  facet normal 0 0 1
    outer loop
      vertex -1.34877 -43.0016 5
      vertex -1.42768 -42.9521 5
      vertex -1.51093 -42.9091 5
    endloop
  endfacet
  facet normal 0 0 1
    outer loop
      vertex -1.2726 -43.0585 5
      vertex -1.51093 -42.9091 5
      vertex -1.6001 -42.8718 5
    endloop
  endfacet
  facet normal 0 0 1
    outer loop
      vertex -1.2726 -43.0585 5
      vertex -1.34877 -43.0016 5
      vertex -1.51093 -42.9091 5
    endloop
  endfacet
  facet normal 0 0 1
    outer loop
      vertex 68.6273 -32.5193 5
      vertex 69.6224 -33.5342 5
      vertex 68.6874 -32.5317 5
    endloop
  endfacet
  facet normal 0 0 1
    outer loop
      vertex 68.8027 -32.5589 5
      vertex 69.6224 -33.5342 5
      vertex 68.8573 -32.5735 5
    endloop
  endfacet
  facet normal 0 0 1
    outer loop
      vertex -1.2726 -43.0585 5
      vertex -1.6001 -42.8718 5
      vertex -1.19758 -43.1234 5
    endloop
  endfacet
  facet normal 0 0 1
    outer loop
      vertex 68.9093 -32.5888 5
      vertex 68.8573 -32.5735 5
      vertex 69.5881 -33.3389 5
    endloop
  endfacet
  facet normal 0 0 1
    outer loop
      vertex -1.6001 -42.8718 5
      vertex -1.69681 -42.8396 5
      vertex -1.19758 -43.1234 5
    endloop
  endfacet
  facet normal 0 0 1
    outer loop
      vertex -1.69681 -42.8396 5
      vertex -1.12211 -43.1971 5
      vertex -1.19758 -43.1234 5
    endloop
  endfacet
  facet normal 0 0 1
    outer loop
      vertex -1.80266 -42.8117 5
      vertex -1.12211 -43.1971 5
      vertex -1.69681 -42.8396 5
    endloop
  endfacet
  facet normal 0 0 1
    outer loop
      vertex -1.04459 -43.2803 5
      vertex -1.12211 -43.1971 5
      vertex -1.80266 -42.8117 5
    endloop
  endfacet
  facet normal 0 0 1
    outer loop
      vertex -1.04459 -43.2803 5
      vertex -1.80266 -42.8117 5
      vertex -1.91922 -42.7872 5
    endloop
  endfacet
  facet normal 0 0 1
    outer loop
      vertex -1.04459 -43.2803 5
      vertex -1.91922 -42.7872 5
      vertex -0.963432 -43.3739 5
    endloop
  endfacet
  facet normal 0 0 1
    outer loop
      vertex -1.91922 -42.7872 5
      vertex -2.0481 -42.7655 5
      vertex -0.963432 -43.3739 5
    endloop
  endfacet
  facet normal 0 0 1
    outer loop
      vertex -2.0481 -42.7655 5
      vertex -0.877031 -43.4785 5
      vertex -0.963432 -43.3739 5
    endloop
  endfacet
  facet normal 0 0 1
    outer loop
      vertex -2.1909 -42.7459 5
      vertex -0.877031 -43.4785 5
      vertex -2.0481 -42.7655 5
    endloop
  endfacet
  facet normal 0 0 1
    outer loop
      vertex -0.783804 -43.595 5
      vertex -0.877031 -43.4785 5
      vertex -2.1909 -42.7459 5
    endloop
  endfacet
  facet normal 0 0 1
    outer loop
      vertex -0.783804 -43.595 5
      vertex -2.1909 -42.7459 5
      vertex -2.34921 -42.7274 5
    endloop
  endfacet
  facet normal 0 0 1
    outer loop
      vertex -0.783804 -43.595 5
      vertex -2.34921 -42.7274 5
      vertex -0.682138 -43.724 5
    endloop
  endfacet
  facet normal 0 0 1
    outer loop
      vertex -2.34921 -42.7274 5
      vertex -2.52462 -42.7095 5
      vertex -0.682138 -43.724 5
    endloop
  endfacet
  facet normal 0 0 1
    outer loop
      vertex -2.52462 -42.7095 5
      vertex -2.71874 -42.6912 5
      vertex -0.682138 -43.724 5
    endloop
  endfacet
  facet normal 0 0 1
    outer loop
      vertex -2.71874 -42.6912 5
      vertex -2.93316 -42.672 5
      vertex -0.682138 -43.724 5
    endloop
  endfacet
  facet normal 0 0 1
    outer loop
      vertex -2.93316 -42.672 5
      vertex -0.122789 -44.45 5
      vertex -0.682138 -43.724 5
    endloop
  endfacet
  facet normal 0 0 1
    outer loop
      vertex -3.03791 -42.6617 5
      vertex -0.122789 -44.45 5
      vertex -2.93316 -42.672 5
    endloop
  endfacet
  facet normal 0 0 1
    outer loop
      vertex -3.15113 -42.6486 5
      vertex -0.122789 -44.45 5
      vertex -3.03791 -42.6617 5
    endloop
  endfacet
  facet normal 0 0 1
    outer loop
      vertex -3.27206 -42.6329 5
      vertex -0.122789 -44.45 5
      vertex -3.15113 -42.6486 5
    endloop
  endfacet
  facet normal 0 0 1
    outer loop
      vertex -3.39996 -42.6147 5
      vertex -0.122789 -44.45 5
      vertex -3.27206 -42.6329 5
    endloop
  endfacet
  facet normal 0 0 1
    outer loop
      vertex -3.53408 -42.5942 5
      vertex -0.122789 -44.45 5
      vertex -3.39996 -42.6147 5
    endloop
  endfacet
  facet normal 0 0 1
    outer loop
      vertex -3.67367 -42.5715 5
      vertex -0.122789 -44.45 5
      vertex -3.53408 -42.5942 5
    endloop
  endfacet
  facet normal 0 0 1
    outer loop
      vertex -3.81798 -42.5466 5
      vertex -0.122789 -44.45 5
      vertex -3.67367 -42.5715 5
    endloop
  endfacet
  facet normal 0 0 1
    outer loop
      vertex -3.96628 -42.5198 5
      vertex -0.122789 -44.45 5
      vertex -3.81798 -42.5466 5
    endloop
  endfacet
  facet normal 0 0 1
    outer loop
      vertex -4.11782 -42.4912 5
      vertex -0.122789 -44.45 5
      vertex -3.96628 -42.5198 5
    endloop
  endfacet
  facet normal 0 0 1
    outer loop
      vertex -4.27184 -42.4609 5
      vertex -0.122789 -44.45 5
      vertex -4.11782 -42.4912 5
    endloop
  endfacet
  facet normal 0 0 1
    outer loop
      vertex -4.4276 -42.429 5
      vertex -0.122789 -44.45 5
      vertex -4.27184 -42.4609 5
    endloop
  endfacet
  facet normal 0 0 1
    outer loop
      vertex -4.58435 -42.3957 5
      vertex -0.122789 -44.45 5
      vertex -4.4276 -42.429 5
    endloop
  endfacet
  facet normal 0 0 1
    outer loop
      vertex -4.74134 -42.3611 5
      vertex -0.122789 -44.45 5
      vertex -4.58435 -42.3957 5
    endloop
  endfacet
  facet normal 0 0 1
    outer loop
      vertex -4.89784 -42.3254 5
      vertex -0.122789 -44.45 5
      vertex -4.74134 -42.3611 5
    endloop
  endfacet
  facet normal 0 0 1
    outer loop
      vertex -5.05309 -42.2886 5
      vertex -0.122789 -44.45 5
      vertex -4.89784 -42.3254 5
    endloop
  endfacet
  facet normal 0 0 1
    outer loop
      vertex -5.20634 -42.251 5
      vertex -0.122789 -44.45 5
      vertex -5.05309 -42.2886 5
    endloop
  endfacet
  facet normal 0 0 1
    outer loop
      vertex -5.35685 -42.2126 5
      vertex -0.122789 -44.45 5
      vertex -5.20634 -42.251 5
    endloop
  endfacet
  facet normal 0 0 1
    outer loop
      vertex -5.50387 -42.1735 5
      vertex -0.122789 -44.45 5
      vertex -5.35685 -42.2126 5
    endloop
  endfacet
  facet normal 0 0 1
    outer loop
      vertex -5.64666 -42.134 5
      vertex -8.02059 -41.6256 5
      vertex -5.50387 -42.1735 5
    endloop
  endfacet
  facet normal 0 0 1
    outer loop
      vertex -8.02059 -41.6256 5
      vertex -5.91779 -42.0567 5
      vertex -6.05138 -42.0201 5
    endloop
  endfacet
  facet normal 0 0 1
    outer loop
      vertex -6.70345 -41.853 5
      vertex -6.82676 -41.8237 5
      vertex -8.02059 -41.6256 5
    endloop
  endfacet
  facet normal 0 0 1
    outer loop
      vertex -7.17231 -41.746 5
      vertex -7.94274 -41.6325 5
      vertex -7.06175 -41.77 5
    endloop
  endfacet
  facet normal 0 0 1
    outer loop
      vertex -7.94274 -41.6325 5
      vertex -7.37676 -41.7041 5
      vertex -7.46952 -41.6864 5
    endloop
  endfacet
  facet normal 0 0 1
    outer loop
      vertex -7.6333 -41.6584 5
      vertex -7.70319 -41.6483 5
      vertex -7.85813 -41.6348 5
    endloop
  endfacet
  facet normal 0 0 1
    outer loop
      vertex -7.85813 -41.6348 5
      vertex -7.76434 -41.6409 5
      vertex -7.81617 -41.6364 5
    endloop
  endfacet
  facet normal 0 0 1
    outer loop
      vertex -7.70319 -41.6483 5
      vertex -7.76434 -41.6409 5
      vertex -7.85813 -41.6348 5
    endloop
  endfacet
  facet normal 0 0 1
    outer loop
      vertex -7.6333 -41.6584 5
      vertex -7.85813 -41.6348 5
      vertex -7.94274 -41.6325 5
    endloop
  endfacet
  facet normal 0 0 1
    outer loop
      vertex -7.6333 -41.6584 5
      vertex -7.94274 -41.6325 5
      vertex -7.55522 -41.6712 5
    endloop
  endfacet
  facet normal 0 0 1
    outer loop
      vertex -7.94274 -41.6325 5
      vertex -7.46952 -41.6864 5
      vertex -7.55522 -41.6712 5
    endloop
  endfacet
  facet normal 0 0 1
    outer loop
      vertex -7.2775 -41.724 5
      vertex -7.37676 -41.7041 5
      vertex -7.94274 -41.6325 5
    endloop
  endfacet
  facet normal 0 0 1
    outer loop
      vertex -7.2775 -41.724 5
      vertex -7.94274 -41.6325 5
      vertex -7.17231 -41.746 5
    endloop
  endfacet
  facet normal 0 0 1
    outer loop
      vertex -7.94274 -41.6325 5
      vertex -8.02059 -41.6256 5
      vertex -7.06175 -41.77 5
    endloop
  endfacet
  facet normal 0 0 1
    outer loop
      vertex -8.02059 -41.6256 5
      vertex -6.94637 -41.796 5
      vertex -7.06175 -41.77 5
    endloop
  endfacet
  facet normal 0 0 1
    outer loop
      vertex -6.82676 -41.8237 5
      vertex -6.94637 -41.796 5
      vertex -8.02059 -41.6256 5
    endloop
  endfacet
  facet normal 0 0 1
    outer loop
      vertex -6.70345 -41.853 5
      vertex -8.02059 -41.6256 5
      vertex -6.57703 -41.8839 5
    endloop
  endfacet
  facet normal 0 0 1
    outer loop
      vertex -8.02059 -41.6256 5
      vertex -6.44804 -41.9161 5
      vertex -6.57703 -41.8839 5
    endloop
  endfacet
  facet normal 0 0 1
    outer loop
      vertex -6.31707 -41.9497 5
      vertex -6.44804 -41.9161 5
      vertex -8.02059 -41.6256 5
    endloop
  endfacet
  facet normal 0 0 1
    outer loop
      vertex -6.31707 -41.9497 5
      vertex -8.02059 -41.6256 5
      vertex -6.18466 -41.9844 5
    endloop
  endfacet
  facet normal 0 0 1
    outer loop
      vertex -8.02059 -41.6256 5
      vertex -6.05138 -42.0201 5
      vertex -6.18466 -41.9844 5
    endloop
  endfacet
  facet normal 0 0 1
    outer loop
      vertex -5.78446 -42.0942 5
      vertex -5.91779 -42.0567 5
      vertex -8.02059 -41.6256 5
    endloop
  endfacet
  facet normal 0 0 1
    outer loop
      vertex -5.78446 -42.0942 5
      vertex -8.02059 -41.6256 5
      vertex -5.64666 -42.134 5
    endloop
  endfacet
  facet normal 0 0 1
    outer loop
      vertex -8.02059 -41.6256 5
      vertex -0.122789 -44.45 5
      vertex -5.50387 -42.1735 5
    endloop
  endfacet
  facet normal 0 0 1
    outer loop
      vertex -8.09163 -41.6141 5
      vertex -0.122789 -44.45 5
      vertex -8.02059 -41.6256 5
    endloop
  endfacet
  facet normal 0 0 1
    outer loop
      vertex -8.15587 -41.5982 5
      vertex -0.122789 -44.45 5
      vertex -8.09163 -41.6141 5
    endloop
  endfacet
  facet normal 0 0 1
    outer loop
      vertex -40.8329 -33.1298 5
      vertex -26.3802 -31.7794 5
      vertex -40.6 -32.9608 5
    endloop
  endfacet
  facet normal 0 0 1
    outer loop
      vertex -26.4905 -31.7206 5
      vertex -40.3563 -32.7815 5
      vertex -26.3802 -31.7794 5
    endloop
  endfacet
  facet normal 0 0 1
    outer loop
      vertex -36.6521 -29.648 5
      vertex -36.152 -29.4601 5
      vertex -36.6071 -29.6231 5
    endloop
  endfacet
  facet normal 0 0 1
    outer loop
      vertex -22.2413 -32.6085 5
      vertex -8.3741 -41.4539 5
      vertex -22.0537 -32.6348 5
    endloop
  endfacet
  facet normal 0 0 1
    outer loop
      vertex -19.5538 -32.8005 5
      vertex -8.39702 -41.4126 5
      vertex -8.41297 -41.3673 5
    endloop
  endfacet
  facet normal 0 0 1
    outer loop
      vertex -16.4613 -32.8759 5
      vertex -13.9914 -33.3946 5
      vertex -16.187 -32.8855 5
    endloop
  endfacet
  facet normal 0 0 1
    outer loop
      vertex -12.9496 -33.7942 5
      vertex -13.0636 -33.7536 5
      vertex -8.42393 -41.2649 5
    endloop
  endfacet
  facet normal 0 0 1
    outer loop
      vertex -8.40682 -41.1473 5
      vertex -11.8039 -34.1727 5
      vertex -12.0379 -34.0953 5
    endloop
  endfacet
  facet normal 0 0 1
    outer loop
      vertex -10.5511 -34.6549 5
      vertex -8.36146 -41.015 5
      vertex -8.32815 -40.9436 5
    endloop
  endfacet
  facet normal 0 0 1
    outer loop
      vertex -8.24012 -40.7903 5
      vertex -8.83591 -35.794 5
      vertex -8.86704 -35.767 5
    endloop
  endfacet
  facet normal 0 0 1
    outer loop
      vertex -7.84075 -40.1231 5
      vertex -8.74292 -35.8678 5
      vertex -7.87141 -40.1789 5
    endloop
  endfacet
  facet normal 0 0 1
    outer loop
      vertex -8.68259 -35.91 5
      vertex -7.78042 -40.0118 5
      vertex -7.751 -39.9568 5
    endloop
  endfacet
  facet normal 0 -0 1
    outer loop
      vertex -7.66714 -39.7976 5
      vertex -7.64118 -39.7476 5
      vertex -8.65333 -35.9286 5
    endloop
  endfacet
  facet normal 0 -0 1
    outer loop
      vertex -7.61258 -39.6957 5
      vertex -7.58154 -39.6421 5
      vertex -8.59727 -35.9605 5
    endloop
  endfacet
  facet normal 0 -0 1
    outer loop
      vertex -7.43733 -39.4161 5
      vertex -7.39734 -39.3581 5
      vertex -8.52135 -35.993 5
    endloop
  endfacet
  facet normal 0 0 1
    outer loop
      vertex -7.52699 -36.4991 5
      vertex -7.65775 -36.4104 5
      vertex -7.22806 -39.1276 5
    endloop
  endfacet
  facet normal 0 0 1
    outer loop
      vertex -8.47772 -36.0032 5
      vertex -8.49875 -35.9993 5
      vertex -8.13895 -36.121 5
    endloop
  endfacet
  facet normal 0 0 1
    outer loop
      vertex -8.1924 -40.7213 5
      vertex -8.24012 -40.7903 5
      vertex -8.21692 -40.7574 5
    endloop
  endfacet
  facet normal 0 0 1
    outer loop
      vertex -8.1667 -40.6821 5
      vertex -8.24012 -40.7903 5
      vertex -8.1924 -40.7213 5
    endloop
  endfacet
  facet normal 0 0 1
    outer loop
      vertex -8.13993 -40.6401 5
      vertex -8.24012 -40.7903 5
      vertex -8.1667 -40.6821 5
    endloop
  endfacet
  facet normal 0 0 1
    outer loop
      vertex -8.74292 -35.8678 5
      vertex -7.90222 -40.2345 5
      vertex -7.87141 -40.1789 5
    endloop
  endfacet
  facet normal 0 0 1
    outer loop
      vertex -8.65333 -35.9286 5
      vertex -7.69423 -39.8494 5
      vertex -7.66714 -39.7976 5
    endloop
  endfacet
  facet normal 0 0 1
    outer loop
      vertex -7.61258 -39.6957 5
      vertex -8.62485 -35.9455 5
      vertex -7.64118 -39.7476 5
    endloop
  endfacet
  facet normal 0 0 1
    outer loop
      vertex -7.58154 -39.6421 5
      vertex -8.57074 -35.9735 5
      vertex -8.59727 -35.9605 5
    endloop
  endfacet
  facet normal 0 0 1
    outer loop
      vertex -7.54828 -39.5871 5
      vertex -8.54539 -35.9843 5
      vertex -8.57074 -35.9735 5
    endloop
  endfacet
  facet normal 0 -0 1
    outer loop
      vertex -7.51302 -39.5309 5
      vertex -7.47596 -39.4738 5
      vertex -8.54539 -35.9843 5
    endloop
  endfacet
  facet normal 0 -0 1
    outer loop
      vertex -7.47596 -39.4738 5
      vertex -7.43733 -39.4161 5
      vertex -8.52135 -35.993 5
    endloop
  endfacet
  facet normal 0 0 1
    outer loop
      vertex -8.52135 -35.993 5
      vertex -7.39734 -39.3581 5
      vertex -8.49875 -35.9993 5
    endloop
  endfacet
  facet normal 0 -0 1
    outer loop
      vertex -7.39734 -39.3581 5
      vertex -7.3562 -39.2999 5
      vertex -8.49875 -35.9993 5
    endloop
  endfacet
  facet normal 0 0 1
    outer loop
      vertex -8.47772 -36.0032 5
      vertex -8.23891 -36.0722 5
      vertex -8.3268 -36.0355 5
    endloop
  endfacet
  facet normal 0 0 1
    outer loop
      vertex -8.47772 -36.0032 5
      vertex -8.3268 -36.0355 5
      vertex -8.45841 -36.0045 5
    endloop
  endfacet
  facet normal 0 0 1
    outer loop
      vertex -8.23891 -36.0722 5
      vertex -8.47772 -36.0032 5
      vertex -8.13895 -36.121 5
    endloop
  endfacet
  facet normal 0 0 1
    outer loop
      vertex -7.3562 -39.2999 5
      vertex -8.02888 -36.1807 5
      vertex -8.49875 -35.9993 5
    endloop
  endfacet
  facet normal 0 0 1
    outer loop
      vertex -7.91067 -36.2497 5
      vertex -8.02888 -36.1807 5
      vertex -7.3562 -39.2999 5
    endloop
  endfacet
  facet normal 0 0 1
    outer loop
      vertex -7.91067 -36.2497 5
      vertex -7.3562 -39.2999 5
      vertex -7.31413 -39.2419 5
    endloop
  endfacet
  facet normal 0 0 1
    outer loop
      vertex -7.7863 -36.3268 5
      vertex -7.31413 -39.2419 5
      vertex -7.27135 -39.1844 5
    endloop
  endfacet
  facet normal 0 0 1
    outer loop
      vertex -7.65775 -36.4104 5
      vertex -7.27135 -39.1844 5
      vertex -7.22806 -39.1276 5
    endloop
  endfacet
  facet normal 0 0 1
    outer loop
      vertex -7.52699 -36.4991 5
      vertex -7.22806 -39.1276 5
      vertex -7.18449 -39.0718 5
    endloop
  endfacet
  facet normal 0 0 1
    outer loop
      vertex -7.09735 -38.9641 5
      vertex -7.39599 -36.5916 5
      vertex -7.14085 -39.0172 5
    endloop
  endfacet
  facet normal 0 0 1
    outer loop
      vertex -7.26673 -36.6864 5
      vertex -7.39599 -36.5916 5
      vertex -7.09735 -38.9641 5
    endloop
  endfacet
  facet normal 0 0 1
    outer loop
      vertex -7.01163 -38.8636 5
      vertex -7.26673 -36.6864 5
      vertex -7.0542 -38.9128 5
    endloop
  endfacet
  facet normal 0 0 1
    outer loop
      vertex -6.96985 -38.8166 5
      vertex -7.14119 -36.7822 5
      vertex -7.01163 -38.8636 5
    endloop
  endfacet
  facet normal 0 0 1
    outer loop
      vertex -6.92907 -38.7723 5
      vertex -7.02133 -36.8775 5
      vertex -7.14119 -36.7822 5
    endloop
  endfacet
  facet normal 0 0 1
    outer loop
      vertex -6.88951 -38.7308 5
      vertex -7.02133 -36.8775 5
      vertex -6.92907 -38.7723 5
    endloop
  endfacet
  facet normal 0 0 1
    outer loop
      vertex -6.82258 -38.6626 5
      vertex -6.90914 -36.9708 5
      vertex -6.88951 -38.7308 5
    endloop
  endfacet
  facet normal 0 0 1
    outer loop
      vertex -6.76094 -38.5958 5
      vertex -6.80659 -37.0609 5
      vertex -6.90914 -36.9708 5
    endloop
  endfacet
  facet normal 0 -0 1
    outer loop
      vertex -6.70454 -38.5302 5
      vertex -6.65333 -38.4656 5
      vertex -6.80659 -37.0609 5
    endloop
  endfacet
  facet normal 0 0 1
    outer loop
      vertex -6.65333 -38.4656 5
      vertex -6.71565 -37.1462 5
      vertex -6.80659 -37.0609 5
    endloop
  endfacet
  facet normal 0 -0 1
    outer loop
      vertex -6.60728 -38.4018 5
      vertex -6.56634 -38.3386 5
      vertex -6.71565 -37.1462 5
    endloop
  endfacet
  facet normal 0 0 1
    outer loop
      vertex -6.71565 -37.1462 5
      vertex -6.53049 -38.2758 5
      vertex -6.44201 -37.6296 5
    endloop
  endfacet
  facet normal 0 0 1
    outer loop
      vertex -6.50752 -37.4121 5
      vertex -6.53226 -37.3598 5
      vertex -6.57651 -37.2971 5
    endloop
  endfacet
  facet normal 0 0 1
    outer loop
      vertex -6.48112 -37.4866 5
      vertex -6.63829 -37.2254 5
      vertex -6.45927 -37.559 5
    endloop
  endfacet
  facet normal 0 0 1
    outer loop
      vertex -6.63829 -37.2254 5
      vertex -6.44201 -37.6296 5
      vertex -6.45927 -37.559 5
    endloop
  endfacet
  facet normal 0 0 1
    outer loop
      vertex -6.53049 -38.2758 5
      vertex -6.42937 -37.6986 5
      vertex -6.44201 -37.6296 5
    endloop
  endfacet
  facet normal 0 0 1
    outer loop
      vertex -6.49966 -38.2133 5
      vertex -6.4214 -37.7661 5
      vertex -6.42937 -37.6986 5
    endloop
  endfacet
  facet normal 0 0 1
    outer loop
      vertex -6.47383 -38.1507 5
      vertex -6.41813 -37.8323 5
      vertex -6.4214 -37.7661 5
    endloop
  endfacet
  facet normal 0 0 1
    outer loop
      vertex -6.41813 -37.8323 5
      vertex -6.43698 -38.0251 5
      vertex -6.41961 -37.8974 5
    endloop
  endfacet
  facet normal 0 0 1
    outer loop
      vertex -6.43698 -38.0251 5
      vertex -6.42588 -37.9616 5
      vertex -6.41961 -37.8974 5
    endloop
  endfacet
  facet normal 0 0 1
    outer loop
      vertex -6.45295 -38.0881 5
      vertex -6.43698 -38.0251 5
      vertex -6.41813 -37.8323 5
    endloop
  endfacet
  facet normal 0 -0 1
    outer loop
      vertex -6.45295 -38.0881 5
      vertex -6.41813 -37.8323 5
      vertex -6.47383 -38.1507 5
    endloop
  endfacet
  facet normal 0 -0 1
    outer loop
      vertex -6.47383 -38.1507 5
      vertex -6.4214 -37.7661 5
      vertex -6.49966 -38.2133 5
    endloop
  endfacet
  facet normal -0 0 1
    outer loop
      vertex 46.1284 -31.2833 5
      vertex 46.0625 -31.3436 5
      vertex 47.1022 -30.9904 5
    endloop
  endfacet
  facet normal 0 -0 1
    outer loop
      vertex -6.49966 -38.2133 5
      vertex -6.42937 -37.6986 5
      vertex -6.53049 -38.2758 5
    endloop
  endfacet
  facet normal 0 0 1
    outer loop
      vertex -6.71565 -37.1462 5
      vertex -6.44201 -37.6296 5
      vertex -6.63829 -37.2254 5
    endloop
  endfacet
  facet normal 0 0 1
    outer loop
      vertex -6.57651 -37.2971 5
      vertex -6.63829 -37.2254 5
      vertex -6.48112 -37.4866 5
    endloop
  endfacet
  facet normal 0 0 1
    outer loop
      vertex -6.50752 -37.4121 5
      vertex -6.57651 -37.2971 5
      vertex -6.48112 -37.4866 5
    endloop
  endfacet
  facet normal 0 -0 1
    outer loop
      vertex -6.56634 -38.3386 5
      vertex -6.53049 -38.2758 5
      vertex -6.71565 -37.1462 5
    endloop
  endfacet
  facet normal 0 0 1
    outer loop
      vertex -6.60728 -38.4018 5
      vertex -6.71565 -37.1462 5
      vertex -6.65333 -38.4656 5
    endloop
  endfacet
  facet normal 0 0 1
    outer loop
      vertex -6.70454 -38.5302 5
      vertex -6.80659 -37.0609 5
      vertex -6.76094 -38.5958 5
    endloop
  endfacet
  facet normal 0 0 1
    outer loop
      vertex 69.2565 -32.7438 5
      vertex 69.5035 -33.0489 5
      vertex 69.4522 -32.9451 5
    endloop
  endfacet
  facet normal 0 0 1
    outer loop
      vertex -6.76094 -38.5958 5
      vertex -6.90914 -36.9708 5
      vertex -6.82258 -38.6626 5
    endloop
  endfacet
  facet normal 0 0 1
    outer loop
      vertex -6.90914 -36.9708 5
      vertex -7.02133 -36.8775 5
      vertex -6.88951 -38.7308 5
    endloop
  endfacet
  facet normal 0 0 1
    outer loop
      vertex -6.92907 -38.7723 5
      vertex -7.14119 -36.7822 5
      vertex -6.96985 -38.8166 5
    endloop
  endfacet
  facet normal 0 0 1
    outer loop
      vertex -7.14119 -36.7822 5
      vertex -7.26673 -36.6864 5
      vertex -7.01163 -38.8636 5
    endloop
  endfacet
  facet normal 0 0 1
    outer loop
      vertex -7.26673 -36.6864 5
      vertex -7.09735 -38.9641 5
      vertex -7.0542 -38.9128 5
    endloop
  endfacet
  facet normal 0 0 1
    outer loop
      vertex -7.39599 -36.5916 5
      vertex -7.52699 -36.4991 5
      vertex -7.14085 -39.0172 5
    endloop
  endfacet
  facet normal 0 0 1
    outer loop
      vertex -7.52699 -36.4991 5
      vertex -7.18449 -39.0718 5
      vertex -7.14085 -39.0172 5
    endloop
  endfacet
  facet normal 0 0 1
    outer loop
      vertex -7.65775 -36.4104 5
      vertex -7.7863 -36.3268 5
      vertex -7.27135 -39.1844 5
    endloop
  endfacet
  facet normal 0 0 1
    outer loop
      vertex 69.5486 -33.1787 5
      vertex 69.1756 -32.6983 5
      vertex 69.086 -32.6559 5
    endloop
  endfacet
  facet normal 0 0 1
    outer loop
      vertex -7.7863 -36.3268 5
      vertex -7.91067 -36.2497 5
      vertex -7.31413 -39.2419 5
    endloop
  endfacet
  facet normal 0 0 1
    outer loop
      vertex -8.45841 -36.0045 5
      vertex -8.3268 -36.0355 5
      vertex -8.40061 -36.0125 5
    endloop
  endfacet
  facet normal 0 0 1
    outer loop
      vertex 69.3293 -32.7971 5
      vertex 69.4522 -32.9451 5
      vertex 69.3943 -32.8627 5
    endloop
  endfacet
  facet normal 0 0 1
    outer loop
      vertex -8.13895 -36.121 5
      vertex -8.49875 -35.9993 5
      vertex -8.02888 -36.1807 5
    endloop
  endfacet
  facet normal 0 0 1
    outer loop
      vertex 69.0472 -32.6384 5
      vertex 69.0046 -32.6213 5
      vertex 69.5881 -33.3389 5
    endloop
  endfacet
  facet normal 0 0 1
    outer loop
      vertex -7.47596 -39.4738 5
      vertex -8.52135 -35.993 5
      vertex -8.54539 -35.9843 5
    endloop
  endfacet
  facet normal 0 0 1
    outer loop
      vertex 69.4522 -32.9451 5
      vertex 69.3293 -32.7971 5
      vertex 69.2565 -32.7438 5
    endloop
  endfacet
  facet normal 0 0 1
    outer loop
      vertex -7.51302 -39.5309 5
      vertex -8.54539 -35.9843 5
      vertex -7.54828 -39.5871 5
    endloop
  endfacet
  facet normal 0 0 1
    outer loop
      vertex 69.1756 -32.6983 5
      vertex 69.5035 -33.0489 5
      vertex 69.2565 -32.7438 5
    endloop
  endfacet
  facet normal 0 0 1
    outer loop
      vertex -7.54828 -39.5871 5
      vertex -8.57074 -35.9735 5
      vertex -7.58154 -39.6421 5
    endloop
  endfacet
  facet normal 0 0 1
    outer loop
      vertex 69.1756 -32.6983 5
      vertex 69.5486 -33.1787 5
      vertex 69.5035 -33.0489 5
    endloop
  endfacet
  facet normal 0 0 1
    outer loop
      vertex -7.61258 -39.6957 5
      vertex -8.59727 -35.9605 5
      vertex -8.62485 -35.9455 5
    endloop
  endfacet
  facet normal 0 0 1
    outer loop
      vertex 69.5486 -33.1787 5
      vertex 69.086 -32.6559 5
      vertex 69.5881 -33.3389 5
    endloop
  endfacet
  facet normal 0 0 1
    outer loop
      vertex -7.64118 -39.7476 5
      vertex -8.62485 -35.9455 5
      vertex -8.65333 -35.9286 5
    endloop
  endfacet
  facet normal 0 0 1
    outer loop
      vertex 69.5881 -33.3389 5
      vertex 69.086 -32.6559 5
      vertex 69.0472 -32.6384 5
    endloop
  endfacet
  facet normal 0 0 1
    outer loop
      vertex -7.69423 -39.8494 5
      vertex -8.65333 -35.9286 5
      vertex -8.68259 -35.91 5
    endloop
  endfacet
  facet normal 0 0 1
    outer loop
      vertex 69.0046 -32.6213 5
      vertex 68.9585 -32.6048 5
      vertex 69.5881 -33.3389 5
    endloop
  endfacet
  facet normal 0 0 1
    outer loop
      vertex -7.69423 -39.8494 5
      vertex -8.68259 -35.91 5
      vertex -7.72222 -39.9026 5
    endloop
  endfacet
  facet normal 0 0 1
    outer loop
      vertex 69.5881 -33.3389 5
      vertex 68.9585 -32.6048 5
      vertex 68.9093 -32.5888 5
    endloop
  endfacet
  facet normal 0 0 1
    outer loop
      vertex -8.68259 -35.91 5
      vertex -7.751 -39.9568 5
      vertex -7.72222 -39.9026 5
    endloop
  endfacet
  facet normal 0 0 1
    outer loop
      vertex 68.8573 -32.5735 5
      vertex 69.6224 -33.5342 5
      vertex 69.5881 -33.3389 5
    endloop
  endfacet
  facet normal 0 0 1
    outer loop
      vertex -8.7125 -35.8897 5
      vertex -7.78042 -40.0118 5
      vertex -8.68259 -35.91 5
    endloop
  endfacet
  facet normal 0 0 1
    outer loop
      vertex 69.6224 -33.5342 5
      vertex 68.8027 -32.5589 5
      vertex 68.746 -32.5449 5
    endloop
  endfacet
  facet normal 0 -0 1
    outer loop
      vertex -7.81038 -40.0673 5
      vertex -7.78042 -40.0118 5
      vertex -8.7125 -35.8897 5
    endloop
  endfacet
  facet normal 0 0 1
    outer loop
      vertex 68.6874 -32.5317 5
      vertex 69.6224 -33.5342 5
      vertex 68.746 -32.5449 5
    endloop
  endfacet
  facet normal 0 0 1
    outer loop
      vertex -7.81038 -40.0673 5
      vertex -8.7125 -35.8897 5
      vertex -7.84075 -40.1231 5
    endloop
  endfacet
  facet normal 0 0 1
    outer loop
      vertex -8.7125 -35.8897 5
      vertex -8.74292 -35.8678 5
      vertex -7.84075 -40.1231 5
    endloop
  endfacet
  facet normal 0 0 1
    outer loop
      vertex -8.74292 -35.8678 5
      vertex -8.77372 -35.8445 5
      vertex -7.90222 -40.2345 5
    endloop
  endfacet
  facet normal 0 0 1
    outer loop
      vertex -8.77372 -35.8445 5
      vertex -7.93308 -40.2896 5
      vertex -7.90222 -40.2345 5
    endloop
  endfacet
  facet normal 0 -0 1
    outer loop
      vertex -7.96386 -40.3439 5
      vertex -7.93308 -40.2896 5
      vertex -8.77372 -35.8445 5
    endloop
  endfacet
  facet normal 0 0 1
    outer loop
      vertex -7.96386 -40.3439 5
      vertex -8.77372 -35.8445 5
      vertex -7.99444 -40.3973 5
    endloop
  endfacet
  facet normal 0 0 1
    outer loop
      vertex -8.77372 -35.8445 5
      vertex -8.80475 -35.8198 5
      vertex -7.99444 -40.3973 5
    endloop
  endfacet
  facet normal 0 0 1
    outer loop
      vertex -8.80475 -35.8198 5
      vertex -8.02468 -40.4494 5
      vertex -7.99444 -40.3973 5
    endloop
  endfacet
  facet normal 0 -0 1
    outer loop
      vertex -8.05448 -40.5 5
      vertex -8.02468 -40.4494 5
      vertex -8.80475 -35.8198 5
    endloop
  endfacet
  facet normal 0 0 1
    outer loop
      vertex -8.05448 -40.5 5
      vertex -8.80475 -35.8198 5
      vertex -8.0837 -40.5488 5
    endloop
  endfacet
  facet normal 0 0 1
    outer loop
      vertex -8.80475 -35.8198 5
      vertex -8.83591 -35.794 5
      vertex -8.0837 -40.5488 5
    endloop
  endfacet
  facet normal 0 0 1
    outer loop
      vertex -8.83591 -35.794 5
      vertex -8.11222 -40.5956 5
      vertex -8.0837 -40.5488 5
    endloop
  endfacet
  facet normal 0 -0 1
    outer loop
      vertex -8.13993 -40.6401 5
      vertex -8.11222 -40.5956 5
      vertex -8.83591 -35.794 5
    endloop
  endfacet
  facet normal 0 0 1
    outer loop
      vertex -8.13993 -40.6401 5
      vertex -8.83591 -35.794 5
      vertex -8.24012 -40.7903 5
    endloop
  endfacet
  facet normal 0 0 1
    outer loop
      vertex -8.24012 -40.7903 5
      vertex -8.86704 -35.767 5
      vertex -8.89802 -35.739 5
    endloop
  endfacet
  facet normal 0 0 1
    outer loop
      vertex -8.24012 -40.7903 5
      vertex -8.89802 -35.739 5
      vertex -8.28771 -40.8686 5
    endloop
  endfacet
  facet normal 0 0 1
    outer loop
      vertex -8.89802 -35.739 5
      vertex -8.92872 -35.7101 5
      vertex -8.28771 -40.8686 5
    endloop
  endfacet
  facet normal 0 0 1
    outer loop
      vertex -8.92872 -35.7101 5
      vertex -8.95899 -35.6805 5
      vertex -8.28771 -40.8686 5
    endloop
  endfacet
  facet normal 0 0 1
    outer loop
      vertex -9.73623 -35.0653 5
      vertex -8.98871 -35.6501 5
      vertex -9.60171 -35.1467 5
    endloop
  endfacet
  facet normal 0 0 1
    outer loop
      vertex -8.98871 -35.6501 5
      vertex -9.47733 -35.2276 5
      vertex -9.60171 -35.1467 5
    endloop
  endfacet
  facet normal 0 0 1
    outer loop
      vertex -9.01775 -35.6193 5
      vertex -9.26019 -35.3872 5
      vertex -9.3634 -35.3078 5
    endloop
  endfacet
  facet normal 0 0 1
    outer loop
      vertex -9.08707 -35.5431 5
      vertex -9.16798 -35.4656 5
      vertex -9.01775 -35.6193 5
    endloop
  endfacet
  facet normal 0 0 1
    outer loop
      vertex -9.16798 -35.4656 5
      vertex -9.26019 -35.3872 5
      vertex -9.01775 -35.6193 5
    endloop
  endfacet
  facet normal 0 0 1
    outer loop
      vertex -9.01775 -35.6193 5
      vertex -9.3634 -35.3078 5
      vertex -9.47733 -35.2276 5
    endloop
  endfacet
  facet normal 0 0 1
    outer loop
      vertex -9.01775 -35.6193 5
      vertex -9.47733 -35.2276 5
      vertex -8.98871 -35.6501 5
    endloop
  endfacet
  facet normal 0 0 1
    outer loop
      vertex -8.95899 -35.6805 5
      vertex -8.98871 -35.6501 5
      vertex -9.73623 -35.0653 5
    endloop
  endfacet
  facet normal 0 0 1
    outer loop
      vertex -8.95899 -35.6805 5
      vertex -9.73623 -35.0653 5
      vertex -9.88062 -34.9835 5
    endloop
  endfacet
  facet normal 0 0 1
    outer loop
      vertex -8.95899 -35.6805 5
      vertex -9.88062 -34.9835 5
      vertex -8.28771 -40.8686 5
    endloop
  endfacet
  facet normal 0 0 1
    outer loop
      vertex -9.88062 -34.9835 5
      vertex -10.0346 -34.9014 5
      vertex -8.28771 -40.8686 5
    endloop
  endfacet
  facet normal 0 0 1
    outer loop
      vertex -10.0346 -34.9014 5
      vertex -8.32815 -40.9436 5
      vertex -8.28771 -40.8686 5
    endloop
  endfacet
  facet normal 0 0 1
    outer loop
      vertex -10.1978 -34.8192 5
      vertex -8.32815 -40.9436 5
      vertex -10.0346 -34.9014 5
    endloop
  endfacet
  facet normal 0 0 1
    outer loop
      vertex -10.3701 -34.737 5
      vertex -8.32815 -40.9436 5
      vertex -10.1978 -34.8192 5
    endloop
  endfacet
  facet normal 0 0 1
    outer loop
      vertex 68.6273 -32.5193 5
      vertex 68.5659 -32.5078 5
      vertex 69.6522 -33.769 5
    endloop
  endfacet
  facet normal 0 0 1
    outer loop
      vertex -10.5511 -34.6549 5
      vertex -8.32815 -40.9436 5
      vertex -10.3701 -34.737 5
    endloop
  endfacet
  facet normal 0 0 1
    outer loop
      vertex 69.6224 -33.5342 5
      vertex 68.6273 -32.5193 5
      vertex 69.6522 -33.769 5
    endloop
  endfacet
  facet normal 0 0 1
    outer loop
      vertex -10.7405 -34.5731 5
      vertex -8.36146 -41.015 5
      vertex -10.5511 -34.6549 5
    endloop
  endfacet
  facet normal 0 0 1
    outer loop
      vertex 68.5036 -32.4971 5
      vertex 69.6522 -33.769 5
      vertex 68.5659 -32.5078 5
    endloop
  endfacet
  facet normal 0 0 1
    outer loop
      vertex -10.938 -34.4917 5
      vertex -8.36146 -41.015 5
      vertex -10.7405 -34.5731 5
    endloop
  endfacet
  facet normal 0 0 1
    outer loop
      vertex 68.5036 -32.4971 5
      vertex 68.4407 -32.4874 5
      vertex 69.6522 -33.769 5
    endloop
  endfacet
  facet normal 0 -0 1
    outer loop
      vertex -8.38768 -41.0829 5
      vertex -8.36146 -41.015 5
      vertex -10.938 -34.4917 5
    endloop
  endfacet
  facet normal 0 0 1
    outer loop
      vertex 69.6522 -33.769 5
      vertex 68.4407 -32.4874 5
      vertex 68.3775 -32.4786 5
    endloop
  endfacet
  facet normal 0 0 1
    outer loop
      vertex -8.38768 -41.0829 5
      vertex -10.938 -34.4917 5
      vertex -11.1434 -34.4108 5
    endloop
  endfacet
  facet normal 0 0 1
    outer loop
      vertex 69.6778 -34.048 5
      vertex 69.6522 -33.769 5
      vertex 68.3775 -32.4786 5
    endloop
  endfacet
  facet normal 0 0 1
    outer loop
      vertex -8.38768 -41.0829 5
      vertex -11.1434 -34.4108 5
      vertex -11.3564 -34.3306 5
    endloop
  endfacet
  facet normal 0 0 1
    outer loop
      vertex 68.3143 -32.4709 5
      vertex 69.6778 -34.048 5
      vertex 68.3775 -32.4786 5
    endloop
  endfacet
  facet normal 0 0 1
    outer loop
      vertex -8.38768 -41.0829 5
      vertex -11.3564 -34.3306 5
      vertex -11.5767 -34.2512 5
    endloop
  endfacet
  facet normal 0 0 1
    outer loop
      vertex 68.3143 -32.4709 5
      vertex 68.2515 -32.4642 5
      vertex 69.6778 -34.048 5
    endloop
  endfacet
  facet normal 0 0 1
    outer loop
      vertex -8.38768 -41.0829 5
      vertex -11.5767 -34.2512 5
      vertex -8.40682 -41.1473 5
    endloop
  endfacet
  facet normal 0 0 1
    outer loop
      vertex 69.6778 -34.048 5
      vertex 68.2515 -32.4642 5
      vertex 68.1893 -32.4587 5
    endloop
  endfacet
  facet normal 0 0 1
    outer loop
      vertex -11.5767 -34.2512 5
      vertex -11.8039 -34.1727 5
      vertex -8.40682 -41.1473 5
    endloop
  endfacet
  facet normal 0 0 1
    outer loop
      vertex 68.1281 -32.4543 5
      vertex 68.0683 -32.4511 5
      vertex 69.6778 -34.048 5
    endloop
  endfacet
  facet normal 0 0 1
    outer loop
      vertex -8.40682 -41.1473 5
      vertex -12.0379 -34.0953 5
      vertex -12.2783 -34.0191 5
    endloop
  endfacet
  facet normal 0 0 1
    outer loop
      vertex 69.6778 -34.048 5
      vertex 68.0683 -32.4511 5
      vertex 68.01 -32.4492 5
    endloop
  endfacet
  facet normal 0 0 1
    outer loop
      vertex -8.40682 -41.1473 5
      vertex -12.2783 -34.0191 5
      vertex -12.3861 -33.9849 5
    endloop
  endfacet
  facet normal 0 0 1
    outer loop
      vertex 67.9537 -32.4485 5
      vertex 69.6778 -34.048 5
      vertex 68.01 -32.4492 5
    endloop
  endfacet
  facet normal 0 0 1
    outer loop
      vertex -8.40682 -41.1473 5
      vertex -12.3861 -33.9849 5
      vertex -8.4189 -41.2079 5
    endloop
  endfacet
  facet normal 0 0 1
    outer loop
      vertex -12.3861 -33.9849 5
      vertex -12.4962 -33.9491 5
      vertex -8.4189 -41.2079 5
    endloop
  endfacet
  facet normal 0 0 1
    outer loop
      vertex -12.4962 -33.9491 5
      vertex -12.6081 -33.912 5
      vertex -8.4189 -41.2079 5
    endloop
  endfacet
  facet normal 0 0 1
    outer loop
      vertex -12.6081 -33.912 5
      vertex -12.7213 -33.8736 5
      vertex -8.4189 -41.2079 5
    endloop
  endfacet
  facet normal 0 0 1
    outer loop
      vertex -12.7213 -33.8736 5
      vertex -12.8353 -33.8343 5
      vertex -8.4189 -41.2079 5
    endloop
  endfacet
  facet normal 0 0 1
    outer loop
      vertex -12.8353 -33.8343 5
      vertex -12.9496 -33.7942 5
      vertex -8.4189 -41.2079 5
    endloop
  endfacet
  facet normal 0 0 1
    outer loop
      vertex -12.9496 -33.7942 5
      vertex -8.42393 -41.2649 5
      vertex -8.4189 -41.2079 5
    endloop
  endfacet
  facet normal 0 0 1
    outer loop
      vertex -13.0636 -33.7536 5
      vertex -13.1768 -33.7125 5
      vertex -8.42393 -41.2649 5
    endloop
  endfacet
  facet normal 0 0 1
    outer loop
      vertex -13.1768 -33.7125 5
      vertex -13.2887 -33.6713 5
      vertex -8.42393 -41.2649 5
    endloop
  endfacet
  facet normal 0 0 1
    outer loop
      vertex -13.2887 -33.6713 5
      vertex -13.3987 -33.6301 5
      vertex -8.42393 -41.2649 5
    endloop
  endfacet
  facet normal 0 0 1
    outer loop
      vertex -13.3987 -33.6301 5
      vertex -13.5064 -33.5892 5
      vertex -8.42393 -41.2649 5
    endloop
  endfacet
  facet normal 0 0 1
    outer loop
      vertex -13.5064 -33.5892 5
      vertex -13.6113 -33.5486 5
      vertex -8.42393 -41.2649 5
    endloop
  endfacet
  facet normal 0 0 1
    outer loop
      vertex -13.6113 -33.5486 5
      vertex -8.42195 -41.318 5
      vertex -8.42393 -41.2649 5
    endloop
  endfacet
  facet normal 0 0 1
    outer loop
      vertex -13.7127 -33.5087 5
      vertex -8.42195 -41.318 5
      vertex -13.6113 -33.5486 5
    endloop
  endfacet
  facet normal 0 0 1
    outer loop
      vertex -13.8102 -33.4696 5
      vertex -8.42195 -41.318 5
      vertex -13.7127 -33.5087 5
    endloop
  endfacet
  facet normal 0 0 1
    outer loop
      vertex -13.9033 -33.4315 5
      vertex -16.4613 -32.8759 5
      vertex -13.8102 -33.4696 5
    endloop
  endfacet
  facet normal 0 0 1
    outer loop
      vertex -16.187 -32.8855 5
      vertex -14.074 -33.3592 5
      vertex -15.9427 -32.8961 5
    endloop
  endfacet
  facet normal 0 0 1
    outer loop
      vertex -15.7258 -32.9082 5
      vertex -14.1506 -33.3254 5
      vertex -14.2207 -33.2934 5
    endloop
  endfacet
  facet normal 0 0 1
    outer loop
      vertex -15.5335 -32.9218 5
      vertex -14.2207 -33.2934 5
      vertex -14.2838 -33.2634 5
    endloop
  endfacet
  facet normal 0 0 1
    outer loop
      vertex -15.2123 -32.9553 5
      vertex -14.2838 -33.2634 5
      vertex -14.3808 -33.2126 5
    endloop
  endfacet
  facet normal 0 0 1
    outer loop
      vertex -15.0781 -32.9756 5
      vertex -14.3808 -33.2126 5
      vertex -14.4732 -33.1666 5
    endloop
  endfacet
  facet normal 0 0 1
    outer loop
      vertex -14.9579 -32.9988 5
      vertex -14.4732 -33.1666 5
      vertex -14.5635 -33.1251 5
    endloop
  endfacet
  facet normal 0 0 1
    outer loop
      vertex -14.7487 -33.0546 5
      vertex -14.849 -33.025 5
      vertex -14.6544 -33.0879 5
    endloop
  endfacet
  facet normal 0 0 1
    outer loop
      vertex 66.6173 -32.2613 5
      vertex 69.7627 -36.2636 5
      vertex 66.6898 -32.2783 5
    endloop
  endfacet
  facet normal 0 0 1
    outer loop
      vertex -14.849 -33.025 5
      vertex -14.5635 -33.1251 5
      vertex -14.6544 -33.0879 5
    endloop
  endfacet
  facet normal 0 0 1
    outer loop
      vertex -14.9579 -32.9988 5
      vertex -14.5635 -33.1251 5
      vertex -14.849 -33.025 5
    endloop
  endfacet
  facet normal 0 0 1
    outer loop
      vertex -15.0781 -32.9756 5
      vertex -14.4732 -33.1666 5
      vertex -14.9579 -32.9988 5
    endloop
  endfacet
  facet normal 0 0 1
    outer loop
      vertex -15.2123 -32.9553 5
      vertex -14.3808 -33.2126 5
      vertex -15.0781 -32.9756 5
    endloop
  endfacet
  facet normal 0 0 1
    outer loop
      vertex -15.3633 -32.9375 5
      vertex -14.2838 -33.2634 5
      vertex -15.2123 -32.9553 5
    endloop
  endfacet
  facet normal 0 0 1
    outer loop
      vertex 67.9537 -32.4485 5
      vertex 69.6999 -34.3756 5
      vertex 69.6778 -34.048 5
    endloop
  endfacet
  facet normal 0 0 1
    outer loop
      vertex -15.5335 -32.9218 5
      vertex -14.2838 -33.2634 5
      vertex -15.3633 -32.9375 5
    endloop
  endfacet
  facet normal 0 0 1
    outer loop
      vertex 67.9537 -32.4485 5
      vertex 67.8944 -32.4477 5
      vertex 69.6999 -34.3756 5
    endloop
  endfacet
  facet normal 0 0 1
    outer loop
      vertex -15.7258 -32.9082 5
      vertex -14.2207 -33.2934 5
      vertex -15.5335 -32.9218 5
    endloop
  endfacet
  facet normal 0 0 1
    outer loop
      vertex 69.6999 -34.3756 5
      vertex 67.8944 -32.4477 5
      vertex 67.8314 -32.4455 5
    endloop
  endfacet
  facet normal 0 0 1
    outer loop
      vertex -15.9427 -32.8961 5
      vertex -14.1506 -33.3254 5
      vertex -15.7258 -32.9082 5
    endloop
  endfacet
  facet normal 0 0 1
    outer loop
      vertex 67.765 -32.4418 5
      vertex 69.6999 -34.3756 5
      vertex 67.8314 -32.4455 5
    endloop
  endfacet
  facet normal 0 0 1
    outer loop
      vertex -14.074 -33.3592 5
      vertex -14.1506 -33.3254 5
      vertex -15.9427 -32.8961 5
    endloop
  endfacet
  facet normal 0 0 1
    outer loop
      vertex -13.9914 -33.3946 5
      vertex -14.074 -33.3592 5
      vertex -16.187 -32.8855 5
    endloop
  endfacet
  facet normal 0 0 1
    outer loop
      vertex -13.9033 -33.4315 5
      vertex -13.9914 -33.3946 5
      vertex -16.4613 -32.8759 5
    endloop
  endfacet
  facet normal 0 0 1
    outer loop
      vertex -13.8102 -33.4696 5
      vertex -16.4613 -32.8759 5
      vertex -8.42195 -41.318 5
    endloop
  endfacet
  facet normal 0 0 1
    outer loop
      vertex -16.4613 -32.8759 5
      vertex -16.7683 -32.867 5
      vertex -8.42195 -41.318 5
    endloop
  endfacet
  facet normal 0 0 1
    outer loop
      vertex -16.7683 -32.867 5
      vertex -17.1106 -32.8587 5
      vertex -8.42195 -41.318 5
    endloop
  endfacet
  facet normal 0 0 1
    outer loop
      vertex -17.1106 -32.8587 5
      vertex -17.491 -32.8506 5
      vertex -8.42195 -41.318 5
    endloop
  endfacet
  facet normal 0 0 1
    outer loop
      vertex -17.491 -32.8506 5
      vertex -17.9121 -32.8423 5
      vertex -8.42195 -41.318 5
    endloop
  endfacet
  facet normal 0 0 1
    outer loop
      vertex -17.9121 -32.8423 5
      vertex -8.41297 -41.3673 5
      vertex -8.42195 -41.318 5
    endloop
  endfacet
  facet normal 0 0 1
    outer loop
      vertex -18.3766 -32.8337 5
      vertex -8.41297 -41.3673 5
      vertex -17.9121 -32.8423 5
    endloop
  endfacet
  facet normal 0 0 1
    outer loop
      vertex -18.7999 -32.8227 5
      vertex -8.41297 -41.3673 5
      vertex -18.3766 -32.8337 5
    endloop
  endfacet
  facet normal 0 0 1
    outer loop
      vertex -19.1916 -32.8117 5
      vertex -8.41297 -41.3673 5
      vertex -18.7999 -32.8227 5
    endloop
  endfacet
  facet normal 0 0 1
    outer loop
      vertex -19.5538 -32.8005 5
      vertex -8.41297 -41.3673 5
      vertex -19.1916 -32.8117 5
    endloop
  endfacet
  facet normal 0 0 1
    outer loop
      vertex -19.8888 -32.7889 5
      vertex -8.39702 -41.4126 5
      vertex -19.5538 -32.8005 5
    endloop
  endfacet
  facet normal 0 0 1
    outer loop
      vertex -20.1989 -32.7768 5
      vertex -8.39702 -41.4126 5
      vertex -19.8888 -32.7889 5
    endloop
  endfacet
  facet normal 0 0 1
    outer loop
      vertex -20.4863 -32.7639 5
      vertex -8.39702 -41.4126 5
      vertex -20.1989 -32.7768 5
    endloop
  endfacet
  facet normal 0 0 1
    outer loop
      vertex -20.7534 -32.75 5
      vertex -8.39702 -41.4126 5
      vertex -20.4863 -32.7639 5
    endloop
  endfacet
  facet normal 0 0 1
    outer loop
      vertex -21.0023 -32.7349 5
      vertex -8.39702 -41.4126 5
      vertex -20.7534 -32.75 5
    endloop
  endfacet
  facet normal 0 0 1
    outer loop
      vertex -21.2353 -32.7184 5
      vertex -8.39702 -41.4126 5
      vertex -21.0023 -32.7349 5
    endloop
  endfacet
  facet normal 0 0 1
    outer loop
      vertex -21.4547 -32.7004 5
      vertex -8.39702 -41.4126 5
      vertex -21.2353 -32.7184 5
    endloop
  endfacet
  facet normal 0 0 1
    outer loop
      vertex -8.3741 -41.4539 5
      vertex -8.39702 -41.4126 5
      vertex -21.4547 -32.7004 5
    endloop
  endfacet
  facet normal 0 0 1
    outer loop
      vertex -8.3741 -41.4539 5
      vertex -21.4547 -32.7004 5
      vertex -21.6627 -32.6806 5
    endloop
  endfacet
  facet normal 0 0 1
    outer loop
      vertex -8.3741 -41.4539 5
      vertex -21.6627 -32.6806 5
      vertex -21.8616 -32.6588 5
    endloop
  endfacet
  facet normal 0 0 1
    outer loop
      vertex -8.3741 -41.4539 5
      vertex -21.8616 -32.6588 5
      vertex -22.0537 -32.6348 5
    endloop
  endfacet
  facet normal 0 0 1
    outer loop
      vertex -22.4265 -32.5795 5
      vertex -8.3741 -41.4539 5
      vertex -22.2413 -32.6085 5
    endloop
  endfacet
  facet normal 0 0 1
    outer loop
      vertex -22.6116 -32.5478 5
      vertex -8.3741 -41.4539 5
      vertex -22.4265 -32.5795 5
    endloop
  endfacet
  facet normal 0 0 1
    outer loop
      vertex -22.799 -32.5132 5
      vertex -8.3741 -41.4539 5
      vertex -22.6116 -32.5478 5
    endloop
  endfacet
  facet normal 0 0 1
    outer loop
      vertex -8.34424 -41.4912 5
      vertex -8.3741 -41.4539 5
      vertex -22.799 -32.5132 5
    endloop
  endfacet
  facet normal 0 0 1
    outer loop
      vertex -8.34424 -41.4912 5
      vertex -22.799 -32.5132 5
      vertex -22.9909 -32.4753 5
    endloop
  endfacet
  facet normal 0 0 1
    outer loop
      vertex -8.34424 -41.4912 5
      vertex -22.9909 -32.4753 5
      vertex -23.1895 -32.4341 5
    endloop
  endfacet
  facet normal 0 0 1
    outer loop
      vertex -8.34424 -41.4912 5
      vertex -23.1895 -32.4341 5
      vertex -23.397 -32.3892 5
    endloop
  endfacet
  facet normal 0 0 1
    outer loop
      vertex -24.4679 -32.164 5
      vertex -24.5927 -32.1407 5
      vertex -25.6598 -32.0017 5
    endloop
  endfacet
  facet normal 0 0 1
    outer loop
      vertex -24.5927 -32.1407 5
      vertex -24.7135 -32.1188 5
      vertex -25.6598 -32.0017 5
    endloop
  endfacet
  facet normal 0 0 1
    outer loop
      vertex -25.6598 -32.0017 5
      vertex -24.8299 -32.0985 5
      vertex -24.9411 -32.0799 5
    endloop
  endfacet
  facet normal 0 0 1
    outer loop
      vertex -25.1462 -32.048 5
      vertex -25.6598 -32.0017 5
      vertex -25.0468 -32.063 5
    endloop
  endfacet
  facet normal 0 0 1
    outer loop
      vertex -25.2388 -32.035 5
      vertex -25.324 -32.0242 5
      vertex -25.6598 -32.0017 5
    endloop
  endfacet
  facet normal 0 0 1
    outer loop
      vertex -25.5798 -32.004 5
      vertex -25.4013 -32.0155 5
      vertex -25.4701 -32.0092 5
    endloop
  endfacet
  facet normal 0 0 1
    outer loop
      vertex -25.5798 -32.004 5
      vertex -25.4701 -32.0092 5
      vertex -25.5298 -32.0053 5
    endloop
  endfacet
  facet normal 0 0 1
    outer loop
      vertex -25.324 -32.0242 5
      vertex -25.4013 -32.0155 5
      vertex -25.5798 -32.004 5
    endloop
  endfacet
  facet normal 0 0 1
    outer loop
      vertex -25.324 -32.0242 5
      vertex -25.5798 -32.004 5
      vertex -25.6598 -32.0017 5
    endloop
  endfacet
  facet normal 0 0 1
    outer loop
      vertex -25.2388 -32.035 5
      vertex -25.6598 -32.0017 5
      vertex -25.1462 -32.048 5
    endloop
  endfacet
  facet normal 0 0 1
    outer loop
      vertex -25.6598 -32.0017 5
      vertex -24.9411 -32.0799 5
      vertex -25.0468 -32.063 5
    endloop
  endfacet
  facet normal 0 0 1
    outer loop
      vertex -24.7135 -32.1188 5
      vertex -24.8299 -32.0985 5
      vertex -25.6598 -32.0017 5
    endloop
  endfacet
  facet normal 0 0 1
    outer loop
      vertex -24.4679 -32.164 5
      vertex -25.6598 -32.0017 5
      vertex -24.3398 -32.1887 5
    endloop
  endfacet
  facet normal 0 0 1
    outer loop
      vertex -25.6598 -32.0017 5
      vertex -25.7404 -31.9946 5
      vertex -24.3398 -32.1887 5
    endloop
  endfacet
  facet normal 0 0 1
    outer loop
      vertex -25.7404 -31.9946 5
      vertex -24.2089 -32.2145 5
      vertex -24.3398 -32.1887 5
    endloop
  endfacet
  facet normal 0 0 1
    outer loop
      vertex -24.0757 -32.2415 5
      vertex -24.2089 -32.2145 5
      vertex -25.7404 -31.9946 5
    endloop
  endfacet
  facet normal 0 0 1
    outer loop
      vertex -24.0757 -32.2415 5
      vertex -25.7404 -31.9946 5
      vertex -23.941 -32.2695 5
    endloop
  endfacet
  facet normal 0 0 1
    outer loop
      vertex -25.7404 -31.9946 5
      vertex -23.8052 -32.2984 5
      vertex -23.941 -32.2695 5
    endloop
  endfacet
  facet normal 0 0 1
    outer loop
      vertex -23.6688 -32.328 5
      vertex -23.8052 -32.2984 5
      vertex -25.7404 -31.9946 5
    endloop
  endfacet
  facet normal 0 0 1
    outer loop
      vertex -23.6688 -32.328 5
      vertex -25.7404 -31.9946 5
      vertex -23.5326 -32.3584 5
    endloop
  endfacet
  facet normal 0 0 1
    outer loop
      vertex -25.7404 -31.9946 5
      vertex -23.397 -32.3892 5
      vertex -23.5326 -32.3584 5
    endloop
  endfacet
  facet normal 0 0 1
    outer loop
      vertex -8.34424 -41.4912 5
      vertex -23.397 -32.3892 5
      vertex -25.7404 -31.9946 5
    endloop
  endfacet
  facet normal 0 0 1
    outer loop
      vertex -8.34424 -41.4912 5
      vertex -25.7404 -31.9946 5
      vertex -25.8223 -31.9824 5
    endloop
  endfacet
  facet normal 0 0 1
    outer loop
      vertex -40.6 -32.9608 5
      vertex -26.3802 -31.7794 5
      vertex -40.3563 -32.7815 5
    endloop
  endfacet
  facet normal -0 0 1
    outer loop
      vertex -39.1111 -31.8312 5
      vertex -39.351 -32.0189 5
      vertex -32.0232 -30.0041 5
    endloop
  endfacet
  facet normal 0 0 1
    outer loop
      vertex -32.5894 -29.9075 5
      vertex -38.6719 -31.4796 5
      vertex -32.4058 -29.9419 5
    endloop
  endfacet
  facet normal -0 0 1
    outer loop
      vertex -37.1872 -30.0766 5
      vertex -37.2285 -30.1171 5
      vertex -35.7868 -29.4033 5
    endloop
  endfacet
  facet normal -0 0 1
    outer loop
      vertex -37.6836 -30.5713 5
      vertex -37.8493 -30.738 5
      vertex -33.5643 -29.6579 5
    endloop
  endfacet
  facet normal 0 0 1
    outer loop
      vertex -39.351 -32.0189 5
      vertex -31.8249 -30.0318 5
      vertex -32.0232 -30.0041 5
    endloop
  endfacet
  facet normal 0 0 1
    outer loop
      vertex -26.6075 -31.6537 5
      vertex -26.732 -31.5784 5
      vertex -31.2053 -30.101 5
    endloop
  endfacet
  facet normal 0 0 1
    outer loop
      vertex -30.7748 -30.1349 5
      vertex -26.8646 -31.4941 5
      vertex -27.006 -31.4007 5
    endloop
  endfacet
  facet normal 0 0 1
    outer loop
      vertex -30.3333 -30.1587 5
      vertex -30.5553 -30.1481 5
      vertex -27.1568 -31.2977 5
    endloop
  endfacet
  facet normal 0 0 1
    outer loop
      vertex -30.5553 -30.1481 5
      vertex -27.006 -31.4007 5
      vertex -27.1568 -31.2977 5
    endloop
  endfacet
  facet normal 0 0 1
    outer loop
      vertex -30.1092 -30.1667 5
      vertex -27.3178 -31.1847 5
      vertex -27.4896 -31.0614 5
    endloop
  endfacet
  facet normal 0 0 1
    outer loop
      vertex -29.9115 -30.1713 5
      vertex -27.4896 -31.0614 5
      vertex -27.6728 -30.9275 5
    endloop
  endfacet
  facet normal 0 0 1
    outer loop
      vertex -29.5667 -30.1822 5
      vertex -29.7311 -30.1764 5
      vertex -27.8682 -30.7825 5
    endloop
  endfacet
  facet normal 0 0 1
    outer loop
      vertex -29.4171 -30.1889 5
      vertex -27.8682 -30.7825 5
      vertex -29.2812 -30.1968 5
    endloop
  endfacet
  facet normal 0 0 1
    outer loop
      vertex -29.1579 -30.2062 5
      vertex -28.0764 -30.6261 5
      vertex -29.0458 -30.2173 5
    endloop
  endfacet
  facet normal 0 0 1
    outer loop
      vertex -29.0458 -30.2173 5
      vertex -28.1497 -30.5708 5
      vertex -28.9438 -30.2303 5
    endloop
  endfacet
  facet normal 0 0 1
    outer loop
      vertex -28.9438 -30.2303 5
      vertex -28.2188 -30.5204 5
      vertex -28.8507 -30.2455 5
    endloop
  endfacet
  facet normal 0 0 1
    outer loop
      vertex -28.7654 -30.263 5
      vertex -28.285 -30.4746 5
      vertex -28.3494 -30.4332 5
    endloop
  endfacet
  facet normal 0 0 1
    outer loop
      vertex -28.6866 -30.2833 5
      vertex -28.3494 -30.4332 5
      vertex -28.4132 -30.3959 5
    endloop
  endfacet
  facet normal 0 0 1
    outer loop
      vertex -28.6132 -30.3065 5
      vertex -28.4132 -30.3959 5
      vertex -28.4777 -30.3626 5
    endloop
  endfacet
  facet normal 0 0 1
    outer loop
      vertex -28.6132 -30.3065 5
      vertex -28.4777 -30.3626 5
      vertex -28.5439 -30.3328 5
    endloop
  endfacet
  facet normal 0 0 1
    outer loop
      vertex -28.6866 -30.2833 5
      vertex -28.4132 -30.3959 5
      vertex -28.6132 -30.3065 5
    endloop
  endfacet
  facet normal 0 0 1
    outer loop
      vertex -28.7654 -30.263 5
      vertex -28.3494 -30.4332 5
      vertex -28.6866 -30.2833 5
    endloop
  endfacet
  facet normal 0 0 1
    outer loop
      vertex -28.8507 -30.2455 5
      vertex -28.285 -30.4746 5
      vertex -28.7654 -30.263 5
    endloop
  endfacet
  facet normal 0 0 1
    outer loop
      vertex 67.765 -32.4418 5
      vertex 67.6957 -32.4368 5
      vertex 69.7189 -34.7564 5
    endloop
  endfacet
  facet normal 0 0 1
    outer loop
      vertex -28.2188 -30.5204 5
      vertex -28.285 -30.4746 5
      vertex -28.8507 -30.2455 5
    endloop
  endfacet
  facet normal 0 0 1
    outer loop
      vertex -28.1497 -30.5708 5
      vertex -28.2188 -30.5204 5
      vertex -28.9438 -30.2303 5
    endloop
  endfacet
  facet normal 0 0 1
    outer loop
      vertex -28.0764 -30.6261 5
      vertex -28.1497 -30.5708 5
      vertex -29.0458 -30.2173 5
    endloop
  endfacet
  facet normal 0 0 1
    outer loop
      vertex -29.2812 -30.1968 5
      vertex -28.0764 -30.6261 5
      vertex -29.1579 -30.2062 5
    endloop
  endfacet
  facet normal 0 0 1
    outer loop
      vertex -27.8682 -30.7825 5
      vertex -28.0764 -30.6261 5
      vertex -29.2812 -30.1968 5
    endloop
  endfacet
  facet normal 0 0 1
    outer loop
      vertex 67.6957 -32.4368 5
      vertex 67.6237 -32.4305 5
      vertex 69.7189 -34.7564 5
    endloop
  endfacet
  facet normal 0 0 1
    outer loop
      vertex -29.5667 -30.1822 5
      vertex -27.8682 -30.7825 5
      vertex -29.4171 -30.1889 5
    endloop
  endfacet
  facet normal 0 0 1
    outer loop
      vertex 67.765 -32.4418 5
      vertex 69.7189 -34.7564 5
      vertex 69.6999 -34.3756 5
    endloop
  endfacet
  facet normal 0 0 1
    outer loop
      vertex -29.7311 -30.1764 5
      vertex -27.6728 -30.9275 5
      vertex -27.8682 -30.7825 5
    endloop
  endfacet
  facet normal 0 0 1
    outer loop
      vertex 67.5495 -32.4229 5
      vertex 69.7189 -34.7564 5
      vertex 67.6237 -32.4305 5
    endloop
  endfacet
  facet normal 0 0 1
    outer loop
      vertex -29.9115 -30.1713 5
      vertex -27.6728 -30.9275 5
      vertex -29.7311 -30.1764 5
    endloop
  endfacet
  facet normal 0 0 1
    outer loop
      vertex -30.1092 -30.1667 5
      vertex -27.4896 -31.0614 5
      vertex -29.9115 -30.1713 5
    endloop
  endfacet
  facet normal 0 0 1
    outer loop
      vertex -30.3333 -30.1587 5
      vertex -27.3178 -31.1847 5
      vertex -30.1092 -30.1667 5
    endloop
  endfacet
  facet normal 0 0 1
    outer loop
      vertex -27.1568 -31.2977 5
      vertex -27.3178 -31.1847 5
      vertex -30.3333 -30.1587 5
    endloop
  endfacet
  facet normal 0 0 1
    outer loop
      vertex -30.7748 -30.1349 5
      vertex -27.006 -31.4007 5
      vertex -30.5553 -30.1481 5
    endloop
  endfacet
  facet normal 0 0 1
    outer loop
      vertex -30.9916 -30.1192 5
      vertex -26.8646 -31.4941 5
      vertex -30.7748 -30.1349 5
    endloop
  endfacet
  facet normal 0 0 1
    outer loop
      vertex -26.732 -31.5784 5
      vertex -26.8646 -31.4941 5
      vertex -30.9916 -30.1192 5
    endloop
  endfacet
  facet normal 0 0 1
    outer loop
      vertex -26.732 -31.5784 5
      vertex -30.9916 -30.1192 5
      vertex -31.2053 -30.101 5
    endloop
  endfacet
  facet normal 0 0 1
    outer loop
      vertex -26.6075 -31.6537 5
      vertex -31.2053 -30.101 5
      vertex -31.4156 -30.0803 5
    endloop
  endfacet
  facet normal -0 0 1
    outer loop
      vertex -38.8835 -31.6505 5
      vertex -39.1111 -31.8312 5
      vertex -32.217 -29.9741 5
    endloop
  endfacet
  facet normal 0 0 1
    outer loop
      vertex -33.1059 -29.7917 5
      vertex -38.1718 -31.0548 5
      vertex -38.3123 -31.1789 5
    endloop
  endfacet
  facet normal 0 0 1
    outer loop
      vertex -33.2655 -29.749 5
      vertex -38.0628 -30.952 5
      vertex -38.1718 -31.0548 5
    endloop
  endfacet
  facet normal -0 0 1
    outer loop
      vertex -37.5205 -30.4075 5
      vertex -37.5742 -30.4614 5
      vertex -34.9762 -29.3722 5
    endloop
  endfacet
  facet normal -0 0 1
    outer loop
      vertex -37.4679 -30.3548 5
      vertex -37.5205 -30.4075 5
      vertex -35.1128 -29.3698 5
    endloop
  endfacet
  facet normal 0 0 1
    outer loop
      vertex -37.2285 -30.1171 5
      vertex -35.6562 -29.3905 5
      vertex -35.7868 -29.4033 5
    endloop
  endfacet
  facet normal -0 0 1
    outer loop
      vertex -36.152 -29.4601 5
      vertex -37.0805 -29.9741 5
      vertex -36.0356 -29.438 5
    endloop
  endfacet
  facet normal 0 0 1
    outer loop
      vertex -37.0805 -29.9741 5
      vertex -36.9085 -29.8185 5
      vertex -36.9469 -29.8493 5
    endloop
  endfacet
  facet normal 0 0 1
    outer loop
      vertex -36.262 -29.4852 5
      vertex -36.4724 -29.5574 5
      vertex -36.517 -29.5777 5
    endloop
  endfacet
  facet normal -0 0 1
    outer loop
      vertex -36.4283 -29.5389 5
      vertex -36.4724 -29.5574 5
      vertex -36.262 -29.4852 5
    endloop
  endfacet
  facet normal 0 0 1
    outer loop
      vertex -36.4283 -29.5389 5
      vertex -36.262 -29.4852 5
      vertex -36.385 -29.5222 5
    endloop
  endfacet
  facet normal 0 0 1
    outer loop
      vertex -36.562 -29.5997 5
      vertex -36.262 -29.4852 5
      vertex -36.517 -29.5777 5
    endloop
  endfacet
  facet normal 0 0 1
    outer loop
      vertex -37.0805 -29.9741 5
      vertex -36.9836 -29.8804 5
      vertex -37.0182 -29.9116 5
    endloop
  endfacet
  facet normal 0 0 1
    outer loop
      vertex -37.4165 -30.3034 5
      vertex -35.3869 -29.3741 5
      vertex -37.3666 -30.2537 5
    endloop
  endfacet
  facet normal 0 0 1
    outer loop
      vertex -35.7868 -29.4033 5
      vertex -35.9136 -29.4191 5
      vertex -37.1486 -30.0391 5
    endloop
  endfacet
  facet normal 0 0 1
    outer loop
      vertex -34.4527 -29.4116 5
      vertex -34.5783 -29.3973 5
      vertex -33.7028 -29.6095 5
    endloop
  endfacet
  facet normal 0 0 1
    outer loop
      vertex -34.2171 -29.4491 5
      vertex -34.332 -29.4289 5
      vertex -33.8336 -29.5593 5
    endloop
  endfacet
  facet normal 0 0 1
    outer loop
      vertex -34.109 -29.4723 5
      vertex -33.8336 -29.5593 5
      vertex -34.0084 -29.4984 5
    endloop
  endfacet
  facet normal 0 0 1
    outer loop
      vertex -33.8336 -29.5593 5
      vertex -33.9163 -29.5274 5
      vertex -34.0084 -29.4984 5
    endloop
  endfacet
  facet normal 0 0 1
    outer loop
      vertex -34.2171 -29.4491 5
      vertex -33.8336 -29.5593 5
      vertex -34.109 -29.4723 5
    endloop
  endfacet
  facet normal 0 0 1
    outer loop
      vertex -34.332 -29.4289 5
      vertex -34.4527 -29.4116 5
      vertex -33.8336 -29.5593 5
    endloop
  endfacet
  facet normal 0 0 1
    outer loop
      vertex -34.4527 -29.4116 5
      vertex -33.7028 -29.6095 5
      vertex -33.8336 -29.5593 5
    endloop
  endfacet
  facet normal 0 0 1
    outer loop
      vertex -34.5783 -29.3973 5
      vertex -34.708 -29.386 5
      vertex -33.7028 -29.6095 5
    endloop
  endfacet
  facet normal 0 0 1
    outer loop
      vertex -36.7845 -29.7295 5
      vertex -36.8271 -29.7585 5
      vertex -37.0805 -29.9741 5
    endloop
  endfacet
  facet normal 0 0 1
    outer loop
      vertex 67.4734 -32.4142 5
      vertex 69.7354 -35.195 5
      vertex 67.5495 -32.4229 5
    endloop
  endfacet
  facet normal 0 0 1
    outer loop
      vertex -37.0805 -29.9741 5
      vertex -36.8685 -29.7882 5
      vertex -36.9085 -29.8185 5
    endloop
  endfacet
  facet normal 0 0 1
    outer loop
      vertex 67.3957 -32.4044 5
      vertex 67.317 -32.3936 5
      vertex 69.7354 -35.195 5
    endloop
  endfacet
  facet normal 0 0 1
    outer loop
      vertex -36.152 -29.4601 5
      vertex -36.6968 -29.6741 5
      vertex -36.7411 -29.7013 5
    endloop
  endfacet
  facet normal 0 0 1
    outer loop
      vertex 69.7354 -35.195 5
      vertex 67.317 -32.3936 5
      vertex 67.2374 -32.3818 5
    endloop
  endfacet
  facet normal 0 0 1
    outer loop
      vertex -36.262 -29.4852 5
      vertex -36.3427 -29.5077 5
      vertex -36.385 -29.5222 5
    endloop
  endfacet
  facet normal 0 0 1
    outer loop
      vertex 69.7498 -35.6959 5
      vertex 67.2374 -32.3818 5
      vertex 67.1575 -32.3692 5
    endloop
  endfacet
  facet normal -0 0 1
    outer loop
      vertex -36.3016 -29.4953 5
      vertex -36.3427 -29.5077 5
      vertex -36.262 -29.4852 5
    endloop
  endfacet
  facet normal 0 0 1
    outer loop
      vertex 69.7627 -36.2636 5
      vertex 66.9189 -32.3265 5
      vertex 66.841 -32.311 5
    endloop
  endfacet
  facet normal 0 0 1
    outer loop
      vertex -36.152 -29.4601 5
      vertex -36.262 -29.4852 5
      vertex -36.562 -29.5997 5
    endloop
  endfacet
  facet normal 0 0 1
    outer loop
      vertex 66.3434 -32.1912 5
      vertex 66.2681 -32.1742 5
      vertex 66.4803 -32.2263 5
    endloop
  endfacet
  facet normal 0 0 1
    outer loop
      vertex -36.152 -29.4601 5
      vertex -36.562 -29.5997 5
      vertex -36.6071 -29.6231 5
    endloop
  endfacet
  facet normal 0 0 1
    outer loop
      vertex 46.5141 -31.0216 5
      vertex 46.6637 -30.9792 5
      vertex 46.6135 -30.9896 5
    endloop
  endfacet
  facet normal 0 0 1
    outer loop
      vertex -36.6968 -29.6741 5
      vertex -36.152 -29.4601 5
      vertex -36.6521 -29.648 5
    endloop
  endfacet
  facet normal 0 0 1
    outer loop
      vertex -36.7411 -29.7013 5
      vertex -36.7845 -29.7295 5
      vertex -37.0805 -29.9741 5
    endloop
  endfacet
  facet normal 0 0 1
    outer loop
      vertex -37.0182 -29.9116 5
      vertex -37.0506 -29.9429 5
      vertex -37.0805 -29.9741 5
    endloop
  endfacet
  facet normal -0 0 1
    outer loop
      vertex -36.9836 -29.8804 5
      vertex -37.0805 -29.9741 5
      vertex -36.9469 -29.8493 5
    endloop
  endfacet
  facet normal 0 0 1
    outer loop
      vertex -37.0805 -29.9741 5
      vertex -36.8271 -29.7585 5
      vertex -36.8685 -29.7882 5
    endloop
  endfacet
  facet normal 0 0 1
    outer loop
      vertex -36.152 -29.4601 5
      vertex -36.7411 -29.7013 5
      vertex -37.0805 -29.9741 5
    endloop
  endfacet
  facet normal -0 0 1
    outer loop
      vertex -36.0356 -29.438 5
      vertex -37.0805 -29.9741 5
      vertex -35.9136 -29.4191 5
    endloop
  endfacet
  facet normal -0 0 1
    outer loop
      vertex -37.0805 -29.9741 5
      vertex -37.1129 -30.0049 5
      vertex -35.9136 -29.4191 5
    endloop
  endfacet
  facet normal -0 0 1
    outer loop
      vertex -37.1129 -30.0049 5
      vertex -37.1486 -30.0391 5
      vertex -35.9136 -29.4191 5
    endloop
  endfacet
  facet normal -0 0 1
    outer loop
      vertex -37.1486 -30.0391 5
      vertex -37.1872 -30.0766 5
      vertex -35.7868 -29.4033 5
    endloop
  endfacet
  facet normal 0 0 1
    outer loop
      vertex -35.6562 -29.3905 5
      vertex -37.2285 -30.1171 5
      vertex -37.2724 -30.1603 5
    endloop
  endfacet
  facet normal -0 0 1
    outer loop
      vertex -35.6562 -29.3905 5
      vertex -37.2724 -30.1603 5
      vertex -35.5226 -29.3808 5
    endloop
  endfacet
  facet normal -0 0 1
    outer loop
      vertex -37.2724 -30.1603 5
      vertex -37.3185 -30.2059 5
      vertex -35.5226 -29.3808 5
    endloop
  endfacet
  facet normal 0 0 1
    outer loop
      vertex -37.3185 -30.2059 5
      vertex -35.3869 -29.3741 5
      vertex -35.5226 -29.3808 5
    endloop
  endfacet
  facet normal 0 0 1
    outer loop
      vertex -37.3666 -30.2537 5
      vertex -35.3869 -29.3741 5
      vertex -37.3185 -30.2059 5
    endloop
  endfacet
  facet normal 0 0 1
    outer loop
      vertex -37.4165 -30.3034 5
      vertex -35.25 -29.3704 5
      vertex -35.3869 -29.3741 5
    endloop
  endfacet
  facet normal 0 0 1
    outer loop
      vertex -37.4679 -30.3548 5
      vertex -35.25 -29.3704 5
      vertex -37.4165 -30.3034 5
    endloop
  endfacet
  facet normal 0 0 1
    outer loop
      vertex -35.1128 -29.3698 5
      vertex -35.25 -29.3704 5
      vertex -37.4679 -30.3548 5
    endloop
  endfacet
  facet normal 0 0 1
    outer loop
      vertex -34.9762 -29.3722 5
      vertex -35.1128 -29.3698 5
      vertex -37.5205 -30.4075 5
    endloop
  endfacet
  facet normal 0 0 1
    outer loop
      vertex -34.8409 -29.3776 5
      vertex -34.9762 -29.3722 5
      vertex -37.5742 -30.4614 5
    endloop
  endfacet
  facet normal 0 0 1
    outer loop
      vertex -34.8409 -29.3776 5
      vertex -37.5742 -30.4614 5
      vertex -34.708 -29.386 5
    endloop
  endfacet
  facet normal -0 0 1
    outer loop
      vertex -37.5742 -30.4614 5
      vertex -37.6286 -30.5161 5
      vertex -34.708 -29.386 5
    endloop
  endfacet
  facet normal 0 0 1
    outer loop
      vertex -37.6286 -30.5161 5
      vertex -33.7028 -29.6095 5
      vertex -34.708 -29.386 5
    endloop
  endfacet
  facet normal 0 0 1
    outer loop
      vertex -37.6836 -30.5713 5
      vertex -33.7028 -29.6095 5
      vertex -37.6286 -30.5161 5
    endloop
  endfacet
  facet normal 0 0 1
    outer loop
      vertex -33.5643 -29.6579 5
      vertex -33.7028 -29.6095 5
      vertex -37.6836 -30.5713 5
    endloop
  endfacet
  facet normal 0 0 1
    outer loop
      vertex -37.904 -30.7929 5
      vertex -33.5643 -29.6579 5
      vertex -37.8493 -30.738 5
    endloop
  endfacet
  facet normal 0 0 1
    outer loop
      vertex -33.4184 -29.7044 5
      vertex -33.5643 -29.6579 5
      vertex -37.904 -30.7929 5
    endloop
  endfacet
  facet normal 0 0 1
    outer loop
      vertex -33.4184 -29.7044 5
      vertex -37.904 -30.7929 5
      vertex -37.9579 -30.847 5
    endloop
  endfacet
  facet normal 0 0 1
    outer loop
      vertex -33.4184 -29.7044 5
      vertex -37.9579 -30.847 5
      vertex -38.011 -30.9002 5
    endloop
  endfacet
  facet normal 0 0 1
    outer loop
      vertex -33.4184 -29.7044 5
      vertex -38.011 -30.9002 5
      vertex -38.0628 -30.952 5
    endloop
  endfacet
  facet normal 0 0 1
    outer loop
      vertex -33.4184 -29.7044 5
      vertex -38.0628 -30.952 5
      vertex -33.2655 -29.749 5
    endloop
  endfacet
  facet normal 0 0 1
    outer loop
      vertex -33.2655 -29.749 5
      vertex -38.1718 -31.0548 5
      vertex -33.1059 -29.7917 5
    endloop
  endfacet
  facet normal 0 0 1
    outer loop
      vertex -33.1059 -29.7917 5
      vertex -38.3123 -31.1789 5
      vertex -32.9397 -29.8324 5
    endloop
  endfacet
  facet normal -0 0 1
    outer loop
      vertex -38.3123 -31.1789 5
      vertex -38.4802 -31.3215 5
      vertex -32.9397 -29.8324 5
    endloop
  endfacet
  facet normal 0 0 1
    outer loop
      vertex -38.4802 -31.3215 5
      vertex -32.7675 -29.871 5
      vertex -32.9397 -29.8324 5
    endloop
  endfacet
  facet normal 0 0 1
    outer loop
      vertex -32.5894 -29.9075 5
      vertex -32.7675 -29.871 5
      vertex -38.4802 -31.3215 5
    endloop
  endfacet
  facet normal 0 0 1
    outer loop
      vertex -32.5894 -29.9075 5
      vertex -38.4802 -31.3215 5
      vertex -38.6719 -31.4796 5
    endloop
  endfacet
  facet normal 0 0 1
    outer loop
      vertex -32.4058 -29.9419 5
      vertex -38.6719 -31.4796 5
      vertex -38.8835 -31.6505 5
    endloop
  endfacet
  facet normal 0 0 1
    outer loop
      vertex -32.4058 -29.9419 5
      vertex -38.8835 -31.6505 5
      vertex -32.217 -29.9741 5
    endloop
  endfacet
  facet normal 0 0 1
    outer loop
      vertex -32.217 -29.9741 5
      vertex -39.1111 -31.8312 5
      vertex -32.0232 -30.0041 5
    endloop
  endfacet
  facet normal 0 0 1
    outer loop
      vertex -31.8249 -30.0318 5
      vertex -39.351 -32.0189 5
      vertex -39.5993 -32.2106 5
    endloop
  endfacet
  facet normal 0 0 1
    outer loop
      vertex -31.8249 -30.0318 5
      vertex -39.5993 -32.2106 5
      vertex -31.6222 -30.0573 5
    endloop
  endfacet
  facet normal -0 0 1
    outer loop
      vertex -39.5993 -32.2106 5
      vertex -39.8521 -32.4036 5
      vertex -31.6222 -30.0573 5
    endloop
  endfacet
  facet normal 0 0 1
    outer loop
      vertex -39.8521 -32.4036 5
      vertex -31.4156 -30.0803 5
      vertex -31.6222 -30.0573 5
    endloop
  endfacet
  facet normal 0 0 1
    outer loop
      vertex -40.1058 -32.5948 5
      vertex -31.4156 -30.0803 5
      vertex -39.8521 -32.4036 5
    endloop
  endfacet
  facet normal 0 0 1
    outer loop
      vertex -26.6075 -31.6537 5
      vertex -31.4156 -30.0803 5
      vertex -40.1058 -32.5948 5
    endloop
  endfacet
  facet normal 0 0 1
    outer loop
      vertex -26.6075 -31.6537 5
      vertex -40.1058 -32.5948 5
      vertex -26.4905 -31.7206 5
    endloop
  endfacet
  facet normal -0 0 1
    outer loop
      vertex -40.1058 -32.5948 5
      vertex -40.3563 -32.7815 5
      vertex -26.4905 -31.7206 5
    endloop
  endfacet
  facet normal 0 0 1
    outer loop
      vertex -26.2759 -31.8305 5
      vertex -26.3802 -31.7794 5
      vertex -40.8329 -33.1298 5
    endloop
  endfacet
  facet normal 0 0 1
    outer loop
      vertex -26.2759 -31.8305 5
      vertex -40.8329 -33.1298 5
      vertex -41.0513 -33.2855 5
    endloop
  endfacet
  facet normal 0 0 1
    outer loop
      vertex -26.2759 -31.8305 5
      vertex -41.0513 -33.2855 5
      vertex -41.2513 -33.4252 5
    endloop
  endfacet
  facet normal 0 0 1
    outer loop
      vertex -26.2759 -31.8305 5
      vertex -41.2513 -33.4252 5
      vertex -26.1771 -31.8741 5
    endloop
  endfacet
  facet normal -0 0 1
    outer loop
      vertex -41.2513 -33.4252 5
      vertex -41.4291 -33.546 5
      vertex -26.1771 -31.8741 5
    endloop
  endfacet
  facet normal 0 0 1
    outer loop
      vertex -41.4291 -33.546 5
      vertex -26.083 -31.9108 5
      vertex -26.1771 -31.8741 5
    endloop
  endfacet
  facet normal 0 0 1
    outer loop
      vertex -41.5809 -33.6449 5
      vertex -26.083 -31.9108 5
      vertex -41.4291 -33.546 5
    endloop
  endfacet
  facet normal 0 0 1
    outer loop
      vertex -41.7028 -33.7192 5
      vertex -26.083 -31.9108 5
      vertex -41.5809 -33.6449 5
    endloop
  endfacet
  facet normal 0 0 1
    outer loop
      vertex -25.993 -31.9408 5
      vertex -26.083 -31.9108 5
      vertex -41.7028 -33.7192 5
    endloop
  endfacet
  facet normal 0 0 1
    outer loop
      vertex -25.993 -31.9408 5
      vertex -41.7028 -33.7192 5
      vertex -25.9063 -31.9645 5
    endloop
  endfacet
  facet normal -0 0 1
    outer loop
      vertex -41.7028 -33.7192 5
      vertex -41.7911 -33.7658 5
      vertex -25.9063 -31.9645 5
    endloop
  endfacet
  facet normal 0 0 1
    outer loop
      vertex -41.7911 -33.7658 5
      vertex -25.8223 -31.9824 5
      vertex -25.9063 -31.9645 5
    endloop
  endfacet
  facet normal 0 0 1
    outer loop
      vertex -8.34424 -41.4912 5
      vertex -25.8223 -31.9824 5
      vertex -41.7911 -33.7658 5
    endloop
  endfacet
  facet normal 0 0 1
    outer loop
      vertex -8.34424 -41.4912 5
      vertex -41.7911 -33.7658 5
      vertex -41.8418 -33.782 5
    endloop
  endfacet
  facet normal 0 0 1
    outer loop
      vertex -8.34424 -41.4912 5
      vertex -41.8418 -33.782 5
      vertex -8.30748 -41.5243 5
    endloop
  endfacet
  facet normal 0 0 1
    outer loop
      vertex -41.8418 -33.782 5
      vertex -8.26381 -41.5532 5
      vertex -8.30748 -41.5243 5
    endloop
  endfacet
  facet normal 0 0 1
    outer loop
      vertex -69.85 -44.45 5
      vertex -8.26381 -41.5532 5
      vertex -41.8418 -33.782 5
    endloop
  endfacet
  facet normal 0 0 1
    outer loop
      vertex -69.85 -44.45 5
      vertex -41.8418 -33.782 5
      vertex -41.8535 -33.7807 5
    endloop
  endfacet
  facet normal 0 0 1
    outer loop
      vertex -8.21326 -41.5779 5
      vertex -8.26381 -41.5532 5
      vertex -69.85 -44.45 5
    endloop
  endfacet
  facet normal 0 0 1
    outer loop
      vertex -47.1987 -32.6238 5
      vertex -47.5165 -32.5325 5
      vertex -69.85 -44.45 5
    endloop
  endfacet
  facet normal 0 0 1
    outer loop
      vertex -41.8682 -33.7768 5
      vertex -41.8857 -33.7705 5
      vertex -45.1279 -33.0479 5
    endloop
  endfacet
  facet normal 0 0 1
    outer loop
      vertex -41.8857 -33.7705 5
      vertex -41.9057 -33.7619 5
      vertex -44.9181 -33.0648 5
    endloop
  endfacet
  facet normal 0 0 1
    outer loop
      vertex -44.524 -33.0761 5
      vertex -41.9283 -33.751 5
      vertex -41.9533 -33.738 5
    endloop
  endfacet
  facet normal 0 0 1
    outer loop
      vertex -42.0097 -33.7061 5
      vertex -42.0408 -33.6875 5
      vertex -44.3384 -33.0708 5
    endloop
  endfacet
  facet normal 0 0 1
    outer loop
      vertex -44.1641 -33.0626 5
      vertex -44.3384 -33.0708 5
      vertex -42.1083 -33.6453 5
    endloop
  endfacet
  facet normal 0 0 1
    outer loop
      vertex -42.1817 -33.5973 5
      vertex -44.1641 -33.0626 5
      vertex -42.1443 -33.622 5
    endloop
  endfacet
  facet normal 0 0 1
    outer loop
      vertex -42.2203 -33.5715 5
      vertex -44.0046 -33.0559 5
      vertex -42.1817 -33.5973 5
    endloop
  endfacet
  facet normal 0 0 1
    outer loop
      vertex -42.26 -33.5445 5
      vertex -43.859 -33.0509 5
      vertex -44.0046 -33.0559 5
    endloop
  endfacet
  facet normal 0 0 1
    outer loop
      vertex -42.3006 -33.5165 5
      vertex -42.342 -33.4876 5
      vertex -43.859 -33.0509 5
    endloop
  endfacet
  facet normal 0 0 1
    outer loop
      vertex -42.342 -33.4876 5
      vertex -42.384 -33.458 5
      vertex -43.7262 -33.0478 5
    endloop
  endfacet
  facet normal 0 0 1
    outer loop
      vertex -42.384 -33.458 5
      vertex -42.4265 -33.4276 5
      vertex -43.6051 -33.0467 5
    endloop
  endfacet
  facet normal 0 0 1
    outer loop
      vertex -42.4265 -33.4276 5
      vertex -42.4694 -33.3968 5
      vertex -43.4946 -33.0479 5
    endloop
  endfacet
  facet normal 0 0 1
    outer loop
      vertex -43.4946 -33.0479 5
      vertex -42.5426 -33.3458 5
      vertex -43.3937 -33.0514 5
    endloop
  endfacet
  facet normal 0 0 1
    outer loop
      vertex -42.5426 -33.3458 5
      vertex -42.6116 -33.2996 5
      vertex -43.3937 -33.0514 5
    endloop
  endfacet
  facet normal 0 0 1
    outer loop
      vertex -42.6116 -33.2996 5
      vertex -42.6773 -33.258 5
      vertex -43.3013 -33.0575 5
    endloop
  endfacet
  facet normal 0 0 1
    outer loop
      vertex -42.6773 -33.258 5
      vertex -42.741 -33.2206 5
      vertex -43.2164 -33.0664 5
    endloop
  endfacet
  facet normal 0 0 1
    outer loop
      vertex -42.741 -33.2206 5
      vertex -42.8036 -33.1875 5
      vertex -43.1378 -33.0782 5
    endloop
  endfacet
  facet normal 0 0 1
    outer loop
      vertex -42.8036 -33.1875 5
      vertex -43.0646 -33.0931 5
      vertex -43.1378 -33.0782 5
    endloop
  endfacet
  facet normal 0 0 1
    outer loop
      vertex -42.9298 -33.133 5
      vertex -42.9956 -33.1113 5
      vertex -42.8662 -33.1583 5
    endloop
  endfacet
  facet normal 0 0 1
    outer loop
      vertex -43.0646 -33.0931 5
      vertex -42.8036 -33.1875 5
      vertex -42.8662 -33.1583 5
    endloop
  endfacet
  facet normal 0 0 1
    outer loop
      vertex -42.9956 -33.1113 5
      vertex -43.0646 -33.0931 5
      vertex -42.8662 -33.1583 5
    endloop
  endfacet
  facet normal 0 0 1
    outer loop
      vertex -42.741 -33.2206 5
      vertex -43.1378 -33.0782 5
      vertex -43.2164 -33.0664 5
    endloop
  endfacet
  facet normal 0 0 1
    outer loop
      vertex -42.6773 -33.258 5
      vertex -43.2164 -33.0664 5
      vertex -43.3013 -33.0575 5
    endloop
  endfacet
  facet normal 0 0 1
    outer loop
      vertex -42.6116 -33.2996 5
      vertex -43.3013 -33.0575 5
      vertex -43.3937 -33.0514 5
    endloop
  endfacet
  facet normal 0 0 1
    outer loop
      vertex -42.4694 -33.3968 5
      vertex -42.5426 -33.3458 5
      vertex -43.4946 -33.0479 5
    endloop
  endfacet
  facet normal 0 0 1
    outer loop
      vertex -42.4265 -33.4276 5
      vertex -43.4946 -33.0479 5
      vertex -43.6051 -33.0467 5
    endloop
  endfacet
  facet normal 0 0 1
    outer loop
      vertex -42.384 -33.458 5
      vertex -43.6051 -33.0467 5
      vertex -43.7262 -33.0478 5
    endloop
  endfacet
  facet normal 0 0 1
    outer loop
      vertex -42.342 -33.4876 5
      vertex -43.7262 -33.0478 5
      vertex -43.859 -33.0509 5
    endloop
  endfacet
  facet normal 0 0 1
    outer loop
      vertex -42.3006 -33.5165 5
      vertex -43.859 -33.0509 5
      vertex -42.26 -33.5445 5
    endloop
  endfacet
  facet normal 0 0 1
    outer loop
      vertex -42.26 -33.5445 5
      vertex -44.0046 -33.0559 5
      vertex -42.2203 -33.5715 5
    endloop
  endfacet
  facet normal 0 0 1
    outer loop
      vertex -44.0046 -33.0559 5
      vertex -44.1641 -33.0626 5
      vertex -42.1817 -33.5973 5
    endloop
  endfacet
  facet normal 0 0 1
    outer loop
      vertex -44.1641 -33.0626 5
      vertex -42.1083 -33.6453 5
      vertex -42.1443 -33.622 5
    endloop
  endfacet
  facet normal 0 0 1
    outer loop
      vertex -44.3384 -33.0708 5
      vertex -42.0737 -33.6672 5
      vertex -42.1083 -33.6453 5
    endloop
  endfacet
  facet normal 0 0 1
    outer loop
      vertex -42.0408 -33.6875 5
      vertex -42.0737 -33.6672 5
      vertex -44.3384 -33.0708 5
    endloop
  endfacet
  facet normal 0 0 1
    outer loop
      vertex -42.0097 -33.7061 5
      vertex -44.3384 -33.0708 5
      vertex -44.524 -33.0761 5
    endloop
  endfacet
  facet normal 0 0 1
    outer loop
      vertex -42.0097 -33.7061 5
      vertex -44.524 -33.0761 5
      vertex -41.9804 -33.723 5
    endloop
  endfacet
  facet normal 0 0 1
    outer loop
      vertex -44.524 -33.0761 5
      vertex -41.9533 -33.738 5
      vertex -41.9804 -33.723 5
    endloop
  endfacet
  facet normal 0 0 1
    outer loop
      vertex -44.717 -33.0742 5
      vertex -41.9283 -33.751 5
      vertex -44.524 -33.0761 5
    endloop
  endfacet
  facet normal 0 0 1
    outer loop
      vertex -41.9057 -33.7619 5
      vertex -41.9283 -33.751 5
      vertex -44.717 -33.0742 5
    endloop
  endfacet
  facet normal 0 0 1
    outer loop
      vertex -41.9057 -33.7619 5
      vertex -44.717 -33.0742 5
      vertex -44.9181 -33.0648 5
    endloop
  endfacet
  facet normal 0 0 1
    outer loop
      vertex -41.8857 -33.7705 5
      vertex -44.9181 -33.0648 5
      vertex -45.1279 -33.0479 5
    endloop
  endfacet
  facet normal 0 0 1
    outer loop
      vertex -41.8682 -33.7768 5
      vertex -45.1279 -33.0479 5
      vertex -45.3471 -33.0233 5
    endloop
  endfacet
  facet normal 0 0 1
    outer loop
      vertex -69.85 -44.45 5
      vertex -45.3471 -33.0233 5
      vertex -45.5763 -32.9909 5
    endloop
  endfacet
  facet normal 0 0 1
    outer loop
      vertex -41.8682 -33.7768 5
      vertex -45.3471 -33.0233 5
      vertex -69.85 -44.45 5
    endloop
  endfacet
  facet normal 0 0 1
    outer loop
      vertex -45.5763 -32.9909 5
      vertex -45.8162 -32.9505 5
      vertex -69.85 -44.45 5
    endloop
  endfacet
  facet normal 0 0 1
    outer loop
      vertex -57.7148 -31.4339 5
      vertex -57.7708 -31.4456 5
      vertex -69.85 -44.45 5
    endloop
  endfacet
  facet normal 0 0 1
    outer loop
      vertex -57.3839 -31.3621 5
      vertex -57.4557 -31.378 5
      vertex -49.7663 -31.7909 5
    endloop
  endfacet
  facet normal -0 0 1
    outer loop
      vertex -57.3101 -31.3457 5
      vertex -49.7663 -31.7909 5
      vertex -57.2344 -31.3287 5
    endloop
  endfacet
  facet normal 0 0 1
    outer loop
      vertex -49.7663 -31.7909 5
      vertex -57.0004 -31.2759 5
      vertex -57.0793 -31.2937 5
    endloop
  endfacet
  facet normal 0 0 1
    outer loop
      vertex -52.5211 -31.089 5
      vertex -56.9212 -31.2578 5
      vertex -57.0004 -31.2759 5
    endloop
  endfacet
  facet normal 0 0 1
    outer loop
      vertex -52.5832 -31.0801 5
      vertex -56.842 -31.2398 5
      vertex -56.9212 -31.2578 5
    endloop
  endfacet
  facet normal 0 0 1
    outer loop
      vertex -52.6466 -31.07 5
      vertex -56.6849 -31.2039 5
      vertex -56.7631 -31.2218 5
    endloop
  endfacet
  facet normal 0 0 1
    outer loop
      vertex -55.3882 -30.9182 5
      vertex -55.6602 -30.977 5
      vertex -53.038 -30.9879 5
    endloop
  endfacet
  facet normal 0 0 1
    outer loop
      vertex -56.6849 -31.2039 5
      vertex -52.6466 -31.07 5
      vertex -56.3059 -31.1195 5
    endloop
  endfacet
  facet normal 0 0 1
    outer loop
      vertex -50.4443 -31.5507 5
      vertex -50.565 -31.5106 5
      vertex -52.4608 -31.0967 5
    endloop
  endfacet
  facet normal 0 0 1
    outer loop
      vertex -50.9246 -31.3974 5
      vertex -51.042 -31.3626 5
      vertex -52.4026 -31.1032 5
    endloop
  endfacet
  facet normal 0 0 1
    outer loop
      vertex -51.3797 -31.2687 5
      vertex -52.3467 -31.1083 5
      vertex -51.27 -31.2981 5
    endloop
  endfacet
  facet normal 0 0 1
    outer loop
      vertex -52.2433 -31.1142 5
      vertex -51.7775 -31.1738 5
      vertex -51.8642 -31.1564 5
    endloop
  endfacet
  facet normal 0 0 1
    outer loop
      vertex -52.0859 -31.1219 5
      vertex -52.1452 -31.1168 5
      vertex -52.1965 -31.115 5
    endloop
  endfacet
  facet normal 0 0 1
    outer loop
      vertex -52.2935 -31.112 5
      vertex -51.4857 -31.2415 5
      vertex -51.5877 -31.2165 5
    endloop
  endfacet
  facet normal 0 0 1
    outer loop
      vertex -51.7775 -31.1738 5
      vertex -52.2433 -31.1142 5
      vertex -52.2935 -31.112 5
    endloop
  endfacet
  facet normal 0 0 1
    outer loop
      vertex -52.2433 -31.1142 5
      vertex -51.9448 -31.1419 5
      vertex -52.0189 -31.1304 5
    endloop
  endfacet
  facet normal 0 0 1
    outer loop
      vertex -52.0859 -31.1219 5
      vertex -52.1965 -31.115 5
      vertex -52.0189 -31.1304 5
    endloop
  endfacet
  facet normal 0 0 1
    outer loop
      vertex -52.1965 -31.115 5
      vertex -52.2433 -31.1142 5
      vertex -52.0189 -31.1304 5
    endloop
  endfacet
  facet normal 0 0 1
    outer loop
      vertex -52.2433 -31.1142 5
      vertex -51.8642 -31.1564 5
      vertex -51.9448 -31.1419 5
    endloop
  endfacet
  facet normal 0 0 1
    outer loop
      vertex -52.2935 -31.112 5
      vertex -51.6851 -31.1939 5
      vertex -51.7775 -31.1738 5
    endloop
  endfacet
  facet normal 0 0 1
    outer loop
      vertex -51.5877 -31.2165 5
      vertex -51.6851 -31.1939 5
      vertex -52.2935 -31.112 5
    endloop
  endfacet
  facet normal 0 0 1
    outer loop
      vertex -51.4857 -31.2415 5
      vertex -52.2935 -31.112 5
      vertex -52.3467 -31.1083 5
    endloop
  endfacet
  facet normal 0 0 1
    outer loop
      vertex -51.4857 -31.2415 5
      vertex -52.3467 -31.1083 5
      vertex -51.3797 -31.2687 5
    endloop
  endfacet
  facet normal 0 0 1
    outer loop
      vertex -52.3467 -31.1083 5
      vertex -51.1573 -31.3294 5
      vertex -51.27 -31.2981 5
    endloop
  endfacet
  facet normal 0 0 1
    outer loop
      vertex -52.4026 -31.1032 5
      vertex -51.1573 -31.3294 5
      vertex -52.3467 -31.1083 5
    endloop
  endfacet
  facet normal 0 0 1
    outer loop
      vertex -51.042 -31.3626 5
      vertex -51.1573 -31.3294 5
      vertex -52.4026 -31.1032 5
    endloop
  endfacet
  facet normal 0 0 1
    outer loop
      vertex -50.9246 -31.3974 5
      vertex -52.4026 -31.1032 5
      vertex -50.8056 -31.4338 5
    endloop
  endfacet
  facet normal 0 0 1
    outer loop
      vertex -52.4026 -31.1032 5
      vertex -50.6856 -31.4716 5
      vertex -50.8056 -31.4338 5
    endloop
  endfacet
  facet normal 0 0 1
    outer loop
      vertex -52.4608 -31.0967 5
      vertex -50.6856 -31.4716 5
      vertex -52.4026 -31.1032 5
    endloop
  endfacet
  facet normal 0 0 1
    outer loop
      vertex -50.565 -31.5106 5
      vertex -50.6856 -31.4716 5
      vertex -52.4608 -31.0967 5
    endloop
  endfacet
  facet normal 0 0 1
    outer loop
      vertex -50.4443 -31.5507 5
      vertex -52.4608 -31.0967 5
      vertex -50.324 -31.5917 5
    endloop
  endfacet
  facet normal 0 0 1
    outer loop
      vertex -52.4608 -31.0967 5
      vertex -50.2047 -31.6336 5
      vertex -50.324 -31.5917 5
    endloop
  endfacet
  facet normal 0 0 1
    outer loop
      vertex -52.5211 -31.089 5
      vertex -50.2047 -31.6336 5
      vertex -52.4608 -31.0967 5
    endloop
  endfacet
  facet normal 0 0 1
    outer loop
      vertex -49.7663 -31.7909 5
      vertex -50.2047 -31.6336 5
      vertex -52.5211 -31.089 5
    endloop
  endfacet
  facet normal 0 0 1
    outer loop
      vertex -55.9652 -31.044 5
      vertex -56.3059 -31.1195 5
      vertex -52.7763 -31.0465 5
    endloop
  endfacet
  facet normal -0 0 1
    outer loop
      vertex -55.9652 -31.044 5
      vertex -52.7763 -31.0465 5
      vertex -52.842 -31.0332 5
    endloop
  endfacet
  facet normal 0 0 1
    outer loop
      vertex -55.6602 -30.977 5
      vertex -55.9652 -31.044 5
      vertex -52.9077 -31.019 5
    endloop
  endfacet
  facet normal 0 0 1
    outer loop
      vertex -53.038 -30.9879 5
      vertex -55.6602 -30.977 5
      vertex -52.9731 -31.0039 5
    endloop
  endfacet
  facet normal 0 0 1
    outer loop
      vertex -55.6602 -30.977 5
      vertex -52.9077 -31.019 5
      vertex -52.9731 -31.0039 5
    endloop
  endfacet
  facet normal 0 0 1
    outer loop
      vertex -55.3882 -30.9182 5
      vertex -53.038 -30.9879 5
      vertex -53.102 -30.9712 5
    endloop
  endfacet
  facet normal 0 0 1
    outer loop
      vertex -55.1467 -30.8675 5
      vertex -55.3882 -30.9182 5
      vertex -53.1648 -30.9538 5
    endloop
  endfacet
  facet normal 0 0 1
    outer loop
      vertex -55.1467 -30.8675 5
      vertex -53.1648 -30.9538 5
      vertex -53.226 -30.9357 5
    endloop
  endfacet
  facet normal -0 0 1
    outer loop
      vertex -55.1467 -30.8675 5
      vertex -53.226 -30.9357 5
      vertex -54.933 -30.8245 5
    endloop
  endfacet
  facet normal 0 0 1
    outer loop
      vertex -55.3882 -30.9182 5
      vertex -53.102 -30.9712 5
      vertex -53.1648 -30.9538 5
    endloop
  endfacet
  facet normal 0 0 1
    outer loop
      vertex -53.2854 -30.917 5
      vertex -54.7446 -30.789 5
      vertex -54.933 -30.8245 5
    endloop
  endfacet
  facet normal 0 0 1
    outer loop
      vertex -53.2854 -30.917 5
      vertex -54.933 -30.8245 5
      vertex -53.226 -30.9357 5
    endloop
  endfacet
  facet normal 0 0 1
    outer loop
      vertex -54.7446 -30.789 5
      vertex -53.2854 -30.917 5
      vertex -53.3425 -30.8977 5
    endloop
  endfacet
  facet normal -0 0 1
    outer loop
      vertex -54.7446 -30.789 5
      vertex -53.3425 -30.8977 5
      vertex -54.5787 -30.7606 5
    endloop
  endfacet
  facet normal 0 0 1
    outer loop
      vertex -53.3425 -30.8977 5
      vertex -53.3971 -30.8779 5
      vertex -54.5787 -30.7606 5
    endloop
  endfacet
  facet normal 0 0 1
    outer loop
      vertex -52.9077 -31.019 5
      vertex -55.9652 -31.044 5
      vertex -52.842 -31.0332 5
    endloop
  endfacet
  facet normal 0 0 1
    outer loop
      vertex -53.4961 -30.842 5
      vertex -54.4328 -30.7391 5
      vertex -54.5787 -30.7606 5
    endloop
  endfacet
  facet normal 0 0 1
    outer loop
      vertex -53.5864 -30.8099 5
      vertex -54.3043 -30.7242 5
      vertex -53.4961 -30.842 5
    endloop
  endfacet
  facet normal 0 0 1
    outer loop
      vertex -53.6704 -30.7818 5
      vertex -54.1905 -30.7157 5
      vertex -53.5864 -30.8099 5
    endloop
  endfacet
  facet normal 0 0 1
    outer loop
      vertex -53.7508 -30.7582 5
      vertex -53.8302 -30.7393 5
      vertex -53.9966 -30.7165 5
    endloop
  endfacet
  facet normal 0 0 1
    outer loop
      vertex -53.8302 -30.7393 5
      vertex -53.9113 -30.7253 5
      vertex -53.9966 -30.7165 5
    endloop
  endfacet
  facet normal 0 0 1
    outer loop
      vertex -53.7508 -30.7582 5
      vertex -53.9966 -30.7165 5
      vertex -54.0888 -30.7132 5
    endloop
  endfacet
  facet normal 0 0 1
    outer loop
      vertex -53.7508 -30.7582 5
      vertex -54.0888 -30.7132 5
      vertex -53.6704 -30.7818 5
    endloop
  endfacet
  facet normal 0 0 1
    outer loop
      vertex -54.0888 -30.7132 5
      vertex -54.1905 -30.7157 5
      vertex -53.6704 -30.7818 5
    endloop
  endfacet
  facet normal 0 0 1
    outer loop
      vertex -54.1905 -30.7157 5
      vertex -54.3043 -30.7242 5
      vertex -53.5864 -30.8099 5
    endloop
  endfacet
  facet normal 0 0 1
    outer loop
      vertex -54.3043 -30.7242 5
      vertex -54.4328 -30.7391 5
      vertex -53.4961 -30.842 5
    endloop
  endfacet
  facet normal 0 0 1
    outer loop
      vertex -53.4961 -30.842 5
      vertex -54.5787 -30.7606 5
      vertex -53.3971 -30.8779 5
    endloop
  endfacet
  facet normal 0 0 1
    outer loop
      vertex -52.7763 -31.0465 5
      vertex -56.3059 -31.1195 5
      vertex -52.7111 -31.0587 5
    endloop
  endfacet
  facet normal 0 0 1
    outer loop
      vertex -56.3059 -31.1195 5
      vertex -52.6466 -31.07 5
      vertex -52.7111 -31.0587 5
    endloop
  endfacet
  facet normal 0 0 1
    outer loop
      vertex -52.6466 -31.07 5
      vertex -56.7631 -31.2218 5
      vertex -52.5832 -31.0801 5
    endloop
  endfacet
  facet normal -0 0 1
    outer loop
      vertex -56.7631 -31.2218 5
      vertex -56.842 -31.2398 5
      vertex -52.5832 -31.0801 5
    endloop
  endfacet
  facet normal 0 0 1
    outer loop
      vertex -52.5832 -31.0801 5
      vertex -56.9212 -31.2578 5
      vertex -52.5211 -31.089 5
    endloop
  endfacet
  facet normal 0 0 1
    outer loop
      vertex -52.5211 -31.089 5
      vertex -57.0004 -31.2759 5
      vertex -49.7663 -31.7909 5
    endloop
  endfacet
  facet normal 0 0 1
    outer loop
      vertex -49.7663 -31.7909 5
      vertex -57.0793 -31.2937 5
      vertex -57.1574 -31.3114 5
    endloop
  endfacet
  facet normal 0 0 1
    outer loop
      vertex -49.7663 -31.7909 5
      vertex -57.1574 -31.3114 5
      vertex -57.2344 -31.3287 5
    endloop
  endfacet
  facet normal -0 0 1
    outer loop
      vertex -57.3839 -31.3621 5
      vertex -49.7663 -31.7909 5
      vertex -57.3101 -31.3457 5
    endloop
  endfacet
  facet normal 0 0 1
    outer loop
      vertex -57.4557 -31.378 5
      vertex -49.3472 -31.9383 5
      vertex -49.7663 -31.7909 5
    endloop
  endfacet
  facet normal -0 0 1
    outer loop
      vertex -57.525 -31.3932 5
      vertex -49.3472 -31.9383 5
      vertex -57.4557 -31.378 5
    endloop
  endfacet
  facet normal -0 0 1
    outer loop
      vertex -57.5915 -31.4077 5
      vertex -69.85 -44.45 5
      vertex -57.525 -31.3932 5
    endloop
  endfacet
  facet normal -0 0 1
    outer loop
      vertex -57.6549 -31.4213 5
      vertex -69.85 -44.45 5
      vertex -57.5915 -31.4077 5
    endloop
  endfacet
  facet normal -0 0 1
    outer loop
      vertex -57.7148 -31.4339 5
      vertex -69.85 -44.45 5
      vertex -57.6549 -31.4213 5
    endloop
  endfacet
  facet normal 0 0 1
    outer loop
      vertex -57.525 -31.3932 5
      vertex -69.85 -44.45 5
      vertex -49.3472 -31.9383 5
    endloop
  endfacet
  facet normal -0 0 1
    outer loop
      vertex -57.8226 -31.4561 5
      vertex -69.85 -44.45 5
      vertex -57.7708 -31.4456 5
    endloop
  endfacet
  facet normal -0 0 1
    outer loop
      vertex -57.8699 -31.4655 5
      vertex -69.85 -44.45 5
      vertex -57.8226 -31.4561 5
    endloop
  endfacet
  facet normal -0 0 1
    outer loop
      vertex -57.9123 -31.4735 5
      vertex -69.85 -44.45 5
      vertex -57.8699 -31.4655 5
    endloop
  endfacet
  facet normal -0 0 1
    outer loop
      vertex -58.0137 -31.4923 5
      vertex -69.85 -44.45 5
      vertex -57.9123 -31.4735 5
    endloop
  endfacet
  facet normal 0 0 1
    outer loop
      vertex -58.0137 -31.4923 5
      vertex -57.9123 -31.4735 5
      vertex -57.9494 -31.4802 5
    endloop
  endfacet
  facet normal 0 0 1
    outer loop
      vertex -58.0137 -31.4923 5
      vertex -57.9494 -31.4802 5
      vertex -57.981 -31.4854 5
    endloop
  endfacet
  facet normal 0 0 1
    outer loop
      vertex -69.85 -44.45 5
      vertex -48.9466 -32.076 5
      vertex -49.3472 -31.9383 5
    endloop
  endfacet
  facet normal 0 0 1
    outer loop
      vertex -69.85 -44.45 5
      vertex -58.0137 -31.4923 5
      vertex -58.0545 -31.4996 5
    endloop
  endfacet
  facet normal 0 0 1
    outer loop
      vertex -48.5639 -32.2041 5
      vertex -48.9466 -32.076 5
      vertex -69.85 -44.45 5
    endloop
  endfacet
  facet normal 0 0 1
    outer loop
      vertex -58.0545 -31.4996 5
      vertex -58.1027 -31.5072 5
      vertex -69.85 -44.45 5
    endloop
  endfacet
  facet normal 0 0 1
    outer loop
      vertex -58.1027 -31.5072 5
      vertex -58.1581 -31.5151 5
      vertex -69.85 -44.45 5
    endloop
  endfacet
  facet normal 0 0 1
    outer loop
      vertex -48.5639 -32.2041 5
      vertex -69.85 -44.45 5
      vertex -48.1984 -32.3228 5
    endloop
  endfacet
  facet normal -0 0 1
    outer loop
      vertex -58.2201 -31.5232 5
      vertex -69.85 -44.45 5
      vertex -58.1581 -31.5151 5
    endloop
  endfacet
  facet normal 0 0 1
    outer loop
      vertex -69.85 -44.45 5
      vertex -58.3625 -31.5398 5
      vertex -58.442 -31.5482 5
    endloop
  endfacet
  facet normal 0 0 1
    outer loop
      vertex -69.85 -44.45 5
      vertex -58.442 -31.5482 5
      vertex -58.5264 -31.5567 5
    endloop
  endfacet
  facet normal -0 0 1
    outer loop
      vertex -58.7084 -31.5733 5
      vertex -69.85 -44.45 5
      vertex -58.6153 -31.5651 5
    endloop
  endfacet
  facet normal 0 0 1
    outer loop
      vertex -58.8051 -31.5814 5
      vertex -58.905 -31.5893 5
      vertex -69.85 -44.45 5
    endloop
  endfacet
  facet normal 0 0 1
    outer loop
      vertex -62.4945 -32.435 5
      vertex -59.0078 -31.5969 5
      vertex -59.1129 -31.6042 5
    endloop
  endfacet
  facet normal 0 0 1
    outer loop
      vertex -69.85 -44.45 5
      vertex -59.0078 -31.5969 5
      vertex -62.4945 -32.435 5
    endloop
  endfacet
  facet normal 0 0 1
    outer loop
      vertex -62.4945 -32.435 5
      vertex -59.2199 -31.6111 5
      vertex -59.3285 -31.6175 5
    endloop
  endfacet
  facet normal -0 0 1
    outer loop
      vertex -59.5485 -31.6288 5
      vertex -62.4284 -32.4041 5
      vertex -59.4382 -31.6234 5
    endloop
  endfacet
  facet normal 0 0 1
    outer loop
      vertex -59.8442 -31.6459 5
      vertex -60.0235 -31.6608 5
      vertex -62.4284 -32.4041 5
    endloop
  endfacet
  facet normal -0 0 1
    outer loop
      vertex -59.8442 -31.6459 5
      vertex -62.4284 -32.4041 5
      vertex -59.5485 -31.6288 5
    endloop
  endfacet
  facet normal 0 0 1
    outer loop
      vertex -60.197 -31.6781 5
      vertex -60.3648 -31.6981 5
      vertex -62.4284 -32.4041 5
    endloop
  endfacet
  facet normal -0 0 1
    outer loop
      vertex -60.8364 -31.7738 5
      vertex -62.4284 -32.4041 5
      vertex -60.6844 -31.7459 5
    endloop
  endfacet
  facet normal 0 0 1
    outer loop
      vertex -60.9835 -31.8045 5
      vertex -61.1259 -31.838 5
      vertex -62.4284 -32.4041 5
    endloop
  endfacet
  facet normal 0 0 1
    outer loop
      vertex -61.1259 -31.838 5
      vertex -61.2637 -31.8744 5
      vertex -62.4284 -32.4041 5
    endloop
  endfacet
  facet normal 0 0 1
    outer loop
      vertex -62.4284 -32.4041 5
      vertex -61.3971 -31.9136 5
      vertex -61.5263 -31.9558 5
    endloop
  endfacet
  facet normal -0 0 1
    outer loop
      vertex -61.7727 -32.0491 5
      vertex -62.4284 -32.4041 5
      vertex -61.6514 -32.0009 5
    endloop
  endfacet
  facet normal 0 0 1
    outer loop
      vertex -62.4284 -32.4041 5
      vertex -62.1149 -32.2122 5
      vertex -62.2223 -32.2729 5
    endloop
  endfacet
  facet normal 0 0 1
    outer loop
      vertex -62.4284 -32.4041 5
      vertex -62.2223 -32.2729 5
      vertex -62.3268 -32.3368 5
    endloop
  endfacet
  facet normal -0 0 1
    outer loop
      vertex -62.1149 -32.2122 5
      vertex -62.4284 -32.4041 5
      vertex -62.0042 -32.1547 5
    endloop
  endfacet
  facet normal 0 0 1
    outer loop
      vertex -59.5485 -31.6288 5
      vertex -59.659 -31.6336 5
      vertex -59.8442 -31.6459 5
    endloop
  endfacet
  facet normal 0 0 1
    outer loop
      vertex -61.8902 -32.1003 5
      vertex -62.0042 -32.1547 5
      vertex -62.4284 -32.4041 5
    endloop
  endfacet
  facet normal -0 0 1
    outer loop
      vertex -61.8902 -32.1003 5
      vertex -62.4284 -32.4041 5
      vertex -61.7727 -32.0491 5
    endloop
  endfacet
  facet normal 0 0 1
    outer loop
      vertex -62.4284 -32.4041 5
      vertex -61.5263 -31.9558 5
      vertex -61.6514 -32.0009 5
    endloop
  endfacet
  facet normal 0 0 1
    outer loop
      vertex -61.2637 -31.8744 5
      vertex -61.3971 -31.9136 5
      vertex -62.4284 -32.4041 5
    endloop
  endfacet
  facet normal -0 0 1
    outer loop
      vertex -60.9835 -31.8045 5
      vertex -62.4284 -32.4041 5
      vertex -60.8364 -31.7738 5
    endloop
  endfacet
  facet normal 0 0 1
    outer loop
      vertex -62.4284 -32.4041 5
      vertex -60.5272 -31.7206 5
      vertex -60.6844 -31.7459 5
    endloop
  endfacet
  facet normal 0 0 1
    outer loop
      vertex -60.3648 -31.6981 5
      vertex -60.5272 -31.7206 5
      vertex -62.4284 -32.4041 5
    endloop
  endfacet
  facet normal -0 0 1
    outer loop
      vertex -60.197 -31.6781 5
      vertex -62.4284 -32.4041 5
      vertex -60.0235 -31.6608 5
    endloop
  endfacet
  facet normal 0 0 1
    outer loop
      vertex -62.4284 -32.4041 5
      vertex -59.3285 -31.6175 5
      vertex -59.4382 -31.6234 5
    endloop
  endfacet
  facet normal 0 0 1
    outer loop
      vertex -62.4945 -32.435 5
      vertex -59.3285 -31.6175 5
      vertex -62.4284 -32.4041 5
    endloop
  endfacet
  facet normal 0 0 1
    outer loop
      vertex -59.1129 -31.6042 5
      vertex -59.2199 -31.6111 5
      vertex -62.4945 -32.435 5
    endloop
  endfacet
  facet normal 0 0 1
    outer loop
      vertex -58.905 -31.5893 5
      vertex -59.0078 -31.5969 5
      vertex -69.85 -44.45 5
    endloop
  endfacet
  facet normal -0 0 1
    outer loop
      vertex -58.8051 -31.5814 5
      vertex -69.85 -44.45 5
      vertex -58.7084 -31.5733 5
    endloop
  endfacet
  facet normal 0 0 1
    outer loop
      vertex -69.85 -44.45 5
      vertex -58.5264 -31.5567 5
      vertex -58.6153 -31.5651 5
    endloop
  endfacet
  facet normal 0 0 1
    outer loop
      vertex -58.2884 -31.5314 5
      vertex -58.3625 -31.5398 5
      vertex -69.85 -44.45 5
    endloop
  endfacet
  facet normal -0 0 1
    outer loop
      vertex -58.2884 -31.5314 5
      vertex -69.85 -44.45 5
      vertex -58.2201 -31.5232 5
    endloop
  endfacet
  facet normal 0 0 1
    outer loop
      vertex -69.85 -44.45 5
      vertex -47.8495 -32.4322 5
      vertex -48.1984 -32.3228 5
    endloop
  endfacet
  facet normal 0 0 1
    outer loop
      vertex -69.85 -44.45 5
      vertex -62.4945 -32.435 5
      vertex -62.6009 -32.4656 5
    endloop
  endfacet
  facet normal 0 0 1
    outer loop
      vertex -47.5165 -32.5325 5
      vertex -47.8495 -32.4322 5
      vertex -69.85 -44.45 5
    endloop
  endfacet
  facet normal 0 0 1
    outer loop
      vertex -47.1987 -32.6238 5
      vertex -69.85 -44.45 5
      vertex -46.8956 -32.7063 5
    endloop
  endfacet
  facet normal -0 0 1
    outer loop
      vertex -62.7449 -32.4956 5
      vertex -69.85 -44.45 5
      vertex -62.6009 -32.4656 5
    endloop
  endfacet
  facet normal 0 0 1
    outer loop
      vertex -69.85 -44.45 5
      vertex -46.6065 -32.78 5
      vertex -46.8956 -32.7063 5
    endloop
  endfacet
  facet normal 0 0 1
    outer loop
      vertex -46.3306 -32.8452 5
      vertex -46.6065 -32.78 5
      vertex -69.85 -44.45 5
    endloop
  endfacet
  facet normal 0 0 1
    outer loop
      vertex -62.7449 -32.4956 5
      vertex -62.9239 -32.5248 5
      vertex -69.85 -44.45 5
    endloop
  endfacet
  facet normal 0 0 1
    outer loop
      vertex -46.3306 -32.8452 5
      vertex -69.85 -44.45 5
      vertex -46.0674 -32.902 5
    endloop
  endfacet
  facet normal -0 0 1
    outer loop
      vertex -63.1353 -32.5532 5
      vertex -69.85 -44.45 5
      vertex -62.9239 -32.5248 5
    endloop
  endfacet
  facet normal 0 0 1
    outer loop
      vertex -69.85 -44.45 5
      vertex -45.8162 -32.9505 5
      vertex -46.0674 -32.902 5
    endloop
  endfacet
  facet normal 0 0 1
    outer loop
      vertex -69.85 -44.45 5
      vertex -63.1353 -32.5532 5
      vertex -63.3763 -32.5803 5
    endloop
  endfacet
  facet normal 0 0 1
    outer loop
      vertex -69.85 -44.45 5
      vertex -63.3763 -32.5803 5
      vertex -63.6444 -32.6063 5
    endloop
  endfacet
  facet normal 0 0 1
    outer loop
      vertex -69.85 -44.45 5
      vertex -63.6444 -32.6063 5
      vertex -63.9368 -32.6307 5
    endloop
  endfacet
  facet normal 0 0 1
    outer loop
      vertex -69.85 -44.45 5
      vertex -63.9368 -32.6307 5
      vertex -64.2509 -32.6535 5
    endloop
  endfacet
  facet normal 0 0 1
    outer loop
      vertex -69.85 -44.45 5
      vertex -64.2509 -32.6535 5
      vertex -64.584 -32.6745 5
    endloop
  endfacet
  facet normal 0 0 1
    outer loop
      vertex -69.85 -44.45 5
      vertex -64.584 -32.6745 5
      vertex -64.9335 -32.6934 5
    endloop
  endfacet
  facet normal 0 0 1
    outer loop
      vertex -69.85 -44.45 5
      vertex -64.9335 -32.6934 5
      vertex -65.2967 -32.7102 5
    endloop
  endfacet
  facet normal 0 0 1
    outer loop
      vertex -69.85 -44.45 5
      vertex -65.2967 -32.7102 5
      vertex -65.6709 -32.7247 5
    endloop
  endfacet
  facet normal 0 0 1
    outer loop
      vertex -41.8535 -33.7807 5
      vertex -41.8682 -33.7768 5
      vertex -69.85 -44.45 5
    endloop
  endfacet
  facet normal 0 0 1
    outer loop
      vertex -65.6709 -32.7247 5
      vertex -66.0535 -32.7366 5
      vertex -69.85 -44.45 5
    endloop
  endfacet
  facet normal 0 0 1
    outer loop
      vertex -66.0535 -32.7366 5
      vertex -66.4419 -32.7458 5
      vertex -69.85 -44.45 5
    endloop
  endfacet
  facet normal 0 0 1
    outer loop
      vertex -8.21326 -41.5779 5
      vertex -69.85 -44.45 5
      vertex -8.15587 -41.5982 5
    endloop
  endfacet
  facet normal -0 0 1
    outer loop
      vertex -66.8334 -32.7521 5
      vertex -69.85 -44.45 5
      vertex -66.4419 -32.7458 5
    endloop
  endfacet
  facet normal -0 0 1
    outer loop
      vertex -67.2252 -32.7553 5
      vertex -69.85 -44.45 5
      vertex -66.8334 -32.7521 5
    endloop
  endfacet
  facet normal -0 0 1
    outer loop
      vertex -67.6148 -32.7553 5
      vertex -69.85 -44.45 5
      vertex -67.2252 -32.7553 5
    endloop
  endfacet
  facet normal 0 0 1
    outer loop
      vertex -67.9995 -32.7519 5
      vertex -69.85 -44.45 5
      vertex -67.6148 -32.7553 5
    endloop
  endfacet
  facet normal 0 0 1
    outer loop
      vertex -68.3766 -32.7448 5
      vertex -69.85 -44.45 5
      vertex -67.9995 -32.7519 5
    endloop
  endfacet
  facet normal 0 0 1
    outer loop
      vertex -69.85 -32.7152 5
      vertex -69.85 -44.45 5
      vertex -68.3766 -32.7448 5
    endloop
  endfacet
  facet normal 0 0 1
    outer loop
      vertex -69.85 -44.45 5
      vertex -0.122789 -44.45 5
      vertex -8.15587 -41.5982 5
    endloop
  endfacet
  facet normal 0 0 1
    outer loop
      vertex 67.5495 -32.4229 5
      vertex 69.7354 -35.195 5
      vertex 69.7189 -34.7564 5
    endloop
  endfacet
  facet normal 0 0 1
    outer loop
      vertex 67.3957 -32.4044 5
      vertex 69.7354 -35.195 5
      vertex 67.4734 -32.4142 5
    endloop
  endfacet
  facet normal 0 0 1
    outer loop
      vertex 69.7354 -35.195 5
      vertex 67.2374 -32.3818 5
      vertex 69.7498 -35.6959 5
    endloop
  endfacet
  facet normal 0 0 1
    outer loop
      vertex 69.7498 -35.6959 5
      vertex 67.1575 -32.3692 5
      vertex 67.0775 -32.3557 5
    endloop
  endfacet
  facet normal 0 0 1
    outer loop
      vertex 69.7498 -35.6959 5
      vertex 67.0775 -32.3557 5
      vertex 66.9978 -32.3415 5
    endloop
  endfacet
  facet normal 0 0 1
    outer loop
      vertex 69.7498 -35.6959 5
      vertex 66.9978 -32.3415 5
      vertex 66.9189 -32.3265 5
    endloop
  endfacet
  facet normal 0 0 1
    outer loop
      vertex 69.7498 -35.6959 5
      vertex 66.9189 -32.3265 5
      vertex 69.7627 -36.2636 5
    endloop
  endfacet
  facet normal 0 0 1
    outer loop
      vertex 69.7627 -36.2636 5
      vertex 66.841 -32.311 5
      vertex 66.7645 -32.2949 5
    endloop
  endfacet
  facet normal 0 0 1
    outer loop
      vertex 69.7627 -36.2636 5
      vertex 66.7645 -32.2949 5
      vertex 66.6898 -32.2783 5
    endloop
  endfacet
  facet normal 0 0 1
    outer loop
      vertex 66.5473 -32.2439 5
      vertex 69.7627 -36.2636 5
      vertex 66.6173 -32.2613 5
    endloop
  endfacet
  facet normal 0 0 1
    outer loop
      vertex 69.7745 -36.9027 5
      vertex 69.7627 -36.2636 5
      vertex 66.5473 -32.2439 5
    endloop
  endfacet
  facet normal 0 0 1
    outer loop
      vertex 69.7745 -36.9027 5
      vertex 66.5473 -32.2439 5
      vertex 66.4803 -32.2263 5
    endloop
  endfacet
  facet normal 0 0 1
    outer loop
      vertex 66.3434 -32.1912 5
      vertex 66.4803 -32.2263 5
      vertex 66.4143 -32.2086 5
    endloop
  endfacet
  facet normal 0 0 1
    outer loop
      vertex 66.2681 -32.1742 5
      vertex 69.7745 -36.9027 5
      vertex 66.4803 -32.2263 5
    endloop
  endfacet
  facet normal 0 0 1
    outer loop
      vertex 66.189 -32.1576 5
      vertex 69.7745 -36.9027 5
      vertex 66.2681 -32.1742 5
    endloop
  endfacet
  facet normal 0 0 1
    outer loop
      vertex 66.1064 -32.1415 5
      vertex 69.7745 -36.9027 5
      vertex 66.189 -32.1576 5
    endloop
  endfacet
  facet normal 0 0 1
    outer loop
      vertex 66.0208 -32.126 5
      vertex 69.7745 -36.9027 5
      vertex 66.1064 -32.1415 5
    endloop
  endfacet
  facet normal 0 0 1
    outer loop
      vertex 65.9328 -32.1111 5
      vertex 69.7745 -36.9027 5
      vertex 66.0208 -32.126 5
    endloop
  endfacet
  facet normal 0 0 1
    outer loop
      vertex 65.8427 -32.0968 5
      vertex 69.7745 -36.9027 5
      vertex 65.9328 -32.1111 5
    endloop
  endfacet
  facet normal 0 0 1
    outer loop
      vertex 65.751 -32.0833 5
      vertex 69.7745 -36.9027 5
      vertex 65.8427 -32.0968 5
    endloop
  endfacet
  facet normal 0 0 1
    outer loop
      vertex 65.6583 -32.0707 5
      vertex 69.7745 -36.9027 5
      vertex 65.751 -32.0833 5
    endloop
  endfacet
  facet normal 0 0 1
    outer loop
      vertex 65.565 -32.0589 5
      vertex 69.7745 -36.9027 5
      vertex 65.6583 -32.0707 5
    endloop
  endfacet
  facet normal 0 0 1
    outer loop
      vertex 65.4715 -32.0481 5
      vertex 69.7745 -36.9027 5
      vertex 65.565 -32.0589 5
    endloop
  endfacet
  facet normal 0 0 1
    outer loop
      vertex 65.3783 -32.0383 5
      vertex 69.7745 -36.9027 5
      vertex 65.4715 -32.0481 5
    endloop
  endfacet
  facet normal 0 0 1
    outer loop
      vertex 65.286 -32.0296 5
      vertex 69.7745 -36.9027 5
      vertex 65.3783 -32.0383 5
    endloop
  endfacet
  facet normal 0 0 1
    outer loop
      vertex 69.7859 -37.6178 5
      vertex 69.7745 -36.9027 5
      vertex 65.286 -32.0296 5
    endloop
  endfacet
  facet normal 0 0 1
    outer loop
      vertex 69.7859 -37.6178 5
      vertex 65.286 -32.0296 5
      vertex 65.1949 -32.0221 5
    endloop
  endfacet
  facet normal 0 0 1
    outer loop
      vertex 69.7859 -37.6178 5
      vertex 65.1949 -32.0221 5
      vertex 65.1055 -32.0157 5
    endloop
  endfacet
  facet normal 0 0 1
    outer loop
      vertex 69.7859 -37.6178 5
      vertex 65.1055 -32.0157 5
      vertex 65.0184 -32.0107 5
    endloop
  endfacet
  facet normal 0 0 1
    outer loop
      vertex 69.7859 -37.6178 5
      vertex 65.0184 -32.0107 5
      vertex 64.9339 -32.007 5
    endloop
  endfacet
  facet normal 0 0 1
    outer loop
      vertex 64.7749 -32.004 5
      vertex 64.9339 -32.007 5
      vertex 64.8526 -32.0048 5
    endloop
  endfacet
  facet normal 0 0 1
    outer loop
      vertex 69.7859 -37.6178 5
      vertex 64.9339 -32.007 5
      vertex 64.7749 -32.004 5
    endloop
  endfacet
  facet normal 0 0 1
    outer loop
      vertex 69.7859 -37.6178 5
      vertex 64.7749 -32.004 5
      vertex 64.6691 -32.0033 5
    endloop
  endfacet
  facet normal 0 0 1
    outer loop
      vertex 69.7859 -37.6178 5
      vertex 64.4718 -31.9977 5
      vertex 69.7972 -38.4133 5
    endloop
  endfacet
  facet normal 0 0 1
    outer loop
      vertex 64.4718 -31.9977 5
      vertex 64.3796 -31.9925 5
      vertex 69.7972 -38.4133 5
    endloop
  endfacet
  facet normal 0 0 1
    outer loop
      vertex 64.3796 -31.9925 5
      vertex 64.2913 -31.9857 5
      vertex 69.7972 -38.4133 5
    endloop
  endfacet
  facet normal 0 0 1
    outer loop
      vertex 64.2913 -31.9857 5
      vertex 64.2063 -31.9772 5
      vertex 69.7972 -38.4133 5
    endloop
  endfacet
  facet normal 0 0 1
    outer loop
      vertex 64.2063 -31.9772 5
      vertex 64.1245 -31.9669 5
      vertex 69.7972 -38.4133 5
    endloop
  endfacet
  facet normal 0 0 1
    outer loop
      vertex 64.1245 -31.9669 5
      vertex 69.8091 -39.2938 5
      vertex 69.7972 -38.4133 5
    endloop
  endfacet
  facet normal 0 0 1
    outer loop
      vertex 64.0452 -31.9547 5
      vertex 69.8091 -39.2938 5
      vertex 64.1245 -31.9669 5
    endloop
  endfacet
  facet normal 0 0 1
    outer loop
      vertex 63.8933 -31.9244 5
      vertex 69.8091 -39.2938 5
      vertex 63.9683 -31.9405 5
    endloop
  endfacet
  facet normal 0 0 1
    outer loop
      vertex 63.8198 -31.9061 5
      vertex 69.8091 -39.2938 5
      vertex 63.8933 -31.9244 5
    endloop
  endfacet
  facet normal 0 0 1
    outer loop
      vertex 69.7859 -37.6178 5
      vertex 64.6691 -32.0033 5
      vertex 64.5682 -32.0012 5
    endloop
  endfacet
  facet normal 0 0 1
    outer loop
      vertex 69.7859 -37.6178 5
      vertex 64.5682 -32.0012 5
      vertex 64.4718 -31.9977 5
    endloop
  endfacet
  facet normal 0 0 1
    outer loop
      vertex 64.0452 -31.9547 5
      vertex 63.9683 -31.9405 5
      vertex 69.8091 -39.2938 5
    endloop
  endfacet
  facet normal 0 0 1
    outer loop
      vertex 63.7475 -31.8856 5
      vertex 69.8091 -39.2938 5
      vertex 63.8198 -31.9061 5
    endloop
  endfacet
  facet normal 0 0 1
    outer loop
      vertex 63.676 -31.8628 5
      vertex 69.8091 -39.2938 5
      vertex 63.7475 -31.8856 5
    endloop
  endfacet
  facet normal 0 0 1
    outer loop
      vertex 63.6048 -31.8377 5
      vertex 52.3193 -44.45 5
      vertex 63.676 -31.8628 5
    endloop
  endfacet
  facet normal 0 0 1
    outer loop
      vertex 63.5337 -31.8102 5
      vertex 63.4622 -31.7802 5
      vertex 52.3193 -44.45 5
    endloop
  endfacet
  facet normal 0 0 1
    outer loop
      vertex 63.5337 -31.8102 5
      vertex 52.3193 -44.45 5
      vertex 63.6048 -31.8377 5
    endloop
  endfacet
  facet normal 0 0 1
    outer loop
      vertex 63.39 -31.7476 5
      vertex 52.3193 -44.45 5
      vertex 63.4622 -31.7802 5
    endloop
  endfacet
  facet normal 0 0 1
    outer loop
      vertex 63.3167 -31.7124 5
      vertex 62.0906 -31.2192 5
      vertex 52.3193 -44.45 5
    endloop
  endfacet
  facet normal 0 0 1
    outer loop
      vertex 52.3193 -44.45 5
      vertex 62.0442 -31.2042 5
      vertex 61.9942 -31.1873 5
    endloop
  endfacet
  facet normal 0 0 1
    outer loop
      vertex 62.9985 -31.5436 5
      vertex 62.9432 -31.5154 5
      vertex 62.2056 -31.2517 5
    endloop
  endfacet
  facet normal 0 0 1
    outer loop
      vertex 62.2349 -31.258 5
      vertex 62.5825 -31.3514 5
      vertex 62.2593 -31.2619 5
    endloop
  endfacet
  facet normal 0 0 1
    outer loop
      vertex 62.5825 -31.3514 5
      vertex 62.5375 -31.3338 5
      vertex 62.2593 -31.2619 5
    endloop
  endfacet
  facet normal 0 0 1
    outer loop
      vertex 62.4169 -31.2919 5
      vertex 62.3824 -31.2818 5
      vertex 62.2593 -31.2619 5
    endloop
  endfacet
  facet normal 0 0 1
    outer loop
      vertex 62.3824 -31.2818 5
      vertex 62.351 -31.2738 5
      vertex 62.2784 -31.2632 5
    endloop
  endfacet
  facet normal 0 0 1
    outer loop
      vertex 62.2784 -31.2632 5
      vertex 62.3231 -31.2679 5
      vertex 62.2988 -31.2644 5
    endloop
  endfacet
  facet normal 0 0 1
    outer loop
      vertex 62.351 -31.2738 5
      vertex 62.3231 -31.2679 5
      vertex 62.2784 -31.2632 5
    endloop
  endfacet
  facet normal 0 0 1
    outer loop
      vertex 62.3824 -31.2818 5
      vertex 62.2784 -31.2632 5
      vertex 62.2593 -31.2619 5
    endloop
  endfacet
  facet normal 0 0 1
    outer loop
      vertex 62.4169 -31.2919 5
      vertex 62.2593 -31.2619 5
      vertex 62.4544 -31.304 5
    endloop
  endfacet
  facet normal 0 0 1
    outer loop
      vertex 62.2593 -31.2619 5
      vertex 62.4947 -31.318 5
      vertex 62.4544 -31.304 5
    endloop
  endfacet
  facet normal 0 0 1
    outer loop
      vertex 62.5375 -31.3338 5
      vertex 62.4947 -31.318 5
      vertex 62.2593 -31.2619 5
    endloop
  endfacet
  facet normal 0 0 1
    outer loop
      vertex 62.6297 -31.3706 5
      vertex 62.5825 -31.3514 5
      vertex 62.2349 -31.258 5
    endloop
  endfacet
  facet normal 0 0 1
    outer loop
      vertex 62.6297 -31.3706 5
      vertex 62.2349 -31.258 5
      vertex 62.6786 -31.3914 5
    endloop
  endfacet
  facet normal 0 0 1
    outer loop
      vertex 62.2349 -31.258 5
      vertex 62.7292 -31.4136 5
      vertex 62.6786 -31.3914 5
    endloop
  endfacet
  facet normal 0 0 1
    outer loop
      vertex 62.7812 -31.4372 5
      vertex 62.7292 -31.4136 5
      vertex 62.2349 -31.258 5
    endloop
  endfacet
  facet normal 0 0 1
    outer loop
      vertex 62.7812 -31.4372 5
      vertex 62.2349 -31.258 5
      vertex 62.8343 -31.4621 5
    endloop
  endfacet
  facet normal 0 0 1
    outer loop
      vertex 62.2349 -31.258 5
      vertex 62.8884 -31.4882 5
      vertex 62.8343 -31.4621 5
    endloop
  endfacet
  facet normal 0 0 1
    outer loop
      vertex 62.2056 -31.2517 5
      vertex 62.8884 -31.4882 5
      vertex 62.2349 -31.258 5
    endloop
  endfacet
  facet normal 0 0 1
    outer loop
      vertex 62.9432 -31.5154 5
      vertex 62.8884 -31.4882 5
      vertex 62.2056 -31.2517 5
    endloop
  endfacet
  facet normal 0 0 1
    outer loop
      vertex 62.9985 -31.5436 5
      vertex 62.2056 -31.2517 5
      vertex 63.0541 -31.5728 5
    endloop
  endfacet
  facet normal 0 0 1
    outer loop
      vertex 63.1651 -31.6336 5
      vertex 62.2056 -31.2517 5
      vertex 62.1716 -31.243 5
    endloop
  endfacet
  facet normal 0 0 1
    outer loop
      vertex 63.1651 -31.6336 5
      vertex 62.1716 -31.243 5
      vertex 63.2418 -31.6744 5
    endloop
  endfacet
  facet normal 0 0 1
    outer loop
      vertex 62.1716 -31.243 5
      vertex 62.1332 -31.2321 5
      vertex 63.2418 -31.6744 5
    endloop
  endfacet
  facet normal 0 0 1
    outer loop
      vertex 62.0906 -31.2192 5
      vertex 63.3167 -31.7124 5
      vertex 62.1332 -31.2321 5
    endloop
  endfacet
  facet normal 0 0 1
    outer loop
      vertex 52.3193 -44.45 5
      vertex 61.9942 -31.1873 5
      vertex 61.9408 -31.1687 5
    endloop
  endfacet
  facet normal 0 0 1
    outer loop
      vertex 52.3193 -44.45 5
      vertex 61.9408 -31.1687 5
      vertex 61.8844 -31.1483 5
    endloop
  endfacet
  facet normal 0 0 1
    outer loop
      vertex 52.3193 -44.45 5
      vertex 61.8844 -31.1483 5
      vertex 61.8253 -31.1265 5
    endloop
  endfacet
  facet normal 0 0 1
    outer loop
      vertex 61.634 -31.0526 5
      vertex 52.3193 -44.45 5
      vertex 61.6998 -31.0785 5
    endloop
  endfacet
  facet normal 0 0 1
    outer loop
      vertex 61.4978 -30.9977 5
      vertex 52.3193 -44.45 5
      vertex 61.5666 -31.0256 5
    endloop
  endfacet
  facet normal 0 0 1
    outer loop
      vertex 62.2056 -31.2517 5
      vertex 63.1097 -31.6028 5
      vertex 63.0541 -31.5728 5
    endloop
  endfacet
  facet normal 0 0 1
    outer loop
      vertex 63.1651 -31.6336 5
      vertex 63.1097 -31.6028 5
      vertex 62.2056 -31.2517 5
    endloop
  endfacet
  facet normal 0 0 1
    outer loop
      vertex 62.1332 -31.2321 5
      vertex 63.3167 -31.7124 5
      vertex 63.2418 -31.6744 5
    endloop
  endfacet
  facet normal 0 0 1
    outer loop
      vertex 61.7636 -31.1032 5
      vertex 52.3193 -44.45 5
      vertex 61.8253 -31.1265 5
    endloop
  endfacet
  facet normal 0 0 1
    outer loop
      vertex 52.3193 -44.45 5
      vertex 61.634 -31.0526 5
      vertex 61.5666 -31.0256 5
    endloop
  endfacet
  facet normal 0 0 1
    outer loop
      vertex 61.4279 -30.9688 5
      vertex 61.3571 -30.9391 5
      vertex 52.3193 -44.45 5
    endloop
  endfacet
  facet normal 0 0 1
    outer loop
      vertex 59.3918 -30.408 5
      vertex 59.0048 -30.3475 5
      vertex 52.3193 -44.45 5
    endloop
  endfacet
  facet normal 0 0 1
    outer loop
      vertex 58.6038 -30.2931 5
      vertex 58.1925 -30.2451 5
      vertex 52.3193 -44.45 5
    endloop
  endfacet
  facet normal 0 0 1
    outer loop
      vertex 52.3193 -44.45 5
      vertex 60.1091 -30.5457 5
      vertex 59.7611 -30.4742 5
    endloop
  endfacet
  facet normal 0 0 1
    outer loop
      vertex 61.3571 -30.9391 5
      vertex 60.1091 -30.5457 5
      vertex 52.3193 -44.45 5
    endloop
  endfacet
  facet normal 0 0 1
    outer loop
      vertex 61.2858 -30.9088 5
      vertex 60.4321 -30.6222 5
      vertex 61.3571 -30.9391 5
    endloop
  endfacet
  facet normal 0 0 1
    outer loop
      vertex 61.2142 -30.8779 5
      vertex 60.7264 -30.7033 5
      vertex 61.2858 -30.9088 5
    endloop
  endfacet
  facet normal 0 0 1
    outer loop
      vertex 60.9883 -30.7887 5
      vertex 60.7264 -30.7033 5
      vertex 61.2142 -30.8779 5
    endloop
  endfacet
  facet normal 0 0 1
    outer loop
      vertex 60.7264 -30.7033 5
      vertex 60.4321 -30.6222 5
      vertex 61.2858 -30.9088 5
    endloop
  endfacet
  facet normal 0 0 1
    outer loop
      vertex 60.4321 -30.6222 5
      vertex 60.1091 -30.5457 5
      vertex 61.3571 -30.9391 5
    endloop
  endfacet
  facet normal 0 0 1
    outer loop
      vertex 52.3193 -44.45 5
      vertex 59.7611 -30.4742 5
      vertex 59.3918 -30.408 5
    endloop
  endfacet
  facet normal 0 0 1
    outer loop
      vertex 58.6038 -30.2931 5
      vertex 52.3193 -44.45 5
      vertex 59.0048 -30.3475 5
    endloop
  endfacet
  facet normal 0 0 1
    outer loop
      vertex 52.3193 -44.45 5
      vertex 57.7746 -30.2038 5
      vertex 57.3537 -30.1696 5
    endloop
  endfacet
  facet normal 0 0 1
    outer loop
      vertex 58.1925 -30.2451 5
      vertex 57.7746 -30.2038 5
      vertex 52.3193 -44.45 5
    endloop
  endfacet
  facet normal 0 0 1
    outer loop
      vertex 57.3537 -30.1696 5
      vertex 56.9335 -30.1429 5
      vertex 52.3193 -44.45 5
    endloop
  endfacet
  facet normal 0 0 1
    outer loop
      vertex 56.9335 -30.1429 5
      vertex 56.5177 -30.124 5
      vertex 52.3193 -44.45 5
    endloop
  endfacet
  facet normal 0 0 1
    outer loop
      vertex 52.3193 -44.45 5
      vertex 56.11 -30.1133 5
      vertex 55.7139 -30.1112 5
    endloop
  endfacet
  facet normal 0 0 1
    outer loop
      vertex 52.3193 -44.45 5
      vertex 55.7139 -30.1112 5
      vertex 55.3333 -30.1179 5
    endloop
  endfacet
  facet normal -0 0 1
    outer loop
      vertex 52.3182 -30.9002 5
      vertex 52.3193 -44.45 5
      vertex 52.3738 -30.8853 5
    endloop
  endfacet
  facet normal 0 0 1
    outer loop
      vertex 52.7335 -30.7463 5
      vertex 54.9717 -30.1339 5
      vertex 54.6329 -30.1594 5
    endloop
  endfacet
  facet normal -0 0 1
    outer loop
      vertex 53.5815 -30.3558 5
      vertex 52.8231 -30.6967 5
      vertex 53.6482 -30.3355 5
    endloop
  endfacet
  facet normal 0 0 1
    outer loop
      vertex 52.865 -30.6705 5
      vertex 53.0368 -30.5703 5
      vertex 52.9882 -30.5957 5
    endloop
  endfacet
  facet normal 0 0 1
    outer loop
      vertex 52.8231 -30.6967 5
      vertex 53.5815 -30.3558 5
      vertex 53.5152 -30.3771 5
    endloop
  endfacet
  facet normal 0 0 1
    outer loop
      vertex 54.0382 -30.2408 5
      vertex 53.9122 -30.2665 5
      vertex 53.8472 -30.2817 5
    endloop
  endfacet
  facet normal -0 0 1
    outer loop
      vertex 53.976 -30.2528 5
      vertex 53.9122 -30.2665 5
      vertex 54.0382 -30.2408 5
    endloop
  endfacet
  facet normal 0 0 1
    outer loop
      vertex 54.0382 -30.2408 5
      vertex 53.8472 -30.2817 5
      vertex 53.7813 -30.2983 5
    endloop
  endfacet
  facet normal -0 0 1
    outer loop
      vertex 53.6482 -30.3355 5
      vertex 52.8231 -30.6967 5
      vertex 53.7149 -30.3163 5
    endloop
  endfacet
  facet normal 0 0 1
    outer loop
      vertex 53.3851 -30.4223 5
      vertex 53.3219 -30.446 5
      vertex 52.8231 -30.6967 5
    endloop
  endfacet
  facet normal 0 0 1
    outer loop
      vertex 52.865 -30.6705 5
      vertex 53.2603 -30.4702 5
      vertex 53.2007 -30.4948 5
    endloop
  endfacet
  facet normal 0 0 1
    outer loop
      vertex 53.0886 -30.545 5
      vertex 53.0368 -30.5703 5
      vertex 52.865 -30.6705 5
    endloop
  endfacet
  facet normal -0 0 1
    outer loop
      vertex 52.902 -30.6459 5
      vertex 52.865 -30.6705 5
      vertex 52.9431 -30.6209 5
    endloop
  endfacet
  facet normal 0 0 1
    outer loop
      vertex 52.865 -30.6705 5
      vertex 52.9882 -30.5957 5
      vertex 52.9431 -30.6209 5
    endloop
  endfacet
  facet normal -0 0 1
    outer loop
      vertex 49.2764 -31.8024 5
      vertex 49.4846 -44.4491 5
      vertex 49.2992 -31.7999 5
    endloop
  endfacet
  facet normal 0 0 1
    outer loop
      vertex 50.8864 -44.4498 5
      vertex 49.3447 -31.7865 5
      vertex 49.322 -31.7946 5
    endloop
  endfacet
  facet normal 0 0 1
    outer loop
      vertex 49.4409 -31.7256 5
      vertex 50.1393 -31.333 5
      vertex 50.0208 -31.3807 5
    endloop
  endfacet
  facet normal 0 0 1
    outer loop
      vertex 49.4674 -31.7033 5
      vertex 49.8058 -31.4789 5
      vertex 49.7115 -31.5289 5
    endloop
  endfacet
  facet normal -0 0 1
    outer loop
      vertex 50.1393 -31.333 5
      vertex 49.4157 -31.7451 5
      vertex 50.2636 -31.2869 5
    endloop
  endfacet
  facet normal 0 0 1
    outer loop
      vertex 50.0208 -31.3807 5
      vertex 49.9092 -31.4294 5
      vertex 49.4409 -31.7256 5
    endloop
  endfacet
  facet normal 0 0 1
    outer loop
      vertex 48.9496 -31.6484 5
      vertex 48.7953 -31.5537 5
      vertex 48.9891 -31.676 5
    endloop
  endfacet
  facet normal 0 0 1
    outer loop
      vertex 48.8771 -31.6013 5
      vertex 48.7953 -31.5537 5
      vertex 48.9496 -31.6484 5
    endloop
  endfacet
  facet normal 0 0 1
    outer loop
      vertex 48.7953 -31.5537 5
      vertex 48.7052 -31.5058 5
      vertex 48.9891 -31.676 5
    endloop
  endfacet
  facet normal 0 0 1
    outer loop
      vertex 48.7052 -31.5058 5
      vertex 48.6077 -31.458 5
      vertex 48.9891 -31.676 5
    endloop
  endfacet
  facet normal -0 0 1
    outer loop
      vertex 45.5662 -31.8558 5
      vertex 45.4486 -31.9825 5
      vertex 48.043 -31.2315 5
    endloop
  endfacet
  facet normal 0 0 1
    outer loop
      vertex 47.4366 -31.0552 5
      vertex 45.8387 -31.5658 5
      vertex 47.5555 -31.0845 5
    endloop
  endfacet
  facet normal 0 0 1
    outer loop
      vertex 47.3208 -31.0296 5
      vertex 47.209 -31.0078 5
      vertex 45.9925 -31.4106 5
    endloop
  endfacet
  facet normal 0 0 1
    outer loop
      vertex 46.2499 -31.1813 5
      vertex 47.0014 -30.9775 5
      vertex 46.9074 -30.9696 5
    endloop
  endfacet
  facet normal -0 0 1
    outer loop
      vertex 46.3605 -31.1023 5
      vertex 46.3063 -31.1391 5
      vertex 46.8213 -30.9668 5
    endloop
  endfacet
  facet normal 0 0 1
    outer loop
      vertex 46.464 -31.0439 5
      vertex 46.7147 -30.9721 5
      vertex 46.6637 -30.9792 5
    endloop
  endfacet
  facet normal 0 0 1
    outer loop
      vertex 46.4129 -31.0707 5
      vertex 46.7147 -30.9721 5
      vertex 46.464 -31.0439 5
    endloop
  endfacet
  facet normal 0 0 1
    outer loop
      vertex 46.3605 -31.1023 5
      vertex 46.7671 -30.9681 5
      vertex 46.4129 -31.0707 5
    endloop
  endfacet
  facet normal 0 0 1
    outer loop
      vertex 46.8213 -30.9668 5
      vertex 46.7671 -30.9681 5
      vertex 46.3605 -31.1023 5
    endloop
  endfacet
  facet normal 0 0 1
    outer loop
      vertex 46.1907 -31.2293 5
      vertex 47.0014 -30.9775 5
      vertex 46.2499 -31.1813 5
    endloop
  endfacet
  facet normal 0 0 1
    outer loop
      vertex 47.1022 -30.9904 5
      vertex 47.0014 -30.9775 5
      vertex 46.1284 -31.2833 5
    endloop
  endfacet
  facet normal 0 0 1
    outer loop
      vertex 45.9181 -31.4846 5
      vertex 47.3208 -31.0296 5
      vertex 45.9925 -31.4106 5
    endloop
  endfacet
  facet normal 0 0 1
    outer loop
      vertex 47.4366 -31.0552 5
      vertex 47.3208 -31.0296 5
      vertex 45.9181 -31.4846 5
    endloop
  endfacet
  facet normal 0 0 1
    outer loop
      vertex 47.5555 -31.0845 5
      vertex 45.8387 -31.5658 5
      vertex 45.7538 -31.6545 5
    endloop
  endfacet
  facet normal -0 0 1
    outer loop
      vertex 46.7147 -30.9721 5
      vertex 46.4129 -31.0707 5
      vertex 46.7671 -30.9681 5
    endloop
  endfacet
  facet normal 0 0 1
    outer loop
      vertex 49.4409 -31.7256 5
      vertex 49.8058 -31.4789 5
      vertex 49.4674 -31.7033 5
    endloop
  endfacet
  facet normal 0 0 1
    outer loop
      vertex 49.4157 -31.7451 5
      vertex 50.5253 -31.2002 5
      vertex 50.3927 -31.2425 5
    endloop
  endfacet
  facet normal -0 0 1
    outer loop
      vertex 51.6943 -30.9697 5
      vertex 51.5801 -30.978 5
      vertex 51.8009 -30.9668 5
    endloop
  endfacet
  facet normal -0 0 1
    outer loop
      vertex 51.5801 -30.978 5
      vertex 51.4594 -30.9913 5
      vertex 51.8009 -30.9668 5
    endloop
  endfacet
  facet normal -0 0 1
    outer loop
      vertex 51.8009 -30.9668 5
      vertex 51.3332 -31.0095 5
      vertex 51.8583 -30.966 5
    endloop
  endfacet
  facet normal 0 0 1
    outer loop
      vertex 53.1433 -30.5198 5
      vertex 53.0886 -30.545 5
      vertex 52.865 -30.6705 5
    endloop
  endfacet
  facet normal -0 0 1
    outer loop
      vertex 53.1433 -30.5198 5
      vertex 52.865 -30.6705 5
      vertex 53.2007 -30.4948 5
    endloop
  endfacet
  facet normal 0 0 1
    outer loop
      vertex 52.865 -30.6705 5
      vertex 53.3219 -30.446 5
      vertex 53.2603 -30.4702 5
    endloop
  endfacet
  facet normal 0 0 1
    outer loop
      vertex 52.8231 -30.6967 5
      vertex 53.3219 -30.446 5
      vertex 52.865 -30.6705 5
    endloop
  endfacet
  facet normal 0 0 1
    outer loop
      vertex 53.4497 -30.3993 5
      vertex 53.3851 -30.4223 5
      vertex 52.8231 -30.6967 5
    endloop
  endfacet
  facet normal -0 0 1
    outer loop
      vertex 53.4497 -30.3993 5
      vertex 52.8231 -30.6967 5
      vertex 53.5152 -30.3771 5
    endloop
  endfacet
  facet normal 0 0 1
    outer loop
      vertex 52.8231 -30.6967 5
      vertex 53.7813 -30.2983 5
      vertex 53.7149 -30.3163 5
    endloop
  endfacet
  facet normal 0 0 1
    outer loop
      vertex 54.0382 -30.2408 5
      vertex 53.7813 -30.2983 5
      vertex 52.8231 -30.6967 5
    endloop
  endfacet
  facet normal -0 0 1
    outer loop
      vertex 54.0382 -30.2408 5
      vertex 52.8231 -30.6967 5
      vertex 54.3205 -30.195 5
    endloop
  endfacet
  facet normal -0 0 1
    outer loop
      vertex 52.8231 -30.6967 5
      vertex 52.7792 -30.722 5
      vertex 54.3205 -30.195 5
    endloop
  endfacet
  facet normal 0 0 1
    outer loop
      vertex 52.7792 -30.722 5
      vertex 54.6329 -30.1594 5
      vertex 54.3205 -30.195 5
    endloop
  endfacet
  facet normal 0 0 1
    outer loop
      vertex 52.7335 -30.7463 5
      vertex 54.6329 -30.1594 5
      vertex 52.7792 -30.722 5
    endloop
  endfacet
  facet normal 0 0 1
    outer loop
      vertex 55.3333 -30.1179 5
      vertex 54.9717 -30.1339 5
      vertex 52.7335 -30.7463 5
    endloop
  endfacet
  facet normal 0 0 1
    outer loop
      vertex 55.3333 -30.1179 5
      vertex 52.7335 -30.7463 5
      vertex 52.6862 -30.7696 5
    endloop
  endfacet
  facet normal 0 0 1
    outer loop
      vertex 52.3193 -44.45 5
      vertex 52.6862 -30.7696 5
      vertex 52.6373 -30.7918 5
    endloop
  endfacet
  facet normal 0 0 1
    outer loop
      vertex 52.3193 -44.45 5
      vertex 52.6373 -30.7918 5
      vertex 52.587 -30.8129 5
    endloop
  endfacet
  facet normal 0 0 1
    outer loop
      vertex 52.3193 -44.45 5
      vertex 52.587 -30.8129 5
      vertex 52.5354 -30.8329 5
    endloop
  endfacet
  facet normal -0 0 1
    outer loop
      vertex 52.4287 -30.8691 5
      vertex 52.3193 -44.45 5
      vertex 52.4826 -30.8516 5
    endloop
  endfacet
  facet normal 0 0 1
    outer loop
      vertex 52.3193 -44.45 5
      vertex 52.5354 -30.8329 5
      vertex 52.4826 -30.8516 5
    endloop
  endfacet
  facet normal 0 0 1
    outer loop
      vertex 52.3193 -44.45 5
      vertex 52.4287 -30.8691 5
      vertex 52.3738 -30.8853 5
    endloop
  endfacet
  facet normal -0 0 1
    outer loop
      vertex 52.2619 -30.9137 5
      vertex 52.3193 -44.45 5
      vertex 52.3182 -30.9002 5
    endloop
  endfacet
  facet normal 0 0 1
    outer loop
      vertex 52.205 -30.9258 5
      vertex 52.1476 -30.9364 5
      vertex 52.3193 -44.45 5
    endloop
  endfacet
  facet normal -0 0 1
    outer loop
      vertex 52.205 -30.9258 5
      vertex 52.3193 -44.45 5
      vertex 52.2619 -30.9137 5
    endloop
  endfacet
  facet normal 0 0 1
    outer loop
      vertex 52.3193 -44.45 5
      vertex 55.3333 -30.1179 5
      vertex 52.6862 -30.7696 5
    endloop
  endfacet
  facet normal -0 0 1
    outer loop
      vertex 52.032 -30.9531 5
      vertex 52.3193 -44.45 5
      vertex 52.0899 -30.9455 5
    endloop
  endfacet
  facet normal -0 0 1
    outer loop
      vertex 51.974 -30.959 5
      vertex 52.3193 -44.45 5
      vertex 52.032 -30.9531 5
    endloop
  endfacet
  facet normal 0 0 1
    outer loop
      vertex 49.3447 -31.7865 5
      vertex 50.8864 -44.4498 5
      vertex 52.3193 -44.45 5
    endloop
  endfacet
  facet normal 0 0 1
    outer loop
      vertex 49.3914 -31.7617 5
      vertex 49.3678 -31.7755 5
      vertex 52.3193 -44.45 5
    endloop
  endfacet
  facet normal 0 0 1
    outer loop
      vertex 49.3914 -31.7617 5
      vertex 50.9334 -31.0894 5
      vertex 50.7968 -31.1233 5
    endloop
  endfacet
  facet normal -0 0 1
    outer loop
      vertex 51.4594 -30.9913 5
      vertex 51.3332 -31.0095 5
      vertex 51.8009 -30.9668 5
    endloop
  endfacet
  facet normal -0 0 1
    outer loop
      vertex 51.3332 -31.0095 5
      vertex 51.2027 -31.0321 5
      vertex 51.8583 -30.966 5
    endloop
  endfacet
  facet normal -0 0 1
    outer loop
      vertex 51.2027 -31.0321 5
      vertex 51.0691 -31.0588 5
      vertex 51.8583 -30.966 5
    endloop
  endfacet
  facet normal -0 0 1
    outer loop
      vertex 51.0691 -31.0588 5
      vertex 50.9334 -31.0894 5
      vertex 51.8583 -30.966 5
    endloop
  endfacet
  facet normal -0 0 1
    outer loop
      vertex 44.958 -32.446 5
      vertex 44.8299 -32.5513 5
      vertex 49.1787 -31.7847 5
    endloop
  endfacet
  facet normal -0 0 1
    outer loop
      vertex 40.8541 -35.418 5
      vertex 40.8469 -35.4882 5
      vertex 41.328 -34.636 5
    endloop
  endfacet
  facet normal 0 0 1
    outer loop
      vertex 47.209 -31.0078 5
      vertex 46.0625 -31.3436 5
      vertex 45.9925 -31.4106 5
    endloop
  endfacet
  facet normal 0 0 1
    outer loop
      vertex 46.6637 -30.9792 5
      vertex 46.5141 -31.0216 5
      vertex 46.464 -31.0439 5
    endloop
  endfacet
  facet normal 0 0 1
    outer loop
      vertex 45.5662 -31.8558 5
      vertex 47.9213 -31.1909 5
      vertex 45.6632 -31.7511 5
    endloop
  endfacet
  facet normal 0 0 1
    outer loop
      vertex 45.7538 -31.6545 5
      vertex 47.6765 -31.1171 5
      vertex 47.5555 -31.0845 5
    endloop
  endfacet
  facet normal -0 0 1
    outer loop
      vertex 46.3063 -31.1391 5
      vertex 46.2499 -31.1813 5
      vertex 46.9074 -30.9696 5
    endloop
  endfacet
  facet normal 0 0 1
    outer loop
      vertex 46.6135 -30.9896 5
      vertex 46.5638 -31.0037 5
      vertex 46.5141 -31.0216 5
    endloop
  endfacet
  facet normal 0 0 1
    outer loop
      vertex 45.6632 -31.7511 5
      vertex 47.7988 -31.1527 5
      vertex 47.6765 -31.1171 5
    endloop
  endfacet
  facet normal -0 0 1
    outer loop
      vertex 49.5551 -31.6288 5
      vertex 49.4953 -31.678 5
      vertex 49.6276 -31.5789 5
    endloop
  endfacet
  facet normal -0 0 1
    outer loop
      vertex 49.4953 -31.678 5
      vertex 49.4674 -31.7033 5
      vertex 49.6276 -31.5789 5
    endloop
  endfacet
  facet normal 0 0 1
    outer loop
      vertex 49.4674 -31.7033 5
      vertex 49.7115 -31.5289 5
      vertex 49.6276 -31.5789 5
    endloop
  endfacet
  facet normal 0 0 1
    outer loop
      vertex 49.4409 -31.7256 5
      vertex 49.9092 -31.4294 5
      vertex 49.8058 -31.4789 5
    endloop
  endfacet
  facet normal 0 0 1
    outer loop
      vertex 49.4157 -31.7451 5
      vertex 50.1393 -31.333 5
      vertex 49.4409 -31.7256 5
    endloop
  endfacet
  facet normal 0 0 1
    outer loop
      vertex 50.3927 -31.2425 5
      vertex 50.2636 -31.2869 5
      vertex 49.4157 -31.7451 5
    endloop
  endfacet
  facet normal -0 0 1
    outer loop
      vertex 50.5253 -31.2002 5
      vertex 49.4157 -31.7451 5
      vertex 50.6604 -31.1604 5
    endloop
  endfacet
  facet normal -0 0 1
    outer loop
      vertex 49.4157 -31.7451 5
      vertex 49.3914 -31.7617 5
      vertex 50.6604 -31.1604 5
    endloop
  endfacet
  facet normal 0 0 1
    outer loop
      vertex 49.3914 -31.7617 5
      vertex 50.7968 -31.1233 5
      vertex 50.6604 -31.1604 5
    endloop
  endfacet
  facet normal 0 0 1
    outer loop
      vertex 51.8583 -30.966 5
      vertex 50.9334 -31.0894 5
      vertex 49.3914 -31.7617 5
    endloop
  endfacet
  facet normal -0 0 1
    outer loop
      vertex 51.8583 -30.966 5
      vertex 49.3914 -31.7617 5
      vertex 51.9161 -30.9633 5
    endloop
  endfacet
  facet normal -0 0 1
    outer loop
      vertex 49.3914 -31.7617 5
      vertex 52.3193 -44.45 5
      vertex 51.9161 -30.9633 5
    endloop
  endfacet
  facet normal 0 0 1
    outer loop
      vertex 49.3678 -31.7755 5
      vertex 49.3447 -31.7865 5
      vertex 52.3193 -44.45 5
    endloop
  endfacet
  facet normal -0 -0 1
    outer loop
      vertex 49.4846 -44.4491 5
      vertex 50.8864 -44.4498 5
      vertex 49.2992 -31.7999 5
    endloop
  endfacet
  facet normal 0 0 1
    outer loop
      vertex 49.2531 -31.8021 5
      vertex 49.4846 -44.4491 5
      vertex 49.2764 -31.8024 5
    endloop
  endfacet
  facet normal -0 0 1
    outer loop
      vertex 48.1184 -44.4481 5
      vertex 49.4846 -44.4491 5
      vertex 49.2531 -31.8021 5
    endloop
  endfacet
  facet normal 0 0 1
    outer loop
      vertex 49.2045 -31.7933 5
      vertex 48.1184 -44.4481 5
      vertex 49.2292 -31.7991 5
    endloop
  endfacet
  facet normal -0 0 1
    outer loop
      vertex 44.5663 -32.7496 5
      vertex 48.1184 -44.4481 5
      vertex 49.2045 -31.7933 5
    endloop
  endfacet
  facet normal 0 0 1
    outer loop
      vertex 45.511 -44.4447 5
      vertex 43.4013 -33.3873 5
      vertex 40.7521 -35.785 5
    endloop
  endfacet
  facet normal -0 0 1
    outer loop
      vertex 44.2923 -32.9319 5
      vertex 46.7923 -44.4466 5
      vertex 44.4306 -32.8427 5
    endloop
  endfacet
  facet normal -0 0 1
    outer loop
      vertex 45.4486 -31.9825 5
      vertex 45.3291 -32.1048 5
      vertex 48.5038 -31.4106 5
    endloop
  endfacet
  facet normal 0 0 1
    outer loop
      vertex 49.1231 -31.7593 5
      vertex 49.0928 -31.7425 5
      vertex 45.2076 -32.2228 5
    endloop
  endfacet
  facet normal 0 0 1
    outer loop
      vertex 45.4486 -31.9825 5
      vertex 48.2806 -31.3183 5
      vertex 48.1631 -31.2741 5
    endloop
  endfacet
  facet normal 0 0 1
    outer loop
      vertex 46.9074 -30.9696 5
      vertex 46.8213 -30.9668 5
      vertex 46.3063 -31.1391 5
    endloop
  endfacet
  facet normal -0 0 1
    outer loop
      vertex 46.1907 -31.2293 5
      vertex 46.1284 -31.2833 5
      vertex 47.0014 -30.9775 5
    endloop
  endfacet
  facet normal 0 0 1
    outer loop
      vertex 47.1022 -30.9904 5
      vertex 46.0625 -31.3436 5
      vertex 47.209 -31.0078 5
    endloop
  endfacet
  facet normal 0 0 1
    outer loop
      vertex 45.8387 -31.5658 5
      vertex 47.4366 -31.0552 5
      vertex 45.9181 -31.4846 5
    endloop
  endfacet
  facet normal -0 0 1
    outer loop
      vertex 45.7538 -31.6545 5
      vertex 45.6632 -31.7511 5
      vertex 47.6765 -31.1171 5
    endloop
  endfacet
  facet normal 0 0 1
    outer loop
      vertex 45.6632 -31.7511 5
      vertex 47.9213 -31.1909 5
      vertex 47.7988 -31.1527 5
    endloop
  endfacet
  facet normal 0 0 1
    outer loop
      vertex 45.5662 -31.8558 5
      vertex 48.043 -31.2315 5
      vertex 47.9213 -31.1909 5
    endloop
  endfacet
  facet normal 0 0 1
    outer loop
      vertex 45.4486 -31.9825 5
      vertex 48.1631 -31.2741 5
      vertex 48.043 -31.2315 5
    endloop
  endfacet
  facet normal 0 0 1
    outer loop
      vertex 48.3945 -31.364 5
      vertex 48.2806 -31.3183 5
      vertex 45.4486 -31.9825 5
    endloop
  endfacet
  facet normal 0 0 1
    outer loop
      vertex 48.3945 -31.364 5
      vertex 45.4486 -31.9825 5
      vertex 48.5038 -31.4106 5
    endloop
  endfacet
  facet normal 0 0 1
    outer loop
      vertex 48.5038 -31.4106 5
      vertex 45.3291 -32.1048 5
      vertex 48.6077 -31.458 5
    endloop
  endfacet
  facet normal 0 0 1
    outer loop
      vertex 45.3291 -32.1048 5
      vertex 48.9891 -31.676 5
      vertex 48.6077 -31.458 5
    endloop
  endfacet
  facet normal 0 0 1
    outer loop
      vertex 49.026 -31.7008 5
      vertex 48.9891 -31.676 5
      vertex 45.3291 -32.1048 5
    endloop
  endfacet
  facet normal 0 0 1
    outer loop
      vertex 49.026 -31.7008 5
      vertex 45.3291 -32.1048 5
      vertex 49.0605 -31.723 5
    endloop
  endfacet
  facet normal -0 0 1
    outer loop
      vertex 45.3291 -32.1048 5
      vertex 45.2076 -32.2228 5
      vertex 49.0605 -31.723 5
    endloop
  endfacet
  facet normal 0 0 1
    outer loop
      vertex 45.2076 -32.2228 5
      vertex 49.0928 -31.7425 5
      vertex 49.0605 -31.723 5
    endloop
  endfacet
  facet normal 0 0 1
    outer loop
      vertex 45.0839 -32.3365 5
      vertex 49.1231 -31.7593 5
      vertex 45.2076 -32.2228 5
    endloop
  endfacet
  facet normal 0 0 1
    outer loop
      vertex 49.1517 -31.7734 5
      vertex 49.1231 -31.7593 5
      vertex 45.0839 -32.3365 5
    endloop
  endfacet
  facet normal 0 0 1
    outer loop
      vertex 49.1517 -31.7734 5
      vertex 45.0839 -32.3365 5
      vertex 44.958 -32.446 5
    endloop
  endfacet
  facet normal 0 0 1
    outer loop
      vertex 49.1517 -31.7734 5
      vertex 44.958 -32.446 5
      vertex 49.1787 -31.7847 5
    endloop
  endfacet
  facet normal 0 0 1
    outer loop
      vertex 49.1787 -31.7847 5
      vertex 44.8299 -32.5513 5
      vertex 49.2045 -31.7933 5
    endloop
  endfacet
  facet normal -0 0 1
    outer loop
      vertex 44.8299 -32.5513 5
      vertex 44.6993 -32.6524 5
      vertex 49.2045 -31.7933 5
    endloop
  endfacet
  facet normal -0 0 1
    outer loop
      vertex 44.6993 -32.6524 5
      vertex 44.5663 -32.7496 5
      vertex 49.2045 -31.7933 5
    endloop
  endfacet
  facet normal 0 0 1
    outer loop
      vertex 44.5663 -32.7496 5
      vertex 44.4306 -32.8427 5
      vertex 48.1184 -44.4481 5
    endloop
  endfacet
  facet normal 0 0 1
    outer loop
      vertex 46.7923 -44.4466 5
      vertex 44.2923 -32.9319 5
      vertex 44.1513 -33.0172 5
    endloop
  endfacet
  facet normal 0 0 1
    outer loop
      vertex 43.8605 -33.1763 5
      vertex 45.511 -44.4447 5
      vertex 46.7923 -44.4466 5
    endloop
  endfacet
  facet normal -0 0 1
    outer loop
      vertex 43.8605 -33.1763 5
      vertex 46.7923 -44.4466 5
      vertex 44.0073 -33.0987 5
    endloop
  endfacet
  facet normal -0 0 1
    outer loop
      vertex 43.5575 -33.3206 5
      vertex 45.511 -44.4447 5
      vertex 43.7106 -33.2503 5
    endloop
  endfacet
  facet normal 0 0 1
    outer loop
      vertex 45.511 -44.4447 5
      vertex 40.7521 -35.785 5
      vertex 44.2791 -44.4424 5
    endloop
  endfacet
  facet normal 0 0 1
    outer loop
      vertex 44.2791 -44.4424 5
      vertex 40.6805 -35.886 5
      vertex 40.636 -35.9343 5
    endloop
  endfacet
  facet normal -0 0 1
    outer loop
      vertex 40.78 -35.7315 5
      vertex 40.7521 -35.785 5
      vertex 43.2417 -33.4504 5
    endloop
  endfacet
  facet normal 0 0 1
    outer loop
      vertex 41.5489 -34.4677 5
      vertex 41.5109 -34.4988 5
      vertex 40.8218 -35.6165 5
    endloop
  endfacet
  facet normal 0 0 1
    outer loop
      vertex 40.8363 -35.5542 5
      vertex 41.3991 -34.5853 5
      vertex 40.8469 -35.4882 5
    endloop
  endfacet
  facet normal 0 0 1
    outer loop
      vertex 43.0787 -33.51 5
      vertex 42.9123 -33.5662 5
      vertex 41.7351 -34.3026 5
    endloop
  endfacet
  facet normal 0 0 1
    outer loop
      vertex 42.9123 -33.5662 5
      vertex 41.8376 -34.2008 5
      vertex 41.8046 -34.2346 5
    endloop
  endfacet
  facet normal 0 0 1
    outer loop
      vertex 41.8376 -34.2008 5
      vertex 42.0535 -34.0003 5
      vertex 41.8691 -34.1672 5
    endloop
  endfacet
  facet normal -0 0 1
    outer loop
      vertex 42.1407 -33.9354 5
      vertex 41.8376 -34.2008 5
      vertex 42.1862 -33.9039 5
    endloop
  endfacet
  facet normal 0 0 1
    outer loop
      vertex 42.4719 -33.7346 5
      vertex 42.7422 -33.619 5
      vertex 42.5194 -33.7109 5
    endloop
  endfacet
  facet normal 0 0 1
    outer loop
      vertex 42.7422 -33.619 5
      vertex 42.7004 -33.6334 5
      vertex 42.657 -33.65 5
    endloop
  endfacet
  facet normal 0 0 1
    outer loop
      vertex 42.7422 -33.619 5
      vertex 42.657 -33.65 5
      vertex 42.6122 -33.6685 5
    endloop
  endfacet
  facet normal 0 0 1
    outer loop
      vertex 42.7422 -33.619 5
      vertex 42.6122 -33.6685 5
      vertex 42.5663 -33.6888 5
    endloop
  endfacet
  facet normal 0 0 1
    outer loop
      vertex 42.7422 -33.619 5
      vertex 42.5663 -33.6888 5
      vertex 42.5194 -33.7109 5
    endloop
  endfacet
  facet normal 0 0 1
    outer loop
      vertex 42.424 -33.7598 5
      vertex 42.7422 -33.619 5
      vertex 42.4719 -33.7346 5
    endloop
  endfacet
  facet normal 0 0 1
    outer loop
      vertex 42.3759 -33.7864 5
      vertex 42.7422 -33.619 5
      vertex 42.424 -33.7598 5
    endloop
  endfacet
  facet normal 0 0 1
    outer loop
      vertex 42.9123 -33.5662 5
      vertex 42.7422 -33.619 5
      vertex 42.3759 -33.7864 5
    endloop
  endfacet
  facet normal -0 0 1
    outer loop
      vertex 42.28 -33.8431 5
      vertex 41.8376 -34.2008 5
      vertex 42.3278 -33.8142 5
    endloop
  endfacet
  facet normal 0 0 1
    outer loop
      vertex 42.0963 -33.9676 5
      vertex 42.0535 -34.0003 5
      vertex 41.8376 -34.2008 5
    endloop
  endfacet
  facet normal 0 0 1
    outer loop
      vertex 41.8691 -34.1672 5
      vertex 42.0123 -34.0334 5
      vertex 41.973 -34.0668 5
    endloop
  endfacet
  facet normal -0 0 1
    outer loop
      vertex 41.9011 -34.1338 5
      vertex 41.8691 -34.1672 5
      vertex 41.9359 -34.1003 5
    endloop
  endfacet
  facet normal 0 0 1
    outer loop
      vertex 41.8691 -34.1672 5
      vertex 41.973 -34.0668 5
      vertex 41.9359 -34.1003 5
    endloop
  endfacet
  facet normal 0 0 1
    outer loop
      vertex 42.0535 -34.0003 5
      vertex 42.0123 -34.0334 5
      vertex 41.8691 -34.1672 5
    endloop
  endfacet
  facet normal 0 0 1
    outer loop
      vertex 42.1407 -33.9354 5
      vertex 42.0963 -33.9676 5
      vertex 41.8376 -34.2008 5
    endloop
  endfacet
  facet normal -0 0 1
    outer loop
      vertex 42.1862 -33.9039 5
      vertex 41.8376 -34.2008 5
      vertex 42.2328 -33.8731 5
    endloop
  endfacet
  facet normal 0 0 1
    outer loop
      vertex 41.8376 -34.2008 5
      vertex 42.28 -33.8431 5
      vertex 42.2328 -33.8731 5
    endloop
  endfacet
  facet normal 0 0 1
    outer loop
      vertex 42.3759 -33.7864 5
      vertex 42.3278 -33.8142 5
      vertex 41.8376 -34.2008 5
    endloop
  endfacet
  facet normal -0 0 1
    outer loop
      vertex 42.3759 -33.7864 5
      vertex 41.8376 -34.2008 5
      vertex 42.9123 -33.5662 5
    endloop
  endfacet
  facet normal 0 0 1
    outer loop
      vertex 42.9123 -33.5662 5
      vertex 41.8046 -34.2346 5
      vertex 41.7704 -34.2686 5
    endloop
  endfacet
  facet normal 0 0 1
    outer loop
      vertex 42.9123 -33.5662 5
      vertex 41.7704 -34.2686 5
      vertex 41.7351 -34.3026 5
    endloop
  endfacet
  facet normal 0 0 1
    outer loop
      vertex 41.6621 -34.3701 5
      vertex 41.6246 -34.4032 5
      vertex 40.8032 -35.6755 5
    endloop
  endfacet
  facet normal 0 0 1
    outer loop
      vertex 40.8218 -35.6165 5
      vertex 41.5868 -34.4358 5
      vertex 41.5489 -34.4677 5
    endloop
  endfacet
  facet normal -0 0 1
    outer loop
      vertex 40.8363 -35.5542 5
      vertex 40.8218 -35.6165 5
      vertex 41.5109 -34.4988 5
    endloop
  endfacet
  facet normal 0 0 1
    outer loop
      vertex 40.8363 -35.5542 5
      vertex 41.5109 -34.4988 5
      vertex 41.4732 -34.5288 5
    endloop
  endfacet
  facet normal -0 0 1
    outer loop
      vertex 41.2941 -34.6589 5
      vertex 40.8541 -35.418 5
      vertex 41.328 -34.636 5
    endloop
  endfacet
  facet normal -0 0 1
    outer loop
      vertex 41.2615 -34.6799 5
      vertex 40.8541 -35.418 5
      vertex 41.2941 -34.6589 5
    endloop
  endfacet
  facet normal 0 0 1
    outer loop
      vertex 41.2303 -34.6989 5
      vertex 41.2009 -34.7157 5
      vertex 40.8582 -35.3433 5
    endloop
  endfacet
  facet normal 0 0 1
    outer loop
      vertex 40.8595 -35.2637 5
      vertex 41.1433 -34.7486 5
      vertex 41.1148 -34.768 5
    endloop
  endfacet
  facet normal 0 0 1
    outer loop
      vertex 41.2009 -34.7157 5
      vertex 41.1433 -34.7486 5
      vertex 40.8595 -35.2637 5
    endloop
  endfacet
  facet normal 0 0 1
    outer loop
      vertex 40.8595 -35.2637 5
      vertex 41.0877 -34.7885 5
      vertex 41.0621 -34.8099 5
    endloop
  endfacet
  facet normal -0 0 1
    outer loop
      vertex 41.0153 -34.8558 5
      vertex 40.8595 -35.2637 5
      vertex 41.0379 -34.8324 5
    endloop
  endfacet
  facet normal -0 0 1
    outer loop
      vertex 40.9941 -34.8801 5
      vertex 40.8595 -35.2637 5
      vertex 41.0153 -34.8558 5
    endloop
  endfacet
  facet normal -0 0 1
    outer loop
      vertex 40.9744 -34.9052 5
      vertex 40.8603 -35.2306 5
      vertex 40.9941 -34.8801 5
    endloop
  endfacet
  facet normal -0 0 1
    outer loop
      vertex 40.8603 -35.2306 5
      vertex 40.8595 -35.2637 5
      vertex 40.9941 -34.8801 5
    endloop
  endfacet
  facet normal 0 0 1
    outer loop
      vertex 40.8628 -35.1979 5
      vertex 40.9744 -34.9052 5
      vertex 40.9563 -34.9312 5
    endloop
  endfacet
  facet normal 0 0 1
    outer loop
      vertex 40.8628 -35.1979 5
      vertex 40.9563 -34.9312 5
      vertex 40.8668 -35.1658 5
    endloop
  endfacet
  facet normal 0 0 1
    outer loop
      vertex 40.9563 -34.9312 5
      vertex 40.9397 -34.9581 5
      vertex 40.8668 -35.1658 5
    endloop
  endfacet
  facet normal 0 0 1
    outer loop
      vertex 40.9397 -34.9581 5
      vertex 40.8725 -35.1342 5
      vertex 40.8668 -35.1658 5
    endloop
  endfacet
  facet normal -0 0 1
    outer loop
      vertex 40.911 -35.014 5
      vertex 40.8798 -35.1032 5
      vertex 40.9246 -34.9857 5
    endloop
  endfacet
  facet normal 0 0 1
    outer loop
      vertex 40.899 -35.0431 5
      vertex 40.8886 -35.0728 5
      vertex 40.8798 -35.1032 5
    endloop
  endfacet
  facet normal -0 0 1
    outer loop
      vertex 41.1733 -34.7303 5
      vertex 41.1433 -34.7486 5
      vertex 41.2009 -34.7157 5
    endloop
  endfacet
  facet normal 0 0 1
    outer loop
      vertex 40.9397 -34.9581 5
      vertex 40.9246 -34.9857 5
      vertex 40.8725 -35.1342 5
    endloop
  endfacet
  facet normal -0 0 1
    outer loop
      vertex 40.899 -35.0431 5
      vertex 40.8798 -35.1032 5
      vertex 40.911 -35.014 5
    endloop
  endfacet
  facet normal -0 0 1
    outer loop
      vertex 40.8798 -35.1032 5
      vertex 40.8725 -35.1342 5
      vertex 40.9246 -34.9857 5
    endloop
  endfacet
  facet normal 0 0 1
    outer loop
      vertex 40.8603 -35.2306 5
      vertex 40.9744 -34.9052 5
      vertex 40.8628 -35.1979 5
    endloop
  endfacet
  facet normal 0 0 1
    outer loop
      vertex 40.8595 -35.2637 5
      vertex 41.0621 -34.8099 5
      vertex 41.0379 -34.8324 5
    endloop
  endfacet
  facet normal 0 0 1
    outer loop
      vertex 41.1148 -34.768 5
      vertex 41.0877 -34.7885 5
      vertex 40.8595 -35.2637 5
    endloop
  endfacet
  facet normal 0 0 1
    outer loop
      vertex 41.2009 -34.7157 5
      vertex 40.8595 -35.2637 5
      vertex 40.8582 -35.3433 5
    endloop
  endfacet
  facet normal -0 0 1
    outer loop
      vertex 41.2303 -34.6989 5
      vertex 40.8582 -35.3433 5
      vertex 41.2615 -34.6799 5
    endloop
  endfacet
  facet normal -0 0 1
    outer loop
      vertex 40.8582 -35.3433 5
      vertex 40.8541 -35.418 5
      vertex 41.2615 -34.6799 5
    endloop
  endfacet
  facet normal -0 0 1
    outer loop
      vertex 41.328 -34.636 5
      vertex 40.8469 -35.4882 5
      vertex 41.3631 -34.6115 5
    endloop
  endfacet
  facet normal 0 0 1
    outer loop
      vertex 40.8469 -35.4882 5
      vertex 41.3991 -34.5853 5
      vertex 41.3631 -34.6115 5
    endloop
  endfacet
  facet normal 0 0 1
    outer loop
      vertex 40.8363 -35.5542 5
      vertex 41.4359 -34.5577 5
      vertex 41.3991 -34.5853 5
    endloop
  endfacet
  facet normal 0 0 1
    outer loop
      vertex 41.4732 -34.5288 5
      vertex 41.4359 -34.5577 5
      vertex 40.8363 -35.5542 5
    endloop
  endfacet
  facet normal 0 0 1
    outer loop
      vertex 41.6246 -34.4032 5
      vertex 41.5868 -34.4358 5
      vertex 40.8218 -35.6165 5
    endloop
  endfacet
  facet normal 0 0 1
    outer loop
      vertex 41.6246 -34.4032 5
      vertex 40.8218 -35.6165 5
      vertex 40.8032 -35.6755 5
    endloop
  endfacet
  facet normal -0 0 1
    outer loop
      vertex 41.6621 -34.3701 5
      vertex 40.8032 -35.6755 5
      vertex 41.699 -34.3365 5
    endloop
  endfacet
  facet normal 0 0 1
    outer loop
      vertex 40.8032 -35.6755 5
      vertex 41.7351 -34.3026 5
      vertex 41.699 -34.3365 5
    endloop
  endfacet
  facet normal 0 0 1
    outer loop
      vertex 43.0787 -33.51 5
      vertex 41.7351 -34.3026 5
      vertex 40.8032 -35.6755 5
    endloop
  endfacet
  facet normal 0 0 1
    outer loop
      vertex 43.0787 -33.51 5
      vertex 40.8032 -35.6755 5
      vertex 40.78 -35.7315 5
    endloop
  endfacet
  facet normal -0 0 1
    outer loop
      vertex 43.0787 -33.51 5
      vertex 40.78 -35.7315 5
      vertex 43.2417 -33.4504 5
    endloop
  endfacet
  facet normal -0 0 1
    outer loop
      vertex 43.2417 -33.4504 5
      vertex 40.7521 -35.785 5
      vertex 43.4013 -33.3873 5
    endloop
  endfacet
  facet normal 0 0 1
    outer loop
      vertex 40.7521 -35.785 5
      vertex 40.719 -35.8363 5
      vertex 44.2791 -44.4424 5
    endloop
  endfacet
  facet normal -0 -0 1
    outer loop
      vertex 43.1011 -44.4397 5
      vertex 44.2791 -44.4424 5
      vertex 40.636 -35.9343 5
    endloop
  endfacet
  facet normal 0 0 1
    outer loop
      vertex 43.1011 -44.4397 5
      vertex 40.636 -35.9343 5
      vertex 40.5855 -35.9816 5
    endloop
  endfacet
  facet normal -0 0 1
    outer loop
      vertex 40.4644 -36.0751 5
      vertex 43.1011 -44.4397 5
      vertex 40.5284 -36.0285 5
    endloop
  endfacet
  facet normal 0 0 1
    outer loop
      vertex 43.1011 -44.4397 5
      vertex 40.5855 -35.9816 5
      vertex 40.5284 -36.0285 5
    endloop
  endfacet
  facet normal 0 0 1
    outer loop
      vertex 43.1011 -44.4397 5
      vertex 40.4644 -36.0751 5
      vertex 40.3933 -36.1221 5
    endloop
  endfacet
  facet normal 0 0 1
    outer loop
      vertex 44.2791 -44.4424 5
      vertex 40.719 -35.8363 5
      vertex 40.6805 -35.886 5
    endloop
  endfacet
  facet normal 0 0 1
    outer loop
      vertex 40.3933 -36.1221 5
      vertex 40.3147 -36.1697 5
      vertex 41.9817 -44.4367 5
    endloop
  endfacet
  facet normal 0 0 1
    outer loop
      vertex 39.0208 -44.4256 5
      vertex 36.9496 -42.0529 5
      vertex 36.9424 -42.104 5
    endloop
  endfacet
  facet normal 0 0 1
    outer loop
      vertex 37.5654 -39.1481 5
      vertex 37.5271 -39.2234 5
      vertex 39.9369 -44.4296 5
    endloop
  endfacet
  facet normal 0 0 1
    outer loop
      vertex 36.9408 -40.5518 5
      vertex 36.884 -40.9211 5
      vertex 36.8829 -40.9973 5
    endloop
  endfacet
  facet normal 0 0 1
    outer loop
      vertex 39.9369 -44.4296 5
      vertex 36.9545 -41.8726 5
      vertex 39.0208 -44.4256 5
    endloop
  endfacet
  facet normal 0 0 1
    outer loop
      vertex 40.9254 -44.4333 5
      vertex 38.1506 -38.1795 5
      vertex 38.1303 -38.2129 5
    endloop
  endfacet
  facet normal 0 0 1
    outer loop
      vertex 38.2538 -38.0048 5
      vertex 38.2332 -38.0403 5
      vertex 41.9817 -44.4367 5
    endloop
  endfacet
  facet normal 0 0 1
    outer loop
      vertex 38.5317 -37.5664 5
      vertex 39.9182 -36.3749 5
      vertex 38.604 -37.4667 5
    endloop
  endfacet
  facet normal 0 0 1
    outer loop
      vertex 38.753 -37.2786 5
      vertex 39.8133 -36.4273 5
      vertex 39.7113 -36.4822 5
    endloop
  endfacet
  facet normal -0 0 1
    outer loop
      vertex 38.9084 -37.1048 5
      vertex 38.8298 -37.19 5
      vertex 39.6122 -36.5397 5
    endloop
  endfacet
  facet normal 0 0 1
    outer loop
      vertex 39.4221 -36.6629 5
      vertex 39.0711 -36.9448 5
      vertex 38.9888 -37.0231 5
    endloop
  endfacet
  facet normal 0 0 1
    outer loop
      vertex 39.0711 -36.9448 5
      vertex 39.2421 -36.7977 5
      vertex 39.1555 -36.8697 5
    endloop
  endfacet
  facet normal 0 0 1
    outer loop
      vertex 39.3309 -36.7288 5
      vertex 39.2421 -36.7977 5
      vertex 39.0711 -36.9448 5
    endloop
  endfacet
  facet normal -0 0 1
    outer loop
      vertex 39.3309 -36.7288 5
      vertex 39.0711 -36.9448 5
      vertex 39.4221 -36.6629 5
    endloop
  endfacet
  facet normal -0 0 1
    outer loop
      vertex 39.4221 -36.6629 5
      vertex 38.9888 -37.0231 5
      vertex 39.5159 -36.5999 5
    endloop
  endfacet
  facet normal -0 0 1
    outer loop
      vertex 38.9888 -37.0231 5
      vertex 38.9084 -37.1048 5
      vertex 39.5159 -36.5999 5
    endloop
  endfacet
  facet normal 0 0 1
    outer loop
      vertex 38.9084 -37.1048 5
      vertex 39.6122 -36.5397 5
      vertex 39.5159 -36.5999 5
    endloop
  endfacet
  facet normal 0 0 1
    outer loop
      vertex 38.8298 -37.19 5
      vertex 39.7113 -36.4822 5
      vertex 39.6122 -36.5397 5
    endloop
  endfacet
  facet normal 0 0 1
    outer loop
      vertex 38.753 -37.2786 5
      vertex 39.7113 -36.4822 5
      vertex 38.8298 -37.19 5
    endloop
  endfacet
  facet normal 0 0 1
    outer loop
      vertex 38.6778 -37.3708 5
      vertex 39.8133 -36.4273 5
      vertex 38.753 -37.2786 5
    endloop
  endfacet
  facet normal 0 0 1
    outer loop
      vertex 39.9182 -36.3749 5
      vertex 39.8133 -36.4273 5
      vertex 38.6778 -37.3708 5
    endloop
  endfacet
  facet normal 0 0 1
    outer loop
      vertex 39.9182 -36.3749 5
      vertex 38.6778 -37.3708 5
      vertex 38.604 -37.4667 5
    endloop
  endfacet
  facet normal 0 0 1
    outer loop
      vertex 38.4606 -37.67 5
      vertex 39.9182 -36.3749 5
      vertex 38.5317 -37.5664 5
    endloop
  endfacet
  facet normal 0 0 1
    outer loop
      vertex 38.3906 -37.7775 5
      vertex 39.9182 -36.3749 5
      vertex 38.4606 -37.67 5
    endloop
  endfacet
  facet normal 0 0 1
    outer loop
      vertex 40.0303 -36.3206 5
      vertex 39.9182 -36.3749 5
      vertex 38.3906 -37.7775 5
    endloop
  endfacet
  facet normal 0 0 1
    outer loop
      vertex 40.0303 -36.3206 5
      vertex 38.3906 -37.7775 5
      vertex 38.3217 -37.8891 5
    endloop
  endfacet
  facet normal 0 0 1
    outer loop
      vertex 41.9817 -44.4367 5
      vertex 38.2126 -38.0757 5
      vertex 40.9254 -44.4333 5
    endloop
  endfacet
  facet normal 0 0 1
    outer loop
      vertex 38.2126 -38.0757 5
      vertex 38.1918 -38.1108 5
      vertex 40.9254 -44.4333 5
    endloop
  endfacet
  facet normal 0 0 1
    outer loop
      vertex 38.2332 -38.0403 5
      vertex 38.2126 -38.0757 5
      vertex 41.9817 -44.4367 5
    endloop
  endfacet
  facet normal 0 0 1
    outer loop
      vertex 38.1712 -38.1455 5
      vertex 38.1506 -38.1795 5
      vertex 40.9254 -44.4333 5
    endloop
  endfacet
  facet normal 0 0 1
    outer loop
      vertex 40.9254 -44.4333 5
      vertex 38.1303 -38.2129 5
      vertex 38.1102 -38.2454 5
    endloop
  endfacet
  facet normal 0 0 1
    outer loop
      vertex 38.1918 -38.1108 5
      vertex 38.1712 -38.1455 5
      vertex 40.9254 -44.4333 5
    endloop
  endfacet
  facet normal 0 0 1
    outer loop
      vertex 40.9254 -44.4333 5
      vertex 38.0905 -38.2769 5
      vertex 38.0713 -38.3072 5
    endloop
  endfacet
  facet normal 0 0 1
    outer loop
      vertex 40.9254 -44.4333 5
      vertex 38.0713 -38.3072 5
      vertex 38.0526 -38.3363 5
    endloop
  endfacet
  facet normal 0 0 1
    outer loop
      vertex 40.9254 -44.4333 5
      vertex 38.0526 -38.3363 5
      vertex 38.0345 -38.3639 5
    endloop
  endfacet
  facet normal 0 0 1
    outer loop
      vertex 40.9254 -44.4333 5
      vertex 38.0345 -38.3639 5
      vertex 38.0171 -38.3899 5
    endloop
  endfacet
  facet normal 0 0 1
    outer loop
      vertex 38.1102 -38.2454 5
      vertex 38.0905 -38.2769 5
      vertex 40.9254 -44.4333 5
    endloop
  endfacet
  facet normal 0 0 1
    outer loop
      vertex 40.9254 -44.4333 5
      vertex 37.6733 -38.9409 5
      vertex 37.6387 -39.0066 5
    endloop
  endfacet
  facet normal 0 0 1
    outer loop
      vertex 37.4077 -39.4643 5
      vertex 37.367 -39.5486 5
      vertex 39.9369 -44.4296 5
    endloop
  endfacet
  facet normal 0 0 1
    outer loop
      vertex 39.9369 -44.4296 5
      vertex 36.9512 -41.8013 5
      vertex 36.9545 -41.8726 5
    endloop
  endfacet
  facet normal 0 0 1
    outer loop
      vertex 36.9456 -41.7232 5
      vertex 36.9512 -41.8013 5
      vertex 39.9369 -44.4296 5
    endloop
  endfacet
  facet normal -0 -0 1
    outer loop
      vertex 39.9369 -44.4296 5
      vertex 40.9254 -44.4333 5
      vertex 37.5654 -39.1481 5
    endloop
  endfacet
  facet normal 0 0 1
    outer loop
      vertex 37.7064 -38.8789 5
      vertex 37.9698 -38.4569 5
      vertex 37.7377 -38.821 5
    endloop
  endfacet
  facet normal 0 0 1
    outer loop
      vertex 37.7671 -38.7673 5
      vertex 37.956 -38.4751 5
      vertex 37.7945 -38.7181 5
    endloop
  endfacet
  facet normal 0 0 1
    outer loop
      vertex 37.9698 -38.4569 5
      vertex 37.956 -38.4751 5
      vertex 37.7671 -38.7673 5
    endloop
  endfacet
  facet normal -0 0 1
    outer loop
      vertex 37.9433 -38.491 5
      vertex 37.8195 -38.6738 5
      vertex 37.956 -38.4751 5
    endloop
  endfacet
  facet normal 0 0 1
    outer loop
      vertex 37.9318 -38.5044 5
      vertex 37.8622 -38.6005 5
      vertex 37.8422 -38.6345 5
    endloop
  endfacet
  facet normal -0 0 1
    outer loop
      vertex 37.9318 -38.5044 5
      vertex 37.8422 -38.6345 5
      vertex 37.9433 -38.491 5
    endloop
  endfacet
  facet normal 0 0 1
    outer loop
      vertex 37.8794 -38.5721 5
      vertex 37.9318 -38.5044 5
      vertex 37.9216 -38.5153 5
    endloop
  endfacet
  facet normal 0 0 1
    outer loop
      vertex 37.8622 -38.6005 5
      vertex 37.9318 -38.5044 5
      vertex 37.8794 -38.5721 5
    endloop
  endfacet
  facet normal 0 0 1
    outer loop
      vertex 37.9216 -38.5153 5
      vertex 37.9049 -38.5333 5
      vertex 37.8937 -38.5497 5
    endloop
  endfacet
  facet normal -0 0 1
    outer loop
      vertex 37.9127 -38.5233 5
      vertex 37.9049 -38.5333 5
      vertex 37.9216 -38.5153 5
    endloop
  endfacet
  facet normal 0 0 1
    outer loop
      vertex 37.9216 -38.5153 5
      vertex 37.8937 -38.5497 5
      vertex 37.8794 -38.5721 5
    endloop
  endfacet
  facet normal -0 0 1
    outer loop
      vertex 37.8422 -38.6345 5
      vertex 37.8195 -38.6738 5
      vertex 37.9433 -38.491 5
    endloop
  endfacet
  facet normal -0 0 1
    outer loop
      vertex 37.8195 -38.6738 5
      vertex 37.7945 -38.7181 5
      vertex 37.956 -38.4751 5
    endloop
  endfacet
  facet normal 0 0 1
    outer loop
      vertex 37.9698 -38.4569 5
      vertex 37.7671 -38.7673 5
      vertex 37.7377 -38.821 5
    endloop
  endfacet
  facet normal 0 0 1
    outer loop
      vertex 37.9847 -38.4365 5
      vertex 37.9698 -38.4569 5
      vertex 37.7064 -38.8789 5
    endloop
  endfacet
  facet normal 0 0 1
    outer loop
      vertex 37.6387 -39.0066 5
      vertex 37.6026 -39.0758 5
      vertex 40.9254 -44.4333 5
    endloop
  endfacet
  facet normal 0 0 1
    outer loop
      vertex 40.9254 -44.4333 5
      vertex 37.6026 -39.0758 5
      vertex 37.5654 -39.1481 5
    endloop
  endfacet
  facet normal 0 0 1
    outer loop
      vertex 39.9369 -44.4296 5
      vertex 37.5271 -39.2234 5
      vertex 37.4879 -39.3014 5
    endloop
  endfacet
  facet normal 0 0 1
    outer loop
      vertex 37.2616 -39.7691 5
      vertex 36.9379 -41.6378 5
      vertex 39.9369 -44.4296 5
    endloop
  endfacet
  facet normal 0 0 1
    outer loop
      vertex 37.203 -39.8932 5
      vertex 36.9282 -41.5443 5
      vertex 36.9379 -41.6378 5
    endloop
  endfacet
  facet normal -0 0 1
    outer loop
      vertex 37.203 -39.8932 5
      vertex 36.9379 -41.6378 5
      vertex 37.2616 -39.7691 5
    endloop
  endfacet
  facet normal 0 0 1
    outer loop
      vertex 36.9379 -41.6378 5
      vertex 36.9456 -41.7232 5
      vertex 39.9369 -44.4296 5
    endloop
  endfacet
  facet normal 0 -0 1
    outer loop
      vertex 36.9282 -41.5443 5
      vertex 37.1502 -40.0079 5
      vertex 36.9168 -41.4422 5
    endloop
  endfacet
  facet normal 0 -0 1
    outer loop
      vertex 36.9168 -41.4422 5
      vertex 37.1028 -40.1142 5
      vertex 36.9055 -41.3415 5
    endloop
  endfacet
  facet normal 0 -0 1
    outer loop
      vertex 36.9055 -41.3415 5
      vertex 37.0607 -40.2129 5
      vertex 36.8962 -41.2476 5
    endloop
  endfacet
  facet normal 0 0 1
    outer loop
      vertex 37.0607 -40.2129 5
      vertex 37.0237 -40.3051 5
      vertex 36.8962 -41.2476 5
    endloop
  endfacet
  facet normal 0 0 1
    outer loop
      vertex 36.8847 -41.0764 5
      vertex 36.9915 -40.3916 5
      vertex 36.964 -40.4736 5
    endloop
  endfacet
  facet normal -0 0 1
    outer loop
      vertex 36.9219 -40.6273 5
      vertex 36.884 -40.9211 5
      vertex 36.9408 -40.5518 5
    endloop
  endfacet
  facet normal 0 0 1
    outer loop
      vertex 36.907 -40.701 5
      vertex 36.8959 -40.7739 5
      vertex 36.8883 -40.847 5
    endloop
  endfacet
  facet normal -0 0 1
    outer loop
      vertex 36.907 -40.701 5
      vertex 36.8883 -40.847 5
      vertex 36.9219 -40.6273 5
    endloop
  endfacet
  facet normal -0 0 1
    outer loop
      vertex 36.8883 -40.847 5
      vertex 36.884 -40.9211 5
      vertex 36.9219 -40.6273 5
    endloop
  endfacet
  facet normal -0 0 1
    outer loop
      vertex 36.9408 -40.5518 5
      vertex 36.8829 -40.9973 5
      vertex 36.964 -40.4736 5
    endloop
  endfacet
  facet normal -0 0 1
    outer loop
      vertex 36.8829 -40.9973 5
      vertex 36.8847 -41.0764 5
      vertex 36.964 -40.4736 5
    endloop
  endfacet
  facet normal -0 0 1
    outer loop
      vertex 36.8847 -41.0764 5
      vertex 36.8892 -41.1596 5
      vertex 36.9915 -40.3916 5
    endloop
  endfacet
  facet normal 0 0 1
    outer loop
      vertex 36.8892 -41.1596 5
      vertex 37.0237 -40.3051 5
      vertex 36.9915 -40.3916 5
    endloop
  endfacet
  facet normal 0 -0 1
    outer loop
      vertex 36.8962 -41.2476 5
      vertex 37.0237 -40.3051 5
      vertex 36.8892 -41.1596 5
    endloop
  endfacet
  facet normal 0 0 1
    outer loop
      vertex 36.9055 -41.3415 5
      vertex 37.1028 -40.1142 5
      vertex 37.0607 -40.2129 5
    endloop
  endfacet
  facet normal 0 0 1
    outer loop
      vertex 36.9168 -41.4422 5
      vertex 37.1502 -40.0079 5
      vertex 37.1028 -40.1142 5
    endloop
  endfacet
  facet normal 0 0 1
    outer loop
      vertex 36.9282 -41.5443 5
      vertex 37.203 -39.8932 5
      vertex 37.1502 -40.0079 5
    endloop
  endfacet
  facet normal 0 0 1
    outer loop
      vertex 37.3261 -39.6346 5
      vertex 37.2616 -39.7691 5
      vertex 39.9369 -44.4296 5
    endloop
  endfacet
  facet normal -0 0 1
    outer loop
      vertex 37.3261 -39.6346 5
      vertex 39.9369 -44.4296 5
      vertex 37.367 -39.5486 5
    endloop
  endfacet
  facet normal 0 0 1
    outer loop
      vertex 39.0208 -44.4256 5
      vertex 36.9545 -41.8726 5
      vertex 36.9555 -41.9379 5
    endloop
  endfacet
  facet normal 0 0 1
    outer loop
      vertex 39.9369 -44.4296 5
      vertex 37.4481 -39.3818 5
      vertex 37.4077 -39.4643 5
    endloop
  endfacet
  facet normal 0 0 1
    outer loop
      vertex 37.4879 -39.3014 5
      vertex 37.4481 -39.3818 5
      vertex 39.9369 -44.4296 5
    endloop
  endfacet
  facet normal -0 0 1
    outer loop
      vertex 36.9539 -41.9978 5
      vertex 39.0208 -44.4256 5
      vertex 36.9555 -41.9379 5
    endloop
  endfacet
  facet normal 0 0 1
    outer loop
      vertex 37.7064 -38.8789 5
      vertex 37.6733 -38.9409 5
      vertex 40.9254 -44.4333 5
    endloop
  endfacet
  facet normal 0 0 1
    outer loop
      vertex 39.0208 -44.4256 5
      vertex 36.9539 -41.9978 5
      vertex 36.9496 -42.0529 5
    endloop
  endfacet
  facet normal -0 0 1
    outer loop
      vertex 37.7064 -38.8789 5
      vertex 40.9254 -44.4333 5
      vertex 37.9847 -38.4365 5
    endloop
  endfacet
  facet normal -0 0 1
    outer loop
      vertex 37.9847 -38.4365 5
      vertex 40.9254 -44.4333 5
      vertex 38.0004 -38.4141 5
    endloop
  endfacet
  facet normal 0 0 1
    outer loop
      vertex 40.9254 -44.4333 5
      vertex 38.0171 -38.3899 5
      vertex 38.0004 -38.4141 5
    endloop
  endfacet
  facet normal -0 0 1
    outer loop
      vertex 36.9322 -42.1516 5
      vertex 39.0208 -44.4256 5
      vertex 36.9424 -42.104 5
    endloop
  endfacet
  facet normal 0 0 1
    outer loop
      vertex 41.9817 -44.4367 5
      vertex 38.3217 -37.8891 5
      vertex 38.2538 -38.0048 5
    endloop
  endfacet
  facet normal 0 0 1
    outer loop
      vertex 39.0208 -44.4256 5
      vertex 36.9322 -42.1516 5
      vertex 38.1815 -44.4212 5
    endloop
  endfacet
  facet normal 0 0 1
    outer loop
      vertex 40.0303 -36.3206 5
      vertex 38.3217 -37.8891 5
      vertex 41.9817 -44.4367 5
    endloop
  endfacet
  facet normal -0 0 1
    outer loop
      vertex 36.9188 -42.1964 5
      vertex 38.1815 -44.4212 5
      vertex 36.9322 -42.1516 5
    endloop
  endfacet
  facet normal -0 0 1
    outer loop
      vertex 36.9021 -42.2391 5
      vertex 38.1815 -44.4212 5
      vertex 36.9188 -42.1964 5
    endloop
  endfacet
  facet normal -0 0 1
    outer loop
      vertex 40.0303 -36.3206 5
      vertex 41.9817 -44.4367 5
      vertex 40.1335 -36.2686 5
    endloop
  endfacet
  facet normal 0 0 1
    outer loop
      vertex 38.1815 -44.4212 5
      vertex 36.9021 -42.2391 5
      vertex 36.8819 -42.2804 5
    endloop
  endfacet
  facet normal 0 0 1
    outer loop
      vertex 41.9817 -44.4367 5
      vertex 40.2282 -36.2184 5
      vertex 40.1335 -36.2686 5
    endloop
  endfacet
  facet normal 0 0 1
    outer loop
      vertex 40.3147 -36.1697 5
      vertex 40.2282 -36.2184 5
      vertex 41.9817 -44.4367 5
    endloop
  endfacet
  facet normal -0 0 1
    outer loop
      vertex 36.8581 -42.3208 5
      vertex 38.1815 -44.4212 5
      vertex 36.8819 -42.2804 5
    endloop
  endfacet
  facet normal -0 0 1
    outer loop
      vertex 36.8305 -42.3611 5
      vertex 38.1815 -44.4212 5
      vertex 36.8581 -42.3208 5
    endloop
  endfacet
  facet normal -0 -0 1
    outer loop
      vertex 37.4238 -44.4165 5
      vertex 38.1815 -44.4212 5
      vertex 36.8305 -42.3611 5
    endloop
  endfacet
  facet normal 0 0 1
    outer loop
      vertex 37.4238 -44.4165 5
      vertex 36.8305 -42.3611 5
      vertex 36.7989 -42.4019 5
    endloop
  endfacet
  facet normal -0 0 1
    outer loop
      vertex 36.7234 -42.4875 5
      vertex 37.4238 -44.4165 5
      vertex 36.7633 -42.4438 5
    endloop
  endfacet
  facet normal -0 0 1
    outer loop
      vertex 36.6791 -42.5338 5
      vertex 37.4238 -44.4165 5
      vertex 36.7234 -42.4875 5
    endloop
  endfacet
  facet normal 0 0 1
    outer loop
      vertex 36.6303 -42.5831 5
      vertex 36.5975 -42.616 5
      vertex 37.4238 -44.4165 5
    endloop
  endfacet
  facet normal 0 0 1
    outer loop
      vertex 36.5975 -42.616 5
      vertex 36.5646 -42.6479 5
      vertex 37.4238 -44.4165 5
    endloop
  endfacet
  facet normal 0 0 1
    outer loop
      vertex 36.5646 -42.6479 5
      vertex 36.5317 -42.6788 5
      vertex 37.4238 -44.4165 5
    endloop
  endfacet
  facet normal 0 0 1
    outer loop
      vertex 37.4238 -44.4165 5
      vertex 36.4989 -42.7085 5
      vertex 36.7522 -44.4115 5
    endloop
  endfacet
  facet normal 0 0 1
    outer loop
      vertex 36.4989 -42.7085 5
      vertex 36.4664 -42.7371 5
      vertex 36.7522 -44.4115 5
    endloop
  endfacet
  facet normal 0 0 1
    outer loop
      vertex 36.4664 -42.7371 5
      vertex 36.4342 -42.7643 5
      vertex 36.7522 -44.4115 5
    endloop
  endfacet
  facet normal 0 0 1
    outer loop
      vertex 36.4342 -42.7643 5
      vertex 36.4025 -42.7902 5
      vertex 36.7522 -44.4115 5
    endloop
  endfacet
  facet normal 0 0 1
    outer loop
      vertex 36.7522 -44.4115 5
      vertex 36.3714 -42.8147 5
      vertex 36.341 -42.8377 5
    endloop
  endfacet
  facet normal -0 0 1
    outer loop
      vertex 36.2827 -42.8788 5
      vertex 36.7522 -44.4115 5
      vertex 36.3114 -42.8591 5
    endloop
  endfacet
  facet normal -0 0 1
    outer loop
      vertex 36.1795 -42.9394 5
      vertex 36.7522 -44.4115 5
      vertex 36.2033 -42.9271 5
    endloop
  endfacet
  facet normal -0 0 1
    outer loop
      vertex 35.0376 -43.9935 5
      vertex 35.3002 -44.3949 5
      vertex 35.1146 -43.9005 5
    endloop
  endfacet
  facet normal 0 0 1
    outer loop
      vertex 34.8579 -44.2326 5
      vertex 34.8469 -44.3825 5
      vertex 35.019 -44.3888 5
    endloop
  endfacet
  facet normal 0 0 1
    outer loop
      vertex 34.8204 -44.2933 5
      vertex 34.7968 -44.3416 5
      vertex 34.8469 -44.3825 5
    endloop
  endfacet
  facet normal 0 0 1
    outer loop
      vertex 35.0376 -43.9935 5
      vertex 34.9681 -44.081 5
      vertex 35.3002 -44.3949 5
    endloop
  endfacet
  facet normal -0 0 1
    outer loop
      vertex 35.1146 -43.9005 5
      vertex 35.3002 -44.3949 5
      vertex 35.1976 -43.8036 5
    endloop
  endfacet
  facet normal -0 0 1
    outer loop
      vertex 35.887 -43.0977 5
      vertex 36.1714 -44.4062 5
      vertex 36.1363 -42.9577 5
    endloop
  endfacet
  facet normal 0 0 1
    outer loop
      vertex 35.6858 -44.4007 5
      vertex 35.5577 -43.4126 5
      vertex 35.4666 -43.5075 5
    endloop
  endfacet
  facet normal 0 0 1
    outer loop
      vertex 36.1714 -44.4062 5
      vertex 35.5577 -43.4126 5
      vertex 35.6858 -44.4007 5
    endloop
  endfacet
  facet normal 0 0 1
    outer loop
      vertex 35.7325 -43.2388 5
      vertex 35.6468 -43.3224 5
      vertex 36.1714 -44.4062 5
    endloop
  endfacet
  facet normal -0 0 1
    outer loop
      vertex 35.813 -43.1633 5
      vertex 36.1714 -44.4062 5
      vertex 35.887 -43.0977 5
    endloop
  endfacet
  facet normal 0 0 1
    outer loop
      vertex 36.1363 -42.9577 5
      vertex 36.1172 -42.9636 5
      vertex 35.887 -43.0977 5
    endloop
  endfacet
  facet normal 0 0 1
    outer loop
      vertex 36.1172 -42.9636 5
      vertex 36.0999 -42.9671 5
      vertex 35.9526 -43.0436 5
    endloop
  endfacet
  facet normal 0 0 1
    outer loop
      vertex 36.0999 -42.9671 5
      vertex 36.0531 -42.9773 5
      vertex 36.0085 -43.0029 5
    endloop
  endfacet
  facet normal -0 0 1
    outer loop
      vertex 36.0846 -42.9683 5
      vertex 36.0531 -42.9773 5
      vertex 36.0999 -42.9671 5
    endloop
  endfacet
  facet normal 0 0 1
    outer loop
      vertex 36.0999 -42.9671 5
      vertex 36.0085 -43.0029 5
      vertex 35.9526 -43.0436 5
    endloop
  endfacet
  facet normal 0 0 1
    outer loop
      vertex 36.1172 -42.9636 5
      vertex 35.9526 -43.0436 5
      vertex 35.887 -43.0977 5
    endloop
  endfacet
  facet normal -0 0 1
    outer loop
      vertex 35.7325 -43.2388 5
      vertex 36.1714 -44.4062 5
      vertex 35.813 -43.1633 5
    endloop
  endfacet
  facet normal 0 0 1
    outer loop
      vertex 35.6468 -43.3224 5
      vertex 35.5577 -43.4126 5
      vertex 36.1714 -44.4062 5
    endloop
  endfacet
  facet normal 0 0 1
    outer loop
      vertex 35.6858 -44.4007 5
      vertex 35.4666 -43.5075 5
      vertex 35.3752 -43.6055 5
    endloop
  endfacet
  facet normal 0 0 1
    outer loop
      vertex 35.6858 -44.4007 5
      vertex 35.3752 -43.6055 5
      vertex 35.285 -43.7047 5
    endloop
  endfacet
  facet normal -0 -0 1
    outer loop
      vertex 35.3002 -44.3949 5
      vertex 35.6858 -44.4007 5
      vertex 35.1976 -43.8036 5
    endloop
  endfacet
  facet normal -0 0 1
    outer loop
      vertex 35.1976 -43.8036 5
      vertex 35.6858 -44.4007 5
      vertex 35.285 -43.7047 5
    endloop
  endfacet
  facet normal 0 0 1
    outer loop
      vertex 35.019 -44.3888 5
      vertex 34.9076 -44.1613 5
      vertex 34.8579 -44.2326 5
    endloop
  endfacet
  facet normal 0 0 1
    outer loop
      vertex 34.7968 -44.3416 5
      vertex 34.7886 -44.3759 5
      vertex 34.8469 -44.3825 5
    endloop
  endfacet
  facet normal -0 0 1
    outer loop
      vertex 34.8204 -44.2933 5
      vertex 34.8469 -44.3825 5
      vertex 34.8579 -44.2326 5
    endloop
  endfacet
  facet normal -0 0 1
    outer loop
      vertex 34.9076 -44.1613 5
      vertex 35.019 -44.3888 5
      vertex 34.9681 -44.081 5
    endloop
  endfacet
  facet normal -0 -0 1
    outer loop
      vertex 35.019 -44.3888 5
      vertex 35.3002 -44.3949 5
      vertex 34.9681 -44.081 5
    endloop
  endfacet
  facet normal 0 0 1
    outer loop
      vertex 36.1571 -42.9496 5
      vertex 36.1363 -42.9577 5
      vertex 36.1714 -44.4062 5
    endloop
  endfacet
  facet normal -0 0 1
    outer loop
      vertex 36.1571 -42.9496 5
      vertex 36.1714 -44.4062 5
      vertex 36.1795 -42.9394 5
    endloop
  endfacet
  facet normal -0 0 1
    outer loop
      vertex 36.1714 -44.4062 5
      vertex 36.7522 -44.4115 5
      vertex 36.1795 -42.9394 5
    endloop
  endfacet
  facet normal 0 0 1
    outer loop
      vertex 36.7522 -44.4115 5
      vertex 36.2286 -42.9129 5
      vertex 36.2033 -42.9271 5
    endloop
  endfacet
  facet normal 0 0 1
    outer loop
      vertex 36.2551 -42.8967 5
      vertex 36.2286 -42.9129 5
      vertex 36.7522 -44.4115 5
    endloop
  endfacet
  facet normal -0 0 1
    outer loop
      vertex 36.2551 -42.8967 5
      vertex 36.7522 -44.4115 5
      vertex 36.2827 -42.8788 5
    endloop
  endfacet
  facet normal 0 0 1
    outer loop
      vertex 36.7522 -44.4115 5
      vertex 36.341 -42.8377 5
      vertex 36.3114 -42.8591 5
    endloop
  endfacet
  facet normal 0 0 1
    outer loop
      vertex 36.4025 -42.7902 5
      vertex 36.3714 -42.8147 5
      vertex 36.7522 -44.4115 5
    endloop
  endfacet
  facet normal 0 0 1
    outer loop
      vertex 36.5317 -42.6788 5
      vertex 36.4989 -42.7085 5
      vertex 37.4238 -44.4165 5
    endloop
  endfacet
  facet normal -0 0 1
    outer loop
      vertex 36.6303 -42.5831 5
      vertex 37.4238 -44.4165 5
      vertex 36.6791 -42.5338 5
    endloop
  endfacet
  facet normal 0 0 1
    outer loop
      vertex 37.4238 -44.4165 5
      vertex 36.7989 -42.4019 5
      vertex 36.7633 -42.4438 5
    endloop
  endfacet
  facet normal 0 0 1
    outer loop
      vertex 40.3933 -36.1221 5
      vertex 41.9817 -44.4367 5
      vertex 43.1011 -44.4397 5
    endloop
  endfacet
  facet normal 0 0 1
    outer loop
      vertex 45.511 -44.4447 5
      vertex 43.5575 -33.3206 5
      vertex 43.4013 -33.3873 5
    endloop
  endfacet
  facet normal 0 0 1
    outer loop
      vertex 43.8605 -33.1763 5
      vertex 43.7106 -33.2503 5
      vertex 45.511 -44.4447 5
    endloop
  endfacet
  facet normal 0 0 1
    outer loop
      vertex 44.1513 -33.0172 5
      vertex 44.0073 -33.0987 5
      vertex 46.7923 -44.4466 5
    endloop
  endfacet
  facet normal 0 0 1
    outer loop
      vertex 44.4306 -32.8427 5
      vertex 46.7923 -44.4466 5
      vertex 48.1184 -44.4481 5
    endloop
  endfacet
  facet normal 0 0 1
    outer loop
      vertex 49.2292 -31.7991 5
      vertex 48.1184 -44.4481 5
      vertex 49.2531 -31.8021 5
    endloop
  endfacet
  facet normal 0 0 1
    outer loop
      vertex 49.322 -31.7946 5
      vertex 49.2992 -31.7999 5
      vertex 50.8864 -44.4498 5
    endloop
  endfacet
  facet normal 0 0 1
    outer loop
      vertex 51.974 -30.959 5
      vertex 51.9161 -30.9633 5
      vertex 52.3193 -44.45 5
    endloop
  endfacet
  facet normal -0 0 1
    outer loop
      vertex 52.0899 -30.9455 5
      vertex 52.3193 -44.45 5
      vertex 52.1476 -30.9364 5
    endloop
  endfacet
  facet normal 0 0 1
    outer loop
      vertex 52.3193 -44.45 5
      vertex 56.5177 -30.124 5
      vertex 56.11 -30.1133 5
    endloop
  endfacet
  facet normal 0 0 1
    outer loop
      vertex 61.4978 -30.9977 5
      vertex 61.4279 -30.9688 5
      vertex 52.3193 -44.45 5
    endloop
  endfacet
  facet normal 0 0 1
    outer loop
      vertex 61.6998 -31.0785 5
      vertex 52.3193 -44.45 5
      vertex 61.7636 -31.1032 5
    endloop
  endfacet
  facet normal 0 0 1
    outer loop
      vertex 52.3193 -44.45 5
      vertex 62.0906 -31.2192 5
      vertex 62.0442 -31.2042 5
    endloop
  endfacet
  facet normal 0 0 1
    outer loop
      vertex 63.39 -31.7476 5
      vertex 63.3167 -31.7124 5
      vertex 52.3193 -44.45 5
    endloop
  endfacet
  facet normal 0 0 1
    outer loop
      vertex 63.676 -31.8628 5
      vertex 52.3193 -44.45 5
      vertex 69.8091 -39.2938 5
    endloop
  endfacet
  facet normal 0 0 1
    outer loop
      vertex 52.3193 -44.45 5
      vertex 69.8636 -44.45 5
      vertex 69.8091 -39.2938 5
    endloop
  endfacet
  facet normal 0.785404 0.618984 0
    outer loop
      vertex -0.783804 -43.595 3.2
      vertex -0.682138 -43.724 5
      vertex -0.682138 -43.724 3.2
    endloop
  endfacet
  facet normal 0.785404 0.618984 -0
    outer loop
      vertex -0.783804 -43.595 3.2
      vertex -0.783804 -43.595 5
      vertex -0.682138 -43.724 5
    endloop
  endfacet
  facet normal 0.780781 0.624805 0
    outer loop
      vertex -0.877031 -43.4785 3.2
      vertex -0.783804 -43.595 5
      vertex -0.783804 -43.595 3.2
    endloop
  endfacet
  facet normal 0.780781 0.624805 -0
    outer loop
      vertex -0.877031 -43.4785 3.2
      vertex -0.877031 -43.4785 5
      vertex -0.783804 -43.595 5
    endloop
  endfacet
  facet normal 0.77099 0.636848 0
    outer loop
      vertex -0.963432 -43.3739 3.2
      vertex -0.877031 -43.4785 5
      vertex -0.877031 -43.4785 3.2
    endloop
  endfacet
  facet normal 0.77099 0.636848 -0
    outer loop
      vertex -0.963432 -43.3739 3.2
      vertex -0.963432 -43.3739 5
      vertex -0.877031 -43.4785 5
    endloop
  endfacet
  facet normal 0.755537 0.655106 0
    outer loop
      vertex -1.04459 -43.2803 3.2
      vertex -0.963432 -43.3739 5
      vertex -0.963432 -43.3739 3.2
    endloop
  endfacet
  facet normal 0.755537 0.655106 -0
    outer loop
      vertex -1.04459 -43.2803 3.2
      vertex -1.04459 -43.2803 5
      vertex -0.963432 -43.3739 5
    endloop
  endfacet
  facet normal 0.73164 0.681691 0
    outer loop
      vertex -1.12211 -43.1971 3.2
      vertex -1.04459 -43.2803 5
      vertex -1.04459 -43.2803 3.2
    endloop
  endfacet
  facet normal 0.73164 0.681691 -0
    outer loop
      vertex -1.12211 -43.1971 3.2
      vertex -1.12211 -43.1971 5
      vertex -1.04459 -43.2803 5
    endloop
  endfacet
  facet normal 0.698667 0.715447 0
    outer loop
      vertex -1.19758 -43.1234 3.2
      vertex -1.12211 -43.1971 5
      vertex -1.12211 -43.1971 3.2
    endloop
  endfacet
  facet normal 0.698667 0.715447 -0
    outer loop
      vertex -1.19758 -43.1234 3.2
      vertex -1.19758 -43.1234 5
      vertex -1.12211 -43.1971 5
    endloop
  endfacet
  facet normal 0.654255 0.756274 0
    outer loop
      vertex -1.2726 -43.0585 3.2
      vertex -1.19758 -43.1234 5
      vertex -1.19758 -43.1234 3.2
    endloop
  endfacet
  facet normal 0.654255 0.756274 -0
    outer loop
      vertex -1.2726 -43.0585 3.2
      vertex -1.2726 -43.0585 5
      vertex -1.19758 -43.1234 5
    endloop
  endfacet
  facet normal 0.598467 0.801147 0
    outer loop
      vertex -1.34877 -43.0016 3.2
      vertex -1.2726 -43.0585 5
      vertex -1.2726 -43.0585 3.2
    endloop
  endfacet
  facet normal 0.598467 0.801147 -0
    outer loop
      vertex -1.34877 -43.0016 3.2
      vertex -1.34877 -43.0016 5
      vertex -1.2726 -43.0585 5
    endloop
  endfacet
  facet normal 0.531397 0.847123 0
    outer loop
      vertex -1.42768 -42.9521 3.2
      vertex -1.34877 -43.0016 5
      vertex -1.34877 -43.0016 3.2
    endloop
  endfacet
  facet normal 0.531397 0.847123 -0
    outer loop
      vertex -1.42768 -42.9521 3.2
      vertex -1.42768 -42.9521 5
      vertex -1.34877 -43.0016 5
    endloop
  endfacet
  facet normal 0.458915 0.88848 0
    outer loop
      vertex -1.51093 -42.9091 3.2
      vertex -1.42768 -42.9521 5
      vertex -1.42768 -42.9521 3.2
    endloop
  endfacet
  facet normal 0.458915 0.88848 -0
    outer loop
      vertex -1.51093 -42.9091 3.2
      vertex -1.51093 -42.9091 5
      vertex -1.42768 -42.9521 5
    endloop
  endfacet
  facet normal 0.385901 0.92254 0
    outer loop
      vertex -1.6001 -42.8718 3.2
      vertex -1.51093 -42.9091 5
      vertex -1.51093 -42.9091 3.2
    endloop
  endfacet
  facet normal 0.385901 0.92254 -0
    outer loop
      vertex -1.6001 -42.8718 3.2
      vertex -1.6001 -42.8718 5
      vertex -1.51093 -42.9091 5
    endloop
  endfacet
  facet normal 0.315904 0.948791 0
    outer loop
      vertex -1.69681 -42.8396 3.2
      vertex -1.6001 -42.8718 5
      vertex -1.6001 -42.8718 3.2
    endloop
  endfacet
  facet normal 0.315904 0.948791 -0
    outer loop
      vertex -1.69681 -42.8396 3.2
      vertex -1.69681 -42.8396 5
      vertex -1.6001 -42.8718 5
    endloop
  endfacet
  facet normal 0.254875 0.966974 0
    outer loop
      vertex -1.80266 -42.8117 3.2
      vertex -1.69681 -42.8396 5
      vertex -1.69681 -42.8396 3.2
    endloop
  endfacet
  facet normal 0.254875 0.966974 -0
    outer loop
      vertex -1.80266 -42.8117 3.2
      vertex -1.80266 -42.8117 5
      vertex -1.69681 -42.8396 5
    endloop
  endfacet
  facet normal 0.205697 0.978616 0
    outer loop
      vertex -1.91922 -42.7872 3.2
      vertex -1.80266 -42.8117 5
      vertex -1.80266 -42.8117 3.2
    endloop
  endfacet
  facet normal 0.205697 0.978616 -0
    outer loop
      vertex -1.91922 -42.7872 3.2
      vertex -1.91922 -42.7872 5
      vertex -1.80266 -42.8117 5
    endloop
  endfacet
  facet normal 0.166037 0.98612 0
    outer loop
      vertex -2.0481 -42.7655 3.2
      vertex -1.91922 -42.7872 5
      vertex -1.91922 -42.7872 3.2
    endloop
  endfacet
  facet normal 0.166037 0.98612 -0
    outer loop
      vertex -2.0481 -42.7655 3.2
      vertex -2.0481 -42.7655 5
      vertex -1.91922 -42.7872 5
    endloop
  endfacet
  facet normal 0.13598 0.990712 0
    outer loop
      vertex -2.1909 -42.7459 3.2
      vertex -2.0481 -42.7655 5
      vertex -2.0481 -42.7655 3.2
    endloop
  endfacet
  facet normal 0.13598 0.990712 -0
    outer loop
      vertex -2.1909 -42.7459 3.2
      vertex -2.1909 -42.7459 5
      vertex -2.0481 -42.7655 5
    endloop
  endfacet
  facet normal 0.116069 0.993241 0
    outer loop
      vertex -2.34921 -42.7274 3.2
      vertex -2.1909 -42.7459 5
      vertex -2.1909 -42.7459 3.2
    endloop
  endfacet
  facet normal 0.116069 0.993241 -0
    outer loop
      vertex -2.34921 -42.7274 3.2
      vertex -2.34921 -42.7274 5
      vertex -2.1909 -42.7459 5
    endloop
  endfacet
  facet normal 0.101519 0.994834 0
    outer loop
      vertex -2.52462 -42.7095 3.2
      vertex -2.34921 -42.7274 5
      vertex -2.34921 -42.7274 3.2
    endloop
  endfacet
  facet normal 0.101519 0.994834 -0
    outer loop
      vertex -2.52462 -42.7095 3.2
      vertex -2.52462 -42.7095 5
      vertex -2.34921 -42.7274 5
    endloop
  endfacet
  facet normal 0.0938555 0.995586 0
    outer loop
      vertex -2.71874 -42.6912 3.2
      vertex -2.52462 -42.7095 5
      vertex -2.52462 -42.7095 3.2
    endloop
  endfacet
  facet normal 0.0938555 0.995586 -0
    outer loop
      vertex -2.71874 -42.6912 3.2
      vertex -2.71874 -42.6912 5
      vertex -2.52462 -42.7095 5
    endloop
  endfacet
  facet normal 0.089187 0.996015 0
    outer loop
      vertex -2.93316 -42.672 3.2
      vertex -2.71874 -42.6912 5
      vertex -2.71874 -42.6912 3.2
    endloop
  endfacet
  facet normal 0.089187 0.996015 -0
    outer loop
      vertex -2.93316 -42.672 3.2
      vertex -2.93316 -42.672 5
      vertex -2.71874 -42.6912 5
    endloop
  endfacet
  facet normal 0.0978574 0.9952 0
    outer loop
      vertex -3.03791 -42.6617 3.2
      vertex -2.93316 -42.672 5
      vertex -2.93316 -42.672 3.2
    endloop
  endfacet
  facet normal 0.0978574 0.9952 -0
    outer loop
      vertex -3.03791 -42.6617 3.2
      vertex -3.03791 -42.6617 5
      vertex -2.93316 -42.672 5
    endloop
  endfacet
  facet normal 0.114937 0.993373 0
    outer loop
      vertex -3.15113 -42.6486 3.2
      vertex -3.03791 -42.6617 5
      vertex -3.03791 -42.6617 3.2
    endloop
  endfacet
  facet normal 0.114937 0.993373 -0
    outer loop
      vertex -3.15113 -42.6486 3.2
      vertex -3.15113 -42.6486 5
      vertex -3.03791 -42.6617 5
    endloop
  endfacet
  facet normal 0.128747 0.991678 0
    outer loop
      vertex -3.27206 -42.6329 3.2
      vertex -3.15113 -42.6486 5
      vertex -3.15113 -42.6486 3.2
    endloop
  endfacet
  facet normal 0.128747 0.991678 -0
    outer loop
      vertex -3.27206 -42.6329 3.2
      vertex -3.27206 -42.6329 5
      vertex -3.15113 -42.6486 5
    endloop
  endfacet
  facet normal 0.140879 0.990027 0
    outer loop
      vertex -3.39996 -42.6147 3.2
      vertex -3.27206 -42.6329 5
      vertex -3.27206 -42.6329 3.2
    endloop
  endfacet
  facet normal 0.140879 0.990027 -0
    outer loop
      vertex -3.39996 -42.6147 3.2
      vertex -3.39996 -42.6147 5
      vertex -3.27206 -42.6329 5
    endloop
  endfacet
  facet normal 0.151093 0.988519 0
    outer loop
      vertex -3.53408 -42.5942 3.2
      vertex -3.39996 -42.6147 5
      vertex -3.39996 -42.6147 3.2
    endloop
  endfacet
  facet normal 0.151093 0.988519 -0
    outer loop
      vertex -3.53408 -42.5942 3.2
      vertex -3.53408 -42.5942 5
      vertex -3.39996 -42.6147 5
    endloop
  endfacet
  facet normal 0.160511 0.987034 0
    outer loop
      vertex -3.67367 -42.5715 3.2
      vertex -3.53408 -42.5942 5
      vertex -3.53408 -42.5942 3.2
    endloop
  endfacet
  facet normal 0.160511 0.987034 -0
    outer loop
      vertex -3.67367 -42.5715 3.2
      vertex -3.67367 -42.5715 5
      vertex -3.53408 -42.5942 5
    endloop
  endfacet
  facet normal 0.170033 0.985438 0
    outer loop
      vertex -3.81798 -42.5466 3.2
      vertex -3.67367 -42.5715 5
      vertex -3.67367 -42.5715 3.2
    endloop
  endfacet
  facet normal 0.170033 0.985438 -0
    outer loop
      vertex -3.81798 -42.5466 3.2
      vertex -3.81798 -42.5466 5
      vertex -3.67367 -42.5715 5
    endloop
  endfacet
  facet normal 0.177834 0.98406 0
    outer loop
      vertex -3.96628 -42.5198 3.2
      vertex -3.81798 -42.5466 5
      vertex -3.81798 -42.5466 3.2
    endloop
  endfacet
  facet normal 0.177834 0.98406 -0
    outer loop
      vertex -3.96628 -42.5198 3.2
      vertex -3.96628 -42.5198 5
      vertex -3.81798 -42.5466 5
    endloop
  endfacet
  facet normal 0.185455 0.982653 0
    outer loop
      vertex -4.11782 -42.4912 3.2
      vertex -3.96628 -42.5198 5
      vertex -3.96628 -42.5198 3.2
    endloop
  endfacet
  facet normal 0.185455 0.982653 -0
    outer loop
      vertex -4.11782 -42.4912 3.2
      vertex -4.11782 -42.4912 5
      vertex -3.96628 -42.5198 5
    endloop
  endfacet
  facet normal 0.193028 0.981193 0
    outer loop
      vertex -4.27184 -42.4609 3.2
      vertex -4.11782 -42.4912 5
      vertex -4.11782 -42.4912 3.2
    endloop
  endfacet
  facet normal 0.193028 0.981193 -0
    outer loop
      vertex -4.27184 -42.4609 3.2
      vertex -4.27184 -42.4609 5
      vertex -4.11782 -42.4912 5
    endloop
  endfacet
  facet normal 0.200638 0.979666 0
    outer loop
      vertex -4.4276 -42.429 3.2
      vertex -4.27184 -42.4609 5
      vertex -4.27184 -42.4609 3.2
    endloop
  endfacet
  facet normal 0.200638 0.979666 -0
    outer loop
      vertex -4.4276 -42.429 3.2
      vertex -4.4276 -42.429 5
      vertex -4.27184 -42.4609 5
    endloop
  endfacet
  facet normal 0.207803 0.978171 0
    outer loop
      vertex -4.58435 -42.3957 3.2
      vertex -4.4276 -42.429 5
      vertex -4.4276 -42.429 3.2
    endloop
  endfacet
  facet normal 0.207803 0.978171 -0
    outer loop
      vertex -4.58435 -42.3957 3.2
      vertex -4.58435 -42.3957 5
      vertex -4.4276 -42.429 5
    endloop
  endfacet
  facet normal 0.215231 0.976563 0
    outer loop
      vertex -4.74134 -42.3611 3.2
      vertex -4.58435 -42.3957 5
      vertex -4.58435 -42.3957 3.2
    endloop
  endfacet
  facet normal 0.215231 0.976563 -0
    outer loop
      vertex -4.74134 -42.3611 3.2
      vertex -4.74134 -42.3611 5
      vertex -4.58435 -42.3957 5
    endloop
  endfacet
  facet normal 0.222402 0.974955 0
    outer loop
      vertex -4.89784 -42.3254 3.2
      vertex -4.74134 -42.3611 5
      vertex -4.74134 -42.3611 3.2
    endloop
  endfacet
  facet normal 0.222402 0.974955 -0
    outer loop
      vertex -4.89784 -42.3254 3.2
      vertex -4.89784 -42.3254 5
      vertex -4.74134 -42.3611 5
    endloop
  endfacet
  facet normal 0.230646 0.973038 0
    outer loop
      vertex -5.05309 -42.2886 3.2
      vertex -4.89784 -42.3254 5
      vertex -4.89784 -42.3254 3.2
    endloop
  endfacet
  facet normal 0.230646 0.973038 -0
    outer loop
      vertex -5.05309 -42.2886 3.2
      vertex -5.05309 -42.2886 5
      vertex -4.89784 -42.3254 5
    endloop
  endfacet
  facet normal 0.238284 0.971196 0
    outer loop
      vertex -5.20634 -42.251 3.2
      vertex -5.05309 -42.2886 5
      vertex -5.05309 -42.2886 3.2
    endloop
  endfacet
  facet normal 0.238284 0.971196 -0
    outer loop
      vertex -5.20634 -42.251 3.2
      vertex -5.20634 -42.251 5
      vertex -5.05309 -42.2886 5
    endloop
  endfacet
  facet normal 0.247213 0.968961 0
    outer loop
      vertex -5.35685 -42.2126 3.2
      vertex -5.20634 -42.251 5
      vertex -5.20634 -42.251 3.2
    endloop
  endfacet
  facet normal 0.247213 0.968961 -0
    outer loop
      vertex -5.35685 -42.2126 3.2
      vertex -5.35685 -42.2126 5
      vertex -5.20634 -42.251 5
    endloop
  endfacet
  facet normal 0.257016 0.966407 0
    outer loop
      vertex -5.50387 -42.1735 3.2
      vertex -5.35685 -42.2126 5
      vertex -5.35685 -42.2126 3.2
    endloop
  endfacet
  facet normal 0.257016 0.966407 -0
    outer loop
      vertex -5.50387 -42.1735 3.2
      vertex -5.50387 -42.1735 5
      vertex -5.35685 -42.2126 5
    endloop
  endfacet
  facet normal 0.266617 0.963803 0
    outer loop
      vertex -5.64666 -42.134 3.2
      vertex -5.50387 -42.1735 5
      vertex -5.50387 -42.1735 3.2
    endloop
  endfacet
  facet normal 0.266617 0.963803 -0
    outer loop
      vertex -5.64666 -42.134 3.2
      vertex -5.64666 -42.134 5
      vertex -5.50387 -42.1735 5
    endloop
  endfacet
  facet normal 0.277482 0.960731 0
    outer loop
      vertex -5.78446 -42.0942 3.2
      vertex -5.64666 -42.134 5
      vertex -5.64666 -42.134 3.2
    endloop
  endfacet
  facet normal 0.277482 0.960731 -0
    outer loop
      vertex -5.78446 -42.0942 3.2
      vertex -5.78446 -42.0942 5
      vertex -5.64666 -42.134 5
    endloop
  endfacet
  facet normal 0.270752 0.962649 0
    outer loop
      vertex -5.91779 -42.0567 3.2
      vertex -5.78446 -42.0942 5
      vertex -5.78446 -42.0942 3.2
    endloop
  endfacet
  facet normal 0.270752 0.962649 -0
    outer loop
      vertex -5.91779 -42.0567 3.2
      vertex -5.91779 -42.0567 5
      vertex -5.78446 -42.0942 5
    endloop
  endfacet
  facet normal 0.264235 0.964458 0
    outer loop
      vertex -6.05138 -42.0201 3.2
      vertex -5.91779 -42.0567 5
      vertex -5.91779 -42.0567 3.2
    endloop
  endfacet
  facet normal 0.264235 0.964458 -0
    outer loop
      vertex -6.05138 -42.0201 3.2
      vertex -6.05138 -42.0201 5
      vertex -5.91779 -42.0567 5
    endloop
  endfacet
  facet normal 0.258736 0.965948 0
    outer loop
      vertex -6.18466 -41.9844 3.2
      vertex -6.05138 -42.0201 5
      vertex -6.05138 -42.0201 3.2
    endloop
  endfacet
  facet normal 0.258736 0.965948 -0
    outer loop
      vertex -6.18466 -41.9844 3.2
      vertex -6.18466 -41.9844 5
      vertex -6.05138 -42.0201 5
    endloop
  endfacet
  facet normal 0.253504 0.967334 0
    outer loop
      vertex -6.31707 -41.9497 3.2
      vertex -6.18466 -41.9844 5
      vertex -6.18466 -41.9844 3.2
    endloop
  endfacet
  facet normal 0.253504 0.967334 -0
    outer loop
      vertex -6.31707 -41.9497 3.2
      vertex -6.31707 -41.9497 5
      vertex -6.18466 -41.9844 5
    endloop
  endfacet
  facet normal 0.2485 0.968632 0
    outer loop
      vertex -6.44804 -41.9161 3.2
      vertex -6.31707 -41.9497 5
      vertex -6.31707 -41.9497 3.2
    endloop
  endfacet
  facet normal 0.2485 0.968632 -0
    outer loop
      vertex -6.44804 -41.9161 3.2
      vertex -6.44804 -41.9161 5
      vertex -6.31707 -41.9497 5
    endloop
  endfacet
  facet normal 0.242199 0.970227 0
    outer loop
      vertex -6.57703 -41.8839 3.2
      vertex -6.44804 -41.9161 5
      vertex -6.44804 -41.9161 3.2
    endloop
  endfacet
  facet normal 0.242199 0.970227 -0
    outer loop
      vertex -6.57703 -41.8839 3.2
      vertex -6.57703 -41.8839 5
      vertex -6.44804 -41.9161 5
    endloop
  endfacet
  facet normal 0.237434 0.971404 0
    outer loop
      vertex -6.70345 -41.853 3.2
      vertex -6.57703 -41.8839 5
      vertex -6.57703 -41.8839 3.2
    endloop
  endfacet
  facet normal 0.237434 0.971404 -0
    outer loop
      vertex -6.70345 -41.853 3.2
      vertex -6.70345 -41.853 5
      vertex -6.57703 -41.8839 5
    endloop
  endfacet
  facet normal 0.231176 0.972912 0
    outer loop
      vertex -6.82676 -41.8237 3.2
      vertex -6.70345 -41.853 5
      vertex -6.70345 -41.853 3.2
    endloop
  endfacet
  facet normal 0.231176 0.972912 -0
    outer loop
      vertex -6.82676 -41.8237 3.2
      vertex -6.82676 -41.8237 5
      vertex -6.70345 -41.853 5
    endloop
  endfacet
  facet normal 0.225615 0.974217 0
    outer loop
      vertex -6.94637 -41.796 3.2
      vertex -6.82676 -41.8237 5
      vertex -6.82676 -41.8237 3.2
    endloop
  endfacet
  facet normal 0.225615 0.974217 -0
    outer loop
      vertex -6.94637 -41.796 3.2
      vertex -6.94637 -41.796 5
      vertex -6.82676 -41.8237 5
    endloop
  endfacet
  facet normal 0.21983 0.975538 0
    outer loop
      vertex -7.06175 -41.77 3.2
      vertex -6.94637 -41.796 5
      vertex -6.94637 -41.796 3.2
    endloop
  endfacet
  facet normal 0.21983 0.975538 -0
    outer loop
      vertex -7.06175 -41.77 3.2
      vertex -7.06175 -41.77 5
      vertex -6.94637 -41.796 5
    endloop
  endfacet
  facet normal 0.212136 0.97724 0
    outer loop
      vertex -7.17231 -41.746 3.2
      vertex -7.06175 -41.77 5
      vertex -7.06175 -41.77 3.2
    endloop
  endfacet
  facet normal 0.212136 0.97724 -0
    outer loop
      vertex -7.17231 -41.746 3.2
      vertex -7.17231 -41.746 5
      vertex -7.06175 -41.77 5
    endloop
  endfacet
  facet normal 0.204716 0.978821 0
    outer loop
      vertex -7.2775 -41.724 3.2
      vertex -7.17231 -41.746 5
      vertex -7.17231 -41.746 3.2
    endloop
  endfacet
  facet normal 0.204716 0.978821 -0
    outer loop
      vertex -7.2775 -41.724 3.2
      vertex -7.2775 -41.724 5
      vertex -7.17231 -41.746 5
    endloop
  endfacet
  facet normal 0.196572 0.980489 0
    outer loop
      vertex -7.37676 -41.7041 3.2
      vertex -7.2775 -41.724 5
      vertex -7.2775 -41.724 3.2
    endloop
  endfacet
  facet normal 0.196572 0.980489 -0
    outer loop
      vertex -7.37676 -41.7041 3.2
      vertex -7.37676 -41.7041 5
      vertex -7.2775 -41.724 5
    endloop
  endfacet
  facet normal 0.187433 0.982277 0
    outer loop
      vertex -7.46952 -41.6864 3.2
      vertex -7.37676 -41.7041 5
      vertex -7.37676 -41.7041 3.2
    endloop
  endfacet
  facet normal 0.187433 0.982277 -0
    outer loop
      vertex -7.46952 -41.6864 3.2
      vertex -7.46952 -41.6864 5
      vertex -7.37676 -41.7041 5
    endloop
  endfacet
  facet normal 0.174637 0.984633 0
    outer loop
      vertex -7.55522 -41.6712 3.2
      vertex -7.46952 -41.6864 5
      vertex -7.46952 -41.6864 3.2
    endloop
  endfacet
  facet normal 0.174637 0.984633 -0
    outer loop
      vertex -7.55522 -41.6712 3.2
      vertex -7.55522 -41.6712 5
      vertex -7.46952 -41.6864 5
    endloop
  endfacet
  facet normal 0.161775 0.986828 0
    outer loop
      vertex -7.6333 -41.6584 3.2
      vertex -7.55522 -41.6712 5
      vertex -7.55522 -41.6712 3.2
    endloop
  endfacet
  facet normal 0.161775 0.986828 -0
    outer loop
      vertex -7.6333 -41.6584 3.2
      vertex -7.6333 -41.6584 5
      vertex -7.55522 -41.6712 5
    endloop
  endfacet
  facet normal 0.143027 0.989719 0
    outer loop
      vertex -7.70319 -41.6483 3.2
      vertex -7.6333 -41.6584 5
      vertex -7.6333 -41.6584 3.2
    endloop
  endfacet
  facet normal 0.143027 0.989719 -0
    outer loop
      vertex -7.70319 -41.6483 3.2
      vertex -7.70319 -41.6483 5
      vertex -7.6333 -41.6584 5
    endloop
  endfacet
  facet normal 0.120137 0.992757 0
    outer loop
      vertex -7.76434 -41.6409 3.2
      vertex -7.70319 -41.6483 5
      vertex -7.70319 -41.6483 3.2
    endloop
  endfacet
  facet normal 0.120137 0.992757 -0
    outer loop
      vertex -7.76434 -41.6409 3.2
      vertex -7.76434 -41.6409 5
      vertex -7.70319 -41.6483 5
    endloop
  endfacet
  facet normal 0.0864969 0.996252 0
    outer loop
      vertex -7.81617 -41.6364 3.2
      vertex -7.76434 -41.6409 5
      vertex -7.76434 -41.6409 3.2
    endloop
  endfacet
  facet normal 0.0864969 0.996252 -0
    outer loop
      vertex -7.81617 -41.6364 3.2
      vertex -7.81617 -41.6364 5
      vertex -7.76434 -41.6409 5
    endloop
  endfacet
  facet normal 0.0381039 0.999274 0
    outer loop
      vertex -7.85813 -41.6348 3.2
      vertex -7.81617 -41.6364 5
      vertex -7.81617 -41.6364 3.2
    endloop
  endfacet
  facet normal 0.0381039 0.999274 -0
    outer loop
      vertex -7.85813 -41.6348 3.2
      vertex -7.85813 -41.6348 5
      vertex -7.81617 -41.6364 5
    endloop
  endfacet
  facet normal 0.0271735 0.999631 0
    outer loop
      vertex -7.94274 -41.6325 3.2
      vertex -7.85813 -41.6348 5
      vertex -7.85813 -41.6348 3.2
    endloop
  endfacet
  facet normal 0.0271735 0.999631 -0
    outer loop
      vertex -7.94274 -41.6325 3.2
      vertex -7.94274 -41.6325 5
      vertex -7.85813 -41.6348 5
    endloop
  endfacet
  facet normal 0.0882859 0.996095 0
    outer loop
      vertex -8.02059 -41.6256 3.2
      vertex -7.94274 -41.6325 5
      vertex -7.94274 -41.6325 3.2
    endloop
  endfacet
  facet normal 0.0882859 0.996095 -0
    outer loop
      vertex -8.02059 -41.6256 3.2
      vertex -8.02059 -41.6256 5
      vertex -7.94274 -41.6325 5
    endloop
  endfacet
  facet normal 0.1598 0.987149 0
    outer loop
      vertex -8.09163 -41.6141 3.2
      vertex -8.02059 -41.6256 5
      vertex -8.02059 -41.6256 3.2
    endloop
  endfacet
  facet normal 0.1598 0.987149 -0
    outer loop
      vertex -8.09163 -41.6141 3.2
      vertex -8.09163 -41.6141 5
      vertex -8.02059 -41.6256 5
    endloop
  endfacet
  facet normal 0.240259 0.970709 0
    outer loop
      vertex -8.15587 -41.5982 3.2
      vertex -8.09163 -41.6141 5
      vertex -8.09163 -41.6141 3.2
    endloop
  endfacet
  facet normal 0.240259 0.970709 -0
    outer loop
      vertex -8.15587 -41.5982 3.2
      vertex -8.15587 -41.5982 5
      vertex -8.09163 -41.6141 5
    endloop
  endfacet
  facet normal 0.333473 0.94276 0
    outer loop
      vertex -8.21326 -41.5779 3.2
      vertex -8.15587 -41.5982 5
      vertex -8.15587 -41.5982 3.2
    endloop
  endfacet
  facet normal 0.333473 0.94276 -0
    outer loop
      vertex -8.21326 -41.5779 3.2
      vertex -8.21326 -41.5779 5
      vertex -8.15587 -41.5982 5
    endloop
  endfacet
  facet normal 0.439019 0.898478 0
    outer loop
      vertex -8.26381 -41.5532 3.2
      vertex -8.21326 -41.5779 5
      vertex -8.21326 -41.5779 3.2
    endloop
  endfacet
  facet normal 0.439019 0.898478 -0
    outer loop
      vertex -8.26381 -41.5532 3.2
      vertex -8.26381 -41.5532 5
      vertex -8.21326 -41.5779 5
    endloop
  endfacet
  facet normal 0.551877 0.833926 0
    outer loop
      vertex -8.30748 -41.5243 3.2
      vertex -8.26381 -41.5532 5
      vertex -8.26381 -41.5532 3.2
    endloop
  endfacet
  facet normal 0.551877 0.833926 -0
    outer loop
      vertex -8.30748 -41.5243 3.2
      vertex -8.30748 -41.5243 5
      vertex -8.26381 -41.5532 5
    endloop
  endfacet
  facet normal 0.669143 0.743133 0
    outer loop
      vertex -8.34424 -41.4912 3.2
      vertex -8.30748 -41.5243 5
      vertex -8.30748 -41.5243 3.2
    endloop
  endfacet
  facet normal 0.669143 0.743133 -0
    outer loop
      vertex -8.34424 -41.4912 3.2
      vertex -8.34424 -41.4912 5
      vertex -8.30748 -41.5243 5
    endloop
  endfacet
  facet normal 0.780665 0.62495 0
    outer loop
      vertex -8.3741 -41.4539 3.2
      vertex -8.34424 -41.4912 5
      vertex -8.34424 -41.4912 3.2
    endloop
  endfacet
  facet normal 0.780665 0.62495 -0
    outer loop
      vertex -8.3741 -41.4539 3.2
      vertex -8.3741 -41.4539 5
      vertex -8.34424 -41.4912 5
    endloop
  endfacet
  facet normal 0.874377 0.485247 0
    outer loop
      vertex -8.39702 -41.4126 3.2
      vertex -8.3741 -41.4539 5
      vertex -8.3741 -41.4539 3.2
    endloop
  endfacet
  facet normal 0.874377 0.485247 -0
    outer loop
      vertex -8.39702 -41.4126 3.2
      vertex -8.39702 -41.4126 5
      vertex -8.3741 -41.4539 5
    endloop
  endfacet
  facet normal 0.94324 0.332112 0
    outer loop
      vertex -8.41297 -41.3673 3.2
      vertex -8.39702 -41.4126 5
      vertex -8.39702 -41.4126 3.2
    endloop
  endfacet
  facet normal 0.94324 0.332112 -0
    outer loop
      vertex -8.41297 -41.3673 3.2
      vertex -8.41297 -41.3673 5
      vertex -8.39702 -41.4126 5
    endloop
  endfacet
  facet normal 0.983812 0.179202 0
    outer loop
      vertex -8.42195 -41.318 3.2
      vertex -8.41297 -41.3673 5
      vertex -8.41297 -41.3673 3.2
    endloop
  endfacet
  facet normal 0.983812 0.179202 -0
    outer loop
      vertex -8.42195 -41.318 3.2
      vertex -8.42195 -41.318 5
      vertex -8.41297 -41.3673 5
    endloop
  endfacet
  facet normal 0.999306 0.0372622 0
    outer loop
      vertex -8.42393 -41.2649 3.2
      vertex -8.42195 -41.318 5
      vertex -8.42195 -41.318 3.2
    endloop
  endfacet
  facet normal 0.999306 0.0372622 -0
    outer loop
      vertex -8.42393 -41.2649 3.2
      vertex -8.42393 -41.2649 5
      vertex -8.42195 -41.318 5
    endloop
  endfacet
  facet normal 0.996129 -0.087904 0
    outer loop
      vertex -8.4189 -41.2079 3.2
      vertex -8.42393 -41.2649 5
      vertex -8.42393 -41.2649 3.2
    endloop
  endfacet
  facet normal 0.996129 -0.087904 0
    outer loop
      vertex -8.4189 -41.2079 3.2
      vertex -8.4189 -41.2079 5
      vertex -8.42393 -41.2649 5
    endloop
  endfacet
  facet normal 0.980705 -0.195494 0
    outer loop
      vertex -8.40682 -41.1473 3.2
      vertex -8.4189 -41.2079 5
      vertex -8.4189 -41.2079 3.2
    endloop
  endfacet
  facet normal 0.980705 -0.195494 0
    outer loop
      vertex -8.40682 -41.1473 3.2
      vertex -8.40682 -41.1473 5
      vertex -8.4189 -41.2079 5
    endloop
  endfacet
  facet normal 0.958561 -0.284889 0
    outer loop
      vertex -8.38768 -41.0829 3.2
      vertex -8.40682 -41.1473 5
      vertex -8.40682 -41.1473 3.2
    endloop
  endfacet
  facet normal 0.958561 -0.284889 0
    outer loop
      vertex -8.38768 -41.0829 3.2
      vertex -8.38768 -41.0829 5
      vertex -8.40682 -41.1473 5
    endloop
  endfacet
  facet normal 0.932863 -0.360231 0
    outer loop
      vertex -8.36146 -41.015 3.2
      vertex -8.38768 -41.0829 5
      vertex -8.38768 -41.0829 3.2
    endloop
  endfacet
  facet normal 0.932863 -0.360231 0
    outer loop
      vertex -8.36146 -41.015 3.2
      vertex -8.36146 -41.015 5
      vertex -8.38768 -41.0829 5
    endloop
  endfacet
  facet normal 0.906232 -0.422781 0
    outer loop
      vertex -8.32815 -40.9436 3.2
      vertex -8.36146 -41.015 5
      vertex -8.36146 -41.015 3.2
    endloop
  endfacet
  facet normal 0.906232 -0.422781 0
    outer loop
      vertex -8.32815 -40.9436 3.2
      vertex -8.32815 -40.9436 5
      vertex -8.36146 -41.015 5
    endloop
  endfacet
  facet normal 0.8802 -0.474604 0
    outer loop
      vertex -8.28771 -40.8686 3.2
      vertex -8.32815 -40.9436 5
      vertex -8.32815 -40.9436 3.2
    endloop
  endfacet
  facet normal 0.8802 -0.474604 0
    outer loop
      vertex -8.28771 -40.8686 3.2
      vertex -8.28771 -40.8686 5
      vertex -8.32815 -40.9436 5
    endloop
  endfacet
  facet normal 0.854542 -0.519382 0
    outer loop
      vertex -8.24012 -40.7903 3.2
      vertex -8.28771 -40.8686 5
      vertex -8.28771 -40.8686 3.2
    endloop
  endfacet
  facet normal 0.854542 -0.519382 0
    outer loop
      vertex -8.24012 -40.7903 3.2
      vertex -8.24012 -40.7903 5
      vertex -8.28771 -40.8686 5
    endloop
  endfacet
  facet normal 0.817243 -0.576293 0
    outer loop
      vertex -8.21692 -40.7574 3.2
      vertex -8.24012 -40.7903 5
      vertex -8.24012 -40.7903 3.2
    endloop
  endfacet
  facet normal 0.817243 -0.576293 0
    outer loop
      vertex -8.21692 -40.7574 3.2
      vertex -8.21692 -40.7574 5
      vertex -8.24012 -40.7903 5
    endloop
  endfacet
  facet normal 0.827225 -0.561871 0
    outer loop
      vertex -8.1924 -40.7213 3.2
      vertex -8.21692 -40.7574 5
      vertex -8.21692 -40.7574 3.2
    endloop
  endfacet
  facet normal 0.827225 -0.561871 0
    outer loop
      vertex -8.1924 -40.7213 3.2
      vertex -8.1924 -40.7213 5
      vertex -8.21692 -40.7574 5
    endloop
  endfacet
  facet normal 0.836292 -0.548284 0
    outer loop
      vertex -8.1667 -40.6821 3.2
      vertex -8.1924 -40.7213 5
      vertex -8.1924 -40.7213 3.2
    endloop
  endfacet
  facet normal 0.836292 -0.548284 0
    outer loop
      vertex -8.1667 -40.6821 3.2
      vertex -8.1667 -40.6821 5
      vertex -8.1924 -40.7213 5
    endloop
  endfacet
  facet normal 0.843273 -0.537486 0
    outer loop
      vertex -8.13993 -40.6401 3.2
      vertex -8.1667 -40.6821 5
      vertex -8.1667 -40.6821 3.2
    endloop
  endfacet
  facet normal 0.843273 -0.537486 0
    outer loop
      vertex -8.13993 -40.6401 3.2
      vertex -8.13993 -40.6401 5
      vertex -8.1667 -40.6821 5
    endloop
  endfacet
  facet normal 0.848876 -0.528592 0
    outer loop
      vertex -8.11222 -40.5956 3.2
      vertex -8.13993 -40.6401 5
      vertex -8.13993 -40.6401 3.2
    endloop
  endfacet
  facet normal 0.848876 -0.528592 0
    outer loop
      vertex -8.11222 -40.5956 3.2
      vertex -8.11222 -40.5956 5
      vertex -8.13993 -40.6401 5
    endloop
  endfacet
  facet normal 0.853931 -0.520387 0
    outer loop
      vertex -8.0837 -40.5488 3.2
      vertex -8.11222 -40.5956 5
      vertex -8.11222 -40.5956 3.2
    endloop
  endfacet
  facet normal 0.853931 -0.520387 0
    outer loop
      vertex -8.0837 -40.5488 3.2
      vertex -8.0837 -40.5488 5
      vertex -8.11222 -40.5956 5
    endloop
  endfacet
  facet normal 0.857958 -0.51372 0
    outer loop
      vertex -8.05448 -40.5 3.2
      vertex -8.0837 -40.5488 5
      vertex -8.0837 -40.5488 3.2
    endloop
  endfacet
  facet normal 0.857958 -0.51372 0
    outer loop
      vertex -8.05448 -40.5 3.2
      vertex -8.05448 -40.5 5
      vertex -8.0837 -40.5488 5
    endloop
  endfacet
  facet normal 0.861671 -0.507467 0
    outer loop
      vertex -8.02468 -40.4494 3.2
      vertex -8.05448 -40.5 5
      vertex -8.05448 -40.5 3.2
    endloop
  endfacet
  facet normal 0.861671 -0.507467 0
    outer loop
      vertex -8.02468 -40.4494 3.2
      vertex -8.02468 -40.4494 5
      vertex -8.05448 -40.5 5
    endloop
  endfacet
  facet normal 0.864873 -0.501991 0
    outer loop
      vertex -7.99444 -40.3973 3.2
      vertex -8.02468 -40.4494 5
      vertex -8.02468 -40.4494 3.2
    endloop
  endfacet
  facet normal 0.864873 -0.501991 0
    outer loop
      vertex -7.99444 -40.3973 3.2
      vertex -7.99444 -40.3973 5
      vertex -8.02468 -40.4494 5
    endloop
  endfacet
  facet normal 0.867783 -0.496944 0
    outer loop
      vertex -7.96386 -40.3439 3.2
      vertex -7.99444 -40.3973 5
      vertex -7.99444 -40.3973 3.2
    endloop
  endfacet
  facet normal 0.867783 -0.496944 0
    outer loop
      vertex -7.96386 -40.3439 3.2
      vertex -7.96386 -40.3439 5
      vertex -7.99444 -40.3973 5
    endloop
  endfacet
  facet normal 0.869953 -0.493134 0
    outer loop
      vertex -7.93308 -40.2896 3.2
      vertex -7.96386 -40.3439 5
      vertex -7.96386 -40.3439 3.2
    endloop
  endfacet
  facet normal 0.869953 -0.493134 0
    outer loop
      vertex -7.93308 -40.2896 3.2
      vertex -7.93308 -40.2896 5
      vertex -7.96386 -40.3439 5
    endloop
  endfacet
  facet normal 0.872479 -0.488652 0
    outer loop
      vertex -7.90222 -40.2345 3.2
      vertex -7.93308 -40.2896 5
      vertex -7.93308 -40.2896 3.2
    endloop
  endfacet
  facet normal 0.872479 -0.488652 0
    outer loop
      vertex -7.90222 -40.2345 3.2
      vertex -7.90222 -40.2345 5
      vertex -7.93308 -40.2896 5
    endloop
  endfacet
  facet normal 0.874684 -0.484694 0
    outer loop
      vertex -7.87141 -40.1789 3.2
      vertex -7.90222 -40.2345 5
      vertex -7.90222 -40.2345 3.2
    endloop
  endfacet
  facet normal 0.874684 -0.484694 0
    outer loop
      vertex -7.87141 -40.1789 3.2
      vertex -7.87141 -40.1789 5
      vertex -7.90222 -40.2345 5
    endloop
  endfacet
  facet normal 0.876415 -0.481557 0
    outer loop
      vertex -7.84075 -40.1231 3.2
      vertex -7.87141 -40.1789 5
      vertex -7.87141 -40.1789 3.2
    endloop
  endfacet
  facet normal 0.876415 -0.481557 0
    outer loop
      vertex -7.84075 -40.1231 3.2
      vertex -7.84075 -40.1231 5
      vertex -7.87141 -40.1789 5
    endloop
  endfacet
  facet normal 0.878334 -0.478047 0
    outer loop
      vertex -7.81038 -40.0673 3.2
      vertex -7.84075 -40.1231 5
      vertex -7.84075 -40.1231 3.2
    endloop
  endfacet
  facet normal 0.878334 -0.478047 0
    outer loop
      vertex -7.81038 -40.0673 3.2
      vertex -7.81038 -40.0673 5
      vertex -7.84075 -40.1231 5
    endloop
  endfacet
  facet normal 0.879972 -0.475026 0
    outer loop
      vertex -7.78042 -40.0118 3.2
      vertex -7.81038 -40.0673 5
      vertex -7.81038 -40.0673 3.2
    endloop
  endfacet
  facet normal 0.879972 -0.475026 0
    outer loop
      vertex -7.78042 -40.0118 3.2
      vertex -7.78042 -40.0118 5
      vertex -7.81038 -40.0673 5
    endloop
  endfacet
  facet normal 0.881775 -0.47167 0
    outer loop
      vertex -7.751 -39.9568 3.2
      vertex -7.78042 -40.0118 5
      vertex -7.78042 -40.0118 3.2
    endloop
  endfacet
  facet normal 0.881775 -0.47167 0
    outer loop
      vertex -7.751 -39.9568 3.2
      vertex -7.751 -39.9568 5
      vertex -7.78042 -40.0118 5
    endloop
  endfacet
  facet normal 0.883209 -0.46898 0
    outer loop
      vertex -7.72222 -39.9026 3.2
      vertex -7.751 -39.9568 5
      vertex -7.751 -39.9568 3.2
    endloop
  endfacet
  facet normal 0.883209 -0.46898 0
    outer loop
      vertex -7.72222 -39.9026 3.2
      vertex -7.72222 -39.9026 5
      vertex -7.751 -39.9568 5
    endloop
  endfacet
  facet normal 0.884987 -0.465616 0
    outer loop
      vertex -7.69423 -39.8494 3.2
      vertex -7.72222 -39.9026 5
      vertex -7.72222 -39.9026 3.2
    endloop
  endfacet
  facet normal 0.884987 -0.465616 0
    outer loop
      vertex -7.69423 -39.8494 3.2
      vertex -7.69423 -39.8494 5
      vertex -7.72222 -39.9026 5
    endloop
  endfacet
  facet normal 0.886136 -0.463425 0
    outer loop
      vertex -7.66714 -39.7976 3.2
      vertex -7.69423 -39.8494 5
      vertex -7.69423 -39.8494 3.2
    endloop
  endfacet
  facet normal 0.886136 -0.463425 0
    outer loop
      vertex -7.66714 -39.7976 3.2
      vertex -7.66714 -39.7976 5
      vertex -7.69423 -39.8494 5
    endloop
  endfacet
  facet normal 0.887507 -0.460794 0
    outer loop
      vertex -7.64118 -39.7476 3.2
      vertex -7.66714 -39.7976 5
      vertex -7.66714 -39.7976 3.2
    endloop
  endfacet
  facet normal 0.887507 -0.460794 0
    outer loop
      vertex -7.64118 -39.7476 3.2
      vertex -7.64118 -39.7476 5
      vertex -7.66714 -39.7976 5
    endloop
  endfacet
  facet normal 0.875824 -0.482631 0
    outer loop
      vertex -7.61258 -39.6957 3.2
      vertex -7.64118 -39.7476 5
      vertex -7.64118 -39.7476 3.2
    endloop
  endfacet
  facet normal 0.875824 -0.482631 0
    outer loop
      vertex -7.61258 -39.6957 3.2
      vertex -7.61258 -39.6957 5
      vertex -7.64118 -39.7476 5
    endloop
  endfacet
  facet normal 0.865367 -0.501138 0
    outer loop
      vertex -7.58154 -39.6421 3.2
      vertex -7.61258 -39.6957 5
      vertex -7.61258 -39.6957 3.2
    endloop
  endfacet
  facet normal 0.865367 -0.501138 0
    outer loop
      vertex -7.58154 -39.6421 3.2
      vertex -7.58154 -39.6421 5
      vertex -7.61258 -39.6957 5
    endloop
  endfacet
  facet normal 0.855703 -0.517467 0
    outer loop
      vertex -7.54828 -39.5871 3.2
      vertex -7.58154 -39.6421 5
      vertex -7.58154 -39.6421 3.2
    endloop
  endfacet
  facet normal 0.855703 -0.517467 0
    outer loop
      vertex -7.54828 -39.5871 3.2
      vertex -7.54828 -39.5871 5
      vertex -7.58154 -39.6421 5
    endloop
  endfacet
  facet normal 0.847083 -0.531461 0
    outer loop
      vertex -7.51302 -39.5309 3.2
      vertex -7.54828 -39.5871 5
      vertex -7.54828 -39.5871 3.2
    endloop
  endfacet
  facet normal 0.847083 -0.531461 0
    outer loop
      vertex -7.51302 -39.5309 3.2
      vertex -7.51302 -39.5309 5
      vertex -7.54828 -39.5871 5
    endloop
  endfacet
  facet normal 0.838813 -0.54442 0
    outer loop
      vertex -7.47596 -39.4738 3.2
      vertex -7.51302 -39.5309 5
      vertex -7.51302 -39.5309 3.2
    endloop
  endfacet
  facet normal 0.838813 -0.54442 0
    outer loop
      vertex -7.47596 -39.4738 3.2
      vertex -7.47596 -39.4738 5
      vertex -7.51302 -39.5309 5
    endloop
  endfacet
  facet normal 0.830963 -0.556328 0
    outer loop
      vertex -7.43733 -39.4161 3.2
      vertex -7.47596 -39.4738 5
      vertex -7.47596 -39.4738 3.2
    endloop
  endfacet
  facet normal 0.830963 -0.556328 0
    outer loop
      vertex -7.43733 -39.4161 3.2
      vertex -7.43733 -39.4161 5
      vertex -7.47596 -39.4738 5
    endloop
  endfacet
  facet normal 0.823279 -0.567637 0
    outer loop
      vertex -7.39734 -39.3581 3.2
      vertex -7.43733 -39.4161 5
      vertex -7.43733 -39.4161 3.2
    endloop
  endfacet
  facet normal 0.823279 -0.567637 0
    outer loop
      vertex -7.39734 -39.3581 3.2
      vertex -7.39734 -39.3581 5
      vertex -7.43733 -39.4161 5
    endloop
  endfacet
  facet normal 0.816587 -0.577223 0
    outer loop
      vertex -7.3562 -39.2999 3.2
      vertex -7.39734 -39.3581 5
      vertex -7.39734 -39.3581 3.2
    endloop
  endfacet
  facet normal 0.816587 -0.577223 0
    outer loop
      vertex -7.3562 -39.2999 3.2
      vertex -7.3562 -39.2999 5
      vertex -7.39734 -39.3581 5
    endloop
  endfacet
  facet normal 0.809478 -0.587151 0
    outer loop
      vertex -7.31413 -39.2419 3.2
      vertex -7.3562 -39.2999 5
      vertex -7.3562 -39.2999 3.2
    endloop
  endfacet
  facet normal 0.809478 -0.587151 0
    outer loop
      vertex -7.31413 -39.2419 3.2
      vertex -7.31413 -39.2419 5
      vertex -7.3562 -39.2999 5
    endloop
  endfacet
  facet normal 0.802305 -0.596915 0
    outer loop
      vertex -7.27135 -39.1844 3.2
      vertex -7.31413 -39.2419 5
      vertex -7.31413 -39.2419 3.2
    endloop
  endfacet
  facet normal 0.802305 -0.596915 0
    outer loop
      vertex -7.27135 -39.1844 3.2
      vertex -7.27135 -39.1844 5
      vertex -7.31413 -39.2419 5
    endloop
  endfacet
  facet normal 0.795338 -0.606166 0
    outer loop
      vertex -7.22806 -39.1276 3.2
      vertex -7.27135 -39.1844 5
      vertex -7.27135 -39.1844 3.2
    endloop
  endfacet
  facet normal 0.795338 -0.606166 0
    outer loop
      vertex -7.22806 -39.1276 3.2
      vertex -7.22806 -39.1276 5
      vertex -7.27135 -39.1844 5
    endloop
  endfacet
  facet normal 0.788187 -0.615436 0
    outer loop
      vertex -7.18449 -39.0718 3.2
      vertex -7.22806 -39.1276 5
      vertex -7.22806 -39.1276 3.2
    endloop
  endfacet
  facet normal 0.788187 -0.615436 0
    outer loop
      vertex -7.18449 -39.0718 3.2
      vertex -7.18449 -39.0718 5
      vertex -7.22806 -39.1276 5
    endloop
  endfacet
  facet normal 0.781148 -0.624346 0
    outer loop
      vertex -7.14085 -39.0172 3.2
      vertex -7.18449 -39.0718 5
      vertex -7.18449 -39.0718 3.2
    endloop
  endfacet
  facet normal 0.781148 -0.624346 0
    outer loop
      vertex -7.14085 -39.0172 3.2
      vertex -7.14085 -39.0172 5
      vertex -7.18449 -39.0718 5
    endloop
  endfacet
  facet normal 0.773568 -0.633714 0
    outer loop
      vertex -7.09735 -38.9641 3.2
      vertex -7.14085 -39.0172 5
      vertex -7.14085 -39.0172 3.2
    endloop
  endfacet
  facet normal 0.773568 -0.633714 0
    outer loop
      vertex -7.09735 -38.9641 3.2
      vertex -7.09735 -38.9641 5
      vertex -7.14085 -39.0172 5
    endloop
  endfacet
  facet normal 0.765279 -0.643699 0
    outer loop
      vertex -7.0542 -38.9128 3.2
      vertex -7.09735 -38.9641 5
      vertex -7.09735 -38.9641 3.2
    endloop
  endfacet
  facet normal 0.765279 -0.643699 0
    outer loop
      vertex -7.0542 -38.9128 3.2
      vertex -7.0542 -38.9128 5
      vertex -7.09735 -38.9641 5
    endloop
  endfacet
  facet normal 0.756221 -0.654316 0
    outer loop
      vertex -7.01163 -38.8636 3.2
      vertex -7.0542 -38.9128 5
      vertex -7.0542 -38.9128 3.2
    endloop
  endfacet
  facet normal 0.756221 -0.654316 0
    outer loop
      vertex -7.01163 -38.8636 3.2
      vertex -7.01163 -38.8636 5
      vertex -7.0542 -38.9128 5
    endloop
  endfacet
  facet normal 0.747392 -0.664384 0
    outer loop
      vertex -6.96985 -38.8166 3.2
      vertex -7.01163 -38.8636 5
      vertex -7.01163 -38.8636 3.2
    endloop
  endfacet
  facet normal 0.747392 -0.664384 0
    outer loop
      vertex -6.96985 -38.8166 3.2
      vertex -6.96985 -38.8166 5
      vertex -7.01163 -38.8636 5
    endloop
  endfacet
  facet normal 0.735732 -0.677272 0
    outer loop
      vertex -6.92907 -38.7723 3.2
      vertex -6.96985 -38.8166 5
      vertex -6.96985 -38.8166 3.2
    endloop
  endfacet
  facet normal 0.735732 -0.677272 0
    outer loop
      vertex -6.92907 -38.7723 3.2
      vertex -6.92907 -38.7723 5
      vertex -6.96985 -38.8166 5
    endloop
  endfacet
  facet normal 0.723823 -0.689986 0
    outer loop
      vertex -6.88951 -38.7308 3.2
      vertex -6.92907 -38.7723 5
      vertex -6.92907 -38.7723 3.2
    endloop
  endfacet
  facet normal 0.723823 -0.689986 0
    outer loop
      vertex -6.88951 -38.7308 3.2
      vertex -6.88951 -38.7308 5
      vertex -6.92907 -38.7723 5
    endloop
  endfacet
  facet normal 0.713721 -0.70043 0
    outer loop
      vertex -6.82258 -38.6626 3.2
      vertex -6.88951 -38.7308 5
      vertex -6.88951 -38.7308 3.2
    endloop
  endfacet
  facet normal 0.713721 -0.70043 0
    outer loop
      vertex -6.82258 -38.6626 3.2
      vertex -6.82258 -38.6626 5
      vertex -6.88951 -38.7308 5
    endloop
  endfacet
  facet normal 0.734922 -0.678152 0
    outer loop
      vertex -6.76094 -38.5958 3.2
      vertex -6.82258 -38.6626 5
      vertex -6.82258 -38.6626 3.2
    endloop
  endfacet
  facet normal 0.734922 -0.678152 0
    outer loop
      vertex -6.76094 -38.5958 3.2
      vertex -6.76094 -38.5958 5
      vertex -6.82258 -38.6626 5
    endloop
  endfacet
  facet normal 0.758277 -0.651933 0
    outer loop
      vertex -6.70454 -38.5302 3.2
      vertex -6.76094 -38.5958 5
      vertex -6.76094 -38.5958 3.2
    endloop
  endfacet
  facet normal 0.758277 -0.651933 0
    outer loop
      vertex -6.70454 -38.5302 3.2
      vertex -6.70454 -38.5302 5
      vertex -6.76094 -38.5958 5
    endloop
  endfacet
  facet normal 0.783642 -0.621212 0
    outer loop
      vertex -6.65333 -38.4656 3.2
      vertex -6.70454 -38.5302 5
      vertex -6.70454 -38.5302 3.2
    endloop
  endfacet
  facet normal 0.783642 -0.621212 0
    outer loop
      vertex -6.65333 -38.4656 3.2
      vertex -6.65333 -38.4656 5
      vertex -6.70454 -38.5302 5
    endloop
  endfacet
  facet normal 0.810847 -0.585259 0
    outer loop
      vertex -6.60728 -38.4018 3.2
      vertex -6.65333 -38.4656 5
      vertex -6.65333 -38.4656 3.2
    endloop
  endfacet
  facet normal 0.810847 -0.585259 0
    outer loop
      vertex -6.60728 -38.4018 3.2
      vertex -6.60728 -38.4018 5
      vertex -6.65333 -38.4656 5
    endloop
  endfacet
  facet normal 0.839292 -0.543681 0
    outer loop
      vertex -6.56634 -38.3386 3.2
      vertex -6.60728 -38.4018 5
      vertex -6.60728 -38.4018 3.2
    endloop
  endfacet
  facet normal 0.839292 -0.543681 0
    outer loop
      vertex -6.56634 -38.3386 3.2
      vertex -6.56634 -38.3386 5
      vertex -6.60728 -38.4018 5
    endloop
  endfacet
  facet normal 0.868456 -0.495767 0
    outer loop
      vertex -6.53049 -38.2758 3.2
      vertex -6.56634 -38.3386 5
      vertex -6.56634 -38.3386 3.2
    endloop
  endfacet
  facet normal 0.868456 -0.495767 0
    outer loop
      vertex -6.53049 -38.2758 3.2
      vertex -6.53049 -38.2758 5
      vertex -6.56634 -38.3386 5
    endloop
  endfacet
  facet normal 0.896825 -0.442386 0
    outer loop
      vertex -6.49966 -38.2133 3.2
      vertex -6.53049 -38.2758 5
      vertex -6.53049 -38.2758 3.2
    endloop
  endfacet
  facet normal 0.896825 -0.442386 0
    outer loop
      vertex -6.49966 -38.2133 3.2
      vertex -6.49966 -38.2133 5
      vertex -6.53049 -38.2758 5
    endloop
  endfacet
  facet normal 0.9244 -0.381426 0
    outer loop
      vertex -6.47383 -38.1507 3.2
      vertex -6.49966 -38.2133 5
      vertex -6.49966 -38.2133 3.2
    endloop
  endfacet
  facet normal 0.9244 -0.381426 0
    outer loop
      vertex -6.47383 -38.1507 3.2
      vertex -6.47383 -38.1507 5
      vertex -6.49966 -38.2133 5
    endloop
  endfacet
  facet normal 0.948623 -0.31641 0
    outer loop
      vertex -6.45295 -38.0881 3.2
      vertex -6.47383 -38.1507 5
      vertex -6.47383 -38.1507 3.2
    endloop
  endfacet
  facet normal 0.948623 -0.31641 0
    outer loop
      vertex -6.45295 -38.0881 3.2
      vertex -6.45295 -38.0881 5
      vertex -6.47383 -38.1507 5
    endloop
  endfacet
  facet normal 0.969341 -0.24572 0
    outer loop
      vertex -6.43698 -38.0251 3.2
      vertex -6.45295 -38.0881 5
      vertex -6.45295 -38.0881 3.2
    endloop
  endfacet
  facet normal 0.969341 -0.24572 0
    outer loop
      vertex -6.43698 -38.0251 3.2
      vertex -6.43698 -38.0251 5
      vertex -6.45295 -38.0881 5
    endloop
  endfacet
  facet normal 0.985063 -0.172192 0
    outer loop
      vertex -6.42588 -37.9616 3.2
      vertex -6.43698 -38.0251 5
      vertex -6.43698 -38.0251 3.2
    endloop
  endfacet
  facet normal 0.985063 -0.172192 0
    outer loop
      vertex -6.42588 -37.9616 3.2
      vertex -6.42588 -37.9616 5
      vertex -6.43698 -38.0251 5
    endloop
  endfacet
  facet normal 0.995265 -0.0972011 0
    outer loop
      vertex -6.41961 -37.8974 3.2
      vertex -6.42588 -37.9616 5
      vertex -6.42588 -37.9616 3.2
    endloop
  endfacet
  facet normal 0.995265 -0.0972011 0
    outer loop
      vertex -6.41961 -37.8974 3.2
      vertex -6.41961 -37.8974 5
      vertex -6.42588 -37.9616 5
    endloop
  endfacet
  facet normal 0.999742 -0.0227284 0
    outer loop
      vertex -6.41813 -37.8323 3.2
      vertex -6.41961 -37.8974 5
      vertex -6.41961 -37.8974 3.2
    endloop
  endfacet
  facet normal 0.999742 -0.0227284 0
    outer loop
      vertex -6.41813 -37.8323 3.2
      vertex -6.41813 -37.8323 5
      vertex -6.41961 -37.8974 5
    endloop
  endfacet
  facet normal 0.998782 0.0493356 0
    outer loop
      vertex -6.4214 -37.7661 3.2
      vertex -6.41813 -37.8323 5
      vertex -6.41813 -37.8323 3.2
    endloop
  endfacet
  facet normal 0.998782 0.0493356 -0
    outer loop
      vertex -6.4214 -37.7661 3.2
      vertex -6.4214 -37.7661 5
      vertex -6.41813 -37.8323 5
    endloop
  endfacet
  facet normal 0.993101 0.11726 0
    outer loop
      vertex -6.42937 -37.6986 3.2
      vertex -6.4214 -37.7661 5
      vertex -6.4214 -37.7661 3.2
    endloop
  endfacet
  facet normal 0.993101 0.11726 -0
    outer loop
      vertex -6.42937 -37.6986 3.2
      vertex -6.42937 -37.6986 5
      vertex -6.4214 -37.7661 5
    endloop
  endfacet
  facet normal 0.983632 0.18019 0
    outer loop
      vertex -6.44201 -37.6296 3.2
      vertex -6.42937 -37.6986 5
      vertex -6.42937 -37.6986 3.2
    endloop
  endfacet
  facet normal 0.983632 0.18019 -0
    outer loop
      vertex -6.44201 -37.6296 3.2
      vertex -6.44201 -37.6296 5
      vertex -6.42937 -37.6986 5
    endloop
  endfacet
  facet normal 0.971392 0.237482 0
    outer loop
      vertex -6.45927 -37.559 3.2
      vertex -6.44201 -37.6296 5
      vertex -6.44201 -37.6296 3.2
    endloop
  endfacet
  facet normal 0.971392 0.237482 -0
    outer loop
      vertex -6.45927 -37.559 3.2
      vertex -6.45927 -37.559 5
      vertex -6.44201 -37.6296 5
    endloop
  endfacet
  facet normal 0.957352 0.288925 0
    outer loop
      vertex -6.48112 -37.4866 3.2
      vertex -6.45927 -37.559 5
      vertex -6.45927 -37.559 3.2
    endloop
  endfacet
  facet normal 0.957352 0.288925 -0
    outer loop
      vertex -6.48112 -37.4866 3.2
      vertex -6.48112 -37.4866 5
      vertex -6.45927 -37.559 5
    endloop
  endfacet
  facet normal 0.942569 0.334011 0
    outer loop
      vertex -6.50752 -37.4121 3.2
      vertex -6.48112 -37.4866 5
      vertex -6.48112 -37.4866 3.2
    endloop
  endfacet
  facet normal 0.942569 0.334011 -0
    outer loop
      vertex -6.50752 -37.4121 3.2
      vertex -6.50752 -37.4121 5
      vertex -6.48112 -37.4866 5
    endloop
  endfacet
  facet normal 0.903963 0.427611 0
    outer loop
      vertex -6.53226 -37.3598 3.2
      vertex -6.50752 -37.4121 5
      vertex -6.50752 -37.4121 3.2
    endloop
  endfacet
  facet normal 0.903963 0.427611 -0
    outer loop
      vertex -6.53226 -37.3598 3.2
      vertex -6.53226 -37.3598 5
      vertex -6.50752 -37.4121 5
    endloop
  endfacet
  facet normal 0.817022 0.576606 0
    outer loop
      vertex -6.57651 -37.2971 3.2
      vertex -6.53226 -37.3598 5
      vertex -6.53226 -37.3598 3.2
    endloop
  endfacet
  facet normal 0.817022 0.576606 -0
    outer loop
      vertex -6.57651 -37.2971 3.2
      vertex -6.57651 -37.2971 5
      vertex -6.53226 -37.3598 5
    endloop
  endfacet
  facet normal 0.757568 0.652756 0
    outer loop
      vertex -6.63829 -37.2254 3.2
      vertex -6.57651 -37.2971 5
      vertex -6.57651 -37.2971 3.2
    endloop
  endfacet
  facet normal 0.757568 0.652756 -0
    outer loop
      vertex -6.63829 -37.2254 3.2
      vertex -6.63829 -37.2254 5
      vertex -6.57651 -37.2971 5
    endloop
  endfacet
  facet normal 0.715368 0.698748 0
    outer loop
      vertex -6.71565 -37.1462 3.2
      vertex -6.63829 -37.2254 5
      vertex -6.63829 -37.2254 3.2
    endloop
  endfacet
  facet normal 0.715368 0.698748 -0
    outer loop
      vertex -6.71565 -37.1462 3.2
      vertex -6.71565 -37.1462 5
      vertex -6.63829 -37.2254 5
    endloop
  endfacet
  facet normal 0.684128 0.729362 0
    outer loop
      vertex -6.80659 -37.0609 3.2
      vertex -6.71565 -37.1462 5
      vertex -6.71565 -37.1462 3.2
    endloop
  endfacet
  facet normal 0.684128 0.729362 -0
    outer loop
      vertex -6.80659 -37.0609 3.2
      vertex -6.80659 -37.0609 5
      vertex -6.71565 -37.1462 5
    endloop
  endfacet
  facet normal 0.660033 0.751236 0
    outer loop
      vertex -6.90914 -36.9708 3.2
      vertex -6.80659 -37.0609 5
      vertex -6.80659 -37.0609 3.2
    endloop
  endfacet
  facet normal 0.660033 0.751236 -0
    outer loop
      vertex -6.90914 -36.9708 3.2
      vertex -6.90914 -36.9708 5
      vertex -6.80659 -37.0609 5
    endloop
  endfacet
  facet normal 0.639409 0.768867 0
    outer loop
      vertex -7.02133 -36.8775 3.2
      vertex -6.90914 -36.9708 5
      vertex -6.90914 -36.9708 3.2
    endloop
  endfacet
  facet normal 0.639409 0.768867 -0
    outer loop
      vertex -7.02133 -36.8775 3.2
      vertex -7.02133 -36.8775 5
      vertex -6.90914 -36.9708 5
    endloop
  endfacet
  facet normal 0.622351 0.782738 0
    outer loop
      vertex -7.14119 -36.7822 3.2
      vertex -7.02133 -36.8775 5
      vertex -7.02133 -36.8775 3.2
    endloop
  endfacet
  facet normal 0.622351 0.782738 -0
    outer loop
      vertex -7.14119 -36.7822 3.2
      vertex -7.14119 -36.7822 5
      vertex -7.02133 -36.8775 5
    endloop
  endfacet
  facet normal 0.606646 0.794972 0
    outer loop
      vertex -7.26673 -36.6864 3.2
      vertex -7.14119 -36.7822 5
      vertex -7.14119 -36.7822 3.2
    endloop
  endfacet
  facet normal 0.606646 0.794972 -0
    outer loop
      vertex -7.26673 -36.6864 3.2
      vertex -7.26673 -36.6864 5
      vertex -7.14119 -36.7822 5
    endloop
  endfacet
  facet normal 0.591402 0.806377 0
    outer loop
      vertex -7.39599 -36.5916 3.2
      vertex -7.26673 -36.6864 5
      vertex -7.26673 -36.6864 3.2
    endloop
  endfacet
  facet normal 0.591402 0.806377 -0
    outer loop
      vertex -7.39599 -36.5916 3.2
      vertex -7.39599 -36.5916 5
      vertex -7.26673 -36.6864 5
    endloop
  endfacet
  facet normal 0.576806 0.816881 0
    outer loop
      vertex -7.52699 -36.4991 3.2
      vertex -7.39599 -36.5916 5
      vertex -7.39599 -36.5916 3.2
    endloop
  endfacet
  facet normal 0.576806 0.816881 -0
    outer loop
      vertex -7.52699 -36.4991 3.2
      vertex -7.52699 -36.4991 5
      vertex -7.39599 -36.5916 5
    endloop
  endfacet
  facet normal 0.561371 0.827564 0
    outer loop
      vertex -7.65775 -36.4104 3.2
      vertex -7.52699 -36.4991 5
      vertex -7.52699 -36.4991 3.2
    endloop
  endfacet
  facet normal 0.561371 0.827564 -0
    outer loop
      vertex -7.65775 -36.4104 3.2
      vertex -7.65775 -36.4104 5
      vertex -7.52699 -36.4991 5
    endloop
  endfacet
  facet normal 0.545183 0.838317 0
    outer loop
      vertex -7.7863 -36.3268 3.2
      vertex -7.65775 -36.4104 5
      vertex -7.65775 -36.4104 3.2
    endloop
  endfacet
  facet normal 0.545183 0.838317 -0
    outer loop
      vertex -7.7863 -36.3268 3.2
      vertex -7.7863 -36.3268 5
      vertex -7.65775 -36.4104 5
    endloop
  endfacet
  facet normal 0.526893 0.849931 0
    outer loop
      vertex -7.91067 -36.2497 3.2
      vertex -7.7863 -36.3268 5
      vertex -7.7863 -36.3268 3.2
    endloop
  endfacet
  facet normal 0.526893 0.849931 -0
    outer loop
      vertex -7.91067 -36.2497 3.2
      vertex -7.91067 -36.2497 5
      vertex -7.7863 -36.3268 5
    endloop
  endfacet
  facet normal 0.504112 0.863638 0
    outer loop
      vertex -8.02888 -36.1807 3.2
      vertex -7.91067 -36.2497 5
      vertex -7.91067 -36.2497 3.2
    endloop
  endfacet
  facet normal 0.504112 0.863638 -0
    outer loop
      vertex -8.02888 -36.1807 3.2
      vertex -8.02888 -36.1807 5
      vertex -7.91067 -36.2497 5
    endloop
  endfacet
  facet normal 0.476769 0.879028 0
    outer loop
      vertex -8.13895 -36.121 3.2
      vertex -8.02888 -36.1807 5
      vertex -8.02888 -36.1807 3.2
    endloop
  endfacet
  facet normal 0.476769 0.879028 -0
    outer loop
      vertex -8.13895 -36.121 3.2
      vertex -8.13895 -36.121 5
      vertex -8.02888 -36.1807 5
    endloop
  endfacet
  facet normal 0.438707 0.89863 0
    outer loop
      vertex -8.23891 -36.0722 3.2
      vertex -8.13895 -36.121 5
      vertex -8.13895 -36.121 3.2
    endloop
  endfacet
  facet normal 0.438707 0.89863 -0
    outer loop
      vertex -8.23891 -36.0722 3.2
      vertex -8.23891 -36.0722 5
      vertex -8.13895 -36.121 5
    endloop
  endfacet
  facet normal 0.385324 0.922782 0
    outer loop
      vertex -8.3268 -36.0355 3.2
      vertex -8.23891 -36.0722 5
      vertex -8.23891 -36.0722 3.2
    endloop
  endfacet
  facet normal 0.385324 0.922782 -0
    outer loop
      vertex -8.3268 -36.0355 3.2
      vertex -8.3268 -36.0355 5
      vertex -8.23891 -36.0722 5
    endloop
  endfacet
  facet normal 0.297502 0.954721 0
    outer loop
      vertex -8.40061 -36.0125 3.2
      vertex -8.3268 -36.0355 5
      vertex -8.3268 -36.0355 3.2
    endloop
  endfacet
  facet normal 0.297502 0.954721 -0
    outer loop
      vertex -8.40061 -36.0125 3.2
      vertex -8.40061 -36.0125 5
      vertex -8.3268 -36.0355 5
    endloop
  endfacet
  facet normal 0.137101 0.990557 0
    outer loop
      vertex -8.45841 -36.0045 3.2
      vertex -8.40061 -36.0125 5
      vertex -8.40061 -36.0125 3.2
    endloop
  endfacet
  facet normal 0.137101 0.990557 -0
    outer loop
      vertex -8.45841 -36.0045 3.2
      vertex -8.45841 -36.0045 5
      vertex -8.40061 -36.0125 5
    endloop
  endfacet
  facet normal 0.0671706 0.997742 0
    outer loop
      vertex -8.47772 -36.0032 3.2
      vertex -8.45841 -36.0045 5
      vertex -8.45841 -36.0045 3.2
    endloop
  endfacet
  facet normal 0.0671706 0.997742 -0
    outer loop
      vertex -8.47772 -36.0032 3.2
      vertex -8.47772 -36.0032 5
      vertex -8.45841 -36.0045 5
    endloop
  endfacet
  facet normal 0.18234 0.983235 0
    outer loop
      vertex -8.49875 -35.9993 3.2
      vertex -8.47772 -36.0032 5
      vertex -8.47772 -36.0032 3.2
    endloop
  endfacet
  facet normal 0.18234 0.983235 -0
    outer loop
      vertex -8.49875 -35.9993 3.2
      vertex -8.49875 -35.9993 5
      vertex -8.47772 -36.0032 5
    endloop
  endfacet
  facet normal 0.268523 0.963273 0
    outer loop
      vertex -8.52135 -35.993 3.2
      vertex -8.49875 -35.9993 5
      vertex -8.49875 -35.9993 3.2
    endloop
  endfacet
  facet normal 0.268523 0.963273 -0
    outer loop
      vertex -8.52135 -35.993 3.2
      vertex -8.52135 -35.993 5
      vertex -8.49875 -35.9993 5
    endloop
  endfacet
  facet normal 0.340298 0.940318 0
    outer loop
      vertex -8.54539 -35.9843 3.2
      vertex -8.52135 -35.993 5
      vertex -8.52135 -35.993 3.2
    endloop
  endfacet
  facet normal 0.340298 0.940318 -0
    outer loop
      vertex -8.54539 -35.9843 3.2
      vertex -8.54539 -35.9843 5
      vertex -8.52135 -35.993 5
    endloop
  endfacet
  facet normal 0.391947 0.919988 0
    outer loop
      vertex -8.57074 -35.9735 3.2
      vertex -8.54539 -35.9843 5
      vertex -8.54539 -35.9843 3.2
    endloop
  endfacet
  facet normal 0.391947 0.919988 -0
    outer loop
      vertex -8.57074 -35.9735 3.2
      vertex -8.57074 -35.9735 5
      vertex -8.54539 -35.9843 5
    endloop
  endfacet
  facet normal 0.440023 0.897986 0
    outer loop
      vertex -8.59727 -35.9605 3.2
      vertex -8.57074 -35.9735 5
      vertex -8.57074 -35.9735 3.2
    endloop
  endfacet
  facet normal 0.440023 0.897986 -0
    outer loop
      vertex -8.59727 -35.9605 3.2
      vertex -8.59727 -35.9605 5
      vertex -8.57074 -35.9735 5
    endloop
  endfacet
  facet normal 0.477781 0.878479 0
    outer loop
      vertex -8.62485 -35.9455 3.2
      vertex -8.59727 -35.9605 5
      vertex -8.59727 -35.9605 3.2
    endloop
  endfacet
  facet normal 0.477781 0.878479 -0
    outer loop
      vertex -8.62485 -35.9455 3.2
      vertex -8.62485 -35.9455 5
      vertex -8.59727 -35.9605 5
    endloop
  endfacet
  facet normal 0.510315 0.859987 0
    outer loop
      vertex -8.65333 -35.9286 3.2
      vertex -8.62485 -35.9455 5
      vertex -8.62485 -35.9455 3.2
    endloop
  endfacet
  facet normal 0.510315 0.859987 -0
    outer loop
      vertex -8.65333 -35.9286 3.2
      vertex -8.65333 -35.9286 5
      vertex -8.62485 -35.9455 5
    endloop
  endfacet
  facet normal 0.536465 0.843923 0
    outer loop
      vertex -8.68259 -35.91 3.2
      vertex -8.65333 -35.9286 5
      vertex -8.65333 -35.9286 3.2
    endloop
  endfacet
  facet normal 0.536465 0.843923 -0
    outer loop
      vertex -8.68259 -35.91 3.2
      vertex -8.68259 -35.91 5
      vertex -8.65333 -35.9286 5
    endloop
  endfacet
  facet normal 0.561576 0.827425 0
    outer loop
      vertex -8.7125 -35.8897 3.2
      vertex -8.68259 -35.91 5
      vertex -8.68259 -35.91 3.2
    endloop
  endfacet
  facet normal 0.561576 0.827425 -0
    outer loop
      vertex -8.7125 -35.8897 3.2
      vertex -8.7125 -35.8897 5
      vertex -8.68259 -35.91 5
    endloop
  endfacet
  facet normal 0.584263 0.811565 0
    outer loop
      vertex -8.74292 -35.8678 3.2
      vertex -8.7125 -35.8897 5
      vertex -8.7125 -35.8897 3.2
    endloop
  endfacet
  facet normal 0.584263 0.811565 -0
    outer loop
      vertex -8.74292 -35.8678 3.2
      vertex -8.74292 -35.8678 5
      vertex -8.7125 -35.8897 5
    endloop
  endfacet
  facet normal 0.603309 0.797507 0
    outer loop
      vertex -8.77372 -35.8445 3.2
      vertex -8.74292 -35.8678 5
      vertex -8.74292 -35.8678 3.2
    endloop
  endfacet
  facet normal 0.603309 0.797507 -0
    outer loop
      vertex -8.77372 -35.8445 3.2
      vertex -8.77372 -35.8445 5
      vertex -8.74292 -35.8678 5
    endloop
  endfacet
  facet normal 0.622787 0.782392 0
    outer loop
      vertex -8.80475 -35.8198 3.2
      vertex -8.77372 -35.8445 5
      vertex -8.77372 -35.8445 3.2
    endloop
  endfacet
  facet normal 0.622787 0.782392 -0
    outer loop
      vertex -8.80475 -35.8198 3.2
      vertex -8.80475 -35.8198 5
      vertex -8.77372 -35.8445 5
    endloop
  endfacet
  facet normal 0.63775 0.770244 0
    outer loop
      vertex -8.83591 -35.794 3.2
      vertex -8.80475 -35.8198 5
      vertex -8.80475 -35.8198 3.2
    endloop
  endfacet
  facet normal 0.63775 0.770244 -0
    outer loop
      vertex -8.83591 -35.794 3.2
      vertex -8.83591 -35.794 5
      vertex -8.80475 -35.8198 5
    endloop
  endfacet
  facet normal 0.655217 0.755441 0
    outer loop
      vertex -8.86704 -35.767 3.2
      vertex -8.83591 -35.794 5
      vertex -8.83591 -35.794 3.2
    endloop
  endfacet
  facet normal 0.655217 0.755441 -0
    outer loop
      vertex -8.86704 -35.767 3.2
      vertex -8.86704 -35.767 5
      vertex -8.83591 -35.794 5
    endloop
  endfacet
  facet normal 0.670524 0.741887 0
    outer loop
      vertex -8.89802 -35.739 3.2
      vertex -8.86704 -35.767 5
      vertex -8.86704 -35.767 3.2
    endloop
  endfacet
  facet normal 0.670524 0.741887 -0
    outer loop
      vertex -8.89802 -35.739 3.2
      vertex -8.89802 -35.739 5
      vertex -8.86704 -35.767 5
    endloop
  endfacet
  facet normal 0.685439 0.72813 0
    outer loop
      vertex -8.92872 -35.7101 3.2
      vertex -8.89802 -35.739 5
      vertex -8.89802 -35.739 3.2
    endloop
  endfacet
  facet normal 0.685439 0.72813 -0
    outer loop
      vertex -8.92872 -35.7101 3.2
      vertex -8.92872 -35.7101 5
      vertex -8.89802 -35.739 5
    endloop
  endfacet
  facet normal 0.69915 0.714975 0
    outer loop
      vertex -8.95899 -35.6805 3.2
      vertex -8.92872 -35.7101 5
      vertex -8.92872 -35.7101 3.2
    endloop
  endfacet
  facet normal 0.69915 0.714975 -0
    outer loop
      vertex -8.95899 -35.6805 3.2
      vertex -8.95899 -35.6805 5
      vertex -8.92872 -35.7101 5
    endloop
  endfacet
  facet normal 0.715059 0.699064 0
    outer loop
      vertex -8.98871 -35.6501 3.2
      vertex -8.95899 -35.6805 5
      vertex -8.95899 -35.6805 3.2
    endloop
  endfacet
  facet normal 0.715059 0.699064 -0
    outer loop
      vertex -8.98871 -35.6501 3.2
      vertex -8.98871 -35.6501 5
      vertex -8.95899 -35.6805 5
    endloop
  endfacet
  facet normal 0.727589 0.686013 0
    outer loop
      vertex -9.01775 -35.6193 3.2
      vertex -8.98871 -35.6501 5
      vertex -8.98871 -35.6501 3.2
    endloop
  endfacet
  facet normal 0.727589 0.686013 -0
    outer loop
      vertex -9.01775 -35.6193 3.2
      vertex -9.01775 -35.6193 5
      vertex -8.98871 -35.6501 5
    endloop
  endfacet
  facet normal 0.739712 0.672924 0
    outer loop
      vertex -9.08707 -35.5431 3.2
      vertex -9.01775 -35.6193 5
      vertex -9.01775 -35.6193 3.2
    endloop
  endfacet
  facet normal 0.739712 0.672924 -0
    outer loop
      vertex -9.08707 -35.5431 3.2
      vertex -9.08707 -35.5431 5
      vertex -9.01775 -35.6193 5
    endloop
  endfacet
  facet normal 0.691725 0.722161 0
    outer loop
      vertex -9.16798 -35.4656 3.2
      vertex -9.08707 -35.5431 5
      vertex -9.08707 -35.5431 3.2
    endloop
  endfacet
  facet normal 0.691725 0.722161 -0
    outer loop
      vertex -9.16798 -35.4656 3.2
      vertex -9.16798 -35.4656 5
      vertex -9.08707 -35.5431 5
    endloop
  endfacet
  facet normal 0.647752 0.761852 0
    outer loop
      vertex -9.26019 -35.3872 3.2
      vertex -9.16798 -35.4656 5
      vertex -9.16798 -35.4656 3.2
    endloop
  endfacet
  facet normal 0.647752 0.761852 -0
    outer loop
      vertex -9.26019 -35.3872 3.2
      vertex -9.26019 -35.3872 5
      vertex -9.16798 -35.4656 5
    endloop
  endfacet
  facet normal 0.609748 0.792595 0
    outer loop
      vertex -9.3634 -35.3078 3.2
      vertex -9.26019 -35.3872 5
      vertex -9.26019 -35.3872 3.2
    endloop
  endfacet
  facet normal 0.609748 0.792595 -0
    outer loop
      vertex -9.3634 -35.3078 3.2
      vertex -9.3634 -35.3078 5
      vertex -9.26019 -35.3872 5
    endloop
  endfacet
  facet normal 0.575623 0.817715 0
    outer loop
      vertex -9.47733 -35.2276 3.2
      vertex -9.3634 -35.3078 5
      vertex -9.3634 -35.3078 3.2
    endloop
  endfacet
  facet normal 0.575623 0.817715 -0
    outer loop
      vertex -9.47733 -35.2276 3.2
      vertex -9.47733 -35.2276 5
      vertex -9.3634 -35.3078 5
    endloop
  endfacet
  facet normal 0.545239 0.83828 0
    outer loop
      vertex -9.60171 -35.1467 3.2
      vertex -9.47733 -35.2276 5
      vertex -9.47733 -35.2276 3.2
    endloop
  endfacet
  facet normal 0.545239 0.83828 -0
    outer loop
      vertex -9.60171 -35.1467 3.2
      vertex -9.60171 -35.1467 5
      vertex -9.47733 -35.2276 5
    endloop
  endfacet
  facet normal 0.51771 0.855556 0
    outer loop
      vertex -9.73623 -35.0653 3.2
      vertex -9.60171 -35.1467 5
      vertex -9.60171 -35.1467 3.2
    endloop
  endfacet
  facet normal 0.51771 0.855556 -0
    outer loop
      vertex -9.73623 -35.0653 3.2
      vertex -9.73623 -35.0653 5
      vertex -9.60171 -35.1467 5
    endloop
  endfacet
  facet normal 0.492917 0.870076 0
    outer loop
      vertex -9.88062 -34.9835 3.2
      vertex -9.73623 -35.0653 5
      vertex -9.73623 -35.0653 3.2
    endloop
  endfacet
  facet normal 0.492917 0.870076 -0
    outer loop
      vertex -9.88062 -34.9835 3.2
      vertex -9.88062 -34.9835 5
      vertex -9.73623 -35.0653 5
    endloop
  endfacet
  facet normal 0.470487 0.882407 0
    outer loop
      vertex -10.0346 -34.9014 3.2
      vertex -9.88062 -34.9835 5
      vertex -9.88062 -34.9835 3.2
    endloop
  endfacet
  facet normal 0.470487 0.882407 -0
    outer loop
      vertex -10.0346 -34.9014 3.2
      vertex -10.0346 -34.9014 5
      vertex -9.88062 -34.9835 5
    endloop
  endfacet
  facet normal 0.449838 0.89311 0
    outer loop
      vertex -10.1978 -34.8192 3.2
      vertex -10.0346 -34.9014 5
      vertex -10.0346 -34.9014 3.2
    endloop
  endfacet
  facet normal 0.449838 0.89311 -0
    outer loop
      vertex -10.1978 -34.8192 3.2
      vertex -10.1978 -34.8192 5
      vertex -10.0346 -34.9014 5
    endloop
  endfacet
  facet normal 0.430584 0.90255 0
    outer loop
      vertex -10.3701 -34.737 3.2
      vertex -10.1978 -34.8192 5
      vertex -10.1978 -34.8192 3.2
    endloop
  endfacet
  facet normal 0.430584 0.90255 -0
    outer loop
      vertex -10.3701 -34.737 3.2
      vertex -10.3701 -34.737 5
      vertex -10.1978 -34.8192 5
    endloop
  endfacet
  facet normal 0.413083 0.910694 0
    outer loop
      vertex -10.5511 -34.6549 3.2
      vertex -10.3701 -34.737 5
      vertex -10.3701 -34.737 3.2
    endloop
  endfacet
  facet normal 0.413083 0.910694 -0
    outer loop
      vertex -10.5511 -34.6549 3.2
      vertex -10.5511 -34.6549 5
      vertex -10.3701 -34.737 5
    endloop
  endfacet
  facet normal 0.396492 0.918038 0
    outer loop
      vertex -10.7405 -34.5731 3.2
      vertex -10.5511 -34.6549 5
      vertex -10.5511 -34.6549 3.2
    endloop
  endfacet
  facet normal 0.396492 0.918038 -0
    outer loop
      vertex -10.7405 -34.5731 3.2
      vertex -10.7405 -34.5731 5
      vertex -10.5511 -34.6549 5
    endloop
  endfacet
  facet normal 0.381056 0.924552 0
    outer loop
      vertex -10.938 -34.4917 3.2
      vertex -10.7405 -34.5731 5
      vertex -10.7405 -34.5731 3.2
    endloop
  endfacet
  facet normal 0.381056 0.924552 -0
    outer loop
      vertex -10.938 -34.4917 3.2
      vertex -10.938 -34.4917 5
      vertex -10.7405 -34.5731 5
    endloop
  endfacet
  facet normal 0.366465 0.930432 0
    outer loop
      vertex -11.1434 -34.4108 3.2
      vertex -10.938 -34.4917 5
      vertex -10.938 -34.4917 3.2
    endloop
  endfacet
  facet normal 0.366465 0.930432 -0
    outer loop
      vertex -11.1434 -34.4108 3.2
      vertex -11.1434 -34.4108 5
      vertex -10.938 -34.4917 5
    endloop
  endfacet
  facet normal 0.352375 0.935859 0
    outer loop
      vertex -11.3564 -34.3306 3.2
      vertex -11.1434 -34.4108 5
      vertex -11.1434 -34.4108 3.2
    endloop
  endfacet
  facet normal 0.352375 0.935859 -0
    outer loop
      vertex -11.3564 -34.3306 3.2
      vertex -11.3564 -34.3306 5
      vertex -11.1434 -34.4108 5
    endloop
  endfacet
  facet normal 0.339067 0.940762 0
    outer loop
      vertex -11.5767 -34.2512 3.2
      vertex -11.3564 -34.3306 5
      vertex -11.3564 -34.3306 3.2
    endloop
  endfacet
  facet normal 0.339067 0.940762 -0
    outer loop
      vertex -11.5767 -34.2512 3.2
      vertex -11.5767 -34.2512 5
      vertex -11.3564 -34.3306 5
    endloop
  endfacet
  facet normal 0.326568 0.945174 0
    outer loop
      vertex -11.8039 -34.1727 3.2
      vertex -11.5767 -34.2512 5
      vertex -11.5767 -34.2512 3.2
    endloop
  endfacet
  facet normal 0.326568 0.945174 -0
    outer loop
      vertex -11.8039 -34.1727 3.2
      vertex -11.8039 -34.1727 5
      vertex -11.5767 -34.2512 5
    endloop
  endfacet
  facet normal 0.314036 0.949411 0
    outer loop
      vertex -12.0379 -34.0953 3.2
      vertex -11.8039 -34.1727 5
      vertex -11.8039 -34.1727 3.2
    endloop
  endfacet
  facet normal 0.314036 0.949411 -0
    outer loop
      vertex -12.0379 -34.0953 3.2
      vertex -12.0379 -34.0953 5
      vertex -11.8039 -34.1727 5
    endloop
  endfacet
  facet normal 0.302156 0.953258 0
    outer loop
      vertex -12.2783 -34.0191 3.2
      vertex -12.0379 -34.0953 5
      vertex -12.0379 -34.0953 3.2
    endloop
  endfacet
  facet normal 0.302156 0.953258 -0
    outer loop
      vertex -12.2783 -34.0191 3.2
      vertex -12.2783 -34.0191 5
      vertex -12.0379 -34.0953 5
    endloop
  endfacet
  facet normal 0.302401 0.953181 0
    outer loop
      vertex -12.3861 -33.9849 3.2
      vertex -12.2783 -34.0191 5
      vertex -12.2783 -34.0191 3.2
    endloop
  endfacet
  facet normal 0.302401 0.953181 -0
    outer loop
      vertex -12.3861 -33.9849 3.2
      vertex -12.3861 -33.9849 5
      vertex -12.2783 -34.0191 5
    endloop
  endfacet
  facet normal 0.309223 0.95099 0
    outer loop
      vertex -12.4962 -33.9491 3.2
      vertex -12.3861 -33.9849 5
      vertex -12.3861 -33.9849 3.2
    endloop
  endfacet
  facet normal 0.309223 0.95099 -0
    outer loop
      vertex -12.4962 -33.9491 3.2
      vertex -12.4962 -33.9491 5
      vertex -12.3861 -33.9849 5
    endloop
  endfacet
  facet normal 0.314701 0.949191 0
    outer loop
      vertex -12.6081 -33.912 3.2
      vertex -12.4962 -33.9491 5
      vertex -12.4962 -33.9491 3.2
    endloop
  endfacet
  facet normal 0.314701 0.949191 -0
    outer loop
      vertex -12.6081 -33.912 3.2
      vertex -12.6081 -33.912 5
      vertex -12.4962 -33.9491 5
    endloop
  endfacet
  facet normal 0.321243 0.946997 0
    outer loop
      vertex -12.7213 -33.8736 3.2
      vertex -12.6081 -33.912 5
      vertex -12.6081 -33.912 3.2
    endloop
  endfacet
  facet normal 0.321243 0.946997 -0
    outer loop
      vertex -12.7213 -33.8736 3.2
      vertex -12.7213 -33.8736 5
      vertex -12.6081 -33.912 5
    endloop
  endfacet
  facet normal 0.325914 0.945399 0
    outer loop
      vertex -12.8353 -33.8343 3.2
      vertex -12.7213 -33.8736 5
      vertex -12.7213 -33.8736 3.2
    endloop
  endfacet
  facet normal 0.325914 0.945399 -0
    outer loop
      vertex -12.8353 -33.8343 3.2
      vertex -12.8353 -33.8343 5
      vertex -12.7213 -33.8736 5
    endloop
  endfacet
  facet normal 0.331049 0.943614 0
    outer loop
      vertex -12.9496 -33.7942 3.2
      vertex -12.8353 -33.8343 5
      vertex -12.8353 -33.8343 3.2
    endloop
  endfacet
  facet normal 0.331049 0.943614 -0
    outer loop
      vertex -12.9496 -33.7942 3.2
      vertex -12.9496 -33.7942 5
      vertex -12.8353 -33.8343 5
    endloop
  endfacet
  facet normal 0.335499 0.942041 0
    outer loop
      vertex -13.0636 -33.7536 3.2
      vertex -12.9496 -33.7942 5
      vertex -12.9496 -33.7942 3.2
    endloop
  endfacet
  facet normal 0.335499 0.942041 -0
    outer loop
      vertex -13.0636 -33.7536 3.2
      vertex -13.0636 -33.7536 5
      vertex -12.9496 -33.7942 5
    endloop
  endfacet
  facet normal 0.341276 0.939963 0
    outer loop
      vertex -13.1768 -33.7125 3.2
      vertex -13.0636 -33.7536 5
      vertex -13.0636 -33.7536 3.2
    endloop
  endfacet
  facet normal 0.341276 0.939963 -0
    outer loop
      vertex -13.1768 -33.7125 3.2
      vertex -13.1768 -33.7125 5
      vertex -13.0636 -33.7536 5
    endloop
  endfacet
  facet normal 0.345511 0.938415 0
    outer loop
      vertex -13.2887 -33.6713 3.2
      vertex -13.1768 -33.7125 5
      vertex -13.1768 -33.7125 3.2
    endloop
  endfacet
  facet normal 0.345511 0.938415 -0
    outer loop
      vertex -13.2887 -33.6713 3.2
      vertex -13.2887 -33.6713 5
      vertex -13.1768 -33.7125 5
    endloop
  endfacet
  facet normal 0.35075 0.936469 0
    outer loop
      vertex -13.3987 -33.6301 3.2
      vertex -13.2887 -33.6713 5
      vertex -13.2887 -33.6713 3.2
    endloop
  endfacet
  facet normal 0.35075 0.936469 -0
    outer loop
      vertex -13.3987 -33.6301 3.2
      vertex -13.3987 -33.6301 5
      vertex -13.2887 -33.6713 5
    endloop
  endfacet
  facet normal 0.355021 0.934858 0
    outer loop
      vertex -13.5064 -33.5892 3.2
      vertex -13.3987 -33.6301 5
      vertex -13.3987 -33.6301 3.2
    endloop
  endfacet
  facet normal 0.355021 0.934858 -0
    outer loop
      vertex -13.5064 -33.5892 3.2
      vertex -13.5064 -33.5892 5
      vertex -13.3987 -33.6301 5
    endloop
  endfacet
  facet normal 0.360944 0.932587 0
    outer loop
      vertex -13.6113 -33.5486 3.2
      vertex -13.5064 -33.5892 5
      vertex -13.5064 -33.5892 3.2
    endloop
  endfacet
  facet normal 0.360944 0.932587 -0
    outer loop
      vertex -13.6113 -33.5486 3.2
      vertex -13.6113 -33.5486 5
      vertex -13.5064 -33.5892 5
    endloop
  endfacet
  facet normal 0.366163 0.930551 0
    outer loop
      vertex -13.7127 -33.5087 3.2
      vertex -13.6113 -33.5486 5
      vertex -13.6113 -33.5486 3.2
    endloop
  endfacet
  facet normal 0.366163 0.930551 -0
    outer loop
      vertex -13.7127 -33.5087 3.2
      vertex -13.7127 -33.5087 5
      vertex -13.6113 -33.5486 5
    endloop
  endfacet
  facet normal 0.372211 0.928148 0
    outer loop
      vertex -13.8102 -33.4696 3.2
      vertex -13.7127 -33.5087 5
      vertex -13.7127 -33.5087 3.2
    endloop
  endfacet
  facet normal 0.372211 0.928148 -0
    outer loop
      vertex -13.8102 -33.4696 3.2
      vertex -13.8102 -33.4696 5
      vertex -13.7127 -33.5087 5
    endloop
  endfacet
  facet normal 0.378749 0.925499 0
    outer loop
      vertex -13.9033 -33.4315 3.2
      vertex -13.8102 -33.4696 5
      vertex -13.8102 -33.4696 3.2
    endloop
  endfacet
  facet normal 0.378749 0.925499 -0
    outer loop
      vertex -13.9033 -33.4315 3.2
      vertex -13.9033 -33.4315 5
      vertex -13.8102 -33.4696 5
    endloop
  endfacet
  facet normal 0.386325 0.922363 0
    outer loop
      vertex -13.9914 -33.3946 3.2
      vertex -13.9033 -33.4315 5
      vertex -13.9033 -33.4315 3.2
    endloop
  endfacet
  facet normal 0.386325 0.922363 -0
    outer loop
      vertex -13.9914 -33.3946 3.2
      vertex -13.9914 -33.3946 5
      vertex -13.9033 -33.4315 5
    endloop
  endfacet
  facet normal 0.393919 0.919145 0
    outer loop
      vertex -14.074 -33.3592 3.2
      vertex -13.9914 -33.3946 5
      vertex -13.9914 -33.3946 3.2
    endloop
  endfacet
  facet normal 0.393919 0.919145 -0
    outer loop
      vertex -14.074 -33.3592 3.2
      vertex -14.074 -33.3592 5
      vertex -13.9914 -33.3946 5
    endloop
  endfacet
  facet normal 0.403699 0.914892 0
    outer loop
      vertex -14.1506 -33.3254 3.2
      vertex -14.074 -33.3592 5
      vertex -14.074 -33.3592 3.2
    endloop
  endfacet
  facet normal 0.403699 0.914892 -0
    outer loop
      vertex -14.1506 -33.3254 3.2
      vertex -14.1506 -33.3254 5
      vertex -14.074 -33.3592 5
    endloop
  endfacet
  facet normal 0.415269 0.909699 0
    outer loop
      vertex -14.2207 -33.2934 3.2
      vertex -14.1506 -33.3254 5
      vertex -14.1506 -33.3254 3.2
    endloop
  endfacet
  facet normal 0.415269 0.909699 -0
    outer loop
      vertex -14.2207 -33.2934 3.2
      vertex -14.2207 -33.2934 5
      vertex -14.1506 -33.3254 5
    endloop
  endfacet
  facet normal 0.429378 0.903125 0
    outer loop
      vertex -14.2838 -33.2634 3.2
      vertex -14.2207 -33.2934 5
      vertex -14.2207 -33.2934 3.2
    endloop
  endfacet
  facet normal 0.429378 0.903125 -0
    outer loop
      vertex -14.2838 -33.2634 3.2
      vertex -14.2838 -33.2634 5
      vertex -14.2207 -33.2934 5
    endloop
  endfacet
  facet normal 0.463939 0.885867 0
    outer loop
      vertex -14.3808 -33.2126 3.2
      vertex -14.2838 -33.2634 5
      vertex -14.2838 -33.2634 3.2
    endloop
  endfacet
  facet normal 0.463939 0.885867 -0
    outer loop
      vertex -14.3808 -33.2126 3.2
      vertex -14.3808 -33.2126 5
      vertex -14.2838 -33.2634 5
    endloop
  endfacet
  facet normal 0.445663 0.895201 0
    outer loop
      vertex -14.4732 -33.1666 3.2
      vertex -14.3808 -33.2126 5
      vertex -14.3808 -33.2126 3.2
    endloop
  endfacet
  facet normal 0.445663 0.895201 -0
    outer loop
      vertex -14.4732 -33.1666 3.2
      vertex -14.4732 -33.1666 5
      vertex -14.3808 -33.2126 5
    endloop
  endfacet
  facet normal 0.41759 0.908636 0
    outer loop
      vertex -14.5635 -33.1251 3.2
      vertex -14.4732 -33.1666 5
      vertex -14.4732 -33.1666 3.2
    endloop
  endfacet
  facet normal 0.41759 0.908636 -0
    outer loop
      vertex -14.5635 -33.1251 3.2
      vertex -14.5635 -33.1251 5
      vertex -14.4732 -33.1666 5
    endloop
  endfacet
  facet normal 0.378752 0.925498 0
    outer loop
      vertex -14.6544 -33.0879 3.2
      vertex -14.5635 -33.1251 5
      vertex -14.5635 -33.1251 3.2
    endloop
  endfacet
  facet normal 0.378752 0.925498 -0
    outer loop
      vertex -14.6544 -33.0879 3.2
      vertex -14.6544 -33.0879 5
      vertex -14.5635 -33.1251 5
    endloop
  endfacet
  facet normal 0.332977 0.942935 0
    outer loop
      vertex -14.7487 -33.0546 3.2
      vertex -14.6544 -33.0879 5
      vertex -14.6544 -33.0879 3.2
    endloop
  endfacet
  facet normal 0.332977 0.942935 -0
    outer loop
      vertex -14.7487 -33.0546 3.2
      vertex -14.7487 -33.0546 5
      vertex -14.6544 -33.0879 5
    endloop
  endfacet
  facet normal 0.283046 0.959106 0
    outer loop
      vertex -14.849 -33.025 3.2
      vertex -14.7487 -33.0546 5
      vertex -14.7487 -33.0546 3.2
    endloop
  endfacet
  facet normal 0.283046 0.959106 -0
    outer loop
      vertex -14.849 -33.025 3.2
      vertex -14.849 -33.025 5
      vertex -14.7487 -33.0546 5
    endloop
  endfacet
  facet normal 0.233913 0.972257 0
    outer loop
      vertex -14.9579 -32.9988 3.2
      vertex -14.849 -33.025 5
      vertex -14.849 -33.025 3.2
    endloop
  endfacet
  facet normal 0.233913 0.972257 -0
    outer loop
      vertex -14.9579 -32.9988 3.2
      vertex -14.9579 -32.9988 5
      vertex -14.849 -33.025 5
    endloop
  endfacet
  facet normal 0.189514 0.981878 0
    outer loop
      vertex -15.0781 -32.9756 3.2
      vertex -14.9579 -32.9988 5
      vertex -14.9579 -32.9988 3.2
    endloop
  endfacet
  facet normal 0.189514 0.981878 -0
    outer loop
      vertex -15.0781 -32.9756 3.2
      vertex -15.0781 -32.9756 5
      vertex -14.9579 -32.9988 5
    endloop
  endfacet
  facet normal 0.149565 0.988752 0
    outer loop
      vertex -15.2123 -32.9553 3.2
      vertex -15.0781 -32.9756 5
      vertex -15.0781 -32.9756 3.2
    endloop
  endfacet
  facet normal 0.149565 0.988752 -0
    outer loop
      vertex -15.2123 -32.9553 3.2
      vertex -15.2123 -32.9553 5
      vertex -15.0781 -32.9756 5
    endloop
  endfacet
  facet normal 0.11707 0.993124 0
    outer loop
      vertex -15.3633 -32.9375 3.2
      vertex -15.2123 -32.9553 5
      vertex -15.2123 -32.9553 3.2
    endloop
  endfacet
  facet normal 0.11707 0.993124 -0
    outer loop
      vertex -15.3633 -32.9375 3.2
      vertex -15.3633 -32.9375 5
      vertex -15.2123 -32.9553 5
    endloop
  endfacet
  facet normal 0.0918544 0.995772 0
    outer loop
      vertex -15.5335 -32.9218 3.2
      vertex -15.3633 -32.9375 5
      vertex -15.3633 -32.9375 3.2
    endloop
  endfacet
  facet normal 0.0918544 0.995772 -0
    outer loop
      vertex -15.5335 -32.9218 3.2
      vertex -15.5335 -32.9218 5
      vertex -15.3633 -32.9375 5
    endloop
  endfacet
  facet normal 0.0705466 0.997508 0
    outer loop
      vertex -15.7258 -32.9082 3.2
      vertex -15.5335 -32.9218 5
      vertex -15.5335 -32.9218 3.2
    endloop
  endfacet
  facet normal 0.0705466 0.997508 -0
    outer loop
      vertex -15.7258 -32.9082 3.2
      vertex -15.7258 -32.9082 5
      vertex -15.5335 -32.9218 5
    endloop
  endfacet
  facet normal 0.0556995 0.998448 0
    outer loop
      vertex -15.9427 -32.8961 3.2
      vertex -15.7258 -32.9082 5
      vertex -15.7258 -32.9082 3.2
    endloop
  endfacet
  facet normal 0.0556995 0.998448 -0
    outer loop
      vertex -15.9427 -32.8961 3.2
      vertex -15.9427 -32.8961 5
      vertex -15.7258 -32.9082 5
    endloop
  endfacet
  facet normal 0.0433485 0.99906 0
    outer loop
      vertex -16.187 -32.8855 3.2
      vertex -15.9427 -32.8961 5
      vertex -15.9427 -32.8961 3.2
    endloop
  endfacet
  facet normal 0.0433485 0.99906 -0
    outer loop
      vertex -16.187 -32.8855 3.2
      vertex -16.187 -32.8855 5
      vertex -15.9427 -32.8961 5
    endloop
  endfacet
  facet normal 0.0349768 0.999388 0
    outer loop
      vertex -16.4613 -32.8759 3.2
      vertex -16.187 -32.8855 5
      vertex -16.187 -32.8855 3.2
    endloop
  endfacet
  facet normal 0.0349768 0.999388 -0
    outer loop
      vertex -16.4613 -32.8759 3.2
      vertex -16.4613 -32.8759 5
      vertex -16.187 -32.8855 5
    endloop
  endfacet
  facet normal 0.0289781 0.99958 0
    outer loop
      vertex -16.7683 -32.867 3.2
      vertex -16.4613 -32.8759 5
      vertex -16.4613 -32.8759 3.2
    endloop
  endfacet
  facet normal 0.0289781 0.99958 -0
    outer loop
      vertex -16.7683 -32.867 3.2
      vertex -16.7683 -32.867 5
      vertex -16.4613 -32.8759 5
    endloop
  endfacet
  facet normal 0.0242406 0.999706 0
    outer loop
      vertex -17.1106 -32.8587 3.2
      vertex -16.7683 -32.867 5
      vertex -16.7683 -32.867 3.2
    endloop
  endfacet
  facet normal 0.0242406 0.999706 -0
    outer loop
      vertex -17.1106 -32.8587 3.2
      vertex -17.1106 -32.8587 5
      vertex -16.7683 -32.867 5
    endloop
  endfacet
  facet normal 0.0212885 0.999773 0
    outer loop
      vertex -17.491 -32.8506 3.2
      vertex -17.1106 -32.8587 5
      vertex -17.1106 -32.8587 3.2
    endloop
  endfacet
  facet normal 0.0212885 0.999773 -0
    outer loop
      vertex -17.491 -32.8506 3.2
      vertex -17.491 -32.8506 5
      vertex -17.1106 -32.8587 5
    endloop
  endfacet
  facet normal 0.0197065 0.999806 0
    outer loop
      vertex -17.9121 -32.8423 3.2
      vertex -17.491 -32.8506 5
      vertex -17.491 -32.8506 3.2
    endloop
  endfacet
  facet normal 0.0197065 0.999806 -0
    outer loop
      vertex -17.9121 -32.8423 3.2
      vertex -17.9121 -32.8423 5
      vertex -17.491 -32.8506 5
    endloop
  endfacet
  facet normal 0.0185114 0.999829 0
    outer loop
      vertex -18.3766 -32.8337 3.2
      vertex -17.9121 -32.8423 5
      vertex -17.9121 -32.8423 3.2
    endloop
  endfacet
  facet normal 0.0185114 0.999829 -0
    outer loop
      vertex -18.3766 -32.8337 3.2
      vertex -18.3766 -32.8337 5
      vertex -17.9121 -32.8423 5
    endloop
  endfacet
  facet normal 0.0259775 0.999663 0
    outer loop
      vertex -18.7999 -32.8227 3.2
      vertex -18.3766 -32.8337 5
      vertex -18.3766 -32.8337 3.2
    endloop
  endfacet
  facet normal 0.0259775 0.999663 -0
    outer loop
      vertex -18.7999 -32.8227 3.2
      vertex -18.7999 -32.8227 5
      vertex -18.3766 -32.8337 5
    endloop
  endfacet
  facet normal 0.0280716 0.999606 0
    outer loop
      vertex -19.1916 -32.8117 3.2
      vertex -18.7999 -32.8227 5
      vertex -18.7999 -32.8227 3.2
    endloop
  endfacet
  facet normal 0.0280716 0.999606 -0
    outer loop
      vertex -19.1916 -32.8117 3.2
      vertex -19.1916 -32.8117 5
      vertex -18.7999 -32.8227 5
    endloop
  endfacet
  facet normal 0.0309074 0.999522 0
    outer loop
      vertex -19.5538 -32.8005 3.2
      vertex -19.1916 -32.8117 5
      vertex -19.1916 -32.8117 3.2
    endloop
  endfacet
  facet normal 0.0309074 0.999522 -0
    outer loop
      vertex -19.5538 -32.8005 3.2
      vertex -19.5538 -32.8005 5
      vertex -19.1916 -32.8117 5
    endloop
  endfacet
  facet normal 0.0346061 0.999401 0
    outer loop
      vertex -19.8888 -32.7889 3.2
      vertex -19.5538 -32.8005 5
      vertex -19.5538 -32.8005 3.2
    endloop
  endfacet
  facet normal 0.0346061 0.999401 -0
    outer loop
      vertex -19.8888 -32.7889 3.2
      vertex -19.8888 -32.7889 5
      vertex -19.5538 -32.8005 5
    endloop
  endfacet
  facet normal 0.03899 0.99924 0
    outer loop
      vertex -20.1989 -32.7768 3.2
      vertex -19.8888 -32.7889 5
      vertex -19.8888 -32.7889 3.2
    endloop
  endfacet
  facet normal 0.03899 0.99924 -0
    outer loop
      vertex -20.1989 -32.7768 3.2
      vertex -20.1989 -32.7768 5
      vertex -19.8888 -32.7889 5
    endloop
  endfacet
  facet normal 0.04484 0.998994 0
    outer loop
      vertex -20.4863 -32.7639 3.2
      vertex -20.1989 -32.7768 5
      vertex -20.1989 -32.7768 3.2
    endloop
  endfacet
  facet normal 0.04484 0.998994 -0
    outer loop
      vertex -20.4863 -32.7639 3.2
      vertex -20.4863 -32.7639 5
      vertex -20.1989 -32.7768 5
    endloop
  endfacet
  facet normal 0.0519701 0.998649 0
    outer loop
      vertex -20.7534 -32.75 3.2
      vertex -20.4863 -32.7639 5
      vertex -20.4863 -32.7639 3.2
    endloop
  endfacet
  facet normal 0.0519701 0.998649 -0
    outer loop
      vertex -20.7534 -32.75 3.2
      vertex -20.7534 -32.75 5
      vertex -20.4863 -32.7639 5
    endloop
  endfacet
  facet normal 0.0605556 0.998165 0
    outer loop
      vertex -21.0023 -32.7349 3.2
      vertex -20.7534 -32.75 5
      vertex -20.7534 -32.75 3.2
    endloop
  endfacet
  facet normal 0.0605556 0.998165 -0
    outer loop
      vertex -21.0023 -32.7349 3.2
      vertex -21.0023 -32.7349 5
      vertex -20.7534 -32.75 5
    endloop
  endfacet
  facet normal 0.0706386 0.997502 0
    outer loop
      vertex -21.2353 -32.7184 3.2
      vertex -21.0023 -32.7349 5
      vertex -21.0023 -32.7349 3.2
    endloop
  endfacet
  facet normal 0.0706386 0.997502 -0
    outer loop
      vertex -21.2353 -32.7184 3.2
      vertex -21.2353 -32.7184 5
      vertex -21.0023 -32.7349 5
    endloop
  endfacet
  facet normal 0.0817672 0.996651 0
    outer loop
      vertex -21.4547 -32.7004 3.2
      vertex -21.2353 -32.7184 5
      vertex -21.2353 -32.7184 3.2
    endloop
  endfacet
  facet normal 0.0817672 0.996651 -0
    outer loop
      vertex -21.4547 -32.7004 3.2
      vertex -21.4547 -32.7004 5
      vertex -21.2353 -32.7184 5
    endloop
  endfacet
  facet normal 0.0947639 0.9955 0
    outer loop
      vertex -21.6627 -32.6806 3.2
      vertex -21.4547 -32.7004 5
      vertex -21.4547 -32.7004 3.2
    endloop
  endfacet
  facet normal 0.0947639 0.9955 -0
    outer loop
      vertex -21.6627 -32.6806 3.2
      vertex -21.6627 -32.6806 5
      vertex -21.4547 -32.7004 5
    endloop
  endfacet
  facet normal 0.10895 0.994047 0
    outer loop
      vertex -21.8616 -32.6588 3.2
      vertex -21.6627 -32.6806 5
      vertex -21.6627 -32.6806 3.2
    endloop
  endfacet
  facet normal 0.10895 0.994047 -0
    outer loop
      vertex -21.8616 -32.6588 3.2
      vertex -21.8616 -32.6588 5
      vertex -21.6627 -32.6806 5
    endloop
  endfacet
  facet normal 0.123971 0.992286 0
    outer loop
      vertex -22.0537 -32.6348 3.2
      vertex -21.8616 -32.6588 5
      vertex -21.8616 -32.6588 3.2
    endloop
  endfacet
  facet normal 0.123971 0.992286 -0
    outer loop
      vertex -22.0537 -32.6348 3.2
      vertex -22.0537 -32.6348 5
      vertex -21.8616 -32.6588 5
    endloop
  endfacet
  facet normal 0.138834 0.990316 0
    outer loop
      vertex -22.2413 -32.6085 3.2
      vertex -22.0537 -32.6348 5
      vertex -22.0537 -32.6348 3.2
    endloop
  endfacet
  facet normal 0.138834 0.990316 -0
    outer loop
      vertex -22.2413 -32.6085 3.2
      vertex -22.2413 -32.6085 5
      vertex -22.0537 -32.6348 5
    endloop
  endfacet
  facet normal 0.154702 0.987961 0
    outer loop
      vertex -22.4265 -32.5795 3.2
      vertex -22.2413 -32.6085 5
      vertex -22.2413 -32.6085 3.2
    endloop
  endfacet
  facet normal 0.154702 0.987961 -0
    outer loop
      vertex -22.4265 -32.5795 3.2
      vertex -22.4265 -32.5795 5
      vertex -22.2413 -32.6085 5
    endloop
  endfacet
  facet normal 0.168801 0.98565 0
    outer loop
      vertex -22.6116 -32.5478 3.2
      vertex -22.4265 -32.5795 5
      vertex -22.4265 -32.5795 3.2
    endloop
  endfacet
  facet normal 0.168801 0.98565 -0
    outer loop
      vertex -22.6116 -32.5478 3.2
      vertex -22.6116 -32.5478 5
      vertex -22.4265 -32.5795 5
    endloop
  endfacet
  facet normal 0.181563 0.983379 0
    outer loop
      vertex -22.799 -32.5132 3.2
      vertex -22.6116 -32.5478 5
      vertex -22.6116 -32.5478 3.2
    endloop
  endfacet
  facet normal 0.181563 0.983379 -0
    outer loop
      vertex -22.799 -32.5132 3.2
      vertex -22.799 -32.5132 5
      vertex -22.6116 -32.5478 5
    endloop
  endfacet
  facet normal 0.193756 0.98105 0
    outer loop
      vertex -22.9909 -32.4753 3.2
      vertex -22.799 -32.5132 5
      vertex -22.799 -32.5132 3.2
    endloop
  endfacet
  facet normal 0.193756 0.98105 -0
    outer loop
      vertex -22.9909 -32.4753 3.2
      vertex -22.9909 -32.4753 5
      vertex -22.799 -32.5132 5
    endloop
  endfacet
  facet normal 0.203127 0.979152 0
    outer loop
      vertex -23.1895 -32.4341 3.2
      vertex -22.9909 -32.4753 5
      vertex -22.9909 -32.4753 3.2
    endloop
  endfacet
  facet normal 0.203127 0.979152 -0
    outer loop
      vertex -23.1895 -32.4341 3.2
      vertex -23.1895 -32.4341 5
      vertex -22.9909 -32.4753 5
    endloop
  endfacet
  facet normal 0.211491 0.97738 0
    outer loop
      vertex -23.397 -32.3892 3.2
      vertex -23.1895 -32.4341 5
      vertex -23.1895 -32.4341 3.2
    endloop
  endfacet
  facet normal 0.211491 0.97738 -0
    outer loop
      vertex -23.397 -32.3892 3.2
      vertex -23.397 -32.3892 5
      vertex -23.1895 -32.4341 5
    endloop
  endfacet
  facet normal 0.221497 0.975161 0
    outer loop
      vertex -23.5326 -32.3584 3.2
      vertex -23.397 -32.3892 5
      vertex -23.397 -32.3892 3.2
    endloop
  endfacet
  facet normal 0.221497 0.975161 -0
    outer loop
      vertex -23.5326 -32.3584 3.2
      vertex -23.5326 -32.3584 5
      vertex -23.397 -32.3892 5
    endloop
  endfacet
  facet normal 0.217841 0.975984 0
    outer loop
      vertex -23.6688 -32.328 3.2
      vertex -23.5326 -32.3584 5
      vertex -23.5326 -32.3584 3.2
    endloop
  endfacet
  facet normal 0.217841 0.975984 -0
    outer loop
      vertex -23.6688 -32.328 3.2
      vertex -23.6688 -32.328 5
      vertex -23.5326 -32.3584 5
    endloop
  endfacet
  facet normal 0.212073 0.977254 0
    outer loop
      vertex -23.8052 -32.2984 3.2
      vertex -23.6688 -32.328 5
      vertex -23.6688 -32.328 3.2
    endloop
  endfacet
  facet normal 0.212073 0.977254 -0
    outer loop
      vertex -23.8052 -32.2984 3.2
      vertex -23.8052 -32.2984 5
      vertex -23.6688 -32.328 5
    endloop
  endfacet
  facet normal 0.208152 0.978097 0
    outer loop
      vertex -23.941 -32.2695 3.2
      vertex -23.8052 -32.2984 5
      vertex -23.8052 -32.2984 3.2
    endloop
  endfacet
  facet normal 0.208152 0.978097 -0
    outer loop
      vertex -23.941 -32.2695 3.2
      vertex -23.941 -32.2695 5
      vertex -23.8052 -32.2984 5
    endloop
  endfacet
  facet normal 0.203519 0.979071 0
    outer loop
      vertex -24.0757 -32.2415 3.2
      vertex -23.941 -32.2695 5
      vertex -23.941 -32.2695 3.2
    endloop
  endfacet
  facet normal 0.203519 0.979071 -0
    outer loop
      vertex -24.0757 -32.2415 3.2
      vertex -24.0757 -32.2415 5
      vertex -23.941 -32.2695 5
    endloop
  endfacet
  facet normal 0.198662 0.980068 0
    outer loop
      vertex -24.2089 -32.2145 3.2
      vertex -24.0757 -32.2415 5
      vertex -24.0757 -32.2415 3.2
    endloop
  endfacet
  facet normal 0.198662 0.980068 -0
    outer loop
      vertex -24.2089 -32.2145 3.2
      vertex -24.2089 -32.2145 5
      vertex -24.0757 -32.2415 5
    endloop
  endfacet
  facet normal 0.193377 0.981125 0
    outer loop
      vertex -24.3398 -32.1887 3.2
      vertex -24.2089 -32.2145 5
      vertex -24.2089 -32.2145 3.2
    endloop
  endfacet
  facet normal 0.193377 0.981125 -0
    outer loop
      vertex -24.3398 -32.1887 3.2
      vertex -24.3398 -32.1887 5
      vertex -24.2089 -32.2145 5
    endloop
  endfacet
  facet normal 0.189331 0.981913 0
    outer loop
      vertex -24.4679 -32.164 3.2
      vertex -24.3398 -32.1887 5
      vertex -24.3398 -32.1887 3.2
    endloop
  endfacet
  facet normal 0.189331 0.981913 -0
    outer loop
      vertex -24.4679 -32.164 3.2
      vertex -24.4679 -32.164 5
      vertex -24.3398 -32.1887 5
    endloop
  endfacet
  facet normal 0.183528 0.983015 0
    outer loop
      vertex -24.5927 -32.1407 3.2
      vertex -24.4679 -32.164 5
      vertex -24.4679 -32.164 3.2
    endloop
  endfacet
  facet normal 0.183528 0.983015 -0
    outer loop
      vertex -24.5927 -32.1407 3.2
      vertex -24.5927 -32.1407 5
      vertex -24.4679 -32.164 5
    endloop
  endfacet
  facet normal 0.178384 0.983961 0
    outer loop
      vertex -24.7135 -32.1188 3.2
      vertex -24.5927 -32.1407 5
      vertex -24.5927 -32.1407 3.2
    endloop
  endfacet
  facet normal 0.178384 0.983961 -0
    outer loop
      vertex -24.7135 -32.1188 3.2
      vertex -24.7135 -32.1188 5
      vertex -24.5927 -32.1407 5
    endloop
  endfacet
  facet normal 0.171805 0.985131 0
    outer loop
      vertex -24.8299 -32.0985 3.2
      vertex -24.7135 -32.1188 5
      vertex -24.7135 -32.1188 3.2
    endloop
  endfacet
  facet normal 0.171805 0.985131 -0
    outer loop
      vertex -24.8299 -32.0985 3.2
      vertex -24.8299 -32.0985 5
      vertex -24.7135 -32.1188 5
    endloop
  endfacet
  facet normal 0.164974 0.986298 0
    outer loop
      vertex -24.9411 -32.0799 3.2
      vertex -24.8299 -32.0985 5
      vertex -24.8299 -32.0985 3.2
    endloop
  endfacet
  facet normal 0.164974 0.986298 -0
    outer loop
      vertex -24.9411 -32.0799 3.2
      vertex -24.9411 -32.0799 5
      vertex -24.8299 -32.0985 5
    endloop
  endfacet
  facet normal 0.157881 0.987458 0
    outer loop
      vertex -25.0468 -32.063 3.2
      vertex -24.9411 -32.0799 5
      vertex -24.9411 -32.0799 3.2
    endloop
  endfacet
  facet normal 0.157881 0.987458 -0
    outer loop
      vertex -25.0468 -32.063 3.2
      vertex -25.0468 -32.063 5
      vertex -24.9411 -32.0799 5
    endloop
  endfacet
  facet normal 0.149216 0.988805 0
    outer loop
      vertex -25.1462 -32.048 3.2
      vertex -25.0468 -32.063 5
      vertex -25.0468 -32.063 3.2
    endloop
  endfacet
  facet normal 0.149216 0.988805 -0
    outer loop
      vertex -25.1462 -32.048 3.2
      vertex -25.1462 -32.048 5
      vertex -25.0468 -32.063 5
    endloop
  endfacet
  facet normal 0.139025 0.990289 0
    outer loop
      vertex -25.2388 -32.035 3.2
      vertex -25.1462 -32.048 5
      vertex -25.1462 -32.048 3.2
    endloop
  endfacet
  facet normal 0.139025 0.990289 -0
    outer loop
      vertex -25.2388 -32.035 3.2
      vertex -25.2388 -32.035 5
      vertex -25.1462 -32.048 5
    endloop
  endfacet
  facet normal 0.125754 0.992061 0
    outer loop
      vertex -25.324 -32.0242 3.2
      vertex -25.2388 -32.035 5
      vertex -25.2388 -32.035 3.2
    endloop
  endfacet
  facet normal 0.125754 0.992061 -0
    outer loop
      vertex -25.324 -32.0242 3.2
      vertex -25.324 -32.0242 5
      vertex -25.2388 -32.035 5
    endloop
  endfacet
  facet normal 0.111842 0.993726 0
    outer loop
      vertex -25.4013 -32.0155 3.2
      vertex -25.324 -32.0242 5
      vertex -25.324 -32.0242 3.2
    endloop
  endfacet
  facet normal 0.111842 0.993726 -0
    outer loop
      vertex -25.4013 -32.0155 3.2
      vertex -25.4013 -32.0155 5
      vertex -25.324 -32.0242 5
    endloop
  endfacet
  facet normal 0.0911883 0.995834 0
    outer loop
      vertex -25.4701 -32.0092 3.2
      vertex -25.4013 -32.0155 5
      vertex -25.4013 -32.0155 3.2
    endloop
  endfacet
  facet normal 0.0911883 0.995834 -0
    outer loop
      vertex -25.4701 -32.0092 3.2
      vertex -25.4701 -32.0092 5
      vertex -25.4013 -32.0155 5
    endloop
  endfacet
  facet normal 0.0651877 0.997873 0
    outer loop
      vertex -25.5298 -32.0053 3.2
      vertex -25.4701 -32.0092 5
      vertex -25.4701 -32.0092 3.2
    endloop
  endfacet
  facet normal 0.0651877 0.997873 -0
    outer loop
      vertex -25.5298 -32.0053 3.2
      vertex -25.5298 -32.0053 5
      vertex -25.4701 -32.0092 5
    endloop
  endfacet
  facet normal 0.0259912 0.999662 0
    outer loop
      vertex -25.5798 -32.004 3.2
      vertex -25.5298 -32.0053 5
      vertex -25.5298 -32.0053 3.2
    endloop
  endfacet
  facet normal 0.0259912 0.999662 -0
    outer loop
      vertex -25.5798 -32.004 3.2
      vertex -25.5798 -32.004 5
      vertex -25.5298 -32.0053 5
    endloop
  endfacet
  facet normal 0.0287381 0.999587 0
    outer loop
      vertex -25.6598 -32.0017 3.2
      vertex -25.5798 -32.004 5
      vertex -25.5798 -32.004 3.2
    endloop
  endfacet
  facet normal 0.0287381 0.999587 -0
    outer loop
      vertex -25.6598 -32.0017 3.2
      vertex -25.6598 -32.0017 5
      vertex -25.5798 -32.004 5
    endloop
  endfacet
  facet normal 0.0877495 0.996143 0
    outer loop
      vertex -25.7404 -31.9946 3.2
      vertex -25.6598 -32.0017 5
      vertex -25.6598 -32.0017 3.2
    endloop
  endfacet
  facet normal 0.0877495 0.996143 -0
    outer loop
      vertex -25.7404 -31.9946 3.2
      vertex -25.7404 -31.9946 5
      vertex -25.6598 -32.0017 5
    endloop
  endfacet
  facet normal 0.147336 0.989086 0
    outer loop
      vertex -25.8223 -31.9824 3.2
      vertex -25.7404 -31.9946 5
      vertex -25.7404 -31.9946 3.2
    endloop
  endfacet
  facet normal 0.147336 0.989086 -0
    outer loop
      vertex -25.8223 -31.9824 3.2
      vertex -25.8223 -31.9824 5
      vertex -25.7404 -31.9946 5
    endloop
  endfacet
  facet normal 0.208416 0.97804 0
    outer loop
      vertex -25.9063 -31.9645 3.2
      vertex -25.8223 -31.9824 5
      vertex -25.8223 -31.9824 3.2
    endloop
  endfacet
  facet normal 0.208416 0.97804 -0
    outer loop
      vertex -25.9063 -31.9645 3.2
      vertex -25.9063 -31.9645 5
      vertex -25.8223 -31.9824 5
    endloop
  endfacet
  facet normal 0.263682 0.96461 0
    outer loop
      vertex -25.993 -31.9408 3.2
      vertex -25.9063 -31.9645 5
      vertex -25.9063 -31.9645 3.2
    endloop
  endfacet
  facet normal 0.263682 0.96461 -0
    outer loop
      vertex -25.993 -31.9408 3.2
      vertex -25.993 -31.9408 5
      vertex -25.9063 -31.9645 5
    endloop
  endfacet
  facet normal 0.316228 0.948683 0
    outer loop
      vertex -26.083 -31.9108 3.2
      vertex -25.993 -31.9408 5
      vertex -25.993 -31.9408 3.2
    endloop
  endfacet
  facet normal 0.316228 0.948683 -0
    outer loop
      vertex -26.083 -31.9108 3.2
      vertex -26.083 -31.9108 5
      vertex -25.993 -31.9408 5
    endloop
  endfacet
  facet normal 0.363354 0.931651 0
    outer loop
      vertex -26.1771 -31.8741 3.2
      vertex -26.083 -31.9108 5
      vertex -26.083 -31.9108 3.2
    endloop
  endfacet
  facet normal 0.363354 0.931651 -0
    outer loop
      vertex -26.1771 -31.8741 3.2
      vertex -26.1771 -31.8741 5
      vertex -26.083 -31.9108 5
    endloop
  endfacet
  facet normal 0.403731 0.914878 0
    outer loop
      vertex -26.2759 -31.8305 3.2
      vertex -26.1771 -31.8741 5
      vertex -26.1771 -31.8741 3.2
    endloop
  endfacet
  facet normal 0.403731 0.914878 -0
    outer loop
      vertex -26.2759 -31.8305 3.2
      vertex -26.2759 -31.8305 5
      vertex -26.1771 -31.8741 5
    endloop
  endfacet
  facet normal 0.439967 0.898014 0
    outer loop
      vertex -26.3802 -31.7794 3.2
      vertex -26.2759 -31.8305 5
      vertex -26.2759 -31.8305 3.2
    endloop
  endfacet
  facet normal 0.439967 0.898014 -0
    outer loop
      vertex -26.3802 -31.7794 3.2
      vertex -26.3802 -31.7794 5
      vertex -26.2759 -31.8305 5
    endloop
  endfacet
  facet normal 0.470422 0.882442 0
    outer loop
      vertex -26.4905 -31.7206 3.2
      vertex -26.3802 -31.7794 5
      vertex -26.3802 -31.7794 3.2
    endloop
  endfacet
  facet normal 0.470422 0.882442 -0
    outer loop
      vertex -26.4905 -31.7206 3.2
      vertex -26.4905 -31.7206 5
      vertex -26.3802 -31.7794 5
    endloop
  endfacet
  facet normal 0.496379 0.868106 0
    outer loop
      vertex -26.6075 -31.6537 3.2
      vertex -26.4905 -31.7206 5
      vertex -26.4905 -31.7206 3.2
    endloop
  endfacet
  facet normal 0.496379 0.868106 -0
    outer loop
      vertex -26.6075 -31.6537 3.2
      vertex -26.6075 -31.6537 5
      vertex -26.4905 -31.7206 5
    endloop
  endfacet
  facet normal 0.517525 0.855668 0
    outer loop
      vertex -26.732 -31.5784 3.2
      vertex -26.6075 -31.6537 5
      vertex -26.6075 -31.6537 3.2
    endloop
  endfacet
  facet normal 0.517525 0.855668 -0
    outer loop
      vertex -26.732 -31.5784 3.2
      vertex -26.732 -31.5784 5
      vertex -26.6075 -31.6537 5
    endloop
  endfacet
  facet normal 0.536505 0.843897 0
    outer loop
      vertex -26.8646 -31.4941 3.2
      vertex -26.732 -31.5784 5
      vertex -26.732 -31.5784 3.2
    endloop
  endfacet
  facet normal 0.536505 0.843897 -0
    outer loop
      vertex -26.8646 -31.4941 3.2
      vertex -26.8646 -31.4941 5
      vertex -26.732 -31.5784 5
    endloop
  endfacet
  facet normal 0.551155 0.834403 0
    outer loop
      vertex -27.006 -31.4007 3.2
      vertex -26.8646 -31.4941 5
      vertex -26.8646 -31.4941 3.2
    endloop
  endfacet
  facet normal 0.551155 0.834403 -0
    outer loop
      vertex -27.006 -31.4007 3.2
      vertex -27.006 -31.4007 5
      vertex -26.8646 -31.4941 5
    endloop
  endfacet
  facet normal 0.564016 0.825764 0
    outer loop
      vertex -27.1568 -31.2977 3.2
      vertex -27.006 -31.4007 5
      vertex -27.006 -31.4007 3.2
    endloop
  endfacet
  facet normal 0.564016 0.825764 -0
    outer loop
      vertex -27.1568 -31.2977 3.2
      vertex -27.1568 -31.2977 5
      vertex -27.006 -31.4007 5
    endloop
  endfacet
  facet normal 0.574486 0.818515 0
    outer loop
      vertex -27.3178 -31.1847 3.2
      vertex -27.1568 -31.2977 5
      vertex -27.1568 -31.2977 3.2
    endloop
  endfacet
  facet normal 0.574486 0.818515 -0
    outer loop
      vertex -27.3178 -31.1847 3.2
      vertex -27.3178 -31.1847 5
      vertex -27.1568 -31.2977 5
    endloop
  endfacet
  facet normal 0.583071 0.812421 0
    outer loop
      vertex -27.4896 -31.0614 3.2
      vertex -27.3178 -31.1847 5
      vertex -27.3178 -31.1847 3.2
    endloop
  endfacet
  facet normal 0.583071 0.812421 -0
    outer loop
      vertex -27.4896 -31.0614 3.2
      vertex -27.4896 -31.0614 5
      vertex -27.3178 -31.1847 5
    endloop
  endfacet
  facet normal 0.590083 0.807343 0
    outer loop
      vertex -27.6728 -30.9275 3.2
      vertex -27.4896 -31.0614 5
      vertex -27.4896 -31.0614 3.2
    endloop
  endfacet
  facet normal 0.590083 0.807343 -0
    outer loop
      vertex -27.6728 -30.9275 3.2
      vertex -27.6728 -30.9275 5
      vertex -27.4896 -31.0614 5
    endloop
  endfacet
  facet normal 0.595915 0.803047 0
    outer loop
      vertex -27.8682 -30.7825 3.2
      vertex -27.6728 -30.9275 5
      vertex -27.6728 -30.9275 3.2
    endloop
  endfacet
  facet normal 0.595915 0.803047 -0
    outer loop
      vertex -27.8682 -30.7825 3.2
      vertex -27.8682 -30.7825 5
      vertex -27.6728 -30.9275 5
    endloop
  endfacet
  facet normal 0.600614 0.799539 0
    outer loop
      vertex -28.0764 -30.6261 3.2
      vertex -27.8682 -30.7825 5
      vertex -27.8682 -30.7825 3.2
    endloop
  endfacet
  facet normal 0.600614 0.799539 -0
    outer loop
      vertex -28.0764 -30.6261 3.2
      vertex -28.0764 -30.6261 5
      vertex -27.8682 -30.7825 5
    endloop
  endfacet
  facet normal 0.602263 0.798298 0
    outer loop
      vertex -28.1497 -30.5708 3.2
      vertex -28.0764 -30.6261 5
      vertex -28.0764 -30.6261 3.2
    endloop
  endfacet
  facet normal 0.602263 0.798298 -0
    outer loop
      vertex -28.1497 -30.5708 3.2
      vertex -28.1497 -30.5708 5
      vertex -28.0764 -30.6261 5
    endloop
  endfacet
  facet normal 0.589283 0.807926 0
    outer loop
      vertex -28.2188 -30.5204 3.2
      vertex -28.1497 -30.5708 5
      vertex -28.1497 -30.5708 3.2
    endloop
  endfacet
  facet normal 0.589283 0.807926 -0
    outer loop
      vertex -28.2188 -30.5204 3.2
      vertex -28.2188 -30.5204 5
      vertex -28.1497 -30.5708 5
    endloop
  endfacet
  facet normal 0.568952 0.822371 0
    outer loop
      vertex -28.285 -30.4746 3.2
      vertex -28.2188 -30.5204 5
      vertex -28.2188 -30.5204 3.2
    endloop
  endfacet
  facet normal 0.568952 0.822371 -0
    outer loop
      vertex -28.285 -30.4746 3.2
      vertex -28.285 -30.4746 5
      vertex -28.2188 -30.5204 5
    endloop
  endfacet
  facet normal 0.540758 0.841178 0
    outer loop
      vertex -28.3494 -30.4332 3.2
      vertex -28.285 -30.4746 5
      vertex -28.285 -30.4746 3.2
    endloop
  endfacet
  facet normal 0.540758 0.841178 -0
    outer loop
      vertex -28.3494 -30.4332 3.2
      vertex -28.3494 -30.4332 5
      vertex -28.285 -30.4746 5
    endloop
  endfacet
  facet normal 0.504712 0.863288 0
    outer loop
      vertex -28.4132 -30.3959 3.2
      vertex -28.3494 -30.4332 5
      vertex -28.3494 -30.4332 3.2
    endloop
  endfacet
  facet normal 0.504712 0.863288 -0
    outer loop
      vertex -28.4132 -30.3959 3.2
      vertex -28.4132 -30.3959 5
      vertex -28.3494 -30.4332 5
    endloop
  endfacet
  facet normal 0.458748 0.888566 0
    outer loop
      vertex -28.4777 -30.3626 3.2
      vertex -28.4132 -30.3959 5
      vertex -28.4132 -30.3959 3.2
    endloop
  endfacet
  facet normal 0.458748 0.888566 -0
    outer loop
      vertex -28.4777 -30.3626 3.2
      vertex -28.4777 -30.3626 5
      vertex -28.4132 -30.3959 5
    endloop
  endfacet
  facet normal 0.410479 0.91187 0
    outer loop
      vertex -28.5439 -30.3328 3.2
      vertex -28.4777 -30.3626 5
      vertex -28.4777 -30.3626 3.2
    endloop
  endfacet
  facet normal 0.410479 0.91187 -0
    outer loop
      vertex -28.5439 -30.3328 3.2
      vertex -28.5439 -30.3328 5
      vertex -28.4777 -30.3626 5
    endloop
  endfacet
  facet normal 0.354817 0.934936 0
    outer loop
      vertex -28.6132 -30.3065 3.2
      vertex -28.5439 -30.3328 5
      vertex -28.5439 -30.3328 3.2
    endloop
  endfacet
  facet normal 0.354817 0.934936 -0
    outer loop
      vertex -28.6132 -30.3065 3.2
      vertex -28.6132 -30.3065 5
      vertex -28.5439 -30.3328 5
    endloop
  endfacet
  facet normal 0.30138 0.953504 0
    outer loop
      vertex -28.6866 -30.2833 3.2
      vertex -28.6132 -30.3065 5
      vertex -28.6132 -30.3065 3.2
    endloop
  endfacet
  facet normal 0.30138 0.953504 -0
    outer loop
      vertex -28.6866 -30.2833 3.2
      vertex -28.6866 -30.2833 5
      vertex -28.6132 -30.3065 5
    endloop
  endfacet
  facet normal 0.249469 0.968383 0
    outer loop
      vertex -28.7654 -30.263 3.2
      vertex -28.6866 -30.2833 5
      vertex -28.6866 -30.2833 3.2
    endloop
  endfacet
  facet normal 0.249469 0.968383 -0
    outer loop
      vertex -28.7654 -30.263 3.2
      vertex -28.7654 -30.263 5
      vertex -28.6866 -30.2833 5
    endloop
  endfacet
  facet normal 0.200972 0.979597 0
    outer loop
      vertex -28.8507 -30.2455 3.2
      vertex -28.7654 -30.263 5
      vertex -28.7654 -30.263 3.2
    endloop
  endfacet
  facet normal 0.200972 0.979597 -0
    outer loop
      vertex -28.8507 -30.2455 3.2
      vertex -28.8507 -30.2455 5
      vertex -28.7654 -30.263 5
    endloop
  endfacet
  facet normal 0.161132 0.986933 0
    outer loop
      vertex -28.9438 -30.2303 3.2
      vertex -28.8507 -30.2455 5
      vertex -28.8507 -30.2455 3.2
    endloop
  endfacet
  facet normal 0.161132 0.986933 -0
    outer loop
      vertex -28.9438 -30.2303 3.2
      vertex -28.9438 -30.2303 5
      vertex -28.8507 -30.2455 5
    endloop
  endfacet
  facet normal 0.126428 0.991976 0
    outer loop
      vertex -29.0458 -30.2173 3.2
      vertex -28.9438 -30.2303 5
      vertex -28.9438 -30.2303 3.2
    endloop
  endfacet
  facet normal 0.126428 0.991976 -0
    outer loop
      vertex -29.0458 -30.2173 3.2
      vertex -29.0458 -30.2173 5
      vertex -28.9438 -30.2303 5
    endloop
  endfacet
  facet normal 0.0985368 0.995133 0
    outer loop
      vertex -29.1579 -30.2062 3.2
      vertex -29.0458 -30.2173 5
      vertex -29.0458 -30.2173 3.2
    endloop
  endfacet
  facet normal 0.0985368 0.995133 -0
    outer loop
      vertex -29.1579 -30.2062 3.2
      vertex -29.1579 -30.2062 5
      vertex -29.0458 -30.2173 5
    endloop
  endfacet
  facet normal 0.0760162 0.997107 0
    outer loop
      vertex -29.2812 -30.1968 3.2
      vertex -29.1579 -30.2062 5
      vertex -29.1579 -30.2062 3.2
    endloop
  endfacet
  facet normal 0.0760162 0.997107 -0
    outer loop
      vertex -29.2812 -30.1968 3.2
      vertex -29.2812 -30.1968 5
      vertex -29.1579 -30.2062 5
    endloop
  endfacet
  facet normal 0.058033 0.998315 0
    outer loop
      vertex -29.4171 -30.1889 3.2
      vertex -29.2812 -30.1968 5
      vertex -29.2812 -30.1968 3.2
    endloop
  endfacet
  facet normal 0.058033 0.998315 -0
    outer loop
      vertex -29.4171 -30.1889 3.2
      vertex -29.4171 -30.1889 5
      vertex -29.2812 -30.1968 5
    endloop
  endfacet
  facet normal 0.0447412 0.998999 0
    outer loop
      vertex -29.5667 -30.1822 3.2
      vertex -29.4171 -30.1889 5
      vertex -29.4171 -30.1889 3.2
    endloop
  endfacet
  facet normal 0.0447412 0.998999 -0
    outer loop
      vertex -29.5667 -30.1822 3.2
      vertex -29.5667 -30.1822 5
      vertex -29.4171 -30.1889 5
    endloop
  endfacet
  facet normal 0.0352579 0.999378 0
    outer loop
      vertex -29.7311 -30.1764 3.2
      vertex -29.5667 -30.1822 5
      vertex -29.5667 -30.1822 3.2
    endloop
  endfacet
  facet normal 0.0352579 0.999378 -0
    outer loop
      vertex -29.7311 -30.1764 3.2
      vertex -29.7311 -30.1764 5
      vertex -29.5667 -30.1822 5
    endloop
  endfacet
  facet normal 0.0282592 0.999601 0
    outer loop
      vertex -29.9115 -30.1713 3.2
      vertex -29.7311 -30.1764 5
      vertex -29.7311 -30.1764 3.2
    endloop
  endfacet
  facet normal 0.0282592 0.999601 -0
    outer loop
      vertex -29.9115 -30.1713 3.2
      vertex -29.9115 -30.1713 5
      vertex -29.7311 -30.1764 5
    endloop
  endfacet
  facet normal 0.0232613 0.999729 0
    outer loop
      vertex -30.1092 -30.1667 3.2
      vertex -29.9115 -30.1713 5
      vertex -29.9115 -30.1713 3.2
    endloop
  endfacet
  facet normal 0.0232613 0.999729 -0
    outer loop
      vertex -30.1092 -30.1667 3.2
      vertex -30.1092 -30.1667 5
      vertex -29.9115 -30.1713 5
    endloop
  endfacet
  facet normal 0.0356756 0.999363 0
    outer loop
      vertex -30.3333 -30.1587 3.2
      vertex -30.1092 -30.1667 5
      vertex -30.1092 -30.1667 3.2
    endloop
  endfacet
  facet normal 0.0356756 0.999363 -0
    outer loop
      vertex -30.3333 -30.1587 3.2
      vertex -30.3333 -30.1587 5
      vertex -30.1092 -30.1667 5
    endloop
  endfacet
  facet normal 0.0476934 0.998862 0
    outer loop
      vertex -30.5553 -30.1481 3.2
      vertex -30.3333 -30.1587 5
      vertex -30.3333 -30.1587 3.2
    endloop
  endfacet
  facet normal 0.0476934 0.998862 -0
    outer loop
      vertex -30.5553 -30.1481 3.2
      vertex -30.5553 -30.1481 5
      vertex -30.3333 -30.1587 5
    endloop
  endfacet
  facet normal 0.0600282 0.998197 0
    outer loop
      vertex -30.7748 -30.1349 3.2
      vertex -30.5553 -30.1481 5
      vertex -30.5553 -30.1481 3.2
    endloop
  endfacet
  facet normal 0.0600282 0.998197 -0
    outer loop
      vertex -30.7748 -30.1349 3.2
      vertex -30.7748 -30.1349 5
      vertex -30.5553 -30.1481 5
    endloop
  endfacet
  facet normal 0.0722278 0.997388 0
    outer loop
      vertex -30.9916 -30.1192 3.2
      vertex -30.7748 -30.1349 5
      vertex -30.7748 -30.1349 3.2
    endloop
  endfacet
  facet normal 0.0722278 0.997388 -0
    outer loop
      vertex -30.9916 -30.1192 3.2
      vertex -30.9916 -30.1192 5
      vertex -30.7748 -30.1349 5
    endloop
  endfacet
  facet normal 0.0848589 0.996393 0
    outer loop
      vertex -31.2053 -30.101 3.2
      vertex -30.9916 -30.1192 5
      vertex -30.9916 -30.1192 3.2
    endloop
  endfacet
  facet normal 0.0848589 0.996393 -0
    outer loop
      vertex -31.2053 -30.101 3.2
      vertex -31.2053 -30.101 5
      vertex -30.9916 -30.1192 5
    endloop
  endfacet
  facet normal 0.0979574 0.995191 0
    outer loop
      vertex -31.4156 -30.0803 3.2
      vertex -31.2053 -30.101 5
      vertex -31.2053 -30.101 3.2
    endloop
  endfacet
  facet normal 0.0979574 0.995191 -0
    outer loop
      vertex -31.4156 -30.0803 3.2
      vertex -31.4156 -30.0803 5
      vertex -31.2053 -30.101 5
    endloop
  endfacet
  facet normal 0.110643 0.99386 0
    outer loop
      vertex -31.6222 -30.0573 3.2
      vertex -31.4156 -30.0803 5
      vertex -31.4156 -30.0803 3.2
    endloop
  endfacet
  facet normal 0.110643 0.99386 -0
    outer loop
      vertex -31.6222 -30.0573 3.2
      vertex -31.6222 -30.0573 5
      vertex -31.4156 -30.0803 5
    endloop
  endfacet
  facet normal 0.124818 0.99218 0
    outer loop
      vertex -31.8249 -30.0318 3.2
      vertex -31.6222 -30.0573 5
      vertex -31.6222 -30.0573 3.2
    endloop
  endfacet
  facet normal 0.124818 0.99218 -0
    outer loop
      vertex -31.8249 -30.0318 3.2
      vertex -31.8249 -30.0318 5
      vertex -31.6222 -30.0573 5
    endloop
  endfacet
  facet normal 0.138344 0.990384 0
    outer loop
      vertex -32.0232 -30.0041 3.2
      vertex -31.8249 -30.0318 5
      vertex -31.8249 -30.0318 3.2
    endloop
  endfacet
  facet normal 0.138344 0.990384 -0
    outer loop
      vertex -32.0232 -30.0041 3.2
      vertex -32.0232 -30.0041 5
      vertex -31.8249 -30.0318 5
    endloop
  endfacet
  facet normal 0.152977 0.98823 0
    outer loop
      vertex -32.217 -29.9741 3.2
      vertex -32.0232 -30.0041 5
      vertex -32.0232 -30.0041 3.2
    endloop
  endfacet
  facet normal 0.152977 0.98823 -0
    outer loop
      vertex -32.217 -29.9741 3.2
      vertex -32.217 -29.9741 5
      vertex -32.0232 -30.0041 5
    endloop
  endfacet
  facet normal 0.168123 0.985766 0
    outer loop
      vertex -32.4058 -29.9419 3.2
      vertex -32.217 -29.9741 5
      vertex -32.217 -29.9741 3.2
    endloop
  endfacet
  facet normal 0.168123 0.985766 -0
    outer loop
      vertex -32.4058 -29.9419 3.2
      vertex -32.4058 -29.9419 5
      vertex -32.217 -29.9741 5
    endloop
  endfacet
  facet normal 0.184159 0.982896 0
    outer loop
      vertex -32.5894 -29.9075 3.2
      vertex -32.4058 -29.9419 5
      vertex -32.4058 -29.9419 3.2
    endloop
  endfacet
  facet normal 0.184159 0.982896 -0
    outer loop
      vertex -32.5894 -29.9075 3.2
      vertex -32.5894 -29.9075 5
      vertex -32.4058 -29.9419 5
    endloop
  endfacet
  facet normal 0.200768 0.979639 0
    outer loop
      vertex -32.7675 -29.871 3.2
      vertex -32.5894 -29.9075 5
      vertex -32.5894 -29.9075 3.2
    endloop
  endfacet
  facet normal 0.200768 0.979639 -0
    outer loop
      vertex -32.7675 -29.871 3.2
      vertex -32.7675 -29.871 5
      vertex -32.5894 -29.9075 5
    endloop
  endfacet
  facet normal 0.21873 0.975785 0
    outer loop
      vertex -32.9397 -29.8324 3.2
      vertex -32.7675 -29.871 5
      vertex -32.7675 -29.871 3.2
    endloop
  endfacet
  facet normal 0.21873 0.975785 -0
    outer loop
      vertex -32.9397 -29.8324 3.2
      vertex -32.9397 -29.8324 5
      vertex -32.7675 -29.871 5
    endloop
  endfacet
  facet normal 0.237857 0.9713 0
    outer loop
      vertex -33.1059 -29.7917 3.2
      vertex -32.9397 -29.8324 5
      vertex -32.9397 -29.8324 3.2
    endloop
  endfacet
  facet normal 0.237857 0.9713 -0
    outer loop
      vertex -33.1059 -29.7917 3.2
      vertex -33.1059 -29.7917 5
      vertex -32.9397 -29.8324 5
    endloop
  endfacet
  facet normal 0.258454 0.966024 0
    outer loop
      vertex -33.2655 -29.749 3.2
      vertex -33.1059 -29.7917 5
      vertex -33.1059 -29.7917 3.2
    endloop
  endfacet
  facet normal 0.258454 0.966024 -0
    outer loop
      vertex -33.2655 -29.749 3.2
      vertex -33.2655 -29.749 5
      vertex -33.1059 -29.7917 5
    endloop
  endfacet
  facet normal 0.280024 0.959993 0
    outer loop
      vertex -33.4184 -29.7044 3.2
      vertex -33.2655 -29.749 5
      vertex -33.2655 -29.749 3.2
    endloop
  endfacet
  facet normal 0.280024 0.959993 -0
    outer loop
      vertex -33.4184 -29.7044 3.2
      vertex -33.4184 -29.7044 5
      vertex -33.2655 -29.749 5
    endloop
  endfacet
  facet normal 0.303662 0.95278 0
    outer loop
      vertex -33.5643 -29.6579 3.2
      vertex -33.4184 -29.7044 5
      vertex -33.4184 -29.7044 3.2
    endloop
  endfacet
  facet normal 0.303662 0.95278 -0
    outer loop
      vertex -33.5643 -29.6579 3.2
      vertex -33.5643 -29.6579 5
      vertex -33.4184 -29.7044 5
    endloop
  endfacet
  facet normal 0.329895 0.944018 0
    outer loop
      vertex -33.7028 -29.6095 3.2
      vertex -33.5643 -29.6579 5
      vertex -33.5643 -29.6579 3.2
    endloop
  endfacet
  facet normal 0.329895 0.944018 -0
    outer loop
      vertex -33.7028 -29.6095 3.2
      vertex -33.7028 -29.6095 5
      vertex -33.5643 -29.6579 5
    endloop
  endfacet
  facet normal 0.358309 0.933603 0
    outer loop
      vertex -33.8336 -29.5593 3.2
      vertex -33.7028 -29.6095 5
      vertex -33.7028 -29.6095 3.2
    endloop
  endfacet
  facet normal 0.358309 0.933603 -0
    outer loop
      vertex -33.8336 -29.5593 3.2
      vertex -33.8336 -29.5593 5
      vertex -33.7028 -29.6095 5
    endloop
  endfacet
  facet normal 0.359886 0.932996 0
    outer loop
      vertex -33.9163 -29.5274 3.2
      vertex -33.8336 -29.5593 5
      vertex -33.8336 -29.5593 3.2
    endloop
  endfacet
  facet normal 0.359886 0.932996 -0
    outer loop
      vertex -33.9163 -29.5274 3.2
      vertex -33.9163 -29.5274 5
      vertex -33.8336 -29.5593 5
    endloop
  endfacet
  facet normal 0.300338 0.953833 0
    outer loop
      vertex -34.0084 -29.4984 3.2
      vertex -33.9163 -29.5274 5
      vertex -33.9163 -29.5274 3.2
    endloop
  endfacet
  facet normal 0.300338 0.953833 -0
    outer loop
      vertex -34.0084 -29.4984 3.2
      vertex -34.0084 -29.4984 5
      vertex -33.9163 -29.5274 5
    endloop
  endfacet
  facet normal 0.251129 0.967954 0
    outer loop
      vertex -34.109 -29.4723 3.2
      vertex -34.0084 -29.4984 5
      vertex -34.0084 -29.4984 3.2
    endloop
  endfacet
  facet normal 0.251129 0.967954 -0
    outer loop
      vertex -34.109 -29.4723 3.2
      vertex -34.109 -29.4723 5
      vertex -34.0084 -29.4984 5
    endloop
  endfacet
  facet normal 0.209838 0.977736 0
    outer loop
      vertex -34.2171 -29.4491 3.2
      vertex -34.109 -29.4723 5
      vertex -34.109 -29.4723 3.2
    endloop
  endfacet
  facet normal 0.209838 0.977736 -0
    outer loop
      vertex -34.2171 -29.4491 3.2
      vertex -34.2171 -29.4491 5
      vertex -34.109 -29.4723 5
    endloop
  endfacet
  facet normal 0.17315 0.984896 0
    outer loop
      vertex -34.332 -29.4289 3.2
      vertex -34.2171 -29.4491 5
      vertex -34.2171 -29.4491 3.2
    endloop
  endfacet
  facet normal 0.17315 0.984896 -0
    outer loop
      vertex -34.332 -29.4289 3.2
      vertex -34.332 -29.4289 5
      vertex -34.2171 -29.4491 5
    endloop
  endfacet
  facet normal 0.141881 0.989884 0
    outer loop
      vertex -34.4527 -29.4116 3.2
      vertex -34.332 -29.4289 5
      vertex -34.332 -29.4289 3.2
    endloop
  endfacet
  facet normal 0.141881 0.989884 -0
    outer loop
      vertex -34.4527 -29.4116 3.2
      vertex -34.4527 -29.4116 5
      vertex -34.332 -29.4289 5
    endloop
  endfacet
  facet normal 0.113123 0.993581 0
    outer loop
      vertex -34.5783 -29.3973 3.2
      vertex -34.4527 -29.4116 5
      vertex -34.4527 -29.4116 3.2
    endloop
  endfacet
  facet normal 0.113123 0.993581 -0
    outer loop
      vertex -34.5783 -29.3973 3.2
      vertex -34.5783 -29.3973 5
      vertex -34.4527 -29.4116 5
    endloop
  endfacet
  facet normal 0.0867953 0.996226 0
    outer loop
      vertex -34.708 -29.386 3.2
      vertex -34.5783 -29.3973 5
      vertex -34.5783 -29.3973 3.2
    endloop
  endfacet
  facet normal 0.0867953 0.996226 -0
    outer loop
      vertex -34.708 -29.386 3.2
      vertex -34.708 -29.386 5
      vertex -34.5783 -29.3973 5
    endloop
  endfacet
  facet normal 0.0630795 0.998009 0
    outer loop
      vertex -34.8409 -29.3776 3.2
      vertex -34.708 -29.386 5
      vertex -34.708 -29.386 3.2
    endloop
  endfacet
  facet normal 0.0630795 0.998009 -0
    outer loop
      vertex -34.8409 -29.3776 3.2
      vertex -34.8409 -29.3776 5
      vertex -34.708 -29.386 5
    endloop
  endfacet
  facet normal 0.0398796 0.999204 0
    outer loop
      vertex -34.9762 -29.3722 3.2
      vertex -34.8409 -29.3776 5
      vertex -34.8409 -29.3776 3.2
    endloop
  endfacet
  facet normal 0.0398796 0.999204 -0
    outer loop
      vertex -34.9762 -29.3722 3.2
      vertex -34.9762 -29.3722 5
      vertex -34.8409 -29.3776 5
    endloop
  endfacet
  facet normal 0.0175668 0.999846 0
    outer loop
      vertex -35.1128 -29.3698 3.2
      vertex -34.9762 -29.3722 5
      vertex -34.9762 -29.3722 3.2
    endloop
  endfacet
  facet normal 0.0175668 0.999846 -0
    outer loop
      vertex -35.1128 -29.3698 3.2
      vertex -35.1128 -29.3698 5
      vertex -34.9762 -29.3722 5
    endloop
  endfacet
  facet normal -0.00437314 0.99999 0
    outer loop
      vertex -35.25 -29.3704 3.2
      vertex -35.1128 -29.3698 5
      vertex -35.1128 -29.3698 3.2
    endloop
  endfacet
  facet normal -0.00437314 0.99999 0
    outer loop
      vertex -35.25 -29.3704 3.2
      vertex -35.25 -29.3704 5
      vertex -35.1128 -29.3698 5
    endloop
  endfacet
  facet normal -0.0270172 0.999635 0
    outer loop
      vertex -35.3869 -29.3741 3.2
      vertex -35.25 -29.3704 5
      vertex -35.25 -29.3704 3.2
    endloop
  endfacet
  facet normal -0.0270172 0.999635 0
    outer loop
      vertex -35.3869 -29.3741 3.2
      vertex -35.3869 -29.3741 5
      vertex -35.25 -29.3704 5
    endloop
  endfacet
  facet normal -0.0493135 0.998783 0
    outer loop
      vertex -35.5226 -29.3808 3.2
      vertex -35.3869 -29.3741 5
      vertex -35.3869 -29.3741 3.2
    endloop
  endfacet
  facet normal -0.0493135 0.998783 0
    outer loop
      vertex -35.5226 -29.3808 3.2
      vertex -35.5226 -29.3808 5
      vertex -35.3869 -29.3741 5
    endloop
  endfacet
  facet normal -0.0724142 0.997375 0
    outer loop
      vertex -35.6562 -29.3905 3.2
      vertex -35.5226 -29.3808 5
      vertex -35.5226 -29.3808 3.2
    endloop
  endfacet
  facet normal -0.0724142 0.997375 0
    outer loop
      vertex -35.6562 -29.3905 3.2
      vertex -35.6562 -29.3905 5
      vertex -35.5226 -29.3808 5
    endloop
  endfacet
  facet normal -0.0975418 0.995231 0
    outer loop
      vertex -35.7868 -29.4033 3.2
      vertex -35.6562 -29.3905 5
      vertex -35.6562 -29.3905 3.2
    endloop
  endfacet
  facet normal -0.0975418 0.995231 0
    outer loop
      vertex -35.7868 -29.4033 3.2
      vertex -35.7868 -29.4033 5
      vertex -35.6562 -29.3905 5
    endloop
  endfacet
  facet normal -0.123649 0.992326 0
    outer loop
      vertex -35.9136 -29.4191 3.2
      vertex -35.7868 -29.4033 5
      vertex -35.7868 -29.4033 3.2
    endloop
  endfacet
  facet normal -0.123649 0.992326 0
    outer loop
      vertex -35.9136 -29.4191 3.2
      vertex -35.9136 -29.4191 5
      vertex -35.7868 -29.4033 5
    endloop
  endfacet
  facet normal -0.153092 0.988212 0
    outer loop
      vertex -36.0356 -29.438 3.2
      vertex -35.9136 -29.4191 5
      vertex -35.9136 -29.4191 3.2
    endloop
  endfacet
  facet normal -0.153092 0.988212 0
    outer loop
      vertex -36.0356 -29.438 3.2
      vertex -36.0356 -29.438 5
      vertex -35.9136 -29.4191 5
    endloop
  endfacet
  facet normal -0.18653 0.982449 0
    outer loop
      vertex -36.152 -29.4601 3.2
      vertex -36.0356 -29.438 5
      vertex -36.0356 -29.438 3.2
    endloop
  endfacet
  facet normal -0.18653 0.982449 0
    outer loop
      vertex -36.152 -29.4601 3.2
      vertex -36.152 -29.4601 5
      vertex -36.0356 -29.438 5
    endloop
  endfacet
  facet normal -0.222464 0.974941 0
    outer loop
      vertex -36.262 -29.4852 3.2
      vertex -36.152 -29.4601 5
      vertex -36.152 -29.4601 3.2
    endloop
  endfacet
  facet normal -0.222464 0.974941 0
    outer loop
      vertex -36.262 -29.4852 3.2
      vertex -36.262 -29.4852 5
      vertex -36.152 -29.4601 5
    endloop
  endfacet
  facet normal -0.247139 0.96898 0
    outer loop
      vertex -36.3016 -29.4953 3.2
      vertex -36.262 -29.4852 5
      vertex -36.262 -29.4852 3.2
    endloop
  endfacet
  facet normal -0.247139 0.96898 0
    outer loop
      vertex -36.3016 -29.4953 3.2
      vertex -36.3016 -29.4953 5
      vertex -36.262 -29.4852 5
    endloop
  endfacet
  facet normal -0.288843 0.957376 0
    outer loop
      vertex -36.3427 -29.5077 3.2
      vertex -36.3016 -29.4953 5
      vertex -36.3016 -29.4953 3.2
    endloop
  endfacet
  facet normal -0.288843 0.957376 0
    outer loop
      vertex -36.3427 -29.5077 3.2
      vertex -36.3427 -29.5077 5
      vertex -36.3016 -29.4953 5
    endloop
  endfacet
  facet normal -0.324267 0.945966 0
    outer loop
      vertex -36.385 -29.5222 3.2
      vertex -36.3427 -29.5077 5
      vertex -36.3427 -29.5077 3.2
    endloop
  endfacet
  facet normal -0.324267 0.945966 0
    outer loop
      vertex -36.385 -29.5222 3.2
      vertex -36.385 -29.5222 5
      vertex -36.3427 -29.5077 5
    endloop
  endfacet
  facet normal -0.359845 0.933012 0
    outer loop
      vertex -36.4283 -29.5389 3.2
      vertex -36.385 -29.5222 5
      vertex -36.385 -29.5222 3.2
    endloop
  endfacet
  facet normal -0.359845 0.933012 0
    outer loop
      vertex -36.4283 -29.5389 3.2
      vertex -36.4283 -29.5389 5
      vertex -36.385 -29.5222 5
    endloop
  endfacet
  facet normal -0.386841 0.922146 0
    outer loop
      vertex -36.4724 -29.5574 3.2
      vertex -36.4283 -29.5389 5
      vertex -36.4283 -29.5389 3.2
    endloop
  endfacet
  facet normal -0.386841 0.922146 0
    outer loop
      vertex -36.4724 -29.5574 3.2
      vertex -36.4724 -29.5574 5
      vertex -36.4283 -29.5389 5
    endloop
  endfacet
  facet normal -0.414264 0.910157 0
    outer loop
      vertex -36.517 -29.5777 3.2
      vertex -36.4724 -29.5574 5
      vertex -36.4724 -29.5574 3.2
    endloop
  endfacet
  facet normal -0.414264 0.910157 0
    outer loop
      vertex -36.517 -29.5777 3.2
      vertex -36.517 -29.5777 5
      vertex -36.4724 -29.5574 5
    endloop
  endfacet
  facet normal -0.43921 0.898384 0
    outer loop
      vertex -36.562 -29.5997 3.2
      vertex -36.517 -29.5777 5
      vertex -36.517 -29.5777 3.2
    endloop
  endfacet
  facet normal -0.43921 0.898384 0
    outer loop
      vertex -36.562 -29.5997 3.2
      vertex -36.562 -29.5997 5
      vertex -36.517 -29.5777 5
    endloop
  endfacet
  facet normal -0.460547 0.887635 0
    outer loop
      vertex -36.6071 -29.6231 3.2
      vertex -36.562 -29.5997 5
      vertex -36.562 -29.5997 3.2
    endloop
  endfacet
  facet normal -0.460547 0.887635 0
    outer loop
      vertex -36.6071 -29.6231 3.2
      vertex -36.6071 -29.6231 5
      vertex -36.562 -29.5997 5
    endloop
  endfacet
  facet normal -0.484156 0.874981 0
    outer loop
      vertex -36.6521 -29.648 3.2
      vertex -36.6071 -29.6231 5
      vertex -36.6071 -29.6231 3.2
    endloop
  endfacet
  facet normal -0.484156 0.874981 0
    outer loop
      vertex -36.6521 -29.648 3.2
      vertex -36.6521 -29.648 5
      vertex -36.6071 -29.6231 5
    endloop
  endfacet
  facet normal -0.504231 0.863569 0
    outer loop
      vertex -36.6968 -29.6741 3.2
      vertex -36.6521 -29.648 5
      vertex -36.6521 -29.648 3.2
    endloop
  endfacet
  facet normal -0.504231 0.863569 0
    outer loop
      vertex -36.6968 -29.6741 3.2
      vertex -36.6968 -29.6741 5
      vertex -36.6521 -29.648 5
    endloop
  endfacet
  facet normal -0.523239 0.852186 0
    outer loop
      vertex -36.7411 -29.7013 3.2
      vertex -36.6968 -29.6741 5
      vertex -36.6968 -29.6741 3.2
    endloop
  endfacet
  facet normal -0.523239 0.852186 0
    outer loop
      vertex -36.7411 -29.7013 3.2
      vertex -36.7411 -29.7013 5
      vertex -36.6968 -29.6741 5
    endloop
  endfacet
  facet normal -0.544853 0.838532 0
    outer loop
      vertex -36.7845 -29.7295 3.2
      vertex -36.7411 -29.7013 5
      vertex -36.7411 -29.7013 3.2
    endloop
  endfacet
  facet normal -0.544853 0.838532 0
    outer loop
      vertex -36.7845 -29.7295 3.2
      vertex -36.7845 -29.7295 5
      vertex -36.7411 -29.7013 5
    endloop
  endfacet
  facet normal -0.562735 0.826638 0
    outer loop
      vertex -36.8271 -29.7585 3.2
      vertex -36.7845 -29.7295 5
      vertex -36.7845 -29.7295 3.2
    endloop
  endfacet
  facet normal -0.562735 0.826638 0
    outer loop
      vertex -36.8271 -29.7585 3.2
      vertex -36.8271 -29.7585 5
      vertex -36.7845 -29.7295 5
    endloop
  endfacet
  facet normal -0.582908 0.812538 0
    outer loop
      vertex -36.8685 -29.7882 3.2
      vertex -36.8271 -29.7585 5
      vertex -36.8271 -29.7585 3.2
    endloop
  endfacet
  facet normal -0.582908 0.812538 0
    outer loop
      vertex -36.8685 -29.7882 3.2
      vertex -36.8685 -29.7882 5
      vertex -36.8271 -29.7585 5
    endloop
  endfacet
  facet normal -0.603819 0.797121 0
    outer loop
      vertex -36.9085 -29.8185 3.2
      vertex -36.8685 -29.7882 5
      vertex -36.8685 -29.7882 3.2
    endloop
  endfacet
  facet normal -0.603819 0.797121 0
    outer loop
      vertex -36.9085 -29.8185 3.2
      vertex -36.9085 -29.8185 5
      vertex -36.8685 -29.7882 5
    endloop
  endfacet
  facet normal -0.625685 0.780075 0
    outer loop
      vertex -36.9469 -29.8493 3.2
      vertex -36.9085 -29.8185 5
      vertex -36.9085 -29.8185 3.2
    endloop
  endfacet
  facet normal -0.625685 0.780075 0
    outer loop
      vertex -36.9469 -29.8493 3.2
      vertex -36.9469 -29.8493 5
      vertex -36.9085 -29.8185 5
    endloop
  endfacet
  facet normal -0.646501 0.762913 0
    outer loop
      vertex -36.9836 -29.8804 3.2
      vertex -36.9469 -29.8493 5
      vertex -36.9469 -29.8493 3.2
    endloop
  endfacet
  facet normal -0.646501 0.762913 0
    outer loop
      vertex -36.9836 -29.8804 3.2
      vertex -36.9836 -29.8804 5
      vertex -36.9469 -29.8493 5
    endloop
  endfacet
  facet normal -0.669676 0.742653 0
    outer loop
      vertex -37.0182 -29.9116 3.2
      vertex -36.9836 -29.8804 5
      vertex -36.9836 -29.8804 3.2
    endloop
  endfacet
  facet normal -0.669676 0.742653 0
    outer loop
      vertex -37.0182 -29.9116 3.2
      vertex -37.0182 -29.9116 5
      vertex -36.9836 -29.8804 5
    endloop
  endfacet
  facet normal -0.694793 0.71921 0
    outer loop
      vertex -37.0506 -29.9429 3.2
      vertex -37.0182 -29.9116 5
      vertex -37.0182 -29.9116 3.2
    endloop
  endfacet
  facet normal -0.694793 0.71921 0
    outer loop
      vertex -37.0506 -29.9429 3.2
      vertex -37.0506 -29.9429 5
      vertex -37.0182 -29.9116 5
    endloop
  endfacet
  facet normal -0.721988 0.691905 0
    outer loop
      vertex -37.0805 -29.9741 3.2
      vertex -37.0506 -29.9429 5
      vertex -37.0506 -29.9429 3.2
    endloop
  endfacet
  facet normal -0.721988 0.691905 0
    outer loop
      vertex -37.0805 -29.9741 3.2
      vertex -37.0805 -29.9741 5
      vertex -37.0506 -29.9429 5
    endloop
  endfacet
  facet normal -0.688985 0.724776 0
    outer loop
      vertex -37.1129 -30.0049 3.2
      vertex -37.0805 -29.9741 5
      vertex -37.0805 -29.9741 3.2
    endloop
  endfacet
  facet normal -0.688985 0.724776 0
    outer loop
      vertex -37.1129 -30.0049 3.2
      vertex -37.1129 -30.0049 5
      vertex -37.0805 -29.9741 5
    endloop
  endfacet
  facet normal -0.691774 0.722114 0
    outer loop
      vertex -37.1486 -30.0391 3.2
      vertex -37.1129 -30.0049 5
      vertex -37.1129 -30.0049 3.2
    endloop
  endfacet
  facet normal -0.691774 0.722114 0
    outer loop
      vertex -37.1486 -30.0391 3.2
      vertex -37.1486 -30.0391 5
      vertex -37.1129 -30.0049 5
    endloop
  endfacet
  facet normal -0.696813 0.717253 0
    outer loop
      vertex -37.1872 -30.0766 3.2
      vertex -37.1486 -30.0391 5
      vertex -37.1486 -30.0391 3.2
    endloop
  endfacet
  facet normal -0.696813 0.717253 0
    outer loop
      vertex -37.1872 -30.0766 3.2
      vertex -37.1872 -30.0766 5
      vertex -37.1486 -30.0391 5
    endloop
  endfacet
  facet normal -0.700158 0.713988 0
    outer loop
      vertex -37.2285 -30.1171 3.2
      vertex -37.1872 -30.0766 5
      vertex -37.1872 -30.0766 3.2
    endloop
  endfacet
  facet normal -0.700158 0.713988 0
    outer loop
      vertex -37.2285 -30.1171 3.2
      vertex -37.2285 -30.1171 5
      vertex -37.1872 -30.0766 5
    endloop
  endfacet
  facet normal -0.701401 0.712767 0
    outer loop
      vertex -37.2724 -30.1603 3.2
      vertex -37.2285 -30.1171 5
      vertex -37.2285 -30.1171 3.2
    endloop
  endfacet
  facet normal -0.701401 0.712767 0
    outer loop
      vertex -37.2724 -30.1603 3.2
      vertex -37.2724 -30.1603 5
      vertex -37.2285 -30.1171 5
    endloop
  endfacet
  facet normal -0.703241 0.710952 0
    outer loop
      vertex -37.3185 -30.2059 3.2
      vertex -37.2724 -30.1603 5
      vertex -37.2724 -30.1603 3.2
    endloop
  endfacet
  facet normal -0.703241 0.710952 0
    outer loop
      vertex -37.3185 -30.2059 3.2
      vertex -37.3185 -30.2059 5
      vertex -37.2724 -30.1603 5
    endloop
  endfacet
  facet normal -0.704891 0.709315 0
    outer loop
      vertex -37.3666 -30.2537 3.2
      vertex -37.3185 -30.2059 5
      vertex -37.3185 -30.2059 3.2
    endloop
  endfacet
  facet normal -0.704891 0.709315 0
    outer loop
      vertex -37.3666 -30.2537 3.2
      vertex -37.3666 -30.2537 5
      vertex -37.3185 -30.2059 5
    endloop
  endfacet
  facet normal -0.705685 0.708525 0
    outer loop
      vertex -37.4165 -30.3034 3.2
      vertex -37.3666 -30.2537 5
      vertex -37.3666 -30.2537 3.2
    endloop
  endfacet
  facet normal -0.705685 0.708525 0
    outer loop
      vertex -37.4165 -30.3034 3.2
      vertex -37.4165 -30.3034 5
      vertex -37.3666 -30.2537 5
    endloop
  endfacet
  facet normal -0.707107 0.707107 0
    outer loop
      vertex -37.4679 -30.3548 3.2
      vertex -37.4165 -30.3034 5
      vertex -37.4165 -30.3034 3.2
    endloop
  endfacet
  facet normal -0.707107 0.707107 0
    outer loop
      vertex -37.4679 -30.3548 3.2
      vertex -37.4679 -30.3548 5
      vertex -37.4165 -30.3034 5
    endloop
  endfacet
  facet normal -0.707778 0.706435 0
    outer loop
      vertex -37.5205 -30.4075 3.2
      vertex -37.4679 -30.3548 5
      vertex -37.4679 -30.3548 3.2
    endloop
  endfacet
  facet normal -0.707778 0.706435 0
    outer loop
      vertex -37.5205 -30.4075 3.2
      vertex -37.5205 -30.4075 5
      vertex -37.4679 -30.3548 5
    endloop
  endfacet
  facet normal -0.70842 0.705791 0
    outer loop
      vertex -37.5742 -30.4614 3.2
      vertex -37.5205 -30.4075 5
      vertex -37.5205 -30.4075 3.2
    endloop
  endfacet
  facet normal -0.70842 0.705791 0
    outer loop
      vertex -37.5742 -30.4614 3.2
      vertex -37.5742 -30.4614 5
      vertex -37.5205 -30.4075 5
    endloop
  endfacet
  facet normal -0.709048 0.70516 0
    outer loop
      vertex -37.6286 -30.5161 3.2
      vertex -37.5742 -30.4614 5
      vertex -37.5742 -30.4614 3.2
    endloop
  endfacet
  facet normal -0.709048 0.70516 0
    outer loop
      vertex -37.6286 -30.5161 3.2
      vertex -37.6286 -30.5161 5
      vertex -37.5742 -30.4614 5
    endloop
  endfacet
  facet normal -0.708389 0.705822 0
    outer loop
      vertex -37.6836 -30.5713 3.2
      vertex -37.6286 -30.5161 5
      vertex -37.6286 -30.5161 3.2
    endloop
  endfacet
  facet normal -0.708389 0.705822 0
    outer loop
      vertex -37.6836 -30.5713 3.2
      vertex -37.6836 -30.5713 5
      vertex -37.6286 -30.5161 5
    endloop
  endfacet
  facet normal -0.709231 0.704976 0
    outer loop
      vertex -37.8493 -30.738 3.2
      vertex -37.6836 -30.5713 5
      vertex -37.6836 -30.5713 3.2
    endloop
  endfacet
  facet normal -0.709231 0.704976 0
    outer loop
      vertex -37.8493 -30.738 3.2
      vertex -37.8493 -30.738 5
      vertex -37.6836 -30.5713 5
    endloop
  endfacet
  facet normal -0.708396 0.705815 0
    outer loop
      vertex -37.904 -30.7929 3.2
      vertex -37.8493 -30.738 5
      vertex -37.8493 -30.738 3.2
    endloop
  endfacet
  facet normal -0.708396 0.705815 0
    outer loop
      vertex -37.904 -30.7929 3.2
      vertex -37.904 -30.7929 5
      vertex -37.8493 -30.738 5
    endloop
  endfacet
  facet normal -0.708415 0.705796 0
    outer loop
      vertex -37.9579 -30.847 3.2
      vertex -37.904 -30.7929 5
      vertex -37.904 -30.7929 3.2
    endloop
  endfacet
  facet normal -0.708415 0.705796 0
    outer loop
      vertex -37.9579 -30.847 3.2
      vertex -37.9579 -30.847 5
      vertex -37.904 -30.7929 5
    endloop
  endfacet
  facet normal -0.707772 0.706441 0
    outer loop
      vertex -38.011 -30.9002 3.2
      vertex -37.9579 -30.847 5
      vertex -37.9579 -30.847 3.2
    endloop
  endfacet
  facet normal -0.707772 0.706441 0
    outer loop
      vertex -38.011 -30.9002 3.2
      vertex -38.011 -30.9002 5
      vertex -37.9579 -30.847 5
    endloop
  endfacet
  facet normal -0.707107 0.707107 0
    outer loop
      vertex -38.0628 -30.952 3.2
      vertex -38.011 -30.9002 5
      vertex -38.011 -30.9002 3.2
    endloop
  endfacet
  facet normal -0.707107 0.707107 0
    outer loop
      vertex -38.0628 -30.952 3.2
      vertex -38.0628 -30.952 5
      vertex -38.011 -30.9002 5
    endloop
  endfacet
  facet normal -0.686114 0.727494 0
    outer loop
      vertex -38.1718 -31.0548 3.2
      vertex -38.0628 -30.952 5
      vertex -38.0628 -30.952 3.2
    endloop
  endfacet
  facet normal -0.686114 0.727494 0
    outer loop
      vertex -38.1718 -31.0548 3.2
      vertex -38.1718 -31.0548 5
      vertex -38.0628 -30.952 5
    endloop
  endfacet
  facet normal -0.66201 0.749495 0
    outer loop
      vertex -38.3123 -31.1789 3.2
      vertex -38.1718 -31.0548 5
      vertex -38.1718 -31.0548 3.2
    endloop
  endfacet
  facet normal -0.66201 0.749495 0
    outer loop
      vertex -38.3123 -31.1789 3.2
      vertex -38.3123 -31.1789 5
      vertex -38.1718 -31.0548 5
    endloop
  endfacet
  facet normal -0.647345 0.762197 0
    outer loop
      vertex -38.4802 -31.3215 3.2
      vertex -38.3123 -31.1789 5
      vertex -38.3123 -31.1789 3.2
    endloop
  endfacet
  facet normal -0.647345 0.762197 0
    outer loop
      vertex -38.4802 -31.3215 3.2
      vertex -38.4802 -31.3215 5
      vertex -38.3123 -31.1789 5
    endloop
  endfacet
  facet normal -0.636257 0.771477 0
    outer loop
      vertex -38.6719 -31.4796 3.2
      vertex -38.4802 -31.3215 5
      vertex -38.4802 -31.3215 3.2
    endloop
  endfacet
  facet normal -0.636257 0.771477 0
    outer loop
      vertex -38.6719 -31.4796 3.2
      vertex -38.6719 -31.4796 5
      vertex -38.4802 -31.3215 5
    endloop
  endfacet
  facet normal -0.62832 0.777955 0
    outer loop
      vertex -38.8835 -31.6505 3.2
      vertex -38.6719 -31.4796 5
      vertex -38.6719 -31.4796 3.2
    endloop
  endfacet
  facet normal -0.62832 0.777955 0
    outer loop
      vertex -38.8835 -31.6505 3.2
      vertex -38.8835 -31.6505 5
      vertex -38.6719 -31.4796 5
    endloop
  endfacet
  facet normal -0.621795 0.78318 0
    outer loop
      vertex -39.1111 -31.8312 3.2
      vertex -38.8835 -31.6505 5
      vertex -38.8835 -31.6505 3.2
    endloop
  endfacet
  facet normal -0.621795 0.78318 0
    outer loop
      vertex -39.1111 -31.8312 3.2
      vertex -39.1111 -31.8312 5
      vertex -38.8835 -31.6505 5
    endloop
  endfacet
  facet normal -0.616211 0.787581 0
    outer loop
      vertex -39.351 -32.0189 3.2
      vertex -39.1111 -31.8312 5
      vertex -39.1111 -31.8312 3.2
    endloop
  endfacet
  facet normal -0.616211 0.787581 0
    outer loop
      vertex -39.351 -32.0189 3.2
      vertex -39.351 -32.0189 5
      vertex -39.1111 -31.8312 5
    endloop
  endfacet
  facet normal -0.611112 0.791544 0
    outer loop
      vertex -39.5993 -32.2106 3.2
      vertex -39.351 -32.0189 5
      vertex -39.351 -32.0189 3.2
    endloop
  endfacet
  facet normal -0.611112 0.791544 0
    outer loop
      vertex -39.5993 -32.2106 3.2
      vertex -39.5993 -32.2106 5
      vertex -39.351 -32.0189 5
    endloop
  endfacet
  facet normal -0.60682 0.79484 0
    outer loop
      vertex -39.8521 -32.4036 3.2
      vertex -39.5993 -32.2106 5
      vertex -39.5993 -32.2106 3.2
    endloop
  endfacet
  facet normal -0.60682 0.79484 0
    outer loop
      vertex -39.8521 -32.4036 3.2
      vertex -39.8521 -32.4036 5
      vertex -39.5993 -32.2106 5
    endloop
  endfacet
  facet normal -0.601862 0.7986 0
    outer loop
      vertex -40.1058 -32.5948 3.2
      vertex -39.8521 -32.4036 5
      vertex -39.8521 -32.4036 3.2
    endloop
  endfacet
  facet normal -0.601862 0.7986 0
    outer loop
      vertex -40.1058 -32.5948 3.2
      vertex -40.1058 -32.5948 5
      vertex -39.8521 -32.4036 5
    endloop
  endfacet
  facet normal -0.59759 0.801802 0
    outer loop
      vertex -40.3563 -32.7815 3.2
      vertex -40.1058 -32.5948 5
      vertex -40.1058 -32.5948 3.2
    endloop
  endfacet
  facet normal -0.59759 0.801802 0
    outer loop
      vertex -40.3563 -32.7815 3.2
      vertex -40.3563 -32.7815 5
      vertex -40.1058 -32.5948 5
    endloop
  endfacet
  facet normal -0.592624 0.805479 0
    outer loop
      vertex -40.6 -32.9608 3.2
      vertex -40.3563 -32.7815 5
      vertex -40.3563 -32.7815 3.2
    endloop
  endfacet
  facet normal -0.592624 0.805479 0
    outer loop
      vertex -40.6 -32.9608 3.2
      vertex -40.6 -32.9608 5
      vertex -40.3563 -32.7815 5
    endloop
  endfacet
  facet normal -0.587304 0.809367 0
    outer loop
      vertex -40.8329 -33.1298 3.2
      vertex -40.6 -32.9608 5
      vertex -40.6 -32.9608 3.2
    endloop
  endfacet
  facet normal -0.587304 0.809367 0
    outer loop
      vertex -40.8329 -33.1298 3.2
      vertex -40.8329 -33.1298 5
      vertex -40.6 -32.9608 5
    endloop
  endfacet
  facet normal -0.580497 0.814262 0
    outer loop
      vertex -41.0513 -33.2855 3.2
      vertex -40.8329 -33.1298 5
      vertex -40.8329 -33.1298 3.2
    endloop
  endfacet
  facet normal -0.580497 0.814262 0
    outer loop
      vertex -41.0513 -33.2855 3.2
      vertex -41.0513 -33.2855 5
      vertex -40.8329 -33.1298 5
    endloop
  endfacet
  facet normal -0.572637 0.819809 0
    outer loop
      vertex -41.2513 -33.4252 3.2
      vertex -41.0513 -33.2855 5
      vertex -41.0513 -33.2855 3.2
    endloop
  endfacet
  facet normal -0.572637 0.819809 0
    outer loop
      vertex -41.2513 -33.4252 3.2
      vertex -41.2513 -33.4252 5
      vertex -41.0513 -33.2855 5
    endloop
  endfacet
  facet normal -0.561979 0.827151 0
    outer loop
      vertex -41.4291 -33.546 3.2
      vertex -41.2513 -33.4252 5
      vertex -41.2513 -33.4252 3.2
    endloop
  endfacet
  facet normal -0.561979 0.827151 0
    outer loop
      vertex -41.4291 -33.546 3.2
      vertex -41.4291 -33.546 5
      vertex -41.2513 -33.4252 5
    endloop
  endfacet
  facet normal -0.54588 0.837863 0
    outer loop
      vertex -41.5809 -33.6449 3.2
      vertex -41.4291 -33.546 5
      vertex -41.4291 -33.546 3.2
    endloop
  endfacet
  facet normal -0.54588 0.837863 0
    outer loop
      vertex -41.5809 -33.6449 3.2
      vertex -41.5809 -33.6449 5
      vertex -41.4291 -33.546 5
    endloop
  endfacet
  facet normal -0.520458 0.853887 0
    outer loop
      vertex -41.7028 -33.7192 3.2
      vertex -41.5809 -33.6449 5
      vertex -41.5809 -33.6449 3.2
    endloop
  endfacet
  facet normal -0.520458 0.853887 0
    outer loop
      vertex -41.7028 -33.7192 3.2
      vertex -41.7028 -33.7192 5
      vertex -41.5809 -33.6449 5
    endloop
  endfacet
  facet normal -0.466737 0.884396 0
    outer loop
      vertex -41.7911 -33.7658 3.2
      vertex -41.7028 -33.7192 5
      vertex -41.7028 -33.7192 3.2
    endloop
  endfacet
  facet normal -0.466737 0.884396 0
    outer loop
      vertex -41.7911 -33.7658 3.2
      vertex -41.7911 -33.7658 5
      vertex -41.7028 -33.7192 5
    endloop
  endfacet
  facet normal -0.304367 0.952555 0
    outer loop
      vertex -41.8418 -33.782 3.2
      vertex -41.7911 -33.7658 5
      vertex -41.7911 -33.7658 3.2
    endloop
  endfacet
  facet normal -0.304367 0.952555 0
    outer loop
      vertex -41.8418 -33.782 3.2
      vertex -41.8418 -33.782 5
      vertex -41.7911 -33.7658 5
    endloop
  endfacet
  facet normal 0.110432 0.993884 0
    outer loop
      vertex -41.8535 -33.7807 3.2
      vertex -41.8418 -33.782 5
      vertex -41.8418 -33.782 3.2
    endloop
  endfacet
  facet normal 0.110432 0.993884 -0
    outer loop
      vertex -41.8535 -33.7807 3.2
      vertex -41.8535 -33.7807 5
      vertex -41.8418 -33.782 5
    endloop
  endfacet
  facet normal 0.256435 0.966562 0
    outer loop
      vertex -41.8682 -33.7768 3.2
      vertex -41.8535 -33.7807 5
      vertex -41.8535 -33.7807 3.2
    endloop
  endfacet
  facet normal 0.256435 0.966562 -0
    outer loop
      vertex -41.8682 -33.7768 3.2
      vertex -41.8682 -33.7768 5
      vertex -41.8535 -33.7807 5
    endloop
  endfacet
  facet normal 0.338719 0.940887 0
    outer loop
      vertex -41.8857 -33.7705 3.2
      vertex -41.8682 -33.7768 5
      vertex -41.8682 -33.7768 3.2
    endloop
  endfacet
  facet normal 0.338719 0.940887 -0
    outer loop
      vertex -41.8857 -33.7705 3.2
      vertex -41.8857 -33.7705 5
      vertex -41.8682 -33.7768 5
    endloop
  endfacet
  facet normal 0.395028 0.918669 0
    outer loop
      vertex -41.9057 -33.7619 3.2
      vertex -41.8857 -33.7705 5
      vertex -41.8857 -33.7705 3.2
    endloop
  endfacet
  facet normal 0.395028 0.918669 -0
    outer loop
      vertex -41.9057 -33.7619 3.2
      vertex -41.9057 -33.7619 5
      vertex -41.8857 -33.7705 5
    endloop
  endfacet
  facet normal 0.434415 0.900713 0
    outer loop
      vertex -41.9283 -33.751 3.2
      vertex -41.9057 -33.7619 5
      vertex -41.9057 -33.7619 3.2
    endloop
  endfacet
  facet normal 0.434415 0.900713 -0
    outer loop
      vertex -41.9283 -33.751 3.2
      vertex -41.9283 -33.751 5
      vertex -41.9057 -33.7619 5
    endloop
  endfacet
  facet normal 0.461353 0.887217 0
    outer loop
      vertex -41.9533 -33.738 3.2
      vertex -41.9283 -33.751 5
      vertex -41.9283 -33.751 3.2
    endloop
  endfacet
  facet normal 0.461353 0.887217 -0
    outer loop
      vertex -41.9533 -33.738 3.2
      vertex -41.9533 -33.738 5
      vertex -41.9283 -33.751 5
    endloop
  endfacet
  facet normal 0.484272 0.874918 0
    outer loop
      vertex -41.9804 -33.723 3.2
      vertex -41.9533 -33.738 5
      vertex -41.9533 -33.738 3.2
    endloop
  endfacet
  facet normal 0.484272 0.874918 -0
    outer loop
      vertex -41.9804 -33.723 3.2
      vertex -41.9804 -33.723 5
      vertex -41.9533 -33.738 5
    endloop
  endfacet
  facet normal 0.499637 0.866235 0
    outer loop
      vertex -42.0097 -33.7061 3.2
      vertex -41.9804 -33.723 5
      vertex -41.9804 -33.723 3.2
    endloop
  endfacet
  facet normal 0.499637 0.866235 -0
    outer loop
      vertex -42.0097 -33.7061 3.2
      vertex -42.0097 -33.7061 5
      vertex -41.9804 -33.723 5
    endloop
  endfacet
  facet normal 0.513278 0.858223 0
    outer loop
      vertex -42.0408 -33.6875 3.2
      vertex -42.0097 -33.7061 5
      vertex -42.0097 -33.7061 3.2
    endloop
  endfacet
  facet normal 0.513278 0.858223 -0
    outer loop
      vertex -42.0408 -33.6875 3.2
      vertex -42.0408 -33.6875 5
      vertex -42.0097 -33.7061 5
    endloop
  endfacet
  facet normal 0.525107 0.851036 0
    outer loop
      vertex -42.0737 -33.6672 3.2
      vertex -42.0408 -33.6875 5
      vertex -42.0408 -33.6875 3.2
    endloop
  endfacet
  facet normal 0.525107 0.851036 -0
    outer loop
      vertex -42.0737 -33.6672 3.2
      vertex -42.0737 -33.6672 5
      vertex -42.0408 -33.6875 5
    endloop
  endfacet
  facet normal 0.53482 0.844966 0
    outer loop
      vertex -42.1083 -33.6453 3.2
      vertex -42.0737 -33.6672 5
      vertex -42.0737 -33.6672 3.2
    endloop
  endfacet
  facet normal 0.53482 0.844966 -0
    outer loop
      vertex -42.1083 -33.6453 3.2
      vertex -42.1083 -33.6453 5
      vertex -42.0737 -33.6672 5
    endloop
  endfacet
  facet normal 0.543348 0.839508 0
    outer loop
      vertex -42.1443 -33.622 3.2
      vertex -42.1083 -33.6453 5
      vertex -42.1083 -33.6453 3.2
    endloop
  endfacet
  facet normal 0.543348 0.839508 -0
    outer loop
      vertex -42.1443 -33.622 3.2
      vertex -42.1443 -33.622 5
      vertex -42.1083 -33.6453 5
    endloop
  endfacet
  facet normal 0.551091 0.834445 0
    outer loop
      vertex -42.1817 -33.5973 3.2
      vertex -42.1443 -33.622 5
      vertex -42.1443 -33.622 3.2
    endloop
  endfacet
  facet normal 0.551091 0.834445 -0
    outer loop
      vertex -42.1817 -33.5973 3.2
      vertex -42.1817 -33.5973 5
      vertex -42.1443 -33.622 5
    endloop
  endfacet
  facet normal 0.555694 0.831387 0
    outer loop
      vertex -42.2203 -33.5715 3.2
      vertex -42.1817 -33.5973 5
      vertex -42.1817 -33.5973 3.2
    endloop
  endfacet
  facet normal 0.555694 0.831387 -0
    outer loop
      vertex -42.2203 -33.5715 3.2
      vertex -42.2203 -33.5715 5
      vertex -42.1817 -33.5973 5
    endloop
  endfacet
  facet normal 0.562367 0.826888 0
    outer loop
      vertex -42.26 -33.5445 3.2
      vertex -42.2203 -33.5715 5
      vertex -42.2203 -33.5715 3.2
    endloop
  endfacet
  facet normal 0.562367 0.826888 -0
    outer loop
      vertex -42.26 -33.5445 3.2
      vertex -42.26 -33.5445 5
      vertex -42.2203 -33.5715 5
    endloop
  endfacet
  facet normal 0.567733 0.823213 0
    outer loop
      vertex -42.3006 -33.5165 3.2
      vertex -42.26 -33.5445 5
      vertex -42.26 -33.5445 3.2
    endloop
  endfacet
  facet normal 0.567733 0.823213 -0
    outer loop
      vertex -42.3006 -33.5165 3.2
      vertex -42.3006 -33.5165 5
      vertex -42.26 -33.5445 5
    endloop
  endfacet
  facet normal 0.572398 0.819976 0
    outer loop
      vertex -42.342 -33.4876 3.2
      vertex -42.3006 -33.5165 5
      vertex -42.3006 -33.5165 3.2
    endloop
  endfacet
  facet normal 0.572398 0.819976 -0
    outer loop
      vertex -42.342 -33.4876 3.2
      vertex -42.342 -33.4876 5
      vertex -42.3006 -33.5165 5
    endloop
  endfacet
  facet normal 0.576072 0.817399 0
    outer loop
      vertex -42.384 -33.458 3.2
      vertex -42.342 -33.4876 5
      vertex -42.342 -33.4876 3.2
    endloop
  endfacet
  facet normal 0.576072 0.817399 -0
    outer loop
      vertex -42.384 -33.458 3.2
      vertex -42.384 -33.458 5
      vertex -42.342 -33.4876 5
    endloop
  endfacet
  facet normal 0.581781 0.813345 0
    outer loop
      vertex -42.4265 -33.4276 3.2
      vertex -42.384 -33.458 5
      vertex -42.384 -33.458 3.2
    endloop
  endfacet
  facet normal 0.581781 0.813345 -0
    outer loop
      vertex -42.4265 -33.4276 3.2
      vertex -42.4265 -33.4276 5
      vertex -42.384 -33.458 5
    endloop
  endfacet
  facet normal 0.583207 0.812324 0
    outer loop
      vertex -42.4694 -33.3968 3.2
      vertex -42.4265 -33.4276 5
      vertex -42.4265 -33.4276 3.2
    endloop
  endfacet
  facet normal 0.583207 0.812324 -0
    outer loop
      vertex -42.4694 -33.3968 3.2
      vertex -42.4694 -33.3968 5
      vertex -42.4265 -33.4276 5
    endloop
  endfacet
  facet normal 0.571655 0.820494 0
    outer loop
      vertex -42.5426 -33.3458 3.2
      vertex -42.4694 -33.3968 5
      vertex -42.4694 -33.3968 3.2
    endloop
  endfacet
  facet normal 0.571655 0.820494 -0
    outer loop
      vertex -42.5426 -33.3458 3.2
      vertex -42.5426 -33.3458 5
      vertex -42.4694 -33.3968 5
    endloop
  endfacet
  facet normal 0.556367 0.830937 0
    outer loop
      vertex -42.6116 -33.2996 3.2
      vertex -42.5426 -33.3458 5
      vertex -42.5426 -33.3458 3.2
    endloop
  endfacet
  facet normal 0.556367 0.830937 -0
    outer loop
      vertex -42.6116 -33.2996 3.2
      vertex -42.6116 -33.2996 5
      vertex -42.5426 -33.3458 5
    endloop
  endfacet
  facet normal 0.53496 0.844877 0
    outer loop
      vertex -42.6773 -33.258 3.2
      vertex -42.6116 -33.2996 5
      vertex -42.6116 -33.2996 3.2
    endloop
  endfacet
  facet normal 0.53496 0.844877 -0
    outer loop
      vertex -42.6773 -33.258 3.2
      vertex -42.6773 -33.258 5
      vertex -42.6116 -33.2996 5
    endloop
  endfacet
  facet normal 0.50631 0.862352 0
    outer loop
      vertex -42.741 -33.2206 3.2
      vertex -42.6773 -33.258 5
      vertex -42.6773 -33.258 3.2
    endloop
  endfacet
  facet normal 0.50631 0.862352 -0
    outer loop
      vertex -42.741 -33.2206 3.2
      vertex -42.741 -33.2206 5
      vertex -42.6773 -33.258 5
    endloop
  endfacet
  facet normal 0.467433 0.884028 0
    outer loop
      vertex -42.8036 -33.1875 3.2
      vertex -42.741 -33.2206 5
      vertex -42.741 -33.2206 3.2
    endloop
  endfacet
  facet normal 0.467433 0.884028 -0
    outer loop
      vertex -42.8036 -33.1875 3.2
      vertex -42.8036 -33.1875 5
      vertex -42.741 -33.2206 5
    endloop
  endfacet
  facet normal 0.422727 0.906257 0
    outer loop
      vertex -42.8662 -33.1583 3.2
      vertex -42.8036 -33.1875 5
      vertex -42.8036 -33.1875 3.2
    endloop
  endfacet
  facet normal 0.422727 0.906257 -0
    outer loop
      vertex -42.8662 -33.1583 3.2
      vertex -42.8662 -33.1583 5
      vertex -42.8036 -33.1875 5
    endloop
  endfacet
  facet normal 0.369627 0.92918 0
    outer loop
      vertex -42.9298 -33.133 3.2
      vertex -42.8662 -33.1583 5
      vertex -42.8662 -33.1583 3.2
    endloop
  endfacet
  facet normal 0.369627 0.92918 -0
    outer loop
      vertex -42.9298 -33.133 3.2
      vertex -42.9298 -33.133 5
      vertex -42.8662 -33.1583 5
    endloop
  endfacet
  facet normal 0.313195 0.949689 0
    outer loop
      vertex -42.9956 -33.1113 3.2
      vertex -42.9298 -33.133 5
      vertex -42.9298 -33.133 3.2
    endloop
  endfacet
  facet normal 0.313195 0.949689 -0
    outer loop
      vertex -42.9956 -33.1113 3.2
      vertex -42.9956 -33.1113 5
      vertex -42.9298 -33.133 5
    endloop
  endfacet
  facet normal 0.255045 0.966929 0
    outer loop
      vertex -43.0646 -33.0931 3.2
      vertex -42.9956 -33.1113 5
      vertex -42.9956 -33.1113 3.2
    endloop
  endfacet
  facet normal 0.255045 0.966929 -0
    outer loop
      vertex -43.0646 -33.0931 3.2
      vertex -43.0646 -33.0931 5
      vertex -42.9956 -33.1113 5
    endloop
  endfacet
  facet normal 0.199462 0.979906 0
    outer loop
      vertex -43.1378 -33.0782 3.2
      vertex -43.0646 -33.0931 5
      vertex -43.0646 -33.0931 3.2
    endloop
  endfacet
  facet normal 0.199462 0.979906 -0
    outer loop
      vertex -43.1378 -33.0782 3.2
      vertex -43.1378 -33.0782 5
      vertex -43.0646 -33.0931 5
    endloop
  endfacet
  facet normal 0.148463 0.988918 0
    outer loop
      vertex -43.2164 -33.0664 3.2
      vertex -43.1378 -33.0782 5
      vertex -43.1378 -33.0782 3.2
    endloop
  endfacet
  facet normal 0.148463 0.988918 -0
    outer loop
      vertex -43.2164 -33.0664 3.2
      vertex -43.2164 -33.0664 5
      vertex -43.1378 -33.0782 5
    endloop
  endfacet
  facet normal 0.104258 0.99455 0
    outer loop
      vertex -43.3013 -33.0575 3.2
      vertex -43.2164 -33.0664 5
      vertex -43.2164 -33.0664 3.2
    endloop
  endfacet
  facet normal 0.104258 0.99455 -0
    outer loop
      vertex -43.3013 -33.0575 3.2
      vertex -43.3013 -33.0575 5
      vertex -43.2164 -33.0664 5
    endloop
  endfacet
  facet normal 0.0658739 0.997828 0
    outer loop
      vertex -43.3937 -33.0514 3.2
      vertex -43.3013 -33.0575 5
      vertex -43.3013 -33.0575 3.2
    endloop
  endfacet
  facet normal 0.0658739 0.997828 -0
    outer loop
      vertex -43.3937 -33.0514 3.2
      vertex -43.3937 -33.0514 5
      vertex -43.3013 -33.0575 5
    endloop
  endfacet
  facet normal 0.034667 0.999399 0
    outer loop
      vertex -43.4946 -33.0479 3.2
      vertex -43.3937 -33.0514 5
      vertex -43.3937 -33.0514 3.2
    endloop
  endfacet
  facet normal 0.034667 0.999399 -0
    outer loop
      vertex -43.4946 -33.0479 3.2
      vertex -43.4946 -33.0479 5
      vertex -43.3937 -33.0514 5
    endloop
  endfacet
  facet normal 0.0108591 0.999941 0
    outer loop
      vertex -43.6051 -33.0467 3.2
      vertex -43.4946 -33.0479 5
      vertex -43.4946 -33.0479 3.2
    endloop
  endfacet
  facet normal 0.0108591 0.999941 -0
    outer loop
      vertex -43.6051 -33.0467 3.2
      vertex -43.6051 -33.0467 5
      vertex -43.4946 -33.0479 5
    endloop
  endfacet
  facet normal -0.00908303 0.999959 0
    outer loop
      vertex -43.7262 -33.0478 3.2
      vertex -43.6051 -33.0467 5
      vertex -43.6051 -33.0467 3.2
    endloop
  endfacet
  facet normal -0.00908303 0.999959 0
    outer loop
      vertex -43.7262 -33.0478 3.2
      vertex -43.7262 -33.0478 5
      vertex -43.6051 -33.0467 5
    endloop
  endfacet
  facet normal -0.023337 0.999728 0
    outer loop
      vertex -43.859 -33.0509 3.2
      vertex -43.7262 -33.0478 5
      vertex -43.7262 -33.0478 3.2
    endloop
  endfacet
  facet normal -0.023337 0.999728 0
    outer loop
      vertex -43.859 -33.0509 3.2
      vertex -43.859 -33.0509 5
      vertex -43.7262 -33.0478 5
    endloop
  endfacet
  facet normal -0.0343204 0.999411 0
    outer loop
      vertex -44.0046 -33.0559 3.2
      vertex -43.859 -33.0509 5
      vertex -43.859 -33.0509 3.2
    endloop
  endfacet
  facet normal -0.0343204 0.999411 0
    outer loop
      vertex -44.0046 -33.0559 3.2
      vertex -44.0046 -33.0559 5
      vertex -43.859 -33.0509 5
    endloop
  endfacet
  facet normal -0.0419693 0.999119 0
    outer loop
      vertex -44.1641 -33.0626 3.2
      vertex -44.0046 -33.0559 5
      vertex -44.0046 -33.0559 3.2
    endloop
  endfacet
  facet normal -0.0419693 0.999119 0
    outer loop
      vertex -44.1641 -33.0626 3.2
      vertex -44.1641 -33.0626 5
      vertex -44.0046 -33.0559 5
    endloop
  endfacet
  facet normal -0.0469933 0.998895 0
    outer loop
      vertex -44.3384 -33.0708 3.2
      vertex -44.1641 -33.0626 5
      vertex -44.1641 -33.0626 3.2
    endloop
  endfacet
  facet normal -0.0469933 0.998895 0
    outer loop
      vertex -44.3384 -33.0708 3.2
      vertex -44.3384 -33.0708 5
      vertex -44.1641 -33.0626 5
    endloop
  endfacet
  facet normal -0.0285444 0.999593 0
    outer loop
      vertex -44.524 -33.0761 3.2
      vertex -44.3384 -33.0708 5
      vertex -44.3384 -33.0708 3.2
    endloop
  endfacet
  facet normal -0.0285444 0.999593 0
    outer loop
      vertex -44.524 -33.0761 3.2
      vertex -44.524 -33.0761 5
      vertex -44.3384 -33.0708 5
    endloop
  endfacet
  facet normal 0.00984408 0.999952 0
    outer loop
      vertex -44.717 -33.0742 3.2
      vertex -44.524 -33.0761 5
      vertex -44.524 -33.0761 3.2
    endloop
  endfacet
  facet normal 0.00984408 0.999952 -0
    outer loop
      vertex -44.717 -33.0742 3.2
      vertex -44.717 -33.0742 5
      vertex -44.524 -33.0761 5
    endloop
  endfacet
  facet normal 0.0466919 0.998909 0
    outer loop
      vertex -44.9181 -33.0648 3.2
      vertex -44.717 -33.0742 5
      vertex -44.717 -33.0742 3.2
    endloop
  endfacet
  facet normal 0.0466919 0.998909 -0
    outer loop
      vertex -44.9181 -33.0648 3.2
      vertex -44.9181 -33.0648 5
      vertex -44.717 -33.0742 5
    endloop
  endfacet
  facet normal 0.0802928 0.996771 0
    outer loop
      vertex -45.1279 -33.0479 3.2
      vertex -44.9181 -33.0648 5
      vertex -44.9181 -33.0648 3.2
    endloop
  endfacet
  facet normal 0.0802928 0.996771 -0
    outer loop
      vertex -45.1279 -33.0479 3.2
      vertex -45.1279 -33.0479 5
      vertex -44.9181 -33.0648 5
    endloop
  endfacet
  facet normal 0.111526 0.993761 0
    outer loop
      vertex -45.3471 -33.0233 3.2
      vertex -45.1279 -33.0479 5
      vertex -45.1279 -33.0479 3.2
    endloop
  endfacet
  facet normal 0.111526 0.993761 -0
    outer loop
      vertex -45.3471 -33.0233 3.2
      vertex -45.3471 -33.0233 5
      vertex -45.1279 -33.0479 5
    endloop
  endfacet
  facet normal 0.13997 0.990156 0
    outer loop
      vertex -45.5763 -32.9909 3.2
      vertex -45.3471 -33.0233 5
      vertex -45.3471 -33.0233 3.2
    endloop
  endfacet
  facet normal 0.13997 0.990156 -0
    outer loop
      vertex -45.5763 -32.9909 3.2
      vertex -45.5763 -32.9909 5
      vertex -45.3471 -33.0233 5
    endloop
  endfacet
  facet normal 0.166065 0.986115 0
    outer loop
      vertex -45.8162 -32.9505 3.2
      vertex -45.5763 -32.9909 5
      vertex -45.5763 -32.9909 3.2
    endloop
  endfacet
  facet normal 0.166065 0.986115 -0
    outer loop
      vertex -45.8162 -32.9505 3.2
      vertex -45.8162 -32.9505 5
      vertex -45.5763 -32.9909 5
    endloop
  endfacet
  facet normal 0.189572 0.981867 0
    outer loop
      vertex -46.0674 -32.902 3.2
      vertex -45.8162 -32.9505 5
      vertex -45.8162 -32.9505 3.2
    endloop
  endfacet
  facet normal 0.189572 0.981867 -0
    outer loop
      vertex -46.0674 -32.902 3.2
      vertex -46.0674 -32.902 5
      vertex -45.8162 -32.9505 5
    endloop
  endfacet
  facet normal 0.210949 0.977497 0
    outer loop
      vertex -46.3306 -32.8452 3.2
      vertex -46.0674 -32.902 5
      vertex -46.0674 -32.902 3.2
    endloop
  endfacet
  facet normal 0.210949 0.977497 -0
    outer loop
      vertex -46.3306 -32.8452 3.2
      vertex -46.3306 -32.8452 5
      vertex -46.0674 -32.902 5
    endloop
  endfacet
  facet normal 0.229983 0.973195 0
    outer loop
      vertex -46.6065 -32.78 3.2
      vertex -46.3306 -32.8452 5
      vertex -46.3306 -32.8452 3.2
    endloop
  endfacet
  facet normal 0.229983 0.973195 -0
    outer loop
      vertex -46.6065 -32.78 3.2
      vertex -46.6065 -32.78 5
      vertex -46.3306 -32.8452 5
    endloop
  endfacet
  facet normal 0.247028 0.969008 0
    outer loop
      vertex -46.8956 -32.7063 3.2
      vertex -46.6065 -32.78 5
      vertex -46.6065 -32.78 3.2
    endloop
  endfacet
  facet normal 0.247028 0.969008 -0
    outer loop
      vertex -46.8956 -32.7063 3.2
      vertex -46.8956 -32.7063 5
      vertex -46.6065 -32.78 5
    endloop
  endfacet
  facet normal 0.262633 0.964896 0
    outer loop
      vertex -47.1987 -32.6238 3.2
      vertex -46.8956 -32.7063 5
      vertex -46.8956 -32.7063 3.2
    endloop
  endfacet
  facet normal 0.262633 0.964896 -0
    outer loop
      vertex -47.1987 -32.6238 3.2
      vertex -47.1987 -32.6238 5
      vertex -46.8956 -32.7063 5
    endloop
  endfacet
  facet normal 0.276119 0.961123 0
    outer loop
      vertex -47.5165 -32.5325 3.2
      vertex -47.1987 -32.6238 5
      vertex -47.1987 -32.6238 3.2
    endloop
  endfacet
  facet normal 0.276119 0.961123 -0
    outer loop
      vertex -47.5165 -32.5325 3.2
      vertex -47.5165 -32.5325 5
      vertex -47.1987 -32.6238 5
    endloop
  endfacet
  facet normal 0.288403 0.957509 0
    outer loop
      vertex -47.8495 -32.4322 3.2
      vertex -47.5165 -32.5325 5
      vertex -47.5165 -32.5325 3.2
    endloop
  endfacet
  facet normal 0.288403 0.957509 -0
    outer loop
      vertex -47.8495 -32.4322 3.2
      vertex -47.8495 -32.4322 5
      vertex -47.5165 -32.5325 5
    endloop
  endfacet
  facet normal 0.299194 0.954192 0
    outer loop
      vertex -48.1984 -32.3228 3.2
      vertex -47.8495 -32.4322 5
      vertex -47.8495 -32.4322 3.2
    endloop
  endfacet
  facet normal 0.299194 0.954192 -0
    outer loop
      vertex -48.1984 -32.3228 3.2
      vertex -48.1984 -32.3228 5
      vertex -47.8495 -32.4322 5
    endloop
  endfacet
  facet normal 0.30888 0.951101 0
    outer loop
      vertex -48.5639 -32.2041 3.2
      vertex -48.1984 -32.3228 5
      vertex -48.1984 -32.3228 3.2
    endloop
  endfacet
  facet normal 0.30888 0.951101 -0
    outer loop
      vertex -48.5639 -32.2041 3.2
      vertex -48.5639 -32.2041 5
      vertex -48.1984 -32.3228 5
    endloop
  endfacet
  facet normal 0.317417 0.948286 0
    outer loop
      vertex -48.9466 -32.076 3.2
      vertex -48.5639 -32.2041 5
      vertex -48.5639 -32.2041 3.2
    endloop
  endfacet
  facet normal 0.317417 0.948286 -0
    outer loop
      vertex -48.9466 -32.076 3.2
      vertex -48.9466 -32.076 5
      vertex -48.5639 -32.2041 5
    endloop
  endfacet
  facet normal 0.325067 0.945691 0
    outer loop
      vertex -49.3472 -31.9383 3.2
      vertex -48.9466 -32.076 5
      vertex -48.9466 -32.076 3.2
    endloop
  endfacet
  facet normal 0.325067 0.945691 -0
    outer loop
      vertex -49.3472 -31.9383 3.2
      vertex -49.3472 -31.9383 5
      vertex -48.9466 -32.076 5
    endloop
  endfacet
  facet normal 0.331784 0.943355 0
    outer loop
      vertex -49.7663 -31.7909 3.2
      vertex -49.3472 -31.9383 5
      vertex -49.3472 -31.9383 3.2
    endloop
  endfacet
  facet normal 0.331784 0.943355 -0
    outer loop
      vertex -49.7663 -31.7909 3.2
      vertex -49.7663 -31.7909 5
      vertex -49.3472 -31.9383 5
    endloop
  endfacet
  facet normal 0.337723 0.941245 0
    outer loop
      vertex -50.2047 -31.6336 3.2
      vertex -49.7663 -31.7909 5
      vertex -49.7663 -31.7909 3.2
    endloop
  endfacet
  facet normal 0.337723 0.941245 -0
    outer loop
      vertex -50.2047 -31.6336 3.2
      vertex -50.2047 -31.6336 5
      vertex -49.7663 -31.7909 5
    endloop
  endfacet
  facet normal 0.331372 0.9435 0
    outer loop
      vertex -50.324 -31.5917 3.2
      vertex -50.2047 -31.6336 5
      vertex -50.2047 -31.6336 3.2
    endloop
  endfacet
  facet normal 0.331372 0.9435 -0
    outer loop
      vertex -50.324 -31.5917 3.2
      vertex -50.324 -31.5917 5
      vertex -50.2047 -31.6336 5
    endloop
  endfacet
  facet normal 0.322594 0.946537 0
    outer loop
      vertex -50.4443 -31.5507 3.2
      vertex -50.324 -31.5917 5
      vertex -50.324 -31.5917 3.2
    endloop
  endfacet
  facet normal 0.322594 0.946537 -0
    outer loop
      vertex -50.4443 -31.5507 3.2
      vertex -50.4443 -31.5507 5
      vertex -50.324 -31.5917 5
    endloop
  endfacet
  facet normal 0.315284 0.948997 0
    outer loop
      vertex -50.565 -31.5106 3.2
      vertex -50.4443 -31.5507 5
      vertex -50.4443 -31.5507 3.2
    endloop
  endfacet
  facet normal 0.315284 0.948997 -0
    outer loop
      vertex -50.565 -31.5106 3.2
      vertex -50.565 -31.5106 5
      vertex -50.4443 -31.5507 5
    endloop
  endfacet
  facet normal 0.307694 0.951485 0
    outer loop
      vertex -50.6856 -31.4716 3.2
      vertex -50.565 -31.5106 5
      vertex -50.565 -31.5106 3.2
    endloop
  endfacet
  facet normal 0.307694 0.951485 -0
    outer loop
      vertex -50.6856 -31.4716 3.2
      vertex -50.6856 -31.4716 5
      vertex -50.565 -31.5106 5
    endloop
  endfacet
  facet normal 0.300447 0.953799 0
    outer loop
      vertex -50.8056 -31.4338 3.2
      vertex -50.6856 -31.4716 5
      vertex -50.6856 -31.4716 3.2
    endloop
  endfacet
  facet normal 0.300447 0.953799 -0
    outer loop
      vertex -50.8056 -31.4338 3.2
      vertex -50.8056 -31.4338 5
      vertex -50.6856 -31.4716 5
    endloop
  endfacet
  facet normal 0.292504 0.956264 0
    outer loop
      vertex -50.9246 -31.3974 3.2
      vertex -50.8056 -31.4338 5
      vertex -50.8056 -31.4338 3.2
    endloop
  endfacet
  facet normal 0.292504 0.956264 -0
    outer loop
      vertex -50.9246 -31.3974 3.2
      vertex -50.9246 -31.3974 5
      vertex -50.8056 -31.4338 5
    endloop
  endfacet
  facet normal 0.2842 0.958765 0
    outer loop
      vertex -51.042 -31.3626 3.2
      vertex -50.9246 -31.3974 5
      vertex -50.9246 -31.3974 3.2
    endloop
  endfacet
  facet normal 0.2842 0.958765 -0
    outer loop
      vertex -51.042 -31.3626 3.2
      vertex -51.042 -31.3626 5
      vertex -50.9246 -31.3974 5
    endloop
  endfacet
  facet normal 0.276702 0.960956 0
    outer loop
      vertex -51.1573 -31.3294 3.2
      vertex -51.042 -31.3626 5
      vertex -51.042 -31.3626 3.2
    endloop
  endfacet
  facet normal 0.276702 0.960956 -0
    outer loop
      vertex -51.1573 -31.3294 3.2
      vertex -51.1573 -31.3294 5
      vertex -51.042 -31.3626 5
    endloop
  endfacet
  facet normal 0.2676 0.96353 0
    outer loop
      vertex -51.27 -31.2981 3.2
      vertex -51.1573 -31.3294 5
      vertex -51.1573 -31.3294 3.2
    endloop
  endfacet
  facet normal 0.2676 0.96353 -0
    outer loop
      vertex -51.27 -31.2981 3.2
      vertex -51.27 -31.2981 5
      vertex -51.1573 -31.3294 5
    endloop
  endfacet
  facet normal 0.258868 0.965913 0
    outer loop
      vertex -51.3797 -31.2687 3.2
      vertex -51.27 -31.2981 5
      vertex -51.27 -31.2981 3.2
    endloop
  endfacet
  facet normal 0.258868 0.965913 -0
    outer loop
      vertex -51.3797 -31.2687 3.2
      vertex -51.3797 -31.2687 5
      vertex -51.27 -31.2981 5
    endloop
  endfacet
  facet normal 0.248551 0.968619 0
    outer loop
      vertex -51.4857 -31.2415 3.2
      vertex -51.3797 -31.2687 5
      vertex -51.3797 -31.2687 3.2
    endloop
  endfacet
  facet normal 0.248551 0.968619 -0
    outer loop
      vertex -51.4857 -31.2415 3.2
      vertex -51.4857 -31.2415 5
      vertex -51.3797 -31.2687 5
    endloop
  endfacet
  facet normal 0.238052 0.971252 0
    outer loop
      vertex -51.5877 -31.2165 3.2
      vertex -51.4857 -31.2415 5
      vertex -51.4857 -31.2415 3.2
    endloop
  endfacet
  facet normal 0.238052 0.971252 -0
    outer loop
      vertex -51.5877 -31.2165 3.2
      vertex -51.5877 -31.2165 5
      vertex -51.4857 -31.2415 5
    endloop
  endfacet
  facet normal 0.226028 0.974121 0
    outer loop
      vertex -51.6851 -31.1939 3.2
      vertex -51.5877 -31.2165 5
      vertex -51.5877 -31.2165 3.2
    endloop
  endfacet
  facet normal 0.226028 0.974121 -0
    outer loop
      vertex -51.6851 -31.1939 3.2
      vertex -51.6851 -31.1939 5
      vertex -51.5877 -31.2165 5
    endloop
  endfacet
  facet normal 0.212561 0.977148 0
    outer loop
      vertex -51.7775 -31.1738 3.2
      vertex -51.6851 -31.1939 5
      vertex -51.6851 -31.1939 3.2
    endloop
  endfacet
  facet normal 0.212561 0.977148 -0
    outer loop
      vertex -51.7775 -31.1738 3.2
      vertex -51.7775 -31.1738 5
      vertex -51.6851 -31.1939 5
    endloop
  endfacet
  facet normal 0.196769 0.98045 0
    outer loop
      vertex -51.8642 -31.1564 3.2
      vertex -51.7775 -31.1738 5
      vertex -51.7775 -31.1738 3.2
    endloop
  endfacet
  facet normal 0.196769 0.98045 -0
    outer loop
      vertex -51.8642 -31.1564 3.2
      vertex -51.8642 -31.1564 5
      vertex -51.7775 -31.1738 5
    endloop
  endfacet
  facet normal 0.177058 0.9842 0
    outer loop
      vertex -51.9448 -31.1419 3.2
      vertex -51.8642 -31.1564 5
      vertex -51.8642 -31.1564 3.2
    endloop
  endfacet
  facet normal 0.177058 0.9842 -0
    outer loop
      vertex -51.9448 -31.1419 3.2
      vertex -51.9448 -31.1419 5
      vertex -51.8642 -31.1564 5
    endloop
  endfacet
  facet normal 0.15336 0.98817 0
    outer loop
      vertex -52.0189 -31.1304 3.2
      vertex -51.9448 -31.1419 5
      vertex -51.9448 -31.1419 3.2
    endloop
  endfacet
  facet normal 0.15336 0.98817 -0
    outer loop
      vertex -52.0189 -31.1304 3.2
      vertex -52.0189 -31.1304 5
      vertex -51.9448 -31.1419 5
    endloop
  endfacet
  facet normal 0.125857 0.992048 0
    outer loop
      vertex -52.0859 -31.1219 3.2
      vertex -52.0189 -31.1304 5
      vertex -52.0189 -31.1304 3.2
    endloop
  endfacet
  facet normal 0.125857 0.992048 -0
    outer loop
      vertex -52.0859 -31.1219 3.2
      vertex -52.0859 -31.1219 5
      vertex -52.0189 -31.1304 5
    endloop
  endfacet
  facet normal 0.0856871 0.996322 0
    outer loop
      vertex -52.1452 -31.1168 3.2
      vertex -52.0859 -31.1219 5
      vertex -52.0859 -31.1219 3.2
    endloop
  endfacet
  facet normal 0.0856871 0.996322 -0
    outer loop
      vertex -52.1452 -31.1168 3.2
      vertex -52.1452 -31.1168 5
      vertex -52.0859 -31.1219 5
    endloop
  endfacet
  facet normal 0.0350661 0.999385 0
    outer loop
      vertex -52.1965 -31.115 3.2
      vertex -52.1452 -31.1168 5
      vertex -52.1452 -31.1168 3.2
    endloop
  endfacet
  facet normal 0.0350661 0.999385 -0
    outer loop
      vertex -52.1965 -31.115 3.2
      vertex -52.1965 -31.115 5
      vertex -52.1452 -31.1168 5
    endloop
  endfacet
  facet normal 0.0170915 0.999854 0
    outer loop
      vertex -52.2433 -31.1142 3.2
      vertex -52.1965 -31.115 5
      vertex -52.1965 -31.115 3.2
    endloop
  endfacet
  facet normal 0.0170915 0.999854 -0
    outer loop
      vertex -52.2433 -31.1142 3.2
      vertex -52.2433 -31.1142 5
      vertex -52.1965 -31.115 5
    endloop
  endfacet
  facet normal 0.0437827 0.999041 0
    outer loop
      vertex -52.2935 -31.112 3.2
      vertex -52.2433 -31.1142 5
      vertex -52.2433 -31.1142 3.2
    endloop
  endfacet
  facet normal 0.0437827 0.999041 -0
    outer loop
      vertex -52.2935 -31.112 3.2
      vertex -52.2935 -31.112 5
      vertex -52.2433 -31.1142 5
    endloop
  endfacet
  facet normal 0.0693813 0.99759 0
    outer loop
      vertex -52.3467 -31.1083 3.2
      vertex -52.2935 -31.112 5
      vertex -52.2935 -31.112 3.2
    endloop
  endfacet
  facet normal 0.0693813 0.99759 -0
    outer loop
      vertex -52.3467 -31.1083 3.2
      vertex -52.3467 -31.1083 5
      vertex -52.2935 -31.112 5
    endloop
  endfacet
  facet normal 0.090857 0.995864 0
    outer loop
      vertex -52.4026 -31.1032 3.2
      vertex -52.3467 -31.1083 5
      vertex -52.3467 -31.1083 3.2
    endloop
  endfacet
  facet normal 0.090857 0.995864 -0
    outer loop
      vertex -52.4026 -31.1032 3.2
      vertex -52.4026 -31.1032 5
      vertex -52.3467 -31.1083 5
    endloop
  endfacet
  facet normal 0.110994 0.993821 0
    outer loop
      vertex -52.4608 -31.0967 3.2
      vertex -52.4026 -31.1032 5
      vertex -52.4026 -31.1032 3.2
    endloop
  endfacet
  facet normal 0.110994 0.993821 -0
    outer loop
      vertex -52.4608 -31.0967 3.2
      vertex -52.4608 -31.0967 5
      vertex -52.4026 -31.1032 5
    endloop
  endfacet
  facet normal 0.126666 0.991945 0
    outer loop
      vertex -52.5211 -31.089 3.2
      vertex -52.4608 -31.0967 5
      vertex -52.4608 -31.0967 3.2
    endloop
  endfacet
  facet normal 0.126666 0.991945 -0
    outer loop
      vertex -52.5211 -31.089 3.2
      vertex -52.5211 -31.089 5
      vertex -52.4608 -31.0967 5
    endloop
  endfacet
  facet normal 0.141868 0.989886 0
    outer loop
      vertex -52.5832 -31.0801 3.2
      vertex -52.5211 -31.089 5
      vertex -52.5211 -31.089 3.2
    endloop
  endfacet
  facet normal 0.141868 0.989886 -0
    outer loop
      vertex -52.5832 -31.0801 3.2
      vertex -52.5832 -31.0801 5
      vertex -52.5211 -31.089 5
    endloop
  endfacet
  facet normal 0.157322 0.987547 0
    outer loop
      vertex -52.6466 -31.07 3.2
      vertex -52.5832 -31.0801 5
      vertex -52.5832 -31.0801 3.2
    endloop
  endfacet
  facet normal 0.157322 0.987547 -0
    outer loop
      vertex -52.6466 -31.07 3.2
      vertex -52.6466 -31.07 5
      vertex -52.5832 -31.0801 5
    endloop
  endfacet
  facet normal 0.172566 0.984998 0
    outer loop
      vertex -52.7111 -31.0587 3.2
      vertex -52.6466 -31.07 5
      vertex -52.6466 -31.07 3.2
    endloop
  endfacet
  facet normal 0.172566 0.984998 -0
    outer loop
      vertex -52.7111 -31.0587 3.2
      vertex -52.7111 -31.0587 5
      vertex -52.6466 -31.07 5
    endloop
  endfacet
  facet normal 0.183924 0.98294 0
    outer loop
      vertex -52.7763 -31.0465 3.2
      vertex -52.7111 -31.0587 5
      vertex -52.7111 -31.0587 3.2
    endloop
  endfacet
  facet normal 0.183924 0.98294 -0
    outer loop
      vertex -52.7763 -31.0465 3.2
      vertex -52.7763 -31.0465 5
      vertex -52.7111 -31.0587 5
    endloop
  endfacet
  facet normal 0.198411 0.980119 0
    outer loop
      vertex -52.842 -31.0332 3.2
      vertex -52.7763 -31.0465 5
      vertex -52.7763 -31.0465 3.2
    endloop
  endfacet
  facet normal 0.198411 0.980119 -0
    outer loop
      vertex -52.842 -31.0332 3.2
      vertex -52.842 -31.0332 5
      vertex -52.7763 -31.0465 5
    endloop
  endfacet
  facet normal 0.211256 0.977431 0
    outer loop
      vertex -52.9077 -31.019 3.2
      vertex -52.842 -31.0332 5
      vertex -52.842 -31.0332 3.2
    endloop
  endfacet
  facet normal 0.211256 0.977431 -0
    outer loop
      vertex -52.9077 -31.019 3.2
      vertex -52.9077 -31.019 5
      vertex -52.842 -31.0332 5
    endloop
  endfacet
  facet normal 0.224968 0.974366 0
    outer loop
      vertex -52.9731 -31.0039 3.2
      vertex -52.9077 -31.019 5
      vertex -52.9077 -31.019 3.2
    endloop
  endfacet
  facet normal 0.224968 0.974366 -0
    outer loop
      vertex -52.9731 -31.0039 3.2
      vertex -52.9731 -31.0039 5
      vertex -52.9077 -31.019 5
    endloop
  endfacet
  facet normal 0.239366 0.970929 0
    outer loop
      vertex -53.038 -30.9879 3.2
      vertex -52.9731 -31.0039 5
      vertex -52.9731 -31.0039 3.2
    endloop
  endfacet
  facet normal 0.239366 0.970929 -0
    outer loop
      vertex -53.038 -30.9879 3.2
      vertex -53.038 -30.9879 5
      vertex -52.9731 -31.0039 5
    endloop
  endfacet
  facet normal 0.252483 0.967601 0
    outer loop
      vertex -53.102 -30.9712 3.2
      vertex -53.038 -30.9879 5
      vertex -53.038 -30.9879 3.2
    endloop
  endfacet
  facet normal 0.252483 0.967601 -0
    outer loop
      vertex -53.102 -30.9712 3.2
      vertex -53.102 -30.9712 5
      vertex -53.038 -30.9879 5
    endloop
  endfacet
  facet normal 0.267011 0.963694 0
    outer loop
      vertex -53.1648 -30.9538 3.2
      vertex -53.102 -30.9712 5
      vertex -53.102 -30.9712 3.2
    endloop
  endfacet
  facet normal 0.267011 0.963694 -0
    outer loop
      vertex -53.1648 -30.9538 3.2
      vertex -53.1648 -30.9538 5
      vertex -53.102 -30.9712 5
    endloop
  endfacet
  facet normal 0.283608 0.95894 0
    outer loop
      vertex -53.226 -30.9357 3.2
      vertex -53.1648 -30.9538 5
      vertex -53.1648 -30.9538 3.2
    endloop
  endfacet
  facet normal 0.283608 0.95894 -0
    outer loop
      vertex -53.226 -30.9357 3.2
      vertex -53.226 -30.9357 5
      vertex -53.1648 -30.9538 5
    endloop
  endfacet
  facet normal 0.300286 0.953849 0
    outer loop
      vertex -53.2854 -30.917 3.2
      vertex -53.226 -30.9357 5
      vertex -53.226 -30.9357 3.2
    endloop
  endfacet
  facet normal 0.300286 0.953849 -0
    outer loop
      vertex -53.2854 -30.917 3.2
      vertex -53.2854 -30.917 5
      vertex -53.226 -30.9357 5
    endloop
  endfacet
  facet normal 0.320207 0.947348 0
    outer loop
      vertex -53.3425 -30.8977 3.2
      vertex -53.2854 -30.917 5
      vertex -53.2854 -30.917 3.2
    endloop
  endfacet
  facet normal 0.320207 0.947348 -0
    outer loop
      vertex -53.3425 -30.8977 3.2
      vertex -53.3425 -30.8977 5
      vertex -53.2854 -30.917 5
    endloop
  endfacet
  facet normal 0.340913 0.940095 0
    outer loop
      vertex -53.3971 -30.8779 3.2
      vertex -53.3425 -30.8977 5
      vertex -53.3425 -30.8977 3.2
    endloop
  endfacet
  facet normal 0.340913 0.940095 -0
    outer loop
      vertex -53.3971 -30.8779 3.2
      vertex -53.3971 -30.8779 5
      vertex -53.3425 -30.8977 5
    endloop
  endfacet
  facet normal 0.340904 0.940098 0
    outer loop
      vertex -53.4961 -30.842 3.2
      vertex -53.3971 -30.8779 5
      vertex -53.3971 -30.8779 3.2
    endloop
  endfacet
  facet normal 0.340904 0.940098 -0
    outer loop
      vertex -53.4961 -30.842 3.2
      vertex -53.4961 -30.842 5
      vertex -53.3971 -30.8779 5
    endloop
  endfacet
  facet normal 0.334948 0.942237 0
    outer loop
      vertex -53.5864 -30.8099 3.2
      vertex -53.4961 -30.842 5
      vertex -53.4961 -30.842 3.2
    endloop
  endfacet
  facet normal 0.334948 0.942237 -0
    outer loop
      vertex -53.5864 -30.8099 3.2
      vertex -53.5864 -30.8099 5
      vertex -53.4961 -30.842 5
    endloop
  endfacet
  facet normal 0.317244 0.948344 0
    outer loop
      vertex -53.6704 -30.7818 3.2
      vertex -53.5864 -30.8099 5
      vertex -53.5864 -30.8099 3.2
    endloop
  endfacet
  facet normal 0.317244 0.948344 -0
    outer loop
      vertex -53.6704 -30.7818 3.2
      vertex -53.6704 -30.7818 5
      vertex -53.5864 -30.8099 5
    endloop
  endfacet
  facet normal 0.281649 0.959517 0
    outer loop
      vertex -53.7508 -30.7582 3.2
      vertex -53.6704 -30.7818 5
      vertex -53.6704 -30.7818 3.2
    endloop
  endfacet
  facet normal 0.281649 0.959517 -0
    outer loop
      vertex -53.7508 -30.7582 3.2
      vertex -53.7508 -30.7582 5
      vertex -53.6704 -30.7818 5
    endloop
  endfacet
  facet normal 0.231565 0.972819 0
    outer loop
      vertex -53.8302 -30.7393 3.2
      vertex -53.7508 -30.7582 5
      vertex -53.7508 -30.7582 3.2
    endloop
  endfacet
  facet normal 0.231565 0.972819 -0
    outer loop
      vertex -53.8302 -30.7393 3.2
      vertex -53.8302 -30.7393 5
      vertex -53.7508 -30.7582 5
    endloop
  endfacet
  facet normal 0.17011 0.985425 0
    outer loop
      vertex -53.9113 -30.7253 3.2
      vertex -53.8302 -30.7393 5
      vertex -53.8302 -30.7393 3.2
    endloop
  endfacet
  facet normal 0.17011 0.985425 -0
    outer loop
      vertex -53.9113 -30.7253 3.2
      vertex -53.9113 -30.7253 5
      vertex -53.8302 -30.7393 5
    endloop
  endfacet
  facet normal 0.102621 0.994721 0
    outer loop
      vertex -53.9966 -30.7165 3.2
      vertex -53.9113 -30.7253 5
      vertex -53.9113 -30.7253 3.2
    endloop
  endfacet
  facet normal 0.102621 0.994721 -0
    outer loop
      vertex -53.9966 -30.7165 3.2
      vertex -53.9966 -30.7165 5
      vertex -53.9113 -30.7253 5
    endloop
  endfacet
  facet normal 0.0357689 0.99936 0
    outer loop
      vertex -54.0888 -30.7132 3.2
      vertex -53.9966 -30.7165 5
      vertex -53.9966 -30.7165 3.2
    endloop
  endfacet
  facet normal 0.0357689 0.99936 -0
    outer loop
      vertex -54.0888 -30.7132 3.2
      vertex -54.0888 -30.7132 5
      vertex -53.9966 -30.7165 5
    endloop
  endfacet
  facet normal -0.0245747 0.999698 0
    outer loop
      vertex -54.1905 -30.7157 3.2
      vertex -54.0888 -30.7132 5
      vertex -54.0888 -30.7132 3.2
    endloop
  endfacet
  facet normal -0.0245747 0.999698 0
    outer loop
      vertex -54.1905 -30.7157 3.2
      vertex -54.1905 -30.7157 5
      vertex -54.0888 -30.7132 5
    endloop
  endfacet
  facet normal -0.074485 0.997222 0
    outer loop
      vertex -54.3043 -30.7242 3.2
      vertex -54.1905 -30.7157 5
      vertex -54.1905 -30.7157 3.2
    endloop
  endfacet
  facet normal -0.074485 0.997222 0
    outer loop
      vertex -54.3043 -30.7242 3.2
      vertex -54.3043 -30.7242 5
      vertex -54.1905 -30.7157 5
    endloop
  endfacet
  facet normal -0.115182 0.993344 0
    outer loop
      vertex -54.4328 -30.7391 3.2
      vertex -54.3043 -30.7242 5
      vertex -54.3043 -30.7242 3.2
    endloop
  endfacet
  facet normal -0.115182 0.993344 0
    outer loop
      vertex -54.4328 -30.7391 3.2
      vertex -54.4328 -30.7391 5
      vertex -54.3043 -30.7242 5
    endloop
  endfacet
  facet normal -0.145787 0.989316 0
    outer loop
      vertex -54.5787 -30.7606 3.2
      vertex -54.4328 -30.7391 5
      vertex -54.4328 -30.7391 3.2
    endloop
  endfacet
  facet normal -0.145787 0.989316 0
    outer loop
      vertex -54.5787 -30.7606 3.2
      vertex -54.5787 -30.7606 5
      vertex -54.4328 -30.7391 5
    endloop
  endfacet
  facet normal -0.168733 0.985662 0
    outer loop
      vertex -54.7446 -30.789 3.2
      vertex -54.5787 -30.7606 5
      vertex -54.5787 -30.7606 3.2
    endloop
  endfacet
  facet normal -0.168733 0.985662 0
    outer loop
      vertex -54.7446 -30.789 3.2
      vertex -54.7446 -30.789 5
      vertex -54.5787 -30.7606 5
    endloop
  endfacet
  facet normal -0.18517 0.982706 0
    outer loop
      vertex -54.933 -30.8245 3.2
      vertex -54.7446 -30.789 5
      vertex -54.7446 -30.789 3.2
    endloop
  endfacet
  facet normal -0.18517 0.982706 0
    outer loop
      vertex -54.933 -30.8245 3.2
      vertex -54.933 -30.8245 5
      vertex -54.7446 -30.789 5
    endloop
  endfacet
  facet normal -0.197263 0.980351 0
    outer loop
      vertex -55.1467 -30.8675 3.2
      vertex -54.933 -30.8245 5
      vertex -54.933 -30.8245 3.2
    endloop
  endfacet
  facet normal -0.197263 0.980351 0
    outer loop
      vertex -55.1467 -30.8675 3.2
      vertex -55.1467 -30.8675 5
      vertex -54.933 -30.8245 5
    endloop
  endfacet
  facet normal -0.205459 0.978666 0
    outer loop
      vertex -55.3882 -30.9182 3.2
      vertex -55.1467 -30.8675 5
      vertex -55.1467 -30.8675 3.2
    endloop
  endfacet
  facet normal -0.205459 0.978666 0
    outer loop
      vertex -55.3882 -30.9182 3.2
      vertex -55.3882 -30.9182 5
      vertex -55.1467 -30.8675 5
    endloop
  endfacet
  facet normal -0.211296 0.977422 0
    outer loop
      vertex -55.6602 -30.977 3.2
      vertex -55.3882 -30.9182 5
      vertex -55.3882 -30.9182 3.2
    endloop
  endfacet
  facet normal -0.211296 0.977422 0
    outer loop
      vertex -55.6602 -30.977 3.2
      vertex -55.6602 -30.977 5
      vertex -55.3882 -30.9182 5
    endloop
  endfacet
  facet normal -0.214556 0.976712 0
    outer loop
      vertex -55.9652 -31.044 3.2
      vertex -55.6602 -30.977 5
      vertex -55.6602 -30.977 3.2
    endloop
  endfacet
  facet normal -0.214556 0.976712 0
    outer loop
      vertex -55.9652 -31.044 3.2
      vertex -55.9652 -31.044 5
      vertex -55.6602 -30.977 5
    endloop
  endfacet
  facet normal -0.216354 0.976315 0
    outer loop
      vertex -56.3059 -31.1195 3.2
      vertex -55.9652 -31.044 5
      vertex -55.9652 -31.044 3.2
    endloop
  endfacet
  facet normal -0.216354 0.976315 0
    outer loop
      vertex -56.3059 -31.1195 3.2
      vertex -56.3059 -31.1195 5
      vertex -55.9652 -31.044 5
    endloop
  endfacet
  facet normal -0.217367 0.97609 0
    outer loop
      vertex -56.6849 -31.2039 3.2
      vertex -56.3059 -31.1195 5
      vertex -56.3059 -31.1195 3.2
    endloop
  endfacet
  facet normal -0.217367 0.97609 0
    outer loop
      vertex -56.6849 -31.2039 3.2
      vertex -56.6849 -31.2039 5
      vertex -56.3059 -31.1195 5
    endloop
  endfacet
  facet normal -0.223129 0.974789 0
    outer loop
      vertex -56.7631 -31.2218 3.2
      vertex -56.6849 -31.2039 5
      vertex -56.6849 -31.2039 3.2
    endloop
  endfacet
  facet normal -0.223129 0.974789 0
    outer loop
      vertex -56.7631 -31.2218 3.2
      vertex -56.7631 -31.2218 5
      vertex -56.6849 -31.2039 5
    endloop
  endfacet
  facet normal -0.222422 0.97495 0
    outer loop
      vertex -56.842 -31.2398 3.2
      vertex -56.7631 -31.2218 5
      vertex -56.7631 -31.2218 3.2
    endloop
  endfacet
  facet normal -0.222422 0.97495 0
    outer loop
      vertex -56.842 -31.2398 3.2
      vertex -56.842 -31.2398 5
      vertex -56.7631 -31.2218 5
    endloop
  endfacet
  facet normal -0.221621 0.975133 0
    outer loop
      vertex -56.9212 -31.2578 3.2
      vertex -56.842 -31.2398 5
      vertex -56.842 -31.2398 3.2
    endloop
  endfacet
  facet normal -0.221621 0.975133 0
    outer loop
      vertex -56.9212 -31.2578 3.2
      vertex -56.9212 -31.2578 5
      vertex -56.842 -31.2398 5
    endloop
  endfacet
  facet normal -0.222791 0.974866 0
    outer loop
      vertex -57.0004 -31.2759 3.2
      vertex -56.9212 -31.2578 5
      vertex -56.9212 -31.2578 3.2
    endloop
  endfacet
  facet normal -0.222791 0.974866 0
    outer loop
      vertex -57.0004 -31.2759 3.2
      vertex -57.0004 -31.2759 5
      vertex -56.9212 -31.2578 5
    endloop
  endfacet
  facet normal -0.220071 0.975484 0
    outer loop
      vertex -57.0793 -31.2937 3.2
      vertex -57.0004 -31.2759 5
      vertex -57.0004 -31.2759 3.2
    endloop
  endfacet
  facet normal -0.220071 0.975484 0
    outer loop
      vertex -57.0793 -31.2937 3.2
      vertex -57.0793 -31.2937 5
      vertex -57.0004 -31.2759 5
    endloop
  endfacet
  facet normal -0.221027 0.975268 0
    outer loop
      vertex -57.1574 -31.3114 3.2
      vertex -57.0793 -31.2937 5
      vertex -57.0793 -31.2937 3.2
    endloop
  endfacet
  facet normal -0.221027 0.975268 0
    outer loop
      vertex -57.1574 -31.3114 3.2
      vertex -57.1574 -31.3114 5
      vertex -57.0793 -31.2937 5
    endloop
  endfacet
  facet normal -0.219211 0.975678 0
    outer loop
      vertex -57.2344 -31.3287 3.2
      vertex -57.1574 -31.3114 5
      vertex -57.1574 -31.3114 3.2
    endloop
  endfacet
  facet normal -0.219211 0.975678 0
    outer loop
      vertex -57.2344 -31.3287 3.2
      vertex -57.2344 -31.3287 5
      vertex -57.1574 -31.3114 5
    endloop
  endfacet
  facet normal -0.219113 0.975699 0
    outer loop
      vertex -57.3101 -31.3457 3.2
      vertex -57.2344 -31.3287 5
      vertex -57.2344 -31.3287 3.2
    endloop
  endfacet
  facet normal -0.219113 0.975699 0
    outer loop
      vertex -57.3101 -31.3457 3.2
      vertex -57.3101 -31.3457 5
      vertex -57.2344 -31.3287 5
    endloop
  endfacet
  facet normal -0.21693 0.976187 0
    outer loop
      vertex -57.3839 -31.3621 3.2
      vertex -57.3101 -31.3457 5
      vertex -57.3101 -31.3457 3.2
    endloop
  endfacet
  facet normal -0.21693 0.976187 0
    outer loop
      vertex -57.3839 -31.3621 3.2
      vertex -57.3839 -31.3621 5
      vertex -57.3101 -31.3457 5
    endloop
  endfacet
  facet normal -0.21621 0.976347 0
    outer loop
      vertex -57.4557 -31.378 3.2
      vertex -57.3839 -31.3621 5
      vertex -57.3839 -31.3621 3.2
    endloop
  endfacet
  facet normal -0.21621 0.976347 0
    outer loop
      vertex -57.4557 -31.378 3.2
      vertex -57.4557 -31.378 5
      vertex -57.3839 -31.3621 5
    endloop
  endfacet
  facet normal -0.214243 0.97678 0
    outer loop
      vertex -57.525 -31.3932 3.2
      vertex -57.4557 -31.378 5
      vertex -57.4557 -31.378 3.2
    endloop
  endfacet
  facet normal -0.214243 0.97678 0
    outer loop
      vertex -57.525 -31.3932 3.2
      vertex -57.525 -31.3932 5
      vertex -57.4557 -31.378 5
    endloop
  endfacet
  facet normal -0.21304 0.977044 0
    outer loop
      vertex -57.5915 -31.4077 3.2
      vertex -57.525 -31.3932 5
      vertex -57.525 -31.3932 3.2
    endloop
  endfacet
  facet normal -0.21304 0.977044 0
    outer loop
      vertex -57.5915 -31.4077 3.2
      vertex -57.5915 -31.4077 5
      vertex -57.525 -31.3932 5
    endloop
  endfacet
  facet normal -0.20974 0.977757 0
    outer loop
      vertex -57.6549 -31.4213 3.2
      vertex -57.5915 -31.4077 5
      vertex -57.5915 -31.4077 3.2
    endloop
  endfacet
  facet normal -0.20974 0.977757 0
    outer loop
      vertex -57.6549 -31.4213 3.2
      vertex -57.6549 -31.4213 5
      vertex -57.5915 -31.4077 5
    endloop
  endfacet
  facet normal -0.205846 0.978584 0
    outer loop
      vertex -57.7148 -31.4339 3.2
      vertex -57.6549 -31.4213 5
      vertex -57.6549 -31.4213 3.2
    endloop
  endfacet
  facet normal -0.205846 0.978584 0
    outer loop
      vertex -57.7148 -31.4339 3.2
      vertex -57.7148 -31.4339 5
      vertex -57.6549 -31.4213 5
    endloop
  endfacet
  facet normal -0.204513 0.978864 0
    outer loop
      vertex -57.7708 -31.4456 3.2
      vertex -57.7148 -31.4339 5
      vertex -57.7148 -31.4339 3.2
    endloop
  endfacet
  facet normal -0.204513 0.978864 0
    outer loop
      vertex -57.7708 -31.4456 3.2
      vertex -57.7708 -31.4456 5
      vertex -57.7148 -31.4339 5
    endloop
  endfacet
  facet normal -0.198662 0.980068 0
    outer loop
      vertex -57.8226 -31.4561 3.2
      vertex -57.7708 -31.4456 5
      vertex -57.7708 -31.4456 3.2
    endloop
  endfacet
  facet normal -0.198662 0.980068 0
    outer loop
      vertex -57.8226 -31.4561 3.2
      vertex -57.8226 -31.4561 5
      vertex -57.7708 -31.4456 5
    endloop
  endfacet
  facet normal -0.19492 0.980819 0
    outer loop
      vertex -57.8699 -31.4655 3.2
      vertex -57.8226 -31.4561 5
      vertex -57.8226 -31.4561 3.2
    endloop
  endfacet
  facet normal -0.19492 0.980819 0
    outer loop
      vertex -57.8699 -31.4655 3.2
      vertex -57.8699 -31.4655 5
      vertex -57.8226 -31.4561 5
    endloop
  endfacet
  facet normal -0.185408 0.982662 0
    outer loop
      vertex -57.9123 -31.4735 3.2
      vertex -57.8699 -31.4655 5
      vertex -57.8699 -31.4655 3.2
    endloop
  endfacet
  facet normal -0.185408 0.982662 0
    outer loop
      vertex -57.9123 -31.4735 3.2
      vertex -57.9123 -31.4735 5
      vertex -57.8699 -31.4655 5
    endloop
  endfacet
  facet normal -0.177718 0.984081 0
    outer loop
      vertex -57.9494 -31.4802 3.2
      vertex -57.9123 -31.4735 5
      vertex -57.9123 -31.4735 3.2
    endloop
  endfacet
  facet normal -0.177718 0.984081 0
    outer loop
      vertex -57.9494 -31.4802 3.2
      vertex -57.9494 -31.4802 5
      vertex -57.9123 -31.4735 5
    endloop
  endfacet
  facet normal -0.162373 0.986729 0
    outer loop
      vertex -57.981 -31.4854 3.2
      vertex -57.9494 -31.4802 5
      vertex -57.9494 -31.4802 3.2
    endloop
  endfacet
  facet normal -0.162373 0.986729 0
    outer loop
      vertex -57.981 -31.4854 3.2
      vertex -57.981 -31.4854 5
      vertex -57.9494 -31.4802 5
    endloop
  endfacet
  facet normal -0.206463 0.978454 0
    outer loop
      vertex -58.0137 -31.4923 3.2
      vertex -57.981 -31.4854 5
      vertex -57.981 -31.4854 3.2
    endloop
  endfacet
  facet normal -0.206463 0.978454 0
    outer loop
      vertex -58.0137 -31.4923 3.2
      vertex -58.0137 -31.4923 5
      vertex -57.981 -31.4854 5
    endloop
  endfacet
  facet normal -0.176125 0.984368 0
    outer loop
      vertex -58.0545 -31.4996 3.2
      vertex -58.0137 -31.4923 5
      vertex -58.0137 -31.4923 3.2
    endloop
  endfacet
  facet normal -0.176125 0.984368 0
    outer loop
      vertex -58.0545 -31.4996 3.2
      vertex -58.0545 -31.4996 5
      vertex -58.0137 -31.4923 5
    endloop
  endfacet
  facet normal -0.155752 0.987796 0
    outer loop
      vertex -58.1027 -31.5072 3.2
      vertex -58.0545 -31.4996 5
      vertex -58.0545 -31.4996 3.2
    endloop
  endfacet
  facet normal -0.155752 0.987796 0
    outer loop
      vertex -58.1027 -31.5072 3.2
      vertex -58.1027 -31.5072 5
      vertex -58.0545 -31.4996 5
    endloop
  endfacet
  facet normal -0.141171 0.989985 0
    outer loop
      vertex -58.1581 -31.5151 3.2
      vertex -58.1027 -31.5072 5
      vertex -58.1027 -31.5072 3.2
    endloop
  endfacet
  facet normal -0.141171 0.989985 0
    outer loop
      vertex -58.1581 -31.5151 3.2
      vertex -58.1581 -31.5151 5
      vertex -58.1027 -31.5072 5
    endloop
  endfacet
  facet normal -0.129544 0.991574 0
    outer loop
      vertex -58.2201 -31.5232 3.2
      vertex -58.1581 -31.5151 5
      vertex -58.1581 -31.5151 3.2
    endloop
  endfacet
  facet normal -0.129544 0.991574 0
    outer loop
      vertex -58.2201 -31.5232 3.2
      vertex -58.2201 -31.5232 5
      vertex -58.1581 -31.5151 5
    endloop
  endfacet
  facet normal -0.119203 0.99287 0
    outer loop
      vertex -58.2884 -31.5314 3.2
      vertex -58.2201 -31.5232 5
      vertex -58.2201 -31.5232 3.2
    endloop
  endfacet
  facet normal -0.119203 0.99287 0
    outer loop
      vertex -58.2884 -31.5314 3.2
      vertex -58.2884 -31.5314 5
      vertex -58.2201 -31.5232 5
    endloop
  endfacet
  facet normal -0.112639 0.993636 0
    outer loop
      vertex -58.3625 -31.5398 3.2
      vertex -58.2884 -31.5314 5
      vertex -58.2884 -31.5314 3.2
    endloop
  endfacet
  facet normal -0.112639 0.993636 0
    outer loop
      vertex -58.3625 -31.5398 3.2
      vertex -58.3625 -31.5398 5
      vertex -58.2884 -31.5314 5
    endloop
  endfacet
  facet normal -0.105075 0.994464 0
    outer loop
      vertex -58.442 -31.5482 3.2
      vertex -58.3625 -31.5398 5
      vertex -58.3625 -31.5398 3.2
    endloop
  endfacet
  facet normal -0.105075 0.994464 0
    outer loop
      vertex -58.442 -31.5482 3.2
      vertex -58.442 -31.5482 5
      vertex -58.3625 -31.5398 5
    endloop
  endfacet
  facet normal -0.100204 0.994967 0
    outer loop
      vertex -58.5264 -31.5567 3.2
      vertex -58.442 -31.5482 5
      vertex -58.442 -31.5482 3.2
    endloop
  endfacet
  facet normal -0.100204 0.994967 0
    outer loop
      vertex -58.5264 -31.5567 3.2
      vertex -58.5264 -31.5567 5
      vertex -58.442 -31.5482 5
    endloop
  endfacet
  facet normal -0.0940692 0.995566 0
    outer loop
      vertex -58.6153 -31.5651 3.2
      vertex -58.5264 -31.5567 5
      vertex -58.5264 -31.5567 3.2
    endloop
  endfacet
  facet normal -0.0940692 0.995566 0
    outer loop
      vertex -58.6153 -31.5651 3.2
      vertex -58.6153 -31.5651 5
      vertex -58.5264 -31.5567 5
    endloop
  endfacet
  facet normal -0.0877377 0.996144 0
    outer loop
      vertex -58.7084 -31.5733 3.2
      vertex -58.6153 -31.5651 5
      vertex -58.6153 -31.5651 3.2
    endloop
  endfacet
  facet normal -0.0877377 0.996144 0
    outer loop
      vertex -58.7084 -31.5733 3.2
      vertex -58.7084 -31.5733 5
      vertex -58.6153 -31.5651 5
    endloop
  endfacet
  facet normal -0.0834719 0.99651 0
    outer loop
      vertex -58.8051 -31.5814 3.2
      vertex -58.7084 -31.5733 5
      vertex -58.7084 -31.5733 3.2
    endloop
  endfacet
  facet normal -0.0834719 0.99651 0
    outer loop
      vertex -58.8051 -31.5814 3.2
      vertex -58.8051 -31.5814 5
      vertex -58.7084 -31.5733 5
    endloop
  endfacet
  facet normal -0.078833 0.996888 0
    outer loop
      vertex -58.905 -31.5893 3.2
      vertex -58.8051 -31.5814 5
      vertex -58.8051 -31.5814 3.2
    endloop
  endfacet
  facet normal -0.078833 0.996888 0
    outer loop
      vertex -58.905 -31.5893 3.2
      vertex -58.905 -31.5893 5
      vertex -58.8051 -31.5814 5
    endloop
  endfacet
  facet normal -0.0737287 0.997278 0
    outer loop
      vertex -59.0078 -31.5969 3.2
      vertex -58.905 -31.5893 5
      vertex -58.905 -31.5893 3.2
    endloop
  endfacet
  facet normal -0.0737287 0.997278 0
    outer loop
      vertex -59.0078 -31.5969 3.2
      vertex -59.0078 -31.5969 5
      vertex -58.905 -31.5893 5
    endloop
  endfacet
  facet normal -0.0692907 0.997597 0
    outer loop
      vertex -59.1129 -31.6042 3.2
      vertex -59.0078 -31.5969 5
      vertex -59.0078 -31.5969 3.2
    endloop
  endfacet
  facet normal -0.0692907 0.997597 0
    outer loop
      vertex -59.1129 -31.6042 3.2
      vertex -59.1129 -31.6042 5
      vertex -59.0078 -31.5969 5
    endloop
  endfacet
  facet normal -0.0643523 0.997927 0
    outer loop
      vertex -59.2199 -31.6111 3.2
      vertex -59.1129 -31.6042 5
      vertex -59.1129 -31.6042 3.2
    endloop
  endfacet
  facet normal -0.0643523 0.997927 0
    outer loop
      vertex -59.2199 -31.6111 3.2
      vertex -59.2199 -31.6111 5
      vertex -59.1129 -31.6042 5
    endloop
  endfacet
  facet normal -0.0588298 0.998268 0
    outer loop
      vertex -59.3285 -31.6175 3.2
      vertex -59.2199 -31.6111 5
      vertex -59.2199 -31.6111 3.2
    endloop
  endfacet
  facet normal -0.0588298 0.998268 0
    outer loop
      vertex -59.3285 -31.6175 3.2
      vertex -59.3285 -31.6175 5
      vertex -59.2199 -31.6111 5
    endloop
  endfacet
  facet normal -0.0537054 0.998557 0
    outer loop
      vertex -59.4382 -31.6234 3.2
      vertex -59.3285 -31.6175 5
      vertex -59.3285 -31.6175 3.2
    endloop
  endfacet
  facet normal -0.0537054 0.998557 0
    outer loop
      vertex -59.4382 -31.6234 3.2
      vertex -59.4382 -31.6234 5
      vertex -59.3285 -31.6175 5
    endloop
  endfacet
  facet normal -0.0488988 0.998804 0
    outer loop
      vertex -59.5485 -31.6288 3.2
      vertex -59.4382 -31.6234 5
      vertex -59.4382 -31.6234 3.2
    endloop
  endfacet
  facet normal -0.0488988 0.998804 0
    outer loop
      vertex -59.5485 -31.6288 3.2
      vertex -59.5485 -31.6288 5
      vertex -59.4382 -31.6234 5
    endloop
  endfacet
  facet normal -0.043398 0.999058 0
    outer loop
      vertex -59.659 -31.6336 3.2
      vertex -59.5485 -31.6288 5
      vertex -59.5485 -31.6288 3.2
    endloop
  endfacet
  facet normal -0.043398 0.999058 0
    outer loop
      vertex -59.659 -31.6336 3.2
      vertex -59.659 -31.6336 5
      vertex -59.5485 -31.6288 5
    endloop
  endfacet
  facet normal -0.0662687 0.997802 0
    outer loop
      vertex -59.8442 -31.6459 3.2
      vertex -59.659 -31.6336 5
      vertex -59.659 -31.6336 3.2
    endloop
  endfacet
  facet normal -0.0662687 0.997802 0
    outer loop
      vertex -59.8442 -31.6459 3.2
      vertex -59.8442 -31.6459 5
      vertex -59.659 -31.6336 5
    endloop
  endfacet
  facet normal -0.0828155 0.996565 0
    outer loop
      vertex -60.0235 -31.6608 3.2
      vertex -59.8442 -31.6459 5
      vertex -59.8442 -31.6459 3.2
    endloop
  endfacet
  facet normal -0.0828155 0.996565 0
    outer loop
      vertex -60.0235 -31.6608 3.2
      vertex -60.0235 -31.6608 5
      vertex -59.8442 -31.6459 5
    endloop
  endfacet
  facet normal -0.0992198 0.995066 0
    outer loop
      vertex -60.197 -31.6781 3.2
      vertex -60.0235 -31.6608 5
      vertex -60.0235 -31.6608 3.2
    endloop
  endfacet
  facet normal -0.0992198 0.995066 0
    outer loop
      vertex -60.197 -31.6781 3.2
      vertex -60.197 -31.6781 5
      vertex -60.0235 -31.6608 5
    endloop
  endfacet
  facet normal -0.118352 0.992972 0
    outer loop
      vertex -60.3648 -31.6981 3.2
      vertex -60.197 -31.6781 5
      vertex -60.197 -31.6781 3.2
    endloop
  endfacet
  facet normal -0.118352 0.992972 0
    outer loop
      vertex -60.3648 -31.6981 3.2
      vertex -60.3648 -31.6981 5
      vertex -60.197 -31.6781 5
    endloop
  endfacet
  facet normal -0.137236 0.990538 0
    outer loop
      vertex -60.5272 -31.7206 3.2
      vertex -60.3648 -31.6981 5
      vertex -60.3648 -31.6981 3.2
    endloop
  endfacet
  facet normal -0.137236 0.990538 0
    outer loop
      vertex -60.5272 -31.7206 3.2
      vertex -60.5272 -31.7206 5
      vertex -60.3648 -31.6981 5
    endloop
  endfacet
  facet normal -0.158897 0.987295 0
    outer loop
      vertex -60.6844 -31.7459 3.2
      vertex -60.5272 -31.7206 5
      vertex -60.5272 -31.7206 3.2
    endloop
  endfacet
  facet normal -0.158897 0.987295 0
    outer loop
      vertex -60.6844 -31.7459 3.2
      vertex -60.6844 -31.7459 5
      vertex -60.5272 -31.7206 5
    endloop
  endfacet
  facet normal -0.180537 0.983568 0
    outer loop
      vertex -60.8364 -31.7738 3.2
      vertex -60.6844 -31.7459 5
      vertex -60.6844 -31.7459 3.2
    endloop
  endfacet
  facet normal -0.180537 0.983568 0
    outer loop
      vertex -60.8364 -31.7738 3.2
      vertex -60.8364 -31.7738 5
      vertex -60.6844 -31.7459 5
    endloop
  endfacet
  facet normal -0.2043 0.978908 0
    outer loop
      vertex -60.9835 -31.8045 3.2
      vertex -60.8364 -31.7738 5
      vertex -60.8364 -31.7738 3.2
    endloop
  endfacet
  facet normal -0.2043 0.978908 0
    outer loop
      vertex -60.9835 -31.8045 3.2
      vertex -60.9835 -31.8045 5
      vertex -60.8364 -31.7738 5
    endloop
  endfacet
  facet normal -0.229001 0.973426 0
    outer loop
      vertex -61.1259 -31.838 3.2
      vertex -60.9835 -31.8045 5
      vertex -60.9835 -31.8045 3.2
    endloop
  endfacet
  facet normal -0.229001 0.973426 0
    outer loop
      vertex -61.1259 -31.838 3.2
      vertex -61.1259 -31.838 5
      vertex -60.9835 -31.8045 5
    endloop
  endfacet
  facet normal -0.255391 0.966838 0
    outer loop
      vertex -61.2637 -31.8744 3.2
      vertex -61.1259 -31.838 5
      vertex -61.1259 -31.838 3.2
    endloop
  endfacet
  facet normal -0.255391 0.966838 0
    outer loop
      vertex -61.2637 -31.8744 3.2
      vertex -61.2637 -31.8744 5
      vertex -61.1259 -31.838 5
    endloop
  endfacet
  facet normal -0.281933 0.959434 0
    outer loop
      vertex -61.3971 -31.9136 3.2
      vertex -61.2637 -31.8744 5
      vertex -61.2637 -31.8744 3.2
    endloop
  endfacet
  facet normal -0.281933 0.959434 0
    outer loop
      vertex -61.3971 -31.9136 3.2
      vertex -61.3971 -31.9136 5
      vertex -61.2637 -31.8744 5
    endloop
  endfacet
  facet normal -0.310483 0.950579 0
    outer loop
      vertex -61.5263 -31.9558 3.2
      vertex -61.3971 -31.9136 5
      vertex -61.3971 -31.9136 3.2
    endloop
  endfacet
  facet normal -0.310483 0.950579 0
    outer loop
      vertex -61.5263 -31.9558 3.2
      vertex -61.5263 -31.9558 5
      vertex -61.3971 -31.9136 5
    endloop
  endfacet
  facet normal -0.339145 0.940734 0
    outer loop
      vertex -61.6514 -32.0009 3.2
      vertex -61.5263 -31.9558 5
      vertex -61.5263 -31.9558 3.2
    endloop
  endfacet
  facet normal -0.339145 0.940734 0
    outer loop
      vertex -61.6514 -32.0009 3.2
      vertex -61.6514 -32.0009 5
      vertex -61.5263 -31.9558 5
    endloop
  endfacet
  facet normal -0.369276 0.92932 0
    outer loop
      vertex -61.7727 -32.0491 3.2
      vertex -61.6514 -32.0009 5
      vertex -61.6514 -32.0009 3.2
    endloop
  endfacet
  facet normal -0.369276 0.92932 0
    outer loop
      vertex -61.7727 -32.0491 3.2
      vertex -61.7727 -32.0491 5
      vertex -61.6514 -32.0009 5
    endloop
  endfacet
  facet normal -0.399468 0.916747 0
    outer loop
      vertex -61.8902 -32.1003 3.2
      vertex -61.7727 -32.0491 5
      vertex -61.7727 -32.0491 3.2
    endloop
  endfacet
  facet normal -0.399468 0.916747 0
    outer loop
      vertex -61.8902 -32.1003 3.2
      vertex -61.8902 -32.1003 5
      vertex -61.7727 -32.0491 5
    endloop
  endfacet
  facet normal -0.430671 0.902509 0
    outer loop
      vertex -62.0042 -32.1547 3.2
      vertex -61.8902 -32.1003 5
      vertex -61.8902 -32.1003 3.2
    endloop
  endfacet
  facet normal -0.430671 0.902509 0
    outer loop
      vertex -62.0042 -32.1547 3.2
      vertex -62.0042 -32.1547 5
      vertex -61.8902 -32.1003 5
    endloop
  endfacet
  facet normal -0.460949 0.887427 0
    outer loop
      vertex -62.1149 -32.2122 3.2
      vertex -62.0042 -32.1547 5
      vertex -62.0042 -32.1547 3.2
    endloop
  endfacet
  facet normal -0.460949 0.887427 0
    outer loop
      vertex -62.1149 -32.2122 3.2
      vertex -62.1149 -32.2122 5
      vertex -62.0042 -32.1547 5
    endloop
  endfacet
  facet normal -0.492031 0.870578 0
    outer loop
      vertex -62.2223 -32.2729 3.2
      vertex -62.1149 -32.2122 5
      vertex -62.1149 -32.2122 3.2
    endloop
  endfacet
  facet normal -0.492031 0.870578 0
    outer loop
      vertex -62.2223 -32.2729 3.2
      vertex -62.2223 -32.2729 5
      vertex -62.1149 -32.2122 5
    endloop
  endfacet
  facet normal -0.521681 0.853141 0
    outer loop
      vertex -62.3268 -32.3368 3.2
      vertex -62.2223 -32.2729 5
      vertex -62.2223 -32.2729 3.2
    endloop
  endfacet
  facet normal -0.521681 0.853141 0
    outer loop
      vertex -62.3268 -32.3368 3.2
      vertex -62.3268 -32.3368 5
      vertex -62.2223 -32.2729 5
    endloop
  endfacet
  facet normal -0.552236 0.833688 0
    outer loop
      vertex -62.4284 -32.4041 3.2
      vertex -62.3268 -32.3368 5
      vertex -62.3268 -32.3368 3.2
    endloop
  endfacet
  facet normal -0.552236 0.833688 0
    outer loop
      vertex -62.4284 -32.4041 3.2
      vertex -62.4284 -32.4041 5
      vertex -62.3268 -32.3368 5
    endloop
  endfacet
  facet normal -0.423486 0.905903 0
    outer loop
      vertex -62.4945 -32.435 3.2
      vertex -62.4284 -32.4041 5
      vertex -62.4284 -32.4041 3.2
    endloop
  endfacet
  facet normal -0.423486 0.905903 0
    outer loop
      vertex -62.4945 -32.435 3.2
      vertex -62.4945 -32.435 5
      vertex -62.4284 -32.4041 5
    endloop
  endfacet
  facet normal -0.276391 0.961045 0
    outer loop
      vertex -62.6009 -32.4656 3.2
      vertex -62.4945 -32.435 5
      vertex -62.4945 -32.435 3.2
    endloop
  endfacet
  facet normal -0.276391 0.961045 0
    outer loop
      vertex -62.6009 -32.4656 3.2
      vertex -62.6009 -32.4656 5
      vertex -62.4945 -32.435 5
    endloop
  endfacet
  facet normal -0.203954 0.97898 0
    outer loop
      vertex -62.7449 -32.4956 3.2
      vertex -62.6009 -32.4656 5
      vertex -62.6009 -32.4656 3.2
    endloop
  endfacet
  facet normal -0.203954 0.97898 0
    outer loop
      vertex -62.7449 -32.4956 3.2
      vertex -62.7449 -32.4956 5
      vertex -62.6009 -32.4656 5
    endloop
  endfacet
  facet normal -0.161 0.986954 0
    outer loop
      vertex -62.9239 -32.5248 3.2
      vertex -62.7449 -32.4956 5
      vertex -62.7449 -32.4956 3.2
    endloop
  endfacet
  facet normal -0.161 0.986954 0
    outer loop
      vertex -62.9239 -32.5248 3.2
      vertex -62.9239 -32.5248 5
      vertex -62.7449 -32.4956 5
    endloop
  endfacet
  facet normal -0.133146 0.991096 0
    outer loop
      vertex -63.1353 -32.5532 3.2
      vertex -62.9239 -32.5248 5
      vertex -62.9239 -32.5248 3.2
    endloop
  endfacet
  facet normal -0.133146 0.991096 0
    outer loop
      vertex -63.1353 -32.5532 3.2
      vertex -63.1353 -32.5532 5
      vertex -62.9239 -32.5248 5
    endloop
  endfacet
  facet normal -0.111744 0.993737 0
    outer loop
      vertex -63.3763 -32.5803 3.2
      vertex -63.1353 -32.5532 5
      vertex -63.1353 -32.5532 3.2
    endloop
  endfacet
  facet normal -0.111744 0.993737 0
    outer loop
      vertex -63.3763 -32.5803 3.2
      vertex -63.3763 -32.5803 5
      vertex -63.1353 -32.5532 5
    endloop
  endfacet
  facet normal -0.0965259 0.99533 0
    outer loop
      vertex -63.6444 -32.6063 3.2
      vertex -63.3763 -32.5803 5
      vertex -63.3763 -32.5803 3.2
    endloop
  endfacet
  facet normal -0.0965259 0.99533 0
    outer loop
      vertex -63.6444 -32.6063 3.2
      vertex -63.6444 -32.6063 5
      vertex -63.3763 -32.5803 5
    endloop
  endfacet
  facet normal -0.0831583 0.996536 0
    outer loop
      vertex -63.9368 -32.6307 3.2
      vertex -63.6444 -32.6063 5
      vertex -63.6444 -32.6063 3.2
    endloop
  endfacet
  facet normal -0.0831583 0.996536 0
    outer loop
      vertex -63.9368 -32.6307 3.2
      vertex -63.9368 -32.6307 5
      vertex -63.6444 -32.6063 5
    endloop
  endfacet
  facet normal -0.0723979 0.997376 0
    outer loop
      vertex -64.2509 -32.6535 3.2
      vertex -63.9368 -32.6307 5
      vertex -63.9368 -32.6307 3.2
    endloop
  endfacet
  facet normal -0.0723979 0.997376 0
    outer loop
      vertex -64.2509 -32.6535 3.2
      vertex -64.2509 -32.6535 5
      vertex -63.9368 -32.6307 5
    endloop
  endfacet
  facet normal -0.0629192 0.998019 0
    outer loop
      vertex -64.584 -32.6745 3.2
      vertex -64.2509 -32.6535 5
      vertex -64.2509 -32.6535 3.2
    endloop
  endfacet
  facet normal -0.0629192 0.998019 0
    outer loop
      vertex -64.584 -32.6745 3.2
      vertex -64.584 -32.6745 5
      vertex -64.2509 -32.6535 5
    endloop
  endfacet
  facet normal -0.0539984 0.998541 0
    outer loop
      vertex -64.9335 -32.6934 3.2
      vertex -64.584 -32.6745 5
      vertex -64.584 -32.6745 3.2
    endloop
  endfacet
  facet normal -0.0539984 0.998541 0
    outer loop
      vertex -64.9335 -32.6934 3.2
      vertex -64.9335 -32.6934 5
      vertex -64.584 -32.6745 5
    endloop
  endfacet
  facet normal -0.0462061 0.998932 0
    outer loop
      vertex -65.2967 -32.7102 3.2
      vertex -64.9335 -32.6934 5
      vertex -64.9335 -32.6934 3.2
    endloop
  endfacet
  facet normal -0.0462061 0.998932 0
    outer loop
      vertex -65.2967 -32.7102 3.2
      vertex -65.2967 -32.7102 5
      vertex -64.9335 -32.6934 5
    endloop
  endfacet
  facet normal -0.0387203 0.99925 0
    outer loop
      vertex -65.6709 -32.7247 3.2
      vertex -65.2967 -32.7102 5
      vertex -65.2967 -32.7102 3.2
    endloop
  endfacet
  facet normal -0.0387203 0.99925 0
    outer loop
      vertex -65.6709 -32.7247 3.2
      vertex -65.6709 -32.7247 5
      vertex -65.2967 -32.7102 5
    endloop
  endfacet
  facet normal -0.0310879 0.999517 0
    outer loop
      vertex -66.0535 -32.7366 3.2
      vertex -65.6709 -32.7247 5
      vertex -65.6709 -32.7247 3.2
    endloop
  endfacet
  facet normal -0.0310879 0.999517 0
    outer loop
      vertex -66.0535 -32.7366 3.2
      vertex -66.0535 -32.7366 5
      vertex -65.6709 -32.7247 5
    endloop
  endfacet
  facet normal -0.0236803 0.99972 0
    outer loop
      vertex -66.4419 -32.7458 3.2
      vertex -66.0535 -32.7366 5
      vertex -66.0535 -32.7366 3.2
    endloop
  endfacet
  facet normal -0.0236803 0.99972 0
    outer loop
      vertex -66.4419 -32.7458 3.2
      vertex -66.4419 -32.7458 5
      vertex -66.0535 -32.7366 5
    endloop
  endfacet
  facet normal -0.0160899 0.999871 0
    outer loop
      vertex -66.8334 -32.7521 3.2
      vertex -66.4419 -32.7458 5
      vertex -66.4419 -32.7458 3.2
    endloop
  endfacet
  facet normal -0.0160899 0.999871 0
    outer loop
      vertex -66.8334 -32.7521 3.2
      vertex -66.8334 -32.7521 5
      vertex -66.4419 -32.7458 5
    endloop
  endfacet
  facet normal -0.00816716 0.999967 0
    outer loop
      vertex -67.2252 -32.7553 3.2
      vertex -66.8334 -32.7521 5
      vertex -66.8334 -32.7521 3.2
    endloop
  endfacet
  facet normal -0.00816716 0.999967 0
    outer loop
      vertex -67.2252 -32.7553 3.2
      vertex -67.2252 -32.7553 5
      vertex -66.8334 -32.7521 5
    endloop
  endfacet
  facet normal 0 1 0
    outer loop
      vertex -67.6148 -32.7553 3.2
      vertex -67.2252 -32.7553 5
      vertex -67.2252 -32.7553 3.2
    endloop
  endfacet
  facet normal 0 1 0
    outer loop
      vertex -67.6148 -32.7553 3.2
      vertex -67.6148 -32.7553 5
      vertex -67.2252 -32.7553 5
    endloop
  endfacet
  facet normal 0.00883771 0.999961 0
    outer loop
      vertex -67.9995 -32.7519 3.2
      vertex -67.6148 -32.7553 5
      vertex -67.6148 -32.7553 3.2
    endloop
  endfacet
  facet normal 0.00883771 0.999961 -0
    outer loop
      vertex -67.9995 -32.7519 3.2
      vertex -67.9995 -32.7519 5
      vertex -67.6148 -32.7553 5
    endloop
  endfacet
  facet normal 0.0188246 0.999823 0
    outer loop
      vertex -68.3766 -32.7448 3.2
      vertex -67.9995 -32.7519 5
      vertex -67.9995 -32.7519 3.2
    endloop
  endfacet
  facet normal 0.0188246 0.999823 -0
    outer loop
      vertex -68.3766 -32.7448 3.2
      vertex -68.3766 -32.7448 5
      vertex -67.9995 -32.7519 5
    endloop
  endfacet
  facet normal 0.0200855 0.999798 0
    outer loop
      vertex -69.85 -32.7152 3.2
      vertex -68.3766 -32.7448 5
      vertex -68.3766 -32.7448 3.2
    endloop
  endfacet
  facet normal 0.0200855 0.999798 -0
    outer loop
      vertex -69.85 -32.7152 3.2
      vertex -69.85 -32.7152 5
      vertex -68.3766 -32.7448 5
    endloop
  endfacet
  facet normal -1 0 0
    outer loop
      vertex -69.85 -44.45 3.2
      vertex -69.85 -32.7152 5
      vertex -69.85 -32.7152 3.2
    endloop
  endfacet
  facet normal -1 0 0
    outer loop
      vertex -69.85 -44.45 3.2
      vertex -69.85 -44.45 5
      vertex -69.85 -32.7152 5
    endloop
  endfacet
  facet normal 0 -1 0
    outer loop
      vertex -0.122789 -44.45 3.2
      vertex -69.85 -44.45 5
      vertex -69.85 -44.45 3.2
    endloop
  endfacet
  facet normal 0 -1 0
    outer loop
      vertex -0.122789 -44.45 3.2
      vertex -0.122789 -44.45 5
      vertex -69.85 -44.45 5
    endloop
  endfacet
  facet normal 0.792156 0.610319 0
    outer loop
      vertex -0.682138 -43.724 3.2
      vertex -0.122789 -44.45 5
      vertex -0.122789 -44.45 3.2
    endloop
  endfacet
  facet normal 0.792156 0.610319 -0
    outer loop
      vertex -0.682138 -43.724 3.2
      vertex -0.682138 -43.724 5
      vertex -0.122789 -44.45 5
    endloop
  endfacet
  facet normal 0.999909 0.0135138 0
    outer loop
      vertex 69.7972 -38.4133 3.2
      vertex 69.8091 -39.2938 5
      vertex 69.8091 -39.2938 3.2
    endloop
  endfacet
  facet normal 0.999909 0.0135138 -0
    outer loop
      vertex 69.7972 -38.4133 3.2
      vertex 69.7972 -38.4133 5
      vertex 69.8091 -39.2938 5
    endloop
  endfacet
  facet normal 0.999899 0.0142035 0
    outer loop
      vertex 69.7859 -37.6178 3.2
      vertex 69.7972 -38.4133 5
      vertex 69.7972 -38.4133 3.2
    endloop
  endfacet
  facet normal 0.999899 0.0142035 -0
    outer loop
      vertex 69.7859 -37.6178 3.2
      vertex 69.7859 -37.6178 5
      vertex 69.7972 -38.4133 5
    endloop
  endfacet
  facet normal 0.999873 0.0159398 0
    outer loop
      vertex 69.7745 -36.9027 3.2
      vertex 69.7859 -37.6178 5
      vertex 69.7859 -37.6178 3.2
    endloop
  endfacet
  facet normal 0.999873 0.0159398 -0
    outer loop
      vertex 69.7745 -36.9027 3.2
      vertex 69.7745 -36.9027 5
      vertex 69.7859 -37.6178 5
    endloop
  endfacet
  facet normal 0.99983 0.0184603 0
    outer loop
      vertex 69.7627 -36.2636 3.2
      vertex 69.7745 -36.9027 5
      vertex 69.7745 -36.9027 3.2
    endloop
  endfacet
  facet normal 0.99983 0.0184603 -0
    outer loop
      vertex 69.7627 -36.2636 3.2
      vertex 69.7627 -36.2636 5
      vertex 69.7745 -36.9027 5
    endloop
  endfacet
  facet normal 0.999742 0.0227174 0
    outer loop
      vertex 69.7498 -35.6959 3.2
      vertex 69.7627 -36.2636 5
      vertex 69.7627 -36.2636 3.2
    endloop
  endfacet
  facet normal 0.999742 0.0227174 -0
    outer loop
      vertex 69.7498 -35.6959 3.2
      vertex 69.7498 -35.6959 5
      vertex 69.7627 -36.2636 5
    endloop
  endfacet
  facet normal 0.999587 0.0287364 0
    outer loop
      vertex 69.7354 -35.195 3.2
      vertex 69.7498 -35.6959 5
      vertex 69.7498 -35.6959 3.2
    endloop
  endfacet
  facet normal 0.999587 0.0287364 -0
    outer loop
      vertex 69.7354 -35.195 3.2
      vertex 69.7354 -35.195 5
      vertex 69.7498 -35.6959 5
    endloop
  endfacet
  facet normal 0.999293 0.0375931 0
    outer loop
      vertex 69.7189 -34.7564 3.2
      vertex 69.7354 -35.195 5
      vertex 69.7354 -35.195 3.2
    endloop
  endfacet
  facet normal 0.999293 0.0375931 -0
    outer loop
      vertex 69.7189 -34.7564 3.2
      vertex 69.7189 -34.7564 5
      vertex 69.7354 -35.195 5
    endloop
  endfacet
  facet normal 0.998758 0.049833 0
    outer loop
      vertex 69.6999 -34.3756 3.2
      vertex 69.7189 -34.7564 5
      vertex 69.7189 -34.7564 3.2
    endloop
  endfacet
  facet normal 0.998758 0.049833 -0
    outer loop
      vertex 69.6999 -34.3756 3.2
      vertex 69.6999 -34.3756 5
      vertex 69.7189 -34.7564 5
    endloop
  endfacet
  facet normal 0.997732 0.0673073 0
    outer loop
      vertex 69.6778 -34.048 3.2
      vertex 69.6999 -34.3756 5
      vertex 69.6999 -34.3756 3.2
    endloop
  endfacet
  facet normal 0.997732 0.0673073 -0
    outer loop
      vertex 69.6778 -34.048 3.2
      vertex 69.6778 -34.048 5
      vertex 69.6999 -34.3756 5
    endloop
  endfacet
  facet normal 0.995817 0.0913724 0
    outer loop
      vertex 69.6522 -33.769 3.2
      vertex 69.6778 -34.048 5
      vertex 69.6778 -34.048 3.2
    endloop
  endfacet
  facet normal 0.995817 0.0913724 -0
    outer loop
      vertex 69.6522 -33.769 3.2
      vertex 69.6522 -33.769 5
      vertex 69.6778 -34.048 5
    endloop
  endfacet
  facet normal 0.992042 0.125907 0
    outer loop
      vertex 69.6224 -33.5342 3.2
      vertex 69.6522 -33.769 5
      vertex 69.6522 -33.769 3.2
    endloop
  endfacet
  facet normal 0.992042 0.125907 -0
    outer loop
      vertex 69.6224 -33.5342 3.2
      vertex 69.6224 -33.5342 5
      vertex 69.6522 -33.769 5
    endloop
  endfacet
  facet normal 0.984925 0.17298 0
    outer loop
      vertex 69.5881 -33.3389 3.2
      vertex 69.6224 -33.5342 5
      vertex 69.6224 -33.5342 3.2
    endloop
  endfacet
  facet normal 0.984925 0.17298 -0
    outer loop
      vertex 69.5881 -33.3389 3.2
      vertex 69.5881 -33.3389 5
      vertex 69.6224 -33.5342 5
    endloop
  endfacet
  facet normal 0.970922 0.239397 0
    outer loop
      vertex 69.5486 -33.1787 3.2
      vertex 69.5881 -33.3389 5
      vertex 69.5881 -33.3389 3.2
    endloop
  endfacet
  facet normal 0.970922 0.239397 -0
    outer loop
      vertex 69.5486 -33.1787 3.2
      vertex 69.5486 -33.1787 5
      vertex 69.5881 -33.3389 5
    endloop
  endfacet
  facet normal 0.944605 0.32821 0
    outer loop
      vertex 69.5035 -33.0489 3.2
      vertex 69.5486 -33.1787 5
      vertex 69.5486 -33.1787 3.2
    endloop
  endfacet
  facet normal 0.944605 0.32821 -0
    outer loop
      vertex 69.5035 -33.0489 3.2
      vertex 69.5035 -33.0489 5
      vertex 69.5486 -33.1787 5
    endloop
  endfacet
  facet normal 0.89649 0.443063 0
    outer loop
      vertex 69.4522 -32.9451 3.2
      vertex 69.5035 -33.0489 5
      vertex 69.5035 -33.0489 3.2
    endloop
  endfacet
  facet normal 0.89649 0.443063 -0
    outer loop
      vertex 69.4522 -32.9451 3.2
      vertex 69.4522 -32.9451 5
      vertex 69.5035 -33.0489 5
    endloop
  endfacet
  facet normal 0.818204 0.574928 0
    outer loop
      vertex 69.3943 -32.8627 3.2
      vertex 69.4522 -32.9451 5
      vertex 69.4522 -32.9451 3.2
    endloop
  endfacet
  facet normal 0.818204 0.574928 -0
    outer loop
      vertex 69.3943 -32.8627 3.2
      vertex 69.3943 -32.8627 5
      vertex 69.4522 -32.9451 5
    endloop
  endfacet
  facet normal 0.710348 0.703851 0
    outer loop
      vertex 69.3293 -32.7971 3.2
      vertex 69.3943 -32.8627 5
      vertex 69.3943 -32.8627 3.2
    endloop
  endfacet
  facet normal 0.710348 0.703851 -0
    outer loop
      vertex 69.3293 -32.7971 3.2
      vertex 69.3293 -32.7971 5
      vertex 69.3943 -32.8627 5
    endloop
  endfacet
  facet normal 0.590739 0.806863 0
    outer loop
      vertex 69.2565 -32.7438 3.2
      vertex 69.3293 -32.7971 5
      vertex 69.3293 -32.7971 3.2
    endloop
  endfacet
  facet normal 0.590739 0.806863 -0
    outer loop
      vertex 69.2565 -32.7438 3.2
      vertex 69.2565 -32.7438 5
      vertex 69.3293 -32.7971 5
    endloop
  endfacet
  facet normal 0.49021 0.871604 0
    outer loop
      vertex 69.1756 -32.6983 3.2
      vertex 69.2565 -32.7438 5
      vertex 69.2565 -32.7438 3.2
    endloop
  endfacet
  facet normal 0.49021 0.871604 -0
    outer loop
      vertex 69.1756 -32.6983 3.2
      vertex 69.1756 -32.6983 5
      vertex 69.2565 -32.7438 5
    endloop
  endfacet
  facet normal 0.427739 0.903902 0
    outer loop
      vertex 69.086 -32.6559 3.2
      vertex 69.1756 -32.6983 5
      vertex 69.1756 -32.6983 3.2
    endloop
  endfacet
  facet normal 0.427739 0.903902 -0
    outer loop
      vertex 69.086 -32.6559 3.2
      vertex 69.086 -32.6559 5
      vertex 69.1756 -32.6983 5
    endloop
  endfacet
  facet normal 0.411146 0.911569 0
    outer loop
      vertex 69.0472 -32.6384 3.2
      vertex 69.086 -32.6559 5
      vertex 69.086 -32.6559 3.2
    endloop
  endfacet
  facet normal 0.411146 0.911569 -0
    outer loop
      vertex 69.0472 -32.6384 3.2
      vertex 69.0472 -32.6384 5
      vertex 69.086 -32.6559 5
    endloop
  endfacet
  facet normal 0.372517 0.928025 0
    outer loop
      vertex 69.0046 -32.6213 3.2
      vertex 69.0472 -32.6384 5
      vertex 69.0472 -32.6384 3.2
    endloop
  endfacet
  facet normal 0.372517 0.928025 -0
    outer loop
      vertex 69.0046 -32.6213 3.2
      vertex 69.0046 -32.6213 5
      vertex 69.0472 -32.6384 5
    endloop
  endfacet
  facet normal 0.336983 0.941511 0
    outer loop
      vertex 68.9585 -32.6048 3.2
      vertex 69.0046 -32.6213 5
      vertex 69.0046 -32.6213 3.2
    endloop
  endfacet
  facet normal 0.336983 0.941511 -0
    outer loop
      vertex 68.9585 -32.6048 3.2
      vertex 68.9585 -32.6048 5
      vertex 69.0046 -32.6213 5
    endloop
  endfacet
  facet normal 0.309261 0.950977 0
    outer loop
      vertex 68.9093 -32.5888 3.2
      vertex 68.9585 -32.6048 5
      vertex 68.9585 -32.6048 3.2
    endloop
  endfacet
  facet normal 0.309261 0.950977 -0
    outer loop
      vertex 68.9093 -32.5888 3.2
      vertex 68.9093 -32.5888 5
      vertex 68.9585 -32.6048 5
    endloop
  endfacet
  facet normal 0.282266 0.959336 0
    outer loop
      vertex 68.8573 -32.5735 3.2
      vertex 68.9093 -32.5888 5
      vertex 68.9093 -32.5888 3.2
    endloop
  endfacet
  facet normal 0.282266 0.959336 -0
    outer loop
      vertex 68.8573 -32.5735 3.2
      vertex 68.8573 -32.5735 5
      vertex 68.9093 -32.5888 5
    endloop
  endfacet
  facet normal 0.258323 0.966059 0
    outer loop
      vertex 68.8027 -32.5589 3.2
      vertex 68.8573 -32.5735 5
      vertex 68.8573 -32.5735 3.2
    endloop
  endfacet
  facet normal 0.258323 0.966059 -0
    outer loop
      vertex 68.8027 -32.5589 3.2
      vertex 68.8027 -32.5589 5
      vertex 68.8573 -32.5735 5
    endloop
  endfacet
  facet normal 0.239714 0.970843 0
    outer loop
      vertex 68.746 -32.5449 3.2
      vertex 68.8027 -32.5589 5
      vertex 68.8027 -32.5589 3.2
    endloop
  endfacet
  facet normal 0.239714 0.970843 -0
    outer loop
      vertex 68.746 -32.5449 3.2
      vertex 68.746 -32.5449 5
      vertex 68.8027 -32.5589 5
    endloop
  endfacet
  facet normal 0.21975 0.975556 0
    outer loop
      vertex 68.6874 -32.5317 3.2
      vertex 68.746 -32.5449 5
      vertex 68.746 -32.5449 3.2
    endloop
  endfacet
  facet normal 0.21975 0.975556 -0
    outer loop
      vertex 68.6874 -32.5317 3.2
      vertex 68.6874 -32.5317 5
      vertex 68.746 -32.5449 5
    endloop
  endfacet
  facet normal 0.202067 0.979372 0
    outer loop
      vertex 68.6273 -32.5193 3.2
      vertex 68.6874 -32.5317 5
      vertex 68.6874 -32.5317 3.2
    endloop
  endfacet
  facet normal 0.202067 0.979372 -0
    outer loop
      vertex 68.6273 -32.5193 3.2
      vertex 68.6273 -32.5193 5
      vertex 68.6874 -32.5317 5
    endloop
  endfacet
  facet normal 0.184095 0.982908 0
    outer loop
      vertex 68.5659 -32.5078 3.2
      vertex 68.6273 -32.5193 5
      vertex 68.6273 -32.5193 3.2
    endloop
  endfacet
  facet normal 0.184095 0.982908 -0
    outer loop
      vertex 68.5659 -32.5078 3.2
      vertex 68.5659 -32.5078 5
      vertex 68.6273 -32.5193 5
    endloop
  endfacet
  facet normal 0.169271 0.98557 0
    outer loop
      vertex 68.5036 -32.4971 3.2
      vertex 68.5659 -32.5078 5
      vertex 68.5659 -32.5078 3.2
    endloop
  endfacet
  facet normal 0.169271 0.98557 -0
    outer loop
      vertex 68.5036 -32.4971 3.2
      vertex 68.5036 -32.4971 5
      vertex 68.5659 -32.5078 5
    endloop
  endfacet
  facet normal 0.152411 0.988317 0
    outer loop
      vertex 68.4407 -32.4874 3.2
      vertex 68.5036 -32.4971 5
      vertex 68.5036 -32.4971 3.2
    endloop
  endfacet
  facet normal 0.152411 0.988317 -0
    outer loop
      vertex 68.4407 -32.4874 3.2
      vertex 68.4407 -32.4874 5
      vertex 68.5036 -32.4971 5
    endloop
  endfacet
  facet normal 0.13791 0.990445 0
    outer loop
      vertex 68.3775 -32.4786 3.2
      vertex 68.4407 -32.4874 5
      vertex 68.4407 -32.4874 3.2
    endloop
  endfacet
  facet normal 0.13791 0.990445 -0
    outer loop
      vertex 68.3775 -32.4786 3.2
      vertex 68.3775 -32.4786 5
      vertex 68.4407 -32.4874 5
    endloop
  endfacet
  facet normal 0.120941 0.99266 0
    outer loop
      vertex 68.3143 -32.4709 3.2
      vertex 68.3775 -32.4786 5
      vertex 68.3775 -32.4786 3.2
    endloop
  endfacet
  facet normal 0.120941 0.99266 -0
    outer loop
      vertex 68.3143 -32.4709 3.2
      vertex 68.3143 -32.4709 5
      vertex 68.3775 -32.4786 5
    endloop
  endfacet
  facet normal 0.106086 0.994357 0
    outer loop
      vertex 68.2515 -32.4642 3.2
      vertex 68.3143 -32.4709 5
      vertex 68.3143 -32.4709 3.2
    endloop
  endfacet
  facet normal 0.106086 0.994357 -0
    outer loop
      vertex 68.2515 -32.4642 3.2
      vertex 68.2515 -32.4642 5
      vertex 68.3143 -32.4709 5
    endloop
  endfacet
  facet normal 0.0880808 0.996113 0
    outer loop
      vertex 68.1893 -32.4587 3.2
      vertex 68.2515 -32.4642 5
      vertex 68.2515 -32.4642 3.2
    endloop
  endfacet
  facet normal 0.0880808 0.996113 -0
    outer loop
      vertex 68.1893 -32.4587 3.2
      vertex 68.1893 -32.4587 5
      vertex 68.2515 -32.4642 5
    endloop
  endfacet
  facet normal 0.0717103 0.997426 0
    outer loop
      vertex 68.1281 -32.4543 3.2
      vertex 68.1893 -32.4587 5
      vertex 68.1893 -32.4587 3.2
    endloop
  endfacet
  facet normal 0.0717103 0.997426 -0
    outer loop
      vertex 68.1281 -32.4543 3.2
      vertex 68.1281 -32.4543 5
      vertex 68.1893 -32.4587 5
    endloop
  endfacet
  facet normal 0.0534353 0.998571 0
    outer loop
      vertex 68.0683 -32.4511 3.2
      vertex 68.1281 -32.4543 5
      vertex 68.1281 -32.4543 3.2
    endloop
  endfacet
  facet normal 0.0534353 0.998571 -0
    outer loop
      vertex 68.0683 -32.4511 3.2
      vertex 68.0683 -32.4511 5
      vertex 68.1281 -32.4543 5
    endloop
  endfacet
  facet normal 0.0325728 0.999469 0
    outer loop
      vertex 68.01 -32.4492 3.2
      vertex 68.0683 -32.4511 5
      vertex 68.0683 -32.4511 3.2
    endloop
  endfacet
  facet normal 0.0325728 0.999469 -0
    outer loop
      vertex 68.01 -32.4492 3.2
      vertex 68.01 -32.4492 5
      vertex 68.0683 -32.4511 5
    endloop
  endfacet
  facet normal 0.0124324 0.999923 0
    outer loop
      vertex 67.9537 -32.4485 3.2
      vertex 68.01 -32.4492 5
      vertex 68.01 -32.4492 3.2
    endloop
  endfacet
  facet normal 0.0124324 0.999923 -0
    outer loop
      vertex 67.9537 -32.4485 3.2
      vertex 67.9537 -32.4485 5
      vertex 68.01 -32.4492 5
    endloop
  endfacet
  facet normal 0.0134895 0.999909 0
    outer loop
      vertex 67.8944 -32.4477 3.2
      vertex 67.9537 -32.4485 5
      vertex 67.9537 -32.4485 3.2
    endloop
  endfacet
  facet normal 0.0134895 0.999909 -0
    outer loop
      vertex 67.8944 -32.4477 3.2
      vertex 67.8944 -32.4477 5
      vertex 67.9537 -32.4485 5
    endloop
  endfacet
  facet normal 0.0348994 0.999391 0
    outer loop
      vertex 67.8314 -32.4455 3.2
      vertex 67.8944 -32.4477 5
      vertex 67.8944 -32.4477 3.2
    endloop
  endfacet
  facet normal 0.0348994 0.999391 -0
    outer loop
      vertex 67.8314 -32.4455 3.2
      vertex 67.8314 -32.4455 5
      vertex 67.8944 -32.4477 5
    endloop
  endfacet
  facet normal 0.0556366 0.998451 0
    outer loop
      vertex 67.765 -32.4418 3.2
      vertex 67.8314 -32.4455 5
      vertex 67.8314 -32.4455 3.2
    endloop
  endfacet
  facet normal 0.0556366 0.998451 -0
    outer loop
      vertex 67.765 -32.4418 3.2
      vertex 67.765 -32.4418 5
      vertex 67.8314 -32.4455 5
    endloop
  endfacet
  facet normal 0.071963 0.997407 0
    outer loop
      vertex 67.6957 -32.4368 3.2
      vertex 67.765 -32.4418 5
      vertex 67.765 -32.4418 3.2
    endloop
  endfacet
  facet normal 0.071963 0.997407 -0
    outer loop
      vertex 67.6957 -32.4368 3.2
      vertex 67.6957 -32.4368 5
      vertex 67.765 -32.4418 5
    endloop
  endfacet
  facet normal 0.087167 0.996194 0
    outer loop
      vertex 67.6237 -32.4305 3.2
      vertex 67.6957 -32.4368 5
      vertex 67.6957 -32.4368 3.2
    endloop
  endfacet
  facet normal 0.087167 0.996194 -0
    outer loop
      vertex 67.6237 -32.4305 3.2
      vertex 67.6237 -32.4305 5
      vertex 67.6957 -32.4368 5
    endloop
  endfacet
  facet normal 0.101893 0.994795 0
    outer loop
      vertex 67.5495 -32.4229 3.2
      vertex 67.6237 -32.4305 5
      vertex 67.6237 -32.4305 3.2
    endloop
  endfacet
  facet normal 0.101893 0.994795 -0
    outer loop
      vertex 67.5495 -32.4229 3.2
      vertex 67.5495 -32.4229 5
      vertex 67.6237 -32.4305 5
    endloop
  endfacet
  facet normal 0.113583 0.993528 0
    outer loop
      vertex 67.4734 -32.4142 3.2
      vertex 67.5495 -32.4229 5
      vertex 67.5495 -32.4229 3.2
    endloop
  endfacet
  facet normal 0.113583 0.993528 -0
    outer loop
      vertex 67.4734 -32.4142 3.2
      vertex 67.4734 -32.4142 5
      vertex 67.5495 -32.4229 5
    endloop
  endfacet
  facet normal 0.125135 0.99214 0
    outer loop
      vertex 67.3957 -32.4044 3.2
      vertex 67.4734 -32.4142 5
      vertex 67.4734 -32.4142 3.2
    endloop
  endfacet
  facet normal 0.125135 0.99214 -0
    outer loop
      vertex 67.3957 -32.4044 3.2
      vertex 67.3957 -32.4044 5
      vertex 67.4734 -32.4142 5
    endloop
  endfacet
  facet normal 0.135956 0.990715 0
    outer loop
      vertex 67.317 -32.3936 3.2
      vertex 67.3957 -32.4044 5
      vertex 67.3957 -32.4044 3.2
    endloop
  endfacet
  facet normal 0.135956 0.990715 -0
    outer loop
      vertex 67.317 -32.3936 3.2
      vertex 67.317 -32.3936 5
      vertex 67.3957 -32.4044 5
    endloop
  endfacet
  facet normal 0.146639 0.98919 0
    outer loop
      vertex 67.2374 -32.3818 3.2
      vertex 67.317 -32.3936 5
      vertex 67.317 -32.3936 3.2
    endloop
  endfacet
  facet normal 0.146639 0.98919 -0
    outer loop
      vertex 67.2374 -32.3818 3.2
      vertex 67.2374 -32.3818 5
      vertex 67.317 -32.3936 5
    endloop
  endfacet
  facet normal 0.155772 0.987793 0
    outer loop
      vertex 67.1575 -32.3692 3.2
      vertex 67.2374 -32.3818 5
      vertex 67.2374 -32.3818 3.2
    endloop
  endfacet
  facet normal 0.155772 0.987793 -0
    outer loop
      vertex 67.1575 -32.3692 3.2
      vertex 67.1575 -32.3692 5
      vertex 67.2374 -32.3818 5
    endloop
  endfacet
  facet normal 0.166397 0.986059 0
    outer loop
      vertex 67.0775 -32.3557 3.2
      vertex 67.1575 -32.3692 5
      vertex 67.1575 -32.3692 3.2
    endloop
  endfacet
  facet normal 0.166397 0.986059 -0
    outer loop
      vertex 67.0775 -32.3557 3.2
      vertex 67.0775 -32.3557 5
      vertex 67.1575 -32.3692 5
    endloop
  endfacet
  facet normal 0.175406 0.984496 0
    outer loop
      vertex 66.9978 -32.3415 3.2
      vertex 67.0775 -32.3557 5
      vertex 67.0775 -32.3557 3.2
    endloop
  endfacet
  facet normal 0.175406 0.984496 -0
    outer loop
      vertex 66.9978 -32.3415 3.2
      vertex 66.9978 -32.3415 5
      vertex 67.0775 -32.3557 5
    endloop
  endfacet
  facet normal 0.186769 0.982404 0
    outer loop
      vertex 66.9189 -32.3265 3.2
      vertex 66.9978 -32.3415 5
      vertex 66.9978 -32.3415 3.2
    endloop
  endfacet
  facet normal 0.186769 0.982404 -0
    outer loop
      vertex 66.9189 -32.3265 3.2
      vertex 66.9189 -32.3265 5
      vertex 66.9978 -32.3415 5
    endloop
  endfacet
  facet normal 0.195148 0.980774 0
    outer loop
      vertex 66.841 -32.311 3.2
      vertex 66.9189 -32.3265 5
      vertex 66.9189 -32.3265 3.2
    endloop
  endfacet
  facet normal 0.195148 0.980774 -0
    outer loop
      vertex 66.841 -32.311 3.2
      vertex 66.841 -32.311 5
      vertex 66.9189 -32.3265 5
    endloop
  endfacet
  facet normal 0.205946 0.978563 0
    outer loop
      vertex 66.7645 -32.2949 3.2
      vertex 66.841 -32.311 5
      vertex 66.841 -32.311 3.2
    endloop
  endfacet
  facet normal 0.205946 0.978563 -0
    outer loop
      vertex 66.7645 -32.2949 3.2
      vertex 66.7645 -32.2949 5
      vertex 66.841 -32.311 5
    endloop
  endfacet
  facet normal 0.21693 0.976187 0
    outer loop
      vertex 66.6898 -32.2783 3.2
      vertex 66.7645 -32.2949 5
      vertex 66.7645 -32.2949 3.2
    endloop
  endfacet
  facet normal 0.21693 0.976187 -0
    outer loop
      vertex 66.6898 -32.2783 3.2
      vertex 66.6898 -32.2783 5
      vertex 66.7645 -32.2949 5
    endloop
  endfacet
  facet normal 0.228291 0.973593 0
    outer loop
      vertex 66.6173 -32.2613 3.2
      vertex 66.6898 -32.2783 5
      vertex 66.6898 -32.2783 3.2
    endloop
  endfacet
  facet normal 0.228291 0.973593 -0
    outer loop
      vertex 66.6173 -32.2613 3.2
      vertex 66.6173 -32.2613 5
      vertex 66.6898 -32.2783 5
    endloop
  endfacet
  facet normal 0.241231 0.970468 0
    outer loop
      vertex 66.5473 -32.2439 3.2
      vertex 66.6173 -32.2613 5
      vertex 66.6173 -32.2613 3.2
    endloop
  endfacet
  facet normal 0.241231 0.970468 -0
    outer loop
      vertex 66.5473 -32.2439 3.2
      vertex 66.5473 -32.2439 5
      vertex 66.6173 -32.2613 5
    endloop
  endfacet
  facet normal 0.254067 0.967187 0
    outer loop
      vertex 66.4803 -32.2263 3.2
      vertex 66.5473 -32.2439 5
      vertex 66.5473 -32.2439 3.2
    endloop
  endfacet
  facet normal 0.254067 0.967187 -0
    outer loop
      vertex 66.4803 -32.2263 3.2
      vertex 66.4803 -32.2263 5
      vertex 66.5473 -32.2439 5
    endloop
  endfacet
  facet normal 0.259029 0.96587 0
    outer loop
      vertex 66.4143 -32.2086 3.2
      vertex 66.4803 -32.2263 5
      vertex 66.4803 -32.2263 3.2
    endloop
  endfacet
  facet normal 0.259029 0.96587 -0
    outer loop
      vertex 66.4143 -32.2086 3.2
      vertex 66.4143 -32.2086 5
      vertex 66.4803 -32.2263 5
    endloop
  endfacet
  facet normal 0.238343 0.971181 0
    outer loop
      vertex 66.3434 -32.1912 3.2
      vertex 66.4143 -32.2086 5
      vertex 66.4143 -32.2086 3.2
    endloop
  endfacet
  facet normal 0.238343 0.971181 -0
    outer loop
      vertex 66.3434 -32.1912 3.2
      vertex 66.3434 -32.1912 5
      vertex 66.4143 -32.2086 5
    endloop
  endfacet
  facet normal 0.220221 0.97545 0
    outer loop
      vertex 66.2681 -32.1742 3.2
      vertex 66.3434 -32.1912 5
      vertex 66.3434 -32.1912 3.2
    endloop
  endfacet
  facet normal 0.220221 0.97545 -0
    outer loop
      vertex 66.2681 -32.1742 3.2
      vertex 66.2681 -32.1742 5
      vertex 66.3434 -32.1912 5
    endloop
  endfacet
  facet normal 0.205387 0.978681 0
    outer loop
      vertex 66.189 -32.1576 3.2
      vertex 66.2681 -32.1742 5
      vertex 66.2681 -32.1742 3.2
    endloop
  endfacet
  facet normal 0.205387 0.978681 -0
    outer loop
      vertex 66.189 -32.1576 3.2
      vertex 66.189 -32.1576 5
      vertex 66.2681 -32.1742 5
    endloop
  endfacet
  facet normal 0.191315 0.981529 0
    outer loop
      vertex 66.1064 -32.1415 3.2
      vertex 66.189 -32.1576 5
      vertex 66.189 -32.1576 3.2
    endloop
  endfacet
  facet normal 0.191315 0.981529 -0
    outer loop
      vertex 66.1064 -32.1415 3.2
      vertex 66.1064 -32.1415 5
      vertex 66.189 -32.1576 5
    endloop
  endfacet
  facet normal 0.178177 0.983998 0
    outer loop
      vertex 66.0208 -32.126 3.2
      vertex 66.1064 -32.1415 5
      vertex 66.1064 -32.1415 3.2
    endloop
  endfacet
  facet normal 0.178177 0.983998 -0
    outer loop
      vertex 66.0208 -32.126 3.2
      vertex 66.0208 -32.126 5
      vertex 66.1064 -32.1415 5
    endloop
  endfacet
  facet normal 0.166942 0.985967 0
    outer loop
      vertex 65.9328 -32.1111 3.2
      vertex 66.0208 -32.126 5
      vertex 66.0208 -32.126 3.2
    endloop
  endfacet
  facet normal 0.166942 0.985967 -0
    outer loop
      vertex 65.9328 -32.1111 3.2
      vertex 65.9328 -32.1111 5
      vertex 66.0208 -32.126 5
    endloop
  endfacet
  facet normal 0.156751 0.987638 0
    outer loop
      vertex 65.8427 -32.0968 3.2
      vertex 65.9328 -32.1111 5
      vertex 65.9328 -32.1111 3.2
    endloop
  endfacet
  facet normal 0.156751 0.987638 -0
    outer loop
      vertex 65.8427 -32.0968 3.2
      vertex 65.8427 -32.0968 5
      vertex 65.9328 -32.1111 5
    endloop
  endfacet
  facet normal 0.145649 0.989336 0
    outer loop
      vertex 65.751 -32.0833 3.2
      vertex 65.8427 -32.0968 5
      vertex 65.8427 -32.0968 3.2
    endloop
  endfacet
  facet normal 0.145649 0.989336 -0
    outer loop
      vertex 65.751 -32.0833 3.2
      vertex 65.751 -32.0833 5
      vertex 65.8427 -32.0968 5
    endloop
  endfacet
  facet normal 0.134684 0.990889 0
    outer loop
      vertex 65.6583 -32.0707 3.2
      vertex 65.751 -32.0833 5
      vertex 65.751 -32.0833 3.2
    endloop
  endfacet
  facet normal 0.134684 0.990889 -0
    outer loop
      vertex 65.6583 -32.0707 3.2
      vertex 65.6583 -32.0707 5
      vertex 65.751 -32.0833 5
    endloop
  endfacet
  facet normal 0.125474 0.992097 0
    outer loop
      vertex 65.565 -32.0589 3.2
      vertex 65.6583 -32.0707 5
      vertex 65.6583 -32.0707 3.2
    endloop
  endfacet
  facet normal 0.125474 0.992097 -0
    outer loop
      vertex 65.565 -32.0589 3.2
      vertex 65.565 -32.0589 5
      vertex 65.6583 -32.0707 5
    endloop
  endfacet
  facet normal 0.114745 0.993395 0
    outer loop
      vertex 65.4715 -32.0481 3.2
      vertex 65.565 -32.0589 5
      vertex 65.565 -32.0589 3.2
    endloop
  endfacet
  facet normal 0.114745 0.993395 -0
    outer loop
      vertex 65.4715 -32.0481 3.2
      vertex 65.4715 -32.0481 5
      vertex 65.565 -32.0589 5
    endloop
  endfacet
  facet normal 0.104574 0.994517 0
    outer loop
      vertex 65.3783 -32.0383 3.2
      vertex 65.4715 -32.0481 5
      vertex 65.4715 -32.0481 3.2
    endloop
  endfacet
  facet normal 0.104574 0.994517 -0
    outer loop
      vertex 65.3783 -32.0383 3.2
      vertex 65.3783 -32.0383 5
      vertex 65.4715 -32.0481 5
    endloop
  endfacet
  facet normal 0.0938419 0.995587 0
    outer loop
      vertex 65.286 -32.0296 3.2
      vertex 65.3783 -32.0383 5
      vertex 65.3783 -32.0383 3.2
    endloop
  endfacet
  facet normal 0.0938419 0.995587 -0
    outer loop
      vertex 65.286 -32.0296 3.2
      vertex 65.286 -32.0296 5
      vertex 65.3783 -32.0383 5
    endloop
  endfacet
  facet normal 0.0820495 0.996628 0
    outer loop
      vertex 65.1949 -32.0221 3.2
      vertex 65.286 -32.0296 5
      vertex 65.286 -32.0296 3.2
    endloop
  endfacet
  facet normal 0.0820495 0.996628 -0
    outer loop
      vertex 65.1949 -32.0221 3.2
      vertex 65.1949 -32.0221 5
      vertex 65.286 -32.0296 5
    endloop
  endfacet
  facet normal 0.0714056 0.997447 0
    outer loop
      vertex 65.1055 -32.0157 3.2
      vertex 65.1949 -32.0221 5
      vertex 65.1949 -32.0221 3.2
    endloop
  endfacet
  facet normal 0.0714056 0.997447 -0
    outer loop
      vertex 65.1055 -32.0157 3.2
      vertex 65.1055 -32.0157 5
      vertex 65.1949 -32.0221 5
    endloop
  endfacet
  facet normal 0.0573109 0.998356 0
    outer loop
      vertex 65.0184 -32.0107 3.2
      vertex 65.1055 -32.0157 5
      vertex 65.1055 -32.0157 3.2
    endloop
  endfacet
  facet normal 0.0573109 0.998356 -0
    outer loop
      vertex 65.0184 -32.0107 3.2
      vertex 65.0184 -32.0107 5
      vertex 65.1055 -32.0157 5
    endloop
  endfacet
  facet normal 0.0437451 0.999043 0
    outer loop
      vertex 64.9339 -32.007 3.2
      vertex 65.0184 -32.0107 5
      vertex 65.0184 -32.0107 3.2
    endloop
  endfacet
  facet normal 0.0437451 0.999043 -0
    outer loop
      vertex 64.9339 -32.007 3.2
      vertex 64.9339 -32.007 5
      vertex 65.0184 -32.0107 5
    endloop
  endfacet
  facet normal 0.0270504 0.999634 0
    outer loop
      vertex 64.8526 -32.0048 3.2
      vertex 64.9339 -32.007 5
      vertex 64.9339 -32.007 3.2
    endloop
  endfacet
  facet normal 0.0270504 0.999634 -0
    outer loop
      vertex 64.8526 -32.0048 3.2
      vertex 64.8526 -32.0048 5
      vertex 64.9339 -32.007 5
    endloop
  endfacet
  facet normal 0.0102955 0.999947 0
    outer loop
      vertex 64.7749 -32.004 3.2
      vertex 64.8526 -32.0048 5
      vertex 64.8526 -32.0048 3.2
    endloop
  endfacet
  facet normal 0.0102955 0.999947 -0
    outer loop
      vertex 64.7749 -32.004 3.2
      vertex 64.7749 -32.004 5
      vertex 64.8526 -32.0048 5
    endloop
  endfacet
  facet normal 0.00661611 0.999978 0
    outer loop
      vertex 64.6691 -32.0033 3.2
      vertex 64.7749 -32.004 5
      vertex 64.7749 -32.004 3.2
    endloop
  endfacet
  facet normal 0.00661611 0.999978 -0
    outer loop
      vertex 64.6691 -32.0033 3.2
      vertex 64.6691 -32.0033 5
      vertex 64.7749 -32.004 5
    endloop
  endfacet
  facet normal 0.0208082 0.999783 0
    outer loop
      vertex 64.5682 -32.0012 3.2
      vertex 64.6691 -32.0033 5
      vertex 64.6691 -32.0033 3.2
    endloop
  endfacet
  facet normal 0.0208082 0.999783 -0
    outer loop
      vertex 64.5682 -32.0012 3.2
      vertex 64.5682 -32.0012 5
      vertex 64.6691 -32.0033 5
    endloop
  endfacet
  facet normal 0.0362831 0.999342 0
    outer loop
      vertex 64.4718 -31.9977 3.2
      vertex 64.5682 -32.0012 5
      vertex 64.5682 -32.0012 3.2
    endloop
  endfacet
  facet normal 0.0362831 0.999342 -0
    outer loop
      vertex 64.4718 -31.9977 3.2
      vertex 64.4718 -31.9977 5
      vertex 64.5682 -32.0012 5
    endloop
  endfacet
  facet normal 0.0563096 0.998413 0
    outer loop
      vertex 64.3796 -31.9925 3.2
      vertex 64.4718 -31.9977 5
      vertex 64.4718 -31.9977 3.2
    endloop
  endfacet
  facet normal 0.0563096 0.998413 -0
    outer loop
      vertex 64.3796 -31.9925 3.2
      vertex 64.3796 -31.9925 5
      vertex 64.4718 -31.9977 5
    endloop
  endfacet
  facet normal 0.0767828 0.997048 0
    outer loop
      vertex 64.2913 -31.9857 3.2
      vertex 64.3796 -31.9925 5
      vertex 64.3796 -31.9925 3.2
    endloop
  endfacet
  facet normal 0.0767828 0.997048 -0
    outer loop
      vertex 64.2913 -31.9857 3.2
      vertex 64.2913 -31.9857 5
      vertex 64.3796 -31.9925 5
    endloop
  endfacet
  facet normal 0.0995037 0.995037 0
    outer loop
      vertex 64.2063 -31.9772 3.2
      vertex 64.2913 -31.9857 5
      vertex 64.2913 -31.9857 3.2
    endloop
  endfacet
  facet normal 0.0995037 0.995037 -0
    outer loop
      vertex 64.2063 -31.9772 3.2
      vertex 64.2063 -31.9772 5
      vertex 64.2913 -31.9857 5
    endloop
  endfacet
  facet normal 0.12493 0.992166 0
    outer loop
      vertex 64.1245 -31.9669 3.2
      vertex 64.2063 -31.9772 5
      vertex 64.2063 -31.9772 3.2
    endloop
  endfacet
  facet normal 0.12493 0.992166 -0
    outer loop
      vertex 64.1245 -31.9669 3.2
      vertex 64.1245 -31.9669 5
      vertex 64.2063 -31.9772 5
    endloop
  endfacet
  facet normal 0.152057 0.988372 0
    outer loop
      vertex 64.0452 -31.9547 3.2
      vertex 64.1245 -31.9669 5
      vertex 64.1245 -31.9669 3.2
    endloop
  endfacet
  facet normal 0.152057 0.988372 -0
    outer loop
      vertex 64.0452 -31.9547 3.2
      vertex 64.0452 -31.9547 5
      vertex 64.1245 -31.9669 5
    endloop
  endfacet
  facet normal 0.181586 0.983375 0
    outer loop
      vertex 63.9683 -31.9405 3.2
      vertex 64.0452 -31.9547 5
      vertex 64.0452 -31.9547 3.2
    endloop
  endfacet
  facet normal 0.181586 0.983375 -0
    outer loop
      vertex 63.9683 -31.9405 3.2
      vertex 63.9683 -31.9405 5
      vertex 64.0452 -31.9547 5
    endloop
  endfacet
  facet normal 0.209885 0.977726 0
    outer loop
      vertex 63.8933 -31.9244 3.2
      vertex 63.9683 -31.9405 5
      vertex 63.9683 -31.9405 3.2
    endloop
  endfacet
  facet normal 0.209885 0.977726 -0
    outer loop
      vertex 63.8933 -31.9244 3.2
      vertex 63.8933 -31.9244 5
      vertex 63.9683 -31.9405 5
    endloop
  endfacet
  facet normal 0.241604 0.970375 0
    outer loop
      vertex 63.8198 -31.9061 3.2
      vertex 63.8933 -31.9244 5
      vertex 63.8933 -31.9244 3.2
    endloop
  endfacet
  facet normal 0.241604 0.970375 -0
    outer loop
      vertex 63.8198 -31.9061 3.2
      vertex 63.8198 -31.9061 5
      vertex 63.8933 -31.9244 5
    endloop
  endfacet
  facet normal 0.272787 0.962074 0
    outer loop
      vertex 63.7475 -31.8856 3.2
      vertex 63.8198 -31.9061 5
      vertex 63.8198 -31.9061 3.2
    endloop
  endfacet
  facet normal 0.272787 0.962074 -0
    outer loop
      vertex 63.7475 -31.8856 3.2
      vertex 63.7475 -31.8856 5
      vertex 63.8198 -31.9061 5
    endloop
  endfacet
  facet normal 0.303809 0.952733 0
    outer loop
      vertex 63.676 -31.8628 3.2
      vertex 63.7475 -31.8856 5
      vertex 63.7475 -31.8856 3.2
    endloop
  endfacet
  facet normal 0.303809 0.952733 -0
    outer loop
      vertex 63.676 -31.8628 3.2
      vertex 63.676 -31.8628 5
      vertex 63.7475 -31.8856 5
    endloop
  endfacet
  facet normal 0.332474 0.943113 0
    outer loop
      vertex 63.6048 -31.8377 3.2
      vertex 63.676 -31.8628 5
      vertex 63.676 -31.8628 3.2
    endloop
  endfacet
  facet normal 0.332474 0.943113 -0
    outer loop
      vertex 63.6048 -31.8377 3.2
      vertex 63.6048 -31.8377 5
      vertex 63.676 -31.8628 5
    endloop
  endfacet
  facet normal 0.360736 0.932668 0
    outer loop
      vertex 63.5337 -31.8102 3.2
      vertex 63.6048 -31.8377 5
      vertex 63.6048 -31.8377 3.2
    endloop
  endfacet
  facet normal 0.360736 0.932668 -0
    outer loop
      vertex 63.5337 -31.8102 3.2
      vertex 63.5337 -31.8102 5
      vertex 63.6048 -31.8377 5
    endloop
  endfacet
  facet normal 0.386904 0.92212 0
    outer loop
      vertex 63.4622 -31.7802 3.2
      vertex 63.5337 -31.8102 5
      vertex 63.5337 -31.8102 3.2
    endloop
  endfacet
  facet normal 0.386904 0.92212 -0
    outer loop
      vertex 63.4622 -31.7802 3.2
      vertex 63.4622 -31.7802 5
      vertex 63.5337 -31.8102 5
    endloop
  endfacet
  facet normal 0.411519 0.911401 0
    outer loop
      vertex 63.39 -31.7476 3.2
      vertex 63.4622 -31.7802 5
      vertex 63.4622 -31.7802 3.2
    endloop
  endfacet
  facet normal 0.411519 0.911401 -0
    outer loop
      vertex 63.39 -31.7476 3.2
      vertex 63.39 -31.7476 5
      vertex 63.4622 -31.7802 5
    endloop
  endfacet
  facet normal 0.432891 0.901446 0
    outer loop
      vertex 63.3167 -31.7124 3.2
      vertex 63.39 -31.7476 5
      vertex 63.39 -31.7476 3.2
    endloop
  endfacet
  facet normal 0.432891 0.901446 -0
    outer loop
      vertex 63.3167 -31.7124 3.2
      vertex 63.3167 -31.7124 5
      vertex 63.39 -31.7476 5
    endloop
  endfacet
  facet normal 0.452445 0.891792 0
    outer loop
      vertex 63.2418 -31.6744 3.2
      vertex 63.3167 -31.7124 5
      vertex 63.3167 -31.7124 3.2
    endloop
  endfacet
  facet normal 0.452445 0.891792 -0
    outer loop
      vertex 63.2418 -31.6744 3.2
      vertex 63.2418 -31.6744 5
      vertex 63.3167 -31.7124 5
    endloop
  endfacet
  facet normal 0.469632 0.882862 0
    outer loop
      vertex 63.1651 -31.6336 3.2
      vertex 63.2418 -31.6744 5
      vertex 63.2418 -31.6744 3.2
    endloop
  endfacet
  facet normal 0.469632 0.882862 -0
    outer loop
      vertex 63.1651 -31.6336 3.2
      vertex 63.1651 -31.6336 5
      vertex 63.2418 -31.6744 5
    endloop
  endfacet
  facet normal 0.485911 0.874008 0
    outer loop
      vertex 63.1097 -31.6028 3.2
      vertex 63.1651 -31.6336 5
      vertex 63.1651 -31.6336 3.2
    endloop
  endfacet
  facet normal 0.485911 0.874008 -0
    outer loop
      vertex 63.1097 -31.6028 3.2
      vertex 63.1097 -31.6028 5
      vertex 63.1651 -31.6336 5
    endloop
  endfacet
  facet normal 0.474855 0.880064 0
    outer loop
      vertex 63.0541 -31.5728 3.2
      vertex 63.1097 -31.6028 5
      vertex 63.1097 -31.6028 3.2
    endloop
  endfacet
  facet normal 0.474855 0.880064 -0
    outer loop
      vertex 63.0541 -31.5728 3.2
      vertex 63.0541 -31.5728 5
      vertex 63.1097 -31.6028 5
    endloop
  endfacet
  facet normal 0.464959 0.885332 0
    outer loop
      vertex 62.9985 -31.5436 3.2
      vertex 63.0541 -31.5728 5
      vertex 63.0541 -31.5728 3.2
    endloop
  endfacet
  facet normal 0.464959 0.885332 -0
    outer loop
      vertex 62.9985 -31.5436 3.2
      vertex 62.9985 -31.5436 5
      vertex 63.0541 -31.5728 5
    endloop
  endfacet
  facet normal 0.454288 0.890855 0
    outer loop
      vertex 62.9432 -31.5154 3.2
      vertex 62.9985 -31.5436 5
      vertex 62.9985 -31.5436 3.2
    endloop
  endfacet
  facet normal 0.454288 0.890855 -0
    outer loop
      vertex 62.9432 -31.5154 3.2
      vertex 62.9432 -31.5154 5
      vertex 62.9985 -31.5436 5
    endloop
  endfacet
  facet normal 0.444596 0.895731 0
    outer loop
      vertex 62.8884 -31.4882 3.2
      vertex 62.9432 -31.5154 5
      vertex 62.9432 -31.5154 3.2
    endloop
  endfacet
  facet normal 0.444596 0.895731 -0
    outer loop
      vertex 62.8884 -31.4882 3.2
      vertex 62.8884 -31.4882 5
      vertex 62.9432 -31.5154 5
    endloop
  endfacet
  facet normal 0.434516 0.900664 0
    outer loop
      vertex 62.8343 -31.4621 3.2
      vertex 62.8884 -31.4882 5
      vertex 62.8884 -31.4882 3.2
    endloop
  endfacet
  facet normal 0.434516 0.900664 -0
    outer loop
      vertex 62.8343 -31.4621 3.2
      vertex 62.8343 -31.4621 5
      vertex 62.8884 -31.4882 5
    endloop
  endfacet
  facet normal 0.424565 0.905397 0
    outer loop
      vertex 62.7812 -31.4372 3.2
      vertex 62.8343 -31.4621 5
      vertex 62.8343 -31.4621 3.2
    endloop
  endfacet
  facet normal 0.424565 0.905397 -0
    outer loop
      vertex 62.7812 -31.4372 3.2
      vertex 62.7812 -31.4372 5
      vertex 62.8343 -31.4621 5
    endloop
  endfacet
  facet normal 0.413275 0.910606 0
    outer loop
      vertex 62.7292 -31.4136 3.2
      vertex 62.7812 -31.4372 5
      vertex 62.7812 -31.4372 3.2
    endloop
  endfacet
  facet normal 0.413275 0.910606 -0
    outer loop
      vertex 62.7292 -31.4136 3.2
      vertex 62.7292 -31.4136 5
      vertex 62.7812 -31.4372 5
    endloop
  endfacet
  facet normal 0.401768 0.915741 0
    outer loop
      vertex 62.6786 -31.3914 3.2
      vertex 62.7292 -31.4136 5
      vertex 62.7292 -31.4136 3.2
    endloop
  endfacet
  facet normal 0.401768 0.915741 -0
    outer loop
      vertex 62.6786 -31.3914 3.2
      vertex 62.6786 -31.3914 5
      vertex 62.7292 -31.4136 5
    endloop
  endfacet
  facet normal 0.39142 0.920212 0
    outer loop
      vertex 62.6297 -31.3706 3.2
      vertex 62.6786 -31.3914 5
      vertex 62.6786 -31.3914 3.2
    endloop
  endfacet
  facet normal 0.39142 0.920212 -0
    outer loop
      vertex 62.6297 -31.3706 3.2
      vertex 62.6297 -31.3706 5
      vertex 62.6786 -31.3914 5
    endloop
  endfacet
  facet normal 0.376798 0.926295 0
    outer loop
      vertex 62.5825 -31.3514 3.2
      vertex 62.6297 -31.3706 5
      vertex 62.6297 -31.3706 3.2
    endloop
  endfacet
  facet normal 0.376798 0.926295 -0
    outer loop
      vertex 62.5825 -31.3514 3.2
      vertex 62.5825 -31.3514 5
      vertex 62.6297 -31.3706 5
    endloop
  endfacet
  facet normal 0.364243 0.931304 0
    outer loop
      vertex 62.5375 -31.3338 3.2
      vertex 62.5825 -31.3514 5
      vertex 62.5825 -31.3514 3.2
    endloop
  endfacet
  facet normal 0.364243 0.931304 -0
    outer loop
      vertex 62.5375 -31.3338 3.2
      vertex 62.5375 -31.3338 5
      vertex 62.5825 -31.3514 5
    endloop
  endfacet
  facet normal 0.346315 0.938118 0
    outer loop
      vertex 62.4947 -31.318 3.2
      vertex 62.5375 -31.3338 5
      vertex 62.5375 -31.3338 3.2
    endloop
  endfacet
  facet normal 0.346315 0.938118 -0
    outer loop
      vertex 62.4947 -31.318 3.2
      vertex 62.4947 -31.318 5
      vertex 62.5375 -31.3338 5
    endloop
  endfacet
  facet normal 0.328157 0.944623 0
    outer loop
      vertex 62.4544 -31.304 3.2
      vertex 62.4947 -31.318 5
      vertex 62.4947 -31.318 3.2
    endloop
  endfacet
  facet normal 0.328157 0.944623 -0
    outer loop
      vertex 62.4544 -31.304 3.2
      vertex 62.4544 -31.304 5
      vertex 62.4947 -31.318 5
    endloop
  endfacet
  facet normal 0.307077 0.951685 0
    outer loop
      vertex 62.4169 -31.2919 3.2
      vertex 62.4544 -31.304 5
      vertex 62.4544 -31.304 3.2
    endloop
  endfacet
  facet normal 0.307077 0.951685 -0
    outer loop
      vertex 62.4169 -31.2919 3.2
      vertex 62.4169 -31.2919 5
      vertex 62.4544 -31.304 5
    endloop
  endfacet
  facet normal 0.280961 0.959719 0
    outer loop
      vertex 62.3824 -31.2818 3.2
      vertex 62.4169 -31.2919 5
      vertex 62.4169 -31.2919 3.2
    endloop
  endfacet
  facet normal 0.280961 0.959719 -0
    outer loop
      vertex 62.3824 -31.2818 3.2
      vertex 62.3824 -31.2818 5
      vertex 62.4169 -31.2919 5
    endloop
  endfacet
  facet normal 0.24689 0.969043 0
    outer loop
      vertex 62.351 -31.2738 3.2
      vertex 62.3824 -31.2818 5
      vertex 62.3824 -31.2818 3.2
    endloop
  endfacet
  facet normal 0.24689 0.969043 -0
    outer loop
      vertex 62.351 -31.2738 3.2
      vertex 62.351 -31.2738 5
      vertex 62.3824 -31.2818 5
    endloop
  endfacet
  facet normal 0.206894 0.978363 0
    outer loop
      vertex 62.3231 -31.2679 3.2
      vertex 62.351 -31.2738 5
      vertex 62.351 -31.2738 3.2
    endloop
  endfacet
  facet normal 0.206894 0.978363 -0
    outer loop
      vertex 62.3231 -31.2679 3.2
      vertex 62.3231 -31.2679 5
      vertex 62.351 -31.2738 5
    endloop
  endfacet
  facet normal 0.142562 0.989786 0
    outer loop
      vertex 62.2988 -31.2644 3.2
      vertex 62.3231 -31.2679 5
      vertex 62.3231 -31.2679 3.2
    endloop
  endfacet
  facet normal 0.142562 0.989786 -0
    outer loop
      vertex 62.2988 -31.2644 3.2
      vertex 62.2988 -31.2644 5
      vertex 62.3231 -31.2679 5
    endloop
  endfacet
  facet normal 0.058722 0.998274 0
    outer loop
      vertex 62.2784 -31.2632 3.2
      vertex 62.2988 -31.2644 5
      vertex 62.2988 -31.2644 3.2
    endloop
  endfacet
  facet normal 0.058722 0.998274 -0
    outer loop
      vertex 62.2784 -31.2632 3.2
      vertex 62.2784 -31.2632 5
      vertex 62.2988 -31.2644 5
    endloop
  endfacet
  facet normal 0.0679057 0.997692 0
    outer loop
      vertex 62.2593 -31.2619 3.2
      vertex 62.2784 -31.2632 5
      vertex 62.2784 -31.2632 3.2
    endloop
  endfacet
  facet normal 0.0679057 0.997692 -0
    outer loop
      vertex 62.2593 -31.2619 3.2
      vertex 62.2593 -31.2619 5
      vertex 62.2784 -31.2632 5
    endloop
  endfacet
  facet normal 0.157833 0.987466 0
    outer loop
      vertex 62.2349 -31.258 3.2
      vertex 62.2593 -31.2619 5
      vertex 62.2593 -31.2619 3.2
    endloop
  endfacet
  facet normal 0.157833 0.987466 -0
    outer loop
      vertex 62.2349 -31.258 3.2
      vertex 62.2349 -31.258 5
      vertex 62.2593 -31.2619 5
    endloop
  endfacet
  facet normal 0.210213 0.977656 0
    outer loop
      vertex 62.2056 -31.2517 3.2
      vertex 62.2349 -31.258 5
      vertex 62.2349 -31.258 3.2
    endloop
  endfacet
  facet normal 0.210213 0.977656 -0
    outer loop
      vertex 62.2056 -31.2517 3.2
      vertex 62.2056 -31.2517 5
      vertex 62.2349 -31.258 5
    endloop
  endfacet
  facet normal 0.247895 0.968787 0
    outer loop
      vertex 62.1716 -31.243 3.2
      vertex 62.2056 -31.2517 5
      vertex 62.2056 -31.2517 3.2
    endloop
  endfacet
  facet normal 0.247895 0.968787 -0
    outer loop
      vertex 62.1716 -31.243 3.2
      vertex 62.1716 -31.243 5
      vertex 62.2056 -31.2517 5
    endloop
  endfacet
  facet normal 0.273066 0.961995 0
    outer loop
      vertex 62.1332 -31.2321 3.2
      vertex 62.1716 -31.243 5
      vertex 62.1716 -31.243 3.2
    endloop
  endfacet
  facet normal 0.273066 0.961995 -0
    outer loop
      vertex 62.1332 -31.2321 3.2
      vertex 62.1332 -31.2321 5
      vertex 62.1716 -31.243 5
    endloop
  endfacet
  facet normal 0.28982 0.957081 0
    outer loop
      vertex 62.0906 -31.2192 3.2
      vertex 62.1332 -31.2321 5
      vertex 62.1332 -31.2321 3.2
    endloop
  endfacet
  facet normal 0.28982 0.957081 -0
    outer loop
      vertex 62.0906 -31.2192 3.2
      vertex 62.0906 -31.2192 5
      vertex 62.1332 -31.2321 5
    endloop
  endfacet
  facet normal 0.307602 0.951515 0
    outer loop
      vertex 62.0442 -31.2042 3.2
      vertex 62.0906 -31.2192 5
      vertex 62.0906 -31.2192 3.2
    endloop
  endfacet
  facet normal 0.307602 0.951515 -0
    outer loop
      vertex 62.0442 -31.2042 3.2
      vertex 62.0442 -31.2042 5
      vertex 62.0906 -31.2192 5
    endloop
  endfacet
  facet normal 0.320204 0.947349 0
    outer loop
      vertex 61.9942 -31.1873 3.2
      vertex 62.0442 -31.2042 5
      vertex 62.0442 -31.2042 3.2
    endloop
  endfacet
  facet normal 0.320204 0.947349 -0
    outer loop
      vertex 61.9942 -31.1873 3.2
      vertex 61.9942 -31.1873 5
      vertex 62.0442 -31.2042 5
    endloop
  endfacet
  facet normal 0.328932 0.944354 0
    outer loop
      vertex 61.9408 -31.1687 3.2
      vertex 61.9942 -31.1873 5
      vertex 61.9942 -31.1873 3.2
    endloop
  endfacet
  facet normal 0.328932 0.944354 -0
    outer loop
      vertex 61.9408 -31.1687 3.2
      vertex 61.9408 -31.1687 5
      vertex 61.9942 -31.1873 5
    endloop
  endfacet
  facet normal 0.340136 0.940376 0
    outer loop
      vertex 61.8844 -31.1483 3.2
      vertex 61.9408 -31.1687 5
      vertex 61.9408 -31.1687 3.2
    endloop
  endfacet
  facet normal 0.340136 0.940376 -0
    outer loop
      vertex 61.8844 -31.1483 3.2
      vertex 61.8844 -31.1483 5
      vertex 61.9408 -31.1687 5
    endloop
  endfacet
  facet normal 0.346073 0.938208 0
    outer loop
      vertex 61.8253 -31.1265 3.2
      vertex 61.8844 -31.1483 5
      vertex 61.8844 -31.1483 3.2
    endloop
  endfacet
  facet normal 0.346073 0.938208 -0
    outer loop
      vertex 61.8253 -31.1265 3.2
      vertex 61.8253 -31.1265 5
      vertex 61.8844 -31.1483 5
    endloop
  endfacet
  facet normal 0.353283 0.935517 0
    outer loop
      vertex 61.7636 -31.1032 3.2
      vertex 61.8253 -31.1265 5
      vertex 61.8253 -31.1265 3.2
    endloop
  endfacet
  facet normal 0.353283 0.935517 -0
    outer loop
      vertex 61.7636 -31.1032 3.2
      vertex 61.7636 -31.1032 5
      vertex 61.8253 -31.1265 5
    endloop
  endfacet
  facet normal 0.361035 0.932552 0
    outer loop
      vertex 61.6998 -31.0785 3.2
      vertex 61.7636 -31.1032 5
      vertex 61.7636 -31.1032 3.2
    endloop
  endfacet
  facet normal 0.361035 0.932552 -0
    outer loop
      vertex 61.6998 -31.0785 3.2
      vertex 61.6998 -31.0785 5
      vertex 61.7636 -31.1032 5
    endloop
  endfacet
  facet normal 0.366265 0.930511 0
    outer loop
      vertex 61.634 -31.0526 3.2
      vertex 61.6998 -31.0785 5
      vertex 61.6998 -31.0785 3.2
    endloop
  endfacet
  facet normal 0.366265 0.930511 -0
    outer loop
      vertex 61.634 -31.0526 3.2
      vertex 61.634 -31.0526 5
      vertex 61.6998 -31.0785 5
    endloop
  endfacet
  facet normal 0.371866 0.928287 0
    outer loop
      vertex 61.5666 -31.0256 3.2
      vertex 61.634 -31.0526 5
      vertex 61.634 -31.0526 3.2
    endloop
  endfacet
  facet normal 0.371866 0.928287 -0
    outer loop
      vertex 61.5666 -31.0256 3.2
      vertex 61.5666 -31.0256 5
      vertex 61.634 -31.0526 5
    endloop
  endfacet
  facet normal 0.375799 0.926701 0
    outer loop
      vertex 61.4978 -30.9977 3.2
      vertex 61.5666 -31.0256 5
      vertex 61.5666 -31.0256 3.2
    endloop
  endfacet
  facet normal 0.375799 0.926701 -0
    outer loop
      vertex 61.4978 -30.9977 3.2
      vertex 61.4978 -30.9977 5
      vertex 61.5666 -31.0256 5
    endloop
  endfacet
  facet normal 0.382079 0.92413 0
    outer loop
      vertex 61.4279 -30.9688 3.2
      vertex 61.4978 -30.9977 5
      vertex 61.4978 -30.9977 3.2
    endloop
  endfacet
  facet normal 0.382079 0.92413 -0
    outer loop
      vertex 61.4279 -30.9688 3.2
      vertex 61.4279 -30.9688 5
      vertex 61.4978 -30.9977 5
    endloop
  endfacet
  facet normal 0.386834 0.922149 0
    outer loop
      vertex 61.3571 -30.9391 3.2
      vertex 61.4279 -30.9688 5
      vertex 61.4279 -30.9688 3.2
    endloop
  endfacet
  facet normal 0.386834 0.922149 -0
    outer loop
      vertex 61.3571 -30.9391 3.2
      vertex 61.3571 -30.9391 5
      vertex 61.4279 -30.9688 5
    endloop
  endfacet
  facet normal 0.391113 0.920343 0
    outer loop
      vertex 61.2858 -30.9088 3.2
      vertex 61.3571 -30.9391 5
      vertex 61.3571 -30.9391 3.2
    endloop
  endfacet
  facet normal 0.391113 0.920343 -0
    outer loop
      vertex 61.2858 -30.9088 3.2
      vertex 61.2858 -30.9088 5
      vertex 61.3571 -30.9391 5
    endloop
  endfacet
  facet normal 0.396239 0.918147 0
    outer loop
      vertex 61.2142 -30.8779 3.2
      vertex 61.2858 -30.9088 5
      vertex 61.2858 -30.9088 3.2
    endloop
  endfacet
  facet normal 0.396239 0.918147 -0
    outer loop
      vertex 61.2142 -30.8779 3.2
      vertex 61.2142 -30.8779 5
      vertex 61.2858 -30.9088 5
    endloop
  endfacet
  facet normal 0.36727 0.930115 0
    outer loop
      vertex 60.9883 -30.7887 3.2
      vertex 61.2142 -30.8779 5
      vertex 61.2142 -30.8779 3.2
    endloop
  endfacet
  facet normal 0.36727 0.930115 -0
    outer loop
      vertex 60.9883 -30.7887 3.2
      vertex 60.9883 -30.7887 5
      vertex 61.2142 -30.8779 5
    endloop
  endfacet
  facet normal 0.310013 0.950732 0
    outer loop
      vertex 60.7264 -30.7033 3.2
      vertex 60.9883 -30.7887 5
      vertex 60.9883 -30.7887 3.2
    endloop
  endfacet
  facet normal 0.310013 0.950732 -0
    outer loop
      vertex 60.7264 -30.7033 3.2
      vertex 60.7264 -30.7033 5
      vertex 60.9883 -30.7887 5
    endloop
  endfacet
  facet normal 0.265667 0.964065 0
    outer loop
      vertex 60.4321 -30.6222 3.2
      vertex 60.7264 -30.7033 5
      vertex 60.7264 -30.7033 3.2
    endloop
  endfacet
  facet normal 0.265667 0.964065 -0
    outer loop
      vertex 60.4321 -30.6222 3.2
      vertex 60.4321 -30.6222 5
      vertex 60.7264 -30.7033 5
    endloop
  endfacet
  facet normal 0.230466 0.97308 0
    outer loop
      vertex 60.1091 -30.5457 3.2
      vertex 60.4321 -30.6222 5
      vertex 60.4321 -30.6222 3.2
    endloop
  endfacet
  facet normal 0.230466 0.97308 -0
    outer loop
      vertex 60.1091 -30.5457 3.2
      vertex 60.1091 -30.5457 5
      vertex 60.4321 -30.6222 5
    endloop
  endfacet
  facet normal 0.201256 0.979539 0
    outer loop
      vertex 59.7611 -30.4742 3.2
      vertex 60.1091 -30.5457 5
      vertex 60.1091 -30.5457 3.2
    endloop
  endfacet
  facet normal 0.201256 0.979539 -0
    outer loop
      vertex 59.7611 -30.4742 3.2
      vertex 59.7611 -30.4742 5
      vertex 60.1091 -30.5457 5
    endloop
  endfacet
  facet normal 0.176446 0.98431 0
    outer loop
      vertex 59.3918 -30.408 3.2
      vertex 59.7611 -30.4742 5
      vertex 59.7611 -30.4742 3.2
    endloop
  endfacet
  facet normal 0.176446 0.98431 -0
    outer loop
      vertex 59.3918 -30.408 3.2
      vertex 59.3918 -30.408 5
      vertex 59.7611 -30.4742 5
    endloop
  endfacet
  facet normal 0.154455 0.988 0
    outer loop
      vertex 59.0048 -30.3475 3.2
      vertex 59.3918 -30.408 5
      vertex 59.3918 -30.408 3.2
    endloop
  endfacet
  facet normal 0.154455 0.988 -0
    outer loop
      vertex 59.0048 -30.3475 3.2
      vertex 59.0048 -30.3475 5
      vertex 59.3918 -30.408 5
    endloop
  endfacet
  facet normal 0.134429 0.990923 0
    outer loop
      vertex 58.6038 -30.2931 3.2
      vertex 59.0048 -30.3475 5
      vertex 59.0048 -30.3475 3.2
    endloop
  endfacet
  facet normal 0.134429 0.990923 -0
    outer loop
      vertex 58.6038 -30.2931 3.2
      vertex 58.6038 -30.2931 5
      vertex 59.0048 -30.3475 5
    endloop
  endfacet
  facet normal 0.115916 0.993259 0
    outer loop
      vertex 58.1925 -30.2451 3.2
      vertex 58.6038 -30.2931 5
      vertex 58.6038 -30.2931 3.2
    endloop
  endfacet
  facet normal 0.115916 0.993259 -0
    outer loop
      vertex 58.1925 -30.2451 3.2
      vertex 58.1925 -30.2451 5
      vertex 58.6038 -30.2931 5
    endloop
  endfacet
  facet normal 0.0983484 0.995152 0
    outer loop
      vertex 57.7746 -30.2038 3.2
      vertex 58.1925 -30.2451 5
      vertex 58.1925 -30.2451 3.2
    endloop
  endfacet
  facet normal 0.0983484 0.995152 -0
    outer loop
      vertex 57.7746 -30.2038 3.2
      vertex 57.7746 -30.2038 5
      vertex 58.1925 -30.2451 5
    endloop
  endfacet
  facet normal 0.0809875 0.996715 0
    outer loop
      vertex 57.3537 -30.1696 3.2
      vertex 57.7746 -30.2038 5
      vertex 57.7746 -30.2038 3.2
    endloop
  endfacet
  facet normal 0.0809875 0.996715 -0
    outer loop
      vertex 57.3537 -30.1696 3.2
      vertex 57.3537 -30.1696 5
      vertex 57.7746 -30.2038 5
    endloop
  endfacet
  facet normal 0.0634133 0.997987 0
    outer loop
      vertex 56.9335 -30.1429 3.2
      vertex 57.3537 -30.1696 5
      vertex 57.3537 -30.1696 3.2
    endloop
  endfacet
  facet normal 0.0634133 0.997987 -0
    outer loop
      vertex 56.9335 -30.1429 3.2
      vertex 56.9335 -30.1429 5
      vertex 57.3537 -30.1696 5
    endloop
  endfacet
  facet normal 0.0454077 0.998969 0
    outer loop
      vertex 56.5177 -30.124 3.2
      vertex 56.9335 -30.1429 5
      vertex 56.9335 -30.1429 3.2
    endloop
  endfacet
  facet normal 0.0454077 0.998969 -0
    outer loop
      vertex 56.5177 -30.124 3.2
      vertex 56.5177 -30.124 5
      vertex 56.9335 -30.1429 5
    endloop
  endfacet
  facet normal 0.0262358 0.999656 0
    outer loop
      vertex 56.11 -30.1133 3.2
      vertex 56.5177 -30.124 5
      vertex 56.5177 -30.124 3.2
    endloop
  endfacet
  facet normal 0.0262358 0.999656 -0
    outer loop
      vertex 56.11 -30.1133 3.2
      vertex 56.11 -30.1133 5
      vertex 56.5177 -30.124 5
    endloop
  endfacet
  facet normal 0.00530162 0.999986 0
    outer loop
      vertex 55.7139 -30.1112 3.2
      vertex 56.11 -30.1133 5
      vertex 56.11 -30.1133 3.2
    endloop
  endfacet
  facet normal 0.00530162 0.999986 -0
    outer loop
      vertex 55.7139 -30.1112 3.2
      vertex 55.7139 -30.1112 5
      vertex 56.11 -30.1133 5
    endloop
  endfacet
  facet normal -0.0176011 0.999845 0
    outer loop
      vertex 55.3333 -30.1179 3.2
      vertex 55.7139 -30.1112 5
      vertex 55.7139 -30.1112 3.2
    endloop
  endfacet
  facet normal -0.0176011 0.999845 0
    outer loop
      vertex 55.3333 -30.1179 3.2
      vertex 55.3333 -30.1179 5
      vertex 55.7139 -30.1112 5
    endloop
  endfacet
  facet normal -0.0442045 0.999023 0
    outer loop
      vertex 54.9717 -30.1339 3.2
      vertex 55.3333 -30.1179 5
      vertex 55.3333 -30.1179 3.2
    endloop
  endfacet
  facet normal -0.0442045 0.999023 0
    outer loop
      vertex 54.9717 -30.1339 3.2
      vertex 54.9717 -30.1339 5
      vertex 55.3333 -30.1179 5
    endloop
  endfacet
  facet normal -0.0750534 0.99718 0
    outer loop
      vertex 54.6329 -30.1594 3.2
      vertex 54.9717 -30.1339 5
      vertex 54.9717 -30.1339 3.2
    endloop
  endfacet
  facet normal -0.0750534 0.99718 0
    outer loop
      vertex 54.6329 -30.1594 3.2
      vertex 54.6329 -30.1594 5
      vertex 54.9717 -30.1339 5
    endloop
  endfacet
  facet normal -0.113224 0.99357 0
    outer loop
      vertex 54.3205 -30.195 3.2
      vertex 54.6329 -30.1594 5
      vertex 54.6329 -30.1594 3.2
    endloop
  endfacet
  facet normal -0.113224 0.99357 0
    outer loop
      vertex 54.3205 -30.195 3.2
      vertex 54.3205 -30.195 5
      vertex 54.6329 -30.1594 5
    endloop
  endfacet
  facet normal -0.160145 0.987094 0
    outer loop
      vertex 54.0382 -30.2408 3.2
      vertex 54.3205 -30.195 5
      vertex 54.3205 -30.195 3.2
    endloop
  endfacet
  facet normal -0.160145 0.987094 0
    outer loop
      vertex 54.0382 -30.2408 3.2
      vertex 54.0382 -30.2408 5
      vertex 54.3205 -30.195 5
    endloop
  endfacet
  facet normal -0.189433 0.981894 0
    outer loop
      vertex 53.976 -30.2528 3.2
      vertex 54.0382 -30.2408 5
      vertex 54.0382 -30.2408 3.2
    endloop
  endfacet
  facet normal -0.189433 0.981894 0
    outer loop
      vertex 53.976 -30.2528 3.2
      vertex 53.976 -30.2528 5
      vertex 54.0382 -30.2408 5
    endloop
  endfacet
  facet normal -0.209948 0.977713 0
    outer loop
      vertex 53.9122 -30.2665 3.2
      vertex 53.976 -30.2528 5
      vertex 53.976 -30.2528 3.2
    endloop
  endfacet
  facet normal -0.209948 0.977713 0
    outer loop
      vertex 53.9122 -30.2665 3.2
      vertex 53.9122 -30.2665 5
      vertex 53.976 -30.2528 5
    endloop
  endfacet
  facet normal -0.227703 0.973731 0
    outer loop
      vertex 53.8472 -30.2817 3.2
      vertex 53.9122 -30.2665 5
      vertex 53.9122 -30.2665 3.2
    endloop
  endfacet
  facet normal -0.227703 0.973731 0
    outer loop
      vertex 53.8472 -30.2817 3.2
      vertex 53.8472 -30.2817 5
      vertex 53.9122 -30.2665 5
    endloop
  endfacet
  facet normal -0.244266 0.969708 0
    outer loop
      vertex 53.7813 -30.2983 3.2
      vertex 53.8472 -30.2817 5
      vertex 53.8472 -30.2817 3.2
    endloop
  endfacet
  facet normal -0.244266 0.969708 0
    outer loop
      vertex 53.7813 -30.2983 3.2
      vertex 53.7813 -30.2983 5
      vertex 53.8472 -30.2817 5
    endloop
  endfacet
  facet normal -0.261641 0.965165 0
    outer loop
      vertex 53.7149 -30.3163 3.2
      vertex 53.7813 -30.2983 5
      vertex 53.7813 -30.2983 3.2
    endloop
  endfacet
  facet normal -0.261641 0.965165 0
    outer loop
      vertex 53.7149 -30.3163 3.2
      vertex 53.7149 -30.3163 5
      vertex 53.7813 -30.2983 5
    endloop
  endfacet
  facet normal -0.276623 0.960978 0
    outer loop
      vertex 53.6482 -30.3355 3.2
      vertex 53.7149 -30.3163 5
      vertex 53.7149 -30.3163 3.2
    endloop
  endfacet
  facet normal -0.276623 0.960978 0
    outer loop
      vertex 53.6482 -30.3355 3.2
      vertex 53.6482 -30.3355 5
      vertex 53.7149 -30.3163 5
    endloop
  endfacet
  facet normal -0.291162 0.956674 0
    outer loop
      vertex 53.5815 -30.3558 3.2
      vertex 53.6482 -30.3355 5
      vertex 53.6482 -30.3355 3.2
    endloop
  endfacet
  facet normal -0.291162 0.956674 0
    outer loop
      vertex 53.5815 -30.3558 3.2
      vertex 53.5815 -30.3558 5
      vertex 53.6482 -30.3355 5
    endloop
  endfacet
  facet normal -0.30587 0.952073 0
    outer loop
      vertex 53.5152 -30.3771 3.2
      vertex 53.5815 -30.3558 5
      vertex 53.5815 -30.3558 3.2
    endloop
  endfacet
  facet normal -0.30587 0.952073 0
    outer loop
      vertex 53.5152 -30.3771 3.2
      vertex 53.5152 -30.3771 5
      vertex 53.5815 -30.3558 5
    endloop
  endfacet
  facet normal -0.320995 0.947081 0
    outer loop
      vertex 53.4497 -30.3993 3.2
      vertex 53.5152 -30.3771 5
      vertex 53.5152 -30.3771 3.2
    endloop
  endfacet
  facet normal -0.320995 0.947081 0
    outer loop
      vertex 53.4497 -30.3993 3.2
      vertex 53.4497 -30.3993 5
      vertex 53.5152 -30.3771 5
    endloop
  endfacet
  facet normal -0.335412 0.942071 0
    outer loop
      vertex 53.3851 -30.4223 3.2
      vertex 53.4497 -30.3993 5
      vertex 53.4497 -30.3993 3.2
    endloop
  endfacet
  facet normal -0.335412 0.942071 0
    outer loop
      vertex 53.3851 -30.4223 3.2
      vertex 53.3851 -30.4223 5
      vertex 53.4497 -30.3993 5
    endloop
  endfacet
  facet normal -0.351123 0.936329 0
    outer loop
      vertex 53.3219 -30.446 3.2
      vertex 53.3851 -30.4223 5
      vertex 53.3851 -30.4223 3.2
    endloop
  endfacet
  facet normal -0.351123 0.936329 0
    outer loop
      vertex 53.3219 -30.446 3.2
      vertex 53.3219 -30.446 5
      vertex 53.3851 -30.4223 5
    endloop
  endfacet
  facet normal -0.365652 0.930751 0
    outer loop
      vertex 53.2603 -30.4702 3.2
      vertex 53.3219 -30.446 5
      vertex 53.3219 -30.446 3.2
    endloop
  endfacet
  facet normal -0.365652 0.930751 0
    outer loop
      vertex 53.2603 -30.4702 3.2
      vertex 53.2603 -30.4702 5
      vertex 53.3219 -30.446 5
    endloop
  endfacet
  facet normal -0.38153 0.924357 0
    outer loop
      vertex 53.2007 -30.4948 3.2
      vertex 53.2603 -30.4702 5
      vertex 53.2603 -30.4702 3.2
    endloop
  endfacet
  facet normal -0.38153 0.924357 0
    outer loop
      vertex 53.2007 -30.4948 3.2
      vertex 53.2007 -30.4948 5
      vertex 53.2603 -30.4702 5
    endloop
  endfacet
  facet normal -0.39931 0.916816 0
    outer loop
      vertex 53.1433 -30.5198 3.2
      vertex 53.2007 -30.4948 5
      vertex 53.2007 -30.4948 3.2
    endloop
  endfacet
  facet normal -0.39931 0.916816 0
    outer loop
      vertex 53.1433 -30.5198 3.2
      vertex 53.1433 -30.5198 5
      vertex 53.2007 -30.4948 5
    endloop
  endfacet
  facet normal -0.418426 0.908251 0
    outer loop
      vertex 53.0886 -30.545 3.2
      vertex 53.1433 -30.5198 5
      vertex 53.1433 -30.5198 3.2
    endloop
  endfacet
  facet normal -0.418426 0.908251 0
    outer loop
      vertex 53.0886 -30.545 3.2
      vertex 53.0886 -30.545 5
      vertex 53.1433 -30.5198 5
    endloop
  endfacet
  facet normal -0.438868 0.898552 0
    outer loop
      vertex 53.0368 -30.5703 3.2
      vertex 53.0886 -30.545 5
      vertex 53.0886 -30.545 3.2
    endloop
  endfacet
  facet normal -0.438868 0.898552 0
    outer loop
      vertex 53.0368 -30.5703 3.2
      vertex 53.0368 -30.5703 5
      vertex 53.0886 -30.545 5
    endloop
  endfacet
  facet normal -0.463189 0.886259 0
    outer loop
      vertex 52.9882 -30.5957 3.2
      vertex 53.0368 -30.5703 5
      vertex 53.0368 -30.5703 3.2
    endloop
  endfacet
  facet normal -0.463189 0.886259 0
    outer loop
      vertex 52.9882 -30.5957 3.2
      vertex 52.9882 -30.5957 5
      vertex 53.0368 -30.5703 5
    endloop
  endfacet
  facet normal -0.487778 0.872968 0
    outer loop
      vertex 52.9431 -30.6209 3.2
      vertex 52.9882 -30.5957 5
      vertex 52.9882 -30.5957 3.2
    endloop
  endfacet
  facet normal -0.487778 0.872968 0
    outer loop
      vertex 52.9431 -30.6209 3.2
      vertex 52.9431 -30.6209 5
      vertex 52.9882 -30.5957 5
    endloop
  endfacet
  facet normal -0.519683 0.854359 0
    outer loop
      vertex 52.902 -30.6459 3.2
      vertex 52.9431 -30.6209 5
      vertex 52.9431 -30.6209 3.2
    endloop
  endfacet
  facet normal -0.519683 0.854359 0
    outer loop
      vertex 52.902 -30.6459 3.2
      vertex 52.902 -30.6459 5
      vertex 52.9431 -30.6209 5
    endloop
  endfacet
  facet normal -0.553661 0.832742 0
    outer loop
      vertex 52.865 -30.6705 3.2
      vertex 52.902 -30.6459 5
      vertex 52.902 -30.6459 3.2
    endloop
  endfacet
  facet normal -0.553661 0.832742 0
    outer loop
      vertex 52.865 -30.6705 3.2
      vertex 52.865 -30.6705 5
      vertex 52.902 -30.6459 5
    endloop
  endfacet
  facet normal -0.530181 0.847885 0
    outer loop
      vertex 52.8231 -30.6967 3.2
      vertex 52.865 -30.6705 5
      vertex 52.865 -30.6705 3.2
    endloop
  endfacet
  facet normal -0.530181 0.847885 0
    outer loop
      vertex 52.8231 -30.6967 3.2
      vertex 52.8231 -30.6967 5
      vertex 52.865 -30.6705 5
    endloop
  endfacet
  facet normal -0.499324 0.866415 0
    outer loop
      vertex 52.7792 -30.722 3.2
      vertex 52.8231 -30.6967 5
      vertex 52.8231 -30.6967 3.2
    endloop
  endfacet
  facet normal -0.499324 0.866415 0
    outer loop
      vertex 52.7792 -30.722 3.2
      vertex 52.7792 -30.722 5
      vertex 52.8231 -30.6967 5
    endloop
  endfacet
  facet normal -0.469485 0.882941 0
    outer loop
      vertex 52.7335 -30.7463 3.2
      vertex 52.7792 -30.722 5
      vertex 52.7792 -30.722 3.2
    endloop
  endfacet
  facet normal -0.469485 0.882941 0
    outer loop
      vertex 52.7335 -30.7463 3.2
      vertex 52.7335 -30.7463 5
      vertex 52.7792 -30.722 5
    endloop
  endfacet
  facet normal -0.441895 0.897067 0
    outer loop
      vertex 52.6862 -30.7696 3.2
      vertex 52.7335 -30.7463 5
      vertex 52.7335 -30.7463 3.2
    endloop
  endfacet
  facet normal -0.441895 0.897067 0
    outer loop
      vertex 52.6862 -30.7696 3.2
      vertex 52.6862 -30.7696 5
      vertex 52.7335 -30.7463 5
    endloop
  endfacet
  facet normal -0.413382 0.910558 0
    outer loop
      vertex 52.6373 -30.7918 3.2
      vertex 52.6862 -30.7696 5
      vertex 52.6862 -30.7696 3.2
    endloop
  endfacet
  facet normal -0.413382 0.910558 0
    outer loop
      vertex 52.6373 -30.7918 3.2
      vertex 52.6373 -30.7918 5
      vertex 52.6862 -30.7696 5
    endloop
  endfacet
  facet normal -0.386827 0.922152 0
    outer loop
      vertex 52.587 -30.8129 3.2
      vertex 52.6373 -30.7918 5
      vertex 52.6373 -30.7918 3.2
    endloop
  endfacet
  facet normal -0.386827 0.922152 0
    outer loop
      vertex 52.587 -30.8129 3.2
      vertex 52.587 -30.8129 5
      vertex 52.6373 -30.7918 5
    endloop
  endfacet
  facet normal -0.3614 0.932411 0
    outer loop
      vertex 52.5354 -30.8329 3.2
      vertex 52.587 -30.8129 5
      vertex 52.587 -30.8129 3.2
    endloop
  endfacet
  facet normal -0.3614 0.932411 0
    outer loop
      vertex 52.5354 -30.8329 3.2
      vertex 52.5354 -30.8329 5
      vertex 52.587 -30.8129 5
    endloop
  endfacet
  facet normal -0.333847 0.942627 0
    outer loop
      vertex 52.4826 -30.8516 3.2
      vertex 52.5354 -30.8329 5
      vertex 52.5354 -30.8329 3.2
    endloop
  endfacet
  facet normal -0.333847 0.942627 0
    outer loop
      vertex 52.4826 -30.8516 3.2
      vertex 52.4826 -30.8516 5
      vertex 52.5354 -30.8329 5
    endloop
  endfacet
  facet normal -0.308807 0.951125 0
    outer loop
      vertex 52.4287 -30.8691 3.2
      vertex 52.4826 -30.8516 5
      vertex 52.4826 -30.8516 3.2
    endloop
  endfacet
  facet normal -0.308807 0.951125 0
    outer loop
      vertex 52.4287 -30.8691 3.2
      vertex 52.4287 -30.8691 5
      vertex 52.4826 -30.8516 5
    endloop
  endfacet
  facet normal -0.283017 0.959115 0
    outer loop
      vertex 52.3738 -30.8853 3.2
      vertex 52.4287 -30.8691 5
      vertex 52.4287 -30.8691 3.2
    endloop
  endfacet
  facet normal -0.283017 0.959115 0
    outer loop
      vertex 52.3738 -30.8853 3.2
      vertex 52.3738 -30.8853 5
      vertex 52.4287 -30.8691 5
    endloop
  endfacet
  facet normal -0.258852 0.965917 0
    outer loop
      vertex 52.3182 -30.9002 3.2
      vertex 52.3738 -30.8853 5
      vertex 52.3738 -30.8853 3.2
    endloop
  endfacet
  facet normal -0.258852 0.965917 0
    outer loop
      vertex 52.3182 -30.9002 3.2
      vertex 52.3182 -30.9002 5
      vertex 52.3738 -30.8853 5
    endloop
  endfacet
  facet normal -0.233177 0.972434 0
    outer loop
      vertex 52.2619 -30.9137 3.2
      vertex 52.3182 -30.9002 5
      vertex 52.3182 -30.9002 3.2
    endloop
  endfacet
  facet normal -0.233177 0.972434 0
    outer loop
      vertex 52.2619 -30.9137 3.2
      vertex 52.2619 -30.9137 5
      vertex 52.3182 -30.9002 5
    endloop
  endfacet
  facet normal -0.208003 0.978128 0
    outer loop
      vertex 52.205 -30.9258 3.2
      vertex 52.2619 -30.9137 5
      vertex 52.2619 -30.9137 3.2
    endloop
  endfacet
  facet normal -0.208003 0.978128 0
    outer loop
      vertex 52.205 -30.9258 3.2
      vertex 52.205 -30.9258 5
      vertex 52.2619 -30.9137 5
    endloop
  endfacet
  facet normal -0.181598 0.983373 0
    outer loop
      vertex 52.1476 -30.9364 3.2
      vertex 52.205 -30.9258 5
      vertex 52.205 -30.9258 3.2
    endloop
  endfacet
  facet normal -0.181598 0.983373 0
    outer loop
      vertex 52.1476 -30.9364 3.2
      vertex 52.1476 -30.9364 5
      vertex 52.205 -30.9258 5
    endloop
  endfacet
  facet normal -0.155787 0.987791 0
    outer loop
      vertex 52.0899 -30.9455 3.2
      vertex 52.1476 -30.9364 5
      vertex 52.1476 -30.9364 3.2
    endloop
  endfacet
  facet normal -0.155787 0.987791 0
    outer loop
      vertex 52.0899 -30.9455 3.2
      vertex 52.0899 -30.9455 5
      vertex 52.1476 -30.9364 5
    endloop
  endfacet
  facet normal -0.130144 0.991495 0
    outer loop
      vertex 52.032 -30.9531 3.2
      vertex 52.0899 -30.9455 5
      vertex 52.0899 -30.9455 3.2
    endloop
  endfacet
  facet normal -0.130144 0.991495 0
    outer loop
      vertex 52.032 -30.9531 3.2
      vertex 52.032 -30.9531 5
      vertex 52.0899 -30.9455 5
    endloop
  endfacet
  facet normal -0.101202 0.994866 0
    outer loop
      vertex 51.974 -30.959 3.2
      vertex 52.032 -30.9531 5
      vertex 52.032 -30.9531 3.2
    endloop
  endfacet
  facet normal -0.101202 0.994866 0
    outer loop
      vertex 51.974 -30.959 3.2
      vertex 51.974 -30.959 5
      vertex 52.032 -30.9531 5
    endloop
  endfacet
  facet normal -0.074062 0.997254 0
    outer loop
      vertex 51.9161 -30.9633 3.2
      vertex 51.974 -30.959 5
      vertex 51.974 -30.959 3.2
    endloop
  endfacet
  facet normal -0.074062 0.997254 0
    outer loop
      vertex 51.9161 -30.9633 3.2
      vertex 51.9161 -30.9633 5
      vertex 51.974 -30.959 5
    endloop
  endfacet
  facet normal -0.0466619 0.998911 0
    outer loop
      vertex 51.8583 -30.966 3.2
      vertex 51.9161 -30.9633 5
      vertex 51.9161 -30.9633 3.2
    endloop
  endfacet
  facet normal -0.0466619 0.998911 0
    outer loop
      vertex 51.8583 -30.966 3.2
      vertex 51.8583 -30.966 5
      vertex 51.9161 -30.9633 5
    endloop
  endfacet
  facet normal -0.0139359 0.999903 0
    outer loop
      vertex 51.8009 -30.9668 3.2
      vertex 51.8583 -30.966 5
      vertex 51.8583 -30.966 3.2
    endloop
  endfacet
  facet normal -0.0139359 0.999903 0
    outer loop
      vertex 51.8009 -30.9668 3.2
      vertex 51.8009 -30.9668 5
      vertex 51.8583 -30.966 5
    endloop
  endfacet
  facet normal -0.0271944 0.99963 0
    outer loop
      vertex 51.6943 -30.9697 3.2
      vertex 51.8009 -30.9668 5
      vertex 51.8009 -30.9668 3.2
    endloop
  endfacet
  facet normal -0.0271944 0.99963 0
    outer loop
      vertex 51.6943 -30.9697 3.2
      vertex 51.6943 -30.9697 5
      vertex 51.8009 -30.9668 5
    endloop
  endfacet
  facet normal -0.0724883 0.997369 0
    outer loop
      vertex 51.5801 -30.978 3.2
      vertex 51.6943 -30.9697 5
      vertex 51.6943 -30.9697 3.2
    endloop
  endfacet
  facet normal -0.0724883 0.997369 0
    outer loop
      vertex 51.5801 -30.978 3.2
      vertex 51.5801 -30.978 5
      vertex 51.6943 -30.9697 5
    endloop
  endfacet
  facet normal -0.109528 0.993984 0
    outer loop
      vertex 51.4594 -30.9913 3.2
      vertex 51.5801 -30.978 5
      vertex 51.5801 -30.978 3.2
    endloop
  endfacet
  facet normal -0.109528 0.993984 0
    outer loop
      vertex 51.4594 -30.9913 3.2
      vertex 51.4594 -30.9913 5
      vertex 51.5801 -30.978 5
    endloop
  endfacet
  facet normal -0.142739 0.98976 0
    outer loop
      vertex 51.3332 -31.0095 3.2
      vertex 51.4594 -30.9913 5
      vertex 51.4594 -30.9913 3.2
    endloop
  endfacet
  facet normal -0.142739 0.98976 0
    outer loop
      vertex 51.3332 -31.0095 3.2
      vertex 51.3332 -31.0095 5
      vertex 51.4594 -30.9913 5
    endloop
  endfacet
  facet normal -0.17064 0.985333 0
    outer loop
      vertex 51.2027 -31.0321 3.2
      vertex 51.3332 -31.0095 5
      vertex 51.3332 -31.0095 3.2
    endloop
  endfacet
  facet normal -0.17064 0.985333 0
    outer loop
      vertex 51.2027 -31.0321 3.2
      vertex 51.2027 -31.0321 5
      vertex 51.3332 -31.0095 5
    endloop
  endfacet
  facet normal -0.195975 0.980609 0
    outer loop
      vertex 51.0691 -31.0588 3.2
      vertex 51.2027 -31.0321 5
      vertex 51.2027 -31.0321 3.2
    endloop
  endfacet
  facet normal -0.195975 0.980609 0
    outer loop
      vertex 51.0691 -31.0588 3.2
      vertex 51.0691 -31.0588 5
      vertex 51.2027 -31.0321 5
    endloop
  endfacet
  facet normal -0.219974 0.975506 0
    outer loop
      vertex 50.9334 -31.0894 3.2
      vertex 51.0691 -31.0588 5
      vertex 51.0691 -31.0588 3.2
    endloop
  endfacet
  facet normal -0.219974 0.975506 0
    outer loop
      vertex 50.9334 -31.0894 3.2
      vertex 50.9334 -31.0894 5
      vertex 51.0691 -31.0588 5
    endloop
  endfacet
  facet normal -0.240863 0.970559 0
    outer loop
      vertex 50.7968 -31.1233 3.2
      vertex 50.9334 -31.0894 5
      vertex 50.9334 -31.0894 3.2
    endloop
  endfacet
  facet normal -0.240863 0.970559 0
    outer loop
      vertex 50.7968 -31.1233 3.2
      vertex 50.7968 -31.1233 5
      vertex 50.9334 -31.0894 5
    endloop
  endfacet
  facet normal -0.262459 0.964943 0
    outer loop
      vertex 50.6604 -31.1604 3.2
      vertex 50.7968 -31.1233 5
      vertex 50.7968 -31.1233 3.2
    endloop
  endfacet
  facet normal -0.262459 0.964943 0
    outer loop
      vertex 50.6604 -31.1604 3.2
      vertex 50.6604 -31.1604 5
      vertex 50.7968 -31.1233 5
    endloop
  endfacet
  facet normal -0.282589 0.959241 0
    outer loop
      vertex 50.5253 -31.2002 3.2
      vertex 50.6604 -31.1604 5
      vertex 50.6604 -31.1604 3.2
    endloop
  endfacet
  facet normal -0.282589 0.959241 0
    outer loop
      vertex 50.5253 -31.2002 3.2
      vertex 50.5253 -31.2002 5
      vertex 50.6604 -31.1604 5
    endloop
  endfacet
  facet normal -0.303915 0.952699 0
    outer loop
      vertex 50.3927 -31.2425 3.2
      vertex 50.5253 -31.2002 5
      vertex 50.5253 -31.2002 3.2
    endloop
  endfacet
  facet normal -0.303915 0.952699 0
    outer loop
      vertex 50.3927 -31.2425 3.2
      vertex 50.3927 -31.2425 5
      vertex 50.5253 -31.2002 5
    endloop
  endfacet
  facet normal -0.325223 0.945637 0
    outer loop
      vertex 50.2636 -31.2869 3.2
      vertex 50.3927 -31.2425 5
      vertex 50.3927 -31.2425 3.2
    endloop
  endfacet
  facet normal -0.325223 0.945637 0
    outer loop
      vertex 50.2636 -31.2869 3.2
      vertex 50.2636 -31.2869 5
      vertex 50.3927 -31.2425 5
    endloop
  endfacet
  facet normal -0.347732 0.937594 0
    outer loop
      vertex 50.1393 -31.333 3.2
      vertex 50.2636 -31.2869 5
      vertex 50.2636 -31.2869 3.2
    endloop
  endfacet
  facet normal -0.347732 0.937594 0
    outer loop
      vertex 50.1393 -31.333 3.2
      vertex 50.1393 -31.333 5
      vertex 50.2636 -31.2869 5
    endloop
  endfacet
  facet normal -0.373414 0.927665 0
    outer loop
      vertex 50.0208 -31.3807 3.2
      vertex 50.1393 -31.333 5
      vertex 50.1393 -31.333 3.2
    endloop
  endfacet
  facet normal -0.373414 0.927665 0
    outer loop
      vertex 50.0208 -31.3807 3.2
      vertex 50.0208 -31.3807 5
      vertex 50.1393 -31.333 5
    endloop
  endfacet
  facet normal -0.399957 0.916534 0
    outer loop
      vertex 49.9092 -31.4294 3.2
      vertex 50.0208 -31.3807 5
      vertex 50.0208 -31.3807 3.2
    endloop
  endfacet
  facet normal -0.399957 0.916534 0
    outer loop
      vertex 49.9092 -31.4294 3.2
      vertex 49.9092 -31.4294 5
      vertex 50.0208 -31.3807 5
    endloop
  endfacet
  facet normal -0.431795 0.901972 0
    outer loop
      vertex 49.8058 -31.4789 3.2
      vertex 49.9092 -31.4294 5
      vertex 49.9092 -31.4294 3.2
    endloop
  endfacet
  facet normal -0.431795 0.901972 0
    outer loop
      vertex 49.8058 -31.4789 3.2
      vertex 49.8058 -31.4789 5
      vertex 49.9092 -31.4294 5
    endloop
  endfacet
  facet normal -0.468447 0.883491 0
    outer loop
      vertex 49.7115 -31.5289 3.2
      vertex 49.8058 -31.4789 5
      vertex 49.8058 -31.4789 3.2
    endloop
  endfacet
  facet normal -0.468447 0.883491 0
    outer loop
      vertex 49.7115 -31.5289 3.2
      vertex 49.7115 -31.5289 5
      vertex 49.8058 -31.4789 5
    endloop
  endfacet
  facet normal -0.511934 0.859025 0
    outer loop
      vertex 49.6276 -31.5789 3.2
      vertex 49.7115 -31.5289 5
      vertex 49.7115 -31.5289 3.2
    endloop
  endfacet
  facet normal -0.511934 0.859025 0
    outer loop
      vertex 49.6276 -31.5789 3.2
      vertex 49.6276 -31.5789 5
      vertex 49.7115 -31.5289 5
    endloop
  endfacet
  facet normal -0.566963 0.823743 0
    outer loop
      vertex 49.5551 -31.6288 3.2
      vertex 49.6276 -31.5789 5
      vertex 49.6276 -31.5789 3.2
    endloop
  endfacet
  facet normal -0.566963 0.823743 0
    outer loop
      vertex 49.5551 -31.6288 3.2
      vertex 49.5551 -31.6288 5
      vertex 49.6276 -31.5789 5
    endloop
  endfacet
  facet normal -0.635345 0.772228 0
    outer loop
      vertex 49.4953 -31.678 3.2
      vertex 49.5551 -31.6288 5
      vertex 49.5551 -31.6288 3.2
    endloop
  endfacet
  facet normal -0.635345 0.772228 0
    outer loop
      vertex 49.4953 -31.678 3.2
      vertex 49.4953 -31.678 5
      vertex 49.5551 -31.6288 5
    endloop
  endfacet
  facet normal -0.671747 0.74078 0
    outer loop
      vertex 49.4674 -31.7033 3.2
      vertex 49.4953 -31.678 5
      vertex 49.4953 -31.678 3.2
    endloop
  endfacet
  facet normal -0.671747 0.74078 0
    outer loop
      vertex 49.4674 -31.7033 3.2
      vertex 49.4674 -31.7033 5
      vertex 49.4953 -31.678 5
    endloop
  endfacet
  facet normal -0.643869 0.765136 0
    outer loop
      vertex 49.4409 -31.7256 3.2
      vertex 49.4674 -31.7033 5
      vertex 49.4674 -31.7033 3.2
    endloop
  endfacet
  facet normal -0.643869 0.765136 0
    outer loop
      vertex 49.4409 -31.7256 3.2
      vertex 49.4409 -31.7256 5
      vertex 49.4674 -31.7033 5
    endloop
  endfacet
  facet normal -0.611983 0.790871 0
    outer loop
      vertex 49.4157 -31.7451 3.2
      vertex 49.4409 -31.7256 5
      vertex 49.4409 -31.7256 3.2
    endloop
  endfacet
  facet normal -0.611983 0.790871 0
    outer loop
      vertex 49.4157 -31.7451 3.2
      vertex 49.4157 -31.7451 5
      vertex 49.4409 -31.7256 5
    endloop
  endfacet
  facet normal -0.564075 0.825724 0
    outer loop
      vertex 49.3914 -31.7617 3.2
      vertex 49.4157 -31.7451 5
      vertex 49.4157 -31.7451 3.2
    endloop
  endfacet
  facet normal -0.564075 0.825724 0
    outer loop
      vertex 49.3914 -31.7617 3.2
      vertex 49.3914 -31.7617 5
      vertex 49.4157 -31.7451 5
    endloop
  endfacet
  facet normal -0.50478 0.863248 0
    outer loop
      vertex 49.3678 -31.7755 3.2
      vertex 49.3914 -31.7617 5
      vertex 49.3914 -31.7617 3.2
    endloop
  endfacet
  facet normal -0.50478 0.863248 0
    outer loop
      vertex 49.3678 -31.7755 3.2
      vertex 49.3678 -31.7755 5
      vertex 49.3914 -31.7617 5
    endloop
  endfacet
  facet normal -0.429934 0.902861 0
    outer loop
      vertex 49.3447 -31.7865 3.2
      vertex 49.3678 -31.7755 5
      vertex 49.3678 -31.7755 3.2
    endloop
  endfacet
  facet normal -0.429934 0.902861 0
    outer loop
      vertex 49.3447 -31.7865 3.2
      vertex 49.3447 -31.7865 5
      vertex 49.3678 -31.7755 5
    endloop
  endfacet
  facet normal -0.336074 0.941836 0
    outer loop
      vertex 49.322 -31.7946 3.2
      vertex 49.3447 -31.7865 5
      vertex 49.3447 -31.7865 3.2
    endloop
  endfacet
  facet normal -0.336074 0.941836 0
    outer loop
      vertex 49.322 -31.7946 3.2
      vertex 49.322 -31.7946 5
      vertex 49.3447 -31.7865 5
    endloop
  endfacet
  facet normal -0.226419 0.97403 0
    outer loop
      vertex 49.2992 -31.7999 3.2
      vertex 49.322 -31.7946 5
      vertex 49.322 -31.7946 3.2
    endloop
  endfacet
  facet normal -0.226419 0.97403 0
    outer loop
      vertex 49.2992 -31.7999 3.2
      vertex 49.2992 -31.7999 5
      vertex 49.322 -31.7946 5
    endloop
  endfacet
  facet normal -0.108996 0.994042 0
    outer loop
      vertex 49.2764 -31.8024 3.2
      vertex 49.2992 -31.7999 5
      vertex 49.2992 -31.7999 3.2
    endloop
  endfacet
  facet normal -0.108996 0.994042 0
    outer loop
      vertex 49.2764 -31.8024 3.2
      vertex 49.2764 -31.8024 5
      vertex 49.2992 -31.7999 5
    endloop
  endfacet
  facet normal 0.0128745 0.999917 0
    outer loop
      vertex 49.2531 -31.8021 3.2
      vertex 49.2764 -31.8024 5
      vertex 49.2764 -31.8024 3.2
    endloop
  endfacet
  facet normal 0.0128745 0.999917 -0
    outer loop
      vertex 49.2531 -31.8021 3.2
      vertex 49.2531 -31.8021 5
      vertex 49.2764 -31.8024 5
    endloop
  endfacet
  facet normal 0.124546 0.992214 0
    outer loop
      vertex 49.2292 -31.7991 3.2
      vertex 49.2531 -31.8021 5
      vertex 49.2531 -31.8021 3.2
    endloop
  endfacet
  facet normal 0.124546 0.992214 -0
    outer loop
      vertex 49.2292 -31.7991 3.2
      vertex 49.2292 -31.7991 5
      vertex 49.2531 -31.8021 5
    endloop
  endfacet
  facet normal 0.2286 0.97352 0
    outer loop
      vertex 49.2045 -31.7933 3.2
      vertex 49.2292 -31.7991 5
      vertex 49.2292 -31.7991 3.2
    endloop
  endfacet
  facet normal 0.2286 0.97352 -0
    outer loop
      vertex 49.2045 -31.7933 3.2
      vertex 49.2045 -31.7933 5
      vertex 49.2292 -31.7991 5
    endloop
  endfacet
  facet normal 0.316228 0.948683 0
    outer loop
      vertex 49.1787 -31.7847 3.2
      vertex 49.2045 -31.7933 5
      vertex 49.2045 -31.7933 3.2
    endloop
  endfacet
  facet normal 0.316228 0.948683 -0
    outer loop
      vertex 49.1787 -31.7847 3.2
      vertex 49.1787 -31.7847 5
      vertex 49.2045 -31.7933 5
    endloop
  endfacet
  facet normal 0.38607 0.922469 0
    outer loop
      vertex 49.1517 -31.7734 3.2
      vertex 49.1787 -31.7847 5
      vertex 49.1787 -31.7847 3.2
    endloop
  endfacet
  facet normal 0.38607 0.922469 -0
    outer loop
      vertex 49.1517 -31.7734 3.2
      vertex 49.1517 -31.7734 5
      vertex 49.1787 -31.7847 5
    endloop
  endfacet
  facet normal 0.442189 0.896922 0
    outer loop
      vertex 49.1231 -31.7593 3.2
      vertex 49.1517 -31.7734 5
      vertex 49.1517 -31.7734 3.2
    endloop
  endfacet
  facet normal 0.442189 0.896922 -0
    outer loop
      vertex 49.1231 -31.7593 3.2
      vertex 49.1231 -31.7593 5
      vertex 49.1517 -31.7734 5
    endloop
  endfacet
  facet normal 0.484908 0.874565 0
    outer loop
      vertex 49.0928 -31.7425 3.2
      vertex 49.1231 -31.7593 5
      vertex 49.1231 -31.7593 3.2
    endloop
  endfacet
  facet normal 0.484908 0.874565 -0
    outer loop
      vertex 49.0928 -31.7425 3.2
      vertex 49.0928 -31.7425 5
      vertex 49.1231 -31.7593 5
    endloop
  endfacet
  facet normal 0.516832 0.856087 0
    outer loop
      vertex 49.0605 -31.723 3.2
      vertex 49.0928 -31.7425 5
      vertex 49.0928 -31.7425 3.2
    endloop
  endfacet
  facet normal 0.516832 0.856087 -0
    outer loop
      vertex 49.0605 -31.723 3.2
      vertex 49.0605 -31.723 5
      vertex 49.0928 -31.7425 5
    endloop
  endfacet
  facet normal 0.541127 0.840941 0
    outer loop
      vertex 49.026 -31.7008 3.2
      vertex 49.0605 -31.723 5
      vertex 49.0605 -31.723 3.2
    endloop
  endfacet
  facet normal 0.541127 0.840941 -0
    outer loop
      vertex 49.026 -31.7008 3.2
      vertex 49.026 -31.7008 5
      vertex 49.0605 -31.723 5
    endloop
  endfacet
  facet normal 0.557811 0.829968 0
    outer loop
      vertex 48.9891 -31.676 3.2
      vertex 49.026 -31.7008 5
      vertex 49.026 -31.7008 3.2
    endloop
  endfacet
  facet normal 0.557811 0.829968 -0
    outer loop
      vertex 48.9891 -31.676 3.2
      vertex 48.9891 -31.676 5
      vertex 49.026 -31.7008 5
    endloop
  endfacet
  facet normal 0.572766 0.819719 0
    outer loop
      vertex 48.9496 -31.6484 3.2
      vertex 48.9891 -31.676 5
      vertex 48.9891 -31.676 3.2
    endloop
  endfacet
  facet normal 0.572766 0.819719 -0
    outer loop
      vertex 48.9496 -31.6484 3.2
      vertex 48.9496 -31.6484 5
      vertex 48.9891 -31.676 5
    endloop
  endfacet
  facet normal 0.544785 0.838576 0
    outer loop
      vertex 48.8771 -31.6013 3.2
      vertex 48.9496 -31.6484 5
      vertex 48.9496 -31.6484 3.2
    endloop
  endfacet
  facet normal 0.544785 0.838576 -0
    outer loop
      vertex 48.8771 -31.6013 3.2
      vertex 48.8771 -31.6013 5
      vertex 48.9496 -31.6484 5
    endloop
  endfacet
  facet normal 0.502951 0.864315 0
    outer loop
      vertex 48.7953 -31.5537 3.2
      vertex 48.8771 -31.6013 5
      vertex 48.8771 -31.6013 3.2
    endloop
  endfacet
  facet normal 0.502951 0.864315 -0
    outer loop
      vertex 48.7953 -31.5537 3.2
      vertex 48.7953 -31.5537 5
      vertex 48.8771 -31.6013 5
    endloop
  endfacet
  facet normal 0.469418 0.882976 0
    outer loop
      vertex 48.7052 -31.5058 3.2
      vertex 48.7953 -31.5537 5
      vertex 48.7953 -31.5537 3.2
    endloop
  endfacet
  facet normal 0.469418 0.882976 -0
    outer loop
      vertex 48.7052 -31.5058 3.2
      vertex 48.7052 -31.5058 5
      vertex 48.7953 -31.5537 5
    endloop
  endfacet
  facet normal 0.440201 0.897899 0
    outer loop
      vertex 48.6077 -31.458 3.2
      vertex 48.7052 -31.5058 5
      vertex 48.7052 -31.5058 3.2
    endloop
  endfacet
  facet normal 0.440201 0.897899 -0
    outer loop
      vertex 48.6077 -31.458 3.2
      vertex 48.6077 -31.458 5
      vertex 48.7052 -31.5058 5
    endloop
  endfacet
  facet normal 0.415056 0.909796 0
    outer loop
      vertex 48.5038 -31.4106 3.2
      vertex 48.6077 -31.458 5
      vertex 48.6077 -31.458 3.2
    endloop
  endfacet
  facet normal 0.415056 0.909796 -0
    outer loop
      vertex 48.5038 -31.4106 3.2
      vertex 48.5038 -31.4106 5
      vertex 48.6077 -31.458 5
    endloop
  endfacet
  facet normal 0.392192 0.919883 0
    outer loop
      vertex 48.3945 -31.364 3.2
      vertex 48.5038 -31.4106 5
      vertex 48.5038 -31.4106 3.2
    endloop
  endfacet
  facet normal 0.392192 0.919883 -0
    outer loop
      vertex 48.3945 -31.364 3.2
      vertex 48.3945 -31.364 5
      vertex 48.5038 -31.4106 5
    endloop
  endfacet
  facet normal 0.372374 0.928083 0
    outer loop
      vertex 48.2806 -31.3183 3.2
      vertex 48.3945 -31.364 5
      vertex 48.3945 -31.364 3.2
    endloop
  endfacet
  facet normal 0.372374 0.928083 -0
    outer loop
      vertex 48.2806 -31.3183 3.2
      vertex 48.2806 -31.3183 5
      vertex 48.3945 -31.364 5
    endloop
  endfacet
  facet normal 0.352084 0.935969 0
    outer loop
      vertex 48.1631 -31.2741 3.2
      vertex 48.2806 -31.3183 5
      vertex 48.2806 -31.3183 3.2
    endloop
  endfacet
  facet normal 0.352084 0.935969 -0
    outer loop
      vertex 48.1631 -31.2741 3.2
      vertex 48.1631 -31.2741 5
      vertex 48.2806 -31.3183 5
    endloop
  endfacet
  facet normal 0.334297 0.942468 0
    outer loop
      vertex 48.043 -31.2315 3.2
      vertex 48.1631 -31.2741 5
      vertex 48.1631 -31.2741 3.2
    endloop
  endfacet
  facet normal 0.334297 0.942468 -0
    outer loop
      vertex 48.043 -31.2315 3.2
      vertex 48.043 -31.2315 5
      vertex 48.1631 -31.2741 5
    endloop
  endfacet
  facet normal 0.316462 0.948605 0
    outer loop
      vertex 47.9213 -31.1909 3.2
      vertex 48.043 -31.2315 5
      vertex 48.043 -31.2315 3.2
    endloop
  endfacet
  facet normal 0.316462 0.948605 -0
    outer loop
      vertex 47.9213 -31.1909 3.2
      vertex 47.9213 -31.1909 5
      vertex 48.043 -31.2315 5
    endloop
  endfacet
  facet normal 0.297698 0.95466 0
    outer loop
      vertex 47.7988 -31.1527 3.2
      vertex 47.9213 -31.1909 5
      vertex 47.9213 -31.1909 3.2
    endloop
  endfacet
  facet normal 0.297698 0.95466 -0
    outer loop
      vertex 47.7988 -31.1527 3.2
      vertex 47.7988 -31.1527 5
      vertex 47.9213 -31.1909 5
    endloop
  endfacet
  facet normal 0.279487 0.960149 0
    outer loop
      vertex 47.6765 -31.1171 3.2
      vertex 47.7988 -31.1527 5
      vertex 47.7988 -31.1527 3.2
    endloop
  endfacet
  facet normal 0.279487 0.960149 -0
    outer loop
      vertex 47.6765 -31.1171 3.2
      vertex 47.6765 -31.1171 5
      vertex 47.7988 -31.1527 5
    endloop
  endfacet
  facet normal 0.260145 0.96557 0
    outer loop
      vertex 47.5555 -31.0845 3.2
      vertex 47.6765 -31.1171 5
      vertex 47.6765 -31.1171 3.2
    endloop
  endfacet
  facet normal 0.260145 0.96557 -0
    outer loop
      vertex 47.5555 -31.0845 3.2
      vertex 47.5555 -31.0845 5
      vertex 47.6765 -31.1171 5
    endloop
  endfacet
  facet normal 0.239268 0.970954 0
    outer loop
      vertex 47.4366 -31.0552 3.2
      vertex 47.5555 -31.0845 5
      vertex 47.5555 -31.0845 3.2
    endloop
  endfacet
  facet normal 0.239268 0.970954 -0
    outer loop
      vertex 47.4366 -31.0552 3.2
      vertex 47.4366 -31.0552 5
      vertex 47.5555 -31.0845 5
    endloop
  endfacet
  facet normal 0.215859 0.976425 0
    outer loop
      vertex 47.3208 -31.0296 3.2
      vertex 47.4366 -31.0552 5
      vertex 47.4366 -31.0552 3.2
    endloop
  endfacet
  facet normal 0.215859 0.976425 -0
    outer loop
      vertex 47.3208 -31.0296 3.2
      vertex 47.3208 -31.0296 5
      vertex 47.4366 -31.0552 5
    endloop
  endfacet
  facet normal 0.191387 0.981515 0
    outer loop
      vertex 47.209 -31.0078 3.2
      vertex 47.3208 -31.0296 5
      vertex 47.3208 -31.0296 3.2
    endloop
  endfacet
  facet normal 0.191387 0.981515 -0
    outer loop
      vertex 47.209 -31.0078 3.2
      vertex 47.209 -31.0078 5
      vertex 47.3208 -31.0296 5
    endloop
  endfacet
  facet normal 0.160801 0.986987 0
    outer loop
      vertex 47.1022 -30.9904 3.2
      vertex 47.209 -31.0078 5
      vertex 47.209 -31.0078 3.2
    endloop
  endfacet
  facet normal 0.160801 0.986987 -0
    outer loop
      vertex 47.1022 -30.9904 3.2
      vertex 47.1022 -30.9904 5
      vertex 47.209 -31.0078 5
    endloop
  endfacet
  facet normal 0.126941 0.99191 0
    outer loop
      vertex 47.0014 -30.9775 3.2
      vertex 47.1022 -30.9904 5
      vertex 47.1022 -30.9904 3.2
    endloop
  endfacet
  facet normal 0.126941 0.99191 -0
    outer loop
      vertex 47.0014 -30.9775 3.2
      vertex 47.0014 -30.9775 5
      vertex 47.1022 -30.9904 5
    endloop
  endfacet
  facet normal 0.0837473 0.996487 0
    outer loop
      vertex 46.9074 -30.9696 3.2
      vertex 47.0014 -30.9775 5
      vertex 47.0014 -30.9775 3.2
    endloop
  endfacet
  facet normal 0.0837473 0.996487 -0
    outer loop
      vertex 46.9074 -30.9696 3.2
      vertex 46.9074 -30.9696 5
      vertex 47.0014 -30.9775 5
    endloop
  endfacet
  facet normal 0.0325031 0.999472 0
    outer loop
      vertex 46.8213 -30.9668 3.2
      vertex 46.9074 -30.9696 5
      vertex 46.9074 -30.9696 3.2
    endloop
  endfacet
  facet normal 0.0325031 0.999472 -0
    outer loop
      vertex 46.8213 -30.9668 3.2
      vertex 46.8213 -30.9668 5
      vertex 46.9074 -30.9696 5
    endloop
  endfacet
  facet normal -0.0239783 0.999712 0
    outer loop
      vertex 46.7671 -30.9681 3.2
      vertex 46.8213 -30.9668 5
      vertex 46.8213 -30.9668 3.2
    endloop
  endfacet
  facet normal -0.0239783 0.999712 0
    outer loop
      vertex 46.7671 -30.9681 3.2
      vertex 46.7671 -30.9681 5
      vertex 46.8213 -30.9668 5
    endloop
  endfacet
  facet normal -0.0761144 0.997099 0
    outer loop
      vertex 46.7147 -30.9721 3.2
      vertex 46.7671 -30.9681 5
      vertex 46.7671 -30.9681 3.2
    endloop
  endfacet
  facet normal -0.0761144 0.997099 0
    outer loop
      vertex 46.7147 -30.9721 3.2
      vertex 46.7147 -30.9721 5
      vertex 46.7671 -30.9681 5
    endloop
  endfacet
  facet normal -0.137886 0.990448 0
    outer loop
      vertex 46.6637 -30.9792 3.2
      vertex 46.7147 -30.9721 5
      vertex 46.7147 -30.9721 3.2
    endloop
  endfacet
  facet normal -0.137886 0.990448 0
    outer loop
      vertex 46.6637 -30.9792 3.2
      vertex 46.6637 -30.9792 5
      vertex 46.7147 -30.9721 5
    endloop
  endfacet
  facet normal -0.202864 0.979207 0
    outer loop
      vertex 46.6135 -30.9896 3.2
      vertex 46.6637 -30.9792 5
      vertex 46.6637 -30.9792 3.2
    endloop
  endfacet
  facet normal -0.202864 0.979207 0
    outer loop
      vertex 46.6135 -30.9896 3.2
      vertex 46.6135 -30.9896 5
      vertex 46.6637 -30.9792 5
    endloop
  endfacet
  facet normal -0.272931 0.962034 0
    outer loop
      vertex 46.5638 -31.0037 3.2
      vertex 46.6135 -30.9896 5
      vertex 46.6135 -30.9896 3.2
    endloop
  endfacet
  facet normal -0.272931 0.962034 0
    outer loop
      vertex 46.5638 -31.0037 3.2
      vertex 46.5638 -31.0037 5
      vertex 46.6135 -30.9896 5
    endloop
  endfacet
  facet normal -0.338854 0.940839 0
    outer loop
      vertex 46.5141 -31.0216 3.2
      vertex 46.5638 -31.0037 5
      vertex 46.5638 -31.0037 3.2
    endloop
  endfacet
  facet normal -0.338854 0.940839 0
    outer loop
      vertex 46.5141 -31.0216 3.2
      vertex 46.5141 -31.0216 5
      vertex 46.5638 -31.0037 5
    endloop
  endfacet
  facet normal -0.406646 0.913586 0
    outer loop
      vertex 46.464 -31.0439 3.2
      vertex 46.5141 -31.0216 5
      vertex 46.5141 -31.0216 3.2
    endloop
  endfacet
  facet normal -0.406646 0.913586 0
    outer loop
      vertex 46.464 -31.0439 3.2
      vertex 46.464 -31.0439 5
      vertex 46.5141 -31.0216 5
    endloop
  endfacet
  facet normal -0.46446 0.885594 0
    outer loop
      vertex 46.4129 -31.0707 3.2
      vertex 46.464 -31.0439 5
      vertex 46.464 -31.0439 3.2
    endloop
  endfacet
  facet normal -0.46446 0.885594 0
    outer loop
      vertex 46.4129 -31.0707 3.2
      vertex 46.4129 -31.0707 5
      vertex 46.464 -31.0439 5
    endloop
  endfacet
  facet normal -0.516417 0.856337 0
    outer loop
      vertex 46.3605 -31.1023 3.2
      vertex 46.4129 -31.0707 5
      vertex 46.4129 -31.0707 3.2
    endloop
  endfacet
  facet normal -0.516417 0.856337 0
    outer loop
      vertex 46.3605 -31.1023 3.2
      vertex 46.3605 -31.1023 5
      vertex 46.4129 -31.0707 5
    endloop
  endfacet
  facet normal -0.561725 0.827324 0
    outer loop
      vertex 46.3063 -31.1391 3.2
      vertex 46.3605 -31.1023 5
      vertex 46.3605 -31.1023 3.2
    endloop
  endfacet
  facet normal -0.561725 0.827324 0
    outer loop
      vertex 46.3063 -31.1391 3.2
      vertex 46.3063 -31.1391 5
      vertex 46.3605 -31.1023 5
    endloop
  endfacet
  facet normal -0.599091 0.800681 0
    outer loop
      vertex 46.2499 -31.1813 3.2
      vertex 46.3063 -31.1391 5
      vertex 46.3063 -31.1391 3.2
    endloop
  endfacet
  facet normal -0.599091 0.800681 0
    outer loop
      vertex 46.2499 -31.1813 3.2
      vertex 46.2499 -31.1813 5
      vertex 46.3063 -31.1391 5
    endloop
  endfacet
  facet normal -0.629802 0.776756 0
    outer loop
      vertex 46.1907 -31.2293 3.2
      vertex 46.2499 -31.1813 5
      vertex 46.2499 -31.1813 3.2
    endloop
  endfacet
  facet normal -0.629802 0.776756 0
    outer loop
      vertex 46.1907 -31.2293 3.2
      vertex 46.1907 -31.2293 5
      vertex 46.2499 -31.1813 5
    endloop
  endfacet
  facet normal -0.654977 0.755649 0
    outer loop
      vertex 46.1284 -31.2833 3.2
      vertex 46.1907 -31.2293 5
      vertex 46.1907 -31.2293 3.2
    endloop
  endfacet
  facet normal -0.654977 0.755649 0
    outer loop
      vertex 46.1284 -31.2833 3.2
      vertex 46.1284 -31.2833 5
      vertex 46.1907 -31.2293 5
    endloop
  endfacet
  facet normal -0.675065 0.737758 0
    outer loop
      vertex 46.0625 -31.3436 3.2
      vertex 46.1284 -31.2833 5
      vertex 46.1284 -31.2833 3.2
    endloop
  endfacet
  facet normal -0.675065 0.737758 0
    outer loop
      vertex 46.0625 -31.3436 3.2
      vertex 46.0625 -31.3436 5
      vertex 46.1284 -31.2833 5
    endloop
  endfacet
  facet normal -0.691457 0.722418 0
    outer loop
      vertex 45.9925 -31.4106 3.2
      vertex 46.0625 -31.3436 5
      vertex 46.0625 -31.3436 3.2
    endloop
  endfacet
  facet normal -0.691457 0.722418 0
    outer loop
      vertex 45.9925 -31.4106 3.2
      vertex 45.9925 -31.4106 5
      vertex 46.0625 -31.3436 5
    endloop
  endfacet
  facet normal -0.705198 0.70901 0
    outer loop
      vertex 45.9181 -31.4846 3.2
      vertex 45.9925 -31.4106 5
      vertex 45.9925 -31.4106 3.2
    endloop
  endfacet
  facet normal -0.705198 0.70901 0
    outer loop
      vertex 45.9181 -31.4846 3.2
      vertex 45.9181 -31.4846 5
      vertex 45.9925 -31.4106 5
    endloop
  endfacet
  facet normal -0.714987 0.699138 0
    outer loop
      vertex 45.8387 -31.5658 3.2
      vertex 45.9181 -31.4846 5
      vertex 45.9181 -31.4846 3.2
    endloop
  endfacet
  facet normal -0.714987 0.699138 0
    outer loop
      vertex 45.8387 -31.5658 3.2
      vertex 45.8387 -31.5658 5
      vertex 45.9181 -31.4846 5
    endloop
  endfacet
  facet normal -0.722412 0.691463 0
    outer loop
      vertex 45.7538 -31.6545 3.2
      vertex 45.8387 -31.5658 5
      vertex 45.8387 -31.5658 3.2
    endloop
  endfacet
  facet normal -0.722412 0.691463 0
    outer loop
      vertex 45.7538 -31.6545 3.2
      vertex 45.7538 -31.6545 5
      vertex 45.8387 -31.5658 5
    endloop
  endfacet
  facet normal -0.729396 0.684092 0
    outer loop
      vertex 45.6632 -31.7511 3.2
      vertex 45.7538 -31.6545 5
      vertex 45.7538 -31.6545 3.2
    endloop
  endfacet
  facet normal -0.729396 0.684092 0
    outer loop
      vertex 45.6632 -31.7511 3.2
      vertex 45.6632 -31.7511 5
      vertex 45.7538 -31.6545 5
    endloop
  endfacet
  facet normal -0.733567 0.679618 0
    outer loop
      vertex 45.5662 -31.8558 3.2
      vertex 45.6632 -31.7511 5
      vertex 45.6632 -31.7511 3.2
    endloop
  endfacet
  facet normal -0.733567 0.679618 0
    outer loop
      vertex 45.5662 -31.8558 3.2
      vertex 45.5662 -31.8558 5
      vertex 45.6632 -31.7511 5
    endloop
  endfacet
  facet normal -0.732938 0.680296 0
    outer loop
      vertex 45.4486 -31.9825 3.2
      vertex 45.5662 -31.8558 5
      vertex 45.5662 -31.8558 3.2
    endloop
  endfacet
  facet normal -0.732938 0.680296 0
    outer loop
      vertex 45.4486 -31.9825 3.2
      vertex 45.4486 -31.9825 5
      vertex 45.5662 -31.8558 5
    endloop
  endfacet
  facet normal -0.715247 0.698872 0
    outer loop
      vertex 45.3291 -32.1048 3.2
      vertex 45.4486 -31.9825 5
      vertex 45.4486 -31.9825 3.2
    endloop
  endfacet
  facet normal -0.715247 0.698872 0
    outer loop
      vertex 45.3291 -32.1048 3.2
      vertex 45.3291 -32.1048 5
      vertex 45.4486 -31.9825 5
    endloop
  endfacet
  facet normal -0.696699 0.717364 0
    outer loop
      vertex 45.2076 -32.2228 3.2
      vertex 45.3291 -32.1048 5
      vertex 45.3291 -32.1048 3.2
    endloop
  endfacet
  facet normal -0.696699 0.717364 0
    outer loop
      vertex 45.2076 -32.2228 3.2
      vertex 45.2076 -32.2228 5
      vertex 45.3291 -32.1048 5
    endloop
  endfacet
  facet normal -0.676721 0.736239 0
    outer loop
      vertex 45.0839 -32.3365 3.2
      vertex 45.2076 -32.2228 5
      vertex 45.2076 -32.2228 3.2
    endloop
  endfacet
  facet normal -0.676721 0.736239 0
    outer loop
      vertex 45.0839 -32.3365 3.2
      vertex 45.0839 -32.3365 5
      vertex 45.2076 -32.2228 5
    endloop
  endfacet
  facet normal -0.656253 0.754541 0
    outer loop
      vertex 44.958 -32.446 3.2
      vertex 45.0839 -32.3365 5
      vertex 45.0839 -32.3365 3.2
    endloop
  endfacet
  facet normal -0.656253 0.754541 0
    outer loop
      vertex 44.958 -32.446 3.2
      vertex 44.958 -32.446 5
      vertex 45.0839 -32.3365 5
    endloop
  endfacet
  facet normal -0.635009 0.772504 0
    outer loop
      vertex 44.8299 -32.5513 3.2
      vertex 44.958 -32.446 5
      vertex 44.958 -32.446 3.2
    endloop
  endfacet
  facet normal -0.635009 0.772504 0
    outer loop
      vertex 44.8299 -32.5513 3.2
      vertex 44.8299 -32.5513 5
      vertex 44.958 -32.446 5
    endloop
  endfacet
  facet normal -0.612137 0.790752 0
    outer loop
      vertex 44.6993 -32.6524 3.2
      vertex 44.8299 -32.5513 5
      vertex 44.8299 -32.5513 3.2
    endloop
  endfacet
  facet normal -0.612137 0.790752 0
    outer loop
      vertex 44.6993 -32.6524 3.2
      vertex 44.6993 -32.6524 5
      vertex 44.8299 -32.5513 5
    endloop
  endfacet
  facet normal -0.590047 0.807369 0
    outer loop
      vertex 44.5663 -32.7496 3.2
      vertex 44.6993 -32.6524 5
      vertex 44.6993 -32.6524 3.2
    endloop
  endfacet
  facet normal -0.590047 0.807369 0
    outer loop
      vertex 44.5663 -32.7496 3.2
      vertex 44.5663 -32.7496 5
      vertex 44.6993 -32.6524 5
    endloop
  endfacet
  facet normal -0.565729 0.824591 0
    outer loop
      vertex 44.4306 -32.8427 3.2
      vertex 44.5663 -32.7496 5
      vertex 44.5663 -32.7496 3.2
    endloop
  endfacet
  facet normal -0.565729 0.824591 0
    outer loop
      vertex 44.4306 -32.8427 3.2
      vertex 44.4306 -32.8427 5
      vertex 44.5663 -32.7496 5
    endloop
  endfacet
  facet normal -0.542016 0.840368 0
    outer loop
      vertex 44.2923 -32.9319 3.2
      vertex 44.4306 -32.8427 5
      vertex 44.4306 -32.8427 3.2
    endloop
  endfacet
  facet normal -0.542016 0.840368 0
    outer loop
      vertex 44.2923 -32.9319 3.2
      vertex 44.2923 -32.9319 5
      vertex 44.4306 -32.8427 5
    endloop
  endfacet
  facet normal -0.517616 0.855613 0
    outer loop
      vertex 44.1513 -33.0172 3.2
      vertex 44.2923 -32.9319 5
      vertex 44.2923 -32.9319 3.2
    endloop
  endfacet
  facet normal -0.517616 0.855613 0
    outer loop
      vertex 44.1513 -33.0172 3.2
      vertex 44.1513 -33.0172 5
      vertex 44.2923 -32.9319 5
    endloop
  endfacet
  facet normal -0.492555 0.870281 0
    outer loop
      vertex 44.0073 -33.0987 3.2
      vertex 44.1513 -33.0172 5
      vertex 44.1513 -33.0172 3.2
    endloop
  endfacet
  facet normal -0.492555 0.870281 0
    outer loop
      vertex 44.0073 -33.0987 3.2
      vertex 44.0073 -33.0987 5
      vertex 44.1513 -33.0172 5
    endloop
  endfacet
  facet normal -0.467334 0.884081 0
    outer loop
      vertex 43.8605 -33.1763 3.2
      vertex 44.0073 -33.0987 5
      vertex 44.0073 -33.0987 3.2
    endloop
  endfacet
  facet normal -0.467334 0.884081 0
    outer loop
      vertex 43.8605 -33.1763 3.2
      vertex 43.8605 -33.1763 5
      vertex 44.0073 -33.0987 5
    endloop
  endfacet
  facet normal -0.442662 0.896689 0
    outer loop
      vertex 43.7106 -33.2503 3.2
      vertex 43.8605 -33.1763 5
      vertex 43.8605 -33.1763 3.2
    endloop
  endfacet
  facet normal -0.442662 0.896689 0
    outer loop
      vertex 43.7106 -33.2503 3.2
      vertex 43.7106 -33.2503 5
      vertex 43.8605 -33.1763 5
    endloop
  endfacet
  facet normal -0.417288 0.908774 0
    outer loop
      vertex 43.5575 -33.3206 3.2
      vertex 43.7106 -33.2503 5
      vertex 43.7106 -33.2503 3.2
    endloop
  endfacet
  facet normal -0.417288 0.908774 0
    outer loop
      vertex 43.5575 -33.3206 3.2
      vertex 43.5575 -33.3206 5
      vertex 43.7106 -33.2503 5
    endloop
  endfacet
  facet normal -0.392711 0.919662 0
    outer loop
      vertex 43.4013 -33.3873 3.2
      vertex 43.5575 -33.3206 5
      vertex 43.5575 -33.3206 3.2
    endloop
  endfacet
  facet normal -0.392711 0.919662 0
    outer loop
      vertex 43.4013 -33.3873 3.2
      vertex 43.4013 -33.3873 5
      vertex 43.5575 -33.3206 5
    endloop
  endfacet
  facet normal -0.367671 0.929956 0
    outer loop
      vertex 43.2417 -33.4504 3.2
      vertex 43.4013 -33.3873 5
      vertex 43.4013 -33.3873 3.2
    endloop
  endfacet
  facet normal -0.367671 0.929956 0
    outer loop
      vertex 43.2417 -33.4504 3.2
      vertex 43.2417 -33.4504 5
      vertex 43.4013 -33.3873 5
    endloop
  endfacet
  facet normal -0.343408 0.939186 0
    outer loop
      vertex 43.0787 -33.51 3.2
      vertex 43.2417 -33.4504 5
      vertex 43.2417 -33.4504 3.2
    endloop
  endfacet
  facet normal -0.343408 0.939186 0
    outer loop
      vertex 43.0787 -33.51 3.2
      vertex 43.0787 -33.51 5
      vertex 43.2417 -33.4504 5
    endloop
  endfacet
  facet normal -0.319983 0.947423 0
    outer loop
      vertex 42.9123 -33.5662 3.2
      vertex 43.0787 -33.51 5
      vertex 43.0787 -33.51 3.2
    endloop
  endfacet
  facet normal -0.319983 0.947423 0
    outer loop
      vertex 42.9123 -33.5662 3.2
      vertex 42.9123 -33.5662 5
      vertex 43.0787 -33.51 5
    endloop
  endfacet
  facet normal -0.296452 0.955048 0
    outer loop
      vertex 42.7422 -33.619 3.2
      vertex 42.9123 -33.5662 5
      vertex 42.9123 -33.5662 3.2
    endloop
  endfacet
  facet normal -0.296452 0.955048 0
    outer loop
      vertex 42.7422 -33.619 3.2
      vertex 42.7422 -33.619 5
      vertex 42.9123 -33.5662 5
    endloop
  endfacet
  facet normal -0.325712 0.945469 0
    outer loop
      vertex 42.7004 -33.6334 3.2
      vertex 42.7422 -33.619 5
      vertex 42.7422 -33.619 3.2
    endloop
  endfacet
  facet normal -0.325712 0.945469 0
    outer loop
      vertex 42.7004 -33.6334 3.2
      vertex 42.7004 -33.6334 5
      vertex 42.7422 -33.619 5
    endloop
  endfacet
  facet normal -0.357248 0.93401 0
    outer loop
      vertex 42.657 -33.65 3.2
      vertex 42.7004 -33.6334 5
      vertex 42.7004 -33.6334 3.2
    endloop
  endfacet
  facet normal -0.357248 0.93401 0
    outer loop
      vertex 42.657 -33.65 3.2
      vertex 42.657 -33.65 5
      vertex 42.7004 -33.6334 5
    endloop
  endfacet
  facet normal -0.381684 0.924293 0
    outer loop
      vertex 42.6122 -33.6685 3.2
      vertex 42.657 -33.65 5
      vertex 42.657 -33.65 3.2
    endloop
  endfacet
  facet normal -0.381684 0.924293 0
    outer loop
      vertex 42.6122 -33.6685 3.2
      vertex 42.6122 -33.6685 5
      vertex 42.657 -33.65 5
    endloop
  endfacet
  facet normal -0.404474 0.91455 0
    outer loop
      vertex 42.5663 -33.6888 3.2
      vertex 42.6122 -33.6685 5
      vertex 42.6122 -33.6685 3.2
    endloop
  endfacet
  facet normal -0.404474 0.91455 0
    outer loop
      vertex 42.5663 -33.6888 3.2
      vertex 42.5663 -33.6888 5
      vertex 42.6122 -33.6685 5
    endloop
  endfacet
  facet normal -0.426261 0.9046 0
    outer loop
      vertex 42.5194 -33.7109 3.2
      vertex 42.5663 -33.6888 5
      vertex 42.5663 -33.6888 3.2
    endloop
  endfacet
  facet normal -0.426261 0.9046 0
    outer loop
      vertex 42.5194 -33.7109 3.2
      vertex 42.5194 -33.7109 5
      vertex 42.5663 -33.6888 5
    endloop
  endfacet
  facet normal -0.44646 0.894804 0
    outer loop
      vertex 42.4719 -33.7346 3.2
      vertex 42.5194 -33.7109 5
      vertex 42.5194 -33.7109 3.2
    endloop
  endfacet
  facet normal -0.44646 0.894804 0
    outer loop
      vertex 42.4719 -33.7346 3.2
      vertex 42.4719 -33.7346 5
      vertex 42.5194 -33.7109 5
    endloop
  endfacet
  facet normal -0.465594 0.884998 0
    outer loop
      vertex 42.424 -33.7598 3.2
      vertex 42.4719 -33.7346 5
      vertex 42.4719 -33.7346 3.2
    endloop
  endfacet
  facet normal -0.465594 0.884998 0
    outer loop
      vertex 42.424 -33.7598 3.2
      vertex 42.424 -33.7598 5
      vertex 42.4719 -33.7346 5
    endloop
  endfacet
  facet normal -0.483943 0.8751 0
    outer loop
      vertex 42.3759 -33.7864 3.2
      vertex 42.424 -33.7598 5
      vertex 42.424 -33.7598 3.2
    endloop
  endfacet
  facet normal -0.483943 0.8751 0
    outer loop
      vertex 42.3759 -33.7864 3.2
      vertex 42.3759 -33.7864 5
      vertex 42.424 -33.7598 5
    endloop
  endfacet
  facet normal -0.500398 0.865796 0
    outer loop
      vertex 42.3278 -33.8142 3.2
      vertex 42.3759 -33.7864 5
      vertex 42.3759 -33.7864 3.2
    endloop
  endfacet
  facet normal -0.500398 0.865796 0
    outer loop
      vertex 42.3278 -33.8142 3.2
      vertex 42.3278 -33.8142 5
      vertex 42.3759 -33.7864 5
    endloop
  endfacet
  facet normal -0.517389 0.85575 0
    outer loop
      vertex 42.28 -33.8431 3.2
      vertex 42.3278 -33.8142 5
      vertex 42.3278 -33.8142 3.2
    endloop
  endfacet
  facet normal -0.517389 0.85575 0
    outer loop
      vertex 42.28 -33.8431 3.2
      vertex 42.28 -33.8431 5
      vertex 42.3278 -33.8142 5
    endloop
  endfacet
  facet normal -0.536413 0.843956 0
    outer loop
      vertex 42.2328 -33.8731 3.2
      vertex 42.28 -33.8431 5
      vertex 42.28 -33.8431 3.2
    endloop
  endfacet
  facet normal -0.536413 0.843956 0
    outer loop
      vertex 42.2328 -33.8731 3.2
      vertex 42.2328 -33.8731 5
      vertex 42.28 -33.8431 5
    endloop
  endfacet
  facet normal -0.551391 0.834247 0
    outer loop
      vertex 42.1862 -33.9039 3.2
      vertex 42.2328 -33.8731 5
      vertex 42.2328 -33.8731 3.2
    endloop
  endfacet
  facet normal -0.551391 0.834247 0
    outer loop
      vertex 42.1862 -33.9039 3.2
      vertex 42.1862 -33.9039 5
      vertex 42.2328 -33.8731 5
    endloop
  endfacet
  facet normal -0.56921 0.822192 0
    outer loop
      vertex 42.1407 -33.9354 3.2
      vertex 42.1862 -33.9039 5
      vertex 42.1862 -33.9039 3.2
    endloop
  endfacet
  facet normal -0.56921 0.822192 0
    outer loop
      vertex 42.1407 -33.9354 3.2
      vertex 42.1407 -33.9354 5
      vertex 42.1862 -33.9039 5
    endloop
  endfacet
  facet normal -0.587087 0.809524 0
    outer loop
      vertex 42.0963 -33.9676 3.2
      vertex 42.1407 -33.9354 5
      vertex 42.1407 -33.9354 3.2
    endloop
  endfacet
  facet normal -0.587087 0.809524 0
    outer loop
      vertex 42.0963 -33.9676 3.2
      vertex 42.0963 -33.9676 5
      vertex 42.1407 -33.9354 5
    endloop
  endfacet
  facet normal -0.607105 0.794621 0
    outer loop
      vertex 42.0535 -34.0003 3.2
      vertex 42.0963 -33.9676 5
      vertex 42.0963 -33.9676 3.2
    endloop
  endfacet
  facet normal -0.607105 0.794621 0
    outer loop
      vertex 42.0535 -34.0003 3.2
      vertex 42.0535 -34.0003 5
      vertex 42.0963 -33.9676 5
    endloop
  endfacet
  facet normal -0.626309 0.779575 0
    outer loop
      vertex 42.0123 -34.0334 3.2
      vertex 42.0535 -34.0003 5
      vertex 42.0535 -34.0003 3.2
    endloop
  endfacet
  facet normal -0.626309 0.779575 0
    outer loop
      vertex 42.0123 -34.0334 3.2
      vertex 42.0123 -34.0334 5
      vertex 42.0535 -34.0003 5
    endloop
  endfacet
  facet normal -0.647592 0.761987 0
    outer loop
      vertex 41.973 -34.0668 3.2
      vertex 42.0123 -34.0334 5
      vertex 42.0123 -34.0334 3.2
    endloop
  endfacet
  facet normal -0.647592 0.761987 0
    outer loop
      vertex 41.973 -34.0668 3.2
      vertex 41.973 -34.0668 5
      vertex 42.0123 -34.0334 5
    endloop
  endfacet
  facet normal -0.67018 0.742199 0
    outer loop
      vertex 41.9359 -34.1003 3.2
      vertex 41.973 -34.0668 5
      vertex 41.973 -34.0668 3.2
    endloop
  endfacet
  facet normal -0.67018 0.742199 0
    outer loop
      vertex 41.9359 -34.1003 3.2
      vertex 41.9359 -34.1003 5
      vertex 41.973 -34.0668 5
    endloop
  endfacet
  facet normal -0.693522 0.720435 0
    outer loop
      vertex 41.9011 -34.1338 3.2
      vertex 41.9359 -34.1003 5
      vertex 41.9359 -34.1003 3.2
    endloop
  endfacet
  facet normal -0.693522 0.720435 0
    outer loop
      vertex 41.9011 -34.1338 3.2
      vertex 41.9011 -34.1338 5
      vertex 41.9359 -34.1003 5
    endloop
  endfacet
  facet normal -0.722078 0.691811 0
    outer loop
      vertex 41.8691 -34.1672 3.2
      vertex 41.9011 -34.1338 5
      vertex 41.9011 -34.1338 3.2
    endloop
  endfacet
  facet normal -0.722078 0.691811 0
    outer loop
      vertex 41.8691 -34.1672 3.2
      vertex 41.8691 -34.1672 5
      vertex 41.9011 -34.1338 5
    endloop
  endfacet
  facet normal -0.729537 0.683941 0
    outer loop
      vertex 41.8376 -34.2008 3.2
      vertex 41.8691 -34.1672 5
      vertex 41.8691 -34.1672 3.2
    endloop
  endfacet
  facet normal -0.729537 0.683941 0
    outer loop
      vertex 41.8376 -34.2008 3.2
      vertex 41.8376 -34.2008 5
      vertex 41.8691 -34.1672 5
    endloop
  endfacet
  facet normal -0.715524 0.698588 0
    outer loop
      vertex 41.8046 -34.2346 3.2
      vertex 41.8376 -34.2008 5
      vertex 41.8376 -34.2008 3.2
    endloop
  endfacet
  facet normal -0.715524 0.698588 0
    outer loop
      vertex 41.8046 -34.2346 3.2
      vertex 41.8046 -34.2346 5
      vertex 41.8376 -34.2008 5
    endloop
  endfacet
  facet normal -0.70503 0.709177 0
    outer loop
      vertex 41.7704 -34.2686 3.2
      vertex 41.8046 -34.2346 5
      vertex 41.8046 -34.2346 3.2
    endloop
  endfacet
  facet normal -0.70503 0.709177 0
    outer loop
      vertex 41.7704 -34.2686 3.2
      vertex 41.7704 -34.2686 5
      vertex 41.8046 -34.2346 5
    endloop
  endfacet
  facet normal -0.69372 0.720245 0
    outer loop
      vertex 41.7351 -34.3026 3.2
      vertex 41.7704 -34.2686 5
      vertex 41.7704 -34.2686 3.2
    endloop
  endfacet
  facet normal -0.69372 0.720245 0
    outer loop
      vertex 41.7351 -34.3026 3.2
      vertex 41.7351 -34.3026 5
      vertex 41.7704 -34.2686 5
    endloop
  endfacet
  facet normal -0.684545 0.72897 0
    outer loop
      vertex 41.699 -34.3365 3.2
      vertex 41.7351 -34.3026 5
      vertex 41.7351 -34.3026 3.2
    endloop
  endfacet
  facet normal -0.684545 0.72897 0
    outer loop
      vertex 41.699 -34.3365 3.2
      vertex 41.699 -34.3365 5
      vertex 41.7351 -34.3026 5
    endloop
  endfacet
  facet normal -0.673271 0.739396 0
    outer loop
      vertex 41.6621 -34.3701 3.2
      vertex 41.699 -34.3365 5
      vertex 41.699 -34.3365 3.2
    endloop
  endfacet
  facet normal -0.673271 0.739396 0
    outer loop
      vertex 41.6621 -34.3701 3.2
      vertex 41.6621 -34.3701 5
      vertex 41.699 -34.3365 5
    endloop
  endfacet
  facet normal -0.661754 0.749721 0
    outer loop
      vertex 41.6246 -34.4032 3.2
      vertex 41.6621 -34.3701 5
      vertex 41.6621 -34.3701 3.2
    endloop
  endfacet
  facet normal -0.661754 0.749721 0
    outer loop
      vertex 41.6246 -34.4032 3.2
      vertex 41.6246 -34.4032 5
      vertex 41.6621 -34.3701 5
    endloop
  endfacet
  facet normal -0.653098 0.757273 0
    outer loop
      vertex 41.5868 -34.4358 3.2
      vertex 41.6246 -34.4032 5
      vertex 41.6246 -34.4032 3.2
    endloop
  endfacet
  facet normal -0.653098 0.757273 0
    outer loop
      vertex 41.5868 -34.4358 3.2
      vertex 41.5868 -34.4358 5
      vertex 41.6246 -34.4032 5
    endloop
  endfacet
  facet normal -0.643949 0.765068 0
    outer loop
      vertex 41.5489 -34.4677 3.2
      vertex 41.5868 -34.4358 5
      vertex 41.5868 -34.4358 3.2
    endloop
  endfacet
  facet normal -0.643949 0.765068 0
    outer loop
      vertex 41.5489 -34.4677 3.2
      vertex 41.5489 -34.4677 5
      vertex 41.5868 -34.4358 5
    endloop
  endfacet
  facet normal -0.633349 0.773867 0
    outer loop
      vertex 41.5109 -34.4988 3.2
      vertex 41.5489 -34.4677 5
      vertex 41.5489 -34.4677 3.2
    endloop
  endfacet
  facet normal -0.633349 0.773867 0
    outer loop
      vertex 41.5109 -34.4988 3.2
      vertex 41.5109 -34.4988 5
      vertex 41.5489 -34.4677 5
    endloop
  endfacet
  facet normal -0.622668 0.782486 0
    outer loop
      vertex 41.4732 -34.5288 3.2
      vertex 41.5109 -34.4988 5
      vertex 41.5109 -34.4988 3.2
    endloop
  endfacet
  facet normal -0.622668 0.782486 0
    outer loop
      vertex 41.4732 -34.5288 3.2
      vertex 41.4732 -34.5288 5
      vertex 41.5109 -34.4988 5
    endloop
  endfacet
  facet normal -0.612472 0.790492 0
    outer loop
      vertex 41.4359 -34.5577 3.2
      vertex 41.4732 -34.5288 5
      vertex 41.4732 -34.5288 3.2
    endloop
  endfacet
  facet normal -0.612472 0.790492 0
    outer loop
      vertex 41.4359 -34.5577 3.2
      vertex 41.4359 -34.5577 5
      vertex 41.4732 -34.5288 5
    endloop
  endfacet
  facet normal -0.6 0.8 0
    outer loop
      vertex 41.3991 -34.5853 3.2
      vertex 41.4359 -34.5577 5
      vertex 41.4359 -34.5577 3.2
    endloop
  endfacet
  facet normal -0.6 0.8 0
    outer loop
      vertex 41.3991 -34.5853 3.2
      vertex 41.3991 -34.5853 5
      vertex 41.4359 -34.5577 5
    endloop
  endfacet
  facet normal -0.588439 0.808542 0
    outer loop
      vertex 41.3631 -34.6115 3.2
      vertex 41.3991 -34.5853 5
      vertex 41.3991 -34.5853 3.2
    endloop
  endfacet
  facet normal -0.588439 0.808542 0
    outer loop
      vertex 41.3631 -34.6115 3.2
      vertex 41.3631 -34.6115 5
      vertex 41.3991 -34.5853 5
    endloop
  endfacet
  facet normal -0.572364 0.819999 0
    outer loop
      vertex 41.328 -34.636 3.2
      vertex 41.3631 -34.6115 5
      vertex 41.3631 -34.6115 3.2
    endloop
  endfacet
  facet normal -0.572364 0.819999 0
    outer loop
      vertex 41.328 -34.636 3.2
      vertex 41.328 -34.636 5
      vertex 41.3631 -34.6115 5
    endloop
  endfacet
  facet normal -0.559767 0.82865 0
    outer loop
      vertex 41.2941 -34.6589 3.2
      vertex 41.328 -34.636 5
      vertex 41.328 -34.636 3.2
    endloop
  endfacet
  facet normal -0.559767 0.82865 0
    outer loop
      vertex 41.2941 -34.6589 3.2
      vertex 41.2941 -34.6589 5
      vertex 41.328 -34.636 5
    endloop
  endfacet
  facet normal -0.541539 0.840675 0
    outer loop
      vertex 41.2615 -34.6799 3.2
      vertex 41.2941 -34.6589 5
      vertex 41.2941 -34.6589 3.2
    endloop
  endfacet
  facet normal -0.541539 0.840675 0
    outer loop
      vertex 41.2615 -34.6799 3.2
      vertex 41.2615 -34.6799 5
      vertex 41.2941 -34.6589 5
    endloop
  endfacet
  facet normal -0.520121 0.854093 0
    outer loop
      vertex 41.2303 -34.6989 3.2
      vertex 41.2615 -34.6799 5
      vertex 41.2615 -34.6799 3.2
    endloop
  endfacet
  facet normal -0.520121 0.854093 0
    outer loop
      vertex 41.2303 -34.6989 3.2
      vertex 41.2303 -34.6989 5
      vertex 41.2615 -34.6799 5
    endloop
  endfacet
  facet normal -0.496139 0.868243 0
    outer loop
      vertex 41.2009 -34.7157 3.2
      vertex 41.2303 -34.6989 5
      vertex 41.2303 -34.6989 3.2
    endloop
  endfacet
  facet normal -0.496139 0.868243 0
    outer loop
      vertex 41.2009 -34.7157 3.2
      vertex 41.2009 -34.7157 5
      vertex 41.2303 -34.6989 5
    endloop
  endfacet
  facet normal -0.467593 0.883944 0
    outer loop
      vertex 41.1733 -34.7303 3.2
      vertex 41.2009 -34.7157 5
      vertex 41.2009 -34.7157 3.2
    endloop
  endfacet
  facet normal -0.467593 0.883944 0
    outer loop
      vertex 41.1733 -34.7303 3.2
      vertex 41.1733 -34.7303 5
      vertex 41.2009 -34.7157 5
    endloop
  endfacet
  facet normal -0.520759 0.853704 0
    outer loop
      vertex 41.1433 -34.7486 3.2
      vertex 41.1733 -34.7303 5
      vertex 41.1733 -34.7303 3.2
    endloop
  endfacet
  facet normal -0.520759 0.853704 0
    outer loop
      vertex 41.1433 -34.7486 3.2
      vertex 41.1433 -34.7486 5
      vertex 41.1733 -34.7303 5
    endloop
  endfacet
  facet normal -0.562707 0.826657 0
    outer loop
      vertex 41.1148 -34.768 3.2
      vertex 41.1433 -34.7486 5
      vertex 41.1433 -34.7486 3.2
    endloop
  endfacet
  facet normal -0.562707 0.826657 0
    outer loop
      vertex 41.1148 -34.768 3.2
      vertex 41.1148 -34.768 5
      vertex 41.1433 -34.7486 5
    endloop
  endfacet
  facet normal -0.603291 0.797521 0
    outer loop
      vertex 41.0877 -34.7885 3.2
      vertex 41.1148 -34.768 5
      vertex 41.1148 -34.768 3.2
    endloop
  endfacet
  facet normal -0.603291 0.797521 0
    outer loop
      vertex 41.0877 -34.7885 3.2
      vertex 41.0877 -34.7885 5
      vertex 41.1148 -34.768 5
    endloop
  endfacet
  facet normal -0.641363 0.767238 0
    outer loop
      vertex 41.0621 -34.8099 3.2
      vertex 41.0877 -34.7885 5
      vertex 41.0877 -34.7885 3.2
    endloop
  endfacet
  facet normal -0.641363 0.767238 0
    outer loop
      vertex 41.0621 -34.8099 3.2
      vertex 41.0621 -34.8099 5
      vertex 41.0877 -34.7885 5
    endloop
  endfacet
  facet normal -0.680915 0.732362 0
    outer loop
      vertex 41.0379 -34.8324 3.2
      vertex 41.0621 -34.8099 5
      vertex 41.0621 -34.8099 3.2
    endloop
  endfacet
  facet normal -0.680915 0.732362 0
    outer loop
      vertex 41.0379 -34.8324 3.2
      vertex 41.0379 -34.8324 5
      vertex 41.0621 -34.8099 5
    endloop
  endfacet
  facet normal -0.719296 0.694704 0
    outer loop
      vertex 41.0153 -34.8558 3.2
      vertex 41.0379 -34.8324 5
      vertex 41.0379 -34.8324 3.2
    endloop
  endfacet
  facet normal -0.719296 0.694704 0
    outer loop
      vertex 41.0153 -34.8558 3.2
      vertex 41.0153 -34.8558 5
      vertex 41.0379 -34.8324 5
    endloop
  endfacet
  facet normal -0.753536 0.657406 0
    outer loop
      vertex 40.9941 -34.8801 3.2
      vertex 41.0153 -34.8558 5
      vertex 41.0153 -34.8558 3.2
    endloop
  endfacet
  facet normal -0.753536 0.657406 0
    outer loop
      vertex 40.9941 -34.8801 3.2
      vertex 40.9941 -34.8801 5
      vertex 41.0153 -34.8558 5
    endloop
  endfacet
  facet normal -0.786644 0.617406 0
    outer loop
      vertex 40.9744 -34.9052 3.2
      vertex 40.9941 -34.8801 5
      vertex 40.9941 -34.8801 3.2
    endloop
  endfacet
  facet normal -0.786644 0.617406 0
    outer loop
      vertex 40.9744 -34.9052 3.2
      vertex 40.9744 -34.9052 5
      vertex 40.9941 -34.8801 5
    endloop
  endfacet
  facet normal -0.820712 0.571342 0
    outer loop
      vertex 40.9563 -34.9312 3.2
      vertex 40.9744 -34.9052 5
      vertex 40.9744 -34.9052 3.2
    endloop
  endfacet
  facet normal -0.820712 0.571342 0
    outer loop
      vertex 40.9563 -34.9312 3.2
      vertex 40.9563 -34.9312 5
      vertex 40.9744 -34.9052 5
    endloop
  endfacet
  facet normal -0.851006 0.525156 0
    outer loop
      vertex 40.9397 -34.9581 3.2
      vertex 40.9563 -34.9312 5
      vertex 40.9563 -34.9312 3.2
    endloop
  endfacet
  facet normal -0.851006 0.525156 0
    outer loop
      vertex 40.9397 -34.9581 3.2
      vertex 40.9397 -34.9581 5
      vertex 40.9563 -34.9312 5
    endloop
  endfacet
  facet normal -0.877287 0.479965 0
    outer loop
      vertex 40.9246 -34.9857 3.2
      vertex 40.9397 -34.9581 5
      vertex 40.9397 -34.9581 3.2
    endloop
  endfacet
  facet normal -0.877287 0.479965 0
    outer loop
      vertex 40.9246 -34.9857 3.2
      vertex 40.9246 -34.9857 5
      vertex 40.9397 -34.9581 5
    endloop
  endfacet
  facet normal -0.901324 0.433145 0
    outer loop
      vertex 40.911 -35.014 3.2
      vertex 40.9246 -34.9857 5
      vertex 40.9246 -34.9857 3.2
    endloop
  endfacet
  facet normal -0.901324 0.433145 0
    outer loop
      vertex 40.911 -35.014 3.2
      vertex 40.911 -35.014 5
      vertex 40.9246 -34.9857 5
    endloop
  endfacet
  facet normal -0.924481 0.381229 0
    outer loop
      vertex 40.899 -35.0431 3.2
      vertex 40.911 -35.014 5
      vertex 40.911 -35.014 3.2
    endloop
  endfacet
  facet normal -0.924481 0.381229 0
    outer loop
      vertex 40.899 -35.0431 3.2
      vertex 40.899 -35.0431 5
      vertex 40.911 -35.014 5
    endloop
  endfacet
  facet normal -0.943809 0.330492 0
    outer loop
      vertex 40.8886 -35.0728 3.2
      vertex 40.899 -35.0431 5
      vertex 40.899 -35.0431 3.2
    endloop
  endfacet
  facet normal -0.943809 0.330492 0
    outer loop
      vertex 40.8886 -35.0728 3.2
      vertex 40.8886 -35.0728 5
      vertex 40.899 -35.0431 5
    endloop
  endfacet
  facet normal -0.960564 0.278058 0
    outer loop
      vertex 40.8798 -35.1032 3.2
      vertex 40.8886 -35.0728 5
      vertex 40.8886 -35.0728 3.2
    endloop
  endfacet
  facet normal -0.960564 0.278058 0
    outer loop
      vertex 40.8798 -35.1032 3.2
      vertex 40.8798 -35.1032 5
      vertex 40.8886 -35.0728 5
    endloop
  endfacet
  facet normal -0.973376 0.229214 0
    outer loop
      vertex 40.8725 -35.1342 3.2
      vertex 40.8798 -35.1032 5
      vertex 40.8798 -35.1032 3.2
    endloop
  endfacet
  facet normal -0.973376 0.229214 0
    outer loop
      vertex 40.8725 -35.1342 3.2
      vertex 40.8725 -35.1342 5
      vertex 40.8798 -35.1032 5
    endloop
  endfacet
  facet normal -0.984118 0.177515 0
    outer loop
      vertex 40.8668 -35.1658 3.2
      vertex 40.8725 -35.1342 5
      vertex 40.8725 -35.1342 3.2
    endloop
  endfacet
  facet normal -0.984118 0.177515 0
    outer loop
      vertex 40.8668 -35.1658 3.2
      vertex 40.8668 -35.1658 5
      vertex 40.8725 -35.1342 5
    endloop
  endfacet
  facet normal -0.992325 0.123654 0
    outer loop
      vertex 40.8628 -35.1979 3.2
      vertex 40.8668 -35.1658 5
      vertex 40.8668 -35.1658 3.2
    endloop
  endfacet
  facet normal -0.992325 0.123654 0
    outer loop
      vertex 40.8628 -35.1979 3.2
      vertex 40.8628 -35.1979 5
      vertex 40.8668 -35.1658 5
    endloop
  endfacet
  facet normal -0.99709 0.0762301 0
    outer loop
      vertex 40.8603 -35.2306 3.2
      vertex 40.8628 -35.1979 5
      vertex 40.8628 -35.1979 3.2
    endloop
  endfacet
  facet normal -0.99709 0.0762301 0
    outer loop
      vertex 40.8603 -35.2306 3.2
      vertex 40.8603 -35.2306 5
      vertex 40.8628 -35.1979 5
    endloop
  endfacet
  facet normal -0.999708 0.0241621 0
    outer loop
      vertex 40.8595 -35.2637 3.2
      vertex 40.8603 -35.2306 5
      vertex 40.8603 -35.2306 3.2
    endloop
  endfacet
  facet normal -0.999708 0.0241621 0
    outer loop
      vertex 40.8595 -35.2637 3.2
      vertex 40.8595 -35.2637 5
      vertex 40.8603 -35.2306 5
    endloop
  endfacet
  facet normal -0.999867 0.0163295 0
    outer loop
      vertex 40.8582 -35.3433 3.2
      vertex 40.8595 -35.2637 5
      vertex 40.8595 -35.2637 3.2
    endloop
  endfacet
  facet normal -0.999867 0.0163295 0
    outer loop
      vertex 40.8582 -35.3433 3.2
      vertex 40.8582 -35.3433 5
      vertex 40.8595 -35.2637 5
    endloop
  endfacet
  facet normal -0.998497 0.0548037 0
    outer loop
      vertex 40.8541 -35.418 3.2
      vertex 40.8582 -35.3433 5
      vertex 40.8582 -35.3433 3.2
    endloop
  endfacet
  facet normal -0.998497 0.0548037 0
    outer loop
      vertex 40.8541 -35.418 3.2
      vertex 40.8541 -35.418 5
      vertex 40.8582 -35.3433 5
    endloop
  endfacet
  facet normal -0.994781 0.102029 0
    outer loop
      vertex 40.8469 -35.4882 3.2
      vertex 40.8541 -35.418 5
      vertex 40.8541 -35.418 3.2
    endloop
  endfacet
  facet normal -0.994781 0.102029 0
    outer loop
      vertex 40.8469 -35.4882 3.2
      vertex 40.8469 -35.4882 5
      vertex 40.8541 -35.418 5
    endloop
  endfacet
  facet normal -0.987347 0.158574 0
    outer loop
      vertex 40.8363 -35.5542 3.2
      vertex 40.8469 -35.4882 5
      vertex 40.8469 -35.4882 3.2
    endloop
  endfacet
  facet normal -0.987347 0.158574 0
    outer loop
      vertex 40.8363 -35.5542 3.2
      vertex 40.8363 -35.5542 5
      vertex 40.8469 -35.4882 5
    endloop
  endfacet
  facet normal -0.973968 0.226686 0
    outer loop
      vertex 40.8218 -35.6165 3.2
      vertex 40.8363 -35.5542 5
      vertex 40.8363 -35.5542 3.2
    endloop
  endfacet
  facet normal -0.973968 0.226686 0
    outer loop
      vertex 40.8218 -35.6165 3.2
      vertex 40.8218 -35.6165 5
      vertex 40.8363 -35.5542 5
    endloop
  endfacet
  facet normal -0.953729 0.300667 0
    outer loop
      vertex 40.8032 -35.6755 3.2
      vertex 40.8218 -35.6165 5
      vertex 40.8218 -35.6165 3.2
    endloop
  endfacet
  facet normal -0.953729 0.300667 0
    outer loop
      vertex 40.8032 -35.6755 3.2
      vertex 40.8032 -35.6755 5
      vertex 40.8218 -35.6165 5
    endloop
  endfacet
  facet normal -0.923856 0.38274 0
    outer loop
      vertex 40.78 -35.7315 3.2
      vertex 40.8032 -35.6755 5
      vertex 40.8032 -35.6755 3.2
    endloop
  endfacet
  facet normal -0.923856 0.38274 0
    outer loop
      vertex 40.78 -35.7315 3.2
      vertex 40.78 -35.7315 5
      vertex 40.8032 -35.6755 5
    endloop
  endfacet
  facet normal -0.886673 0.462396 0
    outer loop
      vertex 40.7521 -35.785 3.2
      vertex 40.78 -35.7315 5
      vertex 40.78 -35.7315 3.2
    endloop
  endfacet
  facet normal -0.886673 0.462396 0
    outer loop
      vertex 40.7521 -35.785 3.2
      vertex 40.7521 -35.785 5
      vertex 40.78 -35.7315 5
    endloop
  endfacet
  facet normal -0.840273 0.542164 0
    outer loop
      vertex 40.719 -35.8363 3.2
      vertex 40.7521 -35.785 5
      vertex 40.7521 -35.785 3.2
    endloop
  endfacet
  facet normal -0.840273 0.542164 0
    outer loop
      vertex 40.719 -35.8363 3.2
      vertex 40.719 -35.8363 5
      vertex 40.7521 -35.785 5
    endloop
  endfacet
  facet normal -0.79055 0.612398 0
    outer loop
      vertex 40.6805 -35.886 3.2
      vertex 40.719 -35.8363 5
      vertex 40.719 -35.8363 3.2
    endloop
  endfacet
  facet normal -0.79055 0.612398 0
    outer loop
      vertex 40.6805 -35.886 3.2
      vertex 40.6805 -35.886 5
      vertex 40.719 -35.8363 5
    endloop
  endfacet
  facet normal -0.735445 0.677584 0
    outer loop
      vertex 40.636 -35.9343 3.2
      vertex 40.6805 -35.886 5
      vertex 40.6805 -35.886 3.2
    endloop
  endfacet
  facet normal -0.735445 0.677584 0
    outer loop
      vertex 40.636 -35.9343 3.2
      vertex 40.636 -35.9343 5
      vertex 40.6805 -35.886 5
    endloop
  endfacet
  facet normal -0.683605 0.729853 0
    outer loop
      vertex 40.5855 -35.9816 3.2
      vertex 40.636 -35.9343 5
      vertex 40.636 -35.9343 3.2
    endloop
  endfacet
  facet normal -0.683605 0.729853 0
    outer loop
      vertex 40.5855 -35.9816 3.2
      vertex 40.5855 -35.9816 5
      vertex 40.636 -35.9343 5
    endloop
  endfacet
  facet normal -0.634711 0.77275 0
    outer loop
      vertex 40.5284 -36.0285 3.2
      vertex 40.5855 -35.9816 5
      vertex 40.5855 -35.9816 3.2
    endloop
  endfacet
  facet normal -0.634711 0.77275 0
    outer loop
      vertex 40.5284 -36.0285 3.2
      vertex 40.5284 -36.0285 5
      vertex 40.5855 -35.9816 5
    endloop
  endfacet
  facet normal -0.588622 0.808408 0
    outer loop
      vertex 40.4644 -36.0751 3.2
      vertex 40.5284 -36.0285 5
      vertex 40.5284 -36.0285 3.2
    endloop
  endfacet
  facet normal -0.588622 0.808408 0
    outer loop
      vertex 40.4644 -36.0751 3.2
      vertex 40.4644 -36.0751 5
      vertex 40.5284 -36.0285 5
    endloop
  endfacet
  facet normal -0.551447 0.83421 0
    outer loop
      vertex 40.3933 -36.1221 3.2
      vertex 40.4644 -36.0751 5
      vertex 40.4644 -36.0751 3.2
    endloop
  endfacet
  facet normal -0.551447 0.83421 0
    outer loop
      vertex 40.3933 -36.1221 3.2
      vertex 40.3933 -36.1221 5
      vertex 40.4644 -36.0751 5
    endloop
  endfacet
  facet normal -0.518012 0.855373 0
    outer loop
      vertex 40.3147 -36.1697 3.2
      vertex 40.3933 -36.1221 5
      vertex 40.3933 -36.1221 3.2
    endloop
  endfacet
  facet normal -0.518012 0.855373 0
    outer loop
      vertex 40.3147 -36.1697 3.2
      vertex 40.3147 -36.1697 5
      vertex 40.3933 -36.1221 5
    endloop
  endfacet
  facet normal -0.490596 0.871387 0
    outer loop
      vertex 40.2282 -36.2184 3.2
      vertex 40.3147 -36.1697 5
      vertex 40.3147 -36.1697 3.2
    endloop
  endfacet
  facet normal -0.490596 0.871387 0
    outer loop
      vertex 40.2282 -36.2184 3.2
      vertex 40.2282 -36.2184 5
      vertex 40.3147 -36.1697 5
    endloop
  endfacet
  facet normal -0.468359 0.883538 0
    outer loop
      vertex 40.1335 -36.2686 3.2
      vertex 40.2282 -36.2184 5
      vertex 40.2282 -36.2184 3.2
    endloop
  endfacet
  facet normal -0.468359 0.883538 0
    outer loop
      vertex 40.1335 -36.2686 3.2
      vertex 40.1335 -36.2686 5
      vertex 40.2282 -36.2184 5
    endloop
  endfacet
  facet normal -0.449981 0.893038 0
    outer loop
      vertex 40.0303 -36.3206 3.2
      vertex 40.1335 -36.2686 5
      vertex 40.1335 -36.2686 3.2
    endloop
  endfacet
  facet normal -0.449981 0.893038 0
    outer loop
      vertex 40.0303 -36.3206 3.2
      vertex 40.0303 -36.3206 5
      vertex 40.1335 -36.2686 5
    endloop
  endfacet
  facet normal -0.435939 0.899976 0
    outer loop
      vertex 39.9182 -36.3749 3.2
      vertex 40.0303 -36.3206 5
      vertex 40.0303 -36.3206 3.2
    endloop
  endfacet
  facet normal -0.435939 0.899976 0
    outer loop
      vertex 39.9182 -36.3749 3.2
      vertex 39.9182 -36.3749 5
      vertex 40.0303 -36.3206 5
    endloop
  endfacet
  facet normal -0.446872 0.894598 0
    outer loop
      vertex 39.8133 -36.4273 3.2
      vertex 39.9182 -36.3749 5
      vertex 39.9182 -36.3749 3.2
    endloop
  endfacet
  facet normal -0.446872 0.894598 0
    outer loop
      vertex 39.8133 -36.4273 3.2
      vertex 39.8133 -36.4273 5
      vertex 39.9182 -36.3749 5
    endloop
  endfacet
  facet normal -0.473945 0.880554 0
    outer loop
      vertex 39.7113 -36.4822 3.2
      vertex 39.8133 -36.4273 5
      vertex 39.8133 -36.4273 3.2
    endloop
  endfacet
  facet normal -0.473945 0.880554 0
    outer loop
      vertex 39.7113 -36.4822 3.2
      vertex 39.7113 -36.4822 5
      vertex 39.8133 -36.4273 5
    endloop
  endfacet
  facet normal -0.501862 0.864948 0
    outer loop
      vertex 39.6122 -36.5397 3.2
      vertex 39.7113 -36.4822 5
      vertex 39.7113 -36.4822 3.2
    endloop
  endfacet
  facet normal -0.501862 0.864948 0
    outer loop
      vertex 39.6122 -36.5397 3.2
      vertex 39.6122 -36.5397 5
      vertex 39.7113 -36.4822 5
    endloop
  endfacet
  facet normal -0.530078 0.847949 0
    outer loop
      vertex 39.5159 -36.5999 3.2
      vertex 39.6122 -36.5397 5
      vertex 39.6122 -36.5397 3.2
    endloop
  endfacet
  facet normal -0.530078 0.847949 0
    outer loop
      vertex 39.5159 -36.5999 3.2
      vertex 39.5159 -36.5999 5
      vertex 39.6122 -36.5397 5
    endloop
  endfacet
  facet normal -0.557556 0.830139 0
    outer loop
      vertex 39.4221 -36.6629 3.2
      vertex 39.5159 -36.5999 5
      vertex 39.5159 -36.5999 3.2
    endloop
  endfacet
  facet normal -0.557556 0.830139 0
    outer loop
      vertex 39.4221 -36.6629 3.2
      vertex 39.4221 -36.6629 5
      vertex 39.5159 -36.5999 5
    endloop
  endfacet
  facet normal -0.585685 0.810539 0
    outer loop
      vertex 39.3309 -36.7288 3.2
      vertex 39.4221 -36.6629 5
      vertex 39.4221 -36.6629 3.2
    endloop
  endfacet
  facet normal -0.585685 0.810539 0
    outer loop
      vertex 39.3309 -36.7288 3.2
      vertex 39.3309 -36.7288 5
      vertex 39.4221 -36.6629 5
    endloop
  endfacet
  facet normal -0.613016 0.79007 0
    outer loop
      vertex 39.2421 -36.7977 3.2
      vertex 39.3309 -36.7288 5
      vertex 39.3309 -36.7288 3.2
    endloop
  endfacet
  facet normal -0.613016 0.79007 0
    outer loop
      vertex 39.2421 -36.7977 3.2
      vertex 39.2421 -36.7977 5
      vertex 39.3309 -36.7288 5
    endloop
  endfacet
  facet normal -0.639311 0.768949 0
    outer loop
      vertex 39.1555 -36.8697 3.2
      vertex 39.2421 -36.7977 5
      vertex 39.2421 -36.7977 3.2
    endloop
  endfacet
  facet normal -0.639311 0.768949 0
    outer loop
      vertex 39.1555 -36.8697 3.2
      vertex 39.1555 -36.8697 5
      vertex 39.2421 -36.7977 5
    endloop
  endfacet
  facet normal -0.664748 0.747067 0
    outer loop
      vertex 39.0711 -36.9448 3.2
      vertex 39.1555 -36.8697 5
      vertex 39.1555 -36.8697 3.2
    endloop
  endfacet
  facet normal -0.664748 0.747067 0
    outer loop
      vertex 39.0711 -36.9448 3.2
      vertex 39.0711 -36.9448 5
      vertex 39.1555 -36.8697 5
    endloop
  endfacet
  facet normal -0.689281 0.724494 0
    outer loop
      vertex 38.9888 -37.0231 3.2
      vertex 39.0711 -36.9448 5
      vertex 39.0711 -36.9448 3.2
    endloop
  endfacet
  facet normal -0.689281 0.724494 0
    outer loop
      vertex 38.9888 -37.0231 3.2
      vertex 38.9888 -37.0231 5
      vertex 39.0711 -36.9448 5
    endloop
  endfacet
  facet normal -0.712755 0.701413 0
    outer loop
      vertex 38.9084 -37.1048 3.2
      vertex 38.9888 -37.0231 5
      vertex 38.9888 -37.0231 3.2
    endloop
  endfacet
  facet normal -0.712755 0.701413 0
    outer loop
      vertex 38.9084 -37.1048 3.2
      vertex 38.9084 -37.1048 5
      vertex 38.9888 -37.0231 5
    endloop
  endfacet
  facet normal -0.735002 0.678065 0
    outer loop
      vertex 38.8298 -37.19 3.2
      vertex 38.9084 -37.1048 5
      vertex 38.9084 -37.1048 3.2
    endloop
  endfacet
  facet normal -0.735002 0.678065 0
    outer loop
      vertex 38.8298 -37.19 3.2
      vertex 38.8298 -37.19 5
      vertex 38.9084 -37.1048 5
    endloop
  endfacet
  facet normal -0.755633 0.654995 0
    outer loop
      vertex 38.753 -37.2786 3.2
      vertex 38.8298 -37.19 5
      vertex 38.8298 -37.19 3.2
    endloop
  endfacet
  facet normal -0.755633 0.654995 0
    outer loop
      vertex 38.753 -37.2786 3.2
      vertex 38.753 -37.2786 5
      vertex 38.8298 -37.19 5
    endloop
  endfacet
  facet normal -0.77493 0.632047 0
    outer loop
      vertex 38.6778 -37.3708 3.2
      vertex 38.753 -37.2786 5
      vertex 38.753 -37.2786 3.2
    endloop
  endfacet
  facet normal -0.77493 0.632047 0
    outer loop
      vertex 38.6778 -37.3708 3.2
      vertex 38.6778 -37.3708 5
      vertex 38.753 -37.2786 5
    endloop
  endfacet
  facet normal -0.792501 0.60987 0
    outer loop
      vertex 38.604 -37.4667 3.2
      vertex 38.6778 -37.3708 5
      vertex 38.6778 -37.3708 3.2
    endloop
  endfacet
  facet normal -0.792501 0.60987 0
    outer loop
      vertex 38.604 -37.4667 3.2
      vertex 38.604 -37.4667 5
      vertex 38.6778 -37.3708 5
    endloop
  endfacet
  facet normal -0.809543 0.587061 0
    outer loop
      vertex 38.5317 -37.5664 3.2
      vertex 38.604 -37.4667 5
      vertex 38.604 -37.4667 3.2
    endloop
  endfacet
  facet normal -0.809543 0.587061 0
    outer loop
      vertex 38.5317 -37.5664 3.2
      vertex 38.5317 -37.5664 5
      vertex 38.604 -37.4667 5
    endloop
  endfacet
  facet normal -0.824506 0.565853 0
    outer loop
      vertex 38.4606 -37.67 3.2
      vertex 38.5317 -37.5664 5
      vertex 38.5317 -37.5664 3.2
    endloop
  endfacet
  facet normal -0.824506 0.565853 0
    outer loop
      vertex 38.4606 -37.67 3.2
      vertex 38.4606 -37.67 5
      vertex 38.5317 -37.5664 5
    endloop
  endfacet
  facet normal -0.837998 0.545673 0
    outer loop
      vertex 38.3906 -37.7775 3.2
      vertex 38.4606 -37.67 5
      vertex 38.4606 -37.67 3.2
    endloop
  endfacet
  facet normal -0.837998 0.545673 0
    outer loop
      vertex 38.3906 -37.7775 3.2
      vertex 38.3906 -37.7775 5
      vertex 38.4606 -37.67 5
    endloop
  endfacet
  facet normal -0.850898 0.525331 0
    outer loop
      vertex 38.3217 -37.8891 3.2
      vertex 38.3906 -37.7775 5
      vertex 38.3906 -37.7775 3.2
    endloop
  endfacet
  facet normal -0.850898 0.525331 0
    outer loop
      vertex 38.3217 -37.8891 3.2
      vertex 38.3217 -37.8891 5
      vertex 38.3906 -37.7775 5
    endloop
  endfacet
  facet normal -0.862451 0.50614 0
    outer loop
      vertex 38.2538 -38.0048 3.2
      vertex 38.3217 -37.8891 5
      vertex 38.3217 -37.8891 3.2
    endloop
  endfacet
  facet normal -0.862451 0.50614 0
    outer loop
      vertex 38.2538 -38.0048 3.2
      vertex 38.2538 -38.0048 5
      vertex 38.3217 -37.8891 5
    endloop
  endfacet
  facet normal -0.864925 0.5019 0
    outer loop
      vertex 38.2332 -38.0403 3.2
      vertex 38.2538 -38.0048 5
      vertex 38.2538 -38.0048 3.2
    endloop
  endfacet
  facet normal -0.864925 0.5019 0
    outer loop
      vertex 38.2332 -38.0403 3.2
      vertex 38.2332 -38.0403 5
      vertex 38.2538 -38.0048 5
    endloop
  endfacet
  facet normal -0.86431 0.50296 0
    outer loop
      vertex 38.2126 -38.0757 3.2
      vertex 38.2332 -38.0403 5
      vertex 38.2332 -38.0403 3.2
    endloop
  endfacet
  facet normal -0.86431 0.50296 0
    outer loop
      vertex 38.2126 -38.0757 3.2
      vertex 38.2126 -38.0757 5
      vertex 38.2332 -38.0403 5
    endloop
  endfacet
  facet normal -0.860292 0.509802 0
    outer loop
      vertex 38.1918 -38.1108 3.2
      vertex 38.2126 -38.0757 5
      vertex 38.2126 -38.0757 3.2
    endloop
  endfacet
  facet normal -0.860292 0.509802 0
    outer loop
      vertex 38.1918 -38.1108 3.2
      vertex 38.1918 -38.1108 5
      vertex 38.2126 -38.0757 5
    endloop
  endfacet
  facet normal -0.859889 0.510481 0
    outer loop
      vertex 38.1712 -38.1455 3.2
      vertex 38.1918 -38.1108 5
      vertex 38.1918 -38.1108 3.2
    endloop
  endfacet
  facet normal -0.859889 0.510481 0
    outer loop
      vertex 38.1712 -38.1455 3.2
      vertex 38.1712 -38.1455 5
      vertex 38.1918 -38.1108 5
    endloop
  endfacet
  facet normal -0.855265 0.51819 0
    outer loop
      vertex 38.1506 -38.1795 3.2
      vertex 38.1712 -38.1455 5
      vertex 38.1712 -38.1455 3.2
    endloop
  endfacet
  facet normal -0.855265 0.51819 0
    outer loop
      vertex 38.1506 -38.1795 3.2
      vertex 38.1506 -38.1795 5
      vertex 38.1712 -38.1455 5
    endloop
  endfacet
  facet normal -0.854544 0.519379 0
    outer loop
      vertex 38.1303 -38.2129 3.2
      vertex 38.1506 -38.1795 5
      vertex 38.1506 -38.1795 3.2
    endloop
  endfacet
  facet normal -0.854544 0.519379 0
    outer loop
      vertex 38.1303 -38.2129 3.2
      vertex 38.1303 -38.2129 5
      vertex 38.1506 -38.1795 5
    endloop
  endfacet
  facet normal -0.850488 0.525994 0
    outer loop
      vertex 38.1102 -38.2454 3.2
      vertex 38.1303 -38.2129 5
      vertex 38.1303 -38.2129 3.2
    endloop
  endfacet
  facet normal -0.850488 0.525994 0
    outer loop
      vertex 38.1102 -38.2454 3.2
      vertex 38.1102 -38.2454 5
      vertex 38.1303 -38.2129 5
    endloop
  endfacet
  facet normal -0.847847 0.530241 0
    outer loop
      vertex 38.0905 -38.2769 3.2
      vertex 38.1102 -38.2454 5
      vertex 38.1102 -38.2454 3.2
    endloop
  endfacet
  facet normal -0.847847 0.530241 0
    outer loop
      vertex 38.0905 -38.2769 3.2
      vertex 38.0905 -38.2769 5
      vertex 38.1102 -38.2454 5
    endloop
  endfacet
  facet normal -0.844693 0.535251 0
    outer loop
      vertex 38.0713 -38.3072 3.2
      vertex 38.0905 -38.2769 5
      vertex 38.0905 -38.2769 3.2
    endloop
  endfacet
  facet normal -0.844693 0.535251 0
    outer loop
      vertex 38.0713 -38.3072 3.2
      vertex 38.0713 -38.3072 5
      vertex 38.0905 -38.2769 5
    endloop
  endfacet
  facet normal -0.841272 0.540611 0
    outer loop
      vertex 38.0526 -38.3363 3.2
      vertex 38.0713 -38.3072 5
      vertex 38.0713 -38.3072 3.2
    endloop
  endfacet
  facet normal -0.841272 0.540611 0
    outer loop
      vertex 38.0526 -38.3363 3.2
      vertex 38.0526 -38.3363 5
      vertex 38.0713 -38.3072 5
    endloop
  endfacet
  facet normal -0.836222 0.548392 0
    outer loop
      vertex 38.0345 -38.3639 3.2
      vertex 38.0526 -38.3363 5
      vertex 38.0526 -38.3363 3.2
    endloop
  endfacet
  facet normal -0.836222 0.548392 0
    outer loop
      vertex 38.0345 -38.3639 3.2
      vertex 38.0345 -38.3639 5
      vertex 38.0526 -38.3363 5
    endloop
  endfacet
  facet normal -0.831065 0.556175 0
    outer loop
      vertex 38.0171 -38.3899 3.2
      vertex 38.0345 -38.3639 5
      vertex 38.0345 -38.3639 3.2
    endloop
  endfacet
  facet normal -0.831065 0.556175 0
    outer loop
      vertex 38.0171 -38.3899 3.2
      vertex 38.0171 -38.3899 5
      vertex 38.0345 -38.3639 5
    endloop
  endfacet
  facet normal -0.823048 0.567971 0
    outer loop
      vertex 38.0004 -38.4141 3.2
      vertex 38.0171 -38.3899 5
      vertex 38.0171 -38.3899 3.2
    endloop
  endfacet
  facet normal -0.823048 0.567971 0
    outer loop
      vertex 38.0004 -38.4141 3.2
      vertex 38.0004 -38.4141 5
      vertex 38.0171 -38.3899 5
    endloop
  endfacet
  facet normal -0.818888 0.573953 0
    outer loop
      vertex 37.9847 -38.4365 3.2
      vertex 38.0004 -38.4141 5
      vertex 38.0004 -38.4141 3.2
    endloop
  endfacet
  facet normal -0.818888 0.573953 0
    outer loop
      vertex 37.9847 -38.4365 3.2
      vertex 37.9847 -38.4365 5
      vertex 38.0004 -38.4141 5
    endloop
  endfacet
  facet normal -0.807536 0.589818 0
    outer loop
      vertex 37.9698 -38.4569 3.2
      vertex 37.9847 -38.4365 5
      vertex 37.9847 -38.4365 3.2
    endloop
  endfacet
  facet normal -0.807536 0.589818 0
    outer loop
      vertex 37.9698 -38.4569 3.2
      vertex 37.9698 -38.4569 5
      vertex 37.9847 -38.4365 5
    endloop
  endfacet
  facet normal -0.796837 0.604195 0
    outer loop
      vertex 37.956 -38.4751 3.2
      vertex 37.9698 -38.4569 5
      vertex 37.9698 -38.4569 3.2
    endloop
  endfacet
  facet normal -0.796837 0.604195 0
    outer loop
      vertex 37.956 -38.4751 3.2
      vertex 37.956 -38.4751 5
      vertex 37.9698 -38.4569 5
    endloop
  endfacet
  facet normal -0.781348 0.624096 0
    outer loop
      vertex 37.9433 -38.491 3.2
      vertex 37.956 -38.4751 5
      vertex 37.956 -38.4751 3.2
    endloop
  endfacet
  facet normal -0.781348 0.624096 0
    outer loop
      vertex 37.9433 -38.491 3.2
      vertex 37.9433 -38.491 5
      vertex 37.956 -38.4751 5
    endloop
  endfacet
  facet normal -0.758857 0.651258 0
    outer loop
      vertex 37.9318 -38.5044 3.2
      vertex 37.9433 -38.491 5
      vertex 37.9433 -38.491 3.2
    endloop
  endfacet
  facet normal -0.758857 0.651258 0
    outer loop
      vertex 37.9318 -38.5044 3.2
      vertex 37.9318 -38.5044 5
      vertex 37.9433 -38.491 5
    endloop
  endfacet
  facet normal -0.730164 0.683272 0
    outer loop
      vertex 37.9216 -38.5153 3.2
      vertex 37.9318 -38.5044 5
      vertex 37.9318 -38.5044 3.2
    endloop
  endfacet
  facet normal -0.730164 0.683272 0
    outer loop
      vertex 37.9216 -38.5153 3.2
      vertex 37.9216 -38.5153 5
      vertex 37.9318 -38.5044 5
    endloop
  endfacet
  facet normal -0.668503 0.74371 0
    outer loop
      vertex 37.9127 -38.5233 3.2
      vertex 37.9216 -38.5153 5
      vertex 37.9216 -38.5153 3.2
    endloop
  endfacet
  facet normal -0.668503 0.74371 0
    outer loop
      vertex 37.9127 -38.5233 3.2
      vertex 37.9127 -38.5233 5
      vertex 37.9216 -38.5153 5
    endloop
  endfacet
  facet normal -0.788502 0.615032 0
    outer loop
      vertex 37.9049 -38.5333 3.2
      vertex 37.9127 -38.5233 5
      vertex 37.9127 -38.5233 3.2
    endloop
  endfacet
  facet normal -0.788502 0.615032 0
    outer loop
      vertex 37.9049 -38.5333 3.2
      vertex 37.9049 -38.5333 5
      vertex 37.9127 -38.5233 5
    endloop
  endfacet
  facet normal -0.825801 0.563962 0
    outer loop
      vertex 37.8937 -38.5497 3.2
      vertex 37.9049 -38.5333 5
      vertex 37.9049 -38.5333 3.2
    endloop
  endfacet
  facet normal -0.825801 0.563962 0
    outer loop
      vertex 37.8937 -38.5497 3.2
      vertex 37.8937 -38.5497 5
      vertex 37.9049 -38.5333 5
    endloop
  endfacet
  facet normal -0.842886 0.538092 0
    outer loop
      vertex 37.8794 -38.5721 3.2
      vertex 37.8937 -38.5497 5
      vertex 37.8937 -38.5497 3.2
    endloop
  endfacet
  facet normal -0.842886 0.538092 0
    outer loop
      vertex 37.8794 -38.5721 3.2
      vertex 37.8794 -38.5721 5
      vertex 37.8937 -38.5497 5
    endloop
  endfacet
  facet normal -0.85536 0.518035 0
    outer loop
      vertex 37.8622 -38.6005 3.2
      vertex 37.8794 -38.5721 5
      vertex 37.8794 -38.5721 3.2
    endloop
  endfacet
  facet normal -0.85536 0.518035 0
    outer loop
      vertex 37.8622 -38.6005 3.2
      vertex 37.8622 -38.6005 5
      vertex 37.8794 -38.5721 5
    endloop
  endfacet
  facet normal -0.861934 0.50702 0
    outer loop
      vertex 37.8422 -38.6345 3.2
      vertex 37.8622 -38.6005 5
      vertex 37.8622 -38.6005 3.2
    endloop
  endfacet
  facet normal -0.861934 0.50702 0
    outer loop
      vertex 37.8422 -38.6345 3.2
      vertex 37.8422 -38.6345 5
      vertex 37.8622 -38.6005 5
    endloop
  endfacet
  facet normal -0.865929 0.500167 0
    outer loop
      vertex 37.8195 -38.6738 3.2
      vertex 37.8422 -38.6345 5
      vertex 37.8422 -38.6345 3.2
    endloop
  endfacet
  facet normal -0.865929 0.500167 0
    outer loop
      vertex 37.8195 -38.6738 3.2
      vertex 37.8195 -38.6738 5
      vertex 37.8422 -38.6345 5
    endloop
  endfacet
  facet normal -0.870892 0.491474 0
    outer loop
      vertex 37.7945 -38.7181 3.2
      vertex 37.8195 -38.6738 5
      vertex 37.8195 -38.6738 3.2
    endloop
  endfacet
  facet normal -0.870892 0.491474 0
    outer loop
      vertex 37.7945 -38.7181 3.2
      vertex 37.7945 -38.7181 5
      vertex 37.8195 -38.6738 5
    endloop
  endfacet
  facet normal -0.873654 0.486547 0
    outer loop
      vertex 37.7671 -38.7673 3.2
      vertex 37.7945 -38.7181 5
      vertex 37.7945 -38.7181 3.2
    endloop
  endfacet
  facet normal -0.873654 0.486547 0
    outer loop
      vertex 37.7671 -38.7673 3.2
      vertex 37.7671 -38.7673 5
      vertex 37.7945 -38.7181 5
    endloop
  endfacet
  facet normal -0.877145 0.480225 0
    outer loop
      vertex 37.7377 -38.821 3.2
      vertex 37.7671 -38.7673 5
      vertex 37.7671 -38.7673 3.2
    endloop
  endfacet
  facet normal -0.877145 0.480225 0
    outer loop
      vertex 37.7377 -38.821 3.2
      vertex 37.7377 -38.821 5
      vertex 37.7671 -38.7673 5
    endloop
  endfacet
  facet normal -0.879689 0.475549 0
    outer loop
      vertex 37.7064 -38.8789 3.2
      vertex 37.7377 -38.821 5
      vertex 37.7377 -38.821 3.2
    endloop
  endfacet
  facet normal -0.879689 0.475549 0
    outer loop
      vertex 37.7064 -38.8789 3.2
      vertex 37.7064 -38.8789 5
      vertex 37.7377 -38.821 5
    endloop
  endfacet
  facet normal -0.882156 0.470957 0
    outer loop
      vertex 37.6733 -38.9409 3.2
      vertex 37.7064 -38.8789 5
      vertex 37.7064 -38.8789 3.2
    endloop
  endfacet
  facet normal -0.882156 0.470957 0
    outer loop
      vertex 37.6733 -38.9409 3.2
      vertex 37.6733 -38.9409 5
      vertex 37.7064 -38.8789 5
    endloop
  endfacet
  facet normal -0.884801 0.465968 0
    outer loop
      vertex 37.6387 -39.0066 3.2
      vertex 37.6733 -38.9409 5
      vertex 37.6733 -38.9409 3.2
    endloop
  endfacet
  facet normal -0.884801 0.465968 0
    outer loop
      vertex 37.6387 -39.0066 3.2
      vertex 37.6387 -39.0066 5
      vertex 37.6733 -38.9409 5
    endloop
  endfacet
  facet normal -0.886608 0.462522 0
    outer loop
      vertex 37.6026 -39.0758 3.2
      vertex 37.6387 -39.0066 5
      vertex 37.6387 -39.0066 3.2
    endloop
  endfacet
  facet normal -0.886608 0.462522 0
    outer loop
      vertex 37.6026 -39.0758 3.2
      vertex 37.6026 -39.0758 5
      vertex 37.6387 -39.0066 5
    endloop
  endfacet
  facet normal -0.889202 0.457515 0
    outer loop
      vertex 37.5654 -39.1481 3.2
      vertex 37.6026 -39.0758 5
      vertex 37.6026 -39.0758 3.2
    endloop
  endfacet
  facet normal -0.889202 0.457515 0
    outer loop
      vertex 37.5654 -39.1481 3.2
      vertex 37.5654 -39.1481 5
      vertex 37.6026 -39.0758 5
    endloop
  endfacet
  facet normal -0.891328 0.453358 0
    outer loop
      vertex 37.5271 -39.2234 3.2
      vertex 37.5654 -39.1481 5
      vertex 37.5654 -39.1481 3.2
    endloop
  endfacet
  facet normal -0.891328 0.453358 0
    outer loop
      vertex 37.5271 -39.2234 3.2
      vertex 37.5271 -39.2234 5
      vertex 37.5654 -39.1481 5
    endloop
  endfacet
  facet normal -0.893509 0.449045 0
    outer loop
      vertex 37.4879 -39.3014 3.2
      vertex 37.5271 -39.2234 5
      vertex 37.5271 -39.2234 3.2
    endloop
  endfacet
  facet normal -0.893509 0.449045 0
    outer loop
      vertex 37.4879 -39.3014 3.2
      vertex 37.4879 -39.3014 5
      vertex 37.5271 -39.2234 5
    endloop
  endfacet
  facet normal -0.896204 0.443643 0
    outer loop
      vertex 37.4481 -39.3818 3.2
      vertex 37.4879 -39.3014 5
      vertex 37.4879 -39.3014 3.2
    endloop
  endfacet
  facet normal -0.896204 0.443643 0
    outer loop
      vertex 37.4481 -39.3818 3.2
      vertex 37.4481 -39.3818 5
      vertex 37.4879 -39.3014 5
    endloop
  endfacet
  facet normal -0.898098 0.439796 0
    outer loop
      vertex 37.4077 -39.4643 3.2
      vertex 37.4481 -39.3818 5
      vertex 37.4481 -39.3818 3.2
    endloop
  endfacet
  facet normal -0.898098 0.439796 0
    outer loop
      vertex 37.4077 -39.4643 3.2
      vertex 37.4077 -39.4643 5
      vertex 37.4481 -39.3818 5
    endloop
  endfacet
  facet normal -0.900537 0.434779 0
    outer loop
      vertex 37.367 -39.5486 3.2
      vertex 37.4077 -39.4643 5
      vertex 37.4077 -39.4643 3.2
    endloop
  endfacet
  facet normal -0.900537 0.434779 0
    outer loop
      vertex 37.367 -39.5486 3.2
      vertex 37.367 -39.5486 5
      vertex 37.4077 -39.4643 5
    endloop
  endfacet
  facet normal -0.903074 0.429485 0
    outer loop
      vertex 37.3261 -39.6346 3.2
      vertex 37.367 -39.5486 5
      vertex 37.367 -39.5486 3.2
    endloop
  endfacet
  facet normal -0.903074 0.429485 0
    outer loop
      vertex 37.3261 -39.6346 3.2
      vertex 37.3261 -39.6346 5
      vertex 37.367 -39.5486 5
    endloop
  endfacet
  facet normal -0.90168 0.432404 0
    outer loop
      vertex 37.2616 -39.7691 3.2
      vertex 37.3261 -39.6346 5
      vertex 37.3261 -39.6346 3.2
    endloop
  endfacet
  facet normal -0.90168 0.432404 0
    outer loop
      vertex 37.2616 -39.7691 3.2
      vertex 37.2616 -39.7691 5
      vertex 37.3261 -39.6346 5
    endloop
  endfacet
  facet normal -0.904256 0.42699 0
    outer loop
      vertex 37.203 -39.8932 3.2
      vertex 37.2616 -39.7691 5
      vertex 37.2616 -39.7691 3.2
    endloop
  endfacet
  facet normal -0.904256 0.42699 0
    outer loop
      vertex 37.203 -39.8932 3.2
      vertex 37.203 -39.8932 5
      vertex 37.2616 -39.7691 5
    endloop
  endfacet
  facet normal -0.908376 0.418154 0
    outer loop
      vertex 37.1502 -40.0079 3.2
      vertex 37.203 -39.8932 5
      vertex 37.203 -39.8932 3.2
    endloop
  endfacet
  facet normal -0.908376 0.418154 0
    outer loop
      vertex 37.1502 -40.0079 3.2
      vertex 37.1502 -40.0079 5
      vertex 37.203 -39.8932 5
    endloop
  endfacet
  facet normal -0.913315 0.407254 0
    outer loop
      vertex 37.1028 -40.1142 3.2
      vertex 37.1502 -40.0079 5
      vertex 37.1502 -40.0079 3.2
    endloop
  endfacet
  facet normal -0.913315 0.407254 0
    outer loop
      vertex 37.1028 -40.1142 3.2
      vertex 37.1028 -40.1142 5
      vertex 37.1502 -40.0079 5
    endloop
  endfacet
  facet normal -0.919819 0.392344 0
    outer loop
      vertex 37.0607 -40.2129 3.2
      vertex 37.1028 -40.1142 5
      vertex 37.1028 -40.1142 3.2
    endloop
  endfacet
  facet normal -0.919819 0.392344 0
    outer loop
      vertex 37.0607 -40.2129 3.2
      vertex 37.0607 -40.2129 5
      vertex 37.1028 -40.1142 5
    endloop
  endfacet
  facet normal -0.92806 0.372432 0
    outer loop
      vertex 37.0237 -40.3051 3.2
      vertex 37.0607 -40.2129 5
      vertex 37.0607 -40.2129 3.2
    endloop
  endfacet
  facet normal -0.92806 0.372432 0
    outer loop
      vertex 37.0237 -40.3051 3.2
      vertex 37.0237 -40.3051 5
      vertex 37.0607 -40.2129 5
    endloop
  endfacet
  facet normal -0.937172 0.348867 0
    outer loop
      vertex 36.9915 -40.3916 3.2
      vertex 37.0237 -40.3051 5
      vertex 37.0237 -40.3051 3.2
    endloop
  endfacet
  facet normal -0.937172 0.348867 0
    outer loop
      vertex 36.9915 -40.3916 3.2
      vertex 36.9915 -40.3916 5
      vertex 37.0237 -40.3051 5
    endloop
  endfacet
  facet normal -0.948104 0.317962 0
    outer loop
      vertex 36.964 -40.4736 3.2
      vertex 36.9915 -40.3916 5
      vertex 36.9915 -40.3916 3.2
    endloop
  endfacet
  facet normal -0.948104 0.317962 0
    outer loop
      vertex 36.964 -40.4736 3.2
      vertex 36.964 -40.4736 5
      vertex 36.9915 -40.3916 5
    endloop
  endfacet
  facet normal -0.958699 0.284422 0
    outer loop
      vertex 36.9408 -40.5518 3.2
      vertex 36.964 -40.4736 5
      vertex 36.964 -40.4736 3.2
    endloop
  endfacet
  facet normal -0.958699 0.284422 0
    outer loop
      vertex 36.9408 -40.5518 3.2
      vertex 36.9408 -40.5518 5
      vertex 36.964 -40.4736 5
    endloop
  endfacet
  facet normal -0.970067 0.242838 0
    outer loop
      vertex 36.9219 -40.6273 3.2
      vertex 36.9408 -40.5518 5
      vertex 36.9408 -40.5518 3.2
    endloop
  endfacet
  facet normal -0.970067 0.242838 0
    outer loop
      vertex 36.9219 -40.6273 3.2
      vertex 36.9219 -40.6273 5
      vertex 36.9408 -40.5518 5
    endloop
  endfacet
  facet normal -0.980169 0.198162 0
    outer loop
      vertex 36.907 -40.701 3.2
      vertex 36.9219 -40.6273 5
      vertex 36.9219 -40.6273 3.2
    endloop
  endfacet
  facet normal -0.980169 0.198162 0
    outer loop
      vertex 36.907 -40.701 3.2
      vertex 36.907 -40.701 5
      vertex 36.9219 -40.6273 5
    endloop
  endfacet
  facet normal -0.988606 0.150528 0
    outer loop
      vertex 36.8959 -40.7739 3.2
      vertex 36.907 -40.701 5
      vertex 36.907 -40.701 3.2
    endloop
  endfacet
  facet normal -0.988606 0.150528 0
    outer loop
      vertex 36.8959 -40.7739 3.2
      vertex 36.8959 -40.7739 5
      vertex 36.907 -40.701 5
    endloop
  endfacet
  facet normal -0.994639 0.10341 0
    outer loop
      vertex 36.8883 -40.847 3.2
      vertex 36.8959 -40.7739 5
      vertex 36.8959 -40.7739 3.2
    endloop
  endfacet
  facet normal -0.994639 0.10341 0
    outer loop
      vertex 36.8883 -40.847 3.2
      vertex 36.8883 -40.847 5
      vertex 36.8959 -40.7739 5
    endloop
  endfacet
  facet normal -0.998321 0.0579322 0
    outer loop
      vertex 36.884 -40.9211 3.2
      vertex 36.8883 -40.847 5
      vertex 36.8883 -40.847 3.2
    endloop
  endfacet
  facet normal -0.998321 0.0579322 0
    outer loop
      vertex 36.884 -40.9211 3.2
      vertex 36.884 -40.9211 5
      vertex 36.8883 -40.847 5
    endloop
  endfacet
  facet normal -0.999896 0.0144342 0
    outer loop
      vertex 36.8829 -40.9973 3.2
      vertex 36.884 -40.9211 5
      vertex 36.884 -40.9211 3.2
    endloop
  endfacet
  facet normal -0.999896 0.0144342 0
    outer loop
      vertex 36.8829 -40.9973 3.2
      vertex 36.8829 -40.9973 5
      vertex 36.884 -40.9211 5
    endloop
  endfacet
  facet normal -0.999741 -0.0227501 0
    outer loop
      vertex 36.8847 -41.0764 3.2
      vertex 36.8829 -40.9973 5
      vertex 36.8829 -40.9973 3.2
    endloop
  endfacet
  facet normal -0.999741 -0.0227501 0
    outer loop
      vertex 36.8847 -41.0764 3.2
      vertex 36.8847 -41.0764 5
      vertex 36.8829 -40.9973 5
    endloop
  endfacet
  facet normal -0.998541 -0.0540076 0
    outer loop
      vertex 36.8892 -41.1596 3.2
      vertex 36.8847 -41.0764 5
      vertex 36.8847 -41.0764 3.2
    endloop
  endfacet
  facet normal -0.998541 -0.0540076 0
    outer loop
      vertex 36.8892 -41.1596 3.2
      vertex 36.8892 -41.1596 5
      vertex 36.8847 -41.0764 5
    endloop
  endfacet
  facet normal -0.996851 -0.079295 0
    outer loop
      vertex 36.8962 -41.2476 3.2
      vertex 36.8892 -41.1596 5
      vertex 36.8892 -41.1596 3.2
    endloop
  endfacet
  facet normal -0.996851 -0.079295 0
    outer loop
      vertex 36.8962 -41.2476 3.2
      vertex 36.8962 -41.2476 5
      vertex 36.8892 -41.1596 5
    endloop
  endfacet
  facet normal -0.995131 -0.0985593 0
    outer loop
      vertex 36.9055 -41.3415 3.2
      vertex 36.8962 -41.2476 5
      vertex 36.8962 -41.2476 3.2
    endloop
  endfacet
  facet normal -0.995131 -0.0985593 0
    outer loop
      vertex 36.9055 -41.3415 3.2
      vertex 36.9055 -41.3415 5
      vertex 36.8962 -41.2476 5
    endloop
  endfacet
  facet normal -0.993763 -0.111515 0
    outer loop
      vertex 36.9168 -41.4422 3.2
      vertex 36.9055 -41.3415 5
      vertex 36.9055 -41.3415 3.2
    endloop
  endfacet
  facet normal -0.993763 -0.111515 0
    outer loop
      vertex 36.9168 -41.4422 3.2
      vertex 36.9168 -41.4422 5
      vertex 36.9055 -41.3415 5
    endloop
  endfacet
  facet normal -0.993824 -0.110966 0
    outer loop
      vertex 36.9282 -41.5443 3.2
      vertex 36.9168 -41.4422 5
      vertex 36.9168 -41.4422 3.2
    endloop
  endfacet
  facet normal -0.993824 -0.110966 0
    outer loop
      vertex 36.9282 -41.5443 3.2
      vertex 36.9282 -41.5443 5
      vertex 36.9168 -41.4422 5
    endloop
  endfacet
  facet normal -0.994662 -0.10319 0
    outer loop
      vertex 36.9379 -41.6378 3.2
      vertex 36.9282 -41.5443 5
      vertex 36.9282 -41.5443 3.2
    endloop
  endfacet
  facet normal -0.994662 -0.10319 0
    outer loop
      vertex 36.9379 -41.6378 3.2
      vertex 36.9379 -41.6378 5
      vertex 36.9282 -41.5443 5
    endloop
  endfacet
  facet normal -0.99596 -0.0897997 0
    outer loop
      vertex 36.9456 -41.7232 3.2
      vertex 36.9379 -41.6378 5
      vertex 36.9379 -41.6378 3.2
    endloop
  endfacet
  facet normal -0.99596 -0.0897997 0
    outer loop
      vertex 36.9456 -41.7232 3.2
      vertex 36.9456 -41.7232 5
      vertex 36.9379 -41.6378 5
    endloop
  endfacet
  facet normal -0.997439 -0.0715193 0
    outer loop
      vertex 36.9512 -41.8013 3.2
      vertex 36.9456 -41.7232 5
      vertex 36.9456 -41.7232 3.2
    endloop
  endfacet
  facet normal -0.997439 -0.0715193 0
    outer loop
      vertex 36.9512 -41.8013 3.2
      vertex 36.9512 -41.8013 5
      vertex 36.9456 -41.7232 5
    endloop
  endfacet
  facet normal -0.998931 -0.0462338 0
    outer loop
      vertex 36.9545 -41.8726 3.2
      vertex 36.9512 -41.8013 5
      vertex 36.9512 -41.8013 3.2
    endloop
  endfacet
  facet normal -0.998931 -0.0462338 0
    outer loop
      vertex 36.9545 -41.8726 3.2
      vertex 36.9545 -41.8726 5
      vertex 36.9512 -41.8013 5
    endloop
  endfacet
  facet normal -0.999883 -0.0153121 0
    outer loop
      vertex 36.9555 -41.9379 3.2
      vertex 36.9545 -41.8726 5
      vertex 36.9545 -41.8726 3.2
    endloop
  endfacet
  facet normal -0.999883 -0.0153121 0
    outer loop
      vertex 36.9555 -41.9379 3.2
      vertex 36.9555 -41.9379 5
      vertex 36.9545 -41.8726 5
    endloop
  endfacet
  facet normal -0.999643 0.0267017 0
    outer loop
      vertex 36.9539 -41.9978 3.2
      vertex 36.9555 -41.9379 5
      vertex 36.9555 -41.9379 3.2
    endloop
  endfacet
  facet normal -0.999643 0.0267017 0
    outer loop
      vertex 36.9539 -41.9978 3.2
      vertex 36.9539 -41.9978 5
      vertex 36.9555 -41.9379 5
    endloop
  endfacet
  facet normal -0.996969 0.0778034 0
    outer loop
      vertex 36.9496 -42.0529 3.2
      vertex 36.9539 -41.9978 5
      vertex 36.9539 -41.9978 3.2
    endloop
  endfacet
  facet normal -0.996969 0.0778034 0
    outer loop
      vertex 36.9496 -42.0529 3.2
      vertex 36.9496 -42.0529 5
      vertex 36.9539 -41.9978 5
    endloop
  endfacet
  facet normal -0.990219 0.139522 0
    outer loop
      vertex 36.9424 -42.104 3.2
      vertex 36.9496 -42.0529 5
      vertex 36.9496 -42.0529 3.2
    endloop
  endfacet
  facet normal -0.990219 0.139522 0
    outer loop
      vertex 36.9424 -42.104 3.2
      vertex 36.9424 -42.104 5
      vertex 36.9496 -42.0529 5
    endloop
  endfacet
  facet normal -0.977802 0.209529 0
    outer loop
      vertex 36.9322 -42.1516 3.2
      vertex 36.9424 -42.104 5
      vertex 36.9424 -42.104 3.2
    endloop
  endfacet
  facet normal -0.977802 0.209529 0
    outer loop
      vertex 36.9322 -42.1516 3.2
      vertex 36.9322 -42.1516 5
      vertex 36.9424 -42.104 5
    endloop
  endfacet
  facet normal -0.958061 0.286563 0
    outer loop
      vertex 36.9188 -42.1964 3.2
      vertex 36.9322 -42.1516 5
      vertex 36.9322 -42.1516 3.2
    endloop
  endfacet
  facet normal -0.958061 0.286563 0
    outer loop
      vertex 36.9188 -42.1964 3.2
      vertex 36.9188 -42.1964 5
      vertex 36.9322 -42.1516 5
    endloop
  endfacet
  facet normal -0.931307 0.364235 0
    outer loop
      vertex 36.9021 -42.2391 3.2
      vertex 36.9188 -42.1964 5
      vertex 36.9188 -42.1964 3.2
    endloop
  endfacet
  facet normal -0.931307 0.364235 0
    outer loop
      vertex 36.9021 -42.2391 3.2
      vertex 36.9021 -42.2391 5
      vertex 36.9188 -42.1964 5
    endloop
  endfacet
  facet normal -0.898308 0.439366 0
    outer loop
      vertex 36.8819 -42.2804 3.2
      vertex 36.9021 -42.2391 5
      vertex 36.9021 -42.2391 3.2
    endloop
  endfacet
  facet normal -0.898308 0.439366 0
    outer loop
      vertex 36.8819 -42.2804 3.2
      vertex 36.8819 -42.2804 5
      vertex 36.9021 -42.2391 5
    endloop
  endfacet
  facet normal -0.861605 0.507579 0
    outer loop
      vertex 36.8581 -42.3208 3.2
      vertex 36.8819 -42.2804 5
      vertex 36.8819 -42.2804 3.2
    endloop
  endfacet
  facet normal -0.861605 0.507579 0
    outer loop
      vertex 36.8581 -42.3208 3.2
      vertex 36.8581 -42.3208 5
      vertex 36.8819 -42.2804 5
    endloop
  endfacet
  facet normal -0.825056 0.565051 0
    outer loop
      vertex 36.8305 -42.3611 3.2
      vertex 36.8581 -42.3208 5
      vertex 36.8581 -42.3208 3.2
    endloop
  endfacet
  facet normal -0.825056 0.565051 0
    outer loop
      vertex 36.8305 -42.3611 3.2
      vertex 36.8305 -42.3611 5
      vertex 36.8581 -42.3208 5
    endloop
  endfacet
  facet normal -0.790603 0.61233 0
    outer loop
      vertex 36.7989 -42.4019 3.2
      vertex 36.8305 -42.3611 5
      vertex 36.8305 -42.3611 3.2
    endloop
  endfacet
  facet normal -0.790603 0.61233 0
    outer loop
      vertex 36.7989 -42.4019 3.2
      vertex 36.7989 -42.4019 5
      vertex 36.8305 -42.3611 5
    endloop
  endfacet
  facet normal -0.762074 0.64749 0
    outer loop
      vertex 36.7633 -42.4438 3.2
      vertex 36.7989 -42.4019 5
      vertex 36.7989 -42.4019 3.2
    endloop
  endfacet
  facet normal -0.762074 0.64749 0
    outer loop
      vertex 36.7633 -42.4438 3.2
      vertex 36.7633 -42.4438 5
      vertex 36.7989 -42.4019 5
    endloop
  endfacet
  facet normal -0.738485 0.674269 0
    outer loop
      vertex 36.7234 -42.4875 3.2
      vertex 36.7633 -42.4438 5
      vertex 36.7633 -42.4438 3.2
    endloop
  endfacet
  facet normal -0.738485 0.674269 0
    outer loop
      vertex 36.7234 -42.4875 3.2
      vertex 36.7234 -42.4875 5
      vertex 36.7633 -42.4438 5
    endloop
  endfacet
  facet normal -0.72254 0.691329 0
    outer loop
      vertex 36.6791 -42.5338 3.2
      vertex 36.7234 -42.4875 5
      vertex 36.7234 -42.4875 3.2
    endloop
  endfacet
  facet normal -0.72254 0.691329 0
    outer loop
      vertex 36.6791 -42.5338 3.2
      vertex 36.6791 -42.5338 5
      vertex 36.7234 -42.4875 5
    endloop
  endfacet
  facet normal -0.710702 0.703494 0
    outer loop
      vertex 36.6303 -42.5831 3.2
      vertex 36.6791 -42.5338 5
      vertex 36.6791 -42.5338 3.2
    endloop
  endfacet
  facet normal -0.710702 0.703494 0
    outer loop
      vertex 36.6303 -42.5831 3.2
      vertex 36.6303 -42.5831 5
      vertex 36.6791 -42.5338 5
    endloop
  endfacet
  facet normal -0.708182 0.70603 0
    outer loop
      vertex 36.5975 -42.616 3.2
      vertex 36.6303 -42.5831 5
      vertex 36.6303 -42.5831 3.2
    endloop
  endfacet
  facet normal -0.708182 0.70603 0
    outer loop
      vertex 36.5975 -42.616 3.2
      vertex 36.5975 -42.616 5
      vertex 36.6303 -42.5831 5
    endloop
  endfacet
  facet normal -0.696112 0.717933 0
    outer loop
      vertex 36.5646 -42.6479 3.2
      vertex 36.5975 -42.616 5
      vertex 36.5975 -42.616 3.2
    endloop
  endfacet
  facet normal -0.696112 0.717933 0
    outer loop
      vertex 36.5646 -42.6479 3.2
      vertex 36.5646 -42.6479 5
      vertex 36.5975 -42.616 5
    endloop
  endfacet
  facet normal -0.684604 0.728915 0
    outer loop
      vertex 36.5317 -42.6788 3.2
      vertex 36.5646 -42.6479 5
      vertex 36.5646 -42.6479 3.2
    endloop
  endfacet
  facet normal -0.684604 0.728915 0
    outer loop
      vertex 36.5317 -42.6788 3.2
      vertex 36.5317 -42.6788 5
      vertex 36.5646 -42.6479 5
    endloop
  endfacet
  facet normal -0.671209 0.741268 0
    outer loop
      vertex 36.4989 -42.7085 3.2
      vertex 36.5317 -42.6788 5
      vertex 36.5317 -42.6788 3.2
    endloop
  endfacet
  facet normal -0.671209 0.741268 0
    outer loop
      vertex 36.4989 -42.7085 3.2
      vertex 36.4989 -42.7085 5
      vertex 36.5317 -42.6788 5
    endloop
  endfacet
  facet normal -0.660628 0.750714 0
    outer loop
      vertex 36.4664 -42.7371 3.2
      vertex 36.4989 -42.7085 5
      vertex 36.4989 -42.7085 3.2
    endloop
  endfacet
  facet normal -0.660628 0.750714 0
    outer loop
      vertex 36.4664 -42.7371 3.2
      vertex 36.4664 -42.7371 5
      vertex 36.4989 -42.7085 5
    endloop
  endfacet
  facet normal -0.645304 0.763926 0
    outer loop
      vertex 36.4342 -42.7643 3.2
      vertex 36.4664 -42.7371 5
      vertex 36.4664 -42.7371 3.2
    endloop
  endfacet
  facet normal -0.645304 0.763926 0
    outer loop
      vertex 36.4342 -42.7643 3.2
      vertex 36.4342 -42.7643 5
      vertex 36.4664 -42.7371 5
    endloop
  endfacet
  facet normal -0.632706 0.774392 0
    outer loop
      vertex 36.4025 -42.7902 3.2
      vertex 36.4342 -42.7643 5
      vertex 36.4342 -42.7643 3.2
    endloop
  endfacet
  facet normal -0.632706 0.774392 0
    outer loop
      vertex 36.4025 -42.7902 3.2
      vertex 36.4025 -42.7902 5
      vertex 36.4342 -42.7643 5
    endloop
  endfacet
  facet normal -0.618825 0.785529 0
    outer loop
      vertex 36.3714 -42.8147 3.2
      vertex 36.4025 -42.7902 5
      vertex 36.4025 -42.7902 3.2
    endloop
  endfacet
  facet normal -0.618825 0.785529 0
    outer loop
      vertex 36.3714 -42.8147 3.2
      vertex 36.3714 -42.8147 5
      vertex 36.4025 -42.7902 5
    endloop
  endfacet
  facet normal -0.603353 0.797475 0
    outer loop
      vertex 36.341 -42.8377 3.2
      vertex 36.3714 -42.8147 5
      vertex 36.3714 -42.8147 3.2
    endloop
  endfacet
  facet normal -0.603353 0.797475 0
    outer loop
      vertex 36.341 -42.8377 3.2
      vertex 36.341 -42.8377 5
      vertex 36.3714 -42.8147 5
    endloop
  endfacet
  facet normal -0.58589 0.81039 0
    outer loop
      vertex 36.3114 -42.8591 3.2
      vertex 36.341 -42.8377 5
      vertex 36.341 -42.8377 3.2
    endloop
  endfacet
  facet normal -0.58589 0.81039 0
    outer loop
      vertex 36.3114 -42.8591 3.2
      vertex 36.3114 -42.8591 5
      vertex 36.341 -42.8377 5
    endloop
  endfacet
  facet normal -0.565919 0.824461 0
    outer loop
      vertex 36.2827 -42.8788 3.2
      vertex 36.3114 -42.8591 5
      vertex 36.3114 -42.8591 3.2
    endloop
  endfacet
  facet normal -0.565919 0.824461 0
    outer loop
      vertex 36.2827 -42.8788 3.2
      vertex 36.2827 -42.8788 5
      vertex 36.3114 -42.8591 5
    endloop
  endfacet
  facet normal -0.544133 0.838999 0
    outer loop
      vertex 36.2551 -42.8967 3.2
      vertex 36.2827 -42.8788 5
      vertex 36.2827 -42.8788 3.2
    endloop
  endfacet
  facet normal -0.544133 0.838999 0
    outer loop
      vertex 36.2551 -42.8967 3.2
      vertex 36.2551 -42.8967 5
      vertex 36.2827 -42.8788 5
    endloop
  endfacet
  facet normal -0.52158 0.853202 0
    outer loop
      vertex 36.2286 -42.9129 3.2
      vertex 36.2551 -42.8967 5
      vertex 36.2551 -42.8967 3.2
    endloop
  endfacet
  facet normal -0.52158 0.853202 0
    outer loop
      vertex 36.2286 -42.9129 3.2
      vertex 36.2286 -42.9129 5
      vertex 36.2551 -42.8967 5
    endloop
  endfacet
  facet normal -0.489443 0.872035 0
    outer loop
      vertex 36.2033 -42.9271 3.2
      vertex 36.2286 -42.9129 5
      vertex 36.2286 -42.9129 3.2
    endloop
  endfacet
  facet normal -0.489443 0.872035 0
    outer loop
      vertex 36.2033 -42.9271 3.2
      vertex 36.2033 -42.9271 5
      vertex 36.2286 -42.9129 5
    endloop
  endfacet
  facet normal -0.459118 0.888375 0
    outer loop
      vertex 36.1795 -42.9394 3.2
      vertex 36.2033 -42.9271 5
      vertex 36.2033 -42.9271 3.2
    endloop
  endfacet
  facet normal -0.459118 0.888375 0
    outer loop
      vertex 36.1795 -42.9394 3.2
      vertex 36.1795 -42.9394 5
      vertex 36.2033 -42.9271 5
    endloop
  endfacet
  facet normal -0.414415 0.910088 0
    outer loop
      vertex 36.1571 -42.9496 3.2
      vertex 36.1795 -42.9394 5
      vertex 36.1795 -42.9394 3.2
    endloop
  endfacet
  facet normal -0.414415 0.910088 0
    outer loop
      vertex 36.1571 -42.9496 3.2
      vertex 36.1571 -42.9496 5
      vertex 36.1795 -42.9394 5
    endloop
  endfacet
  facet normal -0.362879 0.931836 0
    outer loop
      vertex 36.1363 -42.9577 3.2
      vertex 36.1571 -42.9496 5
      vertex 36.1571 -42.9496 3.2
    endloop
  endfacet
  facet normal -0.362879 0.931836 0
    outer loop
      vertex 36.1363 -42.9577 3.2
      vertex 36.1363 -42.9577 5
      vertex 36.1571 -42.9496 5
    endloop
  endfacet
  facet normal -0.29514 0.955454 0
    outer loop
      vertex 36.1172 -42.9636 3.2
      vertex 36.1363 -42.9577 5
      vertex 36.1363 -42.9577 3.2
    endloop
  endfacet
  facet normal -0.29514 0.955454 0
    outer loop
      vertex 36.1172 -42.9636 3.2
      vertex 36.1172 -42.9636 5
      vertex 36.1363 -42.9577 5
    endloop
  endfacet
  facet normal -0.198295 0.980142 0
    outer loop
      vertex 36.0999 -42.9671 3.2
      vertex 36.1172 -42.9636 5
      vertex 36.1172 -42.9636 3.2
    endloop
  endfacet
  facet normal -0.198295 0.980142 0
    outer loop
      vertex 36.0999 -42.9671 3.2
      vertex 36.0999 -42.9671 5
      vertex 36.1172 -42.9636 5
    endloop
  endfacet
  facet normal -0.0781912 0.996938 0
    outer loop
      vertex 36.0846 -42.9683 3.2
      vertex 36.0999 -42.9671 5
      vertex 36.0999 -42.9671 3.2
    endloop
  endfacet
  facet normal -0.0781912 0.996938 0
    outer loop
      vertex 36.0846 -42.9683 3.2
      vertex 36.0846 -42.9683 5
      vertex 36.0999 -42.9671 5
    endloop
  endfacet
  facet normal -0.274721 0.961524 0
    outer loop
      vertex 36.0531 -42.9773 3.2
      vertex 36.0846 -42.9683 5
      vertex 36.0846 -42.9683 3.2
    endloop
  endfacet
  facet normal -0.274721 0.961524 0
    outer loop
      vertex 36.0531 -42.9773 3.2
      vertex 36.0531 -42.9773 5
      vertex 36.0846 -42.9683 5
    endloop
  endfacet
  facet normal -0.497813 0.867284 0
    outer loop
      vertex 36.0085 -43.0029 3.2
      vertex 36.0531 -42.9773 5
      vertex 36.0531 -42.9773 3.2
    endloop
  endfacet
  facet normal -0.497813 0.867284 0
    outer loop
      vertex 36.0085 -43.0029 3.2
      vertex 36.0085 -43.0029 5
      vertex 36.0531 -42.9773 5
    endloop
  endfacet
  facet normal -0.588602 0.808423 0
    outer loop
      vertex 35.9526 -43.0436 3.2
      vertex 36.0085 -43.0029 5
      vertex 36.0085 -43.0029 3.2
    endloop
  endfacet
  facet normal -0.588602 0.808423 0
    outer loop
      vertex 35.9526 -43.0436 3.2
      vertex 35.9526 -43.0436 5
      vertex 36.0085 -43.0029 5
    endloop
  endfacet
  facet normal -0.636243 0.771489 0
    outer loop
      vertex 35.887 -43.0977 3.2
      vertex 35.9526 -43.0436 5
      vertex 35.9526 -43.0436 3.2
    endloop
  endfacet
  facet normal -0.636243 0.771489 0
    outer loop
      vertex 35.887 -43.0977 3.2
      vertex 35.887 -43.0977 5
      vertex 35.9526 -43.0436 5
    endloop
  endfacet
  facet normal -0.663359 0.748301 0
    outer loop
      vertex 35.813 -43.1633 3.2
      vertex 35.887 -43.0977 5
      vertex 35.887 -43.0977 3.2
    endloop
  endfacet
  facet normal -0.663359 0.748301 0
    outer loop
      vertex 35.813 -43.1633 3.2
      vertex 35.813 -43.1633 5
      vertex 35.887 -43.0977 5
    endloop
  endfacet
  facet normal -0.684092 0.729396 0
    outer loop
      vertex 35.7325 -43.2388 3.2
      vertex 35.813 -43.1633 5
      vertex 35.813 -43.1633 3.2
    endloop
  endfacet
  facet normal -0.684092 0.729396 0
    outer loop
      vertex 35.7325 -43.2388 3.2
      vertex 35.7325 -43.2388 5
      vertex 35.813 -43.1633 5
    endloop
  endfacet
  facet normal -0.698282 0.715823 0
    outer loop
      vertex 35.6468 -43.3224 3.2
      vertex 35.7325 -43.2388 5
      vertex 35.7325 -43.2388 3.2
    endloop
  endfacet
  facet normal -0.698282 0.715823 0
    outer loop
      vertex 35.6468 -43.3224 3.2
      vertex 35.6468 -43.3224 5
      vertex 35.7325 -43.2388 5
    endloop
  endfacet
  facet normal -0.711431 0.702755 0
    outer loop
      vertex 35.5577 -43.4126 3.2
      vertex 35.6468 -43.3224 5
      vertex 35.6468 -43.3224 3.2
    endloop
  endfacet
  facet normal -0.711431 0.702755 0
    outer loop
      vertex 35.5577 -43.4126 3.2
      vertex 35.5577 -43.4126 5
      vertex 35.6468 -43.3224 5
    endloop
  endfacet
  facet normal -0.721403 0.692516 0
    outer loop
      vertex 35.4666 -43.5075 3.2
      vertex 35.5577 -43.4126 5
      vertex 35.5577 -43.4126 3.2
    endloop
  endfacet
  facet normal -0.721403 0.692516 0
    outer loop
      vertex 35.4666 -43.5075 3.2
      vertex 35.4666 -43.5075 5
      vertex 35.5577 -43.4126 5
    endloop
  endfacet
  facet normal -0.731303 0.682052 0
    outer loop
      vertex 35.3752 -43.6055 3.2
      vertex 35.4666 -43.5075 5
      vertex 35.4666 -43.5075 3.2
    endloop
  endfacet
  facet normal -0.731303 0.682052 0
    outer loop
      vertex 35.3752 -43.6055 3.2
      vertex 35.3752 -43.6055 5
      vertex 35.4666 -43.5075 5
    endloop
  endfacet
  facet normal -0.739873 0.672747 0
    outer loop
      vertex 35.285 -43.7047 3.2
      vertex 35.3752 -43.6055 5
      vertex 35.3752 -43.6055 3.2
    endloop
  endfacet
  facet normal -0.739873 0.672747 0
    outer loop
      vertex 35.285 -43.7047 3.2
      vertex 35.285 -43.7047 5
      vertex 35.3752 -43.6055 5
    endloop
  endfacet
  facet normal -0.749329 0.662198 0
    outer loop
      vertex 35.1976 -43.8036 3.2
      vertex 35.285 -43.7047 5
      vertex 35.285 -43.7047 3.2
    endloop
  endfacet
  facet normal -0.749329 0.662198 0
    outer loop
      vertex 35.1976 -43.8036 3.2
      vertex 35.1976 -43.8036 5
      vertex 35.285 -43.7047 5
    endloop
  endfacet
  facet normal -0.759478 0.650533 0
    outer loop
      vertex 35.1146 -43.9005 3.2
      vertex 35.1976 -43.8036 5
      vertex 35.1976 -43.8036 3.2
    endloop
  endfacet
  facet normal -0.759478 0.650533 0
    outer loop
      vertex 35.1146 -43.9005 3.2
      vertex 35.1146 -43.9005 5
      vertex 35.1976 -43.8036 5
    endloop
  endfacet
  facet normal -0.770254 0.637737 0
    outer loop
      vertex 35.0376 -43.9935 3.2
      vertex 35.1146 -43.9005 5
      vertex 35.1146 -43.9005 3.2
    endloop
  endfacet
  facet normal -0.770254 0.637737 0
    outer loop
      vertex 35.0376 -43.9935 3.2
      vertex 35.0376 -43.9935 5
      vertex 35.1146 -43.9005 5
    endloop
  endfacet
  facet normal -0.783047 0.621963 0
    outer loop
      vertex 34.9681 -44.081 3.2
      vertex 35.0376 -43.9935 5
      vertex 35.0376 -43.9935 3.2
    endloop
  endfacet
  facet normal -0.783047 0.621963 0
    outer loop
      vertex 34.9681 -44.081 3.2
      vertex 34.9681 -44.081 5
      vertex 35.0376 -43.9935 5
    endloop
  endfacet
  facet normal -0.798685 0.601749 0
    outer loop
      vertex 34.9076 -44.1613 3.2
      vertex 34.9681 -44.081 5
      vertex 34.9681 -44.081 3.2
    endloop
  endfacet
  facet normal -0.798685 0.601749 0
    outer loop
      vertex 34.9076 -44.1613 3.2
      vertex 34.9076 -44.1613 5
      vertex 34.9681 -44.081 5
    endloop
  endfacet
  facet normal -0.820365 0.57184 0
    outer loop
      vertex 34.8579 -44.2326 3.2
      vertex 34.9076 -44.1613 5
      vertex 34.9076 -44.1613 3.2
    endloop
  endfacet
  facet normal -0.820365 0.57184 0
    outer loop
      vertex 34.8579 -44.2326 3.2
      vertex 34.8579 -44.2326 5
      vertex 34.9076 -44.1613 5
    endloop
  endfacet
  facet normal -0.850743 0.525582 0
    outer loop
      vertex 34.8204 -44.2933 3.2
      vertex 34.8579 -44.2326 5
      vertex 34.8579 -44.2326 3.2
    endloop
  endfacet
  facet normal -0.850743 0.525582 0
    outer loop
      vertex 34.8204 -44.2933 3.2
      vertex 34.8204 -44.2933 5
      vertex 34.8579 -44.2326 5
    endloop
  endfacet
  facet normal -0.898482 0.43901 0
    outer loop
      vertex 34.7968 -44.3416 3.2
      vertex 34.8204 -44.2933 5
      vertex 34.8204 -44.2933 3.2
    endloop
  endfacet
  facet normal -0.898482 0.43901 0
    outer loop
      vertex 34.7968 -44.3416 3.2
      vertex 34.7968 -44.3416 5
      vertex 34.8204 -44.2933 5
    endloop
  endfacet
  facet normal -0.972593 0.232515 0
    outer loop
      vertex 34.7886 -44.3759 3.2
      vertex 34.7968 -44.3416 5
      vertex 34.7968 -44.3416 3.2
    endloop
  endfacet
  facet normal -0.972593 0.232515 0
    outer loop
      vertex 34.7886 -44.3759 3.2
      vertex 34.7886 -44.3759 5
      vertex 34.7968 -44.3416 5
    endloop
  endfacet
  facet normal -0.112489 -0.993653 0
    outer loop
      vertex 34.8469 -44.3825 3.2
      vertex 34.7886 -44.3759 5
      vertex 34.7886 -44.3759 3.2
    endloop
  endfacet
  facet normal -0.112489 -0.993653 0
    outer loop
      vertex 34.8469 -44.3825 3.2
      vertex 34.8469 -44.3825 5
      vertex 34.7886 -44.3759 5
    endloop
  endfacet
  facet normal -0.0365821 -0.999331 0
    outer loop
      vertex 35.019 -44.3888 3.2
      vertex 34.8469 -44.3825 5
      vertex 34.8469 -44.3825 3.2
    endloop
  endfacet
  facet normal -0.0365821 -0.999331 0
    outer loop
      vertex 35.019 -44.3888 3.2
      vertex 35.019 -44.3888 5
      vertex 34.8469 -44.3825 5
    endloop
  endfacet
  facet normal -0.0216876 -0.999765 0
    outer loop
      vertex 35.3002 -44.3949 3.2
      vertex 35.019 -44.3888 5
      vertex 35.019 -44.3888 3.2
    endloop
  endfacet
  facet normal -0.0216876 -0.999765 0
    outer loop
      vertex 35.3002 -44.3949 3.2
      vertex 35.3002 -44.3949 5
      vertex 35.019 -44.3888 5
    endloop
  endfacet
  facet normal -0.0150398 -0.999887 0
    outer loop
      vertex 35.6858 -44.4007 3.2
      vertex 35.3002 -44.3949 5
      vertex 35.3002 -44.3949 3.2
    endloop
  endfacet
  facet normal -0.0150398 -0.999887 0
    outer loop
      vertex 35.6858 -44.4007 3.2
      vertex 35.6858 -44.4007 5
      vertex 35.3002 -44.3949 5
    endloop
  endfacet
  facet normal -0.0113255 -0.999936 0
    outer loop
      vertex 36.1714 -44.4062 3.2
      vertex 35.6858 -44.4007 5
      vertex 35.6858 -44.4007 3.2
    endloop
  endfacet
  facet normal -0.0113255 -0.999936 0
    outer loop
      vertex 36.1714 -44.4062 3.2
      vertex 36.1714 -44.4062 5
      vertex 35.6858 -44.4007 5
    endloop
  endfacet
  facet normal -0.00912496 -0.999958 0
    outer loop
      vertex 36.7522 -44.4115 3.2
      vertex 36.1714 -44.4062 5
      vertex 36.1714 -44.4062 3.2
    endloop
  endfacet
  facet normal -0.00912496 -0.999958 0
    outer loop
      vertex 36.7522 -44.4115 3.2
      vertex 36.7522 -44.4115 5
      vertex 36.1714 -44.4062 5
    endloop
  endfacet
  facet normal -0.0074447 -0.999972 0
    outer loop
      vertex 37.4238 -44.4165 3.2
      vertex 36.7522 -44.4115 5
      vertex 36.7522 -44.4115 3.2
    endloop
  endfacet
  facet normal -0.0074447 -0.999972 0
    outer loop
      vertex 37.4238 -44.4165 3.2
      vertex 37.4238 -44.4165 5
      vertex 36.7522 -44.4115 5
    endloop
  endfacet
  facet normal -0.00620286 -0.999981 0
    outer loop
      vertex 38.1815 -44.4212 3.2
      vertex 37.4238 -44.4165 5
      vertex 37.4238 -44.4165 3.2
    endloop
  endfacet
  facet normal -0.00620286 -0.999981 0
    outer loop
      vertex 38.1815 -44.4212 3.2
      vertex 38.1815 -44.4212 5
      vertex 37.4238 -44.4165 5
    endloop
  endfacet
  facet normal -0.00524239 -0.999986 0
    outer loop
      vertex 39.0208 -44.4256 3.2
      vertex 38.1815 -44.4212 5
      vertex 38.1815 -44.4212 3.2
    endloop
  endfacet
  facet normal -0.00524239 -0.999986 0
    outer loop
      vertex 39.0208 -44.4256 3.2
      vertex 39.0208 -44.4256 5
      vertex 38.1815 -44.4212 5
    endloop
  endfacet
  facet normal -0.00436629 -0.99999 0
    outer loop
      vertex 39.9369 -44.4296 3.2
      vertex 39.0208 -44.4256 5
      vertex 39.0208 -44.4256 3.2
    endloop
  endfacet
  facet normal -0.00436629 -0.99999 0
    outer loop
      vertex 39.9369 -44.4296 3.2
      vertex 39.9369 -44.4296 5
      vertex 39.0208 -44.4256 5
    endloop
  endfacet
  facet normal -0.00374302 -0.999993 0
    outer loop
      vertex 40.9254 -44.4333 3.2
      vertex 39.9369 -44.4296 5
      vertex 39.9369 -44.4296 3.2
    endloop
  endfacet
  facet normal -0.00374302 -0.999993 0
    outer loop
      vertex 40.9254 -44.4333 3.2
      vertex 40.9254 -44.4333 5
      vertex 39.9369 -44.4296 5
    endloop
  endfacet
  facet normal -0.00321877 -0.999995 0
    outer loop
      vertex 41.9817 -44.4367 3.2
      vertex 40.9254 -44.4333 5
      vertex 40.9254 -44.4333 3.2
    endloop
  endfacet
  facet normal -0.00321877 -0.999995 0
    outer loop
      vertex 41.9817 -44.4367 3.2
      vertex 41.9817 -44.4367 5
      vertex 40.9254 -44.4333 5
    endloop
  endfacet
  facet normal -0.00268 -0.999996 0
    outer loop
      vertex 43.1011 -44.4397 3.2
      vertex 41.9817 -44.4367 5
      vertex 41.9817 -44.4367 3.2
    endloop
  endfacet
  facet normal -0.00268 -0.999996 0
    outer loop
      vertex 43.1011 -44.4397 3.2
      vertex 43.1011 -44.4397 5
      vertex 41.9817 -44.4367 5
    endloop
  endfacet
  facet normal -0.00229201 -0.999997 0
    outer loop
      vertex 44.2791 -44.4424 3.2
      vertex 43.1011 -44.4397 5
      vertex 43.1011 -44.4397 3.2
    endloop
  endfacet
  facet normal -0.00229201 -0.999997 0
    outer loop
      vertex 44.2791 -44.4424 3.2
      vertex 44.2791 -44.4424 5
      vertex 43.1011 -44.4397 5
    endloop
  endfacet
  facet normal -0.00186703 -0.999998 0
    outer loop
      vertex 45.511 -44.4447 3.2
      vertex 44.2791 -44.4424 5
      vertex 44.2791 -44.4424 3.2
    endloop
  endfacet
  facet normal -0.00186703 -0.999998 0
    outer loop
      vertex 45.511 -44.4447 3.2
      vertex 45.511 -44.4447 5
      vertex 44.2791 -44.4424 5
    endloop
  endfacet
  facet normal -0.00148287 -0.999999 0
    outer loop
      vertex 46.7923 -44.4466 3.2
      vertex 45.511 -44.4447 5
      vertex 45.511 -44.4447 3.2
    endloop
  endfacet
  facet normal -0.00148287 -0.999999 0
    outer loop
      vertex 46.7923 -44.4466 3.2
      vertex 46.7923 -44.4466 5
      vertex 45.511 -44.4447 5
    endloop
  endfacet
  facet normal -0.00113114 -0.999999 0
    outer loop
      vertex 48.1184 -44.4481 3.2
      vertex 46.7923 -44.4466 5
      vertex 46.7923 -44.4466 3.2
    endloop
  endfacet
  facet normal -0.00113114 -0.999999 0
    outer loop
      vertex 48.1184 -44.4481 3.2
      vertex 48.1184 -44.4481 5
      vertex 46.7923 -44.4466 5
    endloop
  endfacet
  facet normal -0.000731957 -1 0
    outer loop
      vertex 49.4846 -44.4491 3.2
      vertex 48.1184 -44.4481 5
      vertex 48.1184 -44.4481 3.2
    endloop
  endfacet
  facet normal -0.000731957 -1 0
    outer loop
      vertex 49.4846 -44.4491 3.2
      vertex 49.4846 -44.4491 5
      vertex 48.1184 -44.4481 5
    endloop
  endfacet
  facet normal -0.000499358 -1 0
    outer loop
      vertex 50.8864 -44.4498 3.2
      vertex 49.4846 -44.4491 5
      vertex 49.4846 -44.4491 3.2
    endloop
  endfacet
  facet normal -0.000499358 -1 0
    outer loop
      vertex 50.8864 -44.4498 3.2
      vertex 50.8864 -44.4498 5
      vertex 49.4846 -44.4491 5
    endloop
  endfacet
  facet normal -0.000139577 -1 0
    outer loop
      vertex 52.3193 -44.45 3.2
      vertex 50.8864 -44.4498 5
      vertex 50.8864 -44.4498 3.2
    endloop
  endfacet
  facet normal -0.000139577 -1 0
    outer loop
      vertex 52.3193 -44.45 3.2
      vertex 52.3193 -44.45 5
      vertex 50.8864 -44.4498 5
    endloop
  endfacet
  facet normal 0 -1 0
    outer loop
      vertex 69.8636 -44.45 3.2
      vertex 52.3193 -44.45 5
      vertex 52.3193 -44.45 3.2
    endloop
  endfacet
  facet normal 0 -1 0
    outer loop
      vertex 69.8636 -44.45 3.2
      vertex 69.8636 -44.45 5
      vertex 52.3193 -44.45 5
    endloop
  endfacet
  facet normal 0.999944 0.0105692 0
    outer loop
      vertex 69.8091 -39.2938 3.2
      vertex 69.8636 -44.45 5
      vertex 69.8636 -44.45 3.2
    endloop
  endfacet
  facet normal 0.999944 0.0105692 -0
    outer loop
      vertex 69.8091 -39.2938 3.2
      vertex 69.8091 -39.2938 5
      vertex 69.8636 -44.45 5
    endloop
  endfacet
endsolid OpenSCAD_Model
