solid OpenSCAD_Model
  facet normal 0 0 -1
    outer loop
      vertex 66.2059 -35.2961 3.2
      vertex 65.9936 -35.1881 3.2
      vertex 66.073 -35.2243 3.2
    endloop
  endfacet
  facet normal 0 0 -1
    outer loop
      vertex 65.9068 -35.1522 3.2
      vertex 65.9936 -35.1881 3.2
      vertex 66.2059 -35.2961 3.2
    endloop
  endfacet
  facet normal 0 0 -1
    outer loop
      vertex 66.2059 -35.2961 3.2
      vertex 66.073 -35.2243 3.2
      vertex 66.1441 -35.2603 3.2
    endloop
  endfacet
  facet normal 0 0 -1
    outer loop
      vertex 65.8133 -35.1167 3.2
      vertex 65.9068 -35.1522 3.2
      vertex 66.2059 -35.2961 3.2
    endloop
  endfacet
  facet normal 0 0 -1
    outer loop
      vertex 65.7141 -35.0818 3.2
      vertex 65.8133 -35.1167 3.2
      vertex 66.2059 -35.2961 3.2
    endloop
  endfacet
  facet normal 0 0 -1
    outer loop
      vertex 66.5 -35.4768 3.2
      vertex 65.7141 -35.0818 3.2
      vertex 66.2059 -35.2961 3.2
    endloop
  endfacet
  facet normal 0 0 -1
    outer loop
      vertex 66.5 -35.4768 3.2
      vertex 65.61 -35.0477 3.2
      vertex 65.7141 -35.0818 3.2
    endloop
  endfacet
  facet normal 0 0 -1
    outer loop
      vertex 66.5 -35.4768 3.2
      vertex 65.502 -35.0148 3.2
      vertex 65.61 -35.0477 3.2
    endloop
  endfacet
  facet normal 0 0 -1
    outer loop
      vertex 66.5 -35.4768 3.2
      vertex 65.3908 -34.9832 3.2
      vertex 65.502 -35.0148 3.2
    endloop
  endfacet
  facet normal 0 0 -1
    outer loop
      vertex 66.5 -35.4768 3.2
      vertex 65.2774 -34.9531 3.2
      vertex 65.3908 -34.9832 3.2
    endloop
  endfacet
  facet normal 0 0 -1
    outer loop
      vertex 66.5 -35.4768 3.2
      vertex 65.1627 -34.9248 3.2
      vertex 65.2774 -34.9531 3.2
    endloop
  endfacet
  facet normal 0 0 -1
    outer loop
      vertex 66.5 -35.4768 3.2
      vertex 65.0475 -34.8985 3.2
      vertex 65.1627 -34.9248 3.2
    endloop
  endfacet
  facet normal 0 0 -1
    outer loop
      vertex 66.5 -35.4768 3.2
      vertex 64.9327 -34.8745 3.2
      vertex 65.0475 -34.8985 3.2
    endloop
  endfacet
  facet normal -0 -0 -1
    outer loop
      vertex 64.7078 -34.834 3.2
      vertex 64.8192 -34.8529 3.2
      vertex 64.2138 -34.788 3.2
    endloop
  endfacet
  facet normal 0 0 -1
    outer loop
      vertex 64.2138 -34.788 3.2
      vertex 64.3953 -34.7958 3.2
      vertex 64.495 -34.8052 3.2
    endloop
  endfacet
  facet normal 0 0 -1
    outer loop
      vertex 64.5994 -34.818 3.2
      vertex 64.2138 -34.788 3.2
      vertex 64.495 -34.8052 3.2
    endloop
  endfacet
  facet normal 0 0 -1
    outer loop
      vertex 64.3953 -34.7958 3.2
      vertex 64.2138 -34.788 3.2
      vertex 64.3013 -34.7899 3.2
    endloop
  endfacet
  facet normal -0 -0 -1
    outer loop
      vertex 64.5994 -34.818 3.2
      vertex 64.7078 -34.834 3.2
      vertex 64.2138 -34.788 3.2
    endloop
  endfacet
  facet normal -0 -0 -1
    outer loop
      vertex 64.2138 -34.788 3.2
      vertex 64.8192 -34.8529 3.2
      vertex 64.1742 -34.7869 3.2
    endloop
  endfacet
  facet normal 0 0 -1
    outer loop
      vertex 64.1742 -34.7869 3.2
      vertex 64.8192 -34.8529 3.2
      vertex 64.9327 -34.8745 3.2
    endloop
  endfacet
  facet normal 0 0 -1
    outer loop
      vertex 66.5 -35.4768 3.2
      vertex 64.1742 -34.7869 3.2
      vertex 64.9327 -34.8745 3.2
    endloop
  endfacet
  facet normal -0 -0 -1
    outer loop
      vertex 66.5 -35.4768 3.2
      vertex 66.5 -48 3.2
      vertex 64.1742 -34.7869 3.2
    endloop
  endfacet
  facet normal -0 -0 -1
    outer loop
      vertex 64.1742 -34.7869 3.2
      vertex 66.5 -48 3.2
      vertex 64.1297 -34.7837 3.2
    endloop
  endfacet
  facet normal -0 -0 -1
    outer loop
      vertex 64.1297 -34.7837 3.2
      vertex 66.5 -48 3.2
      vertex 64.0806 -34.7784 3.2
    endloop
  endfacet
  facet normal -0 -0 -1
    outer loop
      vertex 64.0806 -34.7784 3.2
      vertex 66.5 -48 3.2
      vertex 64.0273 -34.7712 3.2
    endloop
  endfacet
  facet normal -0 -0 -1
    outer loop
      vertex 64.0273 -34.7712 3.2
      vertex 66.5 -48 3.2
      vertex 63.9701 -34.7622 3.2
    endloop
  endfacet
  facet normal -0 -0 -1
    outer loop
      vertex 63.9701 -34.7622 3.2
      vertex 66.5 -48 3.2
      vertex 63.9093 -34.7514 3.2
    endloop
  endfacet
  facet normal -0 -0 -1
    outer loop
      vertex 63.9093 -34.7514 3.2
      vertex 66.5 -48 3.2
      vertex 63.8453 -34.7388 3.2
    endloop
  endfacet
  facet normal -0 -0 -1
    outer loop
      vertex 63.8453 -34.7388 3.2
      vertex 66.5 -48 3.2
      vertex 63.7785 -34.7247 3.2
    endloop
  endfacet
  facet normal -0 -0 -1
    outer loop
      vertex 63.7785 -34.7247 3.2
      vertex 66.5 -48 3.2
      vertex 63.7091 -34.7091 3.2
    endloop
  endfacet
  facet normal -0 -0 -1
    outer loop
      vertex 63.7091 -34.7091 3.2
      vertex 66.5 -48 3.2
      vertex 63.6375 -34.692 3.2
    endloop
  endfacet
  facet normal -0 -0 -1
    outer loop
      vertex 63.6375 -34.692 3.2
      vertex 66.5 -48 3.2
      vertex 63.564 -34.6735 3.2
    endloop
  endfacet
  facet normal -0 -0 -1
    outer loop
      vertex 63.564 -34.6735 3.2
      vertex 66.5 -48 3.2
      vertex 63.4891 -34.6538 3.2
    endloop
  endfacet
  facet normal -0 -0 -1
    outer loop
      vertex 63.4891 -34.6538 3.2
      vertex 66.5 -48 3.2
      vertex 63.413 -34.6329 3.2
    endloop
  endfacet
  facet normal -0 -0 -1
    outer loop
      vertex 63.413 -34.6329 3.2
      vertex 66.5 -48 3.2
      vertex 63.336 -34.6109 3.2
    endloop
  endfacet
  facet normal -0 -0 -1
    outer loop
      vertex 63.336 -34.6109 3.2
      vertex 66.5 -48 3.2
      vertex 63.2586 -34.5879 3.2
    endloop
  endfacet
  facet normal -0 -0 -1
    outer loop
      vertex 63.2586 -34.5879 3.2
      vertex 66.5 -48 3.2
      vertex 63.181 -34.5639 3.2
    endloop
  endfacet
  facet normal -0 -0 -1
    outer loop
      vertex 63.181 -34.5639 3.2
      vertex 66.5 -48 3.2
      vertex 63.1037 -34.5391 3.2
    endloop
  endfacet
  facet normal -0 -0 -1
    outer loop
      vertex 63.1037 -34.5391 3.2
      vertex 66.5 -48 3.2
      vertex 63.0268 -34.5135 3.2
    endloop
  endfacet
  facet normal -0 -0 -1
    outer loop
      vertex 63.0268 -34.5135 3.2
      vertex 66.5 -48 3.2
      vertex 62.9509 -34.4873 3.2
    endloop
  endfacet
  facet normal -0 -0 -1
    outer loop
      vertex 62.9509 -34.4873 3.2
      vertex 66.5 -48 3.2
      vertex 62.8762 -34.4605 3.2
    endloop
  endfacet
  facet normal -0 -0 -1
    outer loop
      vertex 62.8762 -34.4605 3.2
      vertex 66.5 -48 3.2
      vertex 62.7994 -34.4325 3.2
    endloop
  endfacet
  facet normal -0 -0 -1
    outer loop
      vertex 62.7994 -34.4325 3.2
      vertex 66.5 -48 3.2
      vertex 62.7145 -34.4028 3.2
    endloop
  endfacet
  facet normal -0 -0 -1
    outer loop
      vertex 62.7145 -34.4028 3.2
      vertex 66.5 -48 3.2
      vertex 62.6222 -34.3715 3.2
    endloop
  endfacet
  facet normal -0 -0 -1
    outer loop
      vertex 62.6222 -34.3715 3.2
      vertex 66.5 -48 3.2
      vertex 62.5231 -34.339 3.2
    endloop
  endfacet
  facet normal -0 -0 -1
    outer loop
      vertex 62.5231 -34.339 3.2
      vertex 66.5 -48 3.2
      vertex 62.4179 -34.3052 3.2
    endloop
  endfacet
  facet normal -0 -0 -1
    outer loop
      vertex 62.4179 -34.3052 3.2
      vertex 66.5 -48 3.2
      vertex 62.307 -34.2704 3.2
    endloop
  endfacet
  facet normal -0 -0 -1
    outer loop
      vertex 62.307 -34.2704 3.2
      vertex 66.5 -48 3.2
      vertex 62.1913 -34.2348 3.2
    endloop
  endfacet
  facet normal -0 -0 -1
    outer loop
      vertex 62.1913 -34.2348 3.2
      vertex 66.5 -48 3.2
      vertex 62.0713 -34.1985 3.2
    endloop
  endfacet
  facet normal -0 -0 -1
    outer loop
      vertex 62.0713 -34.1985 3.2
      vertex 66.5 -48 3.2
      vertex 61.9476 -34.1617 3.2
    endloop
  endfacet
  facet normal -0 -0 -1
    outer loop
      vertex 61.9476 -34.1617 3.2
      vertex 66.5 -48 3.2
      vertex 61.8208 -34.1245 3.2
    endloop
  endfacet
  facet normal -0 -0 -1
    outer loop
      vertex 61.8208 -34.1245 3.2
      vertex 66.5 -48 3.2
      vertex 61.6916 -34.0872 3.2
    endloop
  endfacet
  facet normal -0 -0 -1
    outer loop
      vertex 61.6916 -34.0872 3.2
      vertex 66.5 -48 3.2
      vertex 61.5607 -34.0499 3.2
    endloop
  endfacet
  facet normal -0 -0 -1
    outer loop
      vertex 61.5607 -34.0499 3.2
      vertex 66.5 -48 3.2
      vertex 61.4285 -34.0127 3.2
    endloop
  endfacet
  facet normal -0 -0 -1
    outer loop
      vertex 61.4285 -34.0127 3.2
      vertex 66.5 -48 3.2
      vertex 61.2959 -33.9759 3.2
    endloop
  endfacet
  facet normal -0 -0 -1
    outer loop
      vertex 61.2959 -33.9759 3.2
      vertex 66.5 -48 3.2
      vertex 61.1633 -33.9396 3.2
    endloop
  endfacet
  facet normal -0 -0 -1
    outer loop
      vertex 61.1633 -33.9396 3.2
      vertex 66.5 -48 3.2
      vertex 61.0314 -33.904 3.2
    endloop
  endfacet
  facet normal -0 -0 -1
    outer loop
      vertex 61.0314 -33.904 3.2
      vertex 66.5 -48 3.2
      vertex 60.9009 -33.8692 3.2
    endloop
  endfacet
  facet normal -0 -0 -1
    outer loop
      vertex 60.9009 -33.8692 3.2
      vertex 66.5 -48 3.2
      vertex 60.7723 -33.8354 3.2
    endloop
  endfacet
  facet normal -0 -0 -1
    outer loop
      vertex 60.7723 -33.8354 3.2
      vertex 66.5 -48 3.2
      vertex 60.6463 -33.8029 3.2
    endloop
  endfacet
  facet normal -0 -0 -1
    outer loop
      vertex 60.6463 -33.8029 3.2
      vertex 66.5 -48 3.2
      vertex 60.5235 -33.7716 3.2
    endloop
  endfacet
  facet normal -0 -0 -1
    outer loop
      vertex 60.5235 -33.7716 3.2
      vertex 66.5 -48 3.2
      vertex 60.401 -33.742 3.2
    endloop
  endfacet
  facet normal -0 -0 -1
    outer loop
      vertex 60.401 -33.742 3.2
      vertex 66.5 -48 3.2
      vertex 60.2759 -33.7106 3.2
    endloop
  endfacet
  facet normal -0 -0 -1
    outer loop
      vertex 60.2759 -33.7106 3.2
      vertex 66.5 -48 3.2
      vertex 60.1486 -33.6778 3.2
    endloop
  endfacet
  facet normal -0 -0 -1
    outer loop
      vertex 60.1486 -33.6778 3.2
      vertex 66.5 -48 3.2
      vertex 60.0199 -33.6437 3.2
    endloop
  endfacet
  facet normal -0 -0 -1
    outer loop
      vertex 60.0199 -33.6437 3.2
      vertex 66.5 -48 3.2
      vertex 59.8903 -33.6086 3.2
    endloop
  endfacet
  facet normal -0 -0 -1
    outer loop
      vertex 59.8903 -33.6086 3.2
      vertex 66.5 -48 3.2
      vertex 59.7604 -33.5727 3.2
    endloop
  endfacet
  facet normal -0 -0 -1
    outer loop
      vertex 59.7604 -33.5727 3.2
      vertex 66.5 -48 3.2
      vertex 59.6309 -33.536 3.2
    endloop
  endfacet
  facet normal -0 -0 -1
    outer loop
      vertex 59.6309 -33.536 3.2
      vertex 66.5 -48 3.2
      vertex 59.5022 -33.499 3.2
    endloop
  endfacet
  facet normal -0 -0 -1
    outer loop
      vertex 59.5022 -33.499 3.2
      vertex 66.5 -48 3.2
      vertex 59.375 -33.4617 3.2
    endloop
  endfacet
  facet normal -0 -0 -1
    outer loop
      vertex 59.375 -33.4617 3.2
      vertex 66.5 -48 3.2
      vertex 59.25 -33.4244 3.2
    endloop
  endfacet
  facet normal -0 -0 -1
    outer loop
      vertex 59.25 -33.4244 3.2
      vertex 66.5 -48 3.2
      vertex 59.1276 -33.3873 3.2
    endloop
  endfacet
  facet normal -0 -0 -1
    outer loop
      vertex 59.1276 -33.3873 3.2
      vertex 66.5 -48 3.2
      vertex 59.0086 -33.3505 3.2
    endloop
  endfacet
  facet normal -0 -0 -1
    outer loop
      vertex 59.0086 -33.3505 3.2
      vertex 66.5 -48 3.2
      vertex 58.8934 -33.3143 3.2
    endloop
  endfacet
  facet normal -0 -0 -1
    outer loop
      vertex 58.8934 -33.3143 3.2
      vertex 66.5 -48 3.2
      vertex 58.7828 -33.2789 3.2
    endloop
  endfacet
  facet normal -0 -0 -1
    outer loop
      vertex 58.7828 -33.2789 3.2
      vertex 66.5 -48 3.2
      vertex 58.6772 -33.2444 3.2
    endloop
  endfacet
  facet normal -0 -0 -1
    outer loop
      vertex 58.6772 -33.2444 3.2
      vertex 66.5 -48 3.2
      vertex 58.5774 -33.2112 3.2
    endloop
  endfacet
  facet normal -0 -0 -1
    outer loop
      vertex 58.5774 -33.2112 3.2
      vertex 66.5 -48 3.2
      vertex 58.4838 -33.1793 3.2
    endloop
  endfacet
  facet normal -0 -0 -1
    outer loop
      vertex 58.4838 -33.1793 3.2
      vertex 66.5 -48 3.2
      vertex 58.3971 -33.149 3.2
    endloop
  endfacet
  facet normal 0 -0 -1
    outer loop
      vertex 56.4906 -32.6452 3.2
      vertex 56.6982 -32.6861 3.2
      vertex 53.0319 -32.8194 3.2
    endloop
  endfacet
  facet normal 0 0 -1
    outer loop
      vertex 57.8333 -32.9575 3.2
      vertex 57.9869 -33.0038 3.2
      vertex 58.2468 -33.0941 3.2
    endloop
  endfacet
  facet normal 0 0 -1
    outer loop
      vertex 58.2468 -33.0941 3.2
      vertex 57.9869 -33.0038 3.2
      vertex 58.1253 -33.0494 3.2
    endloop
  endfacet
  facet normal 0 0 -1
    outer loop
      vertex 57.6665 -32.9109 3.2
      vertex 57.8333 -32.9575 3.2
      vertex 58.2468 -33.0941 3.2
    endloop
  endfacet
  facet normal 0 0 -1
    outer loop
      vertex 58.3179 -33.1206 3.2
      vertex 57.6665 -32.9109 3.2
      vertex 58.2468 -33.0941 3.2
    endloop
  endfacet
  facet normal 0 0 -1
    outer loop
      vertex 58.3179 -33.1206 3.2
      vertex 57.4883 -32.8644 3.2
      vertex 57.6665 -32.9109 3.2
    endloop
  endfacet
  facet normal 0 0 -1
    outer loop
      vertex 58.3179 -33.1206 3.2
      vertex 57.3005 -32.8183 3.2
      vertex 57.4883 -32.8644 3.2
    endloop
  endfacet
  facet normal 0 -0 -1
    outer loop
      vertex 53.1413 -32.7869 3.2
      vertex 56.4906 -32.6452 3.2
      vertex 53.0319 -32.8194 3.2
    endloop
  endfacet
  facet normal 0 -0 -1
    outer loop
      vertex 56.0761 -32.5705 3.2
      vertex 56.2826 -32.6066 3.2
      vertex 53.1413 -32.7869 3.2
    endloop
  endfacet
  facet normal 0 0 -1
    outer loop
      vertex 53.2602 -32.7505 3.2
      vertex 53.3897 -32.7102 3.2
      vertex 53.4711 -32.6866 3.2
    endloop
  endfacet
  facet normal 0 0 -1
    outer loop
      vertex 55.675 -32.5074 3.2
      vertex 53.6342 -32.6409 3.2
      vertex 53.7153 -32.6189 3.2
    endloop
  endfacet
  facet normal 0 0 -1
    outer loop
      vertex 55.484 -32.4811 3.2
      vertex 53.7957 -32.5976 3.2
      vertex 53.8751 -32.577 3.2
    endloop
  endfacet
  facet normal 0 0 -1
    outer loop
      vertex 55.3019 -32.4588 3.2
      vertex 53.9531 -32.5573 3.2
      vertex 54.0295 -32.5385 3.2
    endloop
  endfacet
  facet normal 0 0 -1
    outer loop
      vertex 55.1305 -32.4409 3.2
      vertex 54.1039 -32.5207 3.2
      vertex 54.1759 -32.5041 3.2
    endloop
  endfacet
  facet normal 0 0 -1
    outer loop
      vertex 54.9716 -32.4276 3.2
      vertex 54.2453 -32.4886 3.2
      vertex 54.3118 -32.4744 3.2
    endloop
  endfacet
  facet normal 0 0 -1
    outer loop
      vertex 54.8271 -32.4194 3.2
      vertex 54.4346 -32.4501 3.2
      vertex 54.4903 -32.4402 3.2
    endloop
  endfacet
  facet normal 0 -0 -1
    outer loop
      vertex 54.5887 -32.4253 3.2
      vertex 54.8271 -32.4194 3.2
      vertex 54.5418 -32.4319 3.2
    endloop
  endfacet
  facet normal 0 -0 -1
    outer loop
      vertex 54.6675 -32.4176 3.2
      vertex 54.6989 -32.4166 3.2
      vertex 54.6307 -32.4205 3.2
    endloop
  endfacet
  facet normal 0 -0 -1
    outer loop
      vertex 54.6307 -32.4205 3.2
      vertex 54.6989 -32.4166 3.2
      vertex 54.5887 -32.4253 3.2
    endloop
  endfacet
  facet normal 0 0 -1
    outer loop
      vertex 54.5887 -32.4253 3.2
      vertex 54.6989 -32.4166 3.2
      vertex 54.8271 -32.4194 3.2
    endloop
  endfacet
  facet normal 0 -0 -1
    outer loop
      vertex 54.5418 -32.4319 3.2
      vertex 54.8271 -32.4194 3.2
      vertex 54.4903 -32.4402 3.2
    endloop
  endfacet
  facet normal 0 -0 -1
    outer loop
      vertex 54.8271 -32.4194 3.2
      vertex 54.9716 -32.4276 3.2
      vertex 54.4346 -32.4501 3.2
    endloop
  endfacet
  facet normal 0 -0 -1
    outer loop
      vertex 54.4346 -32.4501 3.2
      vertex 54.9716 -32.4276 3.2
      vertex 54.375 -32.4615 3.2
    endloop
  endfacet
  facet normal 0 -0 -1
    outer loop
      vertex 54.375 -32.4615 3.2
      vertex 54.9716 -32.4276 3.2
      vertex 54.3118 -32.4744 3.2
    endloop
  endfacet
  facet normal 0 -0 -1
    outer loop
      vertex 54.9716 -32.4276 3.2
      vertex 55.1305 -32.4409 3.2
      vertex 54.2453 -32.4886 3.2
    endloop
  endfacet
  facet normal 0 -0 -1
    outer loop
      vertex 54.2453 -32.4886 3.2
      vertex 55.1305 -32.4409 3.2
      vertex 54.1759 -32.5041 3.2
    endloop
  endfacet
  facet normal 0 -0 -1
    outer loop
      vertex 55.1305 -32.4409 3.2
      vertex 55.3019 -32.4588 3.2
      vertex 54.1039 -32.5207 3.2
    endloop
  endfacet
  facet normal 0 -0 -1
    outer loop
      vertex 54.1039 -32.5207 3.2
      vertex 55.3019 -32.4588 3.2
      vertex 54.0295 -32.5385 3.2
    endloop
  endfacet
  facet normal 0 -0 -1
    outer loop
      vertex 55.3019 -32.4588 3.2
      vertex 55.484 -32.4811 3.2
      vertex 53.9531 -32.5573 3.2
    endloop
  endfacet
  facet normal 0 -0 -1
    outer loop
      vertex 53.9531 -32.5573 3.2
      vertex 55.484 -32.4811 3.2
      vertex 53.8751 -32.577 3.2
    endloop
  endfacet
  facet normal 0 -0 -1
    outer loop
      vertex 55.484 -32.4811 3.2
      vertex 55.675 -32.5074 3.2
      vertex 53.7957 -32.5976 3.2
    endloop
  endfacet
  facet normal 0 -0 -1
    outer loop
      vertex 53.7957 -32.5976 3.2
      vertex 55.675 -32.5074 3.2
      vertex 53.7153 -32.6189 3.2
    endloop
  endfacet
  facet normal 0 0 -1
    outer loop
      vertex 55.675 -32.5074 3.2
      vertex 53.5527 -32.6635 3.2
      vertex 53.6342 -32.6409 3.2
    endloop
  endfacet
  facet normal 0 -0 -1
    outer loop
      vertex 55.675 -32.5074 3.2
      vertex 55.873 -32.5373 3.2
      vertex 53.5527 -32.6635 3.2
    endloop
  endfacet
  facet normal 0 -0 -1
    outer loop
      vertex 53.5527 -32.6635 3.2
      vertex 55.873 -32.5373 3.2
      vertex 53.4711 -32.6866 3.2
    endloop
  endfacet
  facet normal 0 0 -1
    outer loop
      vertex 55.873 -32.5373 3.2
      vertex 53.2602 -32.7505 3.2
      vertex 53.4711 -32.6866 3.2
    endloop
  endfacet
  facet normal 0 -0 -1
    outer loop
      vertex 55.873 -32.5373 3.2
      vertex 56.0761 -32.5705 3.2
      vertex 53.2602 -32.7505 3.2
    endloop
  endfacet
  facet normal 0 -0 -1
    outer loop
      vertex 53.2602 -32.7505 3.2
      vertex 56.0761 -32.5705 3.2
      vertex 53.1413 -32.7869 3.2
    endloop
  endfacet
  facet normal 0 0 -1
    outer loop
      vertex 53.1413 -32.7869 3.2
      vertex 56.2826 -32.6066 3.2
      vertex 56.4906 -32.6452 3.2
    endloop
  endfacet
  facet normal 0 -0 -1
    outer loop
      vertex 53.0319 -32.8194 3.2
      vertex 56.6982 -32.6861 3.2
      vertex 52.931 -32.8482 3.2
    endloop
  endfacet
  facet normal 0 0 -1
    outer loop
      vertex 52.931 -32.8482 3.2
      vertex 56.6982 -32.6861 3.2
      vertex 56.9037 -32.7288 3.2
    endloop
  endfacet
  facet normal -0 0 -1
    outer loop
      vertex 57.105 -32.773 3.2
      vertex 52.931 -32.8482 3.2
      vertex 56.9037 -32.7288 3.2
    endloop
  endfacet
  facet normal 0 0 -1
    outer loop
      vertex 57.105 -32.773 3.2
      vertex 52.8374 -32.8734 3.2
      vertex 52.931 -32.8482 3.2
    endloop
  endfacet
  facet normal 0 -0 -1
    outer loop
      vertex 57.105 -32.773 3.2
      vertex 57.3005 -32.8183 3.2
      vertex 52.8374 -32.8734 3.2
    endloop
  endfacet
  facet normal 0 0 -1
    outer loop
      vertex 52.8374 -32.8734 3.2
      vertex 57.3005 -32.8183 3.2
      vertex 58.3179 -33.1206 3.2
    endloop
  endfacet
  facet normal 0 0 -1
    outer loop
      vertex 58.3971 -33.149 3.2
      vertex 52.8374 -32.8734 3.2
      vertex 58.3179 -33.1206 3.2
    endloop
  endfacet
  facet normal -0 -0 -1
    outer loop
      vertex 58.3971 -33.149 3.2
      vertex 66.5 -48 3.2
      vertex 52.8374 -32.8734 3.2
    endloop
  endfacet
  facet normal 0 -0 -1
    outer loop
      vertex 52.8374 -32.8734 3.2
      vertex 66.5 -48 3.2
      vertex 52.7502 -32.895 3.2
    endloop
  endfacet
  facet normal 0 -0 -1
    outer loop
      vertex 52.7502 -32.895 3.2
      vertex 66.5 -48 3.2
      vertex 52.6683 -32.9133 3.2
    endloop
  endfacet
  facet normal 0 -0 -1
    outer loop
      vertex 52.6683 -32.9133 3.2
      vertex 66.5 -48 3.2
      vertex 52.5906 -32.9282 3.2
    endloop
  endfacet
  facet normal 0 -0 -1
    outer loop
      vertex 52.5906 -32.9282 3.2
      vertex 66.5 -48 3.2
      vertex 52.516 -32.94 3.2
    endloop
  endfacet
  facet normal 0 -0 -1
    outer loop
      vertex 52.516 -32.94 3.2
      vertex 66.5 -48 3.2
      vertex 52.4435 -32.9487 3.2
    endloop
  endfacet
  facet normal 0 0 -1
    outer loop
      vertex 52.4435 -32.9487 3.2
      vertex 48.0678 -34.4492 3.2
      vertex 52.3719 -32.9544 3.2
    endloop
  endfacet
  facet normal -0 0 -1
    outer loop
      vertex 52.1526 -32.955 3.2
      vertex 48.0678 -34.4492 3.2
      vertex 52.0744 -32.95 3.2
    endloop
  endfacet
  facet normal 0 -0 -1
    outer loop
      vertex 51.8094 -32.9208 3.2
      vertex 51.9038 -32.9328 3.2
      vertex 48.6275 -33.9297 3.2
    endloop
  endfacet
  facet normal -0 0 -1
    outer loop
      vertex 51.7074 -32.9068 3.2
      vertex 48.7865 -33.7849 3.2
      vertex 51.5968 -32.8908 3.2
    endloop
  endfacet
  facet normal 0 0 -1
    outer loop
      vertex 48.9394 -33.6516 3.2
      vertex 51.2363 -32.8489 3.2
      vertex 51.4122 -32.8667 3.2
    endloop
  endfacet
  facet normal 0 -0 -1
    outer loop
      vertex 49.2305 -33.4184 3.2
      vertex 51.0682 -32.8375 3.2
      vertex 49.0871 -33.5295 3.2
    endloop
  endfacet
  facet normal 0 -0 -1
    outer loop
      vertex 50.7526 -32.8356 3.2
      vertex 50.9073 -32.833 3.2
      vertex 49.3703 -33.318 3.2
    endloop
  endfacet
  facet normal 0 0 -1
    outer loop
      vertex 50.6034 -32.8456 3.2
      vertex 49.5074 -33.228 3.2
      vertex 49.6425 -33.148 3.2
    endloop
  endfacet
  facet normal 0 0 -1
    outer loop
      vertex 50.4588 -32.8633 3.2
      vertex 49.7765 -33.0778 3.2
      vertex 50.318 -32.889 3.2
    endloop
  endfacet
  facet normal 0 0 -1
    outer loop
      vertex 49.9103 -33.0172 3.2
      vertex 50.0446 -32.9657 3.2
      vertex 50.1802 -32.923 3.2
    endloop
  endfacet
  facet normal 0 0 -1
    outer loop
      vertex 50.318 -32.889 3.2
      vertex 49.9103 -33.0172 3.2
      vertex 50.1802 -32.923 3.2
    endloop
  endfacet
  facet normal 0 0 -1
    outer loop
      vertex 50.318 -32.889 3.2
      vertex 49.7765 -33.0778 3.2
      vertex 49.9103 -33.0172 3.2
    endloop
  endfacet
  facet normal 0 0 -1
    outer loop
      vertex 50.4588 -32.8633 3.2
      vertex 49.6425 -33.148 3.2
      vertex 49.7765 -33.0778 3.2
    endloop
  endfacet
  facet normal 0 -0 -1
    outer loop
      vertex 50.4588 -32.8633 3.2
      vertex 50.6034 -32.8456 3.2
      vertex 49.6425 -33.148 3.2
    endloop
  endfacet
  facet normal 0 -0 -1
    outer loop
      vertex 50.6034 -32.8456 3.2
      vertex 50.7526 -32.8356 3.2
      vertex 49.5074 -33.228 3.2
    endloop
  endfacet
  facet normal 0 -0 -1
    outer loop
      vertex 49.5074 -33.228 3.2
      vertex 50.7526 -32.8356 3.2
      vertex 49.3703 -33.318 3.2
    endloop
  endfacet
  facet normal 0 -0 -1
    outer loop
      vertex 49.3703 -33.318 3.2
      vertex 50.9073 -32.833 3.2
      vertex 49.2305 -33.4184 3.2
    endloop
  endfacet
  facet normal 0 0 -1
    outer loop
      vertex 49.2305 -33.4184 3.2
      vertex 50.9073 -32.833 3.2
      vertex 51.0682 -32.8375 3.2
    endloop
  endfacet
  facet normal 0 0 -1
    outer loop
      vertex 49.0871 -33.5295 3.2
      vertex 51.0682 -32.8375 3.2
      vertex 51.2363 -32.8489 3.2
    endloop
  endfacet
  facet normal 0 0 -1
    outer loop
      vertex 48.9394 -33.6516 3.2
      vertex 49.0871 -33.5295 3.2
      vertex 51.2363 -32.8489 3.2
    endloop
  endfacet
  facet normal 0 0 -1
    outer loop
      vertex 48.7865 -33.7849 3.2
      vertex 48.9394 -33.6516 3.2
      vertex 51.4122 -32.8667 3.2
    endloop
  endfacet
  facet normal -0 0 -1
    outer loop
      vertex 51.5968 -32.8908 3.2
      vertex 48.7865 -33.7849 3.2
      vertex 51.4122 -32.8667 3.2
    endloop
  endfacet
  facet normal 0 0 -1
    outer loop
      vertex 51.7074 -32.9068 3.2
      vertex 48.6275 -33.9297 3.2
      vertex 48.7865 -33.7849 3.2
    endloop
  endfacet
  facet normal 0 -0 -1
    outer loop
      vertex 51.7074 -32.9068 3.2
      vertex 51.8094 -32.9208 3.2
      vertex 48.6275 -33.9297 3.2
    endloop
  endfacet
  facet normal 0 -0 -1
    outer loop
      vertex 48.6275 -33.9297 3.2
      vertex 51.9038 -32.9328 3.2
      vertex 48.0678 -34.4492 3.2
    endloop
  endfacet
  facet normal 0 0 -1
    outer loop
      vertex 48.0678 -34.4492 3.2
      vertex 51.9038 -32.9328 3.2
      vertex 51.9918 -32.9425 3.2
    endloop
  endfacet
  facet normal -0 0 -1
    outer loop
      vertex 52.0744 -32.95 3.2
      vertex 48.0678 -34.4492 3.2
      vertex 51.9918 -32.9425 3.2
    endloop
  endfacet
  facet normal 0 -0 -1
    outer loop
      vertex 52.1526 -32.955 3.2
      vertex 52.2276 -32.9575 3.2
      vertex 48.0678 -34.4492 3.2
    endloop
  endfacet
  facet normal 0 0 -1
    outer loop
      vertex 48.0678 -34.4492 3.2
      vertex 52.2276 -32.9575 3.2
      vertex 52.3003 -32.9573 3.2
    endloop
  endfacet
  facet normal 0 0 -1
    outer loop
      vertex 52.3719 -32.9544 3.2
      vertex 48.0678 -34.4492 3.2
      vertex 52.3003 -32.9573 3.2
    endloop
  endfacet
  facet normal 0 -0 -1
    outer loop
      vertex 52.4435 -32.9487 3.2
      vertex 66.5 -48 3.2
      vertex 48.0678 -34.4492 3.2
    endloop
  endfacet
  facet normal -0 0 -1
    outer loop
      vertex 48.0678 -34.4492 3.2
      vertex 43.021 -34.9686 3.2
      vertex 44.0645 -34.4492 3.2
    endloop
  endfacet
  facet normal 0 0 -1
    outer loop
      vertex 48.0678 -34.4492 3.2
      vertex 42.9335 -35.012 3.2
      vertex 43.021 -34.9686 3.2
    endloop
  endfacet
  facet normal 0 0 -1
    outer loop
      vertex 48.0678 -34.4492 3.2
      vertex 42.8419 -35.0571 3.2
      vertex 42.9335 -35.012 3.2
    endloop
  endfacet
  facet normal 0 0 -1
    outer loop
      vertex 48.0678 -34.4492 3.2
      vertex 42.7468 -35.1037 3.2
      vertex 42.8419 -35.0571 3.2
    endloop
  endfacet
  facet normal 0 0 -1
    outer loop
      vertex 48.0678 -34.4492 3.2
      vertex 42.6486 -35.1517 3.2
      vertex 42.7468 -35.1037 3.2
    endloop
  endfacet
  facet normal 0 0 -1
    outer loop
      vertex 48.0678 -34.4492 3.2
      vertex 42.5481 -35.2007 3.2
      vertex 42.6486 -35.1517 3.2
    endloop
  endfacet
  facet normal 0 0 -1
    outer loop
      vertex 48.0678 -34.4492 3.2
      vertex 42.4455 -35.2505 3.2
      vertex 42.5481 -35.2007 3.2
    endloop
  endfacet
  facet normal 0 0 -1
    outer loop
      vertex 48.0678 -34.4492 3.2
      vertex 42.3415 -35.3008 3.2
      vertex 42.4455 -35.2505 3.2
    endloop
  endfacet
  facet normal 0 0 -1
    outer loop
      vertex 48.0678 -34.4492 3.2
      vertex 42.2366 -35.3515 3.2
      vertex 42.3415 -35.3008 3.2
    endloop
  endfacet
  facet normal 0 0 -1
    outer loop
      vertex 48.0678 -34.4492 3.2
      vertex 42.1313 -35.4022 3.2
      vertex 42.2366 -35.3515 3.2
    endloop
  endfacet
  facet normal 0 0 -1
    outer loop
      vertex 48.0678 -34.4492 3.2
      vertex 42.0261 -35.4528 3.2
      vertex 42.1313 -35.4022 3.2
    endloop
  endfacet
  facet normal 0 0 -1
    outer loop
      vertex 48.0678 -34.4492 3.2
      vertex 41.9216 -35.5029 3.2
      vertex 42.0261 -35.4528 3.2
    endloop
  endfacet
  facet normal 0 0 -1
    outer loop
      vertex 48.0678 -34.4492 3.2
      vertex 41.8182 -35.5524 3.2
      vertex 41.9216 -35.5029 3.2
    endloop
  endfacet
  facet normal 0 0 -1
    outer loop
      vertex 48.0678 -34.4492 3.2
      vertex 41.7165 -35.601 3.2
      vertex 41.8182 -35.5524 3.2
    endloop
  endfacet
  facet normal 0 0 -1
    outer loop
      vertex 48.0678 -34.4492 3.2
      vertex 41.617 -35.6484 3.2
      vertex 41.7165 -35.601 3.2
    endloop
  endfacet
  facet normal 0 0 -1
    outer loop
      vertex 48.0678 -34.4492 3.2
      vertex 41.5203 -35.6943 3.2
      vertex 41.617 -35.6484 3.2
    endloop
  endfacet
  facet normal 0 0 -1
    outer loop
      vertex 48.0678 -34.4492 3.2
      vertex 41.4267 -35.7387 3.2
      vertex 41.5203 -35.6943 3.2
    endloop
  endfacet
  facet normal 0 0 -1
    outer loop
      vertex 48.0678 -34.4492 3.2
      vertex 41.3369 -35.7811 3.2
      vertex 41.4267 -35.7387 3.2
    endloop
  endfacet
  facet normal 0 0 -1
    outer loop
      vertex 48.0678 -34.4492 3.2
      vertex 41.2514 -35.8214 3.2
      vertex 41.3369 -35.7811 3.2
    endloop
  endfacet
  facet normal 0 0 -1
    outer loop
      vertex 48.0678 -34.4492 3.2
      vertex 41.1707 -35.8593 3.2
      vertex 41.2514 -35.8214 3.2
    endloop
  endfacet
  facet normal 0 0 -1
    outer loop
      vertex 48.0678 -34.4492 3.2
      vertex 41.0953 -35.8946 3.2
      vertex 41.1707 -35.8593 3.2
    endloop
  endfacet
  facet normal 0 0 -1
    outer loop
      vertex 48.0678 -34.4492 3.2
      vertex 40.2225 -36.3011 3.2
      vertex 41.0953 -35.8946 3.2
    endloop
  endfacet
  facet normal 0 -0 -1
    outer loop
      vertex 48.0678 -34.4492 3.2
      vertex 66.5 -48 3.2
      vertex 40.2225 -36.3011 3.2
    endloop
  endfacet
  facet normal -0 -0 -1
    outer loop
      vertex 33.0045 -34.7033 3.2
      vertex 33.0753 -34.7219 3.2
      vertex 26.125 -34.2256 3.2
    endloop
  endfacet
  facet normal -0 -0 -1
    outer loop
      vertex 36.2704 -35.3063 3.2
      vertex 36.5955 -35.3857 3.2
      vertex 33.4604 -34.7939 3.2
    endloop
  endfacet
  facet normal 0 0 -1
    outer loop
      vertex 35.9762 -35.2353 3.2
      vertex 33.5463 -34.8049 3.2
      vertex 35.7104 -35.1722 3.2
    endloop
  endfacet
  facet normal 0 0 -1
    outer loop
      vertex 33.6361 -34.815 3.2
      vertex 33.7301 -34.8244 3.2
      vertex 35.4705 -35.1164 3.2
    endloop
  endfacet
  facet normal 0 0 -1
    outer loop
      vertex 34.8813 -34.9878 3.2
      vertex 33.7301 -34.8244 3.2
      vertex 33.8287 -34.8331 3.2
    endloop
  endfacet
  facet normal 0 0 -1
    outer loop
      vertex 33.8287 -34.8331 3.2
      vertex 33.948 -34.8438 3.2
      vertex 34.5723 -34.9289 3.2
    endloop
  endfacet
  facet normal 0 0 -1
    outer loop
      vertex 34.0659 -34.8559 3.2
      vertex 34.3072 -34.8863 3.2
      vertex 34.4355 -34.9058 3.2
    endloop
  endfacet
  facet normal 0 0 -1
    outer loop
      vertex 34.0659 -34.8559 3.2
      vertex 34.1848 -34.8699 3.2
      vertex 34.3072 -34.8863 3.2
    endloop
  endfacet
  facet normal 0 0 -1
    outer loop
      vertex 33.948 -34.8438 3.2
      vertex 34.0659 -34.8559 3.2
      vertex 34.4355 -34.9058 3.2
    endloop
  endfacet
  facet normal 0 0 -1
    outer loop
      vertex 34.5723 -34.9289 3.2
      vertex 33.948 -34.8438 3.2
      vertex 34.4355 -34.9058 3.2
    endloop
  endfacet
  facet normal 0 0 -1
    outer loop
      vertex 34.7201 -34.956 3.2
      vertex 33.8287 -34.8331 3.2
      vertex 34.5723 -34.9289 3.2
    endloop
  endfacet
  facet normal -0 -0 -1
    outer loop
      vertex 34.7201 -34.956 3.2
      vertex 34.8813 -34.9878 3.2
      vertex 33.8287 -34.8331 3.2
    endloop
  endfacet
  facet normal -0 -0 -1
    outer loop
      vertex 34.8813 -34.9878 3.2
      vertex 35.0584 -35.0247 3.2
      vertex 33.7301 -34.8244 3.2
    endloop
  endfacet
  facet normal 0 0 -1
    outer loop
      vertex 33.7301 -34.8244 3.2
      vertex 35.0584 -35.0247 3.2
      vertex 35.254 -35.0674 3.2
    endloop
  endfacet
  facet normal 0 0 -1
    outer loop
      vertex 35.4705 -35.1164 3.2
      vertex 33.7301 -34.8244 3.2
      vertex 35.254 -35.0674 3.2
    endloop
  endfacet
  facet normal 0 0 -1
    outer loop
      vertex 35.7104 -35.1722 3.2
      vertex 33.6361 -34.815 3.2
      vertex 35.4705 -35.1164 3.2
    endloop
  endfacet
  facet normal 0 0 -1
    outer loop
      vertex 35.7104 -35.1722 3.2
      vertex 33.5463 -34.8049 3.2
      vertex 33.6361 -34.815 3.2
    endloop
  endfacet
  facet normal -0 -0 -1
    outer loop
      vertex 35.9762 -35.2353 3.2
      vertex 36.2704 -35.3063 3.2
      vertex 33.5463 -34.8049 3.2
    endloop
  endfacet
  facet normal -0 -0 -1
    outer loop
      vertex 33.5463 -34.8049 3.2
      vertex 36.2704 -35.3063 3.2
      vertex 33.4604 -34.7939 3.2
    endloop
  endfacet
  facet normal 0 0 -1
    outer loop
      vertex 33.4604 -34.7939 3.2
      vertex 36.5955 -35.3857 3.2
      vertex 36.9539 -35.4742 3.2
    endloop
  endfacet
  facet normal 0 0 -1
    outer loop
      vertex 33.3779 -34.782 3.2
      vertex 33.4604 -34.7939 3.2
      vertex 36.9539 -35.4742 3.2
    endloop
  endfacet
  facet normal 0 0 -1
    outer loop
      vertex 37.3482 -35.5721 3.2
      vertex 33.3779 -34.782 3.2
      vertex 36.9539 -35.4742 3.2
    endloop
  endfacet
  facet normal 0 0 -1
    outer loop
      vertex 25.7169 -34.2527 3.2
      vertex 25.8146 -34.251 3.2
      vertex 33.3779 -34.782 3.2
    endloop
  endfacet
  facet normal 0 0 -1
    outer loop
      vertex 32.935 -34.6829 3.2
      vertex 26.3493 -34.1917 3.2
      vertex 28.68 -34.0081 3.2
    endloop
  endfacet
  facet normal 0 -0 -1
    outer loop
      vertex 27.9934 -34.0134 3.2
      vertex 28.1514 -34.0104 3.2
      vertex 26.3493 -34.1917 3.2
    endloop
  endfacet
  facet normal 0 -0 -1
    outer loop
      vertex 27.3165 -34.0461 3.2
      vertex 27.4385 -34.0371 3.2
      vertex 26.4677 -34.1697 3.2
    endloop
  endfacet
  facet normal 0 -0 -1
    outer loop
      vertex 27.0887 -34.0677 3.2
      vertex 27.2 -34.0563 3.2
      vertex 26.4677 -34.1697 3.2
    endloop
  endfacet
  facet normal 0 0 -1
    outer loop
      vertex 26.8793 -34.0944 3.2
      vertex 26.5905 -34.1443 3.2
      vertex 26.7802 -34.1097 3.2
    endloop
  endfacet
  facet normal 0 0 -1
    outer loop
      vertex 26.3493 -34.1917 3.2
      vertex 28.1514 -34.0104 3.2
      vertex 28.3182 -34.0085 3.2
    endloop
  endfacet
  facet normal 0 0 -1
    outer loop
      vertex 32.935 -34.6829 3.2
      vertex 28.876 -34.0095 3.2
      vertex 32.8663 -34.6608 3.2
    endloop
  endfacet
  facet normal 0 0 -1
    outer loop
      vertex 32.8663 -34.6608 3.2
      vertex 28.876 -34.0095 3.2
      vertex 29.083 -34.012 3.2
    endloop
  endfacet
  facet normal -0 -0 -1
    outer loop
      vertex 29.3012 -34.0155 3.2
      vertex 32.8663 -34.6608 3.2
      vertex 29.083 -34.012 3.2
    endloop
  endfacet
  facet normal 0 0 -1
    outer loop
      vertex 29.3012 -34.0155 3.2
      vertex 32.798 -34.6367 3.2
      vertex 32.8663 -34.6608 3.2
    endloop
  endfacet
  facet normal 0 0 -1
    outer loop
      vertex 29.3012 -34.0155 3.2
      vertex 29.5313 -34.0201 3.2
      vertex 32.798 -34.6367 3.2
    endloop
  endfacet
  facet normal 0 0 -1
    outer loop
      vertex 32.798 -34.6367 3.2
      vertex 29.5313 -34.0201 3.2
      vertex 32.7299 -34.6105 3.2
    endloop
  endfacet
  facet normal 0 0 -1
    outer loop
      vertex 32.935 -34.6829 3.2
      vertex 28.68 -34.0081 3.2
      vertex 28.876 -34.0095 3.2
    endloop
  endfacet
  facet normal -0 -0 -1
    outer loop
      vertex 32.6614 -34.5822 3.2
      vertex 32.7299 -34.6105 3.2
      vertex 29.5313 -34.0201 3.2
    endloop
  endfacet
  facet normal -0 -0 -1
    outer loop
      vertex 32.5922 -34.5516 3.2
      vertex 32.6614 -34.5822 3.2
      vertex 29.5313 -34.0201 3.2
    endloop
  endfacet
  facet normal -0 -0 -1
    outer loop
      vertex 32.522 -34.5186 3.2
      vertex 32.5922 -34.5516 3.2
      vertex 29.5313 -34.0201 3.2
    endloop
  endfacet
  facet normal -0 -0 -1
    outer loop
      vertex 32.4504 -34.4831 3.2
      vertex 32.522 -34.5186 3.2
      vertex 29.5313 -34.0201 3.2
    endloop
  endfacet
  facet normal -0 -0 -1
    outer loop
      vertex 32.377 -34.4449 3.2
      vertex 32.4504 -34.4831 3.2
      vertex 29.5313 -34.0201 3.2
    endloop
  endfacet
  facet normal 0 0 -1
    outer loop
      vertex 32.3014 -34.404 3.2
      vertex 29.5313 -34.0201 3.2
      vertex 31.6373 -34.054 3.2
    endloop
  endfacet
  facet normal -0 -0 -1
    outer loop
      vertex 32.3014 -34.404 3.2
      vertex 32.377 -34.4449 3.2
      vertex 29.5313 -34.0201 3.2
    endloop
  endfacet
  facet normal 0 0 -1
    outer loop
      vertex 27.8437 -34.0176 3.2
      vertex 26.4677 -34.1697 3.2
      vertex 27.7016 -34.0229 3.2
    endloop
  endfacet
  facet normal 0 0 -1
    outer loop
      vertex 27.3165 -34.0461 3.2
      vertex 26.4677 -34.1697 3.2
      vertex 27.2 -34.0563 3.2
    endloop
  endfacet
  facet normal 0 0 -1
    outer loop
      vertex 26.5905 -34.1443 3.2
      vertex 26.982 -34.0804 3.2
      vertex 27.0887 -34.0677 3.2
    endloop
  endfacet
  facet normal 0 0 -1
    outer loop
      vertex 26.7802 -34.1097 3.2
      vertex 26.5905 -34.1443 3.2
      vertex 26.6841 -34.1263 3.2
    endloop
  endfacet
  facet normal 0 -0 -1
    outer loop
      vertex 26.8793 -34.0944 3.2
      vertex 26.982 -34.0804 3.2
      vertex 26.5905 -34.1443 3.2
    endloop
  endfacet
  facet normal 0 -0 -1
    outer loop
      vertex 26.5905 -34.1443 3.2
      vertex 27.0887 -34.0677 3.2
      vertex 26.4677 -34.1697 3.2
    endloop
  endfacet
  facet normal 0 0 -1
    outer loop
      vertex 26.4677 -34.1697 3.2
      vertex 27.4385 -34.0371 3.2
      vertex 27.5667 -34.0294 3.2
    endloop
  endfacet
  facet normal 0 0 -1
    outer loop
      vertex 27.7016 -34.0229 3.2
      vertex 26.4677 -34.1697 3.2
      vertex 27.5667 -34.0294 3.2
    endloop
  endfacet
  facet normal 0 -0 -1
    outer loop
      vertex 27.8437 -34.0176 3.2
      vertex 27.9934 -34.0134 3.2
      vertex 26.4677 -34.1697 3.2
    endloop
  endfacet
  facet normal 0 -0 -1
    outer loop
      vertex 26.4677 -34.1697 3.2
      vertex 27.9934 -34.0134 3.2
      vertex 26.3493 -34.1917 3.2
    endloop
  endfacet
  facet normal 0 0 -1
    outer loop
      vertex 26.3493 -34.1917 3.2
      vertex 28.3182 -34.0085 3.2
      vertex 28.4942 -34.0077 3.2
    endloop
  endfacet
  facet normal -0 0 -1
    outer loop
      vertex 28.68 -34.0081 3.2
      vertex 26.3493 -34.1917 3.2
      vertex 28.4942 -34.0077 3.2
    endloop
  endfacet
  facet normal 0 0 -1
    outer loop
      vertex 32.935 -34.6829 3.2
      vertex 26.2352 -34.2104 3.2
      vertex 26.3493 -34.1917 3.2
    endloop
  endfacet
  facet normal -0 -0 -1
    outer loop
      vertex 32.935 -34.6829 3.2
      vertex 33.0045 -34.7033 3.2
      vertex 26.2352 -34.2104 3.2
    endloop
  endfacet
  facet normal 0 -0 -1
    outer loop
      vertex 26.2352 -34.2104 3.2
      vertex 33.0045 -34.7033 3.2
      vertex 26.125 -34.2256 3.2
    endloop
  endfacet
  facet normal 0 -0 -1
    outer loop
      vertex 26.125 -34.2256 3.2
      vertex 33.0753 -34.7219 3.2
      vertex 26.0184 -34.2375 3.2
    endloop
  endfacet
  facet normal 0 0 -1
    outer loop
      vertex 26.0184 -34.2375 3.2
      vertex 33.0753 -34.7219 3.2
      vertex 33.1476 -34.739 3.2
    endloop
  endfacet
  facet normal 0 0 -1
    outer loop
      vertex 25.915 -34.2459 3.2
      vertex 26.0184 -34.2375 3.2
      vertex 33.1476 -34.739 3.2
    endloop
  endfacet
  facet normal 0 0 -1
    outer loop
      vertex 33.2219 -34.7546 3.2
      vertex 25.915 -34.2459 3.2
      vertex 33.1476 -34.739 3.2
    endloop
  endfacet
  facet normal 0 0 -1
    outer loop
      vertex 33.2219 -34.7546 3.2
      vertex 25.8146 -34.251 3.2
      vertex 25.915 -34.2459 3.2
    endloop
  endfacet
  facet normal -0 -0 -1
    outer loop
      vertex 33.2219 -34.7546 3.2
      vertex 33.2986 -34.7689 3.2
      vertex 25.8146 -34.251 3.2
    endloop
  endfacet
  facet normal 0 0 -1
    outer loop
      vertex 25.8146 -34.251 3.2
      vertex 33.2986 -34.7689 3.2
      vertex 33.3779 -34.782 3.2
    endloop
  endfacet
  facet normal 0 0 -1
    outer loop
      vertex 25.7169 -34.2527 3.2
      vertex 33.3779 -34.782 3.2
      vertex 37.3482 -35.5721 3.2
    endloop
  endfacet
  facet normal 0 0 -1
    outer loop
      vertex 37.7808 -35.6801 3.2
      vertex 25.7169 -34.2527 3.2
      vertex 37.3482 -35.5721 3.2
    endloop
  endfacet
  facet normal -0 -0 -1
    outer loop
      vertex 37.7808 -35.6801 3.2
      vertex 38.2543 -35.7987 3.2
      vertex 25.7169 -34.2527 3.2
    endloop
  endfacet
  facet normal 0 0 -1
    outer loop
      vertex 25.7169 -34.2527 3.2
      vertex 38.2543 -35.7987 3.2
      vertex 38.7711 -35.9285 3.2
    endloop
  endfacet
  facet normal 0 0 -1
    outer loop
      vertex 40.2225 -36.3011 3.2
      vertex 25.7169 -34.2527 3.2
      vertex 38.7711 -35.9285 3.2
    endloop
  endfacet
  facet normal 0 0 -1
    outer loop
      vertex 40.2225 -36.3011 3.2
      vertex 25.6214 -34.251 3.2
      vertex 25.7169 -34.2527 3.2
    endloop
  endfacet
  facet normal 0 0 -1
    outer loop
      vertex -5.26528 -36.9143 3.2
      vertex -15.5427 -47.0253 3.2
      vertex -5.52302 -37.0561 3.2
    endloop
  endfacet
  facet normal 0 0 -1
    outer loop
      vertex -15.4851 -46.8557 3.2
      vertex -9.42574 -38.9519 3.2
      vertex -9.32444 -38.9109 3.2
    endloop
  endfacet
  facet normal 0 0 -1
    outer loop
      vertex -6.55189 -37.5971 3.2
      vertex -7.16147 -37.8813 3.2
      vertex -7.08964 -37.8452 3.2
    endloop
  endfacet
  facet normal 0 -0 -1
    outer loop
      vertex 11.7347 -33.8842 3.2
      vertex 11.7968 -33.867 3.2
      vertex 11.6019 -33.9297 3.2
    endloop
  endfacet
  facet normal 0 0 -1
    outer loop
      vertex 23.0426 -33.8556 3.2
      vertex 23.1296 -33.8653 3.2
      vertex 25.2568 -34.2104 3.2
    endloop
  endfacet
  facet normal 0 0 -1
    outer loop
      vertex 24.9925 -34.1443 3.2
      vertex 23.3946 -33.8819 3.2
      vertex 23.4872 -33.8839 3.2
    endloop
  endfacet
  facet normal 0 0 -1
    outer loop
      vertex 24.9045 -34.1155 3.2
      vertex 23.7804 -33.8882 3.2
      vertex 24.816 -34.0833 3.2
    endloop
  endfacet
  facet normal 0 0 -1
    outer loop
      vertex 24.816 -34.0833 3.2
      vertex 24.0373 -33.9034 3.2
      vertex 24.0988 -33.9088 3.2
    endloop
  endfacet
  facet normal 0 0 -1
    outer loop
      vertex 24.7267 -34.0477 3.2
      vertex 24.2165 -33.9213 3.2
      vertex 24.2723 -33.9283 3.2
    endloop
  endfacet
  facet normal 0 0 -1
    outer loop
      vertex 24.7267 -34.0477 3.2
      vertex 24.1586 -33.9148 3.2
      vertex 24.2165 -33.9213 3.2
    endloop
  endfacet
  facet normal 0 0 -1
    outer loop
      vertex 24.3765 -33.9437 3.2
      vertex 24.4244 -33.9521 3.2
      vertex 24.7267 -34.0477 3.2
    endloop
  endfacet
  facet normal 0 0 -1
    outer loop
      vertex 24.4691 -33.9608 3.2
      vertex 24.5104 -33.9698 3.2
      vertex 24.6363 -34.0088 3.2
    endloop
  endfacet
  facet normal 0 0 -1
    outer loop
      vertex 24.6363 -34.0088 3.2
      vertex 24.5817 -33.9888 3.2
      vertex 24.6112 -33.9987 3.2
    endloop
  endfacet
  facet normal 0 0 -1
    outer loop
      vertex 24.6363 -34.0088 3.2
      vertex 24.548 -33.9792 3.2
      vertex 24.5817 -33.9888 3.2
    endloop
  endfacet
  facet normal 0 0 -1
    outer loop
      vertex 24.6363 -34.0088 3.2
      vertex 24.5104 -33.9698 3.2
      vertex 24.548 -33.9792 3.2
    endloop
  endfacet
  facet normal 0 0 -1
    outer loop
      vertex 24.7267 -34.0477 3.2
      vertex 24.4691 -33.9608 3.2
      vertex 24.6363 -34.0088 3.2
    endloop
  endfacet
  facet normal 0 0 -1
    outer loop
      vertex 24.7267 -34.0477 3.2
      vertex 24.4244 -33.9521 3.2
      vertex 24.4691 -33.9608 3.2
    endloop
  endfacet
  facet normal 0 0 -1
    outer loop
      vertex 24.3258 -33.9358 3.2
      vertex 24.3765 -33.9437 3.2
      vertex 24.7267 -34.0477 3.2
    endloop
  endfacet
  facet normal 0 0 -1
    outer loop
      vertex 24.2723 -33.9283 3.2
      vertex 24.3258 -33.9358 3.2
      vertex 24.7267 -34.0477 3.2
    endloop
  endfacet
  facet normal -0 -0 -1
    outer loop
      vertex 24.7267 -34.0477 3.2
      vertex 24.816 -34.0833 3.2
      vertex 24.1586 -33.9148 3.2
    endloop
  endfacet
  facet normal -0 -0 -1
    outer loop
      vertex 24.1586 -33.9148 3.2
      vertex 24.816 -34.0833 3.2
      vertex 24.0988 -33.9088 3.2
    endloop
  endfacet
  facet normal 0 0 -1
    outer loop
      vertex 24.816 -34.0833 3.2
      vertex 23.9745 -33.8986 3.2
      vertex 24.0373 -33.9034 3.2
    endloop
  endfacet
  facet normal 0 0 -1
    outer loop
      vertex 24.816 -34.0833 3.2
      vertex 23.9106 -33.8944 3.2
      vertex 23.9745 -33.8986 3.2
    endloop
  endfacet
  facet normal 0 0 -1
    outer loop
      vertex 24.816 -34.0833 3.2
      vertex 23.8458 -33.891 3.2
      vertex 23.9106 -33.8944 3.2
    endloop
  endfacet
  facet normal 0 0 -1
    outer loop
      vertex 24.816 -34.0833 3.2
      vertex 23.7804 -33.8882 3.2
      vertex 23.8458 -33.891 3.2
    endloop
  endfacet
  facet normal 0 0 -1
    outer loop
      vertex 24.9045 -34.1155 3.2
      vertex 23.7147 -33.8862 3.2
      vertex 23.7804 -33.8882 3.2
    endloop
  endfacet
  facet normal 0 0 -1
    outer loop
      vertex 24.9045 -34.1155 3.2
      vertex 23.6489 -33.885 3.2
      vertex 23.7147 -33.8862 3.2
    endloop
  endfacet
  facet normal 0 0 -1
    outer loop
      vertex 24.9045 -34.1155 3.2
      vertex 23.5833 -33.8846 3.2
      vertex 23.6489 -33.885 3.2
    endloop
  endfacet
  facet normal 0 0 -1
    outer loop
      vertex 24.9045 -34.1155 3.2
      vertex 23.4872 -33.8839 3.2
      vertex 23.5833 -33.8846 3.2
    endloop
  endfacet
  facet normal -0 -0 -1
    outer loop
      vertex 24.9045 -34.1155 3.2
      vertex 24.9925 -34.1443 3.2
      vertex 23.4872 -33.8839 3.2
    endloop
  endfacet
  facet normal 0 0 -1
    outer loop
      vertex 24.9925 -34.1443 3.2
      vertex 23.3047 -33.8783 3.2
      vertex 23.3946 -33.8819 3.2
    endloop
  endfacet
  facet normal -0 -0 -1
    outer loop
      vertex 24.9925 -34.1443 3.2
      vertex 25.0804 -34.1697 3.2
      vertex 23.3047 -33.8783 3.2
    endloop
  endfacet
  facet normal -0 -0 -1
    outer loop
      vertex 23.3047 -33.8783 3.2
      vertex 25.0804 -34.1697 3.2
      vertex 23.2167 -33.8728 3.2
    endloop
  endfacet
  facet normal 0 0 -1
    outer loop
      vertex 23.2167 -33.8728 3.2
      vertex 25.0804 -34.1697 3.2
      vertex 25.1684 -34.1917 3.2
    endloop
  endfacet
  facet normal 0 0 -1
    outer loop
      vertex 23.1296 -33.8653 3.2
      vertex 23.2167 -33.8728 3.2
      vertex 25.1684 -34.1917 3.2
    endloop
  endfacet
  facet normal 0 0 -1
    outer loop
      vertex 25.2568 -34.2104 3.2
      vertex 23.1296 -33.8653 3.2
      vertex 25.1684 -34.1917 3.2
    endloop
  endfacet
  facet normal 0 0 -1
    outer loop
      vertex 22.6785 -33.79 3.2
      vertex 14.0082 -33.4745 3.2
      vertex 14.2216 -33.4409 3.2
    endloop
  endfacet
  facet normal -0 -0 -1
    outer loop
      vertex 22.2473 -33.6715 3.2
      vertex 22.3644 -33.7068 3.2
      vertex 14.964 -33.3112 3.2
    endloop
  endfacet
  facet normal 0 -0 -1
    outer loop
      vertex 15.1295 -33.2784 3.2
      vertex 22.2473 -33.6715 3.2
      vertex 14.964 -33.3112 3.2
    endloop
  endfacet
  facet normal 0 -0 -1
    outer loop
      vertex 15.2902 -33.2447 3.2
      vertex 22.1225 -33.6321 3.2
      vertex 15.1295 -33.2784 3.2
    endloop
  endfacet
  facet normal -0 -0 -1
    outer loop
      vertex 21.8467 -33.5399 3.2
      vertex 21.9893 -33.5883 3.2
      vertex 15.4475 -33.2099 3.2
    endloop
  endfacet
  facet normal 0 0 -1
    outer loop
      vertex 21.6938 -33.4867 3.2
      vertex 15.603 -33.1735 3.2
      vertex 21.5299 -33.4285 3.2
    endloop
  endfacet
  facet normal 0 0 -1
    outer loop
      vertex 21.5299 -33.4285 3.2
      vertex 15.603 -33.1735 3.2
      vertex 15.7584 -33.1352 3.2
    endloop
  endfacet
  facet normal -0 -0 -1
    outer loop
      vertex 21.354 -33.3651 3.2
      vertex 21.5299 -33.4285 3.2
      vertex 15.7584 -33.1352 3.2
    endloop
  endfacet
  facet normal 0 -0 -1
    outer loop
      vertex 15.915 -33.0947 3.2
      vertex 21.354 -33.3651 3.2
      vertex 15.7584 -33.1352 3.2
    endloop
  endfacet
  facet normal -0 -0 -1
    outer loop
      vertex 21.1078 -33.2793 3.2
      vertex 21.2326 -33.3225 3.2
      vertex 15.915 -33.0947 3.2
    endloop
  endfacet
  facet normal -0 -0 -1
    outer loop
      vertex 20.9803 -33.2359 3.2
      vertex 21.1078 -33.2793 3.2
      vertex 15.915 -33.0947 3.2
    endloop
  endfacet
  facet normal 0 0 -1
    outer loop
      vertex 16.0746 -33.0518 3.2
      vertex 16.2386 -33.0059 3.2
      vertex 20.7194 -33.149 3.2
    endloop
  endfacet
  facet normal 0 0 -1
    outer loop
      vertex 20.0627 -32.9402 3.2
      vertex 16.5862 -32.9041 3.2
      vertex 19.9354 -32.9015 3.2
    endloop
  endfacet
  facet normal 0 0 -1
    outer loop
      vertex 19.2531 -32.7068 3.2
      vertex 16.9703 -32.7868 3.2
      vertex 17.18 -32.7215 3.2
    endloop
  endfacet
  facet normal -0 0 -1
    outer loop
      vertex 19.6901 -32.8287 3.2
      vertex 16.7729 -32.8476 3.2
      vertex 19.5732 -32.795 3.2
    endloop
  endfacet
  facet normal 0 0 -1
    outer loop
      vertex 20.4551 -33.0632 3.2
      vertex 16.2386 -33.0059 3.2
      vertex 20.3231 -33.0213 3.2
    endloop
  endfacet
  facet normal -0 -0 -1
    outer loop
      vertex 20.5874 -33.1059 3.2
      vertex 20.7194 -33.149 3.2
      vertex 16.2386 -33.0059 3.2
    endloop
  endfacet
  facet normal -0 -0 -1
    outer loop
      vertex 20.4551 -33.0632 3.2
      vertex 20.5874 -33.1059 3.2
      vertex 16.2386 -33.0059 3.2
    endloop
  endfacet
  facet normal 0 0 -1
    outer loop
      vertex 20.3231 -33.0213 3.2
      vertex 16.2386 -33.0059 3.2
      vertex 16.4086 -32.9568 3.2
    endloop
  endfacet
  facet normal 0 0 -1
    outer loop
      vertex 16.4086 -32.9568 3.2
      vertex 16.5862 -32.9041 3.2
      vertex 20.0627 -32.9402 3.2
    endloop
  endfacet
  facet normal 0 0 -1
    outer loop
      vertex 16.5862 -32.9041 3.2
      vertex 19.811 -32.8643 3.2
      vertex 19.9354 -32.9015 3.2
    endloop
  endfacet
  facet normal 0 0 -1
    outer loop
      vertex 16.9703 -32.7868 3.2
      vertex 19.3541 -32.7338 3.2
      vertex 19.461 -32.7633 3.2
    endloop
  endfacet
  facet normal 0 -0 -1
    outer loop
      vertex 19.1587 -32.6825 3.2
      vertex 19.2531 -32.7068 3.2
      vertex 17.18 -32.7215 3.2
    endloop
  endfacet
  facet normal -0 0 -1
    outer loop
      vertex 19.0714 -32.6609 3.2
      vertex 17.18 -32.7215 3.2
      vertex 18.9919 -32.6424 3.2
    endloop
  endfacet
  facet normal 0 -0 -1
    outer loop
      vertex 19.0714 -32.6609 3.2
      vertex 19.1587 -32.6825 3.2
      vertex 17.18 -32.7215 3.2
    endloop
  endfacet
  facet normal 0 -0 -1
    outer loop
      vertex 19.2531 -32.7068 3.2
      vertex 19.3541 -32.7338 3.2
      vertex 16.9703 -32.7868 3.2
    endloop
  endfacet
  facet normal 0 0 -1
    outer loop
      vertex 16.9703 -32.7868 3.2
      vertex 19.461 -32.7633 3.2
      vertex 19.5732 -32.795 3.2
    endloop
  endfacet
  facet normal 0 0 -1
    outer loop
      vertex 16.7729 -32.8476 3.2
      vertex 16.9703 -32.7868 3.2
      vertex 19.5732 -32.795 3.2
    endloop
  endfacet
  facet normal 0 0 -1
    outer loop
      vertex 19.811 -32.8643 3.2
      vertex 16.7729 -32.8476 3.2
      vertex 19.6901 -32.8287 3.2
    endloop
  endfacet
  facet normal -0 0 -1
    outer loop
      vertex 19.811 -32.8643 3.2
      vertex 16.5862 -32.9041 3.2
      vertex 16.7729 -32.8476 3.2
    endloop
  endfacet
  facet normal -0 0 -1
    outer loop
      vertex 18.9919 -32.6424 3.2
      vertex 17.18 -32.7215 3.2
      vertex 18.0907 -32.4279 3.2
    endloop
  endfacet
  facet normal 0 0 -1
    outer loop
      vertex 20.1921 -32.9802 3.2
      vertex 16.4086 -32.9568 3.2
      vertex 20.0627 -32.9402 3.2
    endloop
  endfacet
  facet normal -0 -0 -1
    outer loop
      vertex 20.1921 -32.9802 3.2
      vertex 20.3231 -33.0213 3.2
      vertex 16.4086 -32.9568 3.2
    endloop
  endfacet
  facet normal 0 0 -1
    outer loop
      vertex 20.8506 -33.1924 3.2
      vertex 16.0746 -33.0518 3.2
      vertex 20.7194 -33.149 3.2
    endloop
  endfacet
  facet normal -0 -0 -1
    outer loop
      vertex 20.8506 -33.1924 3.2
      vertex 20.9803 -33.2359 3.2
      vertex 16.0746 -33.0518 3.2
    endloop
  endfacet
  facet normal 0 -0 -1
    outer loop
      vertex 16.0746 -33.0518 3.2
      vertex 20.9803 -33.2359 3.2
      vertex 15.915 -33.0947 3.2
    endloop
  endfacet
  facet normal 0 0 -1
    outer loop
      vertex 15.915 -33.0947 3.2
      vertex 21.2326 -33.3225 3.2
      vertex 21.354 -33.3651 3.2
    endloop
  endfacet
  facet normal -0 -0 -1
    outer loop
      vertex 21.6938 -33.4867 3.2
      vertex 21.8467 -33.5399 3.2
      vertex 15.603 -33.1735 3.2
    endloop
  endfacet
  facet normal 0 -0 -1
    outer loop
      vertex 15.603 -33.1735 3.2
      vertex 21.8467 -33.5399 3.2
      vertex 15.4475 -33.2099 3.2
    endloop
  endfacet
  facet normal 0 -0 -1
    outer loop
      vertex 15.4475 -33.2099 3.2
      vertex 21.9893 -33.5883 3.2
      vertex 15.2902 -33.2447 3.2
    endloop
  endfacet
  facet normal 0 0 -1
    outer loop
      vertex 15.2902 -33.2447 3.2
      vertex 21.9893 -33.5883 3.2
      vertex 22.1225 -33.6321 3.2
    endloop
  endfacet
  facet normal 0 0 -1
    outer loop
      vertex 15.1295 -33.2784 3.2
      vertex 22.1225 -33.6321 3.2
      vertex 22.2473 -33.6715 3.2
    endloop
  endfacet
  facet normal 0 -0 -1
    outer loop
      vertex 14.964 -33.3112 3.2
      vertex 22.3644 -33.7068 3.2
      vertex 14.792 -33.3436 3.2
    endloop
  endfacet
  facet normal 0 0 -1
    outer loop
      vertex 14.792 -33.3436 3.2
      vertex 22.3644 -33.7068 3.2
      vertex 22.4748 -33.7382 3.2
    endloop
  endfacet
  facet normal 0 0 -1
    outer loop
      vertex 14.6119 -33.3757 3.2
      vertex 14.792 -33.3436 3.2
      vertex 22.4748 -33.7382 3.2
    endloop
  endfacet
  facet normal 0 0 -1
    outer loop
      vertex 22.5792 -33.7659 3.2
      vertex 14.6119 -33.3757 3.2
      vertex 22.4748 -33.7382 3.2
    endloop
  endfacet
  facet normal 0 0 -1
    outer loop
      vertex 22.5792 -33.7659 3.2
      vertex 14.4224 -33.408 3.2
      vertex 14.6119 -33.3757 3.2
    endloop
  endfacet
  facet normal 0 0 -1
    outer loop
      vertex 22.5792 -33.7659 3.2
      vertex 14.2216 -33.4409 3.2
      vertex 14.4224 -33.408 3.2
    endloop
  endfacet
  facet normal -0 -0 -1
    outer loop
      vertex 22.5792 -33.7659 3.2
      vertex 22.6785 -33.79 3.2
      vertex 14.2216 -33.4409 3.2
    endloop
  endfacet
  facet normal 0 0 -1
    outer loop
      vertex 22.6785 -33.79 3.2
      vertex 13.7806 -33.5094 3.2
      vertex 14.0082 -33.4745 3.2
    endloop
  endfacet
  facet normal -0 -0 -1
    outer loop
      vertex 22.6785 -33.79 3.2
      vertex 22.7737 -33.8108 3.2
      vertex 13.7806 -33.5094 3.2
    endloop
  endfacet
  facet normal 0 -0 -1
    outer loop
      vertex 13.2786 -33.5843 3.2
      vertex 13.4077 -33.5648 3.2
      vertex 11.5553 -33.9461 3.2
    endloop
  endfacet
  facet normal 0 0 -1
    outer loop
      vertex 11.6019 -33.9297 3.2
      vertex 11.7968 -33.867 3.2
      vertex 11.867 -33.8491 3.2
    endloop
  endfacet
  facet normal 0 0 -1
    outer loop
      vertex 11.6019 -33.9297 3.2
      vertex 11.6812 -33.9004 3.2
      vertex 11.7347 -33.8842 3.2
    endloop
  endfacet
  facet normal 0 0 -1
    outer loop
      vertex 11.6019 -33.9297 3.2
      vertex 11.6368 -33.9156 3.2
      vertex 11.6812 -33.9004 3.2
    endloop
  endfacet
  facet normal 0 0 -1
    outer loop
      vertex 11.9446 -33.8304 3.2
      vertex 11.6019 -33.9297 3.2
      vertex 11.867 -33.8491 3.2
    endloop
  endfacet
  facet normal 0 0 -1
    outer loop
      vertex 11.9446 -33.8304 3.2
      vertex 11.5553 -33.9461 3.2
      vertex 11.6019 -33.9297 3.2
    endloop
  endfacet
  facet normal 0 -0 -1
    outer loop
      vertex 11.9446 -33.8304 3.2
      vertex 12.0293 -33.8112 3.2
      vertex 11.5553 -33.9461 3.2
    endloop
  endfacet
  facet normal 0 0 -1
    outer loop
      vertex 11.5553 -33.9461 3.2
      vertex 12.0293 -33.8112 3.2
      vertex 12.1206 -33.7913 3.2
    endloop
  endfacet
  facet normal 0 0 -1
    outer loop
      vertex 12.2178 -33.7711 3.2
      vertex 11.5553 -33.9461 3.2
      vertex 12.1206 -33.7913 3.2
    endloop
  endfacet
  facet normal 0 -0 -1
    outer loop
      vertex 12.2178 -33.7711 3.2
      vertex 12.3205 -33.7505 3.2
      vertex 11.5553 -33.9461 3.2
    endloop
  endfacet
  facet normal 0 0 -1
    outer loop
      vertex 11.5553 -33.9461 3.2
      vertex 12.3205 -33.7505 3.2
      vertex 12.4282 -33.7296 3.2
    endloop
  endfacet
  facet normal 0 0 -1
    outer loop
      vertex 12.5404 -33.7086 3.2
      vertex 11.5553 -33.9461 3.2
      vertex 12.4282 -33.7296 3.2
    endloop
  endfacet
  facet normal 0 -0 -1
    outer loop
      vertex 12.5404 -33.7086 3.2
      vertex 12.6565 -33.6875 3.2
      vertex 11.5553 -33.9461 3.2
    endloop
  endfacet
  facet normal 0 0 -1
    outer loop
      vertex 11.5553 -33.9461 3.2
      vertex 12.6565 -33.6875 3.2
      vertex 12.7761 -33.6664 3.2
    endloop
  endfacet
  facet normal 0 0 -1
    outer loop
      vertex 12.8986 -33.6455 3.2
      vertex 11.5553 -33.9461 3.2
      vertex 12.7761 -33.6664 3.2
    endloop
  endfacet
  facet normal 0 -0 -1
    outer loop
      vertex 12.8986 -33.6455 3.2
      vertex 13.0235 -33.6248 3.2
      vertex 11.5553 -33.9461 3.2
    endloop
  endfacet
  facet normal 0 0 -1
    outer loop
      vertex 11.5553 -33.9461 3.2
      vertex 13.0235 -33.6248 3.2
      vertex 13.1504 -33.6043 3.2
    endloop
  endfacet
  facet normal 0 0 -1
    outer loop
      vertex 13.2786 -33.5843 3.2
      vertex 11.5553 -33.9461 3.2
      vertex 13.1504 -33.6043 3.2
    endloop
  endfacet
  facet normal 0 -0 -1
    outer loop
      vertex 13.4077 -33.5648 3.2
      vertex 13.5372 -33.5458 3.2
      vertex 11.5553 -33.9461 3.2
    endloop
  endfacet
  facet normal 0 -0 -1
    outer loop
      vertex 11.5553 -33.9461 3.2
      vertex 13.5372 -33.5458 3.2
      vertex 11.4975 -33.9613 3.2
    endloop
  endfacet
  facet normal 0 0 -1
    outer loop
      vertex 11.4975 -33.9613 3.2
      vertex 13.5372 -33.5458 3.2
      vertex 13.7806 -33.5094 3.2
    endloop
  endfacet
  facet normal -0 0 -1
    outer loop
      vertex 22.7737 -33.8108 3.2
      vertex 11.4975 -33.9613 3.2
      vertex 13.7806 -33.5094 3.2
    endloop
  endfacet
  facet normal 0 -0 -1
    outer loop
      vertex 22.7737 -33.8108 3.2
      vertex 22.8655 -33.8286 3.2
      vertex 11.4975 -33.9613 3.2
    endloop
  endfacet
  facet normal 0 -0 -1
    outer loop
      vertex 11.4975 -33.9613 3.2
      vertex 22.8655 -33.8286 3.2
      vertex 11.4275 -33.9754 3.2
    endloop
  endfacet
  facet normal 0 0 -1
    outer loop
      vertex 11.4275 -33.9754 3.2
      vertex 22.8655 -33.8286 3.2
      vertex 22.9549 -33.8434 3.2
    endloop
  endfacet
  facet normal -0 0 -1
    outer loop
      vertex 23.0426 -33.8556 3.2
      vertex 11.4275 -33.9754 3.2
      vertex 22.9549 -33.8434 3.2
    endloop
  endfacet
  facet normal 0 0 -1
    outer loop
      vertex 23.0426 -33.8556 3.2
      vertex 11.3445 -33.9885 3.2
      vertex 11.4275 -33.9754 3.2
    endloop
  endfacet
  facet normal 0 -0 -1
    outer loop
      vertex 23.0426 -33.8556 3.2
      vertex 25.2568 -34.2104 3.2
      vertex 11.3445 -33.9885 3.2
    endloop
  endfacet
  facet normal 0 0 -1
    outer loop
      vertex 11.0089 -34.0217 3.2
      vertex -15.5862 -47.0853 3.2
      vertex 10.8653 -34.0309 3.2
    endloop
  endfacet
  facet normal 0 -0 -1
    outer loop
      vertex -15.5427 -47.0253 3.2
      vertex 6.06228 -34.1023 3.2
      vertex -15.5633 -47.0576 3.2
    endloop
  endfacet
  facet normal 0 0 -1
    outer loop
      vertex -14.1475 -42.4748 3.2
      vertex -15.4677 -46.6322 3.2
      vertex -14.2024 -42.5515 3.2
    endloop
  endfacet
  facet normal 0 0 -1
    outer loop
      vertex -14.2592 -42.6287 3.2
      vertex -15.4677 -46.6322 3.2
      vertex -15.4696 -46.5696 3.2
    endloop
  endfacet
  facet normal 0 -0 -1
    outer loop
      vertex -6.59308 -37.611 3.2
      vertex -6.55189 -37.5971 3.2
      vertex -6.7044 -37.6564 3.2
    endloop
  endfacet
  facet normal 0 0 -1
    outer loop
      vertex -15.7172 -45.5251 3.2
      vertex -15.7373 -45.3954 3.2
      vertex -15.6621 -44.6391 3.2
    endloop
  endfacet
  facet normal 0 0 -1
    outer loop
      vertex -15.7484 -45.2678 3.2
      vertex -15.7503 -45.1417 3.2
      vertex -15.7259 -44.8914 3.2
    endloop
  endfacet
  facet normal 0 -0 -1
    outer loop
      vertex -9.96475 -39.1548 3.2
      vertex -9.79002 -39.0903 3.2
      vertex -15.477 -46.8043 3.2
    endloop
  endfacet
  facet normal 0 -0 -1
    outer loop
      vertex -9.22012 -38.8679 3.2
      vertex -9.11331 -38.823 3.2
      vertex -15.4958 -46.9038 3.2
    endloop
  endfacet
  facet normal 0 0 -1
    outer loop
      vertex -8.45003 -38.5278 3.2
      vertex -15.509 -46.9482 3.2
      vertex -8.56057 -38.5789 3.2
    endloop
  endfacet
  facet normal 0 0 -1
    outer loop
      vertex -8.02562 -38.323 3.2
      vertex -15.509 -46.9482 3.2
      vertex -8.12799 -38.3738 3.2
    endloop
  endfacet
  facet normal 0 -0 -1
    outer loop
      vertex -15.5246 -46.9888 3.2
      vertex -6.46561 -37.557 3.2
      vertex -15.5427 -47.0253 3.2
    endloop
  endfacet
  facet normal 0 0 -1
    outer loop
      vertex -5.26528 -36.9143 3.2
      vertex 4.76338 -34.1273 3.2
      vertex 5.00193 -34.1216 3.2
    endloop
  endfacet
  facet normal 0 -0 -1
    outer loop
      vertex -4.99548 -36.7649 3.2
      vertex 4.53771 -34.1334 3.2
      vertex -5.26528 -36.9143 3.2
    endloop
  endfacet
  facet normal 0 -0 -1
    outer loop
      vertex 2.99979 -34.2343 3.2
      vertex 3.05972 -34.229 3.2
      vertex -4.99548 -36.7649 3.2
    endloop
  endfacet
  facet normal 0 -0 -1
    outer loop
      vertex 2.9378 -34.2388 3.2
      vertex 2.99979 -34.2343 3.2
      vertex -4.71832 -36.6103 3.2
    endloop
  endfacet
  facet normal 0 -0 -1
    outer loop
      vertex 2.87405 -34.2425 3.2
      vertex 2.9378 -34.2388 3.2
      vertex -4.43853 -36.4532 3.2
    endloop
  endfacet
  facet normal 0 0 -1
    outer loop
      vertex 2.74243 -34.2475 3.2
      vertex -3.88993 -36.1423 3.2
      vertex 2.67518 -34.2487 3.2
    endloop
  endfacet
  facet normal 0 0 -1
    outer loop
      vertex -3.16521 -35.7233 3.2
      vertex 2.47119 -34.2474 3.2
      vertex 2.53925 -34.2487 3.2
    endloop
  endfacet
  facet normal 0 -0 -1
    outer loop
      vertex -3.38741 -35.8531 3.2
      vertex 2.60735 -34.2492 3.2
      vertex -3.63055 -35.9937 3.2
    endloop
  endfacet
  facet normal 0 -0 -1
    outer loop
      vertex -4.16083 -36.2963 3.2
      vertex 2.87405 -34.2425 3.2
      vertex -4.43853 -36.4532 3.2
    endloop
  endfacet
  facet normal 0 0 -1
    outer loop
      vertex 3.05972 -34.229 3.2
      vertex 3.11729 -34.223 3.2
      vertex 4.32605 -34.1399 3.2
    endloop
  endfacet
  facet normal 0 0 -1
    outer loop
      vertex 3.11729 -34.223 3.2
      vertex 3.94927 -34.1536 3.2
      vertex 4.12953 -34.1466 3.2
    endloop
  endfacet
  facet normal 0 -0 -1
    outer loop
      vertex 3.64211 -34.1684 3.2
      vertex 3.78643 -34.1609 3.2
      vertex 3.17219 -34.2163 3.2
    endloop
  endfacet
  facet normal 0 -0 -1
    outer loop
      vertex 3.51746 -34.1762 3.2
      vertex 3.64211 -34.1684 3.2
      vertex 3.22414 -34.2089 3.2
    endloop
  endfacet
  facet normal 0 0 -1
    outer loop
      vertex 3.41361 -34.1842 3.2
      vertex 3.27282 -34.2008 3.2
      vertex 3.33169 -34.1924 3.2
    endloop
  endfacet
  facet normal 0 0 -1
    outer loop
      vertex 3.41361 -34.1842 3.2
      vertex 3.22414 -34.2089 3.2
      vertex 3.27282 -34.2008 3.2
    endloop
  endfacet
  facet normal 0 -0 -1
    outer loop
      vertex 3.41361 -34.1842 3.2
      vertex 3.51746 -34.1762 3.2
      vertex 3.22414 -34.2089 3.2
    endloop
  endfacet
  facet normal 0 -0 -1
    outer loop
      vertex 3.22414 -34.2089 3.2
      vertex 3.64211 -34.1684 3.2
      vertex 3.17219 -34.2163 3.2
    endloop
  endfacet
  facet normal 0 0 -1
    outer loop
      vertex 3.17219 -34.2163 3.2
      vertex 3.78643 -34.1609 3.2
      vertex 3.94927 -34.1536 3.2
    endloop
  endfacet
  facet normal 0 0 -1
    outer loop
      vertex 3.11729 -34.223 3.2
      vertex 3.17219 -34.2163 3.2
      vertex 3.94927 -34.1536 3.2
    endloop
  endfacet
  facet normal 0 0 -1
    outer loop
      vertex 4.32605 -34.1399 3.2
      vertex 3.11729 -34.223 3.2
      vertex 4.12953 -34.1466 3.2
    endloop
  endfacet
  facet normal 0 0 -1
    outer loop
      vertex 4.53771 -34.1334 3.2
      vertex 3.05972 -34.229 3.2
      vertex 4.32605 -34.1399 3.2
    endloop
  endfacet
  facet normal 0 0 -1
    outer loop
      vertex -3.88993 -36.1423 3.2
      vertex -3.63055 -35.9937 3.2
      vertex 2.67518 -34.2487 3.2
    endloop
  endfacet
  facet normal 0 0 -1
    outer loop
      vertex -3.38741 -35.8531 3.2
      vertex 2.53925 -34.2487 3.2
      vertex 2.60735 -34.2492 3.2
    endloop
  endfacet
  facet normal 0 0 -1
    outer loop
      vertex -3.38741 -35.8531 3.2
      vertex -3.16521 -35.7233 3.2
      vertex 2.53925 -34.2487 3.2
    endloop
  endfacet
  facet normal 0 0 -1
    outer loop
      vertex -3.16521 -35.7233 3.2
      vertex 2.40345 -34.2452 3.2
      vertex 2.47119 -34.2474 3.2
    endloop
  endfacet
  facet normal 0 0 -1
    outer loop
      vertex -3.16521 -35.7233 3.2
      vertex -2.96869 -35.6069 3.2
      vertex 2.40345 -34.2452 3.2
    endloop
  endfacet
  facet normal 0 -0 -1
    outer loop
      vertex 2.60735 -34.2492 3.2
      vertex 2.67518 -34.2487 3.2
      vertex -3.63055 -35.9937 3.2
    endloop
  endfacet
  facet normal 0 -0 -1
    outer loop
      vertex 2.33633 -34.242 3.2
      vertex 2.40345 -34.2452 3.2
      vertex -2.96869 -35.6069 3.2
    endloop
  endfacet
  facet normal 0 -0 -1
    outer loop
      vertex -2.80255 -35.5064 3.2
      vertex 2.33633 -34.242 3.2
      vertex -2.96869 -35.6069 3.2
    endloop
  endfacet
  facet normal 0 -0 -1
    outer loop
      vertex 2.74243 -34.2475 3.2
      vertex 2.80882 -34.2454 3.2
      vertex -3.88993 -36.1423 3.2
    endloop
  endfacet
  facet normal 0 -0 -1
    outer loop
      vertex -3.88993 -36.1423 3.2
      vertex 2.80882 -34.2454 3.2
      vertex -4.16083 -36.2963 3.2
    endloop
  endfacet
  facet normal 0 -0 -1
    outer loop
      vertex 2.27015 -34.238 3.2
      vertex 2.33633 -34.242 3.2
      vertex -2.80255 -35.5064 3.2
    endloop
  endfacet
  facet normal 0 -0 -1
    outer loop
      vertex 2.20518 -34.233 3.2
      vertex 2.27015 -34.238 3.2
      vertex -2.80255 -35.5064 3.2
    endloop
  endfacet
  facet normal 0 0 -1
    outer loop
      vertex -4.16083 -36.2963 3.2
      vertex 2.80882 -34.2454 3.2
      vertex 2.87405 -34.2425 3.2
    endloop
  endfacet
  facet normal 0 0 -1
    outer loop
      vertex -2.67152 -35.4245 3.2
      vertex 2.14174 -34.227 3.2
      vertex 2.20518 -34.233 3.2
    endloop
  endfacet
  facet normal 0 -0 -1
    outer loop
      vertex -0.120476 -34.3329 3.2
      vertex 2.08011 -34.22 3.2
      vertex -2.67152 -35.4245 3.2
    endloop
  endfacet
  facet normal 0 -0 -1
    outer loop
      vertex -0.848773 -34.5275 3.2
      vertex -0.608272 -34.4548 3.2
      vertex -2.58031 -35.3639 3.2
    endloop
  endfacet
  facet normal 0 -0 -1
    outer loop
      vertex -1.31877 -34.6953 3.2
      vertex -1.08588 -34.6077 3.2
      vertex -2.58031 -35.3639 3.2
    endloop
  endfacet
  facet normal 0 0 -1
    outer loop
      vertex -1.7685 -34.8918 3.2
      vertex -2.58031 -35.3639 3.2
      vertex -1.98367 -35.0002 3.2
    endloop
  endfacet
  facet normal 0 0 -1
    outer loop
      vertex -2.58031 -35.3639 3.2
      vertex -2.39042 -35.2364 3.2
      vertex -2.19126 -35.1151 3.2
    endloop
  endfacet
  facet normal 0 -0 -1
    outer loop
      vertex -1.08588 -34.6077 3.2
      vertex -0.848773 -34.5275 3.2
      vertex -2.58031 -35.3639 3.2
    endloop
  endfacet
  facet normal 0 0 -1
    outer loop
      vertex -2.67152 -35.4245 3.2
      vertex -0.608272 -34.4548 3.2
      vertex -0.365228 -34.3899 3.2
    endloop
  endfacet
  facet normal 0 0 -1
    outer loop
      vertex 0.125145 -34.2841 3.2
      vertex 0.370792 -34.2437 3.2
      vertex 2.08011 -34.22 3.2
    endloop
  endfacet
  facet normal 0 0 -1
    outer loop
      vertex 2.08011 -34.22 3.2
      vertex 0.615634 -34.2118 3.2
      vertex 0.858818 -34.1888 3.2
    endloop
  endfacet
  facet normal 0 -0 -1
    outer loop
      vertex 1.33689 -34.1697 3.2
      vertex 2.08011 -34.22 3.2
      vertex 1.09952 -34.1746 3.2
    endloop
  endfacet
  facet normal 0 0 -1
    outer loop
      vertex 1.33689 -34.1697 3.2
      vertex 1.57008 -34.1742 3.2
      vertex 2.08011 -34.22 3.2
    endloop
  endfacet
  facet normal 0 0 -1
    outer loop
      vertex 1.57008 -34.1742 3.2
      vertex 1.79827 -34.1882 3.2
      vertex 2.02061 -34.212 3.2
    endloop
  endfacet
  facet normal 0 0 -1
    outer loop
      vertex 2.08011 -34.22 3.2
      vertex 1.57008 -34.1742 3.2
      vertex 2.02061 -34.212 3.2
    endloop
  endfacet
  facet normal 0 -0 -1
    outer loop
      vertex 1.09952 -34.1746 3.2
      vertex 2.08011 -34.22 3.2
      vertex 0.858818 -34.1888 3.2
    endloop
  endfacet
  facet normal -0 0 -1
    outer loop
      vertex 2.08011 -34.22 3.2
      vertex 0.370792 -34.2437 3.2
      vertex 0.615634 -34.2118 3.2
    endloop
  endfacet
  facet normal 0 0 -1
    outer loop
      vertex -0.120476 -34.3329 3.2
      vertex 0.125145 -34.2841 3.2
      vertex 2.08011 -34.22 3.2
    endloop
  endfacet
  facet normal 0 0 -1
    outer loop
      vertex -0.120476 -34.3329 3.2
      vertex -2.67152 -35.4245 3.2
      vertex -0.365228 -34.3899 3.2
    endloop
  endfacet
  facet normal 0 0 -1
    outer loop
      vertex -2.58031 -35.3639 3.2
      vertex -1.7685 -34.8918 3.2
      vertex -1.54659 -34.7901 3.2
    endloop
  endfacet
  facet normal 0 0 -1
    outer loop
      vertex -1.98367 -35.0002 3.2
      vertex -2.58031 -35.3639 3.2
      vertex -2.19126 -35.1151 3.2
    endloop
  endfacet
  facet normal 0 -0 -1
    outer loop
      vertex -1.54659 -34.7901 3.2
      vertex -1.31877 -34.6953 3.2
      vertex -2.58031 -35.3639 3.2
    endloop
  endfacet
  facet normal 0 -0 -1
    outer loop
      vertex -2.58031 -35.3639 3.2
      vertex -0.608272 -34.4548 3.2
      vertex -2.67152 -35.4245 3.2
    endloop
  endfacet
  facet normal 0 0 -1
    outer loop
      vertex -2.67152 -35.4245 3.2
      vertex 2.08011 -34.22 3.2
      vertex 2.14174 -34.227 3.2
    endloop
  endfacet
  facet normal 0 0 -1
    outer loop
      vertex -2.80255 -35.5064 3.2
      vertex -2.67152 -35.4245 3.2
      vertex 2.20518 -34.233 3.2
    endloop
  endfacet
  facet normal 0 -0 -1
    outer loop
      vertex -4.43853 -36.4532 3.2
      vertex 2.9378 -34.2388 3.2
      vertex -4.71832 -36.6103 3.2
    endloop
  endfacet
  facet normal 0 -0 -1
    outer loop
      vertex -4.71832 -36.6103 3.2
      vertex 2.99979 -34.2343 3.2
      vertex -4.99548 -36.7649 3.2
    endloop
  endfacet
  facet normal 0 0 -1
    outer loop
      vertex -4.99548 -36.7649 3.2
      vertex 3.05972 -34.229 3.2
      vertex 4.53771 -34.1334 3.2
    endloop
  endfacet
  facet normal 0 0 -1
    outer loop
      vertex -5.26528 -36.9143 3.2
      vertex 4.53771 -34.1334 3.2
      vertex 4.76338 -34.1273 3.2
    endloop
  endfacet
  facet normal 0 0 -1
    outer loop
      vertex -15.5427 -47.0253 3.2
      vertex -6.46561 -37.557 3.2
      vertex -6.33897 -37.4933 3.2
    endloop
  endfacet
  facet normal 0 0 -1
    outer loop
      vertex -7.5646 -38.0858 3.2
      vertex -15.5246 -46.9888 3.2
      vertex -7.65199 -38.1303 3.2
    endloop
  endfacet
  facet normal 0 -0 -1
    outer loop
      vertex -8.02562 -38.323 3.2
      vertex -7.92664 -38.2729 3.2
      vertex -15.5246 -46.9888 3.2
    endloop
  endfacet
  facet normal 0 0 -1
    outer loop
      vertex -7.22393 -37.1805 3.2
      vertex -7.48214 -37.2968 3.2
      vertex -7.53573 -37.3152 3.2
    endloop
  endfacet
  facet normal 0 0 -1
    outer loop
      vertex -15.509 -46.9482 3.2
      vertex -8.34072 -38.4764 3.2
      vertex -8.2332 -38.425 3.2
    endloop
  endfacet
  facet normal 0 0 -1
    outer loop
      vertex -7.11924 -25.3198 3.2
      vertex -6.28709 -36.4833 3.2
      vertex -6.33801 -36.5182 3.2
    endloop
  endfacet
  facet normal 0 0 -1
    outer loop
      vertex -8.56057 -38.5789 3.2
      vertex -15.509 -46.9482 3.2
      vertex -8.67183 -38.6296 3.2
    endloop
  endfacet
  facet normal 0 0 -1
    outer loop
      vertex -15.4958 -46.9038 3.2
      vertex -9.00454 -38.7765 3.2
      vertex -8.89434 -38.7286 3.2
    endloop
  endfacet
  facet normal 0 0 -1
    outer loop
      vertex -8.67183 -38.6296 3.2
      vertex -15.4958 -46.9038 3.2
      vertex -8.78327 -38.6796 3.2
    endloop
  endfacet
  facet normal 0 0 -1
    outer loop
      vertex -9.52348 -38.9905 3.2
      vertex -15.4851 -46.8557 3.2
      vertex -9.61712 -39.0266 3.2
    endloop
  endfacet
  facet normal 0 0 -1
    outer loop
      vertex -9.61712 -39.0266 3.2
      vertex -15.4851 -46.8557 3.2
      vertex -9.70615 -39.06 3.2
    endloop
  endfacet
  facet normal 0 -0 -1
    outer loop
      vertex -10.9178 -39.5593 3.2
      vertex -10.721 -39.4697 3.2
      vertex -15.4713 -46.7498 3.2
    endloop
  endfacet
  facet normal 0 0 -1
    outer loop
      vertex -7.75992 -37.3739 3.2
      vertex -6.97284 -37.0198 3.2
      vertex -7.02309 -37.0557 3.2
    endloop
  endfacet
  facet normal 0 0 -1
    outer loop
      vertex -15.4713 -46.7498 3.2
      vertex -10.721 -39.4697 3.2
      vertex -10.526 -39.3838 3.2
    endloop
  endfacet
  facet normal 0 0 -1
    outer loop
      vertex -7.02309 -37.0557 3.2
      vertex -7.07322 -37.0898 3.2
      vertex -7.7022 -37.3614 3.2
    endloop
  endfacet
  facet normal 0 0 -1
    outer loop
      vertex -15.5185 -46.2278 3.2
      vertex -15.5362 -46.1553 3.2
      vertex -14.9802 -43.5069 3.2
    endloop
  endfacet
  facet normal 0 0 -1
    outer loop
      vertex -19.6464 -42.2183 3.2
      vertex -18.176 -41.5634 3.2
      vertex -18.2405 -41.631 3.2
    endloop
  endfacet
  facet normal 0 0 -1
    outer loop
      vertex -15.477 -46.8043 3.2
      vertex -10.526 -39.3838 3.2
      vertex -10.3341 -39.3022 3.2
    endloop
  endfacet
  facet normal 0 0 -1
    outer loop
      vertex -14.5996 -40.0502 3.2
      vertex -14.6777 -40.1017 3.2
      vertex -14.7664 -40.1546 3.2
    endloop
  endfacet
  facet normal 0 -0 -1
    outer loop
      vertex -6.95713 -37.779 3.2
      vertex -6.55189 -37.5971 3.2
      vertex -7.02143 -37.811 3.2
    endloop
  endfacet
  facet normal 0 0 -1
    outer loop
      vertex -13.9767 -24.7516 3.2
      vertex -13.4975 -39.6358 3.2
      vertex -13.5784 -39.6443 3.2
    endloop
  endfacet
  facet normal 0 0 -1
    outer loop
      vertex -6.89702 -37.7493 3.2
      vertex -6.8414 -37.722 3.2
      vertex -6.55189 -37.5971 3.2
    endloop
  endfacet
  facet normal 0 0 -1
    outer loop
      vertex -14.2532 -24.7318 3.2
      vertex -14.1716 -24.7406 3.2
      vertex -13.7934 -39.6761 3.2
    endloop
  endfacet
  facet normal 0 0 -1
    outer loop
      vertex -6.55189 -37.5971 3.2
      vertex -6.8414 -37.722 3.2
      vertex -6.79056 -37.6973 3.2
    endloop
  endfacet
  facet normal 0 0 -1
    outer loop
      vertex -14.9727 -40.2631 3.2
      vertex -14.5358 -40.0061 3.2
      vertex -14.8649 -40.2084 3.2
    endloop
  endfacet
  facet normal 0 0 -1
    outer loop
      vertex -6.95713 -37.779 3.2
      vertex -6.89702 -37.7493 3.2
      vertex -6.55189 -37.5971 3.2
    endloop
  endfacet
  facet normal 0 0 -1
    outer loop
      vertex -9.99083 -38.0746 3.2
      vertex -11.6389 -39.2359 3.2
      vertex -11.816 -39.2997 3.2
    endloop
  endfacet
  facet normal 0 0 -1
    outer loop
      vertex -6.79056 -37.6973 3.2
      vertex -6.7448 -37.6754 3.2
      vertex -6.55189 -37.5971 3.2
    endloop
  endfacet
  facet normal 0 0 -1
    outer loop
      vertex -10.9886 -38.9427 3.2
      vertex -10.0877 -38.1904 3.2
      vertex -10.8446 -38.8615 3.2
    endloop
  endfacet
  facet normal 0 0 -1
    outer loop
      vertex -6.55189 -37.5971 3.2
      vertex -6.7448 -37.6754 3.2
      vertex -6.7044 -37.6564 3.2
    endloop
  endfacet
  facet normal 0 0 -1
    outer loop
      vertex -6.55189 -37.5971 3.2
      vertex -7.08964 -37.8452 3.2
      vertex -7.02143 -37.811 3.2
    endloop
  endfacet
  facet normal 0 -0 -1
    outer loop
      vertex -6.64086 -37.6278 3.2
      vertex -6.59308 -37.611 3.2
      vertex -6.66966 -37.6405 3.2
    endloop
  endfacet
  facet normal 0 -0 -1
    outer loop
      vertex -6.66966 -37.6405 3.2
      vertex -6.59308 -37.611 3.2
      vertex -6.7044 -37.6564 3.2
    endloop
  endfacet
  facet normal 0 0 -1
    outer loop
      vertex -7.23662 -37.9192 3.2
      vertex -7.16147 -37.8813 3.2
      vertex -6.55189 -37.5971 3.2
    endloop
  endfacet
  facet normal 0 0 -1
    outer loop
      vertex -7.31479 -37.9588 3.2
      vertex -7.23662 -37.9192 3.2
      vertex -6.55189 -37.5971 3.2
    endloop
  endfacet
  facet normal 0 0 -1
    outer loop
      vertex -6.64086 -37.6278 3.2
      vertex -6.61831 -37.6186 3.2
      vertex -6.59308 -37.611 3.2
    endloop
  endfacet
  facet normal 0 0 -1
    outer loop
      vertex -6.59308 -37.611 3.2
      vertex -6.61831 -37.6186 3.2
      vertex -6.60228 -37.613 3.2
    endloop
  endfacet
  facet normal 0 0 -1
    outer loop
      vertex -15.4958 -46.9038 3.2
      vertex -8.89434 -38.7286 3.2
      vertex -8.78327 -38.6796 3.2
    endloop
  endfacet
  facet normal 0 -0 -1
    outer loop
      vertex -9.52348 -38.9905 3.2
      vertex -9.42574 -38.9519 3.2
      vertex -15.4851 -46.8557 3.2
    endloop
  endfacet
  facet normal 0 0 -1
    outer loop
      vertex -9.22012 -38.8679 3.2
      vertex -15.4851 -46.8557 3.2
      vertex -9.32444 -38.9109 3.2
    endloop
  endfacet
  facet normal 0 0 -1
    outer loop
      vertex -7.65199 -38.1303 3.2
      vertex -7.83157 -38.2237 3.2
      vertex -7.74094 -38.1757 3.2
    endloop
  endfacet
  facet normal 0 -0 -1
    outer loop
      vertex -11.1149 -39.6518 3.2
      vertex -10.9178 -39.5593 3.2
      vertex -15.4713 -46.7498 3.2
    endloop
  endfacet
  facet normal 0 0 -1
    outer loop
      vertex -10.0877 -38.1904 3.2
      vertex -10.7096 -38.7779 3.2
      vertex -10.8446 -38.8615 3.2
    endloop
  endfacet
  facet normal 0 -0 -1
    outer loop
      vertex -15.5574 -44.3798 3.2
      vertex -15.4891 -44.2458 3.2
      vertex -15.6509 -45.7935 3.2
    endloop
  endfacet
  facet normal -0 0 -1
    outer loop
      vertex -15.4829 -40.4853 3.2
      vertex -15.6268 -40.5405 3.2
      vertex -14.4749 -39.9653 3.2
    endloop
  endfacet
  facet normal 0 0 -1
    outer loop
      vertex -15.6509 -45.7935 3.2
      vertex -15.4891 -44.2458 3.2
      vertex -15.6052 -45.9335 3.2
    endloop
  endfacet
  facet normal 0 0 -1
    outer loop
      vertex -15.6268 -40.5405 3.2
      vertex -14.4164 -39.9276 3.2
      vertex -14.4749 -39.9653 3.2
    endloop
  endfacet
  facet normal 0 0 -1
    outer loop
      vertex -15.6052 -45.9335 3.2
      vertex -15.4891 -44.2458 3.2
      vertex -15.41 -44.1081 3.2
    endloop
  endfacet
  facet normal -0 0 -1
    outer loop
      vertex -15.2133 -40.374 3.2
      vertex -15.3448 -40.4297 3.2
      vertex -14.4749 -39.9653 3.2
    endloop
  endfacet
  facet normal 0 0 -1
    outer loop
      vertex -15.5565 -46.0819 3.2
      vertex -15.5795 -46.0079 3.2
      vertex -15.2182 -43.8189 3.2
    endloop
  endfacet
  facet normal 0 0 -1
    outer loop
      vertex -14.5358 -40.0061 3.2
      vertex -14.9727 -40.2631 3.2
      vertex -15.0891 -40.3184 3.2
    endloop
  endfacet
  facet normal 0 0 -1
    outer loop
      vertex -15.1051 -43.666 3.2
      vertex -15.5565 -46.0819 3.2
      vertex -15.2182 -43.8189 3.2
    endloop
  endfacet
  facet normal 0 0 -1
    outer loop
      vertex -14.5358 -40.0061 3.2
      vertex -14.5996 -40.0502 3.2
      vertex -14.8649 -40.2084 3.2
    endloop
  endfacet
  facet normal 0 0 -1
    outer loop
      vertex -14.8435 -43.3407 3.2
      vertex -15.5185 -46.2278 3.2
      vertex -14.9802 -43.5069 3.2
    endloop
  endfacet
  facet normal 0 0 -1
    outer loop
      vertex -14.5358 -40.0061 3.2
      vertex -15.0891 -40.3184 3.2
      vertex -15.2133 -40.374 3.2
    endloop
  endfacet
  facet normal 0 0 -1
    outer loop
      vertex -14.6945 -43.1669 3.2
      vertex -15.5035 -46.2993 3.2
      vertex -14.8435 -43.3407 3.2
    endloop
  endfacet
  facet normal -0 0 -1
    outer loop
      vertex -15.3448 -40.4297 3.2
      vertex -15.4829 -40.4853 3.2
      vertex -14.4749 -39.9653 3.2
    endloop
  endfacet
  facet normal 0 0 -1
    outer loop
      vertex -15.4911 -46.3694 3.2
      vertex -15.5035 -46.2993 3.2
      vertex -14.6945 -43.1669 3.2
    endloop
  endfacet
  facet normal -0 0 -1
    outer loop
      vertex -7.55728 -25.1308 3.2
      vertex -8.57242 -37.5523 3.2
      vertex -9.1683 -24.7192 3.2
    endloop
  endfacet
  facet normal 0 0 -1
    outer loop
      vertex -15.4742 -46.5048 3.2
      vertex -14.3776 -42.784 3.2
      vertex -15.4696 -46.5696 3.2
    endloop
  endfacet
  facet normal 0 0 -1
    outer loop
      vertex -14.4164 -39.9276 3.2
      vertex -15.6268 -40.5405 3.2
      vertex -15.776 -40.595 3.2
    endloop
  endfacet
  facet normal 0 0 -1
    outer loop
      vertex -14.5014 -42.9389 3.2
      vertex -15.4814 -46.438 3.2
      vertex -14.5649 -43.0157 3.2
    endloop
  endfacet
  facet normal 0 0 -1
    outer loop
      vertex -19.6464 -42.2183 3.2
      vertex -18.1375 -41.5218 3.2
      vertex -18.176 -41.5634 3.2
    endloop
  endfacet
  facet normal 0 0 -1
    outer loop
      vertex -14.5649 -43.0157 3.2
      vertex -15.4814 -46.438 3.2
      vertex -15.4911 -46.3694 3.2
    endloop
  endfacet
  facet normal 0 0 -1
    outer loop
      vertex -7.42933 -37.2768 3.2
      vertex -7.27461 -37.2072 3.2
      vertex -7.37721 -37.2553 3.2
    endloop
  endfacet
  facet normal 0 0 -1
    outer loop
      vertex -14.4389 -42.8616 3.2
      vertex -15.4742 -46.5048 3.2
      vertex -14.5014 -42.9389 3.2
    endloop
  endfacet
  facet normal 0 0 -1
    outer loop
      vertex -11.3005 -39.0963 3.2
      vertex -10.0386 -38.1294 3.2
      vertex -11.1408 -39.021 3.2
    endloop
  endfacet
  facet normal 0 0 -1
    outer loop
      vertex -15.4696 -46.5696 3.2
      vertex -14.3776 -42.784 3.2
      vertex -14.3177 -42.7063 3.2
    endloop
  endfacet
  facet normal -0 0 -1
    outer loop
      vertex -11.4667 -39.168 3.2
      vertex -11.6389 -39.2359 3.2
      vertex -9.99083 -38.0746 3.2
    endloop
  endfacet
  facet normal 0 -0 -1
    outer loop
      vertex -14.0436 -42.3242 3.2
      vertex -13.9951 -42.2506 3.2
      vertex -15.4713 -46.7498 3.2
    endloop
  endfacet
  facet normal 0 0 -1
    outer loop
      vertex -11.1149 -39.6518 3.2
      vertex -13.949 -42.1784 3.2
      vertex -11.3112 -39.7466 3.2
    endloop
  endfacet
  facet normal 0 0 -1
    outer loop
      vertex -13.949 -42.1784 3.2
      vertex -13.9055 -42.108 3.2
      vertex -11.5052 -39.8429 3.2
    endloop
  endfacet
  facet normal 0 0 -1
    outer loop
      vertex -13.8647 -42.0394 3.2
      vertex -11.8811 -40.0375 3.2
      vertex -11.6956 -39.9401 3.2
    endloop
  endfacet
  facet normal 0 0 -1
    outer loop
      vertex -13.9055 -42.108 3.2
      vertex -13.8647 -42.0394 3.2
      vertex -11.6956 -39.9401 3.2
    endloop
  endfacet
  facet normal 0 0 -1
    outer loop
      vertex -13.7606 -41.8473 3.2
      vertex -12.3949 -40.3236 3.2
      vertex -12.2321 -40.2299 3.2
    endloop
  endfacet
  facet normal 0 0 -1
    outer loop
      vertex -13.7606 -41.8473 3.2
      vertex -13.7325 -41.7885 3.2
      vertex -12.3949 -40.3236 3.2
    endloop
  endfacet
  facet normal 0 0 -1
    outer loop
      vertex -13.7325 -41.7885 3.2
      vertex -13.7079 -41.7327 3.2
      vertex -12.6885 -40.5025 3.2
    endloop
  endfacet
  facet normal 0 0 -1
    outer loop
      vertex -13.6093 -41.5237 3.2
      vertex -13.7079 -41.7327 3.2
      vertex -13.6362 -41.5767 3.2
    endloop
  endfacet
  facet normal 0 -0 -1
    outer loop
      vertex -13.5217 -41.3647 3.2
      vertex -12.6885 -40.5025 3.2
      vertex -13.5519 -41.4175 3.2
    endloop
  endfacet
  facet normal 0 0 -1
    outer loop
      vertex -13.4591 -41.261 3.2
      vertex -13.4269 -41.2105 3.2
      vertex -12.8166 -40.5863 3.2
    endloop
  endfacet
  facet normal 0 -0 -1
    outer loop
      vertex -13.2961 -41.0224 3.2
      vertex -12.9305 -40.6654 3.2
      vertex -13.3288 -41.0669 3.2
    endloop
  endfacet
  facet normal 0 0 -1
    outer loop
      vertex -13.2961 -41.0224 3.2
      vertex -13.2637 -40.98 3.2
      vertex -12.9305 -40.6654 3.2
    endloop
  endfacet
  facet normal 0 0 -1
    outer loop
      vertex -13.0288 -40.7391 3.2
      vertex -13.2316 -40.9399 3.2
      vertex -13.2001 -40.9023 3.2
    endloop
  endfacet
  facet normal 0 0 -1
    outer loop
      vertex -13.1693 -40.8675 3.2
      vertex -13.1393 -40.8355 3.2
      vertex -13.0288 -40.7391 3.2
    endloop
  endfacet
  facet normal 0 0 -1
    outer loop
      vertex -13.2637 -40.98 3.2
      vertex -13.0288 -40.7391 3.2
      vertex -12.9305 -40.6654 3.2
    endloop
  endfacet
  facet normal 0 0 -1
    outer loop
      vertex -13.3944 -41.1611 3.2
      vertex -12.9305 -40.6654 3.2
      vertex -12.8166 -40.5863 3.2
    endloop
  endfacet
  facet normal 0 0 -1
    outer loop
      vertex -13.5812 -41.4706 3.2
      vertex -13.5519 -41.4175 3.2
      vertex -12.6885 -40.5025 3.2
    endloop
  endfacet
  facet normal 0 0 -1
    outer loop
      vertex -13.6093 -41.5237 3.2
      vertex -13.5812 -41.4706 3.2
      vertex -12.6885 -40.5025 3.2
    endloop
  endfacet
  facet normal 0 -0 -1
    outer loop
      vertex -13.7922 -41.9089 3.2
      vertex -12.0604 -40.1343 3.2
      vertex -13.8269 -41.973 3.2
    endloop
  endfacet
  facet normal 0 0 -1
    outer loop
      vertex -12.3949 -40.3236 3.2
      vertex -13.7325 -41.7885 3.2
      vertex -12.5475 -40.4147 3.2
    endloop
  endfacet
  facet normal 0 -0 -1
    outer loop
      vertex -13.6617 -41.6294 3.2
      vertex -13.6362 -41.5767 3.2
      vertex -13.7079 -41.7327 3.2
    endloop
  endfacet
  facet normal 0 0 -1
    outer loop
      vertex -13.4907 -41.3125 3.2
      vertex -13.4591 -41.261 3.2
      vertex -12.8166 -40.5863 3.2
    endloop
  endfacet
  facet normal 0 0 -1
    outer loop
      vertex -13.3616 -41.1132 3.2
      vertex -13.3288 -41.0669 3.2
      vertex -12.9305 -40.6654 3.2
    endloop
  endfacet
  facet normal 0 0 -1
    outer loop
      vertex -19.563 -42.2199 3.2
      vertex -19.6464 -42.2183 3.2
      vertex -18.3058 -41.6948 3.2
    endloop
  endfacet
  facet normal 0 0 -1
    outer loop
      vertex -13.2001 -40.9023 3.2
      vertex -13.1693 -40.8675 3.2
      vertex -13.0288 -40.7391 3.2
    endloop
  endfacet
  facet normal 0 0 -1
    outer loop
      vertex -13.7259 -39.6643 3.2
      vertex -14.0799 -24.7471 3.2
      vertex -13.6543 -39.6538 3.2
    endloop
  endfacet
  facet normal 0 0 -1
    outer loop
      vertex -13.0288 -40.7391 3.2
      vertex -13.1393 -40.8355 3.2
      vertex -13.1103 -40.8068 3.2
    endloop
  endfacet
  facet normal 0 0 -1
    outer loop
      vertex -19.563 -42.2199 3.2
      vertex -18.3058 -41.6948 3.2
      vertex -18.372 -41.755 3.2
    endloop
  endfacet
  facet normal 0 0 -1
    outer loop
      vertex -13.0288 -40.7391 3.2
      vertex -13.2637 -40.98 3.2
      vertex -13.2316 -40.9399 3.2
    endloop
  endfacet
  facet normal 0 0 -1
    outer loop
      vertex -19.563 -42.2199 3.2
      vertex -18.372 -41.755 3.2
      vertex -19.4808 -42.218 3.2
    endloop
  endfacet
  facet normal 0 0 -1
    outer loop
      vertex -12.9305 -40.6654 3.2
      vertex -13.3944 -41.1611 3.2
      vertex -13.3616 -41.1132 3.2
    endloop
  endfacet
  facet normal 0 0 -1
    outer loop
      vertex -18.4391 -41.8114 3.2
      vertex -19.3996 -42.2124 3.2
      vertex -19.4808 -42.218 3.2
    endloop
  endfacet
  facet normal 0 0 -1
    outer loop
      vertex -12.8166 -40.5863 3.2
      vertex -13.4269 -41.2105 3.2
      vertex -13.3944 -41.1611 3.2
    endloop
  endfacet
  facet normal 0 0 -1
    outer loop
      vertex -10.1401 -38.2582 3.2
      vertex -10.3668 -38.5152 3.2
      vertex -10.4699 -38.6044 3.2
    endloop
  endfacet
  facet normal 0 -0 -1
    outer loop
      vertex -13.4907 -41.3125 3.2
      vertex -12.8166 -40.5863 3.2
      vertex -13.5217 -41.3647 3.2
    endloop
  endfacet
  facet normal 0 0 -1
    outer loop
      vertex -13.5217 -41.3647 3.2
      vertex -12.8166 -40.5863 3.2
      vertex -12.6885 -40.5025 3.2
    endloop
  endfacet
  facet normal 0 0 -1
    outer loop
      vertex -13.7079 -41.7327 3.2
      vertex -13.6857 -41.6815 3.2
      vertex -13.6617 -41.6294 3.2
    endloop
  endfacet
  facet normal 0 0 -1
    outer loop
      vertex -12.6885 -40.5025 3.2
      vertex -13.7079 -41.7327 3.2
      vertex -13.6093 -41.5237 3.2
    endloop
  endfacet
  facet normal 0 0 -1
    outer loop
      vertex -12.5475 -40.4147 3.2
      vertex -13.7325 -41.7885 3.2
      vertex -12.6885 -40.5025 3.2
    endloop
  endfacet
  facet normal 0 0 -1
    outer loop
      vertex -13.7922 -41.9089 3.2
      vertex -13.7606 -41.8473 3.2
      vertex -12.2321 -40.2299 3.2
    endloop
  endfacet
  facet normal 0 0 -1
    outer loop
      vertex -12.0604 -40.1343 3.2
      vertex -13.7922 -41.9089 3.2
      vertex -12.2321 -40.2299 3.2
    endloop
  endfacet
  facet normal 0 0 -1
    outer loop
      vertex -11.8811 -40.0375 3.2
      vertex -13.8269 -41.973 3.2
      vertex -12.0604 -40.1343 3.2
    endloop
  endfacet
  facet normal 0 0 -1
    outer loop
      vertex -11.8811 -40.0375 3.2
      vertex -13.8647 -42.0394 3.2
      vertex -13.8269 -41.973 3.2
    endloop
  endfacet
  facet normal 0 0 -1
    outer loop
      vertex -11.5052 -39.8429 3.2
      vertex -13.9055 -42.108 3.2
      vertex -11.6956 -39.9401 3.2
    endloop
  endfacet
  facet normal 0 0 -1
    outer loop
      vertex -11.3112 -39.7466 3.2
      vertex -13.949 -42.1784 3.2
      vertex -11.5052 -39.8429 3.2
    endloop
  endfacet
  facet normal 0 0 -1
    outer loop
      vertex -11.1149 -39.6518 3.2
      vertex -13.9951 -42.2506 3.2
      vertex -13.949 -42.1784 3.2
    endloop
  endfacet
  facet normal 0 -0 -1
    outer loop
      vertex -14.2592 -42.6287 3.2
      vertex -14.2024 -42.5515 3.2
      vertex -15.4677 -46.6322 3.2
    endloop
  endfacet
  facet normal 0 -0 -1
    outer loop
      vertex -14.4389 -42.8616 3.2
      vertex -14.3776 -42.784 3.2
      vertex -15.4742 -46.5048 3.2
    endloop
  endfacet
  facet normal 0 0 -1
    outer loop
      vertex -15.4814 -46.438 3.2
      vertex -14.5014 -42.9389 3.2
      vertex -15.4742 -46.5048 3.2
    endloop
  endfacet
  facet normal 0 -0 -1
    outer loop
      vertex -14.6294 -43.0918 3.2
      vertex -14.5649 -43.0157 3.2
      vertex -15.4911 -46.3694 3.2
    endloop
  endfacet
  facet normal 0 0 -1
    outer loop
      vertex -14.6294 -43.0918 3.2
      vertex -15.4911 -46.3694 3.2
      vertex -14.6945 -43.1669 3.2
    endloop
  endfacet
  facet normal 0 0 -1
    outer loop
      vertex -14.8435 -43.3407 3.2
      vertex -15.5035 -46.2993 3.2
      vertex -15.5185 -46.2278 3.2
    endloop
  endfacet
  facet normal 0 0 -1
    outer loop
      vertex -14.9802 -43.5069 3.2
      vertex -15.5362 -46.1553 3.2
      vertex -15.1051 -43.666 3.2
    endloop
  endfacet
  facet normal 0 0 -1
    outer loop
      vertex -15.1051 -43.666 3.2
      vertex -15.5362 -46.1553 3.2
      vertex -15.5565 -46.0819 3.2
    endloop
  endfacet
  facet normal 0 0 -1
    outer loop
      vertex -15.5795 -46.0079 3.2
      vertex -15.41 -44.1081 3.2
      vertex -15.3197 -43.966 3.2
    endloop
  endfacet
  facet normal 0 0 -1
    outer loop
      vertex -15.2182 -43.8189 3.2
      vertex -15.5795 -46.0079 3.2
      vertex -15.3197 -43.966 3.2
    endloop
  endfacet
  facet normal 0 0 -1
    outer loop
      vertex -15.6883 -45.6576 3.2
      vertex -15.5574 -44.3798 3.2
      vertex -15.6509 -45.7935 3.2
    endloop
  endfacet
  facet normal 0 0 -1
    outer loop
      vertex -15.7172 -45.5251 3.2
      vertex -15.615 -44.5107 3.2
      vertex -15.6883 -45.6576 3.2
    endloop
  endfacet
  facet normal 0 -0 -1
    outer loop
      vertex -15.6621 -44.6391 3.2
      vertex -15.615 -44.5107 3.2
      vertex -15.7172 -45.5251 3.2
    endloop
  endfacet
  facet normal 0 0 -1
    outer loop
      vertex -15.699 -44.7658 3.2
      vertex -15.7484 -45.2678 3.2
      vertex -15.7259 -44.8914 3.2
    endloop
  endfacet
  facet normal 0 -0 -1
    outer loop
      vertex -15.7429 -45.0164 3.2
      vertex -15.7259 -44.8914 3.2
      vertex -15.7503 -45.1417 3.2
    endloop
  endfacet
  facet normal 0 0 -1
    outer loop
      vertex -15.699 -44.7658 3.2
      vertex -15.7373 -45.3954 3.2
      vertex -15.7484 -45.2678 3.2
    endloop
  endfacet
  facet normal 0 -0 -1
    outer loop
      vertex -15.699 -44.7658 3.2
      vertex -15.6621 -44.6391 3.2
      vertex -15.7373 -45.3954 3.2
    endloop
  endfacet
  facet normal 0 0 -1
    outer loop
      vertex -15.5574 -44.3798 3.2
      vertex -15.6883 -45.6576 3.2
      vertex -15.615 -44.5107 3.2
    endloop
  endfacet
  facet normal 0 0 -1
    outer loop
      vertex -15.6052 -45.9335 3.2
      vertex -15.41 -44.1081 3.2
      vertex -15.5795 -46.0079 3.2
    endloop
  endfacet
  facet normal 0 0 -1
    outer loop
      vertex -14.2592 -42.6287 3.2
      vertex -15.4696 -46.5696 3.2
      vertex -14.3177 -42.7063 3.2
    endloop
  endfacet
  facet normal 0 0 -1
    outer loop
      vertex -15.4682 -46.6924 3.2
      vertex -15.4677 -46.6322 3.2
      vertex -14.1475 -42.4748 3.2
    endloop
  endfacet
  facet normal 0 0 -1
    outer loop
      vertex -14.0945 -42.399 3.2
      vertex -15.4682 -46.6924 3.2
      vertex -14.1475 -42.4748 3.2
    endloop
  endfacet
  facet normal 0 -0 -1
    outer loop
      vertex -14.0945 -42.399 3.2
      vertex -14.0436 -42.3242 3.2
      vertex -15.4682 -46.6924 3.2
    endloop
  endfacet
  facet normal 0 -0 -1
    outer loop
      vertex -15.4682 -46.6924 3.2
      vertex -14.0436 -42.3242 3.2
      vertex -15.4713 -46.7498 3.2
    endloop
  endfacet
  facet normal 0 0 -1
    outer loop
      vertex -15.4713 -46.7498 3.2
      vertex -13.9951 -42.2506 3.2
      vertex -11.1149 -39.6518 3.2
    endloop
  endfacet
  facet normal 0 0 -1
    outer loop
      vertex -15.477 -46.8043 3.2
      vertex -15.4713 -46.7498 3.2
      vertex -10.526 -39.3838 3.2
    endloop
  endfacet
  facet normal 0 0 -1
    outer loop
      vertex -10.1465 -39.2256 3.2
      vertex -15.477 -46.8043 3.2
      vertex -10.3341 -39.3022 3.2
    endloop
  endfacet
  facet normal 0 -0 -1
    outer loop
      vertex -10.1465 -39.2256 3.2
      vertex -9.96475 -39.1548 3.2
      vertex -15.477 -46.8043 3.2
    endloop
  endfacet
  facet normal 0 0 -1
    outer loop
      vertex -15.477 -46.8043 3.2
      vertex -9.79002 -39.0903 3.2
      vertex -9.70615 -39.06 3.2
    endloop
  endfacet
  facet normal 0 0 -1
    outer loop
      vertex -15.4851 -46.8557 3.2
      vertex -15.477 -46.8043 3.2
      vertex -9.70615 -39.06 3.2
    endloop
  endfacet
  facet normal 0 0 -1
    outer loop
      vertex -15.4958 -46.9038 3.2
      vertex -15.4851 -46.8557 3.2
      vertex -9.22012 -38.8679 3.2
    endloop
  endfacet
  facet normal 0 0 -1
    outer loop
      vertex -9.00454 -38.7765 3.2
      vertex -15.4958 -46.9038 3.2
      vertex -9.11331 -38.823 3.2
    endloop
  endfacet
  facet normal 0 0 -1
    outer loop
      vertex -8.67183 -38.6296 3.2
      vertex -15.509 -46.9482 3.2
      vertex -15.4958 -46.9038 3.2
    endloop
  endfacet
  facet normal 0 -0 -1
    outer loop
      vertex -8.45003 -38.5278 3.2
      vertex -8.34072 -38.4764 3.2
      vertex -15.509 -46.9482 3.2
    endloop
  endfacet
  facet normal 0 0 -1
    outer loop
      vertex -15.509 -46.9482 3.2
      vertex -8.2332 -38.425 3.2
      vertex -8.12799 -38.3738 3.2
    endloop
  endfacet
  facet normal 0 0 -1
    outer loop
      vertex -15.5246 -46.9888 3.2
      vertex -15.509 -46.9482 3.2
      vertex -8.02562 -38.323 3.2
    endloop
  endfacet
  facet normal 0 0 -1
    outer loop
      vertex -7.83157 -38.2237 3.2
      vertex -15.5246 -46.9888 3.2
      vertex -7.92664 -38.2729 3.2
    endloop
  endfacet
  facet normal 0 -0 -1
    outer loop
      vertex -7.83157 -38.2237 3.2
      vertex -7.65199 -38.1303 3.2
      vertex -15.5246 -46.9888 3.2
    endloop
  endfacet
  facet normal 0 0 -1
    outer loop
      vertex -15.5246 -46.9888 3.2
      vertex -7.5646 -38.0858 3.2
      vertex -7.47908 -38.0422 3.2
    endloop
  endfacet
  facet normal 0 0 -1
    outer loop
      vertex -7.39571 -37.9999 3.2
      vertex -15.5246 -46.9888 3.2
      vertex -7.47908 -38.0422 3.2
    endloop
  endfacet
  facet normal 0 -0 -1
    outer loop
      vertex -7.39571 -37.9999 3.2
      vertex -7.31479 -37.9588 3.2
      vertex -15.5246 -46.9888 3.2
    endloop
  endfacet
  facet normal 0 0 -1
    outer loop
      vertex -15.5246 -46.9888 3.2
      vertex -7.31479 -37.9588 3.2
      vertex -6.55189 -37.5971 3.2
    endloop
  endfacet
  facet normal 0 0 -1
    outer loop
      vertex -6.46561 -37.557 3.2
      vertex -15.5246 -46.9888 3.2
      vertex -6.55189 -37.5971 3.2
    endloop
  endfacet
  facet normal 0 0 -1
    outer loop
      vertex -6.17667 -37.4088 3.2
      vertex -15.5427 -47.0253 3.2
      vertex -6.33897 -37.4933 3.2
    endloop
  endfacet
  facet normal 0 -0 -1
    outer loop
      vertex -6.17667 -37.4088 3.2
      vertex -5.98343 -37.306 3.2
      vertex -15.5427 -47.0253 3.2
    endloop
  endfacet
  facet normal 0 0 -1
    outer loop
      vertex -15.5427 -47.0253 3.2
      vertex -5.98343 -37.306 3.2
      vertex -5.76398 -37.1875 3.2
    endloop
  endfacet
  facet normal 0 0 -1
    outer loop
      vertex -5.52302 -37.0561 3.2
      vertex -15.5427 -47.0253 3.2
      vertex -5.76398 -37.1875 3.2
    endloop
  endfacet
  facet normal 0 -0 -1
    outer loop
      vertex -5.26528 -36.9143 3.2
      vertex 5.00193 -34.1216 3.2
      vertex -15.5427 -47.0253 3.2
    endloop
  endfacet
  facet normal 0 0 -1
    outer loop
      vertex -15.5427 -47.0253 3.2
      vertex 5.00193 -34.1216 3.2
      vertex 5.25223 -34.1162 3.2
    endloop
  endfacet
  facet normal 0 0 -1
    outer loop
      vertex 5.51314 -34.1112 3.2
      vertex -15.5427 -47.0253 3.2
      vertex 5.25223 -34.1162 3.2
    endloop
  endfacet
  facet normal 0 -0 -1
    outer loop
      vertex 5.51314 -34.1112 3.2
      vertex 5.78353 -34.1065 3.2
      vertex -15.5427 -47.0253 3.2
    endloop
  endfacet
  facet normal 0 0 -1
    outer loop
      vertex -15.5427 -47.0253 3.2
      vertex 5.78353 -34.1065 3.2
      vertex 6.06228 -34.1023 3.2
    endloop
  endfacet
  facet normal 0 0 -1
    outer loop
      vertex -15.5633 -47.0576 3.2
      vertex 6.06228 -34.1023 3.2
      vertex 6.34825 -34.0985 3.2
    endloop
  endfacet
  facet normal 0 0 -1
    outer loop
      vertex 6.64031 -34.0951 3.2
      vertex -15.5633 -47.0576 3.2
      vertex 6.34825 -34.0985 3.2
    endloop
  endfacet
  facet normal 0 -0 -1
    outer loop
      vertex 6.64031 -34.0951 3.2
      vertex 6.93733 -34.0922 3.2
      vertex -15.5633 -47.0576 3.2
    endloop
  endfacet
  facet normal 0 0 -1
    outer loop
      vertex -15.5633 -47.0576 3.2
      vertex 6.93733 -34.0922 3.2
      vertex 7.23818 -34.0898 3.2
    endloop
  endfacet
  facet normal 0 0 -1
    outer loop
      vertex 7.54173 -34.0878 3.2
      vertex -15.5633 -47.0576 3.2
      vertex 7.23818 -34.0898 3.2
    endloop
  endfacet
  facet normal 0 -0 -1
    outer loop
      vertex 7.54173 -34.0878 3.2
      vertex 7.95062 -34.086 3.2
      vertex -15.5633 -47.0576 3.2
    endloop
  endfacet
  facet normal 0 0 -1
    outer loop
      vertex -15.5633 -47.0576 3.2
      vertex 7.95062 -34.086 3.2
      vertex 8.33263 -34.0837 3.2
    endloop
  endfacet
  facet normal 0 0 -1
    outer loop
      vertex 8.68863 -34.081 3.2
      vertex -15.5633 -47.0576 3.2
      vertex 8.33263 -34.0837 3.2
    endloop
  endfacet
  facet normal 0 -0 -1
    outer loop
      vertex 8.68863 -34.081 3.2
      vertex 9.01949 -34.0779 3.2
      vertex -15.5633 -47.0576 3.2
    endloop
  endfacet
  facet normal 0 0 -1
    outer loop
      vertex -15.5633 -47.0576 3.2
      vertex 9.01949 -34.0779 3.2
      vertex 9.32607 -34.0742 3.2
    endloop
  endfacet
  facet normal 0 0 -1
    outer loop
      vertex 9.60924 -34.07 3.2
      vertex -15.5633 -47.0576 3.2
      vertex 9.32607 -34.0742 3.2
    endloop
  endfacet
  facet normal 0 -0 -1
    outer loop
      vertex 9.60924 -34.07 3.2
      vertex 9.86987 -34.0653 3.2
      vertex -15.5633 -47.0576 3.2
    endloop
  endfacet
  facet normal 0 -0 -1
    outer loop
      vertex -15.5633 -47.0576 3.2
      vertex 9.86987 -34.0653 3.2
      vertex -15.5862 -47.0853 3.2
    endloop
  endfacet
  facet normal 0 0 -1
    outer loop
      vertex -15.5862 -47.0853 3.2
      vertex 9.86987 -34.0653 3.2
      vertex 10.1088 -34.0598 3.2
    endloop
  endfacet
  facet normal 0 0 -1
    outer loop
      vertex 10.327 -34.0537 3.2
      vertex -15.5862 -47.0853 3.2
      vertex 10.1088 -34.0598 3.2
    endloop
  endfacet
  facet normal 0 -0 -1
    outer loop
      vertex 10.327 -34.0537 3.2
      vertex 10.5252 -34.0469 3.2
      vertex -15.5862 -47.0853 3.2
    endloop
  endfacet
  facet normal 0 0 -1
    outer loop
      vertex -15.5862 -47.0853 3.2
      vertex 10.5252 -34.0469 3.2
      vertex 10.7044 -34.0393 3.2
    endloop
  endfacet
  facet normal 0 0 -1
    outer loop
      vertex 10.8653 -34.0309 3.2
      vertex -15.5862 -47.0853 3.2
      vertex 10.7044 -34.0393 3.2
    endloop
  endfacet
  facet normal 0 -0 -1
    outer loop
      vertex 11.0089 -34.0217 3.2
      vertex 11.1361 -34.0116 3.2
      vertex -15.5862 -47.0853 3.2
    endloop
  endfacet
  facet normal 0 0 -1
    outer loop
      vertex -15.5862 -47.0853 3.2
      vertex 11.1361 -34.0116 3.2
      vertex 11.2477 -34.0005 3.2
    endloop
  endfacet
  facet normal 0 0 -1
    outer loop
      vertex 11.3445 -33.9885 3.2
      vertex -15.5862 -47.0853 3.2
      vertex 11.2477 -34.0005 3.2
    endloop
  endfacet
  facet normal 0 -0 -1
    outer loop
      vertex 11.3445 -33.9885 3.2
      vertex 25.2568 -34.2104 3.2
      vertex -15.5862 -47.0853 3.2
    endloop
  endfacet
  facet normal 0 0 -1
    outer loop
      vertex -15.5862 -47.0853 3.2
      vertex 25.2568 -34.2104 3.2
      vertex 25.346 -34.2256 3.2
    endloop
  endfacet
  facet normal -0 0 -1
    outer loop
      vertex 25.4363 -34.2375 3.2
      vertex -15.5862 -47.0853 3.2
      vertex 25.346 -34.2256 3.2
    endloop
  endfacet
  facet normal 0 -0 -1
    outer loop
      vertex 25.4363 -34.2375 3.2
      vertex 25.528 -34.2459 3.2
      vertex -15.5862 -47.0853 3.2
    endloop
  endfacet
  facet normal 0 0 -1
    outer loop
      vertex -15.5862 -47.0853 3.2
      vertex 25.528 -34.2459 3.2
      vertex 25.6214 -34.251 3.2
    endloop
  endfacet
  facet normal 0 0 -1
    outer loop
      vertex -15.648 -47.1291 3.2
      vertex -15.5862 -47.0853 3.2
      vertex 25.6214 -34.251 3.2
    endloop
  endfacet
  facet normal -0 0 -1
    outer loop
      vertex 40.2225 -36.3011 3.2
      vertex -15.648 -47.1291 3.2
      vertex 25.6214 -34.251 3.2
    endloop
  endfacet
  facet normal 0 -0 -1
    outer loop
      vertex 40.2225 -36.3011 3.2
      vertex 66.5 -48 3.2
      vertex -15.648 -47.1291 3.2
    endloop
  endfacet
  facet normal 0 -0 -1
    outer loop
      vertex -15.648 -47.1291 3.2
      vertex 66.5 -48 3.2
      vertex -15.7479 -47.1785 3.2
    endloop
  endfacet
  facet normal 0 -0 -1
    outer loop
      vertex -15.7479 -47.1785 3.2
      vertex 66.5 -48 3.2
      vertex -15.8814 -47.2324 3.2
    endloop
  endfacet
  facet normal 0 -0 -1
    outer loop
      vertex -15.8814 -47.2324 3.2
      vertex 66.5 -48 3.2
      vertex -16.0441 -47.2899 3.2
    endloop
  endfacet
  facet normal 0 -0 -1
    outer loop
      vertex -16.0441 -47.2899 3.2
      vertex 66.5 -48 3.2
      vertex -16.2315 -47.35 3.2
    endloop
  endfacet
  facet normal 0 -0 -1
    outer loop
      vertex -16.2315 -47.35 3.2
      vertex 66.5 -48 3.2
      vertex -16.4391 -47.4116 3.2
    endloop
  endfacet
  facet normal 0 -0 -1
    outer loop
      vertex -16.4391 -47.4116 3.2
      vertex 66.5 -48 3.2
      vertex -16.6625 -47.4736 3.2
    endloop
  endfacet
  facet normal 0 -0 -1
    outer loop
      vertex -16.6625 -47.4736 3.2
      vertex 66.5 -48 3.2
      vertex -16.8972 -47.5352 3.2
    endloop
  endfacet
  facet normal 0 -0 -1
    outer loop
      vertex -16.8972 -47.5352 3.2
      vertex 66.5 -48 3.2
      vertex -17.1388 -47.5953 3.2
    endloop
  endfacet
  facet normal 0 -0 -1
    outer loop
      vertex -17.1388 -47.5953 3.2
      vertex 66.5 -48 3.2
      vertex -17.3827 -47.6528 3.2
    endloop
  endfacet
  facet normal 0 -0 -1
    outer loop
      vertex -17.3827 -47.6528 3.2
      vertex 66.5 -48 3.2
      vertex -17.6246 -47.7067 3.2
    endloop
  endfacet
  facet normal 0 -0 -1
    outer loop
      vertex -17.6246 -47.7067 3.2
      vertex 66.5 -48 3.2
      vertex -17.86 -47.7561 3.2
    endloop
  endfacet
  facet normal 0 -0 -1
    outer loop
      vertex -17.86 -47.7561 3.2
      vertex 66.5 -48 3.2
      vertex -18.0844 -47.7999 3.2
    endloop
  endfacet
  facet normal 0 -0 -1
    outer loop
      vertex -18.0844 -47.7999 3.2
      vertex 66.5 -48 3.2
      vertex -18.2934 -47.8371 3.2
    endloop
  endfacet
  facet normal 0 -0 -1
    outer loop
      vertex -18.2934 -47.8371 3.2
      vertex 66.5 -48 3.2
      vertex -18.4824 -47.8666 3.2
    endloop
  endfacet
  facet normal 0 -0 -1
    outer loop
      vertex -18.4824 -47.8666 3.2
      vertex 66.5 -48 3.2
      vertex -18.6471 -47.8875 3.2
    endloop
  endfacet
  facet normal 0 -0 -1
    outer loop
      vertex -18.6471 -47.8875 3.2
      vertex 66.5 -48 3.2
      vertex -18.7829 -47.8988 3.2
    endloop
  endfacet
  facet normal 0 -0 -1
    outer loop
      vertex -18.7829 -47.8988 3.2
      vertex 66.5 -48 3.2
      vertex -18.8855 -47.8994 3.2
    endloop
  endfacet
  facet normal 0 -0 -1
    outer loop
      vertex -18.8855 -47.8994 3.2
      vertex 66.5 -48 3.2
      vertex -66.5 -48 3.2
    endloop
  endfacet
  facet normal 0 -0 -1
    outer loop
      vertex -18.9503 -47.8883 3.2
      vertex -18.8855 -47.8994 3.2
      vertex -66.5 -48 3.2
    endloop
  endfacet
  facet normal -0 0 -1
    outer loop
      vertex -41.4113 -21.4528 3.2
      vertex -47.8022 -21.6935 3.2
      vertex -41.5044 -21.43 3.2
    endloop
  endfacet
  facet normal 0 0 -1
    outer loop
      vertex -19.074 -45.1494 3.2
      vertex -18.9377 -47.7069 3.2
      vertex -18.9447 -47.7339 3.2
    endloop
  endfacet
  facet normal 0 0 -1
    outer loop
      vertex -18.9221 -47.6477 3.2
      vertex -19.0308 -45.2622 3.2
      vertex -18.9135 -47.6157 3.2
    endloop
  endfacet
  facet normal -0 0 -1
    outer loop
      vertex -18.8849 -47.512 3.2
      vertex -18.8948 -47.5477 3.2
      vertex -19.0086 -45.3176 3.2
    endloop
  endfacet
  facet normal 0 0 -1
    outer loop
      vertex -18.8745 -47.4753 3.2
      vertex -19.0086 -45.3176 3.2
      vertex -18.9861 -45.3721 3.2
    endloop
  endfacet
  facet normal 0 0 -1
    outer loop
      vertex -18.8639 -47.4379 3.2
      vertex -18.9861 -45.3721 3.2
      vertex -18.853 -47.3998 3.2
    endloop
  endfacet
  facet normal 0 0 -1
    outer loop
      vertex -18.853 -47.3998 3.2
      vertex -18.9634 -45.4254 3.2
      vertex -18.8419 -47.3613 3.2
    endloop
  endfacet
  facet normal 0 0 -1
    outer loop
      vertex -18.8419 -47.3613 3.2
      vertex -18.9186 -45.5319 3.2
      vertex -18.8306 -47.3225 3.2
    endloop
  endfacet
  facet normal 0 0 -1
    outer loop
      vertex -18.8306 -47.3225 3.2
      vertex -18.878 -45.6352 3.2
      vertex -18.8011 -47.2191 3.2
    endloop
  endfacet
  facet normal 0 0 -1
    outer loop
      vertex -18.8011 -47.2191 3.2
      vertex -18.878 -45.6352 3.2
      vertex -18.8416 -45.7354 3.2
    endloop
  endfacet
  facet normal 0 0 -1
    outer loop
      vertex -18.7752 -47.1187 3.2
      vertex -18.8416 -45.7354 3.2
      vertex -18.8093 -45.833 3.2
    endloop
  endfacet
  facet normal -0 0 -1
    outer loop
      vertex -18.7529 -47.021 3.2
      vertex -18.7752 -47.1187 3.2
      vertex -18.8093 -45.833 3.2
    endloop
  endfacet
  facet normal -0 -0 -1
    outer loop
      vertex -18.7812 -45.9282 3.2
      vertex -18.7529 -47.021 3.2
      vertex -18.8093 -45.833 3.2
    endloop
  endfacet
  facet normal -0 -0 -1
    outer loop
      vertex -18.7572 -46.0215 3.2
      vertex -18.7342 -46.9257 3.2
      vertex -18.7812 -45.9282 3.2
    endloop
  endfacet
  facet normal 0 0 -1
    outer loop
      vertex -18.7572 -46.0215 3.2
      vertex -18.7193 -46.8323 3.2
      vertex -18.7342 -46.9257 3.2
    endloop
  endfacet
  facet normal 0 0 -1
    outer loop
      vertex -18.7572 -46.0215 3.2
      vertex -18.7373 -46.1132 3.2
      vertex -18.7193 -46.8323 3.2
    endloop
  endfacet
  facet normal 0 0 -1
    outer loop
      vertex -18.7373 -46.1132 3.2
      vertex -18.7213 -46.2037 3.2
      vertex -18.7081 -46.7405 3.2
    endloop
  endfacet
  facet normal 0 0 -1
    outer loop
      vertex -18.7081 -46.7405 3.2
      vertex -18.7213 -46.2037 3.2
      vertex -18.7007 -46.65 3.2
    endloop
  endfacet
  facet normal 0 0 -1
    outer loop
      vertex -18.7007 -46.65 3.2
      vertex -18.7213 -46.2037 3.2
      vertex -18.7094 -46.2933 3.2
    endloop
  endfacet
  facet normal 0 0 -1
    outer loop
      vertex -18.697 -46.5604 3.2
      vertex -18.7094 -46.2933 3.2
      vertex -18.7013 -46.3824 3.2
    endloop
  endfacet
  facet normal -0 -0 -1
    outer loop
      vertex -18.6973 -46.4713 3.2
      vertex -18.697 -46.5604 3.2
      vertex -18.7013 -46.3824 3.2
    endloop
  endfacet
  facet normal -0 0 -1
    outer loop
      vertex -18.697 -46.5604 3.2
      vertex -18.7007 -46.65 3.2
      vertex -18.7094 -46.2933 3.2
    endloop
  endfacet
  facet normal 0 0 -1
    outer loop
      vertex -18.7193 -46.8323 3.2
      vertex -18.7373 -46.1132 3.2
      vertex -18.7081 -46.7405 3.2
    endloop
  endfacet
  facet normal 0 0 -1
    outer loop
      vertex -18.7812 -45.9282 3.2
      vertex -18.7342 -46.9257 3.2
      vertex -18.7529 -47.021 3.2
    endloop
  endfacet
  facet normal -0 0 -1
    outer loop
      vertex -18.7752 -47.1187 3.2
      vertex -18.8011 -47.2191 3.2
      vertex -18.8416 -45.7354 3.2
    endloop
  endfacet
  facet normal 0 0 -1
    outer loop
      vertex -18.8306 -47.3225 3.2
      vertex -18.9186 -45.5319 3.2
      vertex -18.878 -45.6352 3.2
    endloop
  endfacet
  facet normal 0 0 -1
    outer loop
      vertex -18.8419 -47.3613 3.2
      vertex -18.9634 -45.4254 3.2
      vertex -18.9186 -45.5319 3.2
    endloop
  endfacet
  facet normal 0 0 -1
    outer loop
      vertex -18.853 -47.3998 3.2
      vertex -18.9861 -45.3721 3.2
      vertex -18.9634 -45.4254 3.2
    endloop
  endfacet
  facet normal -0 0 -1
    outer loop
      vertex -18.8639 -47.4379 3.2
      vertex -18.8745 -47.4753 3.2
      vertex -18.9861 -45.3721 3.2
    endloop
  endfacet
  facet normal -0 0 -1
    outer loop
      vertex -18.8745 -47.4753 3.2
      vertex -18.8849 -47.512 3.2
      vertex -19.0086 -45.3176 3.2
    endloop
  endfacet
  facet normal -0 -0 -1
    outer loop
      vertex -19.0086 -45.3176 3.2
      vertex -18.8948 -47.5477 3.2
      vertex -19.0308 -45.2622 3.2
    endloop
  endfacet
  facet normal 0 0 -1
    outer loop
      vertex -19.0308 -45.2622 3.2
      vertex -18.8948 -47.5477 3.2
      vertex -18.9044 -47.5823 3.2
    endloop
  endfacet
  facet normal 0 0 -1
    outer loop
      vertex -18.9135 -47.6157 3.2
      vertex -19.0308 -45.2622 3.2
      vertex -18.9044 -47.5823 3.2
    endloop
  endfacet
  facet normal 0 0 -1
    outer loop
      vertex -18.9221 -47.6477 3.2
      vertex -19.0526 -45.206 3.2
      vertex -19.0308 -45.2622 3.2
    endloop
  endfacet
  facet normal -0 0 -1
    outer loop
      vertex -18.9221 -47.6477 3.2
      vertex -18.9302 -47.6782 3.2
      vertex -19.0526 -45.206 3.2
    endloop
  endfacet
  facet normal 0 0 -1
    outer loop
      vertex -19.0526 -45.206 3.2
      vertex -18.9302 -47.6782 3.2
      vertex -18.9377 -47.7069 3.2
    endloop
  endfacet
  facet normal 0 0 -1
    outer loop
      vertex -19.074 -45.1494 3.2
      vertex -19.0526 -45.206 3.2
      vertex -18.9377 -47.7069 3.2
    endloop
  endfacet
  facet normal 0 0 -1
    outer loop
      vertex -18.9509 -47.7588 3.2
      vertex -19.074 -45.1494 3.2
      vertex -18.9447 -47.7339 3.2
    endloop
  endfacet
  facet normal 0 0 -1
    outer loop
      vertex -18.9509 -47.7588 3.2
      vertex -19.0949 -45.0926 3.2
      vertex -19.074 -45.1494 3.2
    endloop
  endfacet
  facet normal -0 0 -1
    outer loop
      vertex -19.2406 -42.1906 3.2
      vertex -19.3196 -42.2033 3.2
      vertex -18.5761 -41.9133 3.2
    endloop
  endfacet
  facet normal -0 0 -1
    outer loop
      vertex -18.9509 -47.7588 3.2
      vertex -18.9565 -47.7816 3.2
      vertex -19.0949 -45.0926 3.2
    endloop
  endfacet
  facet normal -0 -0 -1
    outer loop
      vertex -19.0949 -45.0926 3.2
      vertex -18.9565 -47.7816 3.2
      vertex -19.1152 -45.0359 3.2
    endloop
  endfacet
  facet normal 0 0 -1
    outer loop
      vertex -19.1152 -45.0359 3.2
      vertex -18.9565 -47.7816 3.2
      vertex -18.9613 -47.802 3.2
    endloop
  endfacet
  facet normal 0 0 -1
    outer loop
      vertex -18.9654 -47.82 3.2
      vertex -19.1152 -45.0359 3.2
      vertex -18.9613 -47.802 3.2
    endloop
  endfacet
  facet normal 0 0 -1
    outer loop
      vertex -18.9654 -47.82 3.2
      vertex -19.1349 -44.9796 3.2
      vertex -19.1152 -45.0359 3.2
    endloop
  endfacet
  facet normal 0 0 -1
    outer loop
      vertex -19.0858 -42.1544 3.2
      vertex -18.7168 -42.0004 3.2
      vertex -18.7886 -42.0385 3.2
    endloop
  endfacet
  facet normal -0 0 -1
    outer loop
      vertex -18.9654 -47.82 3.2
      vertex -18.9686 -47.8355 3.2
      vertex -19.1349 -44.9796 3.2
    endloop
  endfacet
  facet normal -0 -0 -1
    outer loop
      vertex -19.1349 -44.9796 3.2
      vertex -18.9686 -47.8355 3.2
      vertex -19.1539 -44.924 3.2
    endloop
  endfacet
  facet normal -0 -0 -1
    outer loop
      vertex -19.1539 -44.924 3.2
      vertex -18.9686 -47.8355 3.2
      vertex -19.1721 -44.8692 3.2
    endloop
  endfacet
  facet normal 0 0 -1
    outer loop
      vertex -19.1721 -44.8692 3.2
      vertex -18.9686 -47.8355 3.2
      vertex -18.971 -47.8481 3.2
    endloop
  endfacet
  facet normal 0 0 -1
    outer loop
      vertex -19.1895 -44.8156 3.2
      vertex -19.1721 -44.8692 3.2
      vertex -18.971 -47.8481 3.2
    endloop
  endfacet
  facet normal 0 0 -1
    outer loop
      vertex -18.8614 -42.0729 3.2
      vertex -18.9352 -42.1037 3.2
      vertex -19.01 -42.1309 3.2
    endloop
  endfacet
  facet normal -0 -0 -1
    outer loop
      vertex -19.2059 -44.7635 3.2
      vertex -19.1895 -44.8156 3.2
      vertex -19.8655 -43.3529 3.2
    endloop
  endfacet
  facet normal 0 0 -1
    outer loop
      vertex -19.7792 -43.4831 3.2
      vertex -19.2489 -44.6187 3.2
      vertex -19.2357 -44.6648 3.2
    endloop
  endfacet
  facet normal 0 0 -1
    outer loop
      vertex -19.678 -43.6368 3.2
      vertex -19.6451 -43.6901 3.2
      vertex -19.2489 -44.6187 3.2
    endloop
  endfacet
  facet normal 0 0 -1
    outer loop
      vertex -18.7886 -42.0385 3.2
      vertex -19.01 -42.1309 3.2
      vertex -19.0858 -42.1544 3.2
    endloop
  endfacet
  facet normal 0 0 -1
    outer loop
      vertex -19.551 -43.8524 3.2
      vertex -19.5215 -43.9064 3.2
      vertex -19.2609 -44.5751 3.2
    endloop
  endfacet
  facet normal 0 0 -1
    outer loop
      vertex -19.4932 -43.9598 3.2
      vertex -19.4662 -44.0124 3.2
      vertex -19.2716 -44.5343 3.2
    endloop
  endfacet
  facet normal 0 0 -1
    outer loop
      vertex -19.4406 -44.0639 3.2
      vertex -19.4166 -44.114 3.2
      vertex -19.281 -44.4966 3.2
    endloop
  endfacet
  facet normal 0 0 -1
    outer loop
      vertex -19.281 -44.4966 3.2
      vertex -19.3942 -44.1624 3.2
      vertex -19.3736 -44.2089 3.2
    endloop
  endfacet
  facet normal 0 0 -1
    outer loop
      vertex -18.7886 -42.0385 3.2
      vertex -18.8614 -42.0729 3.2
      vertex -19.01 -42.1309 3.2
    endloop
  endfacet
  facet normal -0 -0 -1
    outer loop
      vertex -19.289 -44.4623 3.2
      vertex -19.281 -44.4966 3.2
      vertex -19.3736 -44.2089 3.2
    endloop
  endfacet
  facet normal -0 -0 -1
    outer loop
      vertex -19.3385 -44.295 3.2
      vertex -19.289 -44.4623 3.2
      vertex -19.355 -44.2532 3.2
    endloop
  endfacet
  facet normal 0 0 -1
    outer loop
      vertex -19.3241 -44.334 3.2
      vertex -19.3121 -44.37 3.2
      vertex -19.289 -44.4623 3.2
    endloop
  endfacet
  facet normal 0 0 -1
    outer loop
      vertex -19.3121 -44.37 3.2
      vertex -19.3025 -44.4026 3.2
      vertex -19.2954 -44.4316 3.2
    endloop
  endfacet
  facet normal -0 0 -1
    outer loop
      vertex -19.0858 -42.1544 3.2
      vertex -19.1627 -42.1743 3.2
      vertex -18.7168 -42.0004 3.2
    endloop
  endfacet
  facet normal 0 0 -1
    outer loop
      vertex -19.289 -44.4623 3.2
      vertex -19.3121 -44.37 3.2
      vertex -19.2954 -44.4316 3.2
    endloop
  endfacet
  facet normal 0 0 -1
    outer loop
      vertex -19.3385 -44.295 3.2
      vertex -19.3241 -44.334 3.2
      vertex -19.289 -44.4623 3.2
    endloop
  endfacet
  facet normal -0 -0 -1
    outer loop
      vertex -19.355 -44.2532 3.2
      vertex -19.289 -44.4623 3.2
      vertex -19.3736 -44.2089 3.2
    endloop
  endfacet
  facet normal 0 0 -1
    outer loop
      vertex -19.281 -44.4966 3.2
      vertex -19.4166 -44.114 3.2
      vertex -19.3942 -44.1624 3.2
    endloop
  endfacet
  facet normal 0 0 -1
    outer loop
      vertex -19.2716 -44.5343 3.2
      vertex -19.4406 -44.0639 3.2
      vertex -19.281 -44.4966 3.2
    endloop
  endfacet
  facet normal 0 0 -1
    outer loop
      vertex -19.2716 -44.5343 3.2
      vertex -19.4662 -44.0124 3.2
      vertex -19.4406 -44.0639 3.2
    endloop
  endfacet
  facet normal 0 0 -1
    outer loop
      vertex -19.5215 -43.9064 3.2
      vertex -19.4932 -43.9598 3.2
      vertex -19.2716 -44.5343 3.2
    endloop
  endfacet
  facet normal -0 0 -1
    outer loop
      vertex -19.1627 -42.1743 3.2
      vertex -19.2406 -42.1906 3.2
      vertex -18.646 -41.9587 3.2
    endloop
  endfacet
  facet normal 0 0 -1
    outer loop
      vertex -19.2609 -44.5751 3.2
      vertex -19.5215 -43.9064 3.2
      vertex -19.2716 -44.5343 3.2
    endloop
  endfacet
  facet normal 0 0 -1
    outer loop
      vertex -19.5815 -43.7982 3.2
      vertex -19.551 -43.8524 3.2
      vertex -19.2609 -44.5751 3.2
    endloop
  endfacet
  facet normal 0 0 -1
    outer loop
      vertex -19.6129 -43.744 3.2
      vertex -19.5815 -43.7982 3.2
      vertex -19.2609 -44.5751 3.2
    endloop
  endfacet
  facet normal 0 0 -1
    outer loop
      vertex -19.2489 -44.6187 3.2
      vertex -19.6129 -43.744 3.2
      vertex -19.2609 -44.5751 3.2
    endloop
  endfacet
  facet normal 0 0 -1
    outer loop
      vertex -19.2489 -44.6187 3.2
      vertex -19.6451 -43.6901 3.2
      vertex -19.6129 -43.744 3.2
    endloop
  endfacet
  facet normal 0 0 -1
    outer loop
      vertex -19.7114 -43.5843 3.2
      vertex -19.678 -43.6368 3.2
      vertex -19.2489 -44.6187 3.2
    endloop
  endfacet
  facet normal 0 0 -1
    outer loop
      vertex -19.7452 -43.533 3.2
      vertex -19.7114 -43.5843 3.2
      vertex -19.2489 -44.6187 3.2
    endloop
  endfacet
  facet normal -0 0 -1
    outer loop
      vertex -18.1375 -41.5218 3.2
      vertex -19.7468 -42.2165 3.2
      vertex -18.0989 -41.4818 3.2
    endloop
  endfacet
  facet normal 0 0 -1
    outer loop
      vertex -19.7792 -43.4831 3.2
      vertex -19.7452 -43.533 3.2
      vertex -19.2489 -44.6187 3.2
    endloop
  endfacet
  facet normal 0 0 -1
    outer loop
      vertex -19.2213 -44.7131 3.2
      vertex -19.7792 -43.4831 3.2
      vertex -19.2357 -44.6648 3.2
    endloop
  endfacet
  facet normal 0 0 -1
    outer loop
      vertex -19.2213 -44.7131 3.2
      vertex -19.8655 -43.3529 3.2
      vertex -19.7792 -43.4831 3.2
    endloop
  endfacet
  facet normal -0 -0 -1
    outer loop
      vertex -19.2213 -44.7131 3.2
      vertex -19.2059 -44.7635 3.2
      vertex -19.8655 -43.3529 3.2
    endloop
  endfacet
  facet normal 0 0 -1
    outer loop
      vertex -19.8655 -43.3529 3.2
      vertex -19.1895 -44.8156 3.2
      vertex -18.971 -47.8481 3.2
    endloop
  endfacet
  facet normal 0 0 -1
    outer loop
      vertex -18.9724 -47.8578 3.2
      vertex -19.8655 -43.3529 3.2
      vertex -18.971 -47.8481 3.2
    endloop
  endfacet
  facet normal 0 0 -1
    outer loop
      vertex -18.9724 -47.8578 3.2
      vertex -19.942 -43.23 3.2
      vertex -19.8655 -43.3529 3.2
    endloop
  endfacet
  facet normal 0 0 -1
    outer loop
      vertex -18.9724 -47.8578 3.2
      vertex -20.0089 -43.1142 3.2
      vertex -19.942 -43.23 3.2
    endloop
  endfacet
  facet normal -0 0 -1
    outer loop
      vertex -18.9724 -47.8578 3.2
      vertex -18.9729 -47.8645 3.2
      vertex -20.0089 -43.1142 3.2
    endloop
  endfacet
  facet normal 0 0 -1
    outer loop
      vertex -18.0602 -41.4433 3.2
      vertex -19.7468 -42.2165 3.2
      vertex -19.8371 -42.2214 3.2
    endloop
  endfacet
  facet normal -0 -0 -1
    outer loop
      vertex -20.0089 -43.1142 3.2
      vertex -18.9729 -47.8645 3.2
      vertex -20.066 -43.0057 3.2
    endloop
  endfacet
  facet normal -0 -0 -1
    outer loop
      vertex -20.066 -43.0057 3.2
      vertex -18.9729 -47.8645 3.2
      vertex -20.1133 -42.9043 3.2
    endloop
  endfacet
  facet normal -0 -0 -1
    outer loop
      vertex -20.1133 -42.9043 3.2
      vertex -18.9729 -47.8645 3.2
      vertex -20.151 -42.8101 3.2
    endloop
  endfacet
  facet normal -0 0 -1
    outer loop
      vertex -20.151 -42.8101 3.2
      vertex -66.5 -48 3.2
      vertex -20.1789 -42.7229 3.2
    endloop
  endfacet
  facet normal 0 0 -1
    outer loop
      vertex -28.4939 -22.5677 3.2
      vertex -24.9021 -21.3996 3.2
      vertex -24.6229 -21.4742 3.2
    endloop
  endfacet
  facet normal 0 0 -1
    outer loop
      vertex -25.4304 -21.299 3.2
      vertex -28.0812 -22.1608 3.2
      vertex -27.8759 -21.987 3.2
    endloop
  endfacet
  facet normal 0 -0 -1
    outer loop
      vertex -29.3777 -23.5895 3.2
      vertex -23.7987 -21.7 3.2
      vertex -29.4634 -23.6821 3.2
    endloop
  endfacet
  facet normal -0 0 -1
    outer loop
      vertex -8.57242 -37.5523 3.2
      vertex -8.78665 -37.6006 3.2
      vertex -9.57156 -24.6997 3.2
    endloop
  endfacet
  facet normal -0 -0 -1
    outer loop
      vertex -18.7399 -23.0309 3.2
      vertex -18.6231 -23.1312 3.2
      vertex -21.2084 -21.9714 3.2
    endloop
  endfacet
  facet normal 0 0 -1
    outer loop
      vertex -17.6724 -41.151 3.2
      vertex -17.9865 -23.597 3.2
      vertex -17.8997 -23.6396 3.2
    endloop
  endfacet
  facet normal 0 0 -1
    outer loop
      vertex -15.5243 -24.2496 3.2
      vertex -14.6629 -24.599 3.2
      vertex -14.6118 -24.6265 3.2
    endloop
  endfacet
  facet normal 0 0 -1
    outer loop
      vertex -14.034 -39.7382 3.2
      vertex -14.4522 -24.6912 3.2
      vertex -14.3921 -24.7073 3.2
    endloop
  endfacet
  facet normal 0 0 -1
    outer loop
      vertex -13.2397 -24.7468 3.2
      vertex -9.83539 -37.9385 3.2
      vertex -9.89125 -37.9799 3.2
    endloop
  endfacet
  facet normal 0 0 -1
    outer loop
      vertex -4.49369 -26.582 3.2
      vertex -3.86283 -34.1321 3.2
      vertex -3.90211 -34.1671 3.2
    endloop
  endfacet
  facet normal 0 0 -1
    outer loop
      vertex -18.0214 -41.4064 3.2
      vertex -18.0602 -41.4433 3.2
      vertex -19.8371 -42.2214 3.2
    endloop
  endfacet
  facet normal -0 0 -1
    outer loop
      vertex -17.9826 -41.3712 3.2
      vertex -19.8371 -42.2214 3.2
      vertex -17.9437 -41.3376 3.2
    endloop
  endfacet
  facet normal -0 0 -1
    outer loop
      vertex -18.7168 -42.0004 3.2
      vertex -19.1627 -42.1743 3.2
      vertex -18.646 -41.9587 3.2
    endloop
  endfacet
  facet normal 0 0 -1
    outer loop
      vertex -19.2406 -42.1906 3.2
      vertex -18.5761 -41.9133 3.2
      vertex -18.646 -41.9587 3.2
    endloop
  endfacet
  facet normal 0 0 -1
    outer loop
      vertex -18.5072 -41.8642 3.2
      vertex -18.5761 -41.9133 3.2
      vertex -19.3196 -42.2033 3.2
    endloop
  endfacet
  facet normal 0 0 -1
    outer loop
      vertex -19.3996 -42.2124 3.2
      vertex -18.5072 -41.8642 3.2
      vertex -19.3196 -42.2033 3.2
    endloop
  endfacet
  facet normal 0 0 -1
    outer loop
      vertex -10.0877 -38.1904 3.2
      vertex -10.1401 -38.2582 3.2
      vertex -10.7096 -38.7779 3.2
    endloop
  endfacet
  facet normal 0 0 -1
    outer loop
      vertex -19.3996 -42.2124 3.2
      vertex -18.4391 -41.8114 3.2
      vertex -18.5072 -41.8642 3.2
    endloop
  endfacet
  facet normal -0 0 -1
    outer loop
      vertex -18.4391 -41.8114 3.2
      vertex -19.4808 -42.218 3.2
      vertex -18.372 -41.755 3.2
    endloop
  endfacet
  facet normal 0 0 -1
    outer loop
      vertex -10.1401 -38.2582 3.2
      vertex -10.4699 -38.6044 3.2
      vertex -10.5844 -38.692 3.2
    endloop
  endfacet
  facet normal 0 0 -1
    outer loop
      vertex -10.7096 -38.7779 3.2
      vertex -10.1401 -38.2582 3.2
      vertex -10.5844 -38.692 3.2
    endloop
  endfacet
  facet normal -0 0 -1
    outer loop
      vertex -18.3058 -41.6948 3.2
      vertex -19.6464 -42.2183 3.2
      vertex -18.2405 -41.631 3.2
    endloop
  endfacet
  facet normal 0 -0 -1
    outer loop
      vertex -13.5844 -24.7536 3.2
      vertex -9.94239 -38.025 3.2
      vertex -13.7304 -24.7547 3.2
    endloop
  endfacet
  facet normal 0 0 -1
    outer loop
      vertex -19.6464 -42.2183 3.2
      vertex -19.7468 -42.2165 3.2
      vertex -18.1375 -41.5218 3.2
    endloop
  endfacet
  facet normal -0 0 -1
    outer loop
      vertex -18.0989 -41.4818 3.2
      vertex -19.7468 -42.2165 3.2
      vertex -18.0602 -41.4433 3.2
    endloop
  endfacet
  facet normal -0 0 -1
    outer loop
      vertex -9.28787 -37.7229 3.2
      vertex -9.4145 -37.7589 3.2
      vertex -10.6316 -24.6903 3.2
    endloop
  endfacet
  facet normal 0 0 -1
    outer loop
      vertex -17.9826 -41.3712 3.2
      vertex -18.0214 -41.4064 3.2
      vertex -19.8371 -42.2214 3.2
    endloop
  endfacet
  facet normal 0 0 -1
    outer loop
      vertex -17.9437 -41.3376 3.2
      vertex -19.8371 -42.2214 3.2
      vertex -19.9176 -42.233 3.2
    endloop
  endfacet
  facet normal 0 0 -1
    outer loop
      vertex -17.9048 -41.3057 3.2
      vertex -17.9437 -41.3376 3.2
      vertex -19.9176 -42.233 3.2
    endloop
  endfacet
  facet normal 0 0 -1
    outer loop
      vertex -17.8659 -41.2755 3.2
      vertex -17.9048 -41.3057 3.2
      vertex -19.9176 -42.233 3.2
    endloop
  endfacet
  facet normal 0 0 -1
    outer loop
      vertex -17.8271 -41.2471 3.2
      vertex -17.8659 -41.2755 3.2
      vertex -19.9176 -42.233 3.2
    endloop
  endfacet
  facet normal 0 0 -1
    outer loop
      vertex -19.9881 -42.2512 3.2
      vertex -17.8271 -41.2471 3.2
      vertex -19.9176 -42.233 3.2
    endloop
  endfacet
  facet normal 0 0 -1
    outer loop
      vertex -19.9881 -42.2512 3.2
      vertex -17.7883 -41.2204 3.2
      vertex -17.8271 -41.2471 3.2
    endloop
  endfacet
  facet normal 0 0 -1
    outer loop
      vertex -15.6214 -24.2215 3.2
      vertex -15.5243 -24.2496 3.2
      vertex -14.6118 -24.6265 3.2
    endloop
  endfacet
  facet normal -0 0 -1
    outer loop
      vertex -14.2507 -39.8316 3.2
      vertex -14.3048 -39.8609 3.2
      vertex -14.5606 -24.6509 3.2
    endloop
  endfacet
  facet normal 0 0 -1
    outer loop
      vertex -9.94239 -38.025 3.2
      vertex -13.5844 -24.7536 3.2
      vertex -9.89125 -37.9799 3.2
    endloop
  endfacet
  facet normal 0 -0 -1
    outer loop
      vertex -12.8152 -24.7344 3.2
      vertex -9.83539 -37.9385 3.2
      vertex -13.0382 -24.7412 3.2
    endloop
  endfacet
  facet normal 0 0 -1
    outer loop
      vertex -7.55728 -25.1308 3.2
      vertex -9.1683 -24.7192 3.2
      vertex -8.99255 -24.733 3.2
    endloop
  endfacet
  facet normal 0 0 -1
    outer loop
      vertex -3.02899 -33.2753 3.2
      vertex -4.08404 -26.7988 3.2
      vertex -2.94554 -33.1689 3.2
    endloop
  endfacet
  facet normal 0 0 -1
    outer loop
      vertex -3.94143 -34.2029 3.2
      vertex -4.91624 -26.3644 3.2
      vertex -3.90211 -34.1671 3.2
    endloop
  endfacet
  facet normal 0 0 -1
    outer loop
      vertex -8.57242 -37.5523 3.2
      vertex -7.55728 -25.1308 3.2
      vertex -8.33123 -37.499 3.2
    endloop
  endfacet
  facet normal 0 0 -1
    outer loop
      vertex -4.83947 -35.3669 3.2
      vertex -4.90748 -35.4557 3.2
      vertex -5.89871 -36.2523 3.2
    endloop
  endfacet
  facet normal 0 0 -1
    outer loop
      vertex -15.2133 -40.374 3.2
      vertex -14.4749 -39.9653 3.2
      vertex -14.5358 -40.0061 3.2
    endloop
  endfacet
  facet normal 0 0 -1
    outer loop
      vertex -14.8649 -40.2084 3.2
      vertex -14.5996 -40.0502 3.2
      vertex -14.7664 -40.1546 3.2
    endloop
  endfacet
  facet normal 0 0 -1
    outer loop
      vertex -9.99083 -38.0746 3.2
      vertex -12.1822 -39.4134 3.2
      vertex -12.3697 -39.4628 3.2
    endloop
  endfacet
  facet normal -0 0 -1
    outer loop
      vertex -7.27461 -37.2072 3.2
      vertex -7.48214 -37.2968 3.2
      vertex -7.22393 -37.1805 3.2
    endloop
  endfacet
  facet normal -0 0 -1
    outer loop
      vertex -10.0877 -38.1904 3.2
      vertex -10.9886 -38.9427 3.2
      vertex -10.0386 -38.1294 3.2
    endloop
  endfacet
  facet normal 0 0 -1
    outer loop
      vertex -11.4667 -39.168 3.2
      vertex -9.99083 -38.0746 3.2
      vertex -10.0386 -38.1294 3.2
    endloop
  endfacet
  facet normal 0 0 -1
    outer loop
      vertex -10.0386 -38.1294 3.2
      vertex -11.3005 -39.0963 3.2
      vertex -11.4667 -39.168 3.2
    endloop
  endfacet
  facet normal -0 0 -1
    outer loop
      vertex -12.7495 -39.5448 3.2
      vertex -12.9401 -39.5768 3.2
      vertex -9.94239 -38.025 3.2
    endloop
  endfacet
  facet normal 0 0 -1
    outer loop
      vertex -11.3151 -24.6989 3.2
      vertex -10.9592 -24.6936 3.2
      vertex -9.5243 -37.7938 3.2
    endloop
  endfacet
  facet normal 0 0 -1
    outer loop
      vertex -9.61926 -37.8284 3.2
      vertex -11.3151 -24.6989 3.2
      vertex -9.5243 -37.7938 3.2
    endloop
  endfacet
  facet normal 0 0 -1
    outer loop
      vertex -14.3263 -24.7208 3.2
      vertex -13.9187 -39.7038 3.2
      vertex -13.9773 -39.7201 3.2
    endloop
  endfacet
  facet normal 0 0 -1
    outer loop
      vertex -13.6543 -39.6538 3.2
      vertex -14.0799 -24.7471 3.2
      vertex -13.5784 -39.6443 3.2
    endloop
  endfacet
  facet normal -0 0 -1
    outer loop
      vertex -9.94239 -38.025 3.2
      vertex -13.4112 -39.6281 3.2
      vertex -13.8607 -24.7541 3.2
    endloop
  endfacet
  facet normal 0 0 -1
    outer loop
      vertex -9.89125 -37.9799 3.2
      vertex -13.4214 -24.751 3.2
      vertex -13.2397 -24.7468 3.2
    endloop
  endfacet
  facet normal 0 0 -1
    outer loop
      vertex -9.83539 -37.9385 3.2
      vertex -13.2397 -24.7468 3.2
      vertex -13.0382 -24.7412 3.2
    endloop
  endfacet
  facet normal -0 -0 -1
    outer loop
      vertex -8.83182 -24.7496 3.2
      vertex -7.98759 -24.9523 3.2
      vertex -8.99255 -24.733 3.2
    endloop
  endfacet
  facet normal 0 0 -1
    outer loop
      vertex -12.5695 -24.7265 3.2
      vertex -12.1186 -24.7155 3.2
      vertex -9.77279 -37.8999 3.2
    endloop
  endfacet
  facet normal 0 0 -1
    outer loop
      vertex -9.83539 -37.9385 3.2
      vertex -12.5695 -24.7265 3.2
      vertex -9.77279 -37.8999 3.2
    endloop
  endfacet
  facet normal 0 0 -1
    outer loop
      vertex -9.70142 -37.8635 3.2
      vertex -12.1186 -24.7155 3.2
      vertex -11.701 -24.7063 3.2
    endloop
  endfacet
  facet normal -0 0 -1
    outer loop
      vertex -9.70142 -37.8635 3.2
      vertex -9.77279 -37.8999 3.2
      vertex -12.1186 -24.7155 3.2
    endloop
  endfacet
  facet normal 0 0 -1
    outer loop
      vertex -10.0549 -24.6903 3.2
      vertex -8.97596 -37.6446 3.2
      vertex -9.14236 -37.6851 3.2
    endloop
  endfacet
  facet normal 0 -0 -1
    outer loop
      vertex -7.55728 -25.1308 3.2
      vertex -6.48829 -36.6267 3.2
      vertex -8.33123 -37.499 3.2
    endloop
  endfacet
  facet normal 0 0 -1
    outer loop
      vertex -6.67642 -25.5175 3.2
      vertex -4.41448 -34.718 3.2
      vertex -6.08556 -36.3547 3.2
    endloop
  endfacet
  facet normal 0 0 -1
    outer loop
      vertex -5.78822 -25.933 3.2
      vertex -4.26752 -34.533 3.2
      vertex -4.29741 -34.5673 3.2
    endloop
  endfacet
  facet normal 0 0 -1
    outer loop
      vertex -4.16811 -34.4252 3.2
      vertex -5.34873 -26.1475 3.2
      vertex -4.13232 -34.3882 3.2
    endloop
  endfacet
  facet normal -0 -0 -1
    outer loop
      vertex -8.19529 -24.878 3.2
      vertex -8.08975 -24.9134 3.2
      vertex -8.30586 -24.8459 3.2
    endloop
  endfacet
  facet normal -0 0 -1
    outer loop
      vertex -13.319 -39.6211 3.2
      vertex -13.4112 -39.6281 3.2
      vertex -9.94239 -38.025 3.2
    endloop
  endfacet
  facet normal 0 0 -1
    outer loop
      vertex -10.0386 -38.1294 3.2
      vertex -10.9886 -38.9427 3.2
      vertex -11.1408 -39.021 3.2
    endloop
  endfacet
  facet normal 0 0 -1
    outer loop
      vertex -10.3668 -38.5152 3.2
      vertex -10.1979 -38.3338 3.2
      vertex -10.2759 -38.4249 3.2
    endloop
  endfacet
  facet normal 0 0 -1
    outer loop
      vertex -10.1401 -38.2582 3.2
      vertex -10.1979 -38.3338 3.2
      vertex -10.3668 -38.5152 3.2
    endloop
  endfacet
  facet normal 0 0 -1
    outer loop
      vertex -12.1822 -39.4134 3.2
      vertex -9.99083 -38.0746 3.2
      vertex -11.9974 -39.359 3.2
    endloop
  endfacet
  facet normal 0 0 -1
    outer loop
      vertex -8.06107 -37.4398 3.2
      vertex -6.71641 -36.8093 3.2
      vertex -7.75992 -37.3739 3.2
    endloop
  endfacet
  facet normal 0 0 -1
    outer loop
      vertex -7.75992 -37.3739 3.2
      vertex -7.02309 -37.0557 3.2
      vertex -7.7022 -37.3614 3.2
    endloop
  endfacet
  facet normal 0 0 -1
    outer loop
      vertex -11.9974 -39.359 3.2
      vertex -9.99083 -38.0746 3.2
      vertex -11.816 -39.2997 3.2
    endloop
  endfacet
  facet normal 0 0 -1
    outer loop
      vertex -9.94239 -38.025 3.2
      vertex -9.99083 -38.0746 3.2
      vertex -12.3697 -39.4628 3.2
    endloop
  endfacet
  facet normal 0 0 -1
    outer loop
      vertex -12.5591 -39.5067 3.2
      vertex -9.94239 -38.025 3.2
      vertex -12.3697 -39.4628 3.2
    endloop
  endfacet
  facet normal -0 0 -1
    outer loop
      vertex -12.5591 -39.5067 3.2
      vertex -12.7495 -39.5448 3.2
      vertex -9.94239 -38.025 3.2
    endloop
  endfacet
  facet normal 0 0 -1
    outer loop
      vertex -13.1302 -39.6023 3.2
      vertex -9.94239 -38.025 3.2
      vertex -12.9401 -39.5768 3.2
    endloop
  endfacet
  facet normal -0 0 -1
    outer loop
      vertex -13.1302 -39.6023 3.2
      vertex -13.319 -39.6211 3.2
      vertex -9.94239 -38.025 3.2
    endloop
  endfacet
  facet normal 0 -0 -1
    outer loop
      vertex -12.5695 -24.7265 3.2
      vertex -9.83539 -37.9385 3.2
      vertex -12.8152 -24.7344 3.2
    endloop
  endfacet
  facet normal -0 -0 -1
    outer loop
      vertex -9.57156 -24.6997 3.2
      vertex -8.78665 -37.6006 3.2
      vertex -9.80239 -24.6938 3.2
    endloop
  endfacet
  facet normal 0 0 -1
    outer loop
      vertex -7.98759 -24.9523 3.2
      vertex -8.83182 -24.7496 3.2
      vertex -8.68445 -24.7691 3.2
    endloop
  endfacet
  facet normal 0 0 -1
    outer loop
      vertex -4.26752 -34.533 3.2
      vertex -5.34873 -26.1475 3.2
      vertex -4.23589 -34.4978 3.2
    endloop
  endfacet
  facet normal 0 0 -1
    outer loop
      vertex -6.38867 -36.5539 3.2
      vertex -7.55728 -25.1308 3.2
      vertex -7.11924 -25.3198 3.2
    endloop
  endfacet
  facet normal -0 0 -1
    outer loop
      vertex -6.33801 -36.5182 3.2
      vertex -6.38867 -36.5539 3.2
      vertex -7.11924 -25.3198 3.2
    endloop
  endfacet
  facet normal 0 0 -1
    outer loop
      vertex -2.63682 -32.7373 3.2
      vertex -3.69023 -27.0132 3.2
      vertex -2.56846 -32.6313 3.2
    endloop
  endfacet
  facet normal 0 0 -1
    outer loop
      vertex -2.29236 -32.1151 3.2
      vertex -2.39275 -32.3283 3.2
      vertex -2.44591 -32.4261 3.2
    endloop
  endfacet
  facet normal 0 0 -1
    outer loop
      vertex -4.49369 -26.582 3.2
      vertex -3.7851 -34.0652 3.2
      vertex -3.82377 -34.0981 3.2
    endloop
  endfacet
  facet normal -0 -0 -1
    outer loop
      vertex -5.34873 -26.1475 3.2
      vertex -4.26752 -34.533 3.2
      vertex -5.78822 -25.933 3.2
    endloop
  endfacet
  facet normal -0 0 -1
    outer loop
      vertex -5.11083 -35.6956 3.2
      vertex -5.85605 -36.2321 3.2
      vertex -5.04316 -35.6201 3.2
    endloop
  endfacet
  facet normal 0 0 -1
    outer loop
      vertex -5.78822 -25.933 3.2
      vertex -4.32538 -34.6004 3.2
      vertex -4.35125 -34.6322 3.2
    endloop
  endfacet
  facet normal 0 0 -1
    outer loop
      vertex -5.11083 -35.6956 3.2
      vertex -5.17834 -35.7666 3.2
      vertex -5.85605 -36.2321 3.2
    endloop
  endfacet
  facet normal 0 0 -1
    outer loop
      vertex -8.33123 -37.499 3.2
      vertex -6.58406 -36.7003 3.2
      vertex -8.06107 -37.4398 3.2
    endloop
  endfacet
  facet normal 0 0 -1
    outer loop
      vertex -6.82042 -36.8998 3.2
      vertex -6.8716 -36.9419 3.2
      vertex -7.75992 -37.3739 3.2
    endloop
  endfacet
  facet normal 0 0 -1
    outer loop
      vertex -7.17354 -37.1521 3.2
      vertex -7.22393 -37.1805 3.2
      vertex -7.53573 -37.3152 3.2
    endloop
  endfacet
  facet normal 0 0 -1
    outer loop
      vertex -7.64566 -37.3474 3.2
      vertex -7.12334 -37.1219 3.2
      vertex -7.5902 -37.332 3.2
    endloop
  endfacet
  facet normal 0 0 -1
    outer loop
      vertex -7.37721 -37.2553 3.2
      vertex -7.27461 -37.2072 3.2
      vertex -7.32566 -37.2321 3.2
    endloop
  endfacet
  facet normal -0 0 -1
    outer loop
      vertex -7.42933 -37.2768 3.2
      vertex -7.48214 -37.2968 3.2
      vertex -7.27461 -37.2072 3.2
    endloop
  endfacet
  facet normal 0 0 -1
    outer loop
      vertex -7.17354 -37.1521 3.2
      vertex -7.53573 -37.3152 3.2
      vertex -7.5902 -37.332 3.2
    endloop
  endfacet
  facet normal 0 0 -1
    outer loop
      vertex -7.12334 -37.1219 3.2
      vertex -7.17354 -37.1521 3.2
      vertex -7.5902 -37.332 3.2
    endloop
  endfacet
  facet normal 0 0 -1
    outer loop
      vertex -7.07322 -37.0898 3.2
      vertex -7.12334 -37.1219 3.2
      vertex -7.64566 -37.3474 3.2
    endloop
  endfacet
  facet normal 0 0 -1
    outer loop
      vertex -7.7022 -37.3614 3.2
      vertex -7.07322 -37.0898 3.2
      vertex -7.64566 -37.3474 3.2
    endloop
  endfacet
  facet normal 0 0 -1
    outer loop
      vertex -6.92238 -36.9818 3.2
      vertex -6.97284 -37.0198 3.2
      vertex -7.75992 -37.3739 3.2
    endloop
  endfacet
  facet normal 0 0 -1
    outer loop
      vertex -6.8716 -36.9419 3.2
      vertex -6.92238 -36.9818 3.2
      vertex -7.75992 -37.3739 3.2
    endloop
  endfacet
  facet normal -0 0 -1
    outer loop
      vertex -6.82042 -36.8998 3.2
      vertex -7.75992 -37.3739 3.2
      vertex -6.76872 -36.8556 3.2
    endloop
  endfacet
  facet normal -0 0 -1
    outer loop
      vertex -6.76872 -36.8556 3.2
      vertex -7.75992 -37.3739 3.2
      vertex -6.71641 -36.8093 3.2
    endloop
  endfacet
  facet normal 0 0 -1
    outer loop
      vertex -6.67411 -36.7734 3.2
      vertex -6.71641 -36.8093 3.2
      vertex -8.06107 -37.4398 3.2
    endloop
  endfacet
  facet normal 0 0 -1
    outer loop
      vertex -6.62992 -36.737 3.2
      vertex -6.67411 -36.7734 3.2
      vertex -8.06107 -37.4398 3.2
    endloop
  endfacet
  facet normal 0 0 -1
    outer loop
      vertex -6.58406 -36.7003 3.2
      vertex -6.62992 -36.737 3.2
      vertex -8.06107 -37.4398 3.2
    endloop
  endfacet
  facet normal 0 0 -1
    outer loop
      vertex -6.53677 -36.6635 3.2
      vertex -6.58406 -36.7003 3.2
      vertex -8.33123 -37.499 3.2
    endloop
  endfacet
  facet normal 0 0 -1
    outer loop
      vertex -6.48829 -36.6267 3.2
      vertex -6.53677 -36.6635 3.2
      vertex -8.33123 -37.499 3.2
    endloop
  endfacet
  facet normal 0 0 -1
    outer loop
      vertex -6.28709 -36.4833 3.2
      vertex -7.11924 -25.3198 3.2
      vertex -6.23615 -36.4493 3.2
    endloop
  endfacet
  facet normal -0 0 -1
    outer loop
      vertex -6.08556 -36.3547 3.2
      vertex -6.13515 -36.3849 3.2
      vertex -6.67642 -25.5175 3.2
    endloop
  endfacet
  facet normal 0 0 -1
    outer loop
      vertex -4.41448 -34.718 3.2
      vertex -6.67642 -25.5175 3.2
      vertex -6.23176 -25.7225 3.2
    endloop
  endfacet
  facet normal -0 0 -1
    outer loop
      vertex -4.39598 -34.6912 3.2
      vertex -4.41448 -34.718 3.2
      vertex -6.23176 -25.7225 3.2
    endloop
  endfacet
  facet normal 0 0 -1
    outer loop
      vertex -6.08556 -36.3547 3.2
      vertex -4.41448 -34.718 3.2
      vertex -6.03688 -36.3262 3.2
    endloop
  endfacet
  facet normal 0 0 -1
    outer loop
      vertex -4.43017 -34.7428 3.2
      vertex -4.49847 -34.8575 3.2
      vertex -5.98936 -36.2995 3.2
    endloop
  endfacet
  facet normal 0 0 -1
    outer loop
      vertex -5.98936 -36.2995 3.2
      vertex -4.49847 -34.8575 3.2
      vertex -5.94322 -36.2748 3.2
    endloop
  endfacet
  facet normal 0 0 -1
    outer loop
      vertex -5.94322 -36.2748 3.2
      vertex -4.63502 -35.0742 3.2
      vertex -4.70323 -35.1761 3.2
    endloop
  endfacet
  facet normal -0 0 -1
    outer loop
      vertex -5.89871 -36.2523 3.2
      vertex -5.94322 -36.2748 3.2
      vertex -4.70323 -35.1761 3.2
    endloop
  endfacet
  facet normal -0 0 -1
    outer loop
      vertex -4.77139 -35.2737 3.2
      vertex -5.89871 -36.2523 3.2
      vertex -4.70323 -35.1761 3.2
    endloop
  endfacet
  facet normal 0 0 -1
    outer loop
      vertex -4.90748 -35.4557 3.2
      vertex -5.85605 -36.2321 3.2
      vertex -5.89871 -36.2523 3.2
    endloop
  endfacet
  facet normal 0 0 -1
    outer loop
      vertex -4.90748 -35.4557 3.2
      vertex -4.97538 -35.5401 3.2
      vertex -5.85605 -36.2321 3.2
    endloop
  endfacet
  facet normal 0 0 -1
    outer loop
      vertex -5.85605 -36.2321 3.2
      vertex -5.17834 -35.7666 3.2
      vertex -5.81549 -36.2145 3.2
    endloop
  endfacet
  facet normal 0 0 -1
    outer loop
      vertex -5.81549 -36.2145 3.2
      vertex -5.2457 -35.8331 3.2
      vertex -5.31289 -35.895 3.2
    endloop
  endfacet
  facet normal -0 0 -1
    outer loop
      vertex -5.3799 -35.9524 3.2
      vertex -5.81549 -36.2145 3.2
      vertex -5.31289 -35.895 3.2
    endloop
  endfacet
  facet normal 0 0 -1
    outer loop
      vertex -5.44671 -36.0052 3.2
      vertex -5.5133 -36.0534 3.2
      vertex -5.81549 -36.2145 3.2
    endloop
  endfacet
  facet normal 0 0 -1
    outer loop
      vertex -5.81549 -36.2145 3.2
      vertex -5.57966 -36.097 3.2
      vertex -5.64579 -36.1358 3.2
    endloop
  endfacet
  facet normal 0 0 -1
    outer loop
      vertex -5.81549 -36.2145 3.2
      vertex -5.5133 -36.0534 3.2
      vertex -5.57966 -36.097 3.2
    endloop
  endfacet
  facet normal 0 0 -1
    outer loop
      vertex -5.64579 -36.1358 3.2
      vertex -5.71165 -36.17 3.2
      vertex -5.81549 -36.2145 3.2
    endloop
  endfacet
  facet normal 0 0 -1
    outer loop
      vertex -5.3799 -35.9524 3.2
      vertex -5.44671 -36.0052 3.2
      vertex -5.81549 -36.2145 3.2
    endloop
  endfacet
  facet normal -0 0 -1
    outer loop
      vertex -5.77725 -36.1995 3.2
      vertex -5.81549 -36.2145 3.2
      vertex -5.71165 -36.17 3.2
    endloop
  endfacet
  facet normal 0 0 -1
    outer loop
      vertex -5.81549 -36.2145 3.2
      vertex -5.17834 -35.7666 3.2
      vertex -5.2457 -35.8331 3.2
    endloop
  endfacet
  facet normal -0 0 -1
    outer loop
      vertex -5.04316 -35.6201 3.2
      vertex -5.85605 -36.2321 3.2
      vertex -4.97538 -35.5401 3.2
    endloop
  endfacet
  facet normal 0 0 -1
    outer loop
      vertex -4.77139 -35.2737 3.2
      vertex -4.83947 -35.3669 3.2
      vertex -5.89871 -36.2523 3.2
    endloop
  endfacet
  facet normal 0 0 -1
    outer loop
      vertex -5.94322 -36.2748 3.2
      vertex -4.56676 -34.968 3.2
      vertex -4.63502 -35.0742 3.2
    endloop
  endfacet
  facet normal 0 0 -1
    outer loop
      vertex -5.94322 -36.2748 3.2
      vertex -4.49847 -34.8575 3.2
      vertex -4.56676 -34.968 3.2
    endloop
  endfacet
  facet normal 0 0 -1
    outer loop
      vertex -6.03688 -36.3262 3.2
      vertex -4.43017 -34.7428 3.2
      vertex -5.98936 -36.2995 3.2
    endloop
  endfacet
  facet normal 0 0 -1
    outer loop
      vertex -6.03688 -36.3262 3.2
      vertex -4.41448 -34.718 3.2
      vertex -4.43017 -34.7428 3.2
    endloop
  endfacet
  facet normal -0 0 -1
    outer loop
      vertex -4.37484 -34.6625 3.2
      vertex -4.39598 -34.6912 3.2
      vertex -6.23176 -25.7225 3.2
    endloop
  endfacet
  facet normal 0 0 -1
    outer loop
      vertex -5.78822 -25.933 3.2
      vertex -4.29741 -34.5673 3.2
      vertex -4.32538 -34.6004 3.2
    endloop
  endfacet
  facet normal 0 0 -1
    outer loop
      vertex -4.23589 -34.4978 3.2
      vertex -5.34873 -26.1475 3.2
      vertex -4.20269 -34.4618 3.2
    endloop
  endfacet
  facet normal 0 0 -1
    outer loop
      vertex -4.20269 -34.4618 3.2
      vertex -5.34873 -26.1475 3.2
      vertex -4.16811 -34.4252 3.2
    endloop
  endfacet
  facet normal 0 0 -1
    outer loop
      vertex -5.34873 -26.1475 3.2
      vertex -4.09549 -34.3509 3.2
      vertex -4.13232 -34.3882 3.2
    endloop
  endfacet
  facet normal 0 0 -1
    outer loop
      vertex -4.91624 -26.3644 3.2
      vertex -4.05781 -34.3136 3.2
      vertex -4.09549 -34.3509 3.2
    endloop
  endfacet
  facet normal 0 0 -1
    outer loop
      vertex -4.91624 -26.3644 3.2
      vertex -4.01946 -34.2763 3.2
      vertex -4.05781 -34.3136 3.2
    endloop
  endfacet
  facet normal -0 0 -1
    outer loop
      vertex -3.94143 -34.2029 3.2
      vertex -3.9806 -34.2394 3.2
      vertex -4.91624 -26.3644 3.2
    endloop
  endfacet
  facet normal 0 0 -1
    outer loop
      vertex -3.90211 -34.1671 3.2
      vertex -4.91624 -26.3644 3.2
      vertex -4.49369 -26.582 3.2
    endloop
  endfacet
  facet normal 0 0 -1
    outer loop
      vertex -3.54279 -33.8495 3.2
      vertex -4.49369 -26.582 3.2
      vertex -3.45815 -33.7648 3.2
    endloop
  endfacet
  facet normal 0 0 -1
    outer loop
      vertex -4.49369 -26.582 3.2
      vertex -4.08404 -26.7988 3.2
      vertex -3.28614 -33.5802 3.2
    endloop
  endfacet
  facet normal -0 0 -1
    outer loop
      vertex -2.03708 -31.6802 3.2
      vertex -2.07042 -31.7306 3.2
      vertex -2.9619 -27.4281 3.2
    endloop
  endfacet
  facet normal 0 0 -1
    outer loop
      vertex -2.63327 -27.6254 3.2
      vertex -1.89433 -31.4754 3.2
      vertex -1.93108 -31.5266 3.2
    endloop
  endfacet
  facet normal 0 0 -1
    outer loop
      vertex -2.00263 -31.6293 3.2
      vertex -2.63327 -27.6254 3.2
      vertex -1.96724 -31.578 3.2
    endloop
  endfacet
  facet normal 0 0 -1
    outer loop
      vertex -2.13309 -31.8285 3.2
      vertex -2.9619 -27.4281 3.2
      vertex -2.10248 -31.7801 3.2
    endloop
  endfacet
  facet normal 0 0 -1
    outer loop
      vertex -3.3152 -27.2234 3.2
      vertex -2.16207 -31.8755 3.2
      vertex -2.18926 -31.9209 3.2
    endloop
  endfacet
  facet normal 0 0 -1
    outer loop
      vertex -3.69023 -27.0132 3.2
      vertex -2.25838 -32.0451 3.2
      vertex -2.27669 -32.0815 3.2
    endloop
  endfacet
  facet normal -0 0 -1
    outer loop
      vertex -2.44591 -32.4261 3.2
      vertex -2.50465 -32.5273 3.2
      vertex -2.29236 -32.1151 3.2
    endloop
  endfacet
  facet normal 0 0 -1
    outer loop
      vertex -2.56846 -32.6313 3.2
      vertex -3.69023 -27.0132 3.2
      vertex -2.50465 -32.5273 3.2
    endloop
  endfacet
  facet normal -0 0 -1
    outer loop
      vertex -2.63682 -32.7373 3.2
      vertex -2.70922 -32.8448 3.2
      vertex -3.69023 -27.0132 3.2
    endloop
  endfacet
  facet normal -0 -0 -1
    outer loop
      vertex -3.69023 -27.0132 3.2
      vertex -2.70922 -32.8448 3.2
      vertex -4.08404 -26.7988 3.2
    endloop
  endfacet
  facet normal -0 0 -1
    outer loop
      vertex -2.86409 -33.0613 3.2
      vertex -2.94554 -33.1689 3.2
      vertex -4.08404 -26.7988 3.2
    endloop
  endfacet
  facet normal 0 0 -1
    outer loop
      vertex -3.54279 -33.8495 3.2
      vertex -3.62583 -33.9283 3.2
      vertex -3.7851 -34.0652 3.2
    endloop
  endfacet
  facet normal 0 0 -1
    outer loop
      vertex -3.7851 -34.0652 3.2
      vertex -3.62583 -33.9283 3.2
      vertex -3.70677 -34.0004 3.2
    endloop
  endfacet
  facet normal 0 0 -1
    outer loop
      vertex -3.45815 -33.7648 3.2
      vertex -4.49369 -26.582 3.2
      vertex -3.37243 -33.6748 3.2
    endloop
  endfacet
  facet normal -0 0 -1
    outer loop
      vertex -3.11391 -33.3798 3.2
      vertex -3.1998 -33.4816 3.2
      vertex -4.08404 -26.7988 3.2
    endloop
  endfacet
  facet normal 0 0 -1
    outer loop
      vertex -2.78515 -32.953 3.2
      vertex -4.08404 -26.7988 3.2
      vertex -2.70922 -32.8448 3.2
    endloop
  endfacet
  facet normal 0 0 -1
    outer loop
      vertex -3.3152 -27.2234 3.2
      vertex -2.21449 -31.9645 3.2
      vertex -2.23759 -32.006 3.2
    endloop
  endfacet
  facet normal 0 0 -1
    outer loop
      vertex -3.69023 -27.0132 3.2
      vertex -3.3152 -27.2234 3.2
      vertex -2.25838 -32.0451 3.2
    endloop
  endfacet
  facet normal 0 0 -1
    outer loop
      vertex -2.29236 -32.1151 3.2
      vertex -2.30521 -32.1455 3.2
      vertex -2.34568 -32.2345 3.2
    endloop
  endfacet
  facet normal 0 0 -1
    outer loop
      vertex -2.39275 -32.3283 3.2
      vertex -2.29236 -32.1151 3.2
      vertex -2.34568 -32.2345 3.2
    endloop
  endfacet
  facet normal 0 0 -1
    outer loop
      vertex -3.69023 -27.0132 3.2
      vertex -2.27669 -32.0815 3.2
      vertex -2.29236 -32.1151 3.2
    endloop
  endfacet
  facet normal -0 0 -1
    outer loop
      vertex -2.23759 -32.006 3.2
      vertex -2.25838 -32.0451 3.2
      vertex -3.3152 -27.2234 3.2
    endloop
  endfacet
  facet normal 0 0 -1
    outer loop
      vertex -2.21449 -31.9645 3.2
      vertex -3.3152 -27.2234 3.2
      vertex -2.18926 -31.9209 3.2
    endloop
  endfacet
  facet normal 0 0 -1
    outer loop
      vertex -3.3152 -27.2234 3.2
      vertex -2.9619 -27.4281 3.2
      vertex -2.16207 -31.8755 3.2
    endloop
  endfacet
  facet normal 0 0 -1
    outer loop
      vertex -3.69023 -27.0132 3.2
      vertex -2.29236 -32.1151 3.2
      vertex -2.50465 -32.5273 3.2
    endloop
  endfacet
  facet normal 0 0 -1
    outer loop
      vertex -2.16207 -31.8755 3.2
      vertex -2.9619 -27.4281 3.2
      vertex -2.13309 -31.8285 3.2
    endloop
  endfacet
  facet normal 0 0 -1
    outer loop
      vertex -2.10248 -31.7801 3.2
      vertex -2.9619 -27.4281 3.2
      vertex -2.07042 -31.7306 3.2
    endloop
  endfacet
  facet normal 0 0 -1
    outer loop
      vertex -2.9619 -27.4281 3.2
      vertex -2.63327 -27.6254 3.2
      vertex -2.03708 -31.6802 3.2
    endloop
  endfacet
  facet normal 0 0 -1
    outer loop
      vertex -2.03708 -31.6802 3.2
      vertex -2.63327 -27.6254 3.2
      vertex -2.00263 -31.6293 3.2
    endloop
  endfacet
  facet normal 0 0 -1
    outer loop
      vertex -2.63327 -27.6254 3.2
      vertex -1.93108 -31.5266 3.2
      vertex -1.96724 -31.578 3.2
    endloop
  endfacet
  facet normal -0 -0 -1
    outer loop
      vertex -2.33226 -27.8138 3.2
      vertex -1.89433 -31.4754 3.2
      vertex -2.63327 -27.6254 3.2
    endloop
  endfacet
  facet normal -0 0 -1
    outer loop
      vertex -1.8197 -31.3745 3.2
      vertex -1.85714 -31.4246 3.2
      vertex -2.33226 -27.8138 3.2
    endloop
  endfacet
  facet normal 0 0 -1
    outer loop
      vertex -2.33226 -27.8138 3.2
      vertex -1.85714 -31.4246 3.2
      vertex -1.89433 -31.4754 3.2
    endloop
  endfacet
  facet normal 0 0 -1
    outer loop
      vertex -1.74474 -31.2774 3.2
      vertex -2.33226 -27.8138 3.2
      vertex -2.06182 -27.9917 3.2
    endloop
  endfacet
  facet normal -0 0 -1
    outer loop
      vertex -1.74474 -31.2774 3.2
      vertex -1.78218 -31.3254 3.2
      vertex -2.33226 -27.8138 3.2
    endloop
  endfacet
  facet normal 0 0 -1
    outer loop
      vertex -2.06182 -27.9917 3.2
      vertex -1.70756 -31.2309 3.2
      vertex -1.74474 -31.2774 3.2
    endloop
  endfacet
  facet normal 0 0 -1
    outer loop
      vertex -2.06182 -27.9917 3.2
      vertex -1.60903 -31.0998 3.2
      vertex -1.70756 -31.2309 3.2
    endloop
  endfacet
  facet normal 0 0 -1
    outer loop
      vertex -2.06182 -27.9917 3.2
      vertex -1.51835 -30.9676 3.2
      vertex -1.60903 -31.0998 3.2
    endloop
  endfacet
  facet normal -0 -0 -1
    outer loop
      vertex -1.82489 -28.1575 3.2
      vertex -1.43558 -30.8346 3.2
      vertex -2.06182 -27.9917 3.2
    endloop
  endfacet
  facet normal -0 0 -1
    outer loop
      vertex -1.29386 -30.5667 3.2
      vertex -1.36074 -30.7008 3.2
      vertex -1.82489 -28.1575 3.2
    endloop
  endfacet
  facet normal 0 0 -1
    outer loop
      vertex -1.23499 -30.4324 3.2
      vertex -1.82489 -28.1575 3.2
      vertex -1.18416 -30.2982 3.2
    endloop
  endfacet
  facet normal -0 0 -1
    outer loop
      vertex -1.23499 -30.4324 3.2
      vertex -1.29386 -30.5667 3.2
      vertex -1.82489 -28.1575 3.2
    endloop
  endfacet
  facet normal -0 0 -1
    outer loop
      vertex -1.14141 -30.1643 3.2
      vertex -1.18416 -30.2982 3.2
      vertex -1.62442 -28.3096 3.2
    endloop
  endfacet
  facet normal -0 0 -1
    outer loop
      vertex -1.10677 -30.031 3.2
      vertex -1.14141 -30.1643 3.2
      vertex -1.62442 -28.3096 3.2
    endloop
  endfacet
  facet normal 0 0 -1
    outer loop
      vertex -1.08027 -29.8984 3.2
      vertex -1.62442 -28.3096 3.2
      vertex -1.06195 -29.7668 3.2
    endloop
  endfacet
  facet normal 0 0 -1
    outer loop
      vertex -1.62442 -28.3096 3.2
      vertex -1.05001 -29.5076 3.2
      vertex -1.05186 -29.6365 3.2
    endloop
  endfacet
  facet normal 0 0 -1
    outer loop
      vertex -1.06195 -29.7668 3.2
      vertex -1.62442 -28.3096 3.2
      vertex -1.05186 -29.6365 3.2
    endloop
  endfacet
  facet normal 0 0 -1
    outer loop
      vertex -1.62442 -28.3096 3.2
      vertex -1.07123 -29.2554 3.2
      vertex -1.05646 -29.3805 3.2
    endloop
  endfacet
  facet normal 0 0 -1
    outer loop
      vertex -1.21426 -28.7793 3.2
      vertex -1.34462 -28.5662 3.2
      vertex -1.27119 -28.6675 3.2
    endloop
  endfacet
  facet normal 0 0 -1
    outer loop
      vertex -1.46334 -28.4464 3.2
      vertex -1.34462 -28.5662 3.2
      vertex -1.21426 -28.7793 3.2
    endloop
  endfacet
  facet normal 0 0 -1
    outer loop
      vertex -1.46334 -28.4464 3.2
      vertex -1.21426 -28.7793 3.2
      vertex -1.16584 -28.8942 3.2
    endloop
  endfacet
  facet normal 0 0 -1
    outer loop
      vertex -1.12588 -29.012 3.2
      vertex -1.46334 -28.4464 3.2
      vertex -1.16584 -28.8942 3.2
    endloop
  endfacet
  facet normal 0 0 -1
    outer loop
      vertex -1.09436 -29.1325 3.2
      vertex -1.46334 -28.4464 3.2
      vertex -1.12588 -29.012 3.2
    endloop
  endfacet
  facet normal 0 0 -1
    outer loop
      vertex -1.07123 -29.2554 3.2
      vertex -1.46334 -28.4464 3.2
      vertex -1.09436 -29.1325 3.2
    endloop
  endfacet
  facet normal 0 0 -1
    outer loop
      vertex -1.62442 -28.3096 3.2
      vertex -1.46334 -28.4464 3.2
      vertex -1.07123 -29.2554 3.2
    endloop
  endfacet
  facet normal 0 0 -1
    outer loop
      vertex -1.05001 -29.5076 3.2
      vertex -1.62442 -28.3096 3.2
      vertex -1.05646 -29.3805 3.2
    endloop
  endfacet
  facet normal -0 0 -1
    outer loop
      vertex -1.08027 -29.8984 3.2
      vertex -1.10677 -30.031 3.2
      vertex -1.62442 -28.3096 3.2
    endloop
  endfacet
  facet normal -0 -0 -1
    outer loop
      vertex -1.62442 -28.3096 3.2
      vertex -1.18416 -30.2982 3.2
      vertex -1.82489 -28.1575 3.2
    endloop
  endfacet
  facet normal 0 0 -1
    outer loop
      vertex -1.82489 -28.1575 3.2
      vertex -1.36074 -30.7008 3.2
      vertex -1.43558 -30.8346 3.2
    endloop
  endfacet
  facet normal 0 0 -1
    outer loop
      vertex -2.06182 -27.9917 3.2
      vertex -1.43558 -30.8346 3.2
      vertex -1.51835 -30.9676 3.2
    endloop
  endfacet
  facet normal 0 0 -1
    outer loop
      vertex -2.33226 -27.8138 3.2
      vertex -1.78218 -31.3254 3.2
      vertex -1.8197 -31.3745 3.2
    endloop
  endfacet
  facet normal -0 0 -1
    outer loop
      vertex -2.78515 -32.953 3.2
      vertex -2.86409 -33.0613 3.2
      vertex -4.08404 -26.7988 3.2
    endloop
  endfacet
  facet normal 0 0 -1
    outer loop
      vertex -4.08404 -26.7988 3.2
      vertex -3.02899 -33.2753 3.2
      vertex -3.11391 -33.3798 3.2
    endloop
  endfacet
  facet normal 0 0 -1
    outer loop
      vertex -3.28614 -33.5802 3.2
      vertex -4.08404 -26.7988 3.2
      vertex -3.1998 -33.4816 3.2
    endloop
  endfacet
  facet normal 0 0 -1
    outer loop
      vertex -3.37243 -33.6748 3.2
      vertex -4.49369 -26.582 3.2
      vertex -3.28614 -33.5802 3.2
    endloop
  endfacet
  facet normal -0 0 -1
    outer loop
      vertex -3.54279 -33.8495 3.2
      vertex -3.7851 -34.0652 3.2
      vertex -4.49369 -26.582 3.2
    endloop
  endfacet
  facet normal 0 0 -1
    outer loop
      vertex -4.49369 -26.582 3.2
      vertex -3.82377 -34.0981 3.2
      vertex -3.86283 -34.1321 3.2
    endloop
  endfacet
  facet normal 0 0 -1
    outer loop
      vertex -4.91624 -26.3644 3.2
      vertex -3.9806 -34.2394 3.2
      vertex -4.01946 -34.2763 3.2
    endloop
  endfacet
  facet normal 0 0 -1
    outer loop
      vertex -5.34873 -26.1475 3.2
      vertex -4.91624 -26.3644 3.2
      vertex -4.09549 -34.3509 3.2
    endloop
  endfacet
  facet normal -0 -0 -1
    outer loop
      vertex -5.78822 -25.933 3.2
      vertex -4.35125 -34.6322 3.2
      vertex -6.23176 -25.7225 3.2
    endloop
  endfacet
  facet normal 0 0 -1
    outer loop
      vertex -6.23176 -25.7225 3.2
      vertex -4.35125 -34.6322 3.2
      vertex -4.37484 -34.6625 3.2
    endloop
  endfacet
  facet normal 0 0 -1
    outer loop
      vertex -6.67642 -25.5175 3.2
      vertex -6.13515 -36.3849 3.2
      vertex -6.18543 -36.4165 3.2
    endloop
  endfacet
  facet normal 0 0 -1
    outer loop
      vertex -6.23615 -36.4493 3.2
      vertex -6.67642 -25.5175 3.2
      vertex -6.18543 -36.4165 3.2
    endloop
  endfacet
  facet normal 0 0 -1
    outer loop
      vertex -6.23615 -36.4493 3.2
      vertex -7.11924 -25.3198 3.2
      vertex -6.67642 -25.5175 3.2
    endloop
  endfacet
  facet normal 0 0 -1
    outer loop
      vertex -6.43884 -36.5901 3.2
      vertex -7.55728 -25.1308 3.2
      vertex -6.38867 -36.5539 3.2
    endloop
  endfacet
  facet normal -0 0 -1
    outer loop
      vertex -6.43884 -36.5901 3.2
      vertex -6.48829 -36.6267 3.2
      vertex -7.55728 -25.1308 3.2
    endloop
  endfacet
  facet normal 0 0 -1
    outer loop
      vertex -8.68445 -24.7691 3.2
      vertex -8.54877 -24.7916 3.2
      vertex -7.98759 -24.9523 3.2
    endloop
  endfacet
  facet normal 0 0 -1
    outer loop
      vertex -7.98759 -24.9523 3.2
      vertex -8.30586 -24.8459 3.2
      vertex -8.08975 -24.9134 3.2
    endloop
  endfacet
  facet normal 0 0 -1
    outer loop
      vertex -8.42313 -24.8172 3.2
      vertex -8.30586 -24.8459 3.2
      vertex -7.98759 -24.9523 3.2
    endloop
  endfacet
  facet normal 0 0 -1
    outer loop
      vertex -8.54877 -24.7916 3.2
      vertex -8.42313 -24.8172 3.2
      vertex -7.98759 -24.9523 3.2
    endloop
  endfacet
  facet normal 0 0 -1
    outer loop
      vertex -7.55728 -25.1308 3.2
      vertex -8.99255 -24.733 3.2
      vertex -7.98759 -24.9523 3.2
    endloop
  endfacet
  facet normal 0 0 -1
    outer loop
      vertex -9.36075 -24.7081 3.2
      vertex -9.1683 -24.7192 3.2
      vertex -8.57242 -37.5523 3.2
    endloop
  endfacet
  facet normal 0 0 -1
    outer loop
      vertex -9.57156 -24.6997 3.2
      vertex -9.36075 -24.7081 3.2
      vertex -8.57242 -37.5523 3.2
    endloop
  endfacet
  facet normal 0 0 -1
    outer loop
      vertex -9.80239 -24.6938 3.2
      vertex -8.78665 -37.6006 3.2
      vertex -8.97596 -37.6446 3.2
    endloop
  endfacet
  facet normal 0 0 -1
    outer loop
      vertex -10.0549 -24.6903 3.2
      vertex -9.80239 -24.6938 3.2
      vertex -8.97596 -37.6446 3.2
    endloop
  endfacet
  facet normal 0 0 -1
    outer loop
      vertex -10.3308 -24.6892 3.2
      vertex -10.0549 -24.6903 3.2
      vertex -9.14236 -37.6851 3.2
    endloop
  endfacet
  facet normal 0 0 -1
    outer loop
      vertex -9.28787 -37.7229 3.2
      vertex -10.3308 -24.6892 3.2
      vertex -9.14236 -37.6851 3.2
    endloop
  endfacet
  facet normal 0 0 -1
    outer loop
      vertex -9.28787 -37.7229 3.2
      vertex -10.6316 -24.6903 3.2
      vertex -10.3308 -24.6892 3.2
    endloop
  endfacet
  facet normal 0 0 -1
    outer loop
      vertex -9.4145 -37.7589 3.2
      vertex -10.9592 -24.6936 3.2
      vertex -10.6316 -24.6903 3.2
    endloop
  endfacet
  facet normal -0 0 -1
    outer loop
      vertex -9.4145 -37.7589 3.2
      vertex -9.5243 -37.7938 3.2
      vertex -10.9592 -24.6936 3.2
    endloop
  endfacet
  facet normal 0 0 -1
    outer loop
      vertex -9.61926 -37.8284 3.2
      vertex -11.701 -24.7063 3.2
      vertex -11.3151 -24.6989 3.2
    endloop
  endfacet
  facet normal -0 0 -1
    outer loop
      vertex -9.61926 -37.8284 3.2
      vertex -9.70142 -37.8635 3.2
      vertex -11.701 -24.7063 3.2
    endloop
  endfacet
  facet normal 0 -0 -1
    outer loop
      vertex -13.4214 -24.751 3.2
      vertex -9.89125 -37.9799 3.2
      vertex -13.5844 -24.7536 3.2
    endloop
  endfacet
  facet normal 0 0 -1
    outer loop
      vertex -9.94239 -38.025 3.2
      vertex -13.8607 -24.7541 3.2
      vertex -13.7304 -24.7547 3.2
    endloop
  endfacet
  facet normal -0 0 -1
    outer loop
      vertex -13.4112 -39.6281 3.2
      vertex -13.4975 -39.6358 3.2
      vertex -13.8607 -24.7541 3.2
    endloop
  endfacet
  facet normal -0 -0 -1
    outer loop
      vertex -13.8607 -24.7541 3.2
      vertex -13.4975 -39.6358 3.2
      vertex -13.9767 -24.7516 3.2
    endloop
  endfacet
  facet normal -0 -0 -1
    outer loop
      vertex -13.9767 -24.7516 3.2
      vertex -13.5784 -39.6443 3.2
      vertex -14.0799 -24.7471 3.2
    endloop
  endfacet
  facet normal -0 -0 -1
    outer loop
      vertex -14.0799 -24.7471 3.2
      vertex -13.7259 -39.6643 3.2
      vertex -14.1716 -24.7406 3.2
    endloop
  endfacet
  facet normal 0 0 -1
    outer loop
      vertex -14.1716 -24.7406 3.2
      vertex -13.7259 -39.6643 3.2
      vertex -13.7934 -39.6761 3.2
    endloop
  endfacet
  facet normal 0 0 -1
    outer loop
      vertex -14.2532 -24.7318 3.2
      vertex -13.7934 -39.6761 3.2
      vertex -13.8575 -39.6892 3.2
    endloop
  endfacet
  facet normal 0 0 -1
    outer loop
      vertex -14.3263 -24.7208 3.2
      vertex -14.2532 -24.7318 3.2
      vertex -13.8575 -39.6892 3.2
    endloop
  endfacet
  facet normal 0 0 -1
    outer loop
      vertex -13.9187 -39.7038 3.2
      vertex -14.3263 -24.7208 3.2
      vertex -13.8575 -39.6892 3.2
    endloop
  endfacet
  facet normal 0 0 -1
    outer loop
      vertex -13.9773 -39.7201 3.2
      vertex -14.3921 -24.7073 3.2
      vertex -14.3263 -24.7208 3.2
    endloop
  endfacet
  facet normal -0 0 -1
    outer loop
      vertex -13.9773 -39.7201 3.2
      vertex -14.034 -39.7382 3.2
      vertex -14.3921 -24.7073 3.2
    endloop
  endfacet
  facet normal -0 0 -1
    outer loop
      vertex -14.034 -39.7382 3.2
      vertex -14.0892 -39.7583 3.2
      vertex -14.4522 -24.6912 3.2
    endloop
  endfacet
  facet normal 0 0 -1
    outer loop
      vertex -14.4522 -24.6912 3.2
      vertex -14.0892 -39.7583 3.2
      vertex -14.1434 -39.7804 3.2
    endloop
  endfacet
  facet normal 0 0 -1
    outer loop
      vertex -14.5079 -24.6725 3.2
      vertex -14.4522 -24.6912 3.2
      vertex -14.1434 -39.7804 3.2
    endloop
  endfacet
  facet normal 0 0 -1
    outer loop
      vertex -14.1971 -39.8048 3.2
      vertex -14.5079 -24.6725 3.2
      vertex -14.1434 -39.7804 3.2
    endloop
  endfacet
  facet normal 0 0 -1
    outer loop
      vertex -14.1971 -39.8048 3.2
      vertex -14.5606 -24.6509 3.2
      vertex -14.5079 -24.6725 3.2
    endloop
  endfacet
  facet normal -0 0 -1
    outer loop
      vertex -14.1971 -39.8048 3.2
      vertex -14.2507 -39.8316 3.2
      vertex -14.5606 -24.6509 3.2
    endloop
  endfacet
  facet normal -0 -0 -1
    outer loop
      vertex -14.5606 -24.6509 3.2
      vertex -14.3048 -39.8609 3.2
      vertex -14.6118 -24.6265 3.2
    endloop
  endfacet
  facet normal 0 0 -1
    outer loop
      vertex -15.5243 -24.2496 3.2
      vertex -15.4309 -24.2776 3.2
      vertex -14.6629 -24.599 3.2
    endloop
  endfacet
  facet normal 0 0 -1
    outer loop
      vertex -14.6629 -24.599 3.2
      vertex -15.1762 -24.3603 3.2
      vertex -14.7153 -24.5684 3.2
    endloop
  endfacet
  facet normal 0 0 -1
    outer loop
      vertex -14.7153 -24.5684 3.2
      vertex -15.1762 -24.3603 3.2
      vertex -15.1009 -24.3871 3.2
    endloop
  endfacet
  facet normal -0 -0 -1
    outer loop
      vertex -14.9664 -24.4392 3.2
      vertex -14.7153 -24.5684 3.2
      vertex -15.0308 -24.4135 3.2
    endloop
  endfacet
  facet normal 0 0 -1
    outer loop
      vertex -14.9664 -24.4392 3.2
      vertex -14.9078 -24.4643 3.2
      vertex -14.7153 -24.5684 3.2
    endloop
  endfacet
  facet normal -0 -0 -1
    outer loop
      vertex -15.0308 -24.4135 3.2
      vertex -14.7153 -24.5684 3.2
      vertex -15.1009 -24.3871 3.2
    endloop
  endfacet
  facet normal -0 -0 -1
    outer loop
      vertex -14.7704 -24.5345 3.2
      vertex -14.7153 -24.5684 3.2
      vertex -14.9078 -24.4643 3.2
    endloop
  endfacet
  facet normal -0 -0 -1
    outer loop
      vertex -14.8554 -24.4885 3.2
      vertex -14.7704 -24.5345 3.2
      vertex -14.9078 -24.4643 3.2
    endloop
  endfacet
  facet normal 0 0 -1
    outer loop
      vertex -14.8554 -24.4885 3.2
      vertex -14.8095 -24.512 3.2
      vertex -14.7704 -24.5345 3.2
    endloop
  endfacet
  facet normal 0 0 -1
    outer loop
      vertex -14.6629 -24.599 3.2
      vertex -15.2566 -24.333 3.2
      vertex -15.1762 -24.3603 3.2
    endloop
  endfacet
  facet normal 0 0 -1
    outer loop
      vertex -14.6629 -24.599 3.2
      vertex -15.3415 -24.3055 3.2
      vertex -15.2566 -24.333 3.2
    endloop
  endfacet
  facet normal 0 0 -1
    outer loop
      vertex -14.6629 -24.599 3.2
      vertex -15.4309 -24.2776 3.2
      vertex -15.3415 -24.3055 3.2
    endloop
  endfacet
  facet normal -0 -0 -1
    outer loop
      vertex -15.6214 -24.2215 3.2
      vertex -14.6118 -24.6265 3.2
      vertex -15.722 -24.1934 3.2
    endloop
  endfacet
  facet normal -0 -0 -1
    outer loop
      vertex -15.722 -24.1934 3.2
      vertex -14.6118 -24.6265 3.2
      vertex -15.8258 -24.1654 3.2
    endloop
  endfacet
  facet normal 0 0 -1
    outer loop
      vertex -15.8258 -24.1654 3.2
      vertex -14.6118 -24.6265 3.2
      vertex -14.3048 -39.8609 3.2
    endloop
  endfacet
  facet normal 0 0 -1
    outer loop
      vertex -15.9323 -24.1375 3.2
      vertex -15.8258 -24.1654 3.2
      vertex -14.3048 -39.8609 3.2
    endloop
  endfacet
  facet normal 0 0 -1
    outer loop
      vertex -14.3599 -39.8928 3.2
      vertex -15.9323 -24.1375 3.2
      vertex -14.3048 -39.8609 3.2
    endloop
  endfacet
  facet normal 0 0 -1
    outer loop
      vertex -14.3599 -39.8928 3.2
      vertex -16.0414 -24.1099 3.2
      vertex -15.9323 -24.1375 3.2
    endloop
  endfacet
  facet normal 0 0 -1
    outer loop
      vertex -14.3599 -39.8928 3.2
      vertex -16.1527 -24.0827 3.2
      vertex -16.0414 -24.1099 3.2
    endloop
  endfacet
  facet normal 0 0 -1
    outer loop
      vertex -14.3599 -39.8928 3.2
      vertex -16.266 -24.0558 3.2
      vertex -16.1527 -24.0827 3.2
    endloop
  endfacet
  facet normal -0 0 -1
    outer loop
      vertex -14.3599 -39.8928 3.2
      vertex -14.4164 -39.9276 3.2
      vertex -16.266 -24.0558 3.2
    endloop
  endfacet
  facet normal -0 -0 -1
    outer loop
      vertex -16.266 -24.0558 3.2
      vertex -14.4164 -39.9276 3.2
      vertex -16.3808 -24.0295 3.2
    endloop
  endfacet
  facet normal -0 -0 -1
    outer loop
      vertex -16.3808 -24.0295 3.2
      vertex -14.4164 -39.9276 3.2
      vertex -16.4969 -24.0038 3.2
    endloop
  endfacet
  facet normal 0 0 -1
    outer loop
      vertex -16.4969 -24.0038 3.2
      vertex -14.4164 -39.9276 3.2
      vertex -15.776 -40.595 3.2
    endloop
  endfacet
  facet normal 0 0 -1
    outer loop
      vertex -16.708 -23.9602 3.2
      vertex -16.4969 -24.0038 3.2
      vertex -15.776 -40.595 3.2
    endloop
  endfacet
  facet normal 0 0 -1
    outer loop
      vertex -15.9297 -40.6488 3.2
      vertex -16.708 -23.9602 3.2
      vertex -15.776 -40.595 3.2
    endloop
  endfacet
  facet normal -0 0 -1
    outer loop
      vertex -15.9297 -40.6488 3.2
      vertex -16.0873 -40.7014 3.2
      vertex -16.708 -23.9602 3.2
    endloop
  endfacet
  facet normal 0 0 -1
    outer loop
      vertex -16.708 -23.9602 3.2
      vertex -16.0873 -40.7014 3.2
      vertex -16.2481 -40.7528 3.2
    endloop
  endfacet
  facet normal 0 0 -1
    outer loop
      vertex -16.8986 -23.9204 3.2
      vertex -16.708 -23.9602 3.2
      vertex -16.2481 -40.7528 3.2
    endloop
  endfacet
  facet normal 0 0 -1
    outer loop
      vertex -16.4114 -40.8026 3.2
      vertex -16.8986 -23.9204 3.2
      vertex -16.2481 -40.7528 3.2
    endloop
  endfacet
  facet normal -0 0 -1
    outer loop
      vertex -16.4114 -40.8026 3.2
      vertex -16.5767 -40.8505 3.2
      vertex -16.8986 -23.9204 3.2
    endloop
  endfacet
  facet normal -0 -0 -1
    outer loop
      vertex -16.8986 -23.9204 3.2
      vertex -16.5767 -40.8505 3.2
      vertex -17.0705 -23.8835 3.2
    endloop
  endfacet
  facet normal 0 0 -1
    outer loop
      vertex -17.0705 -23.8835 3.2
      vertex -16.5767 -40.8505 3.2
      vertex -16.7431 -40.8965 3.2
    endloop
  endfacet
  facet normal 0 0 -1
    outer loop
      vertex -16.9101 -40.9402 3.2
      vertex -17.0705 -23.8835 3.2
      vertex -16.7431 -40.8965 3.2
    endloop
  endfacet
  facet normal -0 0 -1
    outer loop
      vertex -16.9101 -40.9402 3.2
      vertex -17.077 -40.9813 3.2
      vertex -17.0705 -23.8835 3.2
    endloop
  endfacet
  facet normal -0 0 -1
    outer loop
      vertex -17.0705 -23.8835 3.2
      vertex -17.077 -40.9813 3.2
      vertex -17.2253 -23.8487 3.2
    endloop
  endfacet
  facet normal 0 -0 -1
    outer loop
      vertex -17.2253 -23.8487 3.2
      vertex -17.077 -40.9813 3.2
      vertex -17.243 -41.0198 3.2
    endloop
  endfacet
  facet normal 0 0 -1
    outer loop
      vertex -17.4076 -41.0552 3.2
      vertex -17.2253 -23.8487 3.2
      vertex -17.243 -41.0198 3.2
    endloop
  endfacet
  facet normal -0 0 -1
    outer loop
      vertex -17.4076 -41.0552 3.2
      vertex -17.4448 -41.063 3.2
      vertex -17.2253 -23.8487 3.2
    endloop
  endfacet
  facet normal -0 0 -1
    outer loop
      vertex -17.2253 -23.8487 3.2
      vertex -17.4448 -41.063 3.2
      vertex -17.3651 -23.8153 3.2
    endloop
  endfacet
  facet normal -0 0 -1
    outer loop
      vertex -17.3651 -23.8153 3.2
      vertex -17.4448 -41.063 3.2
      vertex -17.4915 -23.7824 3.2
    endloop
  endfacet
  facet normal 0 0 -1
    outer loop
      vertex -17.4915 -23.7824 3.2
      vertex -17.4448 -41.063 3.2
      vertex -17.4822 -41.0728 3.2
    endloop
  endfacet
  facet normal 0 0 -1
    outer loop
      vertex -17.6064 -23.7492 3.2
      vertex -17.4915 -23.7824 3.2
      vertex -17.4822 -41.0728 3.2
    endloop
  endfacet
  facet normal 0 0 -1
    outer loop
      vertex -17.5198 -41.0846 3.2
      vertex -17.6064 -23.7492 3.2
      vertex -17.4822 -41.0728 3.2
    endloop
  endfacet
  facet normal 0 0 -1
    outer loop
      vertex -17.5198 -41.0846 3.2
      vertex -17.7115 -23.7149 3.2
      vertex -17.6064 -23.7492 3.2
    endloop
  endfacet
  facet normal -0 0 -1
    outer loop
      vertex -17.5198 -41.0846 3.2
      vertex -17.5577 -41.0983 3.2
      vertex -17.7115 -23.7149 3.2
    endloop
  endfacet
  facet normal -0 -0 -1
    outer loop
      vertex -17.7115 -23.7149 3.2
      vertex -17.5577 -41.0983 3.2
      vertex -17.8087 -23.6786 3.2
    endloop
  endfacet
  facet normal 0 0 -1
    outer loop
      vertex -17.8087 -23.6786 3.2
      vertex -17.5577 -41.0983 3.2
      vertex -17.5957 -41.114 3.2
    endloop
  endfacet
  facet normal 0 0 -1
    outer loop
      vertex -17.634 -41.1315 3.2
      vertex -17.8087 -23.6786 3.2
      vertex -17.5957 -41.114 3.2
    endloop
  endfacet
  facet normal 0 0 -1
    outer loop
      vertex -17.634 -41.1315 3.2
      vertex -17.8997 -23.6396 3.2
      vertex -17.8087 -23.6786 3.2
    endloop
  endfacet
  facet normal -0 0 -1
    outer loop
      vertex -17.634 -41.1315 3.2
      vertex -17.6724 -41.151 3.2
      vertex -17.8997 -23.6396 3.2
    endloop
  endfacet
  facet normal -0 0 -1
    outer loop
      vertex -17.6724 -41.151 3.2
      vertex -17.7109 -41.1723 3.2
      vertex -17.9865 -23.597 3.2
    endloop
  endfacet
  facet normal 0 0 -1
    outer loop
      vertex -17.9865 -23.597 3.2
      vertex -17.7109 -41.1723 3.2
      vertex -17.7495 -41.1954 3.2
    endloop
  endfacet
  facet normal 0 0 -1
    outer loop
      vertex -18.0706 -23.5501 3.2
      vertex -17.9865 -23.597 3.2
      vertex -17.7495 -41.1954 3.2
    endloop
  endfacet
  facet normal 0 0 -1
    outer loop
      vertex -17.7883 -41.2204 3.2
      vertex -18.0706 -23.5501 3.2
      vertex -17.7495 -41.1954 3.2
    endloop
  endfacet
  facet normal -0 0 -1
    outer loop
      vertex -17.7883 -41.2204 3.2
      vertex -19.9881 -42.2512 3.2
      vertex -18.0706 -23.5501 3.2
    endloop
  endfacet
  facet normal -0 0 -1
    outer loop
      vertex -18.0706 -23.5501 3.2
      vertex -19.9881 -42.2512 3.2
      vertex -18.1541 -23.498 3.2
    endloop
  endfacet
  facet normal -0 0 -1
    outer loop
      vertex -18.1541 -23.498 3.2
      vertex -19.9881 -42.2512 3.2
      vertex -18.2385 -23.4398 3.2
    endloop
  endfacet
  facet normal 0 0 -1
    outer loop
      vertex -22.2849 -21.8902 3.2
      vertex -22.1217 -21.9026 3.2
      vertex -18.3259 -23.3749 3.2
    endloop
  endfacet
  facet normal 0 0 -1
    outer loop
      vertex -18.3259 -23.3749 3.2
      vertex -21.9516 -21.9147 3.2
      vertex -18.4179 -23.3024 3.2
    endloop
  endfacet
  facet normal -0 -0 -1
    outer loop
      vertex -21.2084 -21.9714 3.2
      vertex -18.6231 -23.1312 3.2
      vertex -21.4355 -21.952 3.2
    endloop
  endfacet
  facet normal 0 0 -1
    outer loop
      vertex -18.8685 -22.9197 3.2
      vertex -20.9999 -21.9921 3.2
      vertex -20.8082 -22.0145 3.2
    endloop
  endfacet
  facet normal 0 0 -1
    outer loop
      vertex -18.9996 -22.8078 3.2
      vertex -20.6319 -22.0393 3.2
      vertex -19.1234 -22.7056 3.2
    endloop
  endfacet
  facet normal 0 0 -1
    outer loop
      vertex -20.4692 -22.0668 3.2
      vertex -20.3186 -22.0977 3.2
      vertex -19.2416 -22.6124 3.2
    endloop
  endfacet
  facet normal -0 -0 -1
    outer loop
      vertex -20.0472 -22.1716 3.2
      vertex -19.4677 -22.4514 3.2
      vertex -20.1785 -22.1324 3.2
    endloop
  endfacet
  facet normal -0 -0 -1
    outer loop
      vertex -19.6906 -22.3205 3.2
      vertex -19.5787 -22.3825 3.2
      vertex -19.9232 -22.2156 3.2
    endloop
  endfacet
  facet normal -0 -0 -1
    outer loop
      vertex -19.8049 -22.2651 3.2
      vertex -19.6906 -22.3205 3.2
      vertex -19.9232 -22.2156 3.2
    endloop
  endfacet
  facet normal -0 -0 -1
    outer loop
      vertex -19.9232 -22.2156 3.2
      vertex -19.5787 -22.3825 3.2
      vertex -20.0472 -22.1716 3.2
    endloop
  endfacet
  facet normal 0 0 -1
    outer loop
      vertex -20.0472 -22.1716 3.2
      vertex -19.5787 -22.3825 3.2
      vertex -19.4677 -22.4514 3.2
    endloop
  endfacet
  facet normal 0 0 -1
    outer loop
      vertex -20.1785 -22.1324 3.2
      vertex -19.4677 -22.4514 3.2
      vertex -19.3558 -22.5279 3.2
    endloop
  endfacet
  facet normal 0 0 -1
    outer loop
      vertex -20.3186 -22.0977 3.2
      vertex -20.1785 -22.1324 3.2
      vertex -19.3558 -22.5279 3.2
    endloop
  endfacet
  facet normal 0 0 -1
    outer loop
      vertex -19.2416 -22.6124 3.2
      vertex -20.3186 -22.0977 3.2
      vertex -19.3558 -22.5279 3.2
    endloop
  endfacet
  facet normal 0 0 -1
    outer loop
      vertex -19.1234 -22.7056 3.2
      vertex -20.4692 -22.0668 3.2
      vertex -19.2416 -22.6124 3.2
    endloop
  endfacet
  facet normal 0 0 -1
    outer loop
      vertex -19.1234 -22.7056 3.2
      vertex -20.6319 -22.0393 3.2
      vertex -20.4692 -22.0668 3.2
    endloop
  endfacet
  facet normal 0 0 -1
    outer loop
      vertex -18.9996 -22.8078 3.2
      vertex -20.8082 -22.0145 3.2
      vertex -20.6319 -22.0393 3.2
    endloop
  endfacet
  facet normal -0 -0 -1
    outer loop
      vertex -18.9996 -22.8078 3.2
      vertex -18.8685 -22.9197 3.2
      vertex -20.8082 -22.0145 3.2
    endloop
  endfacet
  facet normal -0 -0 -1
    outer loop
      vertex -18.8685 -22.9197 3.2
      vertex -18.7399 -23.0309 3.2
      vertex -20.9999 -21.9921 3.2
    endloop
  endfacet
  facet normal -0 -0 -1
    outer loop
      vertex -20.9999 -21.9921 3.2
      vertex -18.7399 -23.0309 3.2
      vertex -21.2084 -21.9714 3.2
    endloop
  endfacet
  facet normal -0 -0 -1
    outer loop
      vertex -18.6231 -23.1312 3.2
      vertex -18.5164 -23.2214 3.2
      vertex -21.4355 -21.952 3.2
    endloop
  endfacet
  facet normal -0 -0 -1
    outer loop
      vertex -21.4355 -21.952 3.2
      vertex -18.5164 -23.2214 3.2
      vertex -21.6827 -21.9332 3.2
    endloop
  endfacet
  facet normal 0 0 -1
    outer loop
      vertex -21.6827 -21.9332 3.2
      vertex -18.5164 -23.2214 3.2
      vertex -18.4179 -23.3024 3.2
    endloop
  endfacet
  facet normal 0 0 -1
    outer loop
      vertex -21.9516 -21.9147 3.2
      vertex -21.6827 -21.9332 3.2
      vertex -18.4179 -23.3024 3.2
    endloop
  endfacet
  facet normal 0 0 -1
    outer loop
      vertex -22.1217 -21.9026 3.2
      vertex -21.9516 -21.9147 3.2
      vertex -18.3259 -23.3749 3.2
    endloop
  endfacet
  facet normal 0 0 -1
    outer loop
      vertex -22.2849 -21.8902 3.2
      vertex -18.3259 -23.3749 3.2
      vertex -18.2385 -23.4398 3.2
    endloop
  endfacet
  facet normal 0 0 -1
    outer loop
      vertex -19.9881 -42.2512 3.2
      vertex -22.2849 -21.8902 3.2
      vertex -18.2385 -23.4398 3.2
    endloop
  endfacet
  facet normal -0 0 -1
    outer loop
      vertex -19.9881 -42.2512 3.2
      vertex -20.0487 -42.2762 3.2
      vertex -22.2849 -21.8902 3.2
    endloop
  endfacet
  facet normal -0 -0 -1
    outer loop
      vertex -22.2849 -21.8902 3.2
      vertex -20.0487 -42.2762 3.2
      vertex -22.4416 -21.8774 3.2
    endloop
  endfacet
  facet normal -0 -0 -1
    outer loop
      vertex -22.4416 -21.8774 3.2
      vertex -20.0487 -42.2762 3.2
      vertex -22.5918 -21.8642 3.2
    endloop
  endfacet
  facet normal -0 -0 -1
    outer loop
      vertex -22.5918 -21.8642 3.2
      vertex -20.0487 -42.2762 3.2
      vertex -22.7359 -21.8505 3.2
    endloop
  endfacet
  facet normal -0 -0 -1
    outer loop
      vertex -22.7359 -21.8505 3.2
      vertex -20.0487 -42.2762 3.2
      vertex -22.8741 -21.8362 3.2
    endloop
  endfacet
  facet normal -0 -0 -1
    outer loop
      vertex -22.8741 -21.8362 3.2
      vertex -20.0487 -42.2762 3.2
      vertex -23.0068 -21.8214 3.2
    endloop
  endfacet
  facet normal -0 -0 -1
    outer loop
      vertex -23.0068 -21.8214 3.2
      vertex -20.0487 -42.2762 3.2
      vertex -23.134 -21.8061 3.2
    endloop
  endfacet
  facet normal 0 0 -1
    outer loop
      vertex -29.9037 -24.1341 3.2
      vertex -23.3734 -21.7735 3.2
      vertex -23.2562 -21.7901 3.2
    endloop
  endfacet
  facet normal -0 0 -1
    outer loop
      vertex -23.5943 -21.7382 3.2
      vertex -29.5505 -23.7745 3.2
      vertex -23.6984 -21.7195 3.2
    endloop
  endfacet
  facet normal 0 -0 -1
    outer loop
      vertex -23.9886 -21.6585 3.2
      vertex -23.8953 -21.6797 3.2
      vertex -29.2937 -23.4972 3.2
    endloop
  endfacet
  facet normal 0 0 -1
    outer loop
      vertex -24.0787 -21.6364 3.2
      vertex -29.2119 -23.4056 3.2
      vertex -29.1327 -23.3152 3.2
    endloop
  endfacet
  facet normal 0 0 -1
    outer loop
      vertex -24.1659 -21.6134 3.2
      vertex -29.1327 -23.3152 3.2
      vertex -29.0564 -23.2264 3.2
    endloop
  endfacet
  facet normal 0 0 -1
    outer loop
      vertex -24.2505 -21.5895 3.2
      vertex -29.0564 -23.2264 3.2
      vertex -28.9836 -23.1396 3.2
    endloop
  endfacet
  facet normal 0 0 -1
    outer loop
      vertex -24.3327 -21.5646 3.2
      vertex -28.9147 -23.0552 3.2
      vertex -28.7029 -22.8013 3.2
    endloop
  endfacet
  facet normal 0 0 -1
    outer loop
      vertex -24.6229 -21.4742 3.2
      vertex -28.7029 -22.8013 3.2
      vertex -28.4939 -22.5677 3.2
    endloop
  endfacet
  facet normal -0 0 -1
    outer loop
      vertex -24.9021 -21.3996 3.2
      vertex -28.2869 -22.3543 3.2
      vertex -25.171 -21.3412 3.2
    endloop
  endfacet
  facet normal -0 0 -1
    outer loop
      vertex -25.171 -21.3412 3.2
      vertex -28.0812 -22.1608 3.2
      vertex -25.4304 -21.299 3.2
    endloop
  endfacet
  facet normal 0 0 -1
    outer loop
      vertex -25.171 -21.3412 3.2
      vertex -28.2869 -22.3543 3.2
      vertex -28.0812 -22.1608 3.2
    endloop
  endfacet
  facet normal 0 0 -1
    outer loop
      vertex -25.681 -21.2735 3.2
      vertex -27.8759 -21.987 3.2
      vertex -27.6704 -21.8326 3.2
    endloop
  endfacet
  facet normal 0 0 -1
    outer loop
      vertex -25.9237 -21.2648 3.2
      vertex -27.4638 -21.6973 3.2
      vertex -26.1591 -21.2732 3.2
    endloop
  endfacet
  facet normal 0 -0 -1
    outer loop
      vertex -26.83 -21.4037 3.2
      vertex -26.6116 -21.3424 3.2
      vertex -27.0444 -21.4831 3.2
    endloop
  endfacet
  facet normal 0 0 -1
    outer loop
      vertex -27.0444 -21.4831 3.2
      vertex -26.6116 -21.3424 3.2
      vertex -26.3882 -21.299 3.2
    endloop
  endfacet
  facet normal 0 0 -1
    outer loop
      vertex -27.2554 -21.5809 3.2
      vertex -27.0444 -21.4831 3.2
      vertex -26.3882 -21.299 3.2
    endloop
  endfacet
  facet normal 0 0 -1
    outer loop
      vertex -26.1591 -21.2732 3.2
      vertex -27.2554 -21.5809 3.2
      vertex -26.3882 -21.299 3.2
    endloop
  endfacet
  facet normal 0 0 -1
    outer loop
      vertex -26.1591 -21.2732 3.2
      vertex -27.4638 -21.6973 3.2
      vertex -27.2554 -21.5809 3.2
    endloop
  endfacet
  facet normal 0 0 -1
    outer loop
      vertex -25.9237 -21.2648 3.2
      vertex -27.6704 -21.8326 3.2
      vertex -27.4638 -21.6973 3.2
    endloop
  endfacet
  facet normal 0 -0 -1
    outer loop
      vertex -25.9237 -21.2648 3.2
      vertex -25.681 -21.2735 3.2
      vertex -27.6704 -21.8326 3.2
    endloop
  endfacet
  facet normal 0 -0 -1
    outer loop
      vertex -25.681 -21.2735 3.2
      vertex -25.4304 -21.299 3.2
      vertex -27.8759 -21.987 3.2
    endloop
  endfacet
  facet normal 0 0 -1
    outer loop
      vertex -28.4939 -22.5677 3.2
      vertex -28.2869 -22.3543 3.2
      vertex -24.9021 -21.3996 3.2
    endloop
  endfacet
  facet normal 0 0 -1
    outer loop
      vertex -28.7029 -22.8013 3.2
      vertex -24.6229 -21.4742 3.2
      vertex -24.3327 -21.5646 3.2
    endloop
  endfacet
  facet normal 0 -0 -1
    outer loop
      vertex -28.9147 -23.0552 3.2
      vertex -24.3327 -21.5646 3.2
      vertex -28.9836 -23.1396 3.2
    endloop
  endfacet
  facet normal 0 0 -1
    outer loop
      vertex -28.9836 -23.1396 3.2
      vertex -24.3327 -21.5646 3.2
      vertex -24.2505 -21.5895 3.2
    endloop
  endfacet
  facet normal 0 0 -1
    outer loop
      vertex -29.0564 -23.2264 3.2
      vertex -24.2505 -21.5895 3.2
      vertex -24.1659 -21.6134 3.2
    endloop
  endfacet
  facet normal 0 0 -1
    outer loop
      vertex -29.1327 -23.3152 3.2
      vertex -24.1659 -21.6134 3.2
      vertex -24.0787 -21.6364 3.2
    endloop
  endfacet
  facet normal 0 0 -1
    outer loop
      vertex -29.2119 -23.4056 3.2
      vertex -24.0787 -21.6364 3.2
      vertex -23.9886 -21.6585 3.2
    endloop
  endfacet
  facet normal 0 0 -1
    outer loop
      vertex -29.2937 -23.4972 3.2
      vertex -29.2119 -23.4056 3.2
      vertex -23.9886 -21.6585 3.2
    endloop
  endfacet
  facet normal 0 0 -1
    outer loop
      vertex -29.3777 -23.5895 3.2
      vertex -29.2937 -23.4972 3.2
      vertex -23.8953 -21.6797 3.2
    endloop
  endfacet
  facet normal -0 0 -1
    outer loop
      vertex -23.7987 -21.7 3.2
      vertex -29.3777 -23.5895 3.2
      vertex -23.8953 -21.6797 3.2
    endloop
  endfacet
  facet normal -0 0 -1
    outer loop
      vertex -23.6984 -21.7195 3.2
      vertex -29.4634 -23.6821 3.2
      vertex -23.7987 -21.7 3.2
    endloop
  endfacet
  facet normal 0 0 -1
    outer loop
      vertex -23.6984 -21.7195 3.2
      vertex -29.5505 -23.7745 3.2
      vertex -29.4634 -23.6821 3.2
    endloop
  endfacet
  facet normal 0 0 -1
    outer loop
      vertex -23.5943 -21.7382 3.2
      vertex -29.6385 -23.8663 3.2
      vertex -29.5505 -23.7745 3.2
    endloop
  endfacet
  facet normal 0 -0 -1
    outer loop
      vertex -23.5943 -21.7382 3.2
      vertex -23.4861 -21.7562 3.2
      vertex -29.6385 -23.8663 3.2
    endloop
  endfacet
  facet normal 0 -0 -1
    outer loop
      vertex -29.6385 -23.8663 3.2
      vertex -23.4861 -21.7562 3.2
      vertex -29.727 -23.9572 3.2
    endloop
  endfacet
  facet normal 0 0 -1
    outer loop
      vertex -29.727 -23.9572 3.2
      vertex -23.4861 -21.7562 3.2
      vertex -23.3734 -21.7735 3.2
    endloop
  endfacet
  facet normal 0 0 -1
    outer loop
      vertex -29.8155 -24.0466 3.2
      vertex -29.727 -23.9572 3.2
      vertex -23.3734 -21.7735 3.2
    endloop
  endfacet
  facet normal 0 0 -1
    outer loop
      vertex -29.9037 -24.1341 3.2
      vertex -29.8155 -24.0466 3.2
      vertex -23.3734 -21.7735 3.2
    endloop
  endfacet
  facet normal 0 0 -1
    outer loop
      vertex -29.9911 -24.2194 3.2
      vertex -29.9037 -24.1341 3.2
      vertex -23.2562 -21.7901 3.2
    endloop
  endfacet
  facet normal -0 0 -1
    outer loop
      vertex -23.134 -21.8061 3.2
      vertex -29.9911 -24.2194 3.2
      vertex -23.2562 -21.7901 3.2
    endloop
  endfacet
  facet normal 0 -0 -1
    outer loop
      vertex -23.134 -21.8061 3.2
      vertex -20.0487 -42.2762 3.2
      vertex -29.9911 -24.2194 3.2
    endloop
  endfacet
  facet normal 0 0 -1
    outer loop
      vertex -29.9911 -24.2194 3.2
      vertex -20.0487 -42.2762 3.2
      vertex -20.0995 -42.308 3.2
    endloop
  endfacet
  facet normal 0 0 -1
    outer loop
      vertex -30.0774 -24.3018 3.2
      vertex -29.9911 -24.2194 3.2
      vertex -20.0995 -42.308 3.2
    endloop
  endfacet
  facet normal 0 0 -1
    outer loop
      vertex -30.162 -24.3812 3.2
      vertex -30.0774 -24.3018 3.2
      vertex -20.0995 -42.308 3.2
    endloop
  endfacet
  facet normal 0 0 -1
    outer loop
      vertex -30.2446 -24.4569 3.2
      vertex -30.162 -24.3812 3.2
      vertex -20.0995 -42.308 3.2
    endloop
  endfacet
  facet normal 0 0 -1
    outer loop
      vertex -30.3248 -24.5286 3.2
      vertex -30.2446 -24.4569 3.2
      vertex -20.0995 -42.308 3.2
    endloop
  endfacet
  facet normal 0 0 -1
    outer loop
      vertex -30.4021 -24.5958 3.2
      vertex -30.3248 -24.5286 3.2
      vertex -20.0995 -42.308 3.2
    endloop
  endfacet
  facet normal 0 0 -1
    outer loop
      vertex -30.4761 -24.6582 3.2
      vertex -30.4021 -24.5958 3.2
      vertex -20.0995 -42.308 3.2
    endloop
  endfacet
  facet normal 0 0 -1
    outer loop
      vertex -30.5464 -24.7152 3.2
      vertex -30.4761 -24.6582 3.2
      vertex -20.0995 -42.308 3.2
    endloop
  endfacet
  facet normal 0 0 -1
    outer loop
      vertex -20.1403 -42.3465 3.2
      vertex -30.5464 -24.7152 3.2
      vertex -20.0995 -42.308 3.2
    endloop
  endfacet
  facet normal 0 0 -1
    outer loop
      vertex -20.1403 -42.3465 3.2
      vertex -31.3622 -25.3814 3.2
      vertex -30.5464 -24.7152 3.2
    endloop
  endfacet
  facet normal -0 0 -1
    outer loop
      vertex -20.1403 -42.3465 3.2
      vertex -20.1713 -42.3919 3.2
      vertex -31.3622 -25.3814 3.2
    endloop
  endfacet
  facet normal 0 0 -1
    outer loop
      vertex -31.3622 -25.3814 3.2
      vertex -20.1713 -42.3919 3.2
      vertex -20.1924 -42.4442 3.2
    endloop
  endfacet
  facet normal 0 0 -1
    outer loop
      vertex -20.2038 -42.5035 3.2
      vertex -31.3622 -25.3814 3.2
      vertex -20.1924 -42.4442 3.2
    endloop
  endfacet
  facet normal -0 0 -1
    outer loop
      vertex -20.2038 -42.5035 3.2
      vertex -20.2053 -42.5696 3.2
      vertex -31.3622 -25.3814 3.2
    endloop
  endfacet
  facet normal 0 0 -1
    outer loop
      vertex -31.3622 -25.3814 3.2
      vertex -20.2053 -42.5696 3.2
      vertex -20.197 -42.6427 3.2
    endloop
  endfacet
  facet normal -0 -0 -1
    outer loop
      vertex -34.4605 -23.6339 3.2
      vertex -31.3622 -25.3814 3.2
      vertex -34.7014 -23.6085 3.2
    endloop
  endfacet
  facet normal -0 -0 -1
    outer loop
      vertex -33.6673 -23.7419 3.2
      vertex -31.9504 -24.7265 3.2
      vertex -33.8425 -23.7129 3.2
    endloop
  endfacet
  facet normal 0 0 -1
    outer loop
      vertex -32.8529 -23.9802 3.2
      vertex -32.7452 -24.0354 3.2
      vertex -32.5428 -24.1634 3.2
    endloop
  endfacet
  facet normal 0 0 -1
    outer loop
      vertex -32.5428 -24.1634 3.2
      vertex -32.7452 -24.0354 3.2
      vertex -32.6423 -24.0963 3.2
    endloop
  endfacet
  facet normal 0 0 -1
    outer loop
      vertex -32.4456 -24.2374 3.2
      vertex -32.8529 -23.9802 3.2
      vertex -32.5428 -24.1634 3.2
    endloop
  endfacet
  facet normal 0 0 -1
    outer loop
      vertex -32.4456 -24.2374 3.2
      vertex -32.9666 -23.9304 3.2
      vertex -32.8529 -23.9802 3.2
    endloop
  endfacet
  facet normal -0 -0 -1
    outer loop
      vertex -32.4456 -24.2374 3.2
      vertex -32.3494 -24.3186 3.2
      vertex -32.9666 -23.9304 3.2
    endloop
  endfacet
  facet normal -0 -0 -1
    outer loop
      vertex -32.9666 -23.9304 3.2
      vertex -32.3494 -24.3186 3.2
      vertex -33.0874 -23.8852 3.2
    endloop
  endfacet
  facet normal 0 0 -1
    outer loop
      vertex -33.0874 -23.8852 3.2
      vertex -32.3494 -24.3186 3.2
      vertex -32.253 -24.4076 3.2
    endloop
  endfacet
  facet normal 0 0 -1
    outer loop
      vertex -33.2167 -23.8443 3.2
      vertex -33.0874 -23.8852 3.2
      vertex -32.253 -24.4076 3.2
    endloop
  endfacet
  facet normal 0 0 -1
    outer loop
      vertex -32.1552 -24.5049 3.2
      vertex -33.2167 -23.8443 3.2
      vertex -32.253 -24.4076 3.2
    endloop
  endfacet
  facet normal 0 0 -1
    outer loop
      vertex -32.1552 -24.5049 3.2
      vertex -33.3556 -23.8071 3.2
      vertex -33.2167 -23.8443 3.2
    endloop
  endfacet
  facet normal -0 -0 -1
    outer loop
      vertex -32.1552 -24.5049 3.2
      vertex -32.0547 -24.611 3.2
      vertex -33.3556 -23.8071 3.2
    endloop
  endfacet
  facet normal -0 -0 -1
    outer loop
      vertex -33.3556 -23.8071 3.2
      vertex -32.0547 -24.611 3.2
      vertex -33.5054 -23.7732 3.2
    endloop
  endfacet
  facet normal 0 0 -1
    outer loop
      vertex -33.5054 -23.7732 3.2
      vertex -32.0547 -24.611 3.2
      vertex -31.9504 -24.7265 3.2
    endloop
  endfacet
  facet normal 0 0 -1
    outer loop
      vertex -33.6673 -23.7419 3.2
      vertex -33.5054 -23.7732 3.2
      vertex -31.9504 -24.7265 3.2
    endloop
  endfacet
  facet normal -0 -0 -1
    outer loop
      vertex -33.8425 -23.7129 3.2
      vertex -31.9504 -24.7265 3.2
      vertex -34.0323 -23.6855 3.2
    endloop
  endfacet
  facet normal -0 -0 -1
    outer loop
      vertex -34.0323 -23.6855 3.2
      vertex -31.9504 -24.7265 3.2
      vertex -34.2379 -23.6593 3.2
    endloop
  endfacet
  facet normal 0 0 -1
    outer loop
      vertex -34.2379 -23.6593 3.2
      vertex -31.9504 -24.7265 3.2
      vertex -31.3622 -25.3814 3.2
    endloop
  endfacet
  facet normal 0 0 -1
    outer loop
      vertex -34.4605 -23.6339 3.2
      vertex -34.2379 -23.6593 3.2
      vertex -31.3622 -25.3814 3.2
    endloop
  endfacet
  facet normal -0 -0 -1
    outer loop
      vertex -34.7014 -23.6085 3.2
      vertex -31.3622 -25.3814 3.2
      vertex -34.9927 -23.5766 3.2
    endloop
  endfacet
  facet normal -0 -0 -1
    outer loop
      vertex -34.9927 -23.5766 3.2
      vertex -31.3622 -25.3814 3.2
      vertex -35.2726 -23.5417 3.2
    endloop
  endfacet
  facet normal -0 -0 -1
    outer loop
      vertex -35.2726 -23.5417 3.2
      vertex -31.3622 -25.3814 3.2
      vertex -35.542 -23.5033 3.2
    endloop
  endfacet
  facet normal -0 -0 -1
    outer loop
      vertex -35.542 -23.5033 3.2
      vertex -31.3622 -25.3814 3.2
      vertex -35.8019 -23.4612 3.2
    endloop
  endfacet
  facet normal -0 -0 -1
    outer loop
      vertex -35.8019 -23.4612 3.2
      vertex -31.3622 -25.3814 3.2
      vertex -36.0535 -23.415 3.2
    endloop
  endfacet
  facet normal -0 -0 -1
    outer loop
      vertex -36.0535 -23.415 3.2
      vertex -31.3622 -25.3814 3.2
      vertex -36.2978 -23.3643 3.2
    endloop
  endfacet
  facet normal -0 -0 -1
    outer loop
      vertex -36.2978 -23.3643 3.2
      vertex -31.3622 -25.3814 3.2
      vertex -36.5358 -23.3089 3.2
    endloop
  endfacet
  facet normal 0 0 -1
    outer loop
      vertex -36.5358 -23.3089 3.2
      vertex -31.3622 -25.3814 3.2
      vertex -20.197 -42.6427 3.2
    endloop
  endfacet
  facet normal 0 0 -1
    outer loop
      vertex -36.7686 -23.2483 3.2
      vertex -36.5358 -23.3089 3.2
      vertex -20.197 -42.6427 3.2
    endloop
  endfacet
  facet normal 0 0 -1
    outer loop
      vertex -36.9971 -23.1822 3.2
      vertex -36.7686 -23.2483 3.2
      vertex -20.197 -42.6427 3.2
    endloop
  endfacet
  facet normal 0 0 -1
    outer loop
      vertex -20.1789 -42.7229 3.2
      vertex -36.9971 -23.1822 3.2
      vertex -20.197 -42.6427 3.2
    endloop
  endfacet
  facet normal 0 0 -1
    outer loop
      vertex -66.5 -48 3.2
      vertex -37.2225 -23.1103 3.2
      vertex -36.9971 -23.1822 3.2
    endloop
  endfacet
  facet normal 0 -0 -1
    outer loop
      vertex -37.6678 -22.9475 3.2
      vertex -37.4457 -23.0322 3.2
      vertex -66.5 -48 3.2
    endloop
  endfacet
  facet normal 0 0 -1
    outer loop
      vertex -38.5661 -22.5368 3.2
      vertex -48.0107 -21.7601 3.2
      vertex -47.9069 -21.7276 3.2
    endloop
  endfacet
  facet normal 0 -0 -1
    outer loop
      vertex -41.4113 -21.4528 3.2
      vertex -38.5661 -22.5368 3.2
      vertex -47.8022 -21.6935 3.2
    endloop
  endfacet
  facet normal -0 0 -1
    outer loop
      vertex -41.5044 -21.43 3.2
      vertex -47.8022 -21.6935 3.2
      vertex -41.5981 -21.4065 3.2
    endloop
  endfacet
  facet normal 0 0 -1
    outer loop
      vertex -44.0306 -21.0711 3.2
      vertex -47.5896 -21.62 3.2
      vertex -47.4814 -21.5806 3.2
    endloop
  endfacet
  facet normal -0 -0 -1
    outer loop
      vertex -38.7984 -22.4143 3.2
      vertex -38.5661 -22.5368 3.2
      vertex -41.3192 -21.4751 3.2
    endloop
  endfacet
  facet normal 0 0 -1
    outer loop
      vertex -39.0357 -22.2832 3.2
      vertex -40.7313 -21.607 3.2
      vertex -39.2793 -22.1431 3.2
    endloop
  endfacet
  facet normal 0 0 -1
    outer loop
      vertex -40.4706 -21.6577 3.2
      vertex -40.4175 -21.667 3.2
      vertex -39.53 -21.9937 3.2
    endloop
  endfacet
  facet normal -0 -0 -1
    outer loop
      vertex -40.3281 -21.6807 3.2
      vertex -39.7413 -21.8746 3.2
      vertex -40.3698 -21.6747 3.2
    endloop
  endfacet
  facet normal 0 0 -1
    outer loop
      vertex -40.0563 -21.7343 3.2
      vertex -40.2636 -21.6879 3.2
      vertex -40.0896 -21.7227 3.2
    endloop
  endfacet
  facet normal -0 -0 -1
    outer loop
      vertex -40.0563 -21.7343 3.2
      vertex -40.0211 -21.7474 3.2
      vertex -40.2636 -21.6879 3.2
    endloop
  endfacet
  facet normal -0 -0 -1
    outer loop
      vertex -39.9069 -21.7949 3.2
      vertex -39.8665 -21.8132 3.2
      vertex -40.3281 -21.6807 3.2
    endloop
  endfacet
  facet normal 0 0 -1
    outer loop
      vertex -39.9462 -21.7778 3.2
      vertex -40.2926 -21.6852 3.2
      vertex -39.9844 -21.7619 3.2
    endloop
  endfacet
  facet normal 0 0 -1
    outer loop
      vertex -40.2636 -21.6879 3.2
      vertex -40.1502 -21.7043 3.2
      vertex -40.121 -21.7127 3.2
    endloop
  endfacet
  facet normal 0 0 -1
    outer loop
      vertex -40.2415 -21.6888 3.2
      vertex -40.1771 -21.6976 3.2
      vertex -40.1502 -21.7043 3.2
    endloop
  endfacet
  facet normal -0 -0 -1
    outer loop
      vertex -40.2229 -21.6898 3.2
      vertex -40.2014 -21.6928 3.2
      vertex -40.2415 -21.6888 3.2
    endloop
  endfacet
  facet normal 0 0 -1
    outer loop
      vertex -40.2415 -21.6888 3.2
      vertex -40.2014 -21.6928 3.2
      vertex -40.1771 -21.6976 3.2
    endloop
  endfacet
  facet normal 0 0 -1
    outer loop
      vertex -40.2636 -21.6879 3.2
      vertex -40.2415 -21.6888 3.2
      vertex -40.1502 -21.7043 3.2
    endloop
  endfacet
  facet normal 0 0 -1
    outer loop
      vertex -40.0896 -21.7227 3.2
      vertex -40.2636 -21.6879 3.2
      vertex -40.121 -21.7127 3.2
    endloop
  endfacet
  facet normal 0 0 -1
    outer loop
      vertex -40.0211 -21.7474 3.2
      vertex -40.2926 -21.6852 3.2
      vertex -40.2636 -21.6879 3.2
    endloop
  endfacet
  facet normal -0 -0 -1
    outer loop
      vertex -40.0211 -21.7474 3.2
      vertex -39.9844 -21.7619 3.2
      vertex -40.2926 -21.6852 3.2
    endloop
  endfacet
  facet normal 0 0 -1
    outer loop
      vertex -40.2926 -21.6852 3.2
      vertex -39.9462 -21.7778 3.2
      vertex -39.9069 -21.7949 3.2
    endloop
  endfacet
  facet normal 0 0 -1
    outer loop
      vertex -40.3281 -21.6807 3.2
      vertex -40.2926 -21.6852 3.2
      vertex -39.9069 -21.7949 3.2
    endloop
  endfacet
  facet normal 0 0 -1
    outer loop
      vertex -39.8253 -21.8327 3.2
      vertex -40.3281 -21.6807 3.2
      vertex -39.8665 -21.8132 3.2
    endloop
  endfacet
  facet normal -0 -0 -1
    outer loop
      vertex -39.8253 -21.8327 3.2
      vertex -39.7835 -21.8532 3.2
      vertex -40.3281 -21.6807 3.2
    endloop
  endfacet
  facet normal 0 0 -1
    outer loop
      vertex -40.3281 -21.6807 3.2
      vertex -39.7835 -21.8532 3.2
      vertex -39.7413 -21.8746 3.2
    endloop
  endfacet
  facet normal 0 0 -1
    outer loop
      vertex -40.3698 -21.6747 3.2
      vertex -39.7413 -21.8746 3.2
      vertex -39.6987 -21.897 3.2
    endloop
  endfacet
  facet normal 0 0 -1
    outer loop
      vertex -39.6562 -21.9201 3.2
      vertex -40.3698 -21.6747 3.2
      vertex -39.6987 -21.897 3.2
    endloop
  endfacet
  facet normal -0 -0 -1
    outer loop
      vertex -39.6562 -21.9201 3.2
      vertex -39.6137 -21.944 3.2
      vertex -40.3698 -21.6747 3.2
    endloop
  endfacet
  facet normal 0 0 -1
    outer loop
      vertex -40.3698 -21.6747 3.2
      vertex -39.6137 -21.944 3.2
      vertex -39.5716 -21.9686 3.2
    endloop
  endfacet
  facet normal 0 0 -1
    outer loop
      vertex -39.53 -21.9937 3.2
      vertex -40.3698 -21.6747 3.2
      vertex -39.5716 -21.9686 3.2
    endloop
  endfacet
  facet normal 0 0 -1
    outer loop
      vertex -39.53 -21.9937 3.2
      vertex -40.4175 -21.667 3.2
      vertex -40.3698 -21.6747 3.2
    endloop
  endfacet
  facet normal 0 0 -1
    outer loop
      vertex -39.2793 -22.1431 3.2
      vertex -40.4706 -21.6577 3.2
      vertex -39.53 -21.9937 3.2
    endloop
  endfacet
  facet normal 0 0 -1
    outer loop
      vertex -39.2793 -22.1431 3.2
      vertex -40.5289 -21.6471 3.2
      vertex -40.4706 -21.6577 3.2
    endloop
  endfacet
  facet normal 0 0 -1
    outer loop
      vertex -39.2793 -22.1431 3.2
      vertex -40.592 -21.635 3.2
      vertex -40.5289 -21.6471 3.2
    endloop
  endfacet
  facet normal 0 0 -1
    outer loop
      vertex -39.2793 -22.1431 3.2
      vertex -40.6596 -21.6216 3.2
      vertex -40.592 -21.635 3.2
    endloop
  endfacet
  facet normal 0 0 -1
    outer loop
      vertex -39.2793 -22.1431 3.2
      vertex -40.7313 -21.607 3.2
      vertex -40.6596 -21.6216 3.2
    endloop
  endfacet
  facet normal 0 0 -1
    outer loop
      vertex -39.0357 -22.2832 3.2
      vertex -40.8067 -21.5911 3.2
      vertex -40.7313 -21.607 3.2
    endloop
  endfacet
  facet normal 0 0 -1
    outer loop
      vertex -39.0357 -22.2832 3.2
      vertex -40.8856 -21.5742 3.2
      vertex -40.8067 -21.5911 3.2
    endloop
  endfacet
  facet normal 0 0 -1
    outer loop
      vertex -39.0357 -22.2832 3.2
      vertex -40.9676 -21.5562 3.2
      vertex -40.8856 -21.5742 3.2
    endloop
  endfacet
  facet normal 0 0 -1
    outer loop
      vertex -39.0357 -22.2832 3.2
      vertex -41.0523 -21.5372 3.2
      vertex -40.9676 -21.5562 3.2
    endloop
  endfacet
  facet normal -0 -0 -1
    outer loop
      vertex -39.0357 -22.2832 3.2
      vertex -38.7984 -22.4143 3.2
      vertex -41.0523 -21.5372 3.2
    endloop
  endfacet
  facet normal -0 -0 -1
    outer loop
      vertex -41.0523 -21.5372 3.2
      vertex -38.7984 -22.4143 3.2
      vertex -41.1393 -21.5173 3.2
    endloop
  endfacet
  facet normal -0 -0 -1
    outer loop
      vertex -41.1393 -21.5173 3.2
      vertex -38.7984 -22.4143 3.2
      vertex -41.2284 -21.4966 3.2
    endloop
  endfacet
  facet normal -0 -0 -1
    outer loop
      vertex -41.2284 -21.4966 3.2
      vertex -38.7984 -22.4143 3.2
      vertex -41.3192 -21.4751 3.2
    endloop
  endfacet
  facet normal -0 -0 -1
    outer loop
      vertex -41.3192 -21.4751 3.2
      vertex -38.5661 -22.5368 3.2
      vertex -41.4113 -21.4528 3.2
    endloop
  endfacet
  facet normal 0 -0 -1
    outer loop
      vertex -47.5896 -21.62 3.2
      vertex -43.8603 -21.0795 3.2
      vertex -47.6965 -21.6576 3.2
    endloop
  endfacet
  facet normal 0 0 -1
    outer loop
      vertex -41.8539 -21.3431 3.2
      vertex -43.1096 -21.1342 3.2
      vertex -42.9751 -21.1483 3.2
    endloop
  endfacet
  facet normal 0 0 -1
    outer loop
      vertex -42.3454 -21.2398 3.2
      vertex -42.5913 -21.1987 3.2
      vertex -42.4678 -21.2185 3.2
    endloop
  endfacet
  facet normal -0 -0 -1
    outer loop
      vertex -42.3454 -21.2398 3.2
      vertex -42.2234 -21.2629 3.2
      vertex -42.5913 -21.1987 3.2
    endloop
  endfacet
  facet normal -0 -0 -1
    outer loop
      vertex -42.5913 -21.1987 3.2
      vertex -42.2234 -21.2629 3.2
      vertex -42.7166 -21.1805 3.2
    endloop
  endfacet
  facet normal 0 0 -1
    outer loop
      vertex -42.7166 -21.1805 3.2
      vertex -42.2234 -21.2629 3.2
      vertex -42.1013 -21.2877 3.2
    endloop
  endfacet
  facet normal 0 0 -1
    outer loop
      vertex -42.8444 -21.1637 3.2
      vertex -42.7166 -21.1805 3.2
      vertex -42.1013 -21.2877 3.2
    endloop
  endfacet
  facet normal 0 0 -1
    outer loop
      vertex -41.9784 -21.3144 3.2
      vertex -42.8444 -21.1637 3.2
      vertex -42.1013 -21.2877 3.2
    endloop
  endfacet
  facet normal 0 0 -1
    outer loop
      vertex -41.9784 -21.3144 3.2
      vertex -42.9751 -21.1483 3.2
      vertex -42.8444 -21.1637 3.2
    endloop
  endfacet
  facet normal -0 -0 -1
    outer loop
      vertex -41.9784 -21.3144 3.2
      vertex -41.8539 -21.3431 3.2
      vertex -42.9751 -21.1483 3.2
    endloop
  endfacet
  facet normal -0 -0 -1
    outer loop
      vertex -41.8539 -21.3431 3.2
      vertex -41.7274 -21.3737 3.2
      vertex -43.1096 -21.1342 3.2
    endloop
  endfacet
  facet normal -0 -0 -1
    outer loop
      vertex -43.1096 -21.1342 3.2
      vertex -41.7274 -21.3737 3.2
      vertex -43.2484 -21.1212 3.2
    endloop
  endfacet
  facet normal 0 0 -1
    outer loop
      vertex -43.2484 -21.1212 3.2
      vertex -41.7274 -21.3737 3.2
      vertex -41.5981 -21.4065 3.2
    endloop
  endfacet
  facet normal 0 0 -1
    outer loop
      vertex -43.3923 -21.1093 3.2
      vertex -43.2484 -21.1212 3.2
      vertex -41.5981 -21.4065 3.2
    endloop
  endfacet
  facet normal 0 0 -1
    outer loop
      vertex -47.6965 -21.6576 3.2
      vertex -43.8603 -21.0795 3.2
      vertex -43.6975 -21.0885 3.2
    endloop
  endfacet
  facet normal 0 -0 -1
    outer loop
      vertex -44.2091 -21.0635 3.2
      vertex -44.0306 -21.0711 3.2
      vertex -47.4814 -21.5806 3.2
    endloop
  endfacet
  facet normal 0 -0 -1
    outer loop
      vertex -44.3966 -21.0565 3.2
      vertex -44.2091 -21.0635 3.2
      vertex -47.4814 -21.5806 3.2
    endloop
  endfacet
  facet normal 0 -0 -1
    outer loop
      vertex -44.0306 -21.0711 3.2
      vertex -43.8603 -21.0795 3.2
      vertex -47.5896 -21.62 3.2
    endloop
  endfacet
  facet normal 0 0 -1
    outer loop
      vertex -47.4814 -21.5806 3.2
      vertex -47.3718 -21.5395 3.2
      vertex -44.3966 -21.0565 3.2
    endloop
  endfacet
  facet normal 0 0 -1
    outer loop
      vertex -44.3966 -21.0565 3.2
      vertex -47.3718 -21.5395 3.2
      vertex -47.2606 -21.4965 3.2
    endloop
  endfacet
  facet normal 0 -0 -1
    outer loop
      vertex -47.1476 -21.4517 3.2
      vertex -44.3966 -21.0565 3.2
      vertex -47.2606 -21.4965 3.2
    endloop
  endfacet
  facet normal 0 -0 -1
    outer loop
      vertex -43.6975 -21.0885 3.2
      vertex -43.5418 -21.0985 3.2
      vertex -47.6965 -21.6576 3.2
    endloop
  endfacet
  facet normal 0 0 -1
    outer loop
      vertex -47.6965 -21.6576 3.2
      vertex -43.5418 -21.0985 3.2
      vertex -43.3923 -21.1093 3.2
    endloop
  endfacet
  facet normal 0 -0 -1
    outer loop
      vertex -46.0567 -21 3.2
      vertex -44.3966 -21.0565 3.2
      vertex -47.1476 -21.4517 3.2
    endloop
  endfacet
  facet normal -0 0 -1
    outer loop
      vertex -41.5981 -21.4065 3.2
      vertex -47.6965 -21.6576 3.2
      vertex -43.3923 -21.1093 3.2
    endloop
  endfacet
  facet normal 0 0 -1
    outer loop
      vertex -41.5981 -21.4065 3.2
      vertex -47.8022 -21.6935 3.2
      vertex -47.6965 -21.6576 3.2
    endloop
  endfacet
  facet normal 0 0 -1
    outer loop
      vertex -38.5661 -22.5368 3.2
      vertex -47.9069 -21.7276 3.2
      vertex -47.8022 -21.6935 3.2
    endloop
  endfacet
  facet normal 0 0 -1
    outer loop
      vertex -38.338 -22.651 3.2
      vertex -48.0107 -21.7601 3.2
      vertex -38.5661 -22.5368 3.2
    endloop
  endfacet
  facet normal 0 0 -1
    outer loop
      vertex -38.338 -22.651 3.2
      vertex -48.1137 -21.7909 3.2
      vertex -48.0107 -21.7601 3.2
    endloop
  endfacet
  facet normal 0 0 -1
    outer loop
      vertex -38.338 -22.651 3.2
      vertex -48.2161 -21.8201 3.2
      vertex -48.1137 -21.7909 3.2
    endloop
  endfacet
  facet normal -0 -0 -1
    outer loop
      vertex -38.338 -22.651 3.2
      vertex -38.1129 -22.7573 3.2
      vertex -48.2161 -21.8201 3.2
    endloop
  endfacet
  facet normal 0 -0 -1
    outer loop
      vertex -48.2161 -21.8201 3.2
      vertex -38.1129 -22.7573 3.2
      vertex -48.3179 -21.8477 3.2
    endloop
  endfacet
  facet normal 0 -0 -1
    outer loop
      vertex -48.3179 -21.8477 3.2
      vertex -38.1129 -22.7573 3.2
      vertex -48.4194 -21.8737 3.2
    endloop
  endfacet
  facet normal 0 0 -1
    outer loop
      vertex -48.4194 -21.8737 3.2
      vertex -38.1129 -22.7573 3.2
      vertex -37.8899 -22.856 3.2
    endloop
  endfacet
  facet normal 0 0 -1
    outer loop
      vertex -48.5207 -21.8981 3.2
      vertex -48.4194 -21.8737 3.2
      vertex -37.8899 -22.856 3.2
    endloop
  endfacet
  facet normal 0 -0 -1
    outer loop
      vertex -48.6219 -21.921 3.2
      vertex -48.5207 -21.8981 3.2
      vertex -52.9818 -23.5521 3.2
    endloop
  endfacet
  facet normal 0 0 -1
    outer loop
      vertex -52.9818 -23.5521 3.2
      vertex -48.5207 -21.8981 3.2
      vertex -37.8899 -22.856 3.2
    endloop
  endfacet
  facet normal 0 0 -1
    outer loop
      vertex -48.8245 -21.9623 3.2
      vertex -52.9818 -23.5521 3.2
      vertex -48.9263 -21.9807 3.2
    endloop
  endfacet
  facet normal 0 0 -1
    outer loop
      vertex -49.2347 -22.0276 3.2
      vertex -52.2988 -23.1343 3.2
      vertex -49.404 -22.0526 3.2
    endloop
  endfacet
  facet normal 0 0 -1
    outer loop
      vertex -52.2988 -23.1343 3.2
      vertex -49.7343 -22.1106 3.2
      vertex -49.5704 -22.0802 3.2
    endloop
  endfacet
  facet normal 0 -0 -1
    outer loop
      vertex -50.0549 -22.1799 3.2
      vertex -49.8958 -22.1438 3.2
      vertex -52.1511 -23.0433 3.2
    endloop
  endfacet
  facet normal 0 -0 -1
    outer loop
      vertex -50.2121 -22.219 3.2
      vertex -50.0549 -22.1799 3.2
      vertex -52.004 -22.9566 3.2
    endloop
  endfacet
  facet normal 0 -0 -1
    outer loop
      vertex -50.3673 -22.2612 3.2
      vertex -50.2121 -22.219 3.2
      vertex -51.8572 -22.8742 3.2
    endloop
  endfacet
  facet normal 0 -0 -1
    outer loop
      vertex -50.5209 -22.3066 3.2
      vertex -50.3673 -22.2612 3.2
      vertex -51.7106 -22.7958 3.2
    endloop
  endfacet
  facet normal 0 -0 -1
    outer loop
      vertex -50.6729 -22.3552 3.2
      vertex -50.5209 -22.3066 3.2
      vertex -51.5639 -22.7216 3.2
    endloop
  endfacet
  facet normal 0 0 -1
    outer loop
      vertex -50.8236 -22.4073 3.2
      vertex -51.1219 -22.5219 3.2
      vertex -50.9732 -22.4628 3.2
    endloop
  endfacet
  facet normal 0 0 -1
    outer loop
      vertex -50.8236 -22.4073 3.2
      vertex -51.2697 -22.5847 3.2
      vertex -51.1219 -22.5219 3.2
    endloop
  endfacet
  facet normal 0 0 -1
    outer loop
      vertex -50.8236 -22.4073 3.2
      vertex -51.417 -22.6512 3.2
      vertex -51.2697 -22.5847 3.2
    endloop
  endfacet
  facet normal 0 -0 -1
    outer loop
      vertex -50.8236 -22.4073 3.2
      vertex -50.6729 -22.3552 3.2
      vertex -51.417 -22.6512 3.2
    endloop
  endfacet
  facet normal 0 -0 -1
    outer loop
      vertex -51.417 -22.6512 3.2
      vertex -50.6729 -22.3552 3.2
      vertex -51.5639 -22.7216 3.2
    endloop
  endfacet
  facet normal 0 -0 -1
    outer loop
      vertex -51.5639 -22.7216 3.2
      vertex -50.5209 -22.3066 3.2
      vertex -51.7106 -22.7958 3.2
    endloop
  endfacet
  facet normal 0 -0 -1
    outer loop
      vertex -51.7106 -22.7958 3.2
      vertex -50.3673 -22.2612 3.2
      vertex -51.8572 -22.8742 3.2
    endloop
  endfacet
  facet normal 0 -0 -1
    outer loop
      vertex -51.8572 -22.8742 3.2
      vertex -50.2121 -22.219 3.2
      vertex -52.004 -22.9566 3.2
    endloop
  endfacet
  facet normal 0 -0 -1
    outer loop
      vertex -52.004 -22.9566 3.2
      vertex -50.0549 -22.1799 3.2
      vertex -52.1511 -23.0433 3.2
    endloop
  endfacet
  facet normal 0 -0 -1
    outer loop
      vertex -52.1511 -23.0433 3.2
      vertex -49.8958 -22.1438 3.2
      vertex -52.2988 -23.1343 3.2
    endloop
  endfacet
  facet normal 0 0 -1
    outer loop
      vertex -52.2988 -23.1343 3.2
      vertex -49.8958 -22.1438 3.2
      vertex -49.7343 -22.1106 3.2
    endloop
  endfacet
  facet normal 0 0 -1
    outer loop
      vertex -49.404 -22.0526 3.2
      vertex -52.2988 -23.1343 3.2
      vertex -49.5704 -22.0802 3.2
    endloop
  endfacet
  facet normal 0 -0 -1
    outer loop
      vertex -49.2347 -22.0276 3.2
      vertex -49.1312 -22.0134 3.2
      vertex -52.2988 -23.1343 3.2
    endloop
  endfacet
  facet normal 0 0 -1
    outer loop
      vertex -52.2988 -23.1343 3.2
      vertex -49.1312 -22.0134 3.2
      vertex -49.0284 -21.9978 3.2
    endloop
  endfacet
  facet normal 0 0 -1
    outer loop
      vertex -52.9818 -23.5521 3.2
      vertex -52.2988 -23.1343 3.2
      vertex -49.0284 -21.9978 3.2
    endloop
  endfacet
  facet normal 0 0 -1
    outer loop
      vertex -48.9263 -21.9807 3.2
      vertex -52.9818 -23.5521 3.2
      vertex -49.0284 -21.9978 3.2
    endloop
  endfacet
  facet normal 0 -0 -1
    outer loop
      vertex -48.8245 -21.9623 3.2
      vertex -48.7231 -21.9424 3.2
      vertex -52.9818 -23.5521 3.2
    endloop
  endfacet
  facet normal 0 0 -1
    outer loop
      vertex -52.9818 -23.5521 3.2
      vertex -48.7231 -21.9424 3.2
      vertex -48.6219 -21.921 3.2
    endloop
  endfacet
  facet normal -0 0 -1
    outer loop
      vertex -37.6678 -22.9475 3.2
      vertex -52.9818 -23.5521 3.2
      vertex -37.8899 -22.856 3.2
    endloop
  endfacet
  facet normal 0 0 -1
    outer loop
      vertex -37.6678 -22.9475 3.2
      vertex -66.5 -48 3.2
      vertex -52.9818 -23.5521 3.2
    endloop
  endfacet
  facet normal 0 -0 -1
    outer loop
      vertex -37.4457 -23.0322 3.2
      vertex -37.2225 -23.1103 3.2
      vertex -66.5 -48 3.2
    endloop
  endfacet
  facet normal 0 0 -1
    outer loop
      vertex -66.5 -48 3.2
      vertex -36.9971 -23.1822 3.2
      vertex -20.1789 -42.7229 3.2
    endloop
  endfacet
  facet normal 0 -0 -1
    outer loop
      vertex -61.3775 -24.8897 3.2
      vertex -61.3115 -24.8425 3.2
      vertex -61.4422 -24.9397 3.2
    endloop
  endfacet
  facet normal 0 -0 -1
    outer loop
      vertex -61.7752 -25.2555 3.2
      vertex -60.9367 -24.6252 3.2
      vertex -61.8491 -25.3364 3.2
    endloop
  endfacet
  facet normal 0 0 -1
    outer loop
      vertex -61.7752 -25.2555 3.2
      vertex -61.0202 -24.6684 3.2
      vertex -60.9367 -24.6252 3.2
    endloop
  endfacet
  facet normal 0 0 -1
    outer loop
      vertex -61.8491 -25.3364 3.2
      vertex -60.9367 -24.6252 3.2
      vertex -60.8473 -24.5808 3.2
    endloop
  endfacet
  facet normal 0 0 -1
    outer loop
      vertex -61.0202 -24.6684 3.2
      vertex -61.7048 -25.1814 3.2
      vertex -61.0987 -24.711 3.2
    endloop
  endfacet
  facet normal 0 0 -1
    outer loop
      vertex -61.0202 -24.6684 3.2
      vertex -61.7752 -25.2555 3.2
      vertex -61.7048 -25.1814 3.2
    endloop
  endfacet
  facet normal 0 -0 -1
    outer loop
      vertex -61.6371 -25.1134 3.2
      vertex -61.0987 -24.711 3.2
      vertex -61.7048 -25.1814 3.2
    endloop
  endfacet
  facet normal 0 0 -1
    outer loop
      vertex -61.6371 -25.1134 3.2
      vertex -61.1729 -24.7538 3.2
      vertex -61.0987 -24.711 3.2
    endloop
  endfacet
  facet normal 0 0 -1
    outer loop
      vertex -61.5713 -25.0509 3.2
      vertex -61.2436 -24.7974 3.2
      vertex -61.1729 -24.7538 3.2
    endloop
  endfacet
  facet normal 0 0 -1
    outer loop
      vertex -61.6371 -25.1134 3.2
      vertex -61.5713 -25.0509 3.2
      vertex -61.1729 -24.7538 3.2
    endloop
  endfacet
  facet normal 0 -0 -1
    outer loop
      vertex -61.4422 -24.9397 3.2
      vertex -61.3115 -24.8425 3.2
      vertex -61.5066 -24.9933 3.2
    endloop
  endfacet
  facet normal 0 0 -1
    outer loop
      vertex -61.5066 -24.9933 3.2
      vertex -61.3115 -24.8425 3.2
      vertex -61.2436 -24.7974 3.2
    endloop
  endfacet
  facet normal 0 0 -1
    outer loop
      vertex -61.5713 -25.0509 3.2
      vertex -61.5066 -24.9933 3.2
      vertex -61.2436 -24.7974 3.2
    endloop
  endfacet
  facet normal 0 -0 -1
    outer loop
      vertex -61.8491 -25.3364 3.2
      vertex -60.8473 -24.5808 3.2
      vertex -61.9272 -25.4249 3.2
    endloop
  endfacet
  facet normal 0 0 -1
    outer loop
      vertex -61.9272 -25.4249 3.2
      vertex -60.8473 -24.5808 3.2
      vertex -60.7512 -24.5345 3.2
    endloop
  endfacet
  facet normal 0 0 -1
    outer loop
      vertex -62.0103 -25.5215 3.2
      vertex -61.9272 -25.4249 3.2
      vertex -60.7512 -24.5345 3.2
    endloop
  endfacet
  facet normal 0 0 -1
    outer loop
      vertex -62.0993 -25.6269 3.2
      vertex -62.0103 -25.5215 3.2
      vertex -60.7512 -24.5345 3.2
    endloop
  endfacet
  facet normal 0 0 -1
    outer loop
      vertex -60.4966 -24.4183 3.2
      vertex -62.0993 -25.6269 3.2
      vertex -60.7512 -24.5345 3.2
    endloop
  endfacet
  facet normal 0 0 -1
    outer loop
      vertex -60.4966 -24.4183 3.2
      vertex -62.1947 -25.7419 3.2
      vertex -62.0993 -25.6269 3.2
    endloop
  endfacet
  facet normal 0 -0 -1
    outer loop
      vertex -60.4966 -24.4183 3.2
      vertex -60.2443 -24.31 3.2
      vertex -62.1947 -25.7419 3.2
    endloop
  endfacet
  facet normal 0 -0 -1
    outer loop
      vertex -62.1947 -25.7419 3.2
      vertex -60.2443 -24.31 3.2
      vertex -62.2975 -25.867 3.2
    endloop
  endfacet
  facet normal 0 0 -1
    outer loop
      vertex -62.2975 -25.867 3.2
      vertex -60.2443 -24.31 3.2
      vertex -59.9932 -24.2095 3.2
    endloop
  endfacet
  facet normal 0 0 -1
    outer loop
      vertex -62.4449 -26.0489 3.2
      vertex -62.2975 -25.867 3.2
      vertex -59.9932 -24.2095 3.2
    endloop
  endfacet
  facet normal 0 0 -1
    outer loop
      vertex -59.7422 -24.1166 3.2
      vertex -62.4449 -26.0489 3.2
      vertex -59.9932 -24.2095 3.2
    endloop
  endfacet
  facet normal 0 0 -1
    outer loop
      vertex -62.6973 -26.3628 3.2
      vertex -63.6714 -28.2128 3.2
      vertex -63.6074 -28.0232 3.2
    endloop
  endfacet
  facet normal 0 -0 -1
    outer loop
      vertex -62.8048 -26.4996 3.2
      vertex -62.6973 -26.3628 3.2
      vertex -63.6074 -28.0232 3.2
    endloop
  endfacet
  facet normal 0 0 -1
    outer loop
      vertex -62.9015 -26.6261 3.2
      vertex -63.5475 -27.852 3.2
      vertex -63.4905 -27.6968 3.2
    endloop
  endfacet
  facet normal 0 -0 -1
    outer loop
      vertex -62.9886 -26.7447 3.2
      vertex -62.9015 -26.6261 3.2
      vertex -63.4905 -27.6968 3.2
    endloop
  endfacet
  facet normal 0 -0 -1
    outer loop
      vertex -63.0674 -26.8578 3.2
      vertex -62.9886 -26.7447 3.2
      vertex -63.4351 -27.5552 3.2
    endloop
  endfacet
  facet normal 0 -0 -1
    outer loop
      vertex -63.1391 -26.9679 3.2
      vertex -63.0674 -26.8578 3.2
      vertex -63.3801 -27.4248 3.2
    endloop
  endfacet
  facet normal 0 0 -1
    outer loop
      vertex -63.205 -27.0772 3.2
      vertex -63.3243 -27.3033 3.2
      vertex -63.2663 -27.1882 3.2
    endloop
  endfacet
  facet normal 0 -0 -1
    outer loop
      vertex -63.205 -27.0772 3.2
      vertex -63.1391 -26.9679 3.2
      vertex -63.3243 -27.3033 3.2
    endloop
  endfacet
  facet normal 0 -0 -1
    outer loop
      vertex -63.3243 -27.3033 3.2
      vertex -63.1391 -26.9679 3.2
      vertex -63.3801 -27.4248 3.2
    endloop
  endfacet
  facet normal 0 -0 -1
    outer loop
      vertex -63.3801 -27.4248 3.2
      vertex -63.0674 -26.8578 3.2
      vertex -63.4351 -27.5552 3.2
    endloop
  endfacet
  facet normal 0 -0 -1
    outer loop
      vertex -63.4351 -27.5552 3.2
      vertex -62.9886 -26.7447 3.2
      vertex -63.4905 -27.6968 3.2
    endloop
  endfacet
  facet normal 0 -0 -1
    outer loop
      vertex -62.9015 -26.6261 3.2
      vertex -62.8048 -26.4996 3.2
      vertex -63.5475 -27.852 3.2
    endloop
  endfacet
  facet normal 0 -0 -1
    outer loop
      vertex -63.5475 -27.852 3.2
      vertex -62.8048 -26.4996 3.2
      vertex -63.6074 -28.0232 3.2
    endloop
  endfacet
  facet normal 0 -0 -1
    outer loop
      vertex -62.6973 -26.3628 3.2
      vertex -62.5778 -26.2134 3.2
      vertex -63.6714 -28.2128 3.2
    endloop
  endfacet
  facet normal 0 -0 -1
    outer loop
      vertex -63.6714 -28.2128 3.2
      vertex -62.5778 -26.2134 3.2
      vertex -63.7408 -28.4232 3.2
    endloop
  endfacet
  facet normal 0 0 -1
    outer loop
      vertex -63.7408 -28.4232 3.2
      vertex -62.5778 -26.2134 3.2
      vertex -62.4449 -26.0489 3.2
    endloop
  endfacet
  facet normal 0 0 -1
    outer loop
      vertex -59.7422 -24.1166 3.2
      vertex -63.7408 -28.4232 3.2
      vertex -62.4449 -26.0489 3.2
    endloop
  endfacet
  facet normal 0 0 -1
    outer loop
      vertex -59.7422 -24.1166 3.2
      vertex -63.8168 -28.6568 3.2
      vertex -63.7408 -28.4232 3.2
    endloop
  endfacet
  facet normal 0 -0 -1
    outer loop
      vertex -59.7422 -24.1166 3.2
      vertex -59.4901 -24.0311 3.2
      vertex -63.8168 -28.6568 3.2
    endloop
  endfacet
  facet normal 0 0 -1
    outer loop
      vertex -63.8168 -28.6568 3.2
      vertex -59.4901 -24.0311 3.2
      vertex -59.2359 -23.9529 3.2
    endloop
  endfacet
  facet normal 0 0 -1
    outer loop
      vertex -63.9007 -28.9159 3.2
      vertex -63.8168 -28.6568 3.2
      vertex -59.2359 -23.9529 3.2
    endloop
  endfacet
  facet normal 0 0 -1
    outer loop
      vertex -58.9785 -23.8817 3.2
      vertex -63.9007 -28.9159 3.2
      vertex -59.2359 -23.9529 3.2
    endloop
  endfacet
  facet normal 0 -0 -1
    outer loop
      vertex -58.9785 -23.8817 3.2
      vertex -58.7167 -23.8174 3.2
      vertex -63.9007 -28.9159 3.2
    endloop
  endfacet
  facet normal 0 -0 -1
    outer loop
      vertex -63.9007 -28.9159 3.2
      vertex -58.7167 -23.8174 3.2
      vertex -63.9426 -29.0456 3.2
    endloop
  endfacet
  facet normal 0 0 -1
    outer loop
      vertex -63.9426 -29.0456 3.2
      vertex -58.7167 -23.8174 3.2
      vertex -58.4495 -23.7598 3.2
    endloop
  endfacet
  facet normal 0 0 -1
    outer loop
      vertex -63.9855 -29.1767 3.2
      vertex -63.9426 -29.0456 3.2
      vertex -58.4495 -23.7598 3.2
    endloop
  endfacet
  facet normal 0 0 -1
    outer loop
      vertex -58.1756 -23.7087 3.2
      vertex -63.9855 -29.1767 3.2
      vertex -58.4495 -23.7598 3.2
    endloop
  endfacet
  facet normal 0 0 -1
    outer loop
      vertex -58.1756 -23.7087 3.2
      vertex -64.0293 -29.3087 3.2
      vertex -63.9855 -29.1767 3.2
    endloop
  endfacet
  facet normal 0 -0 -1
    outer loop
      vertex -58.1756 -23.7087 3.2
      vertex -57.8941 -23.664 3.2
      vertex -64.0293 -29.3087 3.2
    endloop
  endfacet
  facet normal 0 0 -1
    outer loop
      vertex -64.0293 -29.3087 3.2
      vertex -57.8941 -23.664 3.2
      vertex -57.6038 -23.6255 3.2
    endloop
  endfacet
  facet normal 0 0 -1
    outer loop
      vertex -64.0737 -29.441 3.2
      vertex -64.0293 -29.3087 3.2
      vertex -57.6038 -23.6255 3.2
    endloop
  endfacet
  facet normal 0 0 -1
    outer loop
      vertex -57.3036 -23.593 3.2
      vertex -64.0737 -29.441 3.2
      vertex -57.6038 -23.6255 3.2
    endloop
  endfacet
  facet normal 0 0 -1
    outer loop
      vertex -57.3036 -23.593 3.2
      vertex -64.1185 -29.573 3.2
      vertex -64.0737 -29.441 3.2
    endloop
  endfacet
  facet normal 0 -0 -1
    outer loop
      vertex -57.3036 -23.593 3.2
      vertex -56.9924 -23.5663 3.2
      vertex -64.1185 -29.573 3.2
    endloop
  endfacet
  facet normal 0 -0 -1
    outer loop
      vertex -64.1185 -29.573 3.2
      vertex -56.9924 -23.5663 3.2
      vertex -64.1634 -29.7042 3.2
    endloop
  endfacet
  facet normal 0 0 -1
    outer loop
      vertex -64.1634 -29.7042 3.2
      vertex -56.9924 -23.5663 3.2
      vertex -56.6691 -23.5452 3.2
    endloop
  endfacet
  facet normal 0 0 -1
    outer loop
      vertex -64.2083 -29.8339 3.2
      vertex -64.1634 -29.7042 3.2
      vertex -56.6691 -23.5452 3.2
    endloop
  endfacet
  facet normal 0 0 -1
    outer loop
      vertex -64.253 -29.9617 3.2
      vertex -64.2083 -29.8339 3.2
      vertex -56.6691 -23.5452 3.2
    endloop
  endfacet
  facet normal 0 0 -1
    outer loop
      vertex -56.3325 -23.5296 3.2
      vertex -64.253 -29.9617 3.2
      vertex -56.6691 -23.5452 3.2
    endloop
  endfacet
  facet normal 0 0 -1
    outer loop
      vertex -56.3325 -23.5296 3.2
      vertex -64.2972 -30.0869 3.2
      vertex -64.253 -29.9617 3.2
    endloop
  endfacet
  facet normal 0 -0 -1
    outer loop
      vertex -56.3325 -23.5296 3.2
      vertex -55.9816 -23.5192 3.2
      vertex -64.2972 -30.0869 3.2
    endloop
  endfacet
  facet normal 0 -0 -1
    outer loop
      vertex -64.2972 -30.0869 3.2
      vertex -55.9816 -23.5192 3.2
      vertex -64.3407 -30.2089 3.2
    endloop
  endfacet
  facet normal 0 -0 -1
    outer loop
      vertex -64.3407 -30.2089 3.2
      vertex -55.9816 -23.5192 3.2
      vertex -64.3832 -30.3272 3.2
    endloop
  endfacet
  facet normal 0 0 -1
    outer loop
      vertex -64.3832 -30.3272 3.2
      vertex -55.9816 -23.5192 3.2
      vertex -55.6152 -23.514 3.2
    endloop
  endfacet
  facet normal 0 0 -1
    outer loop
      vertex -64.4246 -30.4412 3.2
      vertex -64.3832 -30.3272 3.2
      vertex -55.6152 -23.514 3.2
    endloop
  endfacet
  facet normal 0 0 -1
    outer loop
      vertex -64.4646 -30.5503 3.2
      vertex -64.4246 -30.4412 3.2
      vertex -55.6152 -23.514 3.2
    endloop
  endfacet
  facet normal 0 0 -1
    outer loop
      vertex -55.2323 -23.5137 3.2
      vertex -64.4646 -30.5503 3.2
      vertex -55.6152 -23.514 3.2
    endloop
  endfacet
  facet normal 0 0 -1
    outer loop
      vertex -55.2323 -23.5137 3.2
      vertex -64.5031 -30.654 3.2
      vertex -64.4646 -30.5503 3.2
    endloop
  endfacet
  facet normal 0 0 -1
    outer loop
      vertex -64.5743 -30.8427 3.2
      vertex -65.001 -32.2944 3.2
      vertex -64.6067 -30.9265 3.2
    endloop
  endfacet
  facet normal 0 0 -1
    outer loop
      vertex -64.6067 -30.9265 3.2
      vertex -65.001 -32.2944 3.2
      vertex -64.9924 -32.2518 3.2
    endloop
  endfacet
  facet normal 0 0 -1
    outer loop
      vertex -64.6366 -31.0026 3.2
      vertex -64.9924 -32.2518 3.2
      vertex -64.6638 -31.0704 3.2
    endloop
  endfacet
  facet normal 0 -0 -1
    outer loop
      vertex -64.7355 -31.2369 3.2
      vertex -64.7121 -31.1825 3.2
      vertex -64.9865 -32.2093 3.2
    endloop
  endfacet
  facet normal 0 0 -1
    outer loop
      vertex -64.9865 -32.2093 3.2
      vertex -64.8227 -31.462 3.2
      vertex -64.8021 -31.4052 3.2
    endloop
  endfacet
  facet normal 0 0 -1
    outer loop
      vertex -64.9832 -32.1665 3.2
      vertex -64.9378 -31.8414 3.2
      vertex -64.9251 -31.7911 3.2
    endloop
  endfacet
  facet normal 0 0 -1
    outer loop
      vertex -64.9736 -32.0203 3.2
      vertex -64.9822 -32.123 3.2
      vertex -64.9783 -32.0579 3.2
    endloop
  endfacet
  facet normal 0 0 -1
    outer loop
      vertex -64.9865 -32.2093 3.2
      vertex -64.9832 -32.1665 3.2
      vertex -64.879 -31.6306 3.2
    endloop
  endfacet
  facet normal 0 -0 -1
    outer loop
      vertex -64.7806 -31.3486 3.2
      vertex -64.7584 -31.2924 3.2
      vertex -64.9865 -32.2093 3.2
    endloop
  endfacet
  facet normal 0 0 -1
    outer loop
      vertex -64.9865 -32.2093 3.2
      vertex -64.8425 -31.5187 3.2
      vertex -64.8227 -31.462 3.2
    endloop
  endfacet
  facet normal 0 -0 -1
    outer loop
      vertex -64.9251 -31.7911 3.2
      vertex -64.911 -31.7389 3.2
      vertex -64.9832 -32.1665 3.2
    endloop
  endfacet
  facet normal 0 0 -1
    outer loop
      vertex -64.9378 -31.8414 3.2
      vertex -64.9832 -32.1665 3.2
      vertex -64.9491 -31.8898 3.2
    endloop
  endfacet
  facet normal 0 -0 -1
    outer loop
      vertex -64.9736 -32.0203 3.2
      vertex -64.9671 -31.9795 3.2
      vertex -64.9822 -32.123 3.2
    endloop
  endfacet
  facet normal 0 0 -1
    outer loop
      vertex -64.9783 -32.0579 3.2
      vertex -64.9822 -32.123 3.2
      vertex -64.9812 -32.0923 3.2
    endloop
  endfacet
  facet normal 0 0 -1
    outer loop
      vertex -64.9671 -31.9795 3.2
      vertex -64.9832 -32.1665 3.2
      vertex -64.9822 -32.123 3.2
    endloop
  endfacet
  facet normal 0 -0 -1
    outer loop
      vertex -64.9671 -31.9795 3.2
      vertex -64.9589 -31.9359 3.2
      vertex -64.9832 -32.1665 3.2
    endloop
  endfacet
  facet normal 0 0 -1
    outer loop
      vertex -64.9832 -32.1665 3.2
      vertex -64.9589 -31.9359 3.2
      vertex -64.9491 -31.8898 3.2
    endloop
  endfacet
  facet normal 0 0 -1
    outer loop
      vertex -64.8956 -31.6854 3.2
      vertex -64.9832 -32.1665 3.2
      vertex -64.911 -31.7389 3.2
    endloop
  endfacet
  facet normal 0 -0 -1
    outer loop
      vertex -64.8956 -31.6854 3.2
      vertex -64.879 -31.6306 3.2
      vertex -64.9832 -32.1665 3.2
    endloop
  endfacet
  facet normal 0 -0 -1
    outer loop
      vertex -64.879 -31.6306 3.2
      vertex -64.8613 -31.575 3.2
      vertex -64.9865 -32.2093 3.2
    endloop
  endfacet
  facet normal 0 0 -1
    outer loop
      vertex -64.9865 -32.2093 3.2
      vertex -64.8613 -31.575 3.2
      vertex -64.8425 -31.5187 3.2
    endloop
  endfacet
  facet normal 0 0 -1
    outer loop
      vertex -64.7806 -31.3486 3.2
      vertex -64.9865 -32.2093 3.2
      vertex -64.8021 -31.4052 3.2
    endloop
  endfacet
  facet normal 0 -0 -1
    outer loop
      vertex -64.7584 -31.2924 3.2
      vertex -64.7355 -31.2369 3.2
      vertex -64.9865 -32.2093 3.2
    endloop
  endfacet
  facet normal 0 0 -1
    outer loop
      vertex -64.9865 -32.2093 3.2
      vertex -64.7121 -31.1825 3.2
      vertex -64.6881 -31.1292 3.2
    endloop
  endfacet
  facet normal 0 0 -1
    outer loop
      vertex -64.9924 -32.2518 3.2
      vertex -64.9865 -32.2093 3.2
      vertex -64.6881 -31.1292 3.2
    endloop
  endfacet
  facet normal 0 0 -1
    outer loop
      vertex -64.6638 -31.0704 3.2
      vertex -64.9924 -32.2518 3.2
      vertex -64.6881 -31.1292 3.2
    endloop
  endfacet
  facet normal 0 -0 -1
    outer loop
      vertex -64.6366 -31.0026 3.2
      vertex -64.6067 -30.9265 3.2
      vertex -64.9924 -32.2518 3.2
    endloop
  endfacet
  facet normal 0 -0 -1
    outer loop
      vertex -64.5743 -30.8427 3.2
      vertex -64.5397 -30.7516 3.2
      vertex -65.001 -32.2944 3.2
    endloop
  endfacet
  facet normal 0 0 -1
    outer loop
      vertex -65.001 -32.2944 3.2
      vertex -64.5397 -30.7516 3.2
      vertex -64.5031 -30.654 3.2
    endloop
  endfacet
  facet normal 0 0 -1
    outer loop
      vertex -55.2323 -23.5137 3.2
      vertex -65.001 -32.2944 3.2
      vertex -64.5031 -30.654 3.2
    endloop
  endfacet
  facet normal 0 -0 -1
    outer loop
      vertex -55.2323 -23.5137 3.2
      vertex -54.8317 -23.5182 3.2
      vertex -65.001 -32.2944 3.2
    endloop
  endfacet
  facet normal 0 -0 -1
    outer loop
      vertex -65.001 -32.2944 3.2
      vertex -54.8317 -23.5182 3.2
      vertex -65.0127 -32.3377 3.2
    endloop
  endfacet
  facet normal 0 0 -1
    outer loop
      vertex -65.0127 -32.3377 3.2
      vertex -54.8317 -23.5182 3.2
      vertex -52.9818 -23.5521 3.2
    endloop
  endfacet
  facet normal 0 0 -1
    outer loop
      vertex -65.0278 -32.382 3.2
      vertex -65.0127 -32.3377 3.2
      vertex -52.9818 -23.5521 3.2
    endloop
  endfacet
  facet normal 0 0 -1
    outer loop
      vertex -65.0464 -32.4279 3.2
      vertex -65.0278 -32.382 3.2
      vertex -52.9818 -23.5521 3.2
    endloop
  endfacet
  facet normal 0 0 -1
    outer loop
      vertex -65.069 -32.4756 3.2
      vertex -65.0464 -32.4279 3.2
      vertex -52.9818 -23.5521 3.2
    endloop
  endfacet
  facet normal 0 -0 -1
    outer loop
      vertex -65.0957 -32.5258 3.2
      vertex -65.069 -32.4756 3.2
      vertex -66.5 -48 3.2
    endloop
  endfacet
  facet normal 0 -0 -1
    outer loop
      vertex -65.1268 -32.5789 3.2
      vertex -65.0957 -32.5258 3.2
      vertex -66.5 -48 3.2
    endloop
  endfacet
  facet normal 0 -0 -1
    outer loop
      vertex -65.1627 -32.6352 3.2
      vertex -65.1268 -32.5789 3.2
      vertex -66.5 -48 3.2
    endloop
  endfacet
  facet normal 0 -0 -1
    outer loop
      vertex -65.2035 -32.6953 3.2
      vertex -65.1627 -32.6352 3.2
      vertex -66.5 -48 3.2
    endloop
  endfacet
  facet normal 0 -0 -1
    outer loop
      vertex -65.2495 -32.7597 3.2
      vertex -65.2035 -32.6953 3.2
      vertex -66.5 -48 3.2
    endloop
  endfacet
  facet normal 0 -0 -1
    outer loop
      vertex -65.301 -32.8286 3.2
      vertex -65.2495 -32.7597 3.2
      vertex -66.5 -48 3.2
    endloop
  endfacet
  facet normal 0 0 -1
    outer loop
      vertex -66.5 -48 3.2
      vertex -65.069 -32.4756 3.2
      vertex -52.9818 -23.5521 3.2
    endloop
  endfacet
  facet normal 0 0 -1
    outer loop
      vertex -66.5 -48 3.2
      vertex -65.3584 -32.9027 3.2
      vertex -65.301 -32.8286 3.2
    endloop
  endfacet
  facet normal 0 0 -1
    outer loop
      vertex -66.5 -48 3.2
      vertex -65.4217 -32.9823 3.2
      vertex -65.3584 -32.9027 3.2
    endloop
  endfacet
  facet normal 0 0 -1
    outer loop
      vertex -66.5 -48 3.2
      vertex -65.4914 -33.0679 3.2
      vertex -65.4217 -32.9823 3.2
    endloop
  endfacet
  facet normal 0 0 -1
    outer loop
      vertex -66.5 -48 3.2
      vertex -65.5677 -33.1599 3.2
      vertex -65.4914 -33.0679 3.2
    endloop
  endfacet
  facet normal 0 0 -1
    outer loop
      vertex -66.5 -48 3.2
      vertex -65.6508 -33.2588 3.2
      vertex -65.5677 -33.1599 3.2
    endloop
  endfacet
  facet normal 0 0 -1
    outer loop
      vertex -66.5 -48 3.2
      vertex -65.7411 -33.3651 3.2
      vertex -65.6508 -33.2588 3.2
    endloop
  endfacet
  facet normal 0 0 -1
    outer loop
      vertex -66.5 -48 3.2
      vertex -66.5 -34.2459 3.2
      vertex -65.7411 -33.3651 3.2
    endloop
  endfacet
  facet normal -0 0 -1
    outer loop
      vertex -18.9729 -47.8645 3.2
      vertex -66.5 -48 3.2
      vertex -20.151 -42.8101 3.2
    endloop
  endfacet
  facet normal 0 -0 -1
    outer loop
      vertex -18.9729 -47.8645 3.2
      vertex -18.9503 -47.8883 3.2
      vertex -66.5 -48 3.2
    endloop
  endfacet
  facet normal 0 0 1
    outer loop
      vertex 66.073 -35.2243 4.4
      vertex 65.9936 -35.1881 4.4
      vertex 66.2059 -35.2961 4.4
    endloop
  endfacet
  facet normal 0 0 1
    outer loop
      vertex 66.2059 -35.2961 4.4
      vertex 65.9936 -35.1881 4.4
      vertex 65.9068 -35.1522 4.4
    endloop
  endfacet
  facet normal 0 0 1
    outer loop
      vertex 66.1441 -35.2603 4.4
      vertex 66.073 -35.2243 4.4
      vertex 66.2059 -35.2961 4.4
    endloop
  endfacet
  facet normal 0 0 1
    outer loop
      vertex 66.2059 -35.2961 4.4
      vertex 65.9068 -35.1522 4.4
      vertex 65.8133 -35.1167 4.4
    endloop
  endfacet
  facet normal 0 0 1
    outer loop
      vertex 66.2059 -35.2961 4.4
      vertex 65.8133 -35.1167 4.4
      vertex 65.7141 -35.0818 4.4
    endloop
  endfacet
  facet normal 0 0 1
    outer loop
      vertex 66.2059 -35.2961 4.4
      vertex 65.7141 -35.0818 4.4
      vertex 66.5 -35.4768 4.4
    endloop
  endfacet
  facet normal 0 0 1
    outer loop
      vertex 65.7141 -35.0818 4.4
      vertex 65.61 -35.0477 4.4
      vertex 66.5 -35.4768 4.4
    endloop
  endfacet
  facet normal 0 0 1
    outer loop
      vertex 65.61 -35.0477 4.4
      vertex 65.502 -35.0148 4.4
      vertex 66.5 -35.4768 4.4
    endloop
  endfacet
  facet normal 0 0 1
    outer loop
      vertex 65.502 -35.0148 4.4
      vertex 65.3908 -34.9832 4.4
      vertex 66.5 -35.4768 4.4
    endloop
  endfacet
  facet normal 0 0 1
    outer loop
      vertex 65.3908 -34.9832 4.4
      vertex 65.2774 -34.9531 4.4
      vertex 66.5 -35.4768 4.4
    endloop
  endfacet
  facet normal 0 0 1
    outer loop
      vertex 65.2774 -34.9531 4.4
      vertex 65.1627 -34.9248 4.4
      vertex 66.5 -35.4768 4.4
    endloop
  endfacet
  facet normal 0 0 1
    outer loop
      vertex 65.1627 -34.9248 4.4
      vertex 65.0475 -34.8985 4.4
      vertex 66.5 -35.4768 4.4
    endloop
  endfacet
  facet normal 0 0 1
    outer loop
      vertex 65.0475 -34.8985 4.4
      vertex 64.9327 -34.8745 4.4
      vertex 66.5 -35.4768 4.4
    endloop
  endfacet
  facet normal 0 0 1
    outer loop
      vertex 64.2138 -34.788 4.4
      vertex 64.8192 -34.8529 4.4
      vertex 64.7078 -34.834 4.4
    endloop
  endfacet
  facet normal 0 0 1
    outer loop
      vertex 64.495 -34.8052 4.4
      vertex 64.3953 -34.7958 4.4
      vertex 64.2138 -34.788 4.4
    endloop
  endfacet
  facet normal 0 0 1
    outer loop
      vertex 64.495 -34.8052 4.4
      vertex 64.2138 -34.788 4.4
      vertex 64.5994 -34.818 4.4
    endloop
  endfacet
  facet normal 0 0 1
    outer loop
      vertex 64.3013 -34.7899 4.4
      vertex 64.2138 -34.788 4.4
      vertex 64.3953 -34.7958 4.4
    endloop
  endfacet
  facet normal 0 0 1
    outer loop
      vertex 64.2138 -34.788 4.4
      vertex 64.7078 -34.834 4.4
      vertex 64.5994 -34.818 4.4
    endloop
  endfacet
  facet normal 0 0 1
    outer loop
      vertex 64.1742 -34.7869 4.4
      vertex 64.8192 -34.8529 4.4
      vertex 64.2138 -34.788 4.4
    endloop
  endfacet
  facet normal 0 0 1
    outer loop
      vertex 64.9327 -34.8745 4.4
      vertex 64.8192 -34.8529 4.4
      vertex 64.1742 -34.7869 4.4
    endloop
  endfacet
  facet normal 0 0 1
    outer loop
      vertex 64.9327 -34.8745 4.4
      vertex 64.1742 -34.7869 4.4
      vertex 66.5 -35.4768 4.4
    endloop
  endfacet
  facet normal 0 0 1
    outer loop
      vertex 64.1742 -34.7869 4.4
      vertex 66.5 -48 4.4
      vertex 66.5 -35.4768 4.4
    endloop
  endfacet
  facet normal 0 0 1
    outer loop
      vertex 64.1297 -34.7837 4.4
      vertex 66.5 -48 4.4
      vertex 64.1742 -34.7869 4.4
    endloop
  endfacet
  facet normal 0 0 1
    outer loop
      vertex 64.0806 -34.7784 4.4
      vertex 66.5 -48 4.4
      vertex 64.1297 -34.7837 4.4
    endloop
  endfacet
  facet normal 0 0 1
    outer loop
      vertex 64.0273 -34.7712 4.4
      vertex 66.5 -48 4.4
      vertex 64.0806 -34.7784 4.4
    endloop
  endfacet
  facet normal 0 0 1
    outer loop
      vertex 63.9701 -34.7622 4.4
      vertex 66.5 -48 4.4
      vertex 64.0273 -34.7712 4.4
    endloop
  endfacet
  facet normal 0 0 1
    outer loop
      vertex 63.9093 -34.7514 4.4
      vertex 66.5 -48 4.4
      vertex 63.9701 -34.7622 4.4
    endloop
  endfacet
  facet normal 0 0 1
    outer loop
      vertex 63.8453 -34.7388 4.4
      vertex 66.5 -48 4.4
      vertex 63.9093 -34.7514 4.4
    endloop
  endfacet
  facet normal 0 0 1
    outer loop
      vertex 63.7785 -34.7247 4.4
      vertex 66.5 -48 4.4
      vertex 63.8453 -34.7388 4.4
    endloop
  endfacet
  facet normal 0 0 1
    outer loop
      vertex 63.7091 -34.7091 4.4
      vertex 66.5 -48 4.4
      vertex 63.7785 -34.7247 4.4
    endloop
  endfacet
  facet normal 0 0 1
    outer loop
      vertex 63.6375 -34.692 4.4
      vertex 66.5 -48 4.4
      vertex 63.7091 -34.7091 4.4
    endloop
  endfacet
  facet normal 0 0 1
    outer loop
      vertex 63.564 -34.6735 4.4
      vertex 66.5 -48 4.4
      vertex 63.6375 -34.692 4.4
    endloop
  endfacet
  facet normal 0 0 1
    outer loop
      vertex 63.4891 -34.6538 4.4
      vertex 66.5 -48 4.4
      vertex 63.564 -34.6735 4.4
    endloop
  endfacet
  facet normal 0 0 1
    outer loop
      vertex 63.413 -34.6329 4.4
      vertex 66.5 -48 4.4
      vertex 63.4891 -34.6538 4.4
    endloop
  endfacet
  facet normal 0 0 1
    outer loop
      vertex 63.336 -34.6109 4.4
      vertex 66.5 -48 4.4
      vertex 63.413 -34.6329 4.4
    endloop
  endfacet
  facet normal 0 0 1
    outer loop
      vertex 63.2586 -34.5879 4.4
      vertex 66.5 -48 4.4
      vertex 63.336 -34.6109 4.4
    endloop
  endfacet
  facet normal 0 0 1
    outer loop
      vertex 63.181 -34.5639 4.4
      vertex 66.5 -48 4.4
      vertex 63.2586 -34.5879 4.4
    endloop
  endfacet
  facet normal 0 0 1
    outer loop
      vertex 63.1037 -34.5391 4.4
      vertex 66.5 -48 4.4
      vertex 63.181 -34.5639 4.4
    endloop
  endfacet
  facet normal 0 0 1
    outer loop
      vertex 63.0268 -34.5135 4.4
      vertex 66.5 -48 4.4
      vertex 63.1037 -34.5391 4.4
    endloop
  endfacet
  facet normal 0 0 1
    outer loop
      vertex 62.9509 -34.4873 4.4
      vertex 66.5 -48 4.4
      vertex 63.0268 -34.5135 4.4
    endloop
  endfacet
  facet normal 0 0 1
    outer loop
      vertex 62.8762 -34.4605 4.4
      vertex 66.5 -48 4.4
      vertex 62.9509 -34.4873 4.4
    endloop
  endfacet
  facet normal 0 0 1
    outer loop
      vertex 62.7994 -34.4325 4.4
      vertex 66.5 -48 4.4
      vertex 62.8762 -34.4605 4.4
    endloop
  endfacet
  facet normal 0 0 1
    outer loop
      vertex 62.7145 -34.4028 4.4
      vertex 66.5 -48 4.4
      vertex 62.7994 -34.4325 4.4
    endloop
  endfacet
  facet normal 0 0 1
    outer loop
      vertex 62.6222 -34.3715 4.4
      vertex 66.5 -48 4.4
      vertex 62.7145 -34.4028 4.4
    endloop
  endfacet
  facet normal 0 0 1
    outer loop
      vertex 62.5231 -34.339 4.4
      vertex 66.5 -48 4.4
      vertex 62.6222 -34.3715 4.4
    endloop
  endfacet
  facet normal 0 0 1
    outer loop
      vertex 62.4179 -34.3052 4.4
      vertex 66.5 -48 4.4
      vertex 62.5231 -34.339 4.4
    endloop
  endfacet
  facet normal 0 0 1
    outer loop
      vertex 62.307 -34.2704 4.4
      vertex 66.5 -48 4.4
      vertex 62.4179 -34.3052 4.4
    endloop
  endfacet
  facet normal 0 0 1
    outer loop
      vertex 62.1913 -34.2348 4.4
      vertex 66.5 -48 4.4
      vertex 62.307 -34.2704 4.4
    endloop
  endfacet
  facet normal 0 0 1
    outer loop
      vertex 62.0713 -34.1985 4.4
      vertex 66.5 -48 4.4
      vertex 62.1913 -34.2348 4.4
    endloop
  endfacet
  facet normal 0 0 1
    outer loop
      vertex 61.9476 -34.1617 4.4
      vertex 66.5 -48 4.4
      vertex 62.0713 -34.1985 4.4
    endloop
  endfacet
  facet normal 0 0 1
    outer loop
      vertex 61.8208 -34.1245 4.4
      vertex 66.5 -48 4.4
      vertex 61.9476 -34.1617 4.4
    endloop
  endfacet
  facet normal 0 0 1
    outer loop
      vertex 61.6916 -34.0872 4.4
      vertex 66.5 -48 4.4
      vertex 61.8208 -34.1245 4.4
    endloop
  endfacet
  facet normal 0 0 1
    outer loop
      vertex 61.5607 -34.0499 4.4
      vertex 66.5 -48 4.4
      vertex 61.6916 -34.0872 4.4
    endloop
  endfacet
  facet normal 0 0 1
    outer loop
      vertex 61.4285 -34.0127 4.4
      vertex 66.5 -48 4.4
      vertex 61.5607 -34.0499 4.4
    endloop
  endfacet
  facet normal 0 0 1
    outer loop
      vertex 61.2959 -33.9759 4.4
      vertex 66.5 -48 4.4
      vertex 61.4285 -34.0127 4.4
    endloop
  endfacet
  facet normal 0 0 1
    outer loop
      vertex 61.1633 -33.9396 4.4
      vertex 66.5 -48 4.4
      vertex 61.2959 -33.9759 4.4
    endloop
  endfacet
  facet normal 0 0 1
    outer loop
      vertex 61.0314 -33.904 4.4
      vertex 66.5 -48 4.4
      vertex 61.1633 -33.9396 4.4
    endloop
  endfacet
  facet normal 0 0 1
    outer loop
      vertex 60.9009 -33.8692 4.4
      vertex 66.5 -48 4.4
      vertex 61.0314 -33.904 4.4
    endloop
  endfacet
  facet normal 0 0 1
    outer loop
      vertex 60.7723 -33.8354 4.4
      vertex 66.5 -48 4.4
      vertex 60.9009 -33.8692 4.4
    endloop
  endfacet
  facet normal 0 0 1
    outer loop
      vertex 60.6463 -33.8029 4.4
      vertex 66.5 -48 4.4
      vertex 60.7723 -33.8354 4.4
    endloop
  endfacet
  facet normal 0 0 1
    outer loop
      vertex 60.5235 -33.7716 4.4
      vertex 66.5 -48 4.4
      vertex 60.6463 -33.8029 4.4
    endloop
  endfacet
  facet normal 0 0 1
    outer loop
      vertex 60.401 -33.742 4.4
      vertex 66.5 -48 4.4
      vertex 60.5235 -33.7716 4.4
    endloop
  endfacet
  facet normal 0 0 1
    outer loop
      vertex 60.2759 -33.7106 4.4
      vertex 66.5 -48 4.4
      vertex 60.401 -33.742 4.4
    endloop
  endfacet
  facet normal 0 0 1
    outer loop
      vertex 60.1486 -33.6778 4.4
      vertex 66.5 -48 4.4
      vertex 60.2759 -33.7106 4.4
    endloop
  endfacet
  facet normal 0 0 1
    outer loop
      vertex 60.0199 -33.6437 4.4
      vertex 66.5 -48 4.4
      vertex 60.1486 -33.6778 4.4
    endloop
  endfacet
  facet normal 0 0 1
    outer loop
      vertex 59.8903 -33.6086 4.4
      vertex 66.5 -48 4.4
      vertex 60.0199 -33.6437 4.4
    endloop
  endfacet
  facet normal 0 0 1
    outer loop
      vertex 59.7604 -33.5727 4.4
      vertex 66.5 -48 4.4
      vertex 59.8903 -33.6086 4.4
    endloop
  endfacet
  facet normal 0 0 1
    outer loop
      vertex 59.6309 -33.536 4.4
      vertex 66.5 -48 4.4
      vertex 59.7604 -33.5727 4.4
    endloop
  endfacet
  facet normal 0 0 1
    outer loop
      vertex 59.5022 -33.499 4.4
      vertex 66.5 -48 4.4
      vertex 59.6309 -33.536 4.4
    endloop
  endfacet
  facet normal 0 0 1
    outer loop
      vertex 59.375 -33.4617 4.4
      vertex 66.5 -48 4.4
      vertex 59.5022 -33.499 4.4
    endloop
  endfacet
  facet normal 0 0 1
    outer loop
      vertex 59.25 -33.4244 4.4
      vertex 66.5 -48 4.4
      vertex 59.375 -33.4617 4.4
    endloop
  endfacet
  facet normal 0 0 1
    outer loop
      vertex 59.1276 -33.3873 4.4
      vertex 66.5 -48 4.4
      vertex 59.25 -33.4244 4.4
    endloop
  endfacet
  facet normal 0 0 1
    outer loop
      vertex 59.0086 -33.3505 4.4
      vertex 66.5 -48 4.4
      vertex 59.1276 -33.3873 4.4
    endloop
  endfacet
  facet normal 0 0 1
    outer loop
      vertex 58.8934 -33.3143 4.4
      vertex 66.5 -48 4.4
      vertex 59.0086 -33.3505 4.4
    endloop
  endfacet
  facet normal 0 0 1
    outer loop
      vertex 58.7828 -33.2789 4.4
      vertex 66.5 -48 4.4
      vertex 58.8934 -33.3143 4.4
    endloop
  endfacet
  facet normal 0 0 1
    outer loop
      vertex 58.6772 -33.2444 4.4
      vertex 66.5 -48 4.4
      vertex 58.7828 -33.2789 4.4
    endloop
  endfacet
  facet normal 0 0 1
    outer loop
      vertex 58.5774 -33.2112 4.4
      vertex 66.5 -48 4.4
      vertex 58.6772 -33.2444 4.4
    endloop
  endfacet
  facet normal 0 0 1
    outer loop
      vertex 58.4838 -33.1793 4.4
      vertex 66.5 -48 4.4
      vertex 58.5774 -33.2112 4.4
    endloop
  endfacet
  facet normal 0 0 1
    outer loop
      vertex 58.3971 -33.149 4.4
      vertex 66.5 -48 4.4
      vertex 58.4838 -33.1793 4.4
    endloop
  endfacet
  facet normal 0 0 1
    outer loop
      vertex 53.0319 -32.8194 4.4
      vertex 56.6982 -32.6861 4.4
      vertex 56.4906 -32.6452 4.4
    endloop
  endfacet
  facet normal 0 0 1
    outer loop
      vertex 58.2468 -33.0941 4.4
      vertex 57.9869 -33.0038 4.4
      vertex 57.8333 -32.9575 4.4
    endloop
  endfacet
  facet normal 0 0 1
    outer loop
      vertex 58.1253 -33.0494 4.4
      vertex 57.9869 -33.0038 4.4
      vertex 58.2468 -33.0941 4.4
    endloop
  endfacet
  facet normal 0 0 1
    outer loop
      vertex 58.2468 -33.0941 4.4
      vertex 57.8333 -32.9575 4.4
      vertex 57.6665 -32.9109 4.4
    endloop
  endfacet
  facet normal 0 0 1
    outer loop
      vertex 58.2468 -33.0941 4.4
      vertex 57.6665 -32.9109 4.4
      vertex 58.3179 -33.1206 4.4
    endloop
  endfacet
  facet normal 0 0 1
    outer loop
      vertex 57.6665 -32.9109 4.4
      vertex 57.4883 -32.8644 4.4
      vertex 58.3179 -33.1206 4.4
    endloop
  endfacet
  facet normal 0 0 1
    outer loop
      vertex 57.4883 -32.8644 4.4
      vertex 57.3005 -32.8183 4.4
      vertex 58.3179 -33.1206 4.4
    endloop
  endfacet
  facet normal 0 0 1
    outer loop
      vertex 53.0319 -32.8194 4.4
      vertex 56.4906 -32.6452 4.4
      vertex 53.1413 -32.7869 4.4
    endloop
  endfacet
  facet normal 0 0 1
    outer loop
      vertex 53.1413 -32.7869 4.4
      vertex 56.2826 -32.6066 4.4
      vertex 56.0761 -32.5705 4.4
    endloop
  endfacet
  facet normal 0 0 1
    outer loop
      vertex 53.4711 -32.6866 4.4
      vertex 53.3897 -32.7102 4.4
      vertex 53.2602 -32.7505 4.4
    endloop
  endfacet
  facet normal -0 0 1
    outer loop
      vertex 53.7153 -32.6189 4.4
      vertex 53.6342 -32.6409 4.4
      vertex 55.675 -32.5074 4.4
    endloop
  endfacet
  facet normal -0 0 1
    outer loop
      vertex 53.8751 -32.577 4.4
      vertex 53.7957 -32.5976 4.4
      vertex 55.484 -32.4811 4.4
    endloop
  endfacet
  facet normal -0 0 1
    outer loop
      vertex 54.0295 -32.5385 4.4
      vertex 53.9531 -32.5573 4.4
      vertex 55.3019 -32.4588 4.4
    endloop
  endfacet
  facet normal -0 0 1
    outer loop
      vertex 54.1759 -32.5041 4.4
      vertex 54.1039 -32.5207 4.4
      vertex 55.1305 -32.4409 4.4
    endloop
  endfacet
  facet normal -0 0 1
    outer loop
      vertex 54.3118 -32.4744 4.4
      vertex 54.2453 -32.4886 4.4
      vertex 54.9716 -32.4276 4.4
    endloop
  endfacet
  facet normal -0 0 1
    outer loop
      vertex 54.4903 -32.4402 4.4
      vertex 54.4346 -32.4501 4.4
      vertex 54.8271 -32.4194 4.4
    endloop
  endfacet
  facet normal 0 0 1
    outer loop
      vertex 54.5418 -32.4319 4.4
      vertex 54.8271 -32.4194 4.4
      vertex 54.5887 -32.4253 4.4
    endloop
  endfacet
  facet normal 0 0 1
    outer loop
      vertex 54.6307 -32.4205 4.4
      vertex 54.6989 -32.4166 4.4
      vertex 54.6675 -32.4176 4.4
    endloop
  endfacet
  facet normal 0 0 1
    outer loop
      vertex 54.5887 -32.4253 4.4
      vertex 54.6989 -32.4166 4.4
      vertex 54.6307 -32.4205 4.4
    endloop
  endfacet
  facet normal 0 0 1
    outer loop
      vertex 54.8271 -32.4194 4.4
      vertex 54.6989 -32.4166 4.4
      vertex 54.5887 -32.4253 4.4
    endloop
  endfacet
  facet normal 0 0 1
    outer loop
      vertex 54.4903 -32.4402 4.4
      vertex 54.8271 -32.4194 4.4
      vertex 54.5418 -32.4319 4.4
    endloop
  endfacet
  facet normal 0 0 1
    outer loop
      vertex 54.4346 -32.4501 4.4
      vertex 54.9716 -32.4276 4.4
      vertex 54.8271 -32.4194 4.4
    endloop
  endfacet
  facet normal 0 0 1
    outer loop
      vertex 54.375 -32.4615 4.4
      vertex 54.9716 -32.4276 4.4
      vertex 54.4346 -32.4501 4.4
    endloop
  endfacet
  facet normal 0 0 1
    outer loop
      vertex 54.3118 -32.4744 4.4
      vertex 54.9716 -32.4276 4.4
      vertex 54.375 -32.4615 4.4
    endloop
  endfacet
  facet normal 0 0 1
    outer loop
      vertex 54.2453 -32.4886 4.4
      vertex 55.1305 -32.4409 4.4
      vertex 54.9716 -32.4276 4.4
    endloop
  endfacet
  facet normal 0 0 1
    outer loop
      vertex 54.1759 -32.5041 4.4
      vertex 55.1305 -32.4409 4.4
      vertex 54.2453 -32.4886 4.4
    endloop
  endfacet
  facet normal 0 0 1
    outer loop
      vertex 54.1039 -32.5207 4.4
      vertex 55.3019 -32.4588 4.4
      vertex 55.1305 -32.4409 4.4
    endloop
  endfacet
  facet normal 0 0 1
    outer loop
      vertex 54.0295 -32.5385 4.4
      vertex 55.3019 -32.4588 4.4
      vertex 54.1039 -32.5207 4.4
    endloop
  endfacet
  facet normal 0 0 1
    outer loop
      vertex 53.9531 -32.5573 4.4
      vertex 55.484 -32.4811 4.4
      vertex 55.3019 -32.4588 4.4
    endloop
  endfacet
  facet normal 0 0 1
    outer loop
      vertex 53.8751 -32.577 4.4
      vertex 55.484 -32.4811 4.4
      vertex 53.9531 -32.5573 4.4
    endloop
  endfacet
  facet normal 0 0 1
    outer loop
      vertex 53.7957 -32.5976 4.4
      vertex 55.675 -32.5074 4.4
      vertex 55.484 -32.4811 4.4
    endloop
  endfacet
  facet normal 0 0 1
    outer loop
      vertex 53.7153 -32.6189 4.4
      vertex 55.675 -32.5074 4.4
      vertex 53.7957 -32.5976 4.4
    endloop
  endfacet
  facet normal -0 0 1
    outer loop
      vertex 53.6342 -32.6409 4.4
      vertex 53.5527 -32.6635 4.4
      vertex 55.675 -32.5074 4.4
    endloop
  endfacet
  facet normal 0 0 1
    outer loop
      vertex 53.5527 -32.6635 4.4
      vertex 55.873 -32.5373 4.4
      vertex 55.675 -32.5074 4.4
    endloop
  endfacet
  facet normal 0 0 1
    outer loop
      vertex 53.4711 -32.6866 4.4
      vertex 55.873 -32.5373 4.4
      vertex 53.5527 -32.6635 4.4
    endloop
  endfacet
  facet normal -0 0 1
    outer loop
      vertex 53.4711 -32.6866 4.4
      vertex 53.2602 -32.7505 4.4
      vertex 55.873 -32.5373 4.4
    endloop
  endfacet
  facet normal 0 0 1
    outer loop
      vertex 53.2602 -32.7505 4.4
      vertex 56.0761 -32.5705 4.4
      vertex 55.873 -32.5373 4.4
    endloop
  endfacet
  facet normal 0 0 1
    outer loop
      vertex 53.1413 -32.7869 4.4
      vertex 56.0761 -32.5705 4.4
      vertex 53.2602 -32.7505 4.4
    endloop
  endfacet
  facet normal 0 0 1
    outer loop
      vertex 56.4906 -32.6452 4.4
      vertex 56.2826 -32.6066 4.4
      vertex 53.1413 -32.7869 4.4
    endloop
  endfacet
  facet normal 0 0 1
    outer loop
      vertex 52.931 -32.8482 4.4
      vertex 56.6982 -32.6861 4.4
      vertex 53.0319 -32.8194 4.4
    endloop
  endfacet
  facet normal 0 0 1
    outer loop
      vertex 56.9037 -32.7288 4.4
      vertex 56.6982 -32.6861 4.4
      vertex 52.931 -32.8482 4.4
    endloop
  endfacet
  facet normal 0 0 1
    outer loop
      vertex 56.9037 -32.7288 4.4
      vertex 52.931 -32.8482 4.4
      vertex 57.105 -32.773 4.4
    endloop
  endfacet
  facet normal -0 0 1
    outer loop
      vertex 52.931 -32.8482 4.4
      vertex 52.8374 -32.8734 4.4
      vertex 57.105 -32.773 4.4
    endloop
  endfacet
  facet normal 0 0 1
    outer loop
      vertex 52.8374 -32.8734 4.4
      vertex 57.3005 -32.8183 4.4
      vertex 57.105 -32.773 4.4
    endloop
  endfacet
  facet normal 0 0 1
    outer loop
      vertex 58.3179 -33.1206 4.4
      vertex 57.3005 -32.8183 4.4
      vertex 52.8374 -32.8734 4.4
    endloop
  endfacet
  facet normal 0 0 1
    outer loop
      vertex 58.3179 -33.1206 4.4
      vertex 52.8374 -32.8734 4.4
      vertex 58.3971 -33.149 4.4
    endloop
  endfacet
  facet normal 0 0 1
    outer loop
      vertex 52.8374 -32.8734 4.4
      vertex 66.5 -48 4.4
      vertex 58.3971 -33.149 4.4
    endloop
  endfacet
  facet normal -0 0 1
    outer loop
      vertex 52.7502 -32.895 4.4
      vertex 66.5 -48 4.4
      vertex 52.8374 -32.8734 4.4
    endloop
  endfacet
  facet normal -0 0 1
    outer loop
      vertex 52.6683 -32.9133 4.4
      vertex 66.5 -48 4.4
      vertex 52.7502 -32.895 4.4
    endloop
  endfacet
  facet normal -0 0 1
    outer loop
      vertex 52.5906 -32.9282 4.4
      vertex 66.5 -48 4.4
      vertex 52.6683 -32.9133 4.4
    endloop
  endfacet
  facet normal -0 0 1
    outer loop
      vertex 52.516 -32.94 4.4
      vertex 66.5 -48 4.4
      vertex 52.5906 -32.9282 4.4
    endloop
  endfacet
  facet normal -0 0 1
    outer loop
      vertex 52.4435 -32.9487 4.4
      vertex 66.5 -48 4.4
      vertex 52.516 -32.94 4.4
    endloop
  endfacet
  facet normal -0 0 1
    outer loop
      vertex 52.3719 -32.9544 4.4
      vertex 48.0678 -34.4492 4.4
      vertex 52.4435 -32.9487 4.4
    endloop
  endfacet
  facet normal 0 0 1
    outer loop
      vertex 52.0744 -32.95 4.4
      vertex 48.0678 -34.4492 4.4
      vertex 52.1526 -32.955 4.4
    endloop
  endfacet
  facet normal 0 0 1
    outer loop
      vertex 48.6275 -33.9297 4.4
      vertex 51.9038 -32.9328 4.4
      vertex 51.8094 -32.9208 4.4
    endloop
  endfacet
  facet normal 0 0 1
    outer loop
      vertex 51.5968 -32.8908 4.4
      vertex 48.7865 -33.7849 4.4
      vertex 51.7074 -32.9068 4.4
    endloop
  endfacet
  facet normal 0 0 1
    outer loop
      vertex 51.4122 -32.8667 4.4
      vertex 51.2363 -32.8489 4.4
      vertex 48.9394 -33.6516 4.4
    endloop
  endfacet
  facet normal 0 0 1
    outer loop
      vertex 49.0871 -33.5295 4.4
      vertex 51.0682 -32.8375 4.4
      vertex 49.2305 -33.4184 4.4
    endloop
  endfacet
  facet normal 0 0 1
    outer loop
      vertex 49.3703 -33.318 4.4
      vertex 50.9073 -32.833 4.4
      vertex 50.7526 -32.8356 4.4
    endloop
  endfacet
  facet normal -0 0 1
    outer loop
      vertex 49.6425 -33.148 4.4
      vertex 49.5074 -33.228 4.4
      vertex 50.6034 -32.8456 4.4
    endloop
  endfacet
  facet normal -0 0 1
    outer loop
      vertex 50.318 -32.889 4.4
      vertex 49.7765 -33.0778 4.4
      vertex 50.4588 -32.8633 4.4
    endloop
  endfacet
  facet normal 0 0 1
    outer loop
      vertex 50.1802 -32.923 4.4
      vertex 50.0446 -32.9657 4.4
      vertex 49.9103 -33.0172 4.4
    endloop
  endfacet
  facet normal -0 0 1
    outer loop
      vertex 50.1802 -32.923 4.4
      vertex 49.9103 -33.0172 4.4
      vertex 50.318 -32.889 4.4
    endloop
  endfacet
  facet normal -0 0 1
    outer loop
      vertex 49.9103 -33.0172 4.4
      vertex 49.7765 -33.0778 4.4
      vertex 50.318 -32.889 4.4
    endloop
  endfacet
  facet normal -0 0 1
    outer loop
      vertex 49.7765 -33.0778 4.4
      vertex 49.6425 -33.148 4.4
      vertex 50.4588 -32.8633 4.4
    endloop
  endfacet
  facet normal 0 0 1
    outer loop
      vertex 49.6425 -33.148 4.4
      vertex 50.6034 -32.8456 4.4
      vertex 50.4588 -32.8633 4.4
    endloop
  endfacet
  facet normal 0 0 1
    outer loop
      vertex 49.5074 -33.228 4.4
      vertex 50.7526 -32.8356 4.4
      vertex 50.6034 -32.8456 4.4
    endloop
  endfacet
  facet normal 0 0 1
    outer loop
      vertex 49.3703 -33.318 4.4
      vertex 50.7526 -32.8356 4.4
      vertex 49.5074 -33.228 4.4
    endloop
  endfacet
  facet normal 0 0 1
    outer loop
      vertex 49.2305 -33.4184 4.4
      vertex 50.9073 -32.833 4.4
      vertex 49.3703 -33.318 4.4
    endloop
  endfacet
  facet normal 0 0 1
    outer loop
      vertex 51.0682 -32.8375 4.4
      vertex 50.9073 -32.833 4.4
      vertex 49.2305 -33.4184 4.4
    endloop
  endfacet
  facet normal 0 0 1
    outer loop
      vertex 51.2363 -32.8489 4.4
      vertex 51.0682 -32.8375 4.4
      vertex 49.0871 -33.5295 4.4
    endloop
  endfacet
  facet normal 0 0 1
    outer loop
      vertex 51.2363 -32.8489 4.4
      vertex 49.0871 -33.5295 4.4
      vertex 48.9394 -33.6516 4.4
    endloop
  endfacet
  facet normal 0 0 1
    outer loop
      vertex 51.4122 -32.8667 4.4
      vertex 48.9394 -33.6516 4.4
      vertex 48.7865 -33.7849 4.4
    endloop
  endfacet
  facet normal 0 0 1
    outer loop
      vertex 51.4122 -32.8667 4.4
      vertex 48.7865 -33.7849 4.4
      vertex 51.5968 -32.8908 4.4
    endloop
  endfacet
  facet normal -0 0 1
    outer loop
      vertex 48.7865 -33.7849 4.4
      vertex 48.6275 -33.9297 4.4
      vertex 51.7074 -32.9068 4.4
    endloop
  endfacet
  facet normal 0 0 1
    outer loop
      vertex 48.6275 -33.9297 4.4
      vertex 51.8094 -32.9208 4.4
      vertex 51.7074 -32.9068 4.4
    endloop
  endfacet
  facet normal 0 0 1
    outer loop
      vertex 48.0678 -34.4492 4.4
      vertex 51.9038 -32.9328 4.4
      vertex 48.6275 -33.9297 4.4
    endloop
  endfacet
  facet normal 0 0 1
    outer loop
      vertex 51.9918 -32.9425 4.4
      vertex 51.9038 -32.9328 4.4
      vertex 48.0678 -34.4492 4.4
    endloop
  endfacet
  facet normal 0 0 1
    outer loop
      vertex 51.9918 -32.9425 4.4
      vertex 48.0678 -34.4492 4.4
      vertex 52.0744 -32.95 4.4
    endloop
  endfacet
  facet normal 0 0 1
    outer loop
      vertex 48.0678 -34.4492 4.4
      vertex 52.2276 -32.9575 4.4
      vertex 52.1526 -32.955 4.4
    endloop
  endfacet
  facet normal 0 0 1
    outer loop
      vertex 52.3003 -32.9573 4.4
      vertex 52.2276 -32.9575 4.4
      vertex 48.0678 -34.4492 4.4
    endloop
  endfacet
  facet normal -0 0 1
    outer loop
      vertex 52.3003 -32.9573 4.4
      vertex 48.0678 -34.4492 4.4
      vertex 52.3719 -32.9544 4.4
    endloop
  endfacet
  facet normal -0 0 1
    outer loop
      vertex 48.0678 -34.4492 4.4
      vertex 66.5 -48 4.4
      vertex 52.4435 -32.9487 4.4
    endloop
  endfacet
  facet normal -0 0 1
    outer loop
      vertex 44.0645 -34.4492 4.4
      vertex 43.021 -34.9686 4.4
      vertex 48.0678 -34.4492 4.4
    endloop
  endfacet
  facet normal -0 0 1
    outer loop
      vertex 43.021 -34.9686 4.4
      vertex 42.9335 -35.012 4.4
      vertex 48.0678 -34.4492 4.4
    endloop
  endfacet
  facet normal -0 0 1
    outer loop
      vertex 42.9335 -35.012 4.4
      vertex 42.8419 -35.0571 4.4
      vertex 48.0678 -34.4492 4.4
    endloop
  endfacet
  facet normal -0 0 1
    outer loop
      vertex 42.8419 -35.0571 4.4
      vertex 42.7468 -35.1037 4.4
      vertex 48.0678 -34.4492 4.4
    endloop
  endfacet
  facet normal -0 0 1
    outer loop
      vertex 42.7468 -35.1037 4.4
      vertex 42.6486 -35.1517 4.4
      vertex 48.0678 -34.4492 4.4
    endloop
  endfacet
  facet normal -0 0 1
    outer loop
      vertex 42.6486 -35.1517 4.4
      vertex 42.5481 -35.2007 4.4
      vertex 48.0678 -34.4492 4.4
    endloop
  endfacet
  facet normal -0 0 1
    outer loop
      vertex 42.5481 -35.2007 4.4
      vertex 42.4455 -35.2505 4.4
      vertex 48.0678 -34.4492 4.4
    endloop
  endfacet
  facet normal -0 0 1
    outer loop
      vertex 42.4455 -35.2505 4.4
      vertex 42.3415 -35.3008 4.4
      vertex 48.0678 -34.4492 4.4
    endloop
  endfacet
  facet normal -0 0 1
    outer loop
      vertex 42.3415 -35.3008 4.4
      vertex 42.2366 -35.3515 4.4
      vertex 48.0678 -34.4492 4.4
    endloop
  endfacet
  facet normal -0 0 1
    outer loop
      vertex 42.2366 -35.3515 4.4
      vertex 42.1313 -35.4022 4.4
      vertex 48.0678 -34.4492 4.4
    endloop
  endfacet
  facet normal -0 0 1
    outer loop
      vertex 42.1313 -35.4022 4.4
      vertex 42.0261 -35.4528 4.4
      vertex 48.0678 -34.4492 4.4
    endloop
  endfacet
  facet normal -0 0 1
    outer loop
      vertex 42.0261 -35.4528 4.4
      vertex 41.9216 -35.5029 4.4
      vertex 48.0678 -34.4492 4.4
    endloop
  endfacet
  facet normal -0 0 1
    outer loop
      vertex 41.9216 -35.5029 4.4
      vertex 41.8182 -35.5524 4.4
      vertex 48.0678 -34.4492 4.4
    endloop
  endfacet
  facet normal -0 0 1
    outer loop
      vertex 41.8182 -35.5524 4.4
      vertex 41.7165 -35.601 4.4
      vertex 48.0678 -34.4492 4.4
    endloop
  endfacet
  facet normal -0 0 1
    outer loop
      vertex 41.7165 -35.601 4.4
      vertex 41.617 -35.6484 4.4
      vertex 48.0678 -34.4492 4.4
    endloop
  endfacet
  facet normal -0 0 1
    outer loop
      vertex 41.617 -35.6484 4.4
      vertex 41.5203 -35.6943 4.4
      vertex 48.0678 -34.4492 4.4
    endloop
  endfacet
  facet normal -0 0 1
    outer loop
      vertex 41.5203 -35.6943 4.4
      vertex 41.4267 -35.7387 4.4
      vertex 48.0678 -34.4492 4.4
    endloop
  endfacet
  facet normal -0 0 1
    outer loop
      vertex 41.4267 -35.7387 4.4
      vertex 41.3369 -35.7811 4.4
      vertex 48.0678 -34.4492 4.4
    endloop
  endfacet
  facet normal -0 0 1
    outer loop
      vertex 41.3369 -35.7811 4.4
      vertex 41.2514 -35.8214 4.4
      vertex 48.0678 -34.4492 4.4
    endloop
  endfacet
  facet normal -0 0 1
    outer loop
      vertex 41.2514 -35.8214 4.4
      vertex 41.1707 -35.8593 4.4
      vertex 48.0678 -34.4492 4.4
    endloop
  endfacet
  facet normal -0 0 1
    outer loop
      vertex 41.1707 -35.8593 4.4
      vertex 41.0953 -35.8946 4.4
      vertex 48.0678 -34.4492 4.4
    endloop
  endfacet
  facet normal -0 0 1
    outer loop
      vertex 41.0953 -35.8946 4.4
      vertex 40.2225 -36.3011 4.4
      vertex 48.0678 -34.4492 4.4
    endloop
  endfacet
  facet normal -0 0 1
    outer loop
      vertex 40.2225 -36.3011 4.4
      vertex 66.5 -48 4.4
      vertex 48.0678 -34.4492 4.4
    endloop
  endfacet
  facet normal 0 0 1
    outer loop
      vertex 26.125 -34.2256 4.4
      vertex 33.0753 -34.7219 4.4
      vertex 33.0045 -34.7033 4.4
    endloop
  endfacet
  facet normal 0 0 1
    outer loop
      vertex 33.4604 -34.7939 4.4
      vertex 36.5955 -35.3857 4.4
      vertex 36.2704 -35.3063 4.4
    endloop
  endfacet
  facet normal 0 0 1
    outer loop
      vertex 35.7104 -35.1722 4.4
      vertex 33.5463 -34.8049 4.4
      vertex 35.9762 -35.2353 4.4
    endloop
  endfacet
  facet normal 0 0 1
    outer loop
      vertex 35.4705 -35.1164 4.4
      vertex 33.7301 -34.8244 4.4
      vertex 33.6361 -34.815 4.4
    endloop
  endfacet
  facet normal 0 0 1
    outer loop
      vertex 33.8287 -34.8331 4.4
      vertex 33.7301 -34.8244 4.4
      vertex 34.8813 -34.9878 4.4
    endloop
  endfacet
  facet normal 0 0 1
    outer loop
      vertex 34.5723 -34.9289 4.4
      vertex 33.948 -34.8438 4.4
      vertex 33.8287 -34.8331 4.4
    endloop
  endfacet
  facet normal 0 0 1
    outer loop
      vertex 34.4355 -34.9058 4.4
      vertex 34.3072 -34.8863 4.4
      vertex 34.0659 -34.8559 4.4
    endloop
  endfacet
  facet normal 0 0 1
    outer loop
      vertex 34.3072 -34.8863 4.4
      vertex 34.1848 -34.8699 4.4
      vertex 34.0659 -34.8559 4.4
    endloop
  endfacet
  facet normal 0 0 1
    outer loop
      vertex 34.4355 -34.9058 4.4
      vertex 34.0659 -34.8559 4.4
      vertex 33.948 -34.8438 4.4
    endloop
  endfacet
  facet normal 0 0 1
    outer loop
      vertex 34.4355 -34.9058 4.4
      vertex 33.948 -34.8438 4.4
      vertex 34.5723 -34.9289 4.4
    endloop
  endfacet
  facet normal 0 0 1
    outer loop
      vertex 34.5723 -34.9289 4.4
      vertex 33.8287 -34.8331 4.4
      vertex 34.7201 -34.956 4.4
    endloop
  endfacet
  facet normal 0 0 1
    outer loop
      vertex 33.8287 -34.8331 4.4
      vertex 34.8813 -34.9878 4.4
      vertex 34.7201 -34.956 4.4
    endloop
  endfacet
  facet normal 0 0 1
    outer loop
      vertex 33.7301 -34.8244 4.4
      vertex 35.0584 -35.0247 4.4
      vertex 34.8813 -34.9878 4.4
    endloop
  endfacet
  facet normal 0 0 1
    outer loop
      vertex 35.254 -35.0674 4.4
      vertex 35.0584 -35.0247 4.4
      vertex 33.7301 -34.8244 4.4
    endloop
  endfacet
  facet normal 0 0 1
    outer loop
      vertex 35.254 -35.0674 4.4
      vertex 33.7301 -34.8244 4.4
      vertex 35.4705 -35.1164 4.4
    endloop
  endfacet
  facet normal 0 0 1
    outer loop
      vertex 35.4705 -35.1164 4.4
      vertex 33.6361 -34.815 4.4
      vertex 35.7104 -35.1722 4.4
    endloop
  endfacet
  facet normal 0 0 1
    outer loop
      vertex 33.6361 -34.815 4.4
      vertex 33.5463 -34.8049 4.4
      vertex 35.7104 -35.1722 4.4
    endloop
  endfacet
  facet normal 0 0 1
    outer loop
      vertex 33.5463 -34.8049 4.4
      vertex 36.2704 -35.3063 4.4
      vertex 35.9762 -35.2353 4.4
    endloop
  endfacet
  facet normal 0 0 1
    outer loop
      vertex 33.4604 -34.7939 4.4
      vertex 36.2704 -35.3063 4.4
      vertex 33.5463 -34.8049 4.4
    endloop
  endfacet
  facet normal 0 0 1
    outer loop
      vertex 36.9539 -35.4742 4.4
      vertex 36.5955 -35.3857 4.4
      vertex 33.4604 -34.7939 4.4
    endloop
  endfacet
  facet normal 0 0 1
    outer loop
      vertex 36.9539 -35.4742 4.4
      vertex 33.4604 -34.7939 4.4
      vertex 33.3779 -34.782 4.4
    endloop
  endfacet
  facet normal 0 0 1
    outer loop
      vertex 36.9539 -35.4742 4.4
      vertex 33.3779 -34.782 4.4
      vertex 37.3482 -35.5721 4.4
    endloop
  endfacet
  facet normal 0 0 1
    outer loop
      vertex 33.3779 -34.782 4.4
      vertex 25.8146 -34.251 4.4
      vertex 25.7169 -34.2527 4.4
    endloop
  endfacet
  facet normal 0 0 1
    outer loop
      vertex 28.68 -34.0081 4.4
      vertex 26.3493 -34.1917 4.4
      vertex 32.935 -34.6829 4.4
    endloop
  endfacet
  facet normal 0 0 1
    outer loop
      vertex 26.3493 -34.1917 4.4
      vertex 28.1514 -34.0104 4.4
      vertex 27.9934 -34.0134 4.4
    endloop
  endfacet
  facet normal 0 0 1
    outer loop
      vertex 26.4677 -34.1697 4.4
      vertex 27.4385 -34.0371 4.4
      vertex 27.3165 -34.0461 4.4
    endloop
  endfacet
  facet normal 0 0 1
    outer loop
      vertex 26.4677 -34.1697 4.4
      vertex 27.2 -34.0563 4.4
      vertex 27.0887 -34.0677 4.4
    endloop
  endfacet
  facet normal -0 0 1
    outer loop
      vertex 26.7802 -34.1097 4.4
      vertex 26.5905 -34.1443 4.4
      vertex 26.8793 -34.0944 4.4
    endloop
  endfacet
  facet normal 0 0 1
    outer loop
      vertex 28.3182 -34.0085 4.4
      vertex 28.1514 -34.0104 4.4
      vertex 26.3493 -34.1917 4.4
    endloop
  endfacet
  facet normal 0 0 1
    outer loop
      vertex 32.8663 -34.6608 4.4
      vertex 28.876 -34.0095 4.4
      vertex 32.935 -34.6829 4.4
    endloop
  endfacet
  facet normal 0 0 1
    outer loop
      vertex 29.083 -34.012 4.4
      vertex 28.876 -34.0095 4.4
      vertex 32.8663 -34.6608 4.4
    endloop
  endfacet
  facet normal 0 0 1
    outer loop
      vertex 29.083 -34.012 4.4
      vertex 32.8663 -34.6608 4.4
      vertex 29.3012 -34.0155 4.4
    endloop
  endfacet
  facet normal 0 0 1
    outer loop
      vertex 32.8663 -34.6608 4.4
      vertex 32.798 -34.6367 4.4
      vertex 29.3012 -34.0155 4.4
    endloop
  endfacet
  facet normal 0 0 1
    outer loop
      vertex 32.798 -34.6367 4.4
      vertex 29.5313 -34.0201 4.4
      vertex 29.3012 -34.0155 4.4
    endloop
  endfacet
  facet normal 0 0 1
    outer loop
      vertex 32.7299 -34.6105 4.4
      vertex 29.5313 -34.0201 4.4
      vertex 32.798 -34.6367 4.4
    endloop
  endfacet
  facet normal 0 0 1
    outer loop
      vertex 28.876 -34.0095 4.4
      vertex 28.68 -34.0081 4.4
      vertex 32.935 -34.6829 4.4
    endloop
  endfacet
  facet normal 0 0 1
    outer loop
      vertex 29.5313 -34.0201 4.4
      vertex 32.7299 -34.6105 4.4
      vertex 32.6614 -34.5822 4.4
    endloop
  endfacet
  facet normal 0 0 1
    outer loop
      vertex 29.5313 -34.0201 4.4
      vertex 32.6614 -34.5822 4.4
      vertex 32.5922 -34.5516 4.4
    endloop
  endfacet
  facet normal 0 0 1
    outer loop
      vertex 29.5313 -34.0201 4.4
      vertex 32.5922 -34.5516 4.4
      vertex 32.522 -34.5186 4.4
    endloop
  endfacet
  facet normal 0 0 1
    outer loop
      vertex 29.5313 -34.0201 4.4
      vertex 32.522 -34.5186 4.4
      vertex 32.4504 -34.4831 4.4
    endloop
  endfacet
  facet normal 0 0 1
    outer loop
      vertex 29.5313 -34.0201 4.4
      vertex 32.4504 -34.4831 4.4
      vertex 32.377 -34.4449 4.4
    endloop
  endfacet
  facet normal 0 0 1
    outer loop
      vertex 31.6373 -34.054 4.4
      vertex 29.5313 -34.0201 4.4
      vertex 32.3014 -34.404 4.4
    endloop
  endfacet
  facet normal 0 0 1
    outer loop
      vertex 29.5313 -34.0201 4.4
      vertex 32.377 -34.4449 4.4
      vertex 32.3014 -34.404 4.4
    endloop
  endfacet
  facet normal -0 0 1
    outer loop
      vertex 27.7016 -34.0229 4.4
      vertex 26.4677 -34.1697 4.4
      vertex 27.8437 -34.0176 4.4
    endloop
  endfacet
  facet normal -0 0 1
    outer loop
      vertex 27.2 -34.0563 4.4
      vertex 26.4677 -34.1697 4.4
      vertex 27.3165 -34.0461 4.4
    endloop
  endfacet
  facet normal 0 0 1
    outer loop
      vertex 27.0887 -34.0677 4.4
      vertex 26.982 -34.0804 4.4
      vertex 26.5905 -34.1443 4.4
    endloop
  endfacet
  facet normal -0 0 1
    outer loop
      vertex 26.6841 -34.1263 4.4
      vertex 26.5905 -34.1443 4.4
      vertex 26.7802 -34.1097 4.4
    endloop
  endfacet
  facet normal 0 0 1
    outer loop
      vertex 26.5905 -34.1443 4.4
      vertex 26.982 -34.0804 4.4
      vertex 26.8793 -34.0944 4.4
    endloop
  endfacet
  facet normal 0 0 1
    outer loop
      vertex 26.4677 -34.1697 4.4
      vertex 27.0887 -34.0677 4.4
      vertex 26.5905 -34.1443 4.4
    endloop
  endfacet
  facet normal 0 0 1
    outer loop
      vertex 27.5667 -34.0294 4.4
      vertex 27.4385 -34.0371 4.4
      vertex 26.4677 -34.1697 4.4
    endloop
  endfacet
  facet normal -0 0 1
    outer loop
      vertex 27.5667 -34.0294 4.4
      vertex 26.4677 -34.1697 4.4
      vertex 27.7016 -34.0229 4.4
    endloop
  endfacet
  facet normal 0 0 1
    outer loop
      vertex 26.4677 -34.1697 4.4
      vertex 27.9934 -34.0134 4.4
      vertex 27.8437 -34.0176 4.4
    endloop
  endfacet
  facet normal 0 0 1
    outer loop
      vertex 26.3493 -34.1917 4.4
      vertex 27.9934 -34.0134 4.4
      vertex 26.4677 -34.1697 4.4
    endloop
  endfacet
  facet normal 0 0 1
    outer loop
      vertex 28.4942 -34.0077 4.4
      vertex 28.3182 -34.0085 4.4
      vertex 26.3493 -34.1917 4.4
    endloop
  endfacet
  facet normal 0 0 1
    outer loop
      vertex 28.4942 -34.0077 4.4
      vertex 26.3493 -34.1917 4.4
      vertex 28.68 -34.0081 4.4
    endloop
  endfacet
  facet normal 0 0 1
    outer loop
      vertex 26.3493 -34.1917 4.4
      vertex 26.2352 -34.2104 4.4
      vertex 32.935 -34.6829 4.4
    endloop
  endfacet
  facet normal 0 0 1
    outer loop
      vertex 26.2352 -34.2104 4.4
      vertex 33.0045 -34.7033 4.4
      vertex 32.935 -34.6829 4.4
    endloop
  endfacet
  facet normal -0 0 1
    outer loop
      vertex 26.125 -34.2256 4.4
      vertex 33.0045 -34.7033 4.4
      vertex 26.2352 -34.2104 4.4
    endloop
  endfacet
  facet normal -0 0 1
    outer loop
      vertex 26.0184 -34.2375 4.4
      vertex 33.0753 -34.7219 4.4
      vertex 26.125 -34.2256 4.4
    endloop
  endfacet
  facet normal 0 0 1
    outer loop
      vertex 33.1476 -34.739 4.4
      vertex 33.0753 -34.7219 4.4
      vertex 26.0184 -34.2375 4.4
    endloop
  endfacet
  facet normal 0 0 1
    outer loop
      vertex 33.1476 -34.739 4.4
      vertex 26.0184 -34.2375 4.4
      vertex 25.915 -34.2459 4.4
    endloop
  endfacet
  facet normal 0 0 1
    outer loop
      vertex 33.1476 -34.739 4.4
      vertex 25.915 -34.2459 4.4
      vertex 33.2219 -34.7546 4.4
    endloop
  endfacet
  facet normal 0 0 1
    outer loop
      vertex 25.915 -34.2459 4.4
      vertex 25.8146 -34.251 4.4
      vertex 33.2219 -34.7546 4.4
    endloop
  endfacet
  facet normal 0 0 1
    outer loop
      vertex 25.8146 -34.251 4.4
      vertex 33.2986 -34.7689 4.4
      vertex 33.2219 -34.7546 4.4
    endloop
  endfacet
  facet normal 0 0 1
    outer loop
      vertex 33.3779 -34.782 4.4
      vertex 33.2986 -34.7689 4.4
      vertex 25.8146 -34.251 4.4
    endloop
  endfacet
  facet normal 0 0 1
    outer loop
      vertex 37.3482 -35.5721 4.4
      vertex 33.3779 -34.782 4.4
      vertex 25.7169 -34.2527 4.4
    endloop
  endfacet
  facet normal 0 0 1
    outer loop
      vertex 37.3482 -35.5721 4.4
      vertex 25.7169 -34.2527 4.4
      vertex 37.7808 -35.6801 4.4
    endloop
  endfacet
  facet normal 0 0 1
    outer loop
      vertex 25.7169 -34.2527 4.4
      vertex 38.2543 -35.7987 4.4
      vertex 37.7808 -35.6801 4.4
    endloop
  endfacet
  facet normal 0 0 1
    outer loop
      vertex 38.7711 -35.9285 4.4
      vertex 38.2543 -35.7987 4.4
      vertex 25.7169 -34.2527 4.4
    endloop
  endfacet
  facet normal 0 0 1
    outer loop
      vertex 38.7711 -35.9285 4.4
      vertex 25.7169 -34.2527 4.4
      vertex 40.2225 -36.3011 4.4
    endloop
  endfacet
  facet normal 0 0 1
    outer loop
      vertex 25.7169 -34.2527 4.4
      vertex 25.6214 -34.251 4.4
      vertex 40.2225 -36.3011 4.4
    endloop
  endfacet
  facet normal -0 0 1
    outer loop
      vertex -5.52302 -37.0561 4.4
      vertex -15.5427 -47.0253 4.4
      vertex -5.26528 -36.9143 4.4
    endloop
  endfacet
  facet normal 0 0 1
    outer loop
      vertex -9.32444 -38.9109 4.4
      vertex -9.42574 -38.9519 4.4
      vertex -15.4851 -46.8557 4.4
    endloop
  endfacet
  facet normal -0 0 1
    outer loop
      vertex -7.08964 -37.8452 4.4
      vertex -7.16147 -37.8813 4.4
      vertex -6.55189 -37.5971 4.4
    endloop
  endfacet
  facet normal 0 0 1
    outer loop
      vertex 11.6019 -33.9297 4.4
      vertex 11.7968 -33.867 4.4
      vertex 11.7347 -33.8842 4.4
    endloop
  endfacet
  facet normal 0 0 1
    outer loop
      vertex 25.2568 -34.2104 4.4
      vertex 23.1296 -33.8653 4.4
      vertex 23.0426 -33.8556 4.4
    endloop
  endfacet
  facet normal 0 0 1
    outer loop
      vertex 23.4872 -33.8839 4.4
      vertex 23.3946 -33.8819 4.4
      vertex 24.9925 -34.1443 4.4
    endloop
  endfacet
  facet normal 0 0 1
    outer loop
      vertex 24.816 -34.0833 4.4
      vertex 23.7804 -33.8882 4.4
      vertex 24.9045 -34.1155 4.4
    endloop
  endfacet
  facet normal 0 0 1
    outer loop
      vertex 24.0988 -33.9088 4.4
      vertex 24.0373 -33.9034 4.4
      vertex 24.816 -34.0833 4.4
    endloop
  endfacet
  facet normal 0 0 1
    outer loop
      vertex 24.2723 -33.9283 4.4
      vertex 24.2165 -33.9213 4.4
      vertex 24.7267 -34.0477 4.4
    endloop
  endfacet
  facet normal 0 0 1
    outer loop
      vertex 24.2165 -33.9213 4.4
      vertex 24.1586 -33.9148 4.4
      vertex 24.7267 -34.0477 4.4
    endloop
  endfacet
  facet normal 0 0 1
    outer loop
      vertex 24.7267 -34.0477 4.4
      vertex 24.4244 -33.9521 4.4
      vertex 24.3765 -33.9437 4.4
    endloop
  endfacet
  facet normal 0 0 1
    outer loop
      vertex 24.6363 -34.0088 4.4
      vertex 24.5104 -33.9698 4.4
      vertex 24.4691 -33.9608 4.4
    endloop
  endfacet
  facet normal 0 0 1
    outer loop
      vertex 24.6112 -33.9987 4.4
      vertex 24.5817 -33.9888 4.4
      vertex 24.6363 -34.0088 4.4
    endloop
  endfacet
  facet normal 0 0 1
    outer loop
      vertex 24.5817 -33.9888 4.4
      vertex 24.548 -33.9792 4.4
      vertex 24.6363 -34.0088 4.4
    endloop
  endfacet
  facet normal 0 0 1
    outer loop
      vertex 24.548 -33.9792 4.4
      vertex 24.5104 -33.9698 4.4
      vertex 24.6363 -34.0088 4.4
    endloop
  endfacet
  facet normal 0 0 1
    outer loop
      vertex 24.6363 -34.0088 4.4
      vertex 24.4691 -33.9608 4.4
      vertex 24.7267 -34.0477 4.4
    endloop
  endfacet
  facet normal 0 0 1
    outer loop
      vertex 24.4691 -33.9608 4.4
      vertex 24.4244 -33.9521 4.4
      vertex 24.7267 -34.0477 4.4
    endloop
  endfacet
  facet normal 0 0 1
    outer loop
      vertex 24.7267 -34.0477 4.4
      vertex 24.3765 -33.9437 4.4
      vertex 24.3258 -33.9358 4.4
    endloop
  endfacet
  facet normal 0 0 1
    outer loop
      vertex 24.7267 -34.0477 4.4
      vertex 24.3258 -33.9358 4.4
      vertex 24.2723 -33.9283 4.4
    endloop
  endfacet
  facet normal 0 0 1
    outer loop
      vertex 24.1586 -33.9148 4.4
      vertex 24.816 -34.0833 4.4
      vertex 24.7267 -34.0477 4.4
    endloop
  endfacet
  facet normal 0 0 1
    outer loop
      vertex 24.0988 -33.9088 4.4
      vertex 24.816 -34.0833 4.4
      vertex 24.1586 -33.9148 4.4
    endloop
  endfacet
  facet normal 0 0 1
    outer loop
      vertex 24.0373 -33.9034 4.4
      vertex 23.9745 -33.8986 4.4
      vertex 24.816 -34.0833 4.4
    endloop
  endfacet
  facet normal 0 0 1
    outer loop
      vertex 23.9745 -33.8986 4.4
      vertex 23.9106 -33.8944 4.4
      vertex 24.816 -34.0833 4.4
    endloop
  endfacet
  facet normal 0 0 1
    outer loop
      vertex 23.9106 -33.8944 4.4
      vertex 23.8458 -33.891 4.4
      vertex 24.816 -34.0833 4.4
    endloop
  endfacet
  facet normal 0 0 1
    outer loop
      vertex 23.8458 -33.891 4.4
      vertex 23.7804 -33.8882 4.4
      vertex 24.816 -34.0833 4.4
    endloop
  endfacet
  facet normal 0 0 1
    outer loop
      vertex 23.7804 -33.8882 4.4
      vertex 23.7147 -33.8862 4.4
      vertex 24.9045 -34.1155 4.4
    endloop
  endfacet
  facet normal 0 0 1
    outer loop
      vertex 23.7147 -33.8862 4.4
      vertex 23.6489 -33.885 4.4
      vertex 24.9045 -34.1155 4.4
    endloop
  endfacet
  facet normal 0 0 1
    outer loop
      vertex 23.6489 -33.885 4.4
      vertex 23.5833 -33.8846 4.4
      vertex 24.9045 -34.1155 4.4
    endloop
  endfacet
  facet normal 0 0 1
    outer loop
      vertex 23.5833 -33.8846 4.4
      vertex 23.4872 -33.8839 4.4
      vertex 24.9045 -34.1155 4.4
    endloop
  endfacet
  facet normal 0 0 1
    outer loop
      vertex 23.4872 -33.8839 4.4
      vertex 24.9925 -34.1443 4.4
      vertex 24.9045 -34.1155 4.4
    endloop
  endfacet
  facet normal 0 0 1
    outer loop
      vertex 23.3946 -33.8819 4.4
      vertex 23.3047 -33.8783 4.4
      vertex 24.9925 -34.1443 4.4
    endloop
  endfacet
  facet normal 0 0 1
    outer loop
      vertex 23.3047 -33.8783 4.4
      vertex 25.0804 -34.1697 4.4
      vertex 24.9925 -34.1443 4.4
    endloop
  endfacet
  facet normal 0 0 1
    outer loop
      vertex 23.2167 -33.8728 4.4
      vertex 25.0804 -34.1697 4.4
      vertex 23.3047 -33.8783 4.4
    endloop
  endfacet
  facet normal 0 0 1
    outer loop
      vertex 25.1684 -34.1917 4.4
      vertex 25.0804 -34.1697 4.4
      vertex 23.2167 -33.8728 4.4
    endloop
  endfacet
  facet normal 0 0 1
    outer loop
      vertex 25.1684 -34.1917 4.4
      vertex 23.2167 -33.8728 4.4
      vertex 23.1296 -33.8653 4.4
    endloop
  endfacet
  facet normal 0 0 1
    outer loop
      vertex 25.1684 -34.1917 4.4
      vertex 23.1296 -33.8653 4.4
      vertex 25.2568 -34.2104 4.4
    endloop
  endfacet
  facet normal 0 0 1
    outer loop
      vertex 14.2216 -33.4409 4.4
      vertex 14.0082 -33.4745 4.4
      vertex 22.6785 -33.79 4.4
    endloop
  endfacet
  facet normal 0 0 1
    outer loop
      vertex 14.964 -33.3112 4.4
      vertex 22.3644 -33.7068 4.4
      vertex 22.2473 -33.6715 4.4
    endloop
  endfacet
  facet normal -0 0 1
    outer loop
      vertex 14.964 -33.3112 4.4
      vertex 22.2473 -33.6715 4.4
      vertex 15.1295 -33.2784 4.4
    endloop
  endfacet
  facet normal -0 0 1
    outer loop
      vertex 15.1295 -33.2784 4.4
      vertex 22.1225 -33.6321 4.4
      vertex 15.2902 -33.2447 4.4
    endloop
  endfacet
  facet normal 0 0 1
    outer loop
      vertex 15.4475 -33.2099 4.4
      vertex 21.9893 -33.5883 4.4
      vertex 21.8467 -33.5399 4.4
    endloop
  endfacet
  facet normal 0 0 1
    outer loop
      vertex 21.5299 -33.4285 4.4
      vertex 15.603 -33.1735 4.4
      vertex 21.6938 -33.4867 4.4
    endloop
  endfacet
  facet normal 0 0 1
    outer loop
      vertex 15.7584 -33.1352 4.4
      vertex 15.603 -33.1735 4.4
      vertex 21.5299 -33.4285 4.4
    endloop
  endfacet
  facet normal 0 0 1
    outer loop
      vertex 15.7584 -33.1352 4.4
      vertex 21.5299 -33.4285 4.4
      vertex 21.354 -33.3651 4.4
    endloop
  endfacet
  facet normal -0 0 1
    outer loop
      vertex 15.7584 -33.1352 4.4
      vertex 21.354 -33.3651 4.4
      vertex 15.915 -33.0947 4.4
    endloop
  endfacet
  facet normal 0 0 1
    outer loop
      vertex 15.915 -33.0947 4.4
      vertex 21.2326 -33.3225 4.4
      vertex 21.1078 -33.2793 4.4
    endloop
  endfacet
  facet normal 0 0 1
    outer loop
      vertex 15.915 -33.0947 4.4
      vertex 21.1078 -33.2793 4.4
      vertex 20.9803 -33.2359 4.4
    endloop
  endfacet
  facet normal 0 0 1
    outer loop
      vertex 20.7194 -33.149 4.4
      vertex 16.2386 -33.0059 4.4
      vertex 16.0746 -33.0518 4.4
    endloop
  endfacet
  facet normal 0 0 1
    outer loop
      vertex 19.9354 -32.9015 4.4
      vertex 16.5862 -32.9041 4.4
      vertex 20.0627 -32.9402 4.4
    endloop
  endfacet
  facet normal -0 0 1
    outer loop
      vertex 17.18 -32.7215 4.4
      vertex 16.9703 -32.7868 4.4
      vertex 19.2531 -32.7068 4.4
    endloop
  endfacet
  facet normal 0 0 1
    outer loop
      vertex 19.5732 -32.795 4.4
      vertex 16.7729 -32.8476 4.4
      vertex 19.6901 -32.8287 4.4
    endloop
  endfacet
  facet normal 0 0 1
    outer loop
      vertex 20.3231 -33.0213 4.4
      vertex 16.2386 -33.0059 4.4
      vertex 20.4551 -33.0632 4.4
    endloop
  endfacet
  facet normal 0 0 1
    outer loop
      vertex 16.2386 -33.0059 4.4
      vertex 20.7194 -33.149 4.4
      vertex 20.5874 -33.1059 4.4
    endloop
  endfacet
  facet normal 0 0 1
    outer loop
      vertex 16.2386 -33.0059 4.4
      vertex 20.5874 -33.1059 4.4
      vertex 20.4551 -33.0632 4.4
    endloop
  endfacet
  facet normal 0 0 1
    outer loop
      vertex 16.4086 -32.9568 4.4
      vertex 16.2386 -33.0059 4.4
      vertex 20.3231 -33.0213 4.4
    endloop
  endfacet
  facet normal 0 0 1
    outer loop
      vertex 20.0627 -32.9402 4.4
      vertex 16.5862 -32.9041 4.4
      vertex 16.4086 -32.9568 4.4
    endloop
  endfacet
  facet normal 0 0 1
    outer loop
      vertex 19.9354 -32.9015 4.4
      vertex 19.811 -32.8643 4.4
      vertex 16.5862 -32.9041 4.4
    endloop
  endfacet
  facet normal 0 0 1
    outer loop
      vertex 19.461 -32.7633 4.4
      vertex 19.3541 -32.7338 4.4
      vertex 16.9703 -32.7868 4.4
    endloop
  endfacet
  facet normal 0 0 1
    outer loop
      vertex 17.18 -32.7215 4.4
      vertex 19.2531 -32.7068 4.4
      vertex 19.1587 -32.6825 4.4
    endloop
  endfacet
  facet normal 0 0 1
    outer loop
      vertex 18.9919 -32.6424 4.4
      vertex 17.18 -32.7215 4.4
      vertex 19.0714 -32.6609 4.4
    endloop
  endfacet
  facet normal 0 0 1
    outer loop
      vertex 17.18 -32.7215 4.4
      vertex 19.1587 -32.6825 4.4
      vertex 19.0714 -32.6609 4.4
    endloop
  endfacet
  facet normal 0 0 1
    outer loop
      vertex 16.9703 -32.7868 4.4
      vertex 19.3541 -32.7338 4.4
      vertex 19.2531 -32.7068 4.4
    endloop
  endfacet
  facet normal 0 0 1
    outer loop
      vertex 19.5732 -32.795 4.4
      vertex 19.461 -32.7633 4.4
      vertex 16.9703 -32.7868 4.4
    endloop
  endfacet
  facet normal 0 0 1
    outer loop
      vertex 19.5732 -32.795 4.4
      vertex 16.9703 -32.7868 4.4
      vertex 16.7729 -32.8476 4.4
    endloop
  endfacet
  facet normal 0 0 1
    outer loop
      vertex 19.6901 -32.8287 4.4
      vertex 16.7729 -32.8476 4.4
      vertex 19.811 -32.8643 4.4
    endloop
  endfacet
  facet normal 0 0 1
    outer loop
      vertex 16.7729 -32.8476 4.4
      vertex 16.5862 -32.9041 4.4
      vertex 19.811 -32.8643 4.4
    endloop
  endfacet
  facet normal 0 0 1
    outer loop
      vertex 18.0907 -32.4279 4.4
      vertex 17.18 -32.7215 4.4
      vertex 18.9919 -32.6424 4.4
    endloop
  endfacet
  facet normal 0 0 1
    outer loop
      vertex 20.0627 -32.9402 4.4
      vertex 16.4086 -32.9568 4.4
      vertex 20.1921 -32.9802 4.4
    endloop
  endfacet
  facet normal 0 0 1
    outer loop
      vertex 16.4086 -32.9568 4.4
      vertex 20.3231 -33.0213 4.4
      vertex 20.1921 -32.9802 4.4
    endloop
  endfacet
  facet normal 0 0 1
    outer loop
      vertex 20.7194 -33.149 4.4
      vertex 16.0746 -33.0518 4.4
      vertex 20.8506 -33.1924 4.4
    endloop
  endfacet
  facet normal 0 0 1
    outer loop
      vertex 16.0746 -33.0518 4.4
      vertex 20.9803 -33.2359 4.4
      vertex 20.8506 -33.1924 4.4
    endloop
  endfacet
  facet normal -0 0 1
    outer loop
      vertex 15.915 -33.0947 4.4
      vertex 20.9803 -33.2359 4.4
      vertex 16.0746 -33.0518 4.4
    endloop
  endfacet
  facet normal 0 0 1
    outer loop
      vertex 21.354 -33.3651 4.4
      vertex 21.2326 -33.3225 4.4
      vertex 15.915 -33.0947 4.4
    endloop
  endfacet
  facet normal 0 0 1
    outer loop
      vertex 15.603 -33.1735 4.4
      vertex 21.8467 -33.5399 4.4
      vertex 21.6938 -33.4867 4.4
    endloop
  endfacet
  facet normal -0 0 1
    outer loop
      vertex 15.4475 -33.2099 4.4
      vertex 21.8467 -33.5399 4.4
      vertex 15.603 -33.1735 4.4
    endloop
  endfacet
  facet normal -0 0 1
    outer loop
      vertex 15.2902 -33.2447 4.4
      vertex 21.9893 -33.5883 4.4
      vertex 15.4475 -33.2099 4.4
    endloop
  endfacet
  facet normal 0 0 1
    outer loop
      vertex 22.1225 -33.6321 4.4
      vertex 21.9893 -33.5883 4.4
      vertex 15.2902 -33.2447 4.4
    endloop
  endfacet
  facet normal 0 0 1
    outer loop
      vertex 22.2473 -33.6715 4.4
      vertex 22.1225 -33.6321 4.4
      vertex 15.1295 -33.2784 4.4
    endloop
  endfacet
  facet normal -0 0 1
    outer loop
      vertex 14.792 -33.3436 4.4
      vertex 22.3644 -33.7068 4.4
      vertex 14.964 -33.3112 4.4
    endloop
  endfacet
  facet normal 0 0 1
    outer loop
      vertex 22.4748 -33.7382 4.4
      vertex 22.3644 -33.7068 4.4
      vertex 14.792 -33.3436 4.4
    endloop
  endfacet
  facet normal 0 0 1
    outer loop
      vertex 22.4748 -33.7382 4.4
      vertex 14.792 -33.3436 4.4
      vertex 14.6119 -33.3757 4.4
    endloop
  endfacet
  facet normal 0 0 1
    outer loop
      vertex 22.4748 -33.7382 4.4
      vertex 14.6119 -33.3757 4.4
      vertex 22.5792 -33.7659 4.4
    endloop
  endfacet
  facet normal 0 0 1
    outer loop
      vertex 14.6119 -33.3757 4.4
      vertex 14.4224 -33.408 4.4
      vertex 22.5792 -33.7659 4.4
    endloop
  endfacet
  facet normal 0 0 1
    outer loop
      vertex 14.4224 -33.408 4.4
      vertex 14.2216 -33.4409 4.4
      vertex 22.5792 -33.7659 4.4
    endloop
  endfacet
  facet normal 0 0 1
    outer loop
      vertex 14.2216 -33.4409 4.4
      vertex 22.6785 -33.79 4.4
      vertex 22.5792 -33.7659 4.4
    endloop
  endfacet
  facet normal 0 0 1
    outer loop
      vertex 14.0082 -33.4745 4.4
      vertex 13.7806 -33.5094 4.4
      vertex 22.6785 -33.79 4.4
    endloop
  endfacet
  facet normal 0 0 1
    outer loop
      vertex 13.7806 -33.5094 4.4
      vertex 22.7737 -33.8108 4.4
      vertex 22.6785 -33.79 4.4
    endloop
  endfacet
  facet normal 0 0 1
    outer loop
      vertex 11.5553 -33.9461 4.4
      vertex 13.4077 -33.5648 4.4
      vertex 13.2786 -33.5843 4.4
    endloop
  endfacet
  facet normal 0 0 1
    outer loop
      vertex 11.867 -33.8491 4.4
      vertex 11.7968 -33.867 4.4
      vertex 11.6019 -33.9297 4.4
    endloop
  endfacet
  facet normal 0 0 1
    outer loop
      vertex 11.7347 -33.8842 4.4
      vertex 11.6812 -33.9004 4.4
      vertex 11.6019 -33.9297 4.4
    endloop
  endfacet
  facet normal 0 0 1
    outer loop
      vertex 11.6812 -33.9004 4.4
      vertex 11.6368 -33.9156 4.4
      vertex 11.6019 -33.9297 4.4
    endloop
  endfacet
  facet normal -0 0 1
    outer loop
      vertex 11.867 -33.8491 4.4
      vertex 11.6019 -33.9297 4.4
      vertex 11.9446 -33.8304 4.4
    endloop
  endfacet
  facet normal -0 0 1
    outer loop
      vertex 11.6019 -33.9297 4.4
      vertex 11.5553 -33.9461 4.4
      vertex 11.9446 -33.8304 4.4
    endloop
  endfacet
  facet normal 0 0 1
    outer loop
      vertex 11.5553 -33.9461 4.4
      vertex 12.0293 -33.8112 4.4
      vertex 11.9446 -33.8304 4.4
    endloop
  endfacet
  facet normal 0 0 1
    outer loop
      vertex 12.1206 -33.7913 4.4
      vertex 12.0293 -33.8112 4.4
      vertex 11.5553 -33.9461 4.4
    endloop
  endfacet
  facet normal -0 0 1
    outer loop
      vertex 12.1206 -33.7913 4.4
      vertex 11.5553 -33.9461 4.4
      vertex 12.2178 -33.7711 4.4
    endloop
  endfacet
  facet normal 0 0 1
    outer loop
      vertex 11.5553 -33.9461 4.4
      vertex 12.3205 -33.7505 4.4
      vertex 12.2178 -33.7711 4.4
    endloop
  endfacet
  facet normal 0 0 1
    outer loop
      vertex 12.4282 -33.7296 4.4
      vertex 12.3205 -33.7505 4.4
      vertex 11.5553 -33.9461 4.4
    endloop
  endfacet
  facet normal -0 0 1
    outer loop
      vertex 12.4282 -33.7296 4.4
      vertex 11.5553 -33.9461 4.4
      vertex 12.5404 -33.7086 4.4
    endloop
  endfacet
  facet normal 0 0 1
    outer loop
      vertex 11.5553 -33.9461 4.4
      vertex 12.6565 -33.6875 4.4
      vertex 12.5404 -33.7086 4.4
    endloop
  endfacet
  facet normal 0 0 1
    outer loop
      vertex 12.7761 -33.6664 4.4
      vertex 12.6565 -33.6875 4.4
      vertex 11.5553 -33.9461 4.4
    endloop
  endfacet
  facet normal -0 0 1
    outer loop
      vertex 12.7761 -33.6664 4.4
      vertex 11.5553 -33.9461 4.4
      vertex 12.8986 -33.6455 4.4
    endloop
  endfacet
  facet normal 0 0 1
    outer loop
      vertex 11.5553 -33.9461 4.4
      vertex 13.0235 -33.6248 4.4
      vertex 12.8986 -33.6455 4.4
    endloop
  endfacet
  facet normal 0 0 1
    outer loop
      vertex 13.1504 -33.6043 4.4
      vertex 13.0235 -33.6248 4.4
      vertex 11.5553 -33.9461 4.4
    endloop
  endfacet
  facet normal -0 0 1
    outer loop
      vertex 13.1504 -33.6043 4.4
      vertex 11.5553 -33.9461 4.4
      vertex 13.2786 -33.5843 4.4
    endloop
  endfacet
  facet normal 0 0 1
    outer loop
      vertex 11.5553 -33.9461 4.4
      vertex 13.5372 -33.5458 4.4
      vertex 13.4077 -33.5648 4.4
    endloop
  endfacet
  facet normal 0 0 1
    outer loop
      vertex 11.4975 -33.9613 4.4
      vertex 13.5372 -33.5458 4.4
      vertex 11.5553 -33.9461 4.4
    endloop
  endfacet
  facet normal 0 0 1
    outer loop
      vertex 13.7806 -33.5094 4.4
      vertex 13.5372 -33.5458 4.4
      vertex 11.4975 -33.9613 4.4
    endloop
  endfacet
  facet normal 0 0 1
    outer loop
      vertex 13.7806 -33.5094 4.4
      vertex 11.4975 -33.9613 4.4
      vertex 22.7737 -33.8108 4.4
    endloop
  endfacet
  facet normal 0 0 1
    outer loop
      vertex 11.4975 -33.9613 4.4
      vertex 22.8655 -33.8286 4.4
      vertex 22.7737 -33.8108 4.4
    endloop
  endfacet
  facet normal 0 0 1
    outer loop
      vertex 11.4275 -33.9754 4.4
      vertex 22.8655 -33.8286 4.4
      vertex 11.4975 -33.9613 4.4
    endloop
  endfacet
  facet normal 0 0 1
    outer loop
      vertex 22.9549 -33.8434 4.4
      vertex 22.8655 -33.8286 4.4
      vertex 11.4275 -33.9754 4.4
    endloop
  endfacet
  facet normal 0 0 1
    outer loop
      vertex 22.9549 -33.8434 4.4
      vertex 11.4275 -33.9754 4.4
      vertex 23.0426 -33.8556 4.4
    endloop
  endfacet
  facet normal -0 0 1
    outer loop
      vertex 11.4275 -33.9754 4.4
      vertex 11.3445 -33.9885 4.4
      vertex 23.0426 -33.8556 4.4
    endloop
  endfacet
  facet normal -0 0 1
    outer loop
      vertex 11.3445 -33.9885 4.4
      vertex 25.2568 -34.2104 4.4
      vertex 23.0426 -33.8556 4.4
    endloop
  endfacet
  facet normal -0 0 1
    outer loop
      vertex 10.8653 -34.0309 4.4
      vertex -15.5862 -47.0853 4.4
      vertex 11.0089 -34.0217 4.4
    endloop
  endfacet
  facet normal 0 0 1
    outer loop
      vertex -15.5633 -47.0576 4.4
      vertex 6.06228 -34.1023 4.4
      vertex -15.5427 -47.0253 4.4
    endloop
  endfacet
  facet normal -0 0 1
    outer loop
      vertex -14.2024 -42.5515 4.4
      vertex -15.4677 -46.6322 4.4
      vertex -14.1475 -42.4748 4.4
    endloop
  endfacet
  facet normal -0 0 1
    outer loop
      vertex -15.4696 -46.5696 4.4
      vertex -15.4677 -46.6322 4.4
      vertex -14.2592 -42.6287 4.4
    endloop
  endfacet
  facet normal 0 0 1
    outer loop
      vertex -6.7044 -37.6564 4.4
      vertex -6.55189 -37.5971 4.4
      vertex -6.59308 -37.611 4.4
    endloop
  endfacet
  facet normal 0 0 1
    outer loop
      vertex -15.6621 -44.6391 4.4
      vertex -15.7373 -45.3954 4.4
      vertex -15.7172 -45.5251 4.4
    endloop
  endfacet
  facet normal 0 0 1
    outer loop
      vertex -15.7259 -44.8914 4.4
      vertex -15.7503 -45.1417 4.4
      vertex -15.7484 -45.2678 4.4
    endloop
  endfacet
  facet normal 0 0 1
    outer loop
      vertex -15.477 -46.8043 4.4
      vertex -9.79002 -39.0903 4.4
      vertex -9.96475 -39.1548 4.4
    endloop
  endfacet
  facet normal 0 0 1
    outer loop
      vertex -15.4958 -46.9038 4.4
      vertex -9.11331 -38.823 4.4
      vertex -9.22012 -38.8679 4.4
    endloop
  endfacet
  facet normal -0 0 1
    outer loop
      vertex -8.56057 -38.5789 4.4
      vertex -15.509 -46.9482 4.4
      vertex -8.45003 -38.5278 4.4
    endloop
  endfacet
  facet normal -0 0 1
    outer loop
      vertex -8.12799 -38.3738 4.4
      vertex -15.509 -46.9482 4.4
      vertex -8.02562 -38.323 4.4
    endloop
  endfacet
  facet normal 0 0 1
    outer loop
      vertex -15.5427 -47.0253 4.4
      vertex -6.46561 -37.557 4.4
      vertex -15.5246 -46.9888 4.4
    endloop
  endfacet
  facet normal 0 0 1
    outer loop
      vertex 5.00193 -34.1216 4.4
      vertex 4.76338 -34.1273 4.4
      vertex -5.26528 -36.9143 4.4
    endloop
  endfacet
  facet normal 0 0 1
    outer loop
      vertex -5.26528 -36.9143 4.4
      vertex 4.53771 -34.1334 4.4
      vertex -4.99548 -36.7649 4.4
    endloop
  endfacet
  facet normal 0 0 1
    outer loop
      vertex -4.99548 -36.7649 4.4
      vertex 3.05972 -34.229 4.4
      vertex 2.99979 -34.2343 4.4
    endloop
  endfacet
  facet normal 0 0 1
    outer loop
      vertex -4.71832 -36.6103 4.4
      vertex 2.99979 -34.2343 4.4
      vertex 2.9378 -34.2388 4.4
    endloop
  endfacet
  facet normal 0 0 1
    outer loop
      vertex -4.43853 -36.4532 4.4
      vertex 2.9378 -34.2388 4.4
      vertex 2.87405 -34.2425 4.4
    endloop
  endfacet
  facet normal -0 0 1
    outer loop
      vertex 2.67518 -34.2487 4.4
      vertex -3.88993 -36.1423 4.4
      vertex 2.74243 -34.2475 4.4
    endloop
  endfacet
  facet normal 0 0 1
    outer loop
      vertex 2.53925 -34.2487 4.4
      vertex 2.47119 -34.2474 4.4
      vertex -3.16521 -35.7233 4.4
    endloop
  endfacet
  facet normal 0 0 1
    outer loop
      vertex -3.63055 -35.9937 4.4
      vertex 2.60735 -34.2492 4.4
      vertex -3.38741 -35.8531 4.4
    endloop
  endfacet
  facet normal 0 0 1
    outer loop
      vertex -4.43853 -36.4532 4.4
      vertex 2.87405 -34.2425 4.4
      vertex -4.16083 -36.2963 4.4
    endloop
  endfacet
  facet normal 0 0 1
    outer loop
      vertex 4.32605 -34.1399 4.4
      vertex 3.11729 -34.223 4.4
      vertex 3.05972 -34.229 4.4
    endloop
  endfacet
  facet normal 0 0 1
    outer loop
      vertex 4.12953 -34.1466 4.4
      vertex 3.94927 -34.1536 4.4
      vertex 3.11729 -34.223 4.4
    endloop
  endfacet
  facet normal 0 0 1
    outer loop
      vertex 3.17219 -34.2163 4.4
      vertex 3.78643 -34.1609 4.4
      vertex 3.64211 -34.1684 4.4
    endloop
  endfacet
  facet normal 0 0 1
    outer loop
      vertex 3.22414 -34.2089 4.4
      vertex 3.64211 -34.1684 4.4
      vertex 3.51746 -34.1762 4.4
    endloop
  endfacet
  facet normal -0 0 1
    outer loop
      vertex 3.33169 -34.1924 4.4
      vertex 3.27282 -34.2008 4.4
      vertex 3.41361 -34.1842 4.4
    endloop
  endfacet
  facet normal -0 0 1
    outer loop
      vertex 3.27282 -34.2008 4.4
      vertex 3.22414 -34.2089 4.4
      vertex 3.41361 -34.1842 4.4
    endloop
  endfacet
  facet normal 0 0 1
    outer loop
      vertex 3.22414 -34.2089 4.4
      vertex 3.51746 -34.1762 4.4
      vertex 3.41361 -34.1842 4.4
    endloop
  endfacet
  facet normal 0 0 1
    outer loop
      vertex 3.17219 -34.2163 4.4
      vertex 3.64211 -34.1684 4.4
      vertex 3.22414 -34.2089 4.4
    endloop
  endfacet
  facet normal 0 0 1
    outer loop
      vertex 3.94927 -34.1536 4.4
      vertex 3.78643 -34.1609 4.4
      vertex 3.17219 -34.2163 4.4
    endloop
  endfacet
  facet normal 0 0 1
    outer loop
      vertex 3.94927 -34.1536 4.4
      vertex 3.17219 -34.2163 4.4
      vertex 3.11729 -34.223 4.4
    endloop
  endfacet
  facet normal -0 0 1
    outer loop
      vertex 4.12953 -34.1466 4.4
      vertex 3.11729 -34.223 4.4
      vertex 4.32605 -34.1399 4.4
    endloop
  endfacet
  facet normal -0 0 1
    outer loop
      vertex 4.32605 -34.1399 4.4
      vertex 3.05972 -34.229 4.4
      vertex 4.53771 -34.1334 4.4
    endloop
  endfacet
  facet normal 0 0 1
    outer loop
      vertex 2.67518 -34.2487 4.4
      vertex -3.63055 -35.9937 4.4
      vertex -3.88993 -36.1423 4.4
    endloop
  endfacet
  facet normal 0 0 1
    outer loop
      vertex 2.60735 -34.2492 4.4
      vertex 2.53925 -34.2487 4.4
      vertex -3.38741 -35.8531 4.4
    endloop
  endfacet
  facet normal 0 0 1
    outer loop
      vertex 2.53925 -34.2487 4.4
      vertex -3.16521 -35.7233 4.4
      vertex -3.38741 -35.8531 4.4
    endloop
  endfacet
  facet normal 0 0 1
    outer loop
      vertex 2.47119 -34.2474 4.4
      vertex 2.40345 -34.2452 4.4
      vertex -3.16521 -35.7233 4.4
    endloop
  endfacet
  facet normal 0 0 1
    outer loop
      vertex 2.40345 -34.2452 4.4
      vertex -2.96869 -35.6069 4.4
      vertex -3.16521 -35.7233 4.4
    endloop
  endfacet
  facet normal 0 0 1
    outer loop
      vertex -3.63055 -35.9937 4.4
      vertex 2.67518 -34.2487 4.4
      vertex 2.60735 -34.2492 4.4
    endloop
  endfacet
  facet normal 0 0 1
    outer loop
      vertex -2.96869 -35.6069 4.4
      vertex 2.40345 -34.2452 4.4
      vertex 2.33633 -34.242 4.4
    endloop
  endfacet
  facet normal 0 0 1
    outer loop
      vertex -2.96869 -35.6069 4.4
      vertex 2.33633 -34.242 4.4
      vertex -2.80255 -35.5064 4.4
    endloop
  endfacet
  facet normal 0 0 1
    outer loop
      vertex -3.88993 -36.1423 4.4
      vertex 2.80882 -34.2454 4.4
      vertex 2.74243 -34.2475 4.4
    endloop
  endfacet
  facet normal 0 0 1
    outer loop
      vertex -4.16083 -36.2963 4.4
      vertex 2.80882 -34.2454 4.4
      vertex -3.88993 -36.1423 4.4
    endloop
  endfacet
  facet normal 0 0 1
    outer loop
      vertex -2.80255 -35.5064 4.4
      vertex 2.33633 -34.242 4.4
      vertex 2.27015 -34.238 4.4
    endloop
  endfacet
  facet normal 0 0 1
    outer loop
      vertex -2.80255 -35.5064 4.4
      vertex 2.27015 -34.238 4.4
      vertex 2.20518 -34.233 4.4
    endloop
  endfacet
  facet normal 0 0 1
    outer loop
      vertex 2.87405 -34.2425 4.4
      vertex 2.80882 -34.2454 4.4
      vertex -4.16083 -36.2963 4.4
    endloop
  endfacet
  facet normal 0 0 1
    outer loop
      vertex 2.20518 -34.233 4.4
      vertex 2.14174 -34.227 4.4
      vertex -2.67152 -35.4245 4.4
    endloop
  endfacet
  facet normal 0 0 1
    outer loop
      vertex -2.67152 -35.4245 4.4
      vertex 2.08011 -34.22 4.4
      vertex -0.120476 -34.3329 4.4
    endloop
  endfacet
  facet normal 0 0 1
    outer loop
      vertex -2.58031 -35.3639 4.4
      vertex -0.608272 -34.4548 4.4
      vertex -0.848773 -34.5275 4.4
    endloop
  endfacet
  facet normal 0 0 1
    outer loop
      vertex -2.58031 -35.3639 4.4
      vertex -1.08588 -34.6077 4.4
      vertex -1.31877 -34.6953 4.4
    endloop
  endfacet
  facet normal -0 0 1
    outer loop
      vertex -1.98367 -35.0002 4.4
      vertex -2.58031 -35.3639 4.4
      vertex -1.7685 -34.8918 4.4
    endloop
  endfacet
  facet normal 0 0 1
    outer loop
      vertex -2.19126 -35.1151 4.4
      vertex -2.39042 -35.2364 4.4
      vertex -2.58031 -35.3639 4.4
    endloop
  endfacet
  facet normal 0 0 1
    outer loop
      vertex -2.58031 -35.3639 4.4
      vertex -0.848773 -34.5275 4.4
      vertex -1.08588 -34.6077 4.4
    endloop
  endfacet
  facet normal 0 0 1
    outer loop
      vertex -0.365228 -34.3899 4.4
      vertex -0.608272 -34.4548 4.4
      vertex -2.67152 -35.4245 4.4
    endloop
  endfacet
  facet normal 0 0 1
    outer loop
      vertex 2.08011 -34.22 4.4
      vertex 0.370792 -34.2437 4.4
      vertex 0.125145 -34.2841 4.4
    endloop
  endfacet
  facet normal 0 0 1
    outer loop
      vertex 0.858818 -34.1888 4.4
      vertex 0.615634 -34.2118 4.4
      vertex 2.08011 -34.22 4.4
    endloop
  endfacet
  facet normal -0 0 1
    outer loop
      vertex 1.09952 -34.1746 4.4
      vertex 2.08011 -34.22 4.4
      vertex 1.33689 -34.1697 4.4
    endloop
  endfacet
  facet normal 0 0 1
    outer loop
      vertex 2.08011 -34.22 4.4
      vertex 1.57008 -34.1742 4.4
      vertex 1.33689 -34.1697 4.4
    endloop
  endfacet
  facet normal 0 0 1
    outer loop
      vertex 2.02061 -34.212 4.4
      vertex 1.79827 -34.1882 4.4
      vertex 1.57008 -34.1742 4.4
    endloop
  endfacet
  facet normal 0 0 1
    outer loop
      vertex 2.02061 -34.212 4.4
      vertex 1.57008 -34.1742 4.4
      vertex 2.08011 -34.22 4.4
    endloop
  endfacet
  facet normal -0 0 1
    outer loop
      vertex 0.858818 -34.1888 4.4
      vertex 2.08011 -34.22 4.4
      vertex 1.09952 -34.1746 4.4
    endloop
  endfacet
  facet normal 0 0 1
    outer loop
      vertex 0.615634 -34.2118 4.4
      vertex 0.370792 -34.2437 4.4
      vertex 2.08011 -34.22 4.4
    endloop
  endfacet
  facet normal 0 0 1
    outer loop
      vertex 2.08011 -34.22 4.4
      vertex 0.125145 -34.2841 4.4
      vertex -0.120476 -34.3329 4.4
    endloop
  endfacet
  facet normal -0 0 1
    outer loop
      vertex -0.365228 -34.3899 4.4
      vertex -2.67152 -35.4245 4.4
      vertex -0.120476 -34.3329 4.4
    endloop
  endfacet
  facet normal 0 0 1
    outer loop
      vertex -1.54659 -34.7901 4.4
      vertex -1.7685 -34.8918 4.4
      vertex -2.58031 -35.3639 4.4
    endloop
  endfacet
  facet normal -0 0 1
    outer loop
      vertex -2.19126 -35.1151 4.4
      vertex -2.58031 -35.3639 4.4
      vertex -1.98367 -35.0002 4.4
    endloop
  endfacet
  facet normal 0 0 1
    outer loop
      vertex -2.58031 -35.3639 4.4
      vertex -1.31877 -34.6953 4.4
      vertex -1.54659 -34.7901 4.4
    endloop
  endfacet
  facet normal 0 0 1
    outer loop
      vertex -2.67152 -35.4245 4.4
      vertex -0.608272 -34.4548 4.4
      vertex -2.58031 -35.3639 4.4
    endloop
  endfacet
  facet normal 0 0 1
    outer loop
      vertex 2.14174 -34.227 4.4
      vertex 2.08011 -34.22 4.4
      vertex -2.67152 -35.4245 4.4
    endloop
  endfacet
  facet normal 0 0 1
    outer loop
      vertex 2.20518 -34.233 4.4
      vertex -2.67152 -35.4245 4.4
      vertex -2.80255 -35.5064 4.4
    endloop
  endfacet
  facet normal 0 0 1
    outer loop
      vertex -4.71832 -36.6103 4.4
      vertex 2.9378 -34.2388 4.4
      vertex -4.43853 -36.4532 4.4
    endloop
  endfacet
  facet normal 0 0 1
    outer loop
      vertex -4.99548 -36.7649 4.4
      vertex 2.99979 -34.2343 4.4
      vertex -4.71832 -36.6103 4.4
    endloop
  endfacet
  facet normal 0 0 1
    outer loop
      vertex 4.53771 -34.1334 4.4
      vertex 3.05972 -34.229 4.4
      vertex -4.99548 -36.7649 4.4
    endloop
  endfacet
  facet normal 0 0 1
    outer loop
      vertex 4.76338 -34.1273 4.4
      vertex 4.53771 -34.1334 4.4
      vertex -5.26528 -36.9143 4.4
    endloop
  endfacet
  facet normal 0 0 1
    outer loop
      vertex -6.33897 -37.4933 4.4
      vertex -6.46561 -37.557 4.4
      vertex -15.5427 -47.0253 4.4
    endloop
  endfacet
  facet normal -0 0 1
    outer loop
      vertex -7.65199 -38.1303 4.4
      vertex -15.5246 -46.9888 4.4
      vertex -7.5646 -38.0858 4.4
    endloop
  endfacet
  facet normal 0 0 1
    outer loop
      vertex -15.5246 -46.9888 4.4
      vertex -7.92664 -38.2729 4.4
      vertex -8.02562 -38.323 4.4
    endloop
  endfacet
  facet normal 0 0 1
    outer loop
      vertex -7.53573 -37.3152 4.4
      vertex -7.48214 -37.2968 4.4
      vertex -7.22393 -37.1805 4.4
    endloop
  endfacet
  facet normal 0 0 1
    outer loop
      vertex -8.2332 -38.425 4.4
      vertex -8.34072 -38.4764 4.4
      vertex -15.509 -46.9482 4.4
    endloop
  endfacet
  facet normal 0 -0 1
    outer loop
      vertex -6.33801 -36.5182 4.4
      vertex -6.28709 -36.4833 4.4
      vertex -7.11924 -25.3198 4.4
    endloop
  endfacet
  facet normal -0 0 1
    outer loop
      vertex -8.67183 -38.6296 4.4
      vertex -15.509 -46.9482 4.4
      vertex -8.56057 -38.5789 4.4
    endloop
  endfacet
  facet normal 0 0 1
    outer loop
      vertex -8.89434 -38.7286 4.4
      vertex -9.00454 -38.7765 4.4
      vertex -15.4958 -46.9038 4.4
    endloop
  endfacet
  facet normal -0 0 1
    outer loop
      vertex -8.78327 -38.6796 4.4
      vertex -15.4958 -46.9038 4.4
      vertex -8.67183 -38.6296 4.4
    endloop
  endfacet
  facet normal -0 0 1
    outer loop
      vertex -9.61712 -39.0266 4.4
      vertex -15.4851 -46.8557 4.4
      vertex -9.52348 -38.9905 4.4
    endloop
  endfacet
  facet normal -0 0 1
    outer loop
      vertex -9.70615 -39.06 4.4
      vertex -15.4851 -46.8557 4.4
      vertex -9.61712 -39.0266 4.4
    endloop
  endfacet
  facet normal 0 0 1
    outer loop
      vertex -15.4713 -46.7498 4.4
      vertex -10.721 -39.4697 4.4
      vertex -10.9178 -39.5593 4.4
    endloop
  endfacet
  facet normal 0 -0 1
    outer loop
      vertex -7.02309 -37.0557 4.4
      vertex -6.97284 -37.0198 4.4
      vertex -7.75992 -37.3739 4.4
    endloop
  endfacet
  facet normal 0 0 1
    outer loop
      vertex -10.526 -39.3838 4.4
      vertex -10.721 -39.4697 4.4
      vertex -15.4713 -46.7498 4.4
    endloop
  endfacet
  facet normal 0 0 1
    outer loop
      vertex -7.7022 -37.3614 4.4
      vertex -7.07322 -37.0898 4.4
      vertex -7.02309 -37.0557 4.4
    endloop
  endfacet
  facet normal 0 0 1
    outer loop
      vertex -14.9802 -43.5069 4.4
      vertex -15.5362 -46.1553 4.4
      vertex -15.5185 -46.2278 4.4
    endloop
  endfacet
  facet normal 0 -0 1
    outer loop
      vertex -18.2405 -41.631 4.4
      vertex -18.176 -41.5634 4.4
      vertex -19.6464 -42.2183 4.4
    endloop
  endfacet
  facet normal 0 0 1
    outer loop
      vertex -10.3341 -39.3022 4.4
      vertex -10.526 -39.3838 4.4
      vertex -15.477 -46.8043 4.4
    endloop
  endfacet
  facet normal 0 0 1
    outer loop
      vertex -14.7664 -40.1546 4.4
      vertex -14.6777 -40.1017 4.4
      vertex -14.5996 -40.0502 4.4
    endloop
  endfacet
  facet normal 0 0 1
    outer loop
      vertex -7.02143 -37.811 4.4
      vertex -6.55189 -37.5971 4.4
      vertex -6.95713 -37.779 4.4
    endloop
  endfacet
  facet normal 0 -0 1
    outer loop
      vertex -13.5784 -39.6443 4.4
      vertex -13.4975 -39.6358 4.4
      vertex -13.9767 -24.7516 4.4
    endloop
  endfacet
  facet normal 0 0 1
    outer loop
      vertex -6.55189 -37.5971 4.4
      vertex -6.8414 -37.722 4.4
      vertex -6.89702 -37.7493 4.4
    endloop
  endfacet
  facet normal 0 0 1
    outer loop
      vertex -13.7934 -39.6761 4.4
      vertex -14.1716 -24.7406 4.4
      vertex -14.2532 -24.7318 4.4
    endloop
  endfacet
  facet normal -0 0 1
    outer loop
      vertex -6.79056 -37.6973 4.4
      vertex -6.8414 -37.722 4.4
      vertex -6.55189 -37.5971 4.4
    endloop
  endfacet
  facet normal 0 -0 1
    outer loop
      vertex -14.8649 -40.2084 4.4
      vertex -14.5358 -40.0061 4.4
      vertex -14.9727 -40.2631 4.4
    endloop
  endfacet
  facet normal 0 0 1
    outer loop
      vertex -6.55189 -37.5971 4.4
      vertex -6.89702 -37.7493 4.4
      vertex -6.95713 -37.779 4.4
    endloop
  endfacet
  facet normal 0 0 1
    outer loop
      vertex -11.816 -39.2997 4.4
      vertex -11.6389 -39.2359 4.4
      vertex -9.99083 -38.0746 4.4
    endloop
  endfacet
  facet normal 0 0 1
    outer loop
      vertex -6.55189 -37.5971 4.4
      vertex -6.7448 -37.6754 4.4
      vertex -6.79056 -37.6973 4.4
    endloop
  endfacet
  facet normal 0 -0 1
    outer loop
      vertex -10.8446 -38.8615 4.4
      vertex -10.0877 -38.1904 4.4
      vertex -10.9886 -38.9427 4.4
    endloop
  endfacet
  facet normal -0 0 1
    outer loop
      vertex -6.7044 -37.6564 4.4
      vertex -6.7448 -37.6754 4.4
      vertex -6.55189 -37.5971 4.4
    endloop
  endfacet
  facet normal -0 0 1
    outer loop
      vertex -7.02143 -37.811 4.4
      vertex -7.08964 -37.8452 4.4
      vertex -6.55189 -37.5971 4.4
    endloop
  endfacet
  facet normal 0 0 1
    outer loop
      vertex -6.66966 -37.6405 4.4
      vertex -6.59308 -37.611 4.4
      vertex -6.64086 -37.6278 4.4
    endloop
  endfacet
  facet normal 0 0 1
    outer loop
      vertex -6.7044 -37.6564 4.4
      vertex -6.59308 -37.611 4.4
      vertex -6.66966 -37.6405 4.4
    endloop
  endfacet
  facet normal 0 0 1
    outer loop
      vertex -6.55189 -37.5971 4.4
      vertex -7.16147 -37.8813 4.4
      vertex -7.23662 -37.9192 4.4
    endloop
  endfacet
  facet normal 0 0 1
    outer loop
      vertex -6.55189 -37.5971 4.4
      vertex -7.23662 -37.9192 4.4
      vertex -7.31479 -37.9588 4.4
    endloop
  endfacet
  facet normal 0 0 1
    outer loop
      vertex -6.59308 -37.611 4.4
      vertex -6.61831 -37.6186 4.4
      vertex -6.64086 -37.6278 4.4
    endloop
  endfacet
  facet normal -0 0 1
    outer loop
      vertex -6.60228 -37.613 4.4
      vertex -6.61831 -37.6186 4.4
      vertex -6.59308 -37.611 4.4
    endloop
  endfacet
  facet normal 0 0 1
    outer loop
      vertex -8.78327 -38.6796 4.4
      vertex -8.89434 -38.7286 4.4
      vertex -15.4958 -46.9038 4.4
    endloop
  endfacet
  facet normal 0 0 1
    outer loop
      vertex -15.4851 -46.8557 4.4
      vertex -9.42574 -38.9519 4.4
      vertex -9.52348 -38.9905 4.4
    endloop
  endfacet
  facet normal -0 0 1
    outer loop
      vertex -9.32444 -38.9109 4.4
      vertex -15.4851 -46.8557 4.4
      vertex -9.22012 -38.8679 4.4
    endloop
  endfacet
  facet normal -0 0 1
    outer loop
      vertex -7.74094 -38.1757 4.4
      vertex -7.83157 -38.2237 4.4
      vertex -7.65199 -38.1303 4.4
    endloop
  endfacet
  facet normal 0 0 1
    outer loop
      vertex -15.4713 -46.7498 4.4
      vertex -10.9178 -39.5593 4.4
      vertex -11.1149 -39.6518 4.4
    endloop
  endfacet
  facet normal 0 0 1
    outer loop
      vertex -10.8446 -38.8615 4.4
      vertex -10.7096 -38.7779 4.4
      vertex -10.0877 -38.1904 4.4
    endloop
  endfacet
  facet normal 0 0 1
    outer loop
      vertex -15.6509 -45.7935 4.4
      vertex -15.4891 -44.2458 4.4
      vertex -15.5574 -44.3798 4.4
    endloop
  endfacet
  facet normal 0 0 1
    outer loop
      vertex -14.4749 -39.9653 4.4
      vertex -15.6268 -40.5405 4.4
      vertex -15.4829 -40.4853 4.4
    endloop
  endfacet
  facet normal 0 -0 1
    outer loop
      vertex -15.6052 -45.9335 4.4
      vertex -15.4891 -44.2458 4.4
      vertex -15.6509 -45.7935 4.4
    endloop
  endfacet
  facet normal 0 -0 1
    outer loop
      vertex -14.4749 -39.9653 4.4
      vertex -14.4164 -39.9276 4.4
      vertex -15.6268 -40.5405 4.4
    endloop
  endfacet
  facet normal 0 0 1
    outer loop
      vertex -15.41 -44.1081 4.4
      vertex -15.4891 -44.2458 4.4
      vertex -15.6052 -45.9335 4.4
    endloop
  endfacet
  facet normal 0 0 1
    outer loop
      vertex -14.4749 -39.9653 4.4
      vertex -15.3448 -40.4297 4.4
      vertex -15.2133 -40.374 4.4
    endloop
  endfacet
  facet normal 0 0 1
    outer loop
      vertex -15.2182 -43.8189 4.4
      vertex -15.5795 -46.0079 4.4
      vertex -15.5565 -46.0819 4.4
    endloop
  endfacet
  facet normal 0 0 1
    outer loop
      vertex -15.0891 -40.3184 4.4
      vertex -14.9727 -40.2631 4.4
      vertex -14.5358 -40.0061 4.4
    endloop
  endfacet
  facet normal -0 0 1
    outer loop
      vertex -15.2182 -43.8189 4.4
      vertex -15.5565 -46.0819 4.4
      vertex -15.1051 -43.666 4.4
    endloop
  endfacet
  facet normal 0 0 1
    outer loop
      vertex -14.8649 -40.2084 4.4
      vertex -14.5996 -40.0502 4.4
      vertex -14.5358 -40.0061 4.4
    endloop
  endfacet
  facet normal -0 0 1
    outer loop
      vertex -14.9802 -43.5069 4.4
      vertex -15.5185 -46.2278 4.4
      vertex -14.8435 -43.3407 4.4
    endloop
  endfacet
  facet normal 0 0 1
    outer loop
      vertex -15.2133 -40.374 4.4
      vertex -15.0891 -40.3184 4.4
      vertex -14.5358 -40.0061 4.4
    endloop
  endfacet
  facet normal -0 0 1
    outer loop
      vertex -14.8435 -43.3407 4.4
      vertex -15.5035 -46.2993 4.4
      vertex -14.6945 -43.1669 4.4
    endloop
  endfacet
  facet normal 0 0 1
    outer loop
      vertex -14.4749 -39.9653 4.4
      vertex -15.4829 -40.4853 4.4
      vertex -15.3448 -40.4297 4.4
    endloop
  endfacet
  facet normal 0 0 1
    outer loop
      vertex -14.6945 -43.1669 4.4
      vertex -15.5035 -46.2993 4.4
      vertex -15.4911 -46.3694 4.4
    endloop
  endfacet
  facet normal 0 0 1
    outer loop
      vertex -9.1683 -24.7192 4.4
      vertex -8.57242 -37.5523 4.4
      vertex -7.55728 -25.1308 4.4
    endloop
  endfacet
  facet normal 0 -0 1
    outer loop
      vertex -15.4696 -46.5696 4.4
      vertex -14.3776 -42.784 4.4
      vertex -15.4742 -46.5048 4.4
    endloop
  endfacet
  facet normal 0 0 1
    outer loop
      vertex -15.776 -40.595 4.4
      vertex -15.6268 -40.5405 4.4
      vertex -14.4164 -39.9276 4.4
    endloop
  endfacet
  facet normal -0 0 1
    outer loop
      vertex -14.5649 -43.0157 4.4
      vertex -15.4814 -46.438 4.4
      vertex -14.5014 -42.9389 4.4
    endloop
  endfacet
  facet normal 0 -0 1
    outer loop
      vertex -18.176 -41.5634 4.4
      vertex -18.1375 -41.5218 4.4
      vertex -19.6464 -42.2183 4.4
    endloop
  endfacet
  facet normal -0 0 1
    outer loop
      vertex -15.4911 -46.3694 4.4
      vertex -15.4814 -46.438 4.4
      vertex -14.5649 -43.0157 4.4
    endloop
  endfacet
  facet normal 0 -0 1
    outer loop
      vertex -7.37721 -37.2553 4.4
      vertex -7.27461 -37.2072 4.4
      vertex -7.42933 -37.2768 4.4
    endloop
  endfacet
  facet normal -0 0 1
    outer loop
      vertex -14.5014 -42.9389 4.4
      vertex -15.4742 -46.5048 4.4
      vertex -14.4389 -42.8616 4.4
    endloop
  endfacet
  facet normal 0 -0 1
    outer loop
      vertex -11.1408 -39.021 4.4
      vertex -10.0386 -38.1294 4.4
      vertex -11.3005 -39.0963 4.4
    endloop
  endfacet
  facet normal 0 0 1
    outer loop
      vertex -14.3177 -42.7063 4.4
      vertex -14.3776 -42.784 4.4
      vertex -15.4696 -46.5696 4.4
    endloop
  endfacet
  facet normal 0 0 1
    outer loop
      vertex -9.99083 -38.0746 4.4
      vertex -11.6389 -39.2359 4.4
      vertex -11.4667 -39.168 4.4
    endloop
  endfacet
  facet normal 0 0 1
    outer loop
      vertex -15.4713 -46.7498 4.4
      vertex -13.9951 -42.2506 4.4
      vertex -14.0436 -42.3242 4.4
    endloop
  endfacet
  facet normal -0 0 1
    outer loop
      vertex -11.3112 -39.7466 4.4
      vertex -13.949 -42.1784 4.4
      vertex -11.1149 -39.6518 4.4
    endloop
  endfacet
  facet normal 0 0 1
    outer loop
      vertex -11.5052 -39.8429 4.4
      vertex -13.9055 -42.108 4.4
      vertex -13.949 -42.1784 4.4
    endloop
  endfacet
  facet normal 0 0 1
    outer loop
      vertex -11.6956 -39.9401 4.4
      vertex -11.8811 -40.0375 4.4
      vertex -13.8647 -42.0394 4.4
    endloop
  endfacet
  facet normal 0 0 1
    outer loop
      vertex -11.6956 -39.9401 4.4
      vertex -13.8647 -42.0394 4.4
      vertex -13.9055 -42.108 4.4
    endloop
  endfacet
  facet normal 0 0 1
    outer loop
      vertex -12.2321 -40.2299 4.4
      vertex -12.3949 -40.3236 4.4
      vertex -13.7606 -41.8473 4.4
    endloop
  endfacet
  facet normal 0 0 1
    outer loop
      vertex -12.3949 -40.3236 4.4
      vertex -13.7325 -41.7885 4.4
      vertex -13.7606 -41.8473 4.4
    endloop
  endfacet
  facet normal 0 0 1
    outer loop
      vertex -12.6885 -40.5025 4.4
      vertex -13.7079 -41.7327 4.4
      vertex -13.7325 -41.7885 4.4
    endloop
  endfacet
  facet normal -0 0 1
    outer loop
      vertex -13.6362 -41.5767 4.4
      vertex -13.7079 -41.7327 4.4
      vertex -13.6093 -41.5237 4.4
    endloop
  endfacet
  facet normal 0 0 1
    outer loop
      vertex -13.5519 -41.4175 4.4
      vertex -12.6885 -40.5025 4.4
      vertex -13.5217 -41.3647 4.4
    endloop
  endfacet
  facet normal 0 0 1
    outer loop
      vertex -12.8166 -40.5863 4.4
      vertex -13.4269 -41.2105 4.4
      vertex -13.4591 -41.261 4.4
    endloop
  endfacet
  facet normal 0 0 1
    outer loop
      vertex -13.3288 -41.0669 4.4
      vertex -12.9305 -40.6654 4.4
      vertex -13.2961 -41.0224 4.4
    endloop
  endfacet
  facet normal 0 0 1
    outer loop
      vertex -12.9305 -40.6654 4.4
      vertex -13.2637 -40.98 4.4
      vertex -13.2961 -41.0224 4.4
    endloop
  endfacet
  facet normal -0 0 1
    outer loop
      vertex -13.2001 -40.9023 4.4
      vertex -13.2316 -40.9399 4.4
      vertex -13.0288 -40.7391 4.4
    endloop
  endfacet
  facet normal 0 0 1
    outer loop
      vertex -13.0288 -40.7391 4.4
      vertex -13.1393 -40.8355 4.4
      vertex -13.1693 -40.8675 4.4
    endloop
  endfacet
  facet normal 0 0 1
    outer loop
      vertex -12.9305 -40.6654 4.4
      vertex -13.0288 -40.7391 4.4
      vertex -13.2637 -40.98 4.4
    endloop
  endfacet
  facet normal 0 0 1
    outer loop
      vertex -12.8166 -40.5863 4.4
      vertex -12.9305 -40.6654 4.4
      vertex -13.3944 -41.1611 4.4
    endloop
  endfacet
  facet normal 0 0 1
    outer loop
      vertex -12.6885 -40.5025 4.4
      vertex -13.5519 -41.4175 4.4
      vertex -13.5812 -41.4706 4.4
    endloop
  endfacet
  facet normal 0 0 1
    outer loop
      vertex -12.6885 -40.5025 4.4
      vertex -13.5812 -41.4706 4.4
      vertex -13.6093 -41.5237 4.4
    endloop
  endfacet
  facet normal 0 0 1
    outer loop
      vertex -13.8269 -41.973 4.4
      vertex -12.0604 -40.1343 4.4
      vertex -13.7922 -41.9089 4.4
    endloop
  endfacet
  facet normal -0 0 1
    outer loop
      vertex -12.5475 -40.4147 4.4
      vertex -13.7325 -41.7885 4.4
      vertex -12.3949 -40.3236 4.4
    endloop
  endfacet
  facet normal 0 0 1
    outer loop
      vertex -13.7079 -41.7327 4.4
      vertex -13.6362 -41.5767 4.4
      vertex -13.6617 -41.6294 4.4
    endloop
  endfacet
  facet normal 0 0 1
    outer loop
      vertex -12.8166 -40.5863 4.4
      vertex -13.4591 -41.261 4.4
      vertex -13.4907 -41.3125 4.4
    endloop
  endfacet
  facet normal 0 0 1
    outer loop
      vertex -12.9305 -40.6654 4.4
      vertex -13.3288 -41.0669 4.4
      vertex -13.3616 -41.1132 4.4
    endloop
  endfacet
  facet normal 0 0 1
    outer loop
      vertex -18.3058 -41.6948 4.4
      vertex -19.6464 -42.2183 4.4
      vertex -19.563 -42.2199 4.4
    endloop
  endfacet
  facet normal 0 0 1
    outer loop
      vertex -13.0288 -40.7391 4.4
      vertex -13.1693 -40.8675 4.4
      vertex -13.2001 -40.9023 4.4
    endloop
  endfacet
  facet normal 0 0 1
    outer loop
      vertex -13.6543 -39.6538 4.4
      vertex -14.0799 -24.7471 4.4
      vertex -13.7259 -39.6643 4.4
    endloop
  endfacet
  facet normal -0 0 1
    outer loop
      vertex -13.1103 -40.8068 4.4
      vertex -13.1393 -40.8355 4.4
      vertex -13.0288 -40.7391 4.4
    endloop
  endfacet
  facet normal 0 -0 1
    outer loop
      vertex -18.372 -41.755 4.4
      vertex -18.3058 -41.6948 4.4
      vertex -19.563 -42.2199 4.4
    endloop
  endfacet
  facet normal -0 0 1
    outer loop
      vertex -13.2316 -40.9399 4.4
      vertex -13.2637 -40.98 4.4
      vertex -13.0288 -40.7391 4.4
    endloop
  endfacet
  facet normal 0 -0 1
    outer loop
      vertex -19.4808 -42.218 4.4
      vertex -18.372 -41.755 4.4
      vertex -19.563 -42.2199 4.4
    endloop
  endfacet
  facet normal -0 0 1
    outer loop
      vertex -13.3616 -41.1132 4.4
      vertex -13.3944 -41.1611 4.4
      vertex -12.9305 -40.6654 4.4
    endloop
  endfacet
  facet normal 0 0 1
    outer loop
      vertex -19.4808 -42.218 4.4
      vertex -19.3996 -42.2124 4.4
      vertex -18.4391 -41.8114 4.4
    endloop
  endfacet
  facet normal -0 0 1
    outer loop
      vertex -13.3944 -41.1611 4.4
      vertex -13.4269 -41.2105 4.4
      vertex -12.8166 -40.5863 4.4
    endloop
  endfacet
  facet normal 0 0 1
    outer loop
      vertex -10.4699 -38.6044 4.4
      vertex -10.3668 -38.5152 4.4
      vertex -10.1401 -38.2582 4.4
    endloop
  endfacet
  facet normal 0 0 1
    outer loop
      vertex -13.5217 -41.3647 4.4
      vertex -12.8166 -40.5863 4.4
      vertex -13.4907 -41.3125 4.4
    endloop
  endfacet
  facet normal 0 0 1
    outer loop
      vertex -12.6885 -40.5025 4.4
      vertex -12.8166 -40.5863 4.4
      vertex -13.5217 -41.3647 4.4
    endloop
  endfacet
  facet normal 0 0 1
    outer loop
      vertex -13.6617 -41.6294 4.4
      vertex -13.6857 -41.6815 4.4
      vertex -13.7079 -41.7327 4.4
    endloop
  endfacet
  facet normal -0 0 1
    outer loop
      vertex -13.6093 -41.5237 4.4
      vertex -13.7079 -41.7327 4.4
      vertex -12.6885 -40.5025 4.4
    endloop
  endfacet
  facet normal -0 0 1
    outer loop
      vertex -12.6885 -40.5025 4.4
      vertex -13.7325 -41.7885 4.4
      vertex -12.5475 -40.4147 4.4
    endloop
  endfacet
  facet normal 0 0 1
    outer loop
      vertex -12.2321 -40.2299 4.4
      vertex -13.7606 -41.8473 4.4
      vertex -13.7922 -41.9089 4.4
    endloop
  endfacet
  facet normal -0 0 1
    outer loop
      vertex -12.2321 -40.2299 4.4
      vertex -13.7922 -41.9089 4.4
      vertex -12.0604 -40.1343 4.4
    endloop
  endfacet
  facet normal -0 0 1
    outer loop
      vertex -12.0604 -40.1343 4.4
      vertex -13.8269 -41.973 4.4
      vertex -11.8811 -40.0375 4.4
    endloop
  endfacet
  facet normal -0 0 1
    outer loop
      vertex -13.8269 -41.973 4.4
      vertex -13.8647 -42.0394 4.4
      vertex -11.8811 -40.0375 4.4
    endloop
  endfacet
  facet normal -0 0 1
    outer loop
      vertex -11.6956 -39.9401 4.4
      vertex -13.9055 -42.108 4.4
      vertex -11.5052 -39.8429 4.4
    endloop
  endfacet
  facet normal -0 0 1
    outer loop
      vertex -11.5052 -39.8429 4.4
      vertex -13.949 -42.1784 4.4
      vertex -11.3112 -39.7466 4.4
    endloop
  endfacet
  facet normal -0 0 1
    outer loop
      vertex -13.949 -42.1784 4.4
      vertex -13.9951 -42.2506 4.4
      vertex -11.1149 -39.6518 4.4
    endloop
  endfacet
  facet normal 0 0 1
    outer loop
      vertex -15.4677 -46.6322 4.4
      vertex -14.2024 -42.5515 4.4
      vertex -14.2592 -42.6287 4.4
    endloop
  endfacet
  facet normal 0 0 1
    outer loop
      vertex -15.4742 -46.5048 4.4
      vertex -14.3776 -42.784 4.4
      vertex -14.4389 -42.8616 4.4
    endloop
  endfacet
  facet normal 0 -0 1
    outer loop
      vertex -15.4742 -46.5048 4.4
      vertex -14.5014 -42.9389 4.4
      vertex -15.4814 -46.438 4.4
    endloop
  endfacet
  facet normal 0 0 1
    outer loop
      vertex -15.4911 -46.3694 4.4
      vertex -14.5649 -43.0157 4.4
      vertex -14.6294 -43.0918 4.4
    endloop
  endfacet
  facet normal -0 0 1
    outer loop
      vertex -14.6945 -43.1669 4.4
      vertex -15.4911 -46.3694 4.4
      vertex -14.6294 -43.0918 4.4
    endloop
  endfacet
  facet normal -0 0 1
    outer loop
      vertex -15.5185 -46.2278 4.4
      vertex -15.5035 -46.2993 4.4
      vertex -14.8435 -43.3407 4.4
    endloop
  endfacet
  facet normal -0 0 1
    outer loop
      vertex -15.1051 -43.666 4.4
      vertex -15.5362 -46.1553 4.4
      vertex -14.9802 -43.5069 4.4
    endloop
  endfacet
  facet normal -0 0 1
    outer loop
      vertex -15.5565 -46.0819 4.4
      vertex -15.5362 -46.1553 4.4
      vertex -15.1051 -43.666 4.4
    endloop
  endfacet
  facet normal 0 0 1
    outer loop
      vertex -15.3197 -43.966 4.4
      vertex -15.41 -44.1081 4.4
      vertex -15.5795 -46.0079 4.4
    endloop
  endfacet
  facet normal -0 0 1
    outer loop
      vertex -15.3197 -43.966 4.4
      vertex -15.5795 -46.0079 4.4
      vertex -15.2182 -43.8189 4.4
    endloop
  endfacet
  facet normal 0 -0 1
    outer loop
      vertex -15.6509 -45.7935 4.4
      vertex -15.5574 -44.3798 4.4
      vertex -15.6883 -45.6576 4.4
    endloop
  endfacet
  facet normal 0 -0 1
    outer loop
      vertex -15.6883 -45.6576 4.4
      vertex -15.615 -44.5107 4.4
      vertex -15.7172 -45.5251 4.4
    endloop
  endfacet
  facet normal 0 0 1
    outer loop
      vertex -15.7172 -45.5251 4.4
      vertex -15.615 -44.5107 4.4
      vertex -15.6621 -44.6391 4.4
    endloop
  endfacet
  facet normal -0 0 1
    outer loop
      vertex -15.7259 -44.8914 4.4
      vertex -15.7484 -45.2678 4.4
      vertex -15.699 -44.7658 4.4
    endloop
  endfacet
  facet normal 0 0 1
    outer loop
      vertex -15.7503 -45.1417 4.4
      vertex -15.7259 -44.8914 4.4
      vertex -15.7429 -45.0164 4.4
    endloop
  endfacet
  facet normal -0 0 1
    outer loop
      vertex -15.7484 -45.2678 4.4
      vertex -15.7373 -45.3954 4.4
      vertex -15.699 -44.7658 4.4
    endloop
  endfacet
  facet normal 0 0 1
    outer loop
      vertex -15.7373 -45.3954 4.4
      vertex -15.6621 -44.6391 4.4
      vertex -15.699 -44.7658 4.4
    endloop
  endfacet
  facet normal -0 0 1
    outer loop
      vertex -15.615 -44.5107 4.4
      vertex -15.6883 -45.6576 4.4
      vertex -15.5574 -44.3798 4.4
    endloop
  endfacet
  facet normal 0 -0 1
    outer loop
      vertex -15.5795 -46.0079 4.4
      vertex -15.41 -44.1081 4.4
      vertex -15.6052 -45.9335 4.4
    endloop
  endfacet
  facet normal -0 0 1
    outer loop
      vertex -14.3177 -42.7063 4.4
      vertex -15.4696 -46.5696 4.4
      vertex -14.2592 -42.6287 4.4
    endloop
  endfacet
  facet normal 0 0 1
    outer loop
      vertex -14.1475 -42.4748 4.4
      vertex -15.4677 -46.6322 4.4
      vertex -15.4682 -46.6924 4.4
    endloop
  endfacet
  facet normal -0 0 1
    outer loop
      vertex -14.1475 -42.4748 4.4
      vertex -15.4682 -46.6924 4.4
      vertex -14.0945 -42.399 4.4
    endloop
  endfacet
  facet normal 0 0 1
    outer loop
      vertex -15.4682 -46.6924 4.4
      vertex -14.0436 -42.3242 4.4
      vertex -14.0945 -42.399 4.4
    endloop
  endfacet
  facet normal 0 0 1
    outer loop
      vertex -15.4713 -46.7498 4.4
      vertex -14.0436 -42.3242 4.4
      vertex -15.4682 -46.6924 4.4
    endloop
  endfacet
  facet normal 0 0 1
    outer loop
      vertex -11.1149 -39.6518 4.4
      vertex -13.9951 -42.2506 4.4
      vertex -15.4713 -46.7498 4.4
    endloop
  endfacet
  facet normal 0 0 1
    outer loop
      vertex -10.526 -39.3838 4.4
      vertex -15.4713 -46.7498 4.4
      vertex -15.477 -46.8043 4.4
    endloop
  endfacet
  facet normal -0 0 1
    outer loop
      vertex -10.3341 -39.3022 4.4
      vertex -15.477 -46.8043 4.4
      vertex -10.1465 -39.2256 4.4
    endloop
  endfacet
  facet normal 0 0 1
    outer loop
      vertex -15.477 -46.8043 4.4
      vertex -9.96475 -39.1548 4.4
      vertex -10.1465 -39.2256 4.4
    endloop
  endfacet
  facet normal 0 0 1
    outer loop
      vertex -9.70615 -39.06 4.4
      vertex -9.79002 -39.0903 4.4
      vertex -15.477 -46.8043 4.4
    endloop
  endfacet
  facet normal 0 0 1
    outer loop
      vertex -9.70615 -39.06 4.4
      vertex -15.477 -46.8043 4.4
      vertex -15.4851 -46.8557 4.4
    endloop
  endfacet
  facet normal 0 0 1
    outer loop
      vertex -9.22012 -38.8679 4.4
      vertex -15.4851 -46.8557 4.4
      vertex -15.4958 -46.9038 4.4
    endloop
  endfacet
  facet normal -0 0 1
    outer loop
      vertex -9.11331 -38.823 4.4
      vertex -15.4958 -46.9038 4.4
      vertex -9.00454 -38.7765 4.4
    endloop
  endfacet
  facet normal -0 0 1
    outer loop
      vertex -15.4958 -46.9038 4.4
      vertex -15.509 -46.9482 4.4
      vertex -8.67183 -38.6296 4.4
    endloop
  endfacet
  facet normal 0 0 1
    outer loop
      vertex -15.509 -46.9482 4.4
      vertex -8.34072 -38.4764 4.4
      vertex -8.45003 -38.5278 4.4
    endloop
  endfacet
  facet normal 0 0 1
    outer loop
      vertex -8.12799 -38.3738 4.4
      vertex -8.2332 -38.425 4.4
      vertex -15.509 -46.9482 4.4
    endloop
  endfacet
  facet normal 0 0 1
    outer loop
      vertex -8.02562 -38.323 4.4
      vertex -15.509 -46.9482 4.4
      vertex -15.5246 -46.9888 4.4
    endloop
  endfacet
  facet normal -0 0 1
    outer loop
      vertex -7.92664 -38.2729 4.4
      vertex -15.5246 -46.9888 4.4
      vertex -7.83157 -38.2237 4.4
    endloop
  endfacet
  facet normal 0 0 1
    outer loop
      vertex -15.5246 -46.9888 4.4
      vertex -7.65199 -38.1303 4.4
      vertex -7.83157 -38.2237 4.4
    endloop
  endfacet
  facet normal 0 0 1
    outer loop
      vertex -7.47908 -38.0422 4.4
      vertex -7.5646 -38.0858 4.4
      vertex -15.5246 -46.9888 4.4
    endloop
  endfacet
  facet normal -0 0 1
    outer loop
      vertex -7.47908 -38.0422 4.4
      vertex -15.5246 -46.9888 4.4
      vertex -7.39571 -37.9999 4.4
    endloop
  endfacet
  facet normal 0 0 1
    outer loop
      vertex -15.5246 -46.9888 4.4
      vertex -7.31479 -37.9588 4.4
      vertex -7.39571 -37.9999 4.4
    endloop
  endfacet
  facet normal 0 0 1
    outer loop
      vertex -6.55189 -37.5971 4.4
      vertex -7.31479 -37.9588 4.4
      vertex -15.5246 -46.9888 4.4
    endloop
  endfacet
  facet normal -0 0 1
    outer loop
      vertex -6.55189 -37.5971 4.4
      vertex -15.5246 -46.9888 4.4
      vertex -6.46561 -37.557 4.4
    endloop
  endfacet
  facet normal -0 0 1
    outer loop
      vertex -6.33897 -37.4933 4.4
      vertex -15.5427 -47.0253 4.4
      vertex -6.17667 -37.4088 4.4
    endloop
  endfacet
  facet normal 0 0 1
    outer loop
      vertex -15.5427 -47.0253 4.4
      vertex -5.98343 -37.306 4.4
      vertex -6.17667 -37.4088 4.4
    endloop
  endfacet
  facet normal 0 0 1
    outer loop
      vertex -5.76398 -37.1875 4.4
      vertex -5.98343 -37.306 4.4
      vertex -15.5427 -47.0253 4.4
    endloop
  endfacet
  facet normal -0 0 1
    outer loop
      vertex -5.76398 -37.1875 4.4
      vertex -15.5427 -47.0253 4.4
      vertex -5.52302 -37.0561 4.4
    endloop
  endfacet
  facet normal 0 0 1
    outer loop
      vertex -15.5427 -47.0253 4.4
      vertex 5.00193 -34.1216 4.4
      vertex -5.26528 -36.9143 4.4
    endloop
  endfacet
  facet normal 0 0 1
    outer loop
      vertex 5.25223 -34.1162 4.4
      vertex 5.00193 -34.1216 4.4
      vertex -15.5427 -47.0253 4.4
    endloop
  endfacet
  facet normal -0 0 1
    outer loop
      vertex 5.25223 -34.1162 4.4
      vertex -15.5427 -47.0253 4.4
      vertex 5.51314 -34.1112 4.4
    endloop
  endfacet
  facet normal 0 0 1
    outer loop
      vertex -15.5427 -47.0253 4.4
      vertex 5.78353 -34.1065 4.4
      vertex 5.51314 -34.1112 4.4
    endloop
  endfacet
  facet normal 0 0 1
    outer loop
      vertex 6.06228 -34.1023 4.4
      vertex 5.78353 -34.1065 4.4
      vertex -15.5427 -47.0253 4.4
    endloop
  endfacet
  facet normal 0 0 1
    outer loop
      vertex 6.34825 -34.0985 4.4
      vertex 6.06228 -34.1023 4.4
      vertex -15.5633 -47.0576 4.4
    endloop
  endfacet
  facet normal -0 0 1
    outer loop
      vertex 6.34825 -34.0985 4.4
      vertex -15.5633 -47.0576 4.4
      vertex 6.64031 -34.0951 4.4
    endloop
  endfacet
  facet normal 0 0 1
    outer loop
      vertex -15.5633 -47.0576 4.4
      vertex 6.93733 -34.0922 4.4
      vertex 6.64031 -34.0951 4.4
    endloop
  endfacet
  facet normal 0 0 1
    outer loop
      vertex 7.23818 -34.0898 4.4
      vertex 6.93733 -34.0922 4.4
      vertex -15.5633 -47.0576 4.4
    endloop
  endfacet
  facet normal -0 0 1
    outer loop
      vertex 7.23818 -34.0898 4.4
      vertex -15.5633 -47.0576 4.4
      vertex 7.54173 -34.0878 4.4
    endloop
  endfacet
  facet normal 0 0 1
    outer loop
      vertex -15.5633 -47.0576 4.4
      vertex 7.95062 -34.086 4.4
      vertex 7.54173 -34.0878 4.4
    endloop
  endfacet
  facet normal 0 0 1
    outer loop
      vertex 8.33263 -34.0837 4.4
      vertex 7.95062 -34.086 4.4
      vertex -15.5633 -47.0576 4.4
    endloop
  endfacet
  facet normal -0 0 1
    outer loop
      vertex 8.33263 -34.0837 4.4
      vertex -15.5633 -47.0576 4.4
      vertex 8.68863 -34.081 4.4
    endloop
  endfacet
  facet normal 0 0 1
    outer loop
      vertex -15.5633 -47.0576 4.4
      vertex 9.01949 -34.0779 4.4
      vertex 8.68863 -34.081 4.4
    endloop
  endfacet
  facet normal 0 0 1
    outer loop
      vertex 9.32607 -34.0742 4.4
      vertex 9.01949 -34.0779 4.4
      vertex -15.5633 -47.0576 4.4
    endloop
  endfacet
  facet normal -0 0 1
    outer loop
      vertex 9.32607 -34.0742 4.4
      vertex -15.5633 -47.0576 4.4
      vertex 9.60924 -34.07 4.4
    endloop
  endfacet
  facet normal 0 0 1
    outer loop
      vertex -15.5633 -47.0576 4.4
      vertex 9.86987 -34.0653 4.4
      vertex 9.60924 -34.07 4.4
    endloop
  endfacet
  facet normal 0 0 1
    outer loop
      vertex -15.5862 -47.0853 4.4
      vertex 9.86987 -34.0653 4.4
      vertex -15.5633 -47.0576 4.4
    endloop
  endfacet
  facet normal 0 0 1
    outer loop
      vertex 10.1088 -34.0598 4.4
      vertex 9.86987 -34.0653 4.4
      vertex -15.5862 -47.0853 4.4
    endloop
  endfacet
  facet normal -0 0 1
    outer loop
      vertex 10.1088 -34.0598 4.4
      vertex -15.5862 -47.0853 4.4
      vertex 10.327 -34.0537 4.4
    endloop
  endfacet
  facet normal 0 0 1
    outer loop
      vertex -15.5862 -47.0853 4.4
      vertex 10.5252 -34.0469 4.4
      vertex 10.327 -34.0537 4.4
    endloop
  endfacet
  facet normal 0 0 1
    outer loop
      vertex 10.7044 -34.0393 4.4
      vertex 10.5252 -34.0469 4.4
      vertex -15.5862 -47.0853 4.4
    endloop
  endfacet
  facet normal -0 0 1
    outer loop
      vertex 10.7044 -34.0393 4.4
      vertex -15.5862 -47.0853 4.4
      vertex 10.8653 -34.0309 4.4
    endloop
  endfacet
  facet normal 0 0 1
    outer loop
      vertex -15.5862 -47.0853 4.4
      vertex 11.1361 -34.0116 4.4
      vertex 11.0089 -34.0217 4.4
    endloop
  endfacet
  facet normal 0 0 1
    outer loop
      vertex 11.2477 -34.0005 4.4
      vertex 11.1361 -34.0116 4.4
      vertex -15.5862 -47.0853 4.4
    endloop
  endfacet
  facet normal -0 0 1
    outer loop
      vertex 11.2477 -34.0005 4.4
      vertex -15.5862 -47.0853 4.4
      vertex 11.3445 -33.9885 4.4
    endloop
  endfacet
  facet normal 0 0 1
    outer loop
      vertex -15.5862 -47.0853 4.4
      vertex 25.2568 -34.2104 4.4
      vertex 11.3445 -33.9885 4.4
    endloop
  endfacet
  facet normal 0 0 1
    outer loop
      vertex 25.346 -34.2256 4.4
      vertex 25.2568 -34.2104 4.4
      vertex -15.5862 -47.0853 4.4
    endloop
  endfacet
  facet normal 0 0 1
    outer loop
      vertex 25.346 -34.2256 4.4
      vertex -15.5862 -47.0853 4.4
      vertex 25.4363 -34.2375 4.4
    endloop
  endfacet
  facet normal 0 0 1
    outer loop
      vertex -15.5862 -47.0853 4.4
      vertex 25.528 -34.2459 4.4
      vertex 25.4363 -34.2375 4.4
    endloop
  endfacet
  facet normal 0 0 1
    outer loop
      vertex 25.6214 -34.251 4.4
      vertex 25.528 -34.2459 4.4
      vertex -15.5862 -47.0853 4.4
    endloop
  endfacet
  facet normal 0 0 1
    outer loop
      vertex 25.6214 -34.251 4.4
      vertex -15.5862 -47.0853 4.4
      vertex -15.648 -47.1291 4.4
    endloop
  endfacet
  facet normal 0 0 1
    outer loop
      vertex 25.6214 -34.251 4.4
      vertex -15.648 -47.1291 4.4
      vertex 40.2225 -36.3011 4.4
    endloop
  endfacet
  facet normal -0 0 1
    outer loop
      vertex -15.648 -47.1291 4.4
      vertex 66.5 -48 4.4
      vertex 40.2225 -36.3011 4.4
    endloop
  endfacet
  facet normal -0 0 1
    outer loop
      vertex -15.7479 -47.1785 4.4
      vertex 66.5 -48 4.4
      vertex -15.648 -47.1291 4.4
    endloop
  endfacet
  facet normal -0 0 1
    outer loop
      vertex -15.8814 -47.2324 4.4
      vertex 66.5 -48 4.4
      vertex -15.7479 -47.1785 4.4
    endloop
  endfacet
  facet normal -0 0 1
    outer loop
      vertex -16.0441 -47.2899 4.4
      vertex 66.5 -48 4.4
      vertex -15.8814 -47.2324 4.4
    endloop
  endfacet
  facet normal -0 0 1
    outer loop
      vertex -16.2315 -47.35 4.4
      vertex 66.5 -48 4.4
      vertex -16.0441 -47.2899 4.4
    endloop
  endfacet
  facet normal -0 0 1
    outer loop
      vertex -16.4391 -47.4116 4.4
      vertex 66.5 -48 4.4
      vertex -16.2315 -47.35 4.4
    endloop
  endfacet
  facet normal -0 0 1
    outer loop
      vertex -16.6625 -47.4736 4.4
      vertex 66.5 -48 4.4
      vertex -16.4391 -47.4116 4.4
    endloop
  endfacet
  facet normal -0 0 1
    outer loop
      vertex -16.8972 -47.5352 4.4
      vertex 66.5 -48 4.4
      vertex -16.6625 -47.4736 4.4
    endloop
  endfacet
  facet normal -0 0 1
    outer loop
      vertex -17.1388 -47.5953 4.4
      vertex 66.5 -48 4.4
      vertex -16.8972 -47.5352 4.4
    endloop
  endfacet
  facet normal -0 0 1
    outer loop
      vertex -17.3827 -47.6528 4.4
      vertex 66.5 -48 4.4
      vertex -17.1388 -47.5953 4.4
    endloop
  endfacet
  facet normal -0 0 1
    outer loop
      vertex -17.6246 -47.7067 4.4
      vertex 66.5 -48 4.4
      vertex -17.3827 -47.6528 4.4
    endloop
  endfacet
  facet normal -0 0 1
    outer loop
      vertex -17.86 -47.7561 4.4
      vertex 66.5 -48 4.4
      vertex -17.6246 -47.7067 4.4
    endloop
  endfacet
  facet normal -0 0 1
    outer loop
      vertex -18.0844 -47.7999 4.4
      vertex 66.5 -48 4.4
      vertex -17.86 -47.7561 4.4
    endloop
  endfacet
  facet normal -0 0 1
    outer loop
      vertex -18.2934 -47.8371 4.4
      vertex 66.5 -48 4.4
      vertex -18.0844 -47.7999 4.4
    endloop
  endfacet
  facet normal -0 0 1
    outer loop
      vertex -18.4824 -47.8666 4.4
      vertex 66.5 -48 4.4
      vertex -18.2934 -47.8371 4.4
    endloop
  endfacet
  facet normal -0 0 1
    outer loop
      vertex -18.6471 -47.8875 4.4
      vertex 66.5 -48 4.4
      vertex -18.4824 -47.8666 4.4
    endloop
  endfacet
  facet normal -0 0 1
    outer loop
      vertex -18.7829 -47.8988 4.4
      vertex 66.5 -48 4.4
      vertex -18.6471 -47.8875 4.4
    endloop
  endfacet
  facet normal -0 0 1
    outer loop
      vertex -18.8855 -47.8994 4.4
      vertex 66.5 -48 4.4
      vertex -18.7829 -47.8988 4.4
    endloop
  endfacet
  facet normal 0 0 1
    outer loop
      vertex -66.5 -48 4.4
      vertex 66.5 -48 4.4
      vertex -18.8855 -47.8994 4.4
    endloop
  endfacet
  facet normal 0 0 1
    outer loop
      vertex -66.5 -48 4.4
      vertex -18.8855 -47.8994 4.4
      vertex -18.9503 -47.8883 4.4
    endloop
  endfacet
  facet normal 0 0 1
    outer loop
      vertex -41.5044 -21.43 4.4
      vertex -47.8022 -21.6935 4.4
      vertex -41.4113 -21.4528 4.4
    endloop
  endfacet
  facet normal 0 -0 1
    outer loop
      vertex -18.9447 -47.7339 4.4
      vertex -18.9377 -47.7069 4.4
      vertex -19.074 -45.1494 4.4
    endloop
  endfacet
  facet normal 0 0 1
    outer loop
      vertex -18.9135 -47.6157 4.4
      vertex -19.0308 -45.2622 4.4
      vertex -18.9221 -47.6477 4.4
    endloop
  endfacet
  facet normal 0 0 1
    outer loop
      vertex -19.0086 -45.3176 4.4
      vertex -18.8948 -47.5477 4.4
      vertex -18.8849 -47.512 4.4
    endloop
  endfacet
  facet normal 0 0 1
    outer loop
      vertex -18.9861 -45.3721 4.4
      vertex -19.0086 -45.3176 4.4
      vertex -18.8745 -47.4753 4.4
    endloop
  endfacet
  facet normal 0 0 1
    outer loop
      vertex -18.853 -47.3998 4.4
      vertex -18.9861 -45.3721 4.4
      vertex -18.8639 -47.4379 4.4
    endloop
  endfacet
  facet normal 0 0 1
    outer loop
      vertex -18.8419 -47.3613 4.4
      vertex -18.9634 -45.4254 4.4
      vertex -18.853 -47.3998 4.4
    endloop
  endfacet
  facet normal 0 0 1
    outer loop
      vertex -18.8306 -47.3225 4.4
      vertex -18.9186 -45.5319 4.4
      vertex -18.8419 -47.3613 4.4
    endloop
  endfacet
  facet normal 0 0 1
    outer loop
      vertex -18.8011 -47.2191 4.4
      vertex -18.878 -45.6352 4.4
      vertex -18.8306 -47.3225 4.4
    endloop
  endfacet
  facet normal 0 0 1
    outer loop
      vertex -18.8416 -45.7354 4.4
      vertex -18.878 -45.6352 4.4
      vertex -18.8011 -47.2191 4.4
    endloop
  endfacet
  facet normal 0 0 1
    outer loop
      vertex -18.8093 -45.833 4.4
      vertex -18.8416 -45.7354 4.4
      vertex -18.7752 -47.1187 4.4
    endloop
  endfacet
  facet normal 0 0 1
    outer loop
      vertex -18.8093 -45.833 4.4
      vertex -18.7752 -47.1187 4.4
      vertex -18.7529 -47.021 4.4
    endloop
  endfacet
  facet normal 0 0 1
    outer loop
      vertex -18.8093 -45.833 4.4
      vertex -18.7529 -47.021 4.4
      vertex -18.7812 -45.9282 4.4
    endloop
  endfacet
  facet normal 0 0 1
    outer loop
      vertex -18.7812 -45.9282 4.4
      vertex -18.7342 -46.9257 4.4
      vertex -18.7572 -46.0215 4.4
    endloop
  endfacet
  facet normal 0 -0 1
    outer loop
      vertex -18.7342 -46.9257 4.4
      vertex -18.7193 -46.8323 4.4
      vertex -18.7572 -46.0215 4.4
    endloop
  endfacet
  facet normal 0 0 1
    outer loop
      vertex -18.7193 -46.8323 4.4
      vertex -18.7373 -46.1132 4.4
      vertex -18.7572 -46.0215 4.4
    endloop
  endfacet
  facet normal 0 0 1
    outer loop
      vertex -18.7081 -46.7405 4.4
      vertex -18.7213 -46.2037 4.4
      vertex -18.7373 -46.1132 4.4
    endloop
  endfacet
  facet normal 0 0 1
    outer loop
      vertex -18.7007 -46.65 4.4
      vertex -18.7213 -46.2037 4.4
      vertex -18.7081 -46.7405 4.4
    endloop
  endfacet
  facet normal 0 0 1
    outer loop
      vertex -18.7094 -46.2933 4.4
      vertex -18.7213 -46.2037 4.4
      vertex -18.7007 -46.65 4.4
    endloop
  endfacet
  facet normal 0 0 1
    outer loop
      vertex -18.7013 -46.3824 4.4
      vertex -18.7094 -46.2933 4.4
      vertex -18.697 -46.5604 4.4
    endloop
  endfacet
  facet normal 0 0 1
    outer loop
      vertex -18.7013 -46.3824 4.4
      vertex -18.697 -46.5604 4.4
      vertex -18.6973 -46.4713 4.4
    endloop
  endfacet
  facet normal 0 0 1
    outer loop
      vertex -18.7094 -46.2933 4.4
      vertex -18.7007 -46.65 4.4
      vertex -18.697 -46.5604 4.4
    endloop
  endfacet
  facet normal 0 0 1
    outer loop
      vertex -18.7081 -46.7405 4.4
      vertex -18.7373 -46.1132 4.4
      vertex -18.7193 -46.8323 4.4
    endloop
  endfacet
  facet normal 0 -0 1
    outer loop
      vertex -18.7529 -47.021 4.4
      vertex -18.7342 -46.9257 4.4
      vertex -18.7812 -45.9282 4.4
    endloop
  endfacet
  facet normal 0 0 1
    outer loop
      vertex -18.8416 -45.7354 4.4
      vertex -18.8011 -47.2191 4.4
      vertex -18.7752 -47.1187 4.4
    endloop
  endfacet
  facet normal 0 0 1
    outer loop
      vertex -18.878 -45.6352 4.4
      vertex -18.9186 -45.5319 4.4
      vertex -18.8306 -47.3225 4.4
    endloop
  endfacet
  facet normal 0 0 1
    outer loop
      vertex -18.9186 -45.5319 4.4
      vertex -18.9634 -45.4254 4.4
      vertex -18.8419 -47.3613 4.4
    endloop
  endfacet
  facet normal 0 0 1
    outer loop
      vertex -18.9634 -45.4254 4.4
      vertex -18.9861 -45.3721 4.4
      vertex -18.853 -47.3998 4.4
    endloop
  endfacet
  facet normal 0 0 1
    outer loop
      vertex -18.9861 -45.3721 4.4
      vertex -18.8745 -47.4753 4.4
      vertex -18.8639 -47.4379 4.4
    endloop
  endfacet
  facet normal 0 0 1
    outer loop
      vertex -19.0086 -45.3176 4.4
      vertex -18.8849 -47.512 4.4
      vertex -18.8745 -47.4753 4.4
    endloop
  endfacet
  facet normal 0 0 1
    outer loop
      vertex -19.0308 -45.2622 4.4
      vertex -18.8948 -47.5477 4.4
      vertex -19.0086 -45.3176 4.4
    endloop
  endfacet
  facet normal 0 -0 1
    outer loop
      vertex -18.9044 -47.5823 4.4
      vertex -18.8948 -47.5477 4.4
      vertex -19.0308 -45.2622 4.4
    endloop
  endfacet
  facet normal 0 0 1
    outer loop
      vertex -18.9044 -47.5823 4.4
      vertex -19.0308 -45.2622 4.4
      vertex -18.9135 -47.6157 4.4
    endloop
  endfacet
  facet normal 0 0 1
    outer loop
      vertex -19.0308 -45.2622 4.4
      vertex -19.0526 -45.206 4.4
      vertex -18.9221 -47.6477 4.4
    endloop
  endfacet
  facet normal 0 0 1
    outer loop
      vertex -19.0526 -45.206 4.4
      vertex -18.9302 -47.6782 4.4
      vertex -18.9221 -47.6477 4.4
    endloop
  endfacet
  facet normal 0 -0 1
    outer loop
      vertex -18.9377 -47.7069 4.4
      vertex -18.9302 -47.6782 4.4
      vertex -19.0526 -45.206 4.4
    endloop
  endfacet
  facet normal 0 0 1
    outer loop
      vertex -18.9377 -47.7069 4.4
      vertex -19.0526 -45.206 4.4
      vertex -19.074 -45.1494 4.4
    endloop
  endfacet
  facet normal 0 0 1
    outer loop
      vertex -18.9447 -47.7339 4.4
      vertex -19.074 -45.1494 4.4
      vertex -18.9509 -47.7588 4.4
    endloop
  endfacet
  facet normal 0 0 1
    outer loop
      vertex -19.074 -45.1494 4.4
      vertex -19.0949 -45.0926 4.4
      vertex -18.9509 -47.7588 4.4
    endloop
  endfacet
  facet normal 0 0 1
    outer loop
      vertex -18.5761 -41.9133 4.4
      vertex -19.3196 -42.2033 4.4
      vertex -19.2406 -42.1906 4.4
    endloop
  endfacet
  facet normal 0 0 1
    outer loop
      vertex -19.0949 -45.0926 4.4
      vertex -18.9565 -47.7816 4.4
      vertex -18.9509 -47.7588 4.4
    endloop
  endfacet
  facet normal 0 0 1
    outer loop
      vertex -19.1152 -45.0359 4.4
      vertex -18.9565 -47.7816 4.4
      vertex -19.0949 -45.0926 4.4
    endloop
  endfacet
  facet normal 0 -0 1
    outer loop
      vertex -18.9613 -47.802 4.4
      vertex -18.9565 -47.7816 4.4
      vertex -19.1152 -45.0359 4.4
    endloop
  endfacet
  facet normal 0 0 1
    outer loop
      vertex -18.9613 -47.802 4.4
      vertex -19.1152 -45.0359 4.4
      vertex -18.9654 -47.82 4.4
    endloop
  endfacet
  facet normal 0 0 1
    outer loop
      vertex -19.1152 -45.0359 4.4
      vertex -19.1349 -44.9796 4.4
      vertex -18.9654 -47.82 4.4
    endloop
  endfacet
  facet normal 0 -0 1
    outer loop
      vertex -18.7886 -42.0385 4.4
      vertex -18.7168 -42.0004 4.4
      vertex -19.0858 -42.1544 4.4
    endloop
  endfacet
  facet normal 0 0 1
    outer loop
      vertex -19.1349 -44.9796 4.4
      vertex -18.9686 -47.8355 4.4
      vertex -18.9654 -47.82 4.4
    endloop
  endfacet
  facet normal 0 0 1
    outer loop
      vertex -19.1539 -44.924 4.4
      vertex -18.9686 -47.8355 4.4
      vertex -19.1349 -44.9796 4.4
    endloop
  endfacet
  facet normal 0 0 1
    outer loop
      vertex -19.1721 -44.8692 4.4
      vertex -18.9686 -47.8355 4.4
      vertex -19.1539 -44.924 4.4
    endloop
  endfacet
  facet normal 0 -0 1
    outer loop
      vertex -18.971 -47.8481 4.4
      vertex -18.9686 -47.8355 4.4
      vertex -19.1721 -44.8692 4.4
    endloop
  endfacet
  facet normal 0 0 1
    outer loop
      vertex -18.971 -47.8481 4.4
      vertex -19.1721 -44.8692 4.4
      vertex -19.1895 -44.8156 4.4
    endloop
  endfacet
  facet normal 0 0 1
    outer loop
      vertex -19.01 -42.1309 4.4
      vertex -18.9352 -42.1037 4.4
      vertex -18.8614 -42.0729 4.4
    endloop
  endfacet
  facet normal 0 0 1
    outer loop
      vertex -19.8655 -43.3529 4.4
      vertex -19.1895 -44.8156 4.4
      vertex -19.2059 -44.7635 4.4
    endloop
  endfacet
  facet normal 0 0 1
    outer loop
      vertex -19.2357 -44.6648 4.4
      vertex -19.2489 -44.6187 4.4
      vertex -19.7792 -43.4831 4.4
    endloop
  endfacet
  facet normal 0 0 1
    outer loop
      vertex -19.2489 -44.6187 4.4
      vertex -19.6451 -43.6901 4.4
      vertex -19.678 -43.6368 4.4
    endloop
  endfacet
  facet normal 0 0 1
    outer loop
      vertex -19.0858 -42.1544 4.4
      vertex -19.01 -42.1309 4.4
      vertex -18.7886 -42.0385 4.4
    endloop
  endfacet
  facet normal 0 0 1
    outer loop
      vertex -19.2609 -44.5751 4.4
      vertex -19.5215 -43.9064 4.4
      vertex -19.551 -43.8524 4.4
    endloop
  endfacet
  facet normal 0 0 1
    outer loop
      vertex -19.2716 -44.5343 4.4
      vertex -19.4662 -44.0124 4.4
      vertex -19.4932 -43.9598 4.4
    endloop
  endfacet
  facet normal 0 0 1
    outer loop
      vertex -19.281 -44.4966 4.4
      vertex -19.4166 -44.114 4.4
      vertex -19.4406 -44.0639 4.4
    endloop
  endfacet
  facet normal 0 0 1
    outer loop
      vertex -19.3736 -44.2089 4.4
      vertex -19.3942 -44.1624 4.4
      vertex -19.281 -44.4966 4.4
    endloop
  endfacet
  facet normal 0 0 1
    outer loop
      vertex -19.01 -42.1309 4.4
      vertex -18.8614 -42.0729 4.4
      vertex -18.7886 -42.0385 4.4
    endloop
  endfacet
  facet normal 0 0 1
    outer loop
      vertex -19.3736 -44.2089 4.4
      vertex -19.281 -44.4966 4.4
      vertex -19.289 -44.4623 4.4
    endloop
  endfacet
  facet normal 0 0 1
    outer loop
      vertex -19.355 -44.2532 4.4
      vertex -19.289 -44.4623 4.4
      vertex -19.3385 -44.295 4.4
    endloop
  endfacet
  facet normal 0 0 1
    outer loop
      vertex -19.289 -44.4623 4.4
      vertex -19.3121 -44.37 4.4
      vertex -19.3241 -44.334 4.4
    endloop
  endfacet
  facet normal 0 0 1
    outer loop
      vertex -19.2954 -44.4316 4.4
      vertex -19.3025 -44.4026 4.4
      vertex -19.3121 -44.37 4.4
    endloop
  endfacet
  facet normal 0 0 1
    outer loop
      vertex -18.7168 -42.0004 4.4
      vertex -19.1627 -42.1743 4.4
      vertex -19.0858 -42.1544 4.4
    endloop
  endfacet
  facet normal 0 0 1
    outer loop
      vertex -19.2954 -44.4316 4.4
      vertex -19.3121 -44.37 4.4
      vertex -19.289 -44.4623 4.4
    endloop
  endfacet
  facet normal 0 0 1
    outer loop
      vertex -19.289 -44.4623 4.4
      vertex -19.3241 -44.334 4.4
      vertex -19.3385 -44.295 4.4
    endloop
  endfacet
  facet normal 0 0 1
    outer loop
      vertex -19.3736 -44.2089 4.4
      vertex -19.289 -44.4623 4.4
      vertex -19.355 -44.2532 4.4
    endloop
  endfacet
  facet normal 0 0 1
    outer loop
      vertex -19.3942 -44.1624 4.4
      vertex -19.4166 -44.114 4.4
      vertex -19.281 -44.4966 4.4
    endloop
  endfacet
  facet normal 0 0 1
    outer loop
      vertex -19.281 -44.4966 4.4
      vertex -19.4406 -44.0639 4.4
      vertex -19.2716 -44.5343 4.4
    endloop
  endfacet
  facet normal 0 0 1
    outer loop
      vertex -19.4406 -44.0639 4.4
      vertex -19.4662 -44.0124 4.4
      vertex -19.2716 -44.5343 4.4
    endloop
  endfacet
  facet normal 0 0 1
    outer loop
      vertex -19.2716 -44.5343 4.4
      vertex -19.4932 -43.9598 4.4
      vertex -19.5215 -43.9064 4.4
    endloop
  endfacet
  facet normal 0 0 1
    outer loop
      vertex -18.646 -41.9587 4.4
      vertex -19.2406 -42.1906 4.4
      vertex -19.1627 -42.1743 4.4
    endloop
  endfacet
  facet normal 0 0 1
    outer loop
      vertex -19.2716 -44.5343 4.4
      vertex -19.5215 -43.9064 4.4
      vertex -19.2609 -44.5751 4.4
    endloop
  endfacet
  facet normal 0 0 1
    outer loop
      vertex -19.2609 -44.5751 4.4
      vertex -19.551 -43.8524 4.4
      vertex -19.5815 -43.7982 4.4
    endloop
  endfacet
  facet normal 0 0 1
    outer loop
      vertex -19.2609 -44.5751 4.4
      vertex -19.5815 -43.7982 4.4
      vertex -19.6129 -43.744 4.4
    endloop
  endfacet
  facet normal 0 0 1
    outer loop
      vertex -19.2609 -44.5751 4.4
      vertex -19.6129 -43.744 4.4
      vertex -19.2489 -44.6187 4.4
    endloop
  endfacet
  facet normal 0 0 1
    outer loop
      vertex -19.6129 -43.744 4.4
      vertex -19.6451 -43.6901 4.4
      vertex -19.2489 -44.6187 4.4
    endloop
  endfacet
  facet normal 0 0 1
    outer loop
      vertex -19.2489 -44.6187 4.4
      vertex -19.678 -43.6368 4.4
      vertex -19.7114 -43.5843 4.4
    endloop
  endfacet
  facet normal 0 0 1
    outer loop
      vertex -19.2489 -44.6187 4.4
      vertex -19.7114 -43.5843 4.4
      vertex -19.7452 -43.533 4.4
    endloop
  endfacet
  facet normal 0 0 1
    outer loop
      vertex -18.0989 -41.4818 4.4
      vertex -19.7468 -42.2165 4.4
      vertex -18.1375 -41.5218 4.4
    endloop
  endfacet
  facet normal 0 0 1
    outer loop
      vertex -19.2489 -44.6187 4.4
      vertex -19.7452 -43.533 4.4
      vertex -19.7792 -43.4831 4.4
    endloop
  endfacet
  facet normal 0 0 1
    outer loop
      vertex -19.2357 -44.6648 4.4
      vertex -19.7792 -43.4831 4.4
      vertex -19.2213 -44.7131 4.4
    endloop
  endfacet
  facet normal 0 0 1
    outer loop
      vertex -19.7792 -43.4831 4.4
      vertex -19.8655 -43.3529 4.4
      vertex -19.2213 -44.7131 4.4
    endloop
  endfacet
  facet normal 0 0 1
    outer loop
      vertex -19.8655 -43.3529 4.4
      vertex -19.2059 -44.7635 4.4
      vertex -19.2213 -44.7131 4.4
    endloop
  endfacet
  facet normal 0 0 1
    outer loop
      vertex -18.971 -47.8481 4.4
      vertex -19.1895 -44.8156 4.4
      vertex -19.8655 -43.3529 4.4
    endloop
  endfacet
  facet normal 0 0 1
    outer loop
      vertex -18.971 -47.8481 4.4
      vertex -19.8655 -43.3529 4.4
      vertex -18.9724 -47.8578 4.4
    endloop
  endfacet
  facet normal 0 0 1
    outer loop
      vertex -19.8655 -43.3529 4.4
      vertex -19.942 -43.23 4.4
      vertex -18.9724 -47.8578 4.4
    endloop
  endfacet
  facet normal 0 0 1
    outer loop
      vertex -19.942 -43.23 4.4
      vertex -20.0089 -43.1142 4.4
      vertex -18.9724 -47.8578 4.4
    endloop
  endfacet
  facet normal 0 0 1
    outer loop
      vertex -20.0089 -43.1142 4.4
      vertex -18.9729 -47.8645 4.4
      vertex -18.9724 -47.8578 4.4
    endloop
  endfacet
  facet normal 0 0 1
    outer loop
      vertex -19.8371 -42.2214 4.4
      vertex -19.7468 -42.2165 4.4
      vertex -18.0602 -41.4433 4.4
    endloop
  endfacet
  facet normal 0 0 1
    outer loop
      vertex -20.066 -43.0057 4.4
      vertex -18.9729 -47.8645 4.4
      vertex -20.0089 -43.1142 4.4
    endloop
  endfacet
  facet normal 0 0 1
    outer loop
      vertex -20.1133 -42.9043 4.4
      vertex -18.9729 -47.8645 4.4
      vertex -20.066 -43.0057 4.4
    endloop
  endfacet
  facet normal 0 0 1
    outer loop
      vertex -20.151 -42.8101 4.4
      vertex -18.9729 -47.8645 4.4
      vertex -20.1133 -42.9043 4.4
    endloop
  endfacet
  facet normal 0 0 1
    outer loop
      vertex -20.1789 -42.7229 4.4
      vertex -66.5 -48 4.4
      vertex -20.151 -42.8101 4.4
    endloop
  endfacet
  facet normal 0 0 1
    outer loop
      vertex -24.6229 -21.4742 4.4
      vertex -24.9021 -21.3996 4.4
      vertex -28.4939 -22.5677 4.4
    endloop
  endfacet
  facet normal -0 0 1
    outer loop
      vertex -27.8759 -21.987 4.4
      vertex -28.0812 -22.1608 4.4
      vertex -25.4304 -21.299 4.4
    endloop
  endfacet
  facet normal 0 0 1
    outer loop
      vertex -29.4634 -23.6821 4.4
      vertex -23.7987 -21.7 4.4
      vertex -29.3777 -23.5895 4.4
    endloop
  endfacet
  facet normal 0 0 1
    outer loop
      vertex -9.57156 -24.6997 4.4
      vertex -8.78665 -37.6006 4.4
      vertex -8.57242 -37.5523 4.4
    endloop
  endfacet
  facet normal 0 0 1
    outer loop
      vertex -21.2084 -21.9714 4.4
      vertex -18.6231 -23.1312 4.4
      vertex -18.7399 -23.0309 4.4
    endloop
  endfacet
  facet normal 0 0 1
    outer loop
      vertex -17.8997 -23.6396 4.4
      vertex -17.9865 -23.597 4.4
      vertex -17.6724 -41.151 4.4
    endloop
  endfacet
  facet normal 0 0 1
    outer loop
      vertex -14.6118 -24.6265 4.4
      vertex -14.6629 -24.599 4.4
      vertex -15.5243 -24.2496 4.4
    endloop
  endfacet
  facet normal 0 0 1
    outer loop
      vertex -14.3921 -24.7073 4.4
      vertex -14.4522 -24.6912 4.4
      vertex -14.034 -39.7382 4.4
    endloop
  endfacet
  facet normal 0 -0 1
    outer loop
      vertex -9.89125 -37.9799 4.4
      vertex -9.83539 -37.9385 4.4
      vertex -13.2397 -24.7468 4.4
    endloop
  endfacet
  facet normal 0 -0 1
    outer loop
      vertex -3.90211 -34.1671 4.4
      vertex -3.86283 -34.1321 4.4
      vertex -4.49369 -26.582 4.4
    endloop
  endfacet
  facet normal 0 0 1
    outer loop
      vertex -19.8371 -42.2214 4.4
      vertex -18.0602 -41.4433 4.4
      vertex -18.0214 -41.4064 4.4
    endloop
  endfacet
  facet normal 0 0 1
    outer loop
      vertex -17.9437 -41.3376 4.4
      vertex -19.8371 -42.2214 4.4
      vertex -17.9826 -41.3712 4.4
    endloop
  endfacet
  facet normal 0 0 1
    outer loop
      vertex -18.646 -41.9587 4.4
      vertex -19.1627 -42.1743 4.4
      vertex -18.7168 -42.0004 4.4
    endloop
  endfacet
  facet normal 0 -0 1
    outer loop
      vertex -18.646 -41.9587 4.4
      vertex -18.5761 -41.9133 4.4
      vertex -19.2406 -42.1906 4.4
    endloop
  endfacet
  facet normal 0 0 1
    outer loop
      vertex -19.3196 -42.2033 4.4
      vertex -18.5761 -41.9133 4.4
      vertex -18.5072 -41.8642 4.4
    endloop
  endfacet
  facet normal 0 -0 1
    outer loop
      vertex -19.3196 -42.2033 4.4
      vertex -18.5072 -41.8642 4.4
      vertex -19.3996 -42.2124 4.4
    endloop
  endfacet
  facet normal 0 0 1
    outer loop
      vertex -10.7096 -38.7779 4.4
      vertex -10.1401 -38.2582 4.4
      vertex -10.0877 -38.1904 4.4
    endloop
  endfacet
  facet normal 0 -0 1
    outer loop
      vertex -18.5072 -41.8642 4.4
      vertex -18.4391 -41.8114 4.4
      vertex -19.3996 -42.2124 4.4
    endloop
  endfacet
  facet normal 0 0 1
    outer loop
      vertex -18.372 -41.755 4.4
      vertex -19.4808 -42.218 4.4
      vertex -18.4391 -41.8114 4.4
    endloop
  endfacet
  facet normal 0 0 1
    outer loop
      vertex -10.5844 -38.692 4.4
      vertex -10.4699 -38.6044 4.4
      vertex -10.1401 -38.2582 4.4
    endloop
  endfacet
  facet normal 0 -0 1
    outer loop
      vertex -10.5844 -38.692 4.4
      vertex -10.1401 -38.2582 4.4
      vertex -10.7096 -38.7779 4.4
    endloop
  endfacet
  facet normal 0 0 1
    outer loop
      vertex -18.2405 -41.631 4.4
      vertex -19.6464 -42.2183 4.4
      vertex -18.3058 -41.6948 4.4
    endloop
  endfacet
  facet normal -0 0 1
    outer loop
      vertex -13.7304 -24.7547 4.4
      vertex -9.94239 -38.025 4.4
      vertex -13.5844 -24.7536 4.4
    endloop
  endfacet
  facet normal 0 0 1
    outer loop
      vertex -18.1375 -41.5218 4.4
      vertex -19.7468 -42.2165 4.4
      vertex -19.6464 -42.2183 4.4
    endloop
  endfacet
  facet normal 0 0 1
    outer loop
      vertex -18.0602 -41.4433 4.4
      vertex -19.7468 -42.2165 4.4
      vertex -18.0989 -41.4818 4.4
    endloop
  endfacet
  facet normal 0 0 1
    outer loop
      vertex -10.6316 -24.6903 4.4
      vertex -9.4145 -37.7589 4.4
      vertex -9.28787 -37.7229 4.4
    endloop
  endfacet
  facet normal 0 0 1
    outer loop
      vertex -19.8371 -42.2214 4.4
      vertex -18.0214 -41.4064 4.4
      vertex -17.9826 -41.3712 4.4
    endloop
  endfacet
  facet normal 0 0 1
    outer loop
      vertex -19.9176 -42.233 4.4
      vertex -19.8371 -42.2214 4.4
      vertex -17.9437 -41.3376 4.4
    endloop
  endfacet
  facet normal 0 0 1
    outer loop
      vertex -19.9176 -42.233 4.4
      vertex -17.9437 -41.3376 4.4
      vertex -17.9048 -41.3057 4.4
    endloop
  endfacet
  facet normal 0 0 1
    outer loop
      vertex -19.9176 -42.233 4.4
      vertex -17.9048 -41.3057 4.4
      vertex -17.8659 -41.2755 4.4
    endloop
  endfacet
  facet normal 0 0 1
    outer loop
      vertex -19.9176 -42.233 4.4
      vertex -17.8659 -41.2755 4.4
      vertex -17.8271 -41.2471 4.4
    endloop
  endfacet
  facet normal 0 -0 1
    outer loop
      vertex -19.9176 -42.233 4.4
      vertex -17.8271 -41.2471 4.4
      vertex -19.9881 -42.2512 4.4
    endloop
  endfacet
  facet normal 0 -0 1
    outer loop
      vertex -17.8271 -41.2471 4.4
      vertex -17.7883 -41.2204 4.4
      vertex -19.9881 -42.2512 4.4
    endloop
  endfacet
  facet normal 0 0 1
    outer loop
      vertex -14.6118 -24.6265 4.4
      vertex -15.5243 -24.2496 4.4
      vertex -15.6214 -24.2215 4.4
    endloop
  endfacet
  facet normal 0 0 1
    outer loop
      vertex -14.5606 -24.6509 4.4
      vertex -14.3048 -39.8609 4.4
      vertex -14.2507 -39.8316 4.4
    endloop
  endfacet
  facet normal 0 0 1
    outer loop
      vertex -9.89125 -37.9799 4.4
      vertex -13.5844 -24.7536 4.4
      vertex -9.94239 -38.025 4.4
    endloop
  endfacet
  facet normal -0 0 1
    outer loop
      vertex -13.0382 -24.7412 4.4
      vertex -9.83539 -37.9385 4.4
      vertex -12.8152 -24.7344 4.4
    endloop
  endfacet
  facet normal 0 0 1
    outer loop
      vertex -8.99255 -24.733 4.4
      vertex -9.1683 -24.7192 4.4
      vertex -7.55728 -25.1308 4.4
    endloop
  endfacet
  facet normal 0 0 1
    outer loop
      vertex -2.94554 -33.1689 4.4
      vertex -4.08404 -26.7988 4.4
      vertex -3.02899 -33.2753 4.4
    endloop
  endfacet
  facet normal 0 0 1
    outer loop
      vertex -3.90211 -34.1671 4.4
      vertex -4.91624 -26.3644 4.4
      vertex -3.94143 -34.2029 4.4
    endloop
  endfacet
  facet normal 0 -0 1
    outer loop
      vertex -8.33123 -37.499 4.4
      vertex -7.55728 -25.1308 4.4
      vertex -8.57242 -37.5523 4.4
    endloop
  endfacet
  facet normal 0 0 1
    outer loop
      vertex -5.89871 -36.2523 4.4
      vertex -4.90748 -35.4557 4.4
      vertex -4.83947 -35.3669 4.4
    endloop
  endfacet
  facet normal 0 -0 1
    outer loop
      vertex -14.5358 -40.0061 4.4
      vertex -14.4749 -39.9653 4.4
      vertex -15.2133 -40.374 4.4
    endloop
  endfacet
  facet normal 0 -0 1
    outer loop
      vertex -14.7664 -40.1546 4.4
      vertex -14.5996 -40.0502 4.4
      vertex -14.8649 -40.2084 4.4
    endloop
  endfacet
  facet normal 0 0 1
    outer loop
      vertex -12.3697 -39.4628 4.4
      vertex -12.1822 -39.4134 4.4
      vertex -9.99083 -38.0746 4.4
    endloop
  endfacet
  facet normal 0 0 1
    outer loop
      vertex -7.22393 -37.1805 4.4
      vertex -7.48214 -37.2968 4.4
      vertex -7.27461 -37.2072 4.4
    endloop
  endfacet
  facet normal 0 0 1
    outer loop
      vertex -10.0386 -38.1294 4.4
      vertex -10.9886 -38.9427 4.4
      vertex -10.0877 -38.1904 4.4
    endloop
  endfacet
  facet normal 0 -0 1
    outer loop
      vertex -10.0386 -38.1294 4.4
      vertex -9.99083 -38.0746 4.4
      vertex -11.4667 -39.168 4.4
    endloop
  endfacet
  facet normal 0 0 1
    outer loop
      vertex -11.4667 -39.168 4.4
      vertex -11.3005 -39.0963 4.4
      vertex -10.0386 -38.1294 4.4
    endloop
  endfacet
  facet normal 0 0 1
    outer loop
      vertex -9.94239 -38.025 4.4
      vertex -12.9401 -39.5768 4.4
      vertex -12.7495 -39.5448 4.4
    endloop
  endfacet
  facet normal 0 0 1
    outer loop
      vertex -9.5243 -37.7938 4.4
      vertex -10.9592 -24.6936 4.4
      vertex -11.3151 -24.6989 4.4
    endloop
  endfacet
  facet normal 0 0 1
    outer loop
      vertex -9.5243 -37.7938 4.4
      vertex -11.3151 -24.6989 4.4
      vertex -9.61926 -37.8284 4.4
    endloop
  endfacet
  facet normal 0 -0 1
    outer loop
      vertex -13.9773 -39.7201 4.4
      vertex -13.9187 -39.7038 4.4
      vertex -14.3263 -24.7208 4.4
    endloop
  endfacet
  facet normal 0 0 1
    outer loop
      vertex -13.5784 -39.6443 4.4
      vertex -14.0799 -24.7471 4.4
      vertex -13.6543 -39.6538 4.4
    endloop
  endfacet
  facet normal 0 0 1
    outer loop
      vertex -13.8607 -24.7541 4.4
      vertex -13.4112 -39.6281 4.4
      vertex -9.94239 -38.025 4.4
    endloop
  endfacet
  facet normal 0 0 1
    outer loop
      vertex -13.2397 -24.7468 4.4
      vertex -13.4214 -24.751 4.4
      vertex -9.89125 -37.9799 4.4
    endloop
  endfacet
  facet normal 0 0 1
    outer loop
      vertex -13.0382 -24.7412 4.4
      vertex -13.2397 -24.7468 4.4
      vertex -9.83539 -37.9385 4.4
    endloop
  endfacet
  facet normal 0 0 1
    outer loop
      vertex -8.99255 -24.733 4.4
      vertex -7.98759 -24.9523 4.4
      vertex -8.83182 -24.7496 4.4
    endloop
  endfacet
  facet normal 0 0 1
    outer loop
      vertex -9.77279 -37.8999 4.4
      vertex -12.1186 -24.7155 4.4
      vertex -12.5695 -24.7265 4.4
    endloop
  endfacet
  facet normal 0 0 1
    outer loop
      vertex -9.77279 -37.8999 4.4
      vertex -12.5695 -24.7265 4.4
      vertex -9.83539 -37.9385 4.4
    endloop
  endfacet
  facet normal 0 0 1
    outer loop
      vertex -11.701 -24.7063 4.4
      vertex -12.1186 -24.7155 4.4
      vertex -9.70142 -37.8635 4.4
    endloop
  endfacet
  facet normal 0 0 1
    outer loop
      vertex -12.1186 -24.7155 4.4
      vertex -9.77279 -37.8999 4.4
      vertex -9.70142 -37.8635 4.4
    endloop
  endfacet
  facet normal 0 -0 1
    outer loop
      vertex -9.14236 -37.6851 4.4
      vertex -8.97596 -37.6446 4.4
      vertex -10.0549 -24.6903 4.4
    endloop
  endfacet
  facet normal 0 0 1
    outer loop
      vertex -8.33123 -37.499 4.4
      vertex -6.48829 -36.6267 4.4
      vertex -7.55728 -25.1308 4.4
    endloop
  endfacet
  facet normal 0 -0 1
    outer loop
      vertex -6.08556 -36.3547 4.4
      vertex -4.41448 -34.718 4.4
      vertex -6.67642 -25.5175 4.4
    endloop
  endfacet
  facet normal 0 -0 1
    outer loop
      vertex -4.29741 -34.5673 4.4
      vertex -4.26752 -34.533 4.4
      vertex -5.78822 -25.933 4.4
    endloop
  endfacet
  facet normal 0 0 1
    outer loop
      vertex -4.13232 -34.3882 4.4
      vertex -5.34873 -26.1475 4.4
      vertex -4.16811 -34.4252 4.4
    endloop
  endfacet
  facet normal 0 0 1
    outer loop
      vertex -8.30586 -24.8459 4.4
      vertex -8.08975 -24.9134 4.4
      vertex -8.19529 -24.878 4.4
    endloop
  endfacet
  facet normal 0 0 1
    outer loop
      vertex -9.94239 -38.025 4.4
      vertex -13.4112 -39.6281 4.4
      vertex -13.319 -39.6211 4.4
    endloop
  endfacet
  facet normal 0 0 1
    outer loop
      vertex -11.1408 -39.021 4.4
      vertex -10.9886 -38.9427 4.4
      vertex -10.0386 -38.1294 4.4
    endloop
  endfacet
  facet normal 0 -0 1
    outer loop
      vertex -10.2759 -38.4249 4.4
      vertex -10.1979 -38.3338 4.4
      vertex -10.3668 -38.5152 4.4
    endloop
  endfacet
  facet normal 0 0 1
    outer loop
      vertex -10.3668 -38.5152 4.4
      vertex -10.1979 -38.3338 4.4
      vertex -10.1401 -38.2582 4.4
    endloop
  endfacet
  facet normal 0 -0 1
    outer loop
      vertex -11.9974 -39.359 4.4
      vertex -9.99083 -38.0746 4.4
      vertex -12.1822 -39.4134 4.4
    endloop
  endfacet
  facet normal 0 -0 1
    outer loop
      vertex -7.75992 -37.3739 4.4
      vertex -6.71641 -36.8093 4.4
      vertex -8.06107 -37.4398 4.4
    endloop
  endfacet
  facet normal 0 -0 1
    outer loop
      vertex -7.7022 -37.3614 4.4
      vertex -7.02309 -37.0557 4.4
      vertex -7.75992 -37.3739 4.4
    endloop
  endfacet
  facet normal 0 -0 1
    outer loop
      vertex -11.816 -39.2997 4.4
      vertex -9.99083 -38.0746 4.4
      vertex -11.9974 -39.359 4.4
    endloop
  endfacet
  facet normal 0 0 1
    outer loop
      vertex -12.3697 -39.4628 4.4
      vertex -9.99083 -38.0746 4.4
      vertex -9.94239 -38.025 4.4
    endloop
  endfacet
  facet normal 0 -0 1
    outer loop
      vertex -12.3697 -39.4628 4.4
      vertex -9.94239 -38.025 4.4
      vertex -12.5591 -39.5067 4.4
    endloop
  endfacet
  facet normal 0 0 1
    outer loop
      vertex -9.94239 -38.025 4.4
      vertex -12.7495 -39.5448 4.4
      vertex -12.5591 -39.5067 4.4
    endloop
  endfacet
  facet normal 0 -0 1
    outer loop
      vertex -12.9401 -39.5768 4.4
      vertex -9.94239 -38.025 4.4
      vertex -13.1302 -39.6023 4.4
    endloop
  endfacet
  facet normal 0 0 1
    outer loop
      vertex -9.94239 -38.025 4.4
      vertex -13.319 -39.6211 4.4
      vertex -13.1302 -39.6023 4.4
    endloop
  endfacet
  facet normal -0 0 1
    outer loop
      vertex -12.8152 -24.7344 4.4
      vertex -9.83539 -37.9385 4.4
      vertex -12.5695 -24.7265 4.4
    endloop
  endfacet
  facet normal 0 0 1
    outer loop
      vertex -9.80239 -24.6938 4.4
      vertex -8.78665 -37.6006 4.4
      vertex -9.57156 -24.6997 4.4
    endloop
  endfacet
  facet normal 0 0 1
    outer loop
      vertex -8.68445 -24.7691 4.4
      vertex -8.83182 -24.7496 4.4
      vertex -7.98759 -24.9523 4.4
    endloop
  endfacet
  facet normal 0 0 1
    outer loop
      vertex -4.23589 -34.4978 4.4
      vertex -5.34873 -26.1475 4.4
      vertex -4.26752 -34.533 4.4
    endloop
  endfacet
  facet normal 0 0 1
    outer loop
      vertex -7.11924 -25.3198 4.4
      vertex -7.55728 -25.1308 4.4
      vertex -6.38867 -36.5539 4.4
    endloop
  endfacet
  facet normal 0 0 1
    outer loop
      vertex -7.11924 -25.3198 4.4
      vertex -6.38867 -36.5539 4.4
      vertex -6.33801 -36.5182 4.4
    endloop
  endfacet
  facet normal 0 0 1
    outer loop
      vertex -2.56846 -32.6313 4.4
      vertex -3.69023 -27.0132 4.4
      vertex -2.63682 -32.7373 4.4
    endloop
  endfacet
  facet normal 0 0 1
    outer loop
      vertex -2.44591 -32.4261 4.4
      vertex -2.39275 -32.3283 4.4
      vertex -2.29236 -32.1151 4.4
    endloop
  endfacet
  facet normal 0 -0 1
    outer loop
      vertex -3.82377 -34.0981 4.4
      vertex -3.7851 -34.0652 4.4
      vertex -4.49369 -26.582 4.4
    endloop
  endfacet
  facet normal 0 0 1
    outer loop
      vertex -5.78822 -25.933 4.4
      vertex -4.26752 -34.533 4.4
      vertex -5.34873 -26.1475 4.4
    endloop
  endfacet
  facet normal 0 0 1
    outer loop
      vertex -5.04316 -35.6201 4.4
      vertex -5.85605 -36.2321 4.4
      vertex -5.11083 -35.6956 4.4
    endloop
  endfacet
  facet normal 0 -0 1
    outer loop
      vertex -4.35125 -34.6322 4.4
      vertex -4.32538 -34.6004 4.4
      vertex -5.78822 -25.933 4.4
    endloop
  endfacet
  facet normal 0 0 1
    outer loop
      vertex -5.85605 -36.2321 4.4
      vertex -5.17834 -35.7666 4.4
      vertex -5.11083 -35.6956 4.4
    endloop
  endfacet
  facet normal 0 -0 1
    outer loop
      vertex -8.06107 -37.4398 4.4
      vertex -6.58406 -36.7003 4.4
      vertex -8.33123 -37.499 4.4
    endloop
  endfacet
  facet normal 0 0 1
    outer loop
      vertex -7.75992 -37.3739 4.4
      vertex -6.8716 -36.9419 4.4
      vertex -6.82042 -36.8998 4.4
    endloop
  endfacet
  facet normal 0 0 1
    outer loop
      vertex -7.53573 -37.3152 4.4
      vertex -7.22393 -37.1805 4.4
      vertex -7.17354 -37.1521 4.4
    endloop
  endfacet
  facet normal 0 -0 1
    outer loop
      vertex -7.5902 -37.332 4.4
      vertex -7.12334 -37.1219 4.4
      vertex -7.64566 -37.3474 4.4
    endloop
  endfacet
  facet normal 0 -0 1
    outer loop
      vertex -7.32566 -37.2321 4.4
      vertex -7.27461 -37.2072 4.4
      vertex -7.37721 -37.2553 4.4
    endloop
  endfacet
  facet normal 0 0 1
    outer loop
      vertex -7.27461 -37.2072 4.4
      vertex -7.48214 -37.2968 4.4
      vertex -7.42933 -37.2768 4.4
    endloop
  endfacet
  facet normal 0 0 1
    outer loop
      vertex -7.5902 -37.332 4.4
      vertex -7.53573 -37.3152 4.4
      vertex -7.17354 -37.1521 4.4
    endloop
  endfacet
  facet normal 0 0 1
    outer loop
      vertex -7.5902 -37.332 4.4
      vertex -7.17354 -37.1521 4.4
      vertex -7.12334 -37.1219 4.4
    endloop
  endfacet
  facet normal 0 0 1
    outer loop
      vertex -7.64566 -37.3474 4.4
      vertex -7.12334 -37.1219 4.4
      vertex -7.07322 -37.0898 4.4
    endloop
  endfacet
  facet normal 0 -0 1
    outer loop
      vertex -7.64566 -37.3474 4.4
      vertex -7.07322 -37.0898 4.4
      vertex -7.7022 -37.3614 4.4
    endloop
  endfacet
  facet normal 0 0 1
    outer loop
      vertex -7.75992 -37.3739 4.4
      vertex -6.97284 -37.0198 4.4
      vertex -6.92238 -36.9818 4.4
    endloop
  endfacet
  facet normal 0 0 1
    outer loop
      vertex -7.75992 -37.3739 4.4
      vertex -6.92238 -36.9818 4.4
      vertex -6.8716 -36.9419 4.4
    endloop
  endfacet
  facet normal 0 0 1
    outer loop
      vertex -6.76872 -36.8556 4.4
      vertex -7.75992 -37.3739 4.4
      vertex -6.82042 -36.8998 4.4
    endloop
  endfacet
  facet normal 0 0 1
    outer loop
      vertex -6.71641 -36.8093 4.4
      vertex -7.75992 -37.3739 4.4
      vertex -6.76872 -36.8556 4.4
    endloop
  endfacet
  facet normal 0 0 1
    outer loop
      vertex -8.06107 -37.4398 4.4
      vertex -6.71641 -36.8093 4.4
      vertex -6.67411 -36.7734 4.4
    endloop
  endfacet
  facet normal 0 0 1
    outer loop
      vertex -8.06107 -37.4398 4.4
      vertex -6.67411 -36.7734 4.4
      vertex -6.62992 -36.737 4.4
    endloop
  endfacet
  facet normal 0 0 1
    outer loop
      vertex -8.06107 -37.4398 4.4
      vertex -6.62992 -36.737 4.4
      vertex -6.58406 -36.7003 4.4
    endloop
  endfacet
  facet normal 0 0 1
    outer loop
      vertex -8.33123 -37.499 4.4
      vertex -6.58406 -36.7003 4.4
      vertex -6.53677 -36.6635 4.4
    endloop
  endfacet
  facet normal 0 0 1
    outer loop
      vertex -8.33123 -37.499 4.4
      vertex -6.53677 -36.6635 4.4
      vertex -6.48829 -36.6267 4.4
    endloop
  endfacet
  facet normal 0 0 1
    outer loop
      vertex -6.23615 -36.4493 4.4
      vertex -7.11924 -25.3198 4.4
      vertex -6.28709 -36.4833 4.4
    endloop
  endfacet
  facet normal 0 0 1
    outer loop
      vertex -6.67642 -25.5175 4.4
      vertex -6.13515 -36.3849 4.4
      vertex -6.08556 -36.3547 4.4
    endloop
  endfacet
  facet normal 0 0 1
    outer loop
      vertex -6.23176 -25.7225 4.4
      vertex -6.67642 -25.5175 4.4
      vertex -4.41448 -34.718 4.4
    endloop
  endfacet
  facet normal 0 0 1
    outer loop
      vertex -6.23176 -25.7225 4.4
      vertex -4.41448 -34.718 4.4
      vertex -4.39598 -34.6912 4.4
    endloop
  endfacet
  facet normal 0 -0 1
    outer loop
      vertex -6.03688 -36.3262 4.4
      vertex -4.41448 -34.718 4.4
      vertex -6.08556 -36.3547 4.4
    endloop
  endfacet
  facet normal 0 0 1
    outer loop
      vertex -5.98936 -36.2995 4.4
      vertex -4.49847 -34.8575 4.4
      vertex -4.43017 -34.7428 4.4
    endloop
  endfacet
  facet normal 0 -0 1
    outer loop
      vertex -5.94322 -36.2748 4.4
      vertex -4.49847 -34.8575 4.4
      vertex -5.98936 -36.2995 4.4
    endloop
  endfacet
  facet normal 0 -0 1
    outer loop
      vertex -4.70323 -35.1761 4.4
      vertex -4.63502 -35.0742 4.4
      vertex -5.94322 -36.2748 4.4
    endloop
  endfacet
  facet normal 0 0 1
    outer loop
      vertex -4.70323 -35.1761 4.4
      vertex -5.94322 -36.2748 4.4
      vertex -5.89871 -36.2523 4.4
    endloop
  endfacet
  facet normal 0 0 1
    outer loop
      vertex -4.70323 -35.1761 4.4
      vertex -5.89871 -36.2523 4.4
      vertex -4.77139 -35.2737 4.4
    endloop
  endfacet
  facet normal 0 0 1
    outer loop
      vertex -5.89871 -36.2523 4.4
      vertex -5.85605 -36.2321 4.4
      vertex -4.90748 -35.4557 4.4
    endloop
  endfacet
  facet normal 0 0 1
    outer loop
      vertex -5.85605 -36.2321 4.4
      vertex -4.97538 -35.5401 4.4
      vertex -4.90748 -35.4557 4.4
    endloop
  endfacet
  facet normal 0 -0 1
    outer loop
      vertex -5.81549 -36.2145 4.4
      vertex -5.17834 -35.7666 4.4
      vertex -5.85605 -36.2321 4.4
    endloop
  endfacet
  facet normal 0 -0 1
    outer loop
      vertex -5.31289 -35.895 4.4
      vertex -5.2457 -35.8331 4.4
      vertex -5.81549 -36.2145 4.4
    endloop
  endfacet
  facet normal 0 0 1
    outer loop
      vertex -5.31289 -35.895 4.4
      vertex -5.81549 -36.2145 4.4
      vertex -5.3799 -35.9524 4.4
    endloop
  endfacet
  facet normal 0 0 1
    outer loop
      vertex -5.81549 -36.2145 4.4
      vertex -5.5133 -36.0534 4.4
      vertex -5.44671 -36.0052 4.4
    endloop
  endfacet
  facet normal 0 -0 1
    outer loop
      vertex -5.64579 -36.1358 4.4
      vertex -5.57966 -36.097 4.4
      vertex -5.81549 -36.2145 4.4
    endloop
  endfacet
  facet normal 0 -0 1
    outer loop
      vertex -5.57966 -36.097 4.4
      vertex -5.5133 -36.0534 4.4
      vertex -5.81549 -36.2145 4.4
    endloop
  endfacet
  facet normal 0 0 1
    outer loop
      vertex -5.81549 -36.2145 4.4
      vertex -5.71165 -36.17 4.4
      vertex -5.64579 -36.1358 4.4
    endloop
  endfacet
  facet normal 0 0 1
    outer loop
      vertex -5.81549 -36.2145 4.4
      vertex -5.44671 -36.0052 4.4
      vertex -5.3799 -35.9524 4.4
    endloop
  endfacet
  facet normal 0 0 1
    outer loop
      vertex -5.71165 -36.17 4.4
      vertex -5.81549 -36.2145 4.4
      vertex -5.77725 -36.1995 4.4
    endloop
  endfacet
  facet normal 0 -0 1
    outer loop
      vertex -5.2457 -35.8331 4.4
      vertex -5.17834 -35.7666 4.4
      vertex -5.81549 -36.2145 4.4
    endloop
  endfacet
  facet normal 0 0 1
    outer loop
      vertex -4.97538 -35.5401 4.4
      vertex -5.85605 -36.2321 4.4
      vertex -5.04316 -35.6201 4.4
    endloop
  endfacet
  facet normal 0 0 1
    outer loop
      vertex -5.89871 -36.2523 4.4
      vertex -4.83947 -35.3669 4.4
      vertex -4.77139 -35.2737 4.4
    endloop
  endfacet
  facet normal 0 -0 1
    outer loop
      vertex -4.63502 -35.0742 4.4
      vertex -4.56676 -34.968 4.4
      vertex -5.94322 -36.2748 4.4
    endloop
  endfacet
  facet normal 0 -0 1
    outer loop
      vertex -4.56676 -34.968 4.4
      vertex -4.49847 -34.8575 4.4
      vertex -5.94322 -36.2748 4.4
    endloop
  endfacet
  facet normal 0 -0 1
    outer loop
      vertex -5.98936 -36.2995 4.4
      vertex -4.43017 -34.7428 4.4
      vertex -6.03688 -36.3262 4.4
    endloop
  endfacet
  facet normal 0 -0 1
    outer loop
      vertex -4.43017 -34.7428 4.4
      vertex -4.41448 -34.718 4.4
      vertex -6.03688 -36.3262 4.4
    endloop
  endfacet
  facet normal 0 0 1
    outer loop
      vertex -6.23176 -25.7225 4.4
      vertex -4.39598 -34.6912 4.4
      vertex -4.37484 -34.6625 4.4
    endloop
  endfacet
  facet normal 0 -0 1
    outer loop
      vertex -4.32538 -34.6004 4.4
      vertex -4.29741 -34.5673 4.4
      vertex -5.78822 -25.933 4.4
    endloop
  endfacet
  facet normal 0 0 1
    outer loop
      vertex -4.20269 -34.4618 4.4
      vertex -5.34873 -26.1475 4.4
      vertex -4.23589 -34.4978 4.4
    endloop
  endfacet
  facet normal 0 0 1
    outer loop
      vertex -4.16811 -34.4252 4.4
      vertex -5.34873 -26.1475 4.4
      vertex -4.20269 -34.4618 4.4
    endloop
  endfacet
  facet normal 0 -0 1
    outer loop
      vertex -4.13232 -34.3882 4.4
      vertex -4.09549 -34.3509 4.4
      vertex -5.34873 -26.1475 4.4
    endloop
  endfacet
  facet normal 0 -0 1
    outer loop
      vertex -4.09549 -34.3509 4.4
      vertex -4.05781 -34.3136 4.4
      vertex -4.91624 -26.3644 4.4
    endloop
  endfacet
  facet normal 0 -0 1
    outer loop
      vertex -4.05781 -34.3136 4.4
      vertex -4.01946 -34.2763 4.4
      vertex -4.91624 -26.3644 4.4
    endloop
  endfacet
  facet normal 0 0 1
    outer loop
      vertex -4.91624 -26.3644 4.4
      vertex -3.9806 -34.2394 4.4
      vertex -3.94143 -34.2029 4.4
    endloop
  endfacet
  facet normal 0 0 1
    outer loop
      vertex -4.49369 -26.582 4.4
      vertex -4.91624 -26.3644 4.4
      vertex -3.90211 -34.1671 4.4
    endloop
  endfacet
  facet normal 0 0 1
    outer loop
      vertex -3.45815 -33.7648 4.4
      vertex -4.49369 -26.582 4.4
      vertex -3.54279 -33.8495 4.4
    endloop
  endfacet
  facet normal 0 0 1
    outer loop
      vertex -3.28614 -33.5802 4.4
      vertex -4.08404 -26.7988 4.4
      vertex -4.49369 -26.582 4.4
    endloop
  endfacet
  facet normal 0 0 1
    outer loop
      vertex -2.9619 -27.4281 4.4
      vertex -2.07042 -31.7306 4.4
      vertex -2.03708 -31.6802 4.4
    endloop
  endfacet
  facet normal 0 -0 1
    outer loop
      vertex -1.93108 -31.5266 4.4
      vertex -1.89433 -31.4754 4.4
      vertex -2.63327 -27.6254 4.4
    endloop
  endfacet
  facet normal 0 0 1
    outer loop
      vertex -1.96724 -31.578 4.4
      vertex -2.63327 -27.6254 4.4
      vertex -2.00263 -31.6293 4.4
    endloop
  endfacet
  facet normal 0 0 1
    outer loop
      vertex -2.10248 -31.7801 4.4
      vertex -2.9619 -27.4281 4.4
      vertex -2.13309 -31.8285 4.4
    endloop
  endfacet
  facet normal 0 -0 1
    outer loop
      vertex -2.18926 -31.9209 4.4
      vertex -2.16207 -31.8755 4.4
      vertex -3.3152 -27.2234 4.4
    endloop
  endfacet
  facet normal 0 -0 1
    outer loop
      vertex -2.27669 -32.0815 4.4
      vertex -2.25838 -32.0451 4.4
      vertex -3.69023 -27.0132 4.4
    endloop
  endfacet
  facet normal 0 0 1
    outer loop
      vertex -2.29236 -32.1151 4.4
      vertex -2.50465 -32.5273 4.4
      vertex -2.44591 -32.4261 4.4
    endloop
  endfacet
  facet normal 0 0 1
    outer loop
      vertex -2.50465 -32.5273 4.4
      vertex -3.69023 -27.0132 4.4
      vertex -2.56846 -32.6313 4.4
    endloop
  endfacet
  facet normal 0 0 1
    outer loop
      vertex -3.69023 -27.0132 4.4
      vertex -2.70922 -32.8448 4.4
      vertex -2.63682 -32.7373 4.4
    endloop
  endfacet
  facet normal 0 0 1
    outer loop
      vertex -4.08404 -26.7988 4.4
      vertex -2.70922 -32.8448 4.4
      vertex -3.69023 -27.0132 4.4
    endloop
  endfacet
  facet normal 0 0 1
    outer loop
      vertex -4.08404 -26.7988 4.4
      vertex -2.94554 -33.1689 4.4
      vertex -2.86409 -33.0613 4.4
    endloop
  endfacet
  facet normal 0 0 1
    outer loop
      vertex -3.7851 -34.0652 4.4
      vertex -3.62583 -33.9283 4.4
      vertex -3.54279 -33.8495 4.4
    endloop
  endfacet
  facet normal 0 -0 1
    outer loop
      vertex -3.70677 -34.0004 4.4
      vertex -3.62583 -33.9283 4.4
      vertex -3.7851 -34.0652 4.4
    endloop
  endfacet
  facet normal 0 0 1
    outer loop
      vertex -3.37243 -33.6748 4.4
      vertex -4.49369 -26.582 4.4
      vertex -3.45815 -33.7648 4.4
    endloop
  endfacet
  facet normal 0 0 1
    outer loop
      vertex -4.08404 -26.7988 4.4
      vertex -3.1998 -33.4816 4.4
      vertex -3.11391 -33.3798 4.4
    endloop
  endfacet
  facet normal 0 0 1
    outer loop
      vertex -2.70922 -32.8448 4.4
      vertex -4.08404 -26.7988 4.4
      vertex -2.78515 -32.953 4.4
    endloop
  endfacet
  facet normal 0 -0 1
    outer loop
      vertex -2.23759 -32.006 4.4
      vertex -2.21449 -31.9645 4.4
      vertex -3.3152 -27.2234 4.4
    endloop
  endfacet
  facet normal 0 0 1
    outer loop
      vertex -2.25838 -32.0451 4.4
      vertex -3.3152 -27.2234 4.4
      vertex -3.69023 -27.0132 4.4
    endloop
  endfacet
  facet normal 0 0 1
    outer loop
      vertex -2.34568 -32.2345 4.4
      vertex -2.30521 -32.1455 4.4
      vertex -2.29236 -32.1151 4.4
    endloop
  endfacet
  facet normal 0 -0 1
    outer loop
      vertex -2.34568 -32.2345 4.4
      vertex -2.29236 -32.1151 4.4
      vertex -2.39275 -32.3283 4.4
    endloop
  endfacet
  facet normal 0 -0 1
    outer loop
      vertex -2.29236 -32.1151 4.4
      vertex -2.27669 -32.0815 4.4
      vertex -3.69023 -27.0132 4.4
    endloop
  endfacet
  facet normal 0 0 1
    outer loop
      vertex -3.3152 -27.2234 4.4
      vertex -2.25838 -32.0451 4.4
      vertex -2.23759 -32.006 4.4
    endloop
  endfacet
  facet normal 0 0 1
    outer loop
      vertex -2.18926 -31.9209 4.4
      vertex -3.3152 -27.2234 4.4
      vertex -2.21449 -31.9645 4.4
    endloop
  endfacet
  facet normal 0 0 1
    outer loop
      vertex -2.16207 -31.8755 4.4
      vertex -2.9619 -27.4281 4.4
      vertex -3.3152 -27.2234 4.4
    endloop
  endfacet
  facet normal 0 -0 1
    outer loop
      vertex -2.50465 -32.5273 4.4
      vertex -2.29236 -32.1151 4.4
      vertex -3.69023 -27.0132 4.4
    endloop
  endfacet
  facet normal 0 0 1
    outer loop
      vertex -2.13309 -31.8285 4.4
      vertex -2.9619 -27.4281 4.4
      vertex -2.16207 -31.8755 4.4
    endloop
  endfacet
  facet normal 0 0 1
    outer loop
      vertex -2.07042 -31.7306 4.4
      vertex -2.9619 -27.4281 4.4
      vertex -2.10248 -31.7801 4.4
    endloop
  endfacet
  facet normal 0 0 1
    outer loop
      vertex -2.03708 -31.6802 4.4
      vertex -2.63327 -27.6254 4.4
      vertex -2.9619 -27.4281 4.4
    endloop
  endfacet
  facet normal 0 0 1
    outer loop
      vertex -2.00263 -31.6293 4.4
      vertex -2.63327 -27.6254 4.4
      vertex -2.03708 -31.6802 4.4
    endloop
  endfacet
  facet normal 0 -0 1
    outer loop
      vertex -1.96724 -31.578 4.4
      vertex -1.93108 -31.5266 4.4
      vertex -2.63327 -27.6254 4.4
    endloop
  endfacet
  facet normal 0 0 1
    outer loop
      vertex -2.63327 -27.6254 4.4
      vertex -1.89433 -31.4754 4.4
      vertex -2.33226 -27.8138 4.4
    endloop
  endfacet
  facet normal 0 0 1
    outer loop
      vertex -2.33226 -27.8138 4.4
      vertex -1.85714 -31.4246 4.4
      vertex -1.8197 -31.3745 4.4
    endloop
  endfacet
  facet normal 0 -0 1
    outer loop
      vertex -1.89433 -31.4754 4.4
      vertex -1.85714 -31.4246 4.4
      vertex -2.33226 -27.8138 4.4
    endloop
  endfacet
  facet normal 0 0 1
    outer loop
      vertex -2.06182 -27.9917 4.4
      vertex -2.33226 -27.8138 4.4
      vertex -1.74474 -31.2774 4.4
    endloop
  endfacet
  facet normal 0 0 1
    outer loop
      vertex -2.33226 -27.8138 4.4
      vertex -1.78218 -31.3254 4.4
      vertex -1.74474 -31.2774 4.4
    endloop
  endfacet
  facet normal 0 -0 1
    outer loop
      vertex -1.74474 -31.2774 4.4
      vertex -1.70756 -31.2309 4.4
      vertex -2.06182 -27.9917 4.4
    endloop
  endfacet
  facet normal 0 -0 1
    outer loop
      vertex -1.70756 -31.2309 4.4
      vertex -1.60903 -31.0998 4.4
      vertex -2.06182 -27.9917 4.4
    endloop
  endfacet
  facet normal 0 -0 1
    outer loop
      vertex -1.60903 -31.0998 4.4
      vertex -1.51835 -30.9676 4.4
      vertex -2.06182 -27.9917 4.4
    endloop
  endfacet
  facet normal 0 0 1
    outer loop
      vertex -2.06182 -27.9917 4.4
      vertex -1.43558 -30.8346 4.4
      vertex -1.82489 -28.1575 4.4
    endloop
  endfacet
  facet normal 0 0 1
    outer loop
      vertex -1.82489 -28.1575 4.4
      vertex -1.36074 -30.7008 4.4
      vertex -1.29386 -30.5667 4.4
    endloop
  endfacet
  facet normal 0 0 1
    outer loop
      vertex -1.18416 -30.2982 4.4
      vertex -1.82489 -28.1575 4.4
      vertex -1.23499 -30.4324 4.4
    endloop
  endfacet
  facet normal 0 0 1
    outer loop
      vertex -1.82489 -28.1575 4.4
      vertex -1.29386 -30.5667 4.4
      vertex -1.23499 -30.4324 4.4
    endloop
  endfacet
  facet normal 0 0 1
    outer loop
      vertex -1.62442 -28.3096 4.4
      vertex -1.18416 -30.2982 4.4
      vertex -1.14141 -30.1643 4.4
    endloop
  endfacet
  facet normal 0 0 1
    outer loop
      vertex -1.62442 -28.3096 4.4
      vertex -1.14141 -30.1643 4.4
      vertex -1.10677 -30.031 4.4
    endloop
  endfacet
  facet normal 0 0 1
    outer loop
      vertex -1.06195 -29.7668 4.4
      vertex -1.62442 -28.3096 4.4
      vertex -1.08027 -29.8984 4.4
    endloop
  endfacet
  facet normal 0 -0 1
    outer loop
      vertex -1.05186 -29.6365 4.4
      vertex -1.05001 -29.5076 4.4
      vertex -1.62442 -28.3096 4.4
    endloop
  endfacet
  facet normal 0 0 1
    outer loop
      vertex -1.05186 -29.6365 4.4
      vertex -1.62442 -28.3096 4.4
      vertex -1.06195 -29.7668 4.4
    endloop
  endfacet
  facet normal 0 0 1
    outer loop
      vertex -1.05646 -29.3805 4.4
      vertex -1.07123 -29.2554 4.4
      vertex -1.62442 -28.3096 4.4
    endloop
  endfacet
  facet normal 0 0 1
    outer loop
      vertex -1.27119 -28.6675 4.4
      vertex -1.34462 -28.5662 4.4
      vertex -1.21426 -28.7793 4.4
    endloop
  endfacet
  facet normal 0 0 1
    outer loop
      vertex -1.21426 -28.7793 4.4
      vertex -1.34462 -28.5662 4.4
      vertex -1.46334 -28.4464 4.4
    endloop
  endfacet
  facet normal 0 0 1
    outer loop
      vertex -1.16584 -28.8942 4.4
      vertex -1.21426 -28.7793 4.4
      vertex -1.46334 -28.4464 4.4
    endloop
  endfacet
  facet normal 0 0 1
    outer loop
      vertex -1.16584 -28.8942 4.4
      vertex -1.46334 -28.4464 4.4
      vertex -1.12588 -29.012 4.4
    endloop
  endfacet
  facet normal 0 0 1
    outer loop
      vertex -1.12588 -29.012 4.4
      vertex -1.46334 -28.4464 4.4
      vertex -1.09436 -29.1325 4.4
    endloop
  endfacet
  facet normal 0 0 1
    outer loop
      vertex -1.09436 -29.1325 4.4
      vertex -1.46334 -28.4464 4.4
      vertex -1.07123 -29.2554 4.4
    endloop
  endfacet
  facet normal 0 0 1
    outer loop
      vertex -1.07123 -29.2554 4.4
      vertex -1.46334 -28.4464 4.4
      vertex -1.62442 -28.3096 4.4
    endloop
  endfacet
  facet normal 0 0 1
    outer loop
      vertex -1.05646 -29.3805 4.4
      vertex -1.62442 -28.3096 4.4
      vertex -1.05001 -29.5076 4.4
    endloop
  endfacet
  facet normal 0 0 1
    outer loop
      vertex -1.62442 -28.3096 4.4
      vertex -1.10677 -30.031 4.4
      vertex -1.08027 -29.8984 4.4
    endloop
  endfacet
  facet normal 0 0 1
    outer loop
      vertex -1.82489 -28.1575 4.4
      vertex -1.18416 -30.2982 4.4
      vertex -1.62442 -28.3096 4.4
    endloop
  endfacet
  facet normal 0 -0 1
    outer loop
      vertex -1.43558 -30.8346 4.4
      vertex -1.36074 -30.7008 4.4
      vertex -1.82489 -28.1575 4.4
    endloop
  endfacet
  facet normal 0 -0 1
    outer loop
      vertex -1.51835 -30.9676 4.4
      vertex -1.43558 -30.8346 4.4
      vertex -2.06182 -27.9917 4.4
    endloop
  endfacet
  facet normal 0 -0 1
    outer loop
      vertex -1.8197 -31.3745 4.4
      vertex -1.78218 -31.3254 4.4
      vertex -2.33226 -27.8138 4.4
    endloop
  endfacet
  facet normal 0 0 1
    outer loop
      vertex -4.08404 -26.7988 4.4
      vertex -2.86409 -33.0613 4.4
      vertex -2.78515 -32.953 4.4
    endloop
  endfacet
  facet normal 0 -0 1
    outer loop
      vertex -3.11391 -33.3798 4.4
      vertex -3.02899 -33.2753 4.4
      vertex -4.08404 -26.7988 4.4
    endloop
  endfacet
  facet normal 0 0 1
    outer loop
      vertex -3.1998 -33.4816 4.4
      vertex -4.08404 -26.7988 4.4
      vertex -3.28614 -33.5802 4.4
    endloop
  endfacet
  facet normal 0 0 1
    outer loop
      vertex -3.28614 -33.5802 4.4
      vertex -4.49369 -26.582 4.4
      vertex -3.37243 -33.6748 4.4
    endloop
  endfacet
  facet normal 0 0 1
    outer loop
      vertex -4.49369 -26.582 4.4
      vertex -3.7851 -34.0652 4.4
      vertex -3.54279 -33.8495 4.4
    endloop
  endfacet
  facet normal 0 -0 1
    outer loop
      vertex -3.86283 -34.1321 4.4
      vertex -3.82377 -34.0981 4.4
      vertex -4.49369 -26.582 4.4
    endloop
  endfacet
  facet normal 0 -0 1
    outer loop
      vertex -4.01946 -34.2763 4.4
      vertex -3.9806 -34.2394 4.4
      vertex -4.91624 -26.3644 4.4
    endloop
  endfacet
  facet normal 0 0 1
    outer loop
      vertex -4.09549 -34.3509 4.4
      vertex -4.91624 -26.3644 4.4
      vertex -5.34873 -26.1475 4.4
    endloop
  endfacet
  facet normal 0 0 1
    outer loop
      vertex -6.23176 -25.7225 4.4
      vertex -4.35125 -34.6322 4.4
      vertex -5.78822 -25.933 4.4
    endloop
  endfacet
  facet normal 0 -0 1
    outer loop
      vertex -4.37484 -34.6625 4.4
      vertex -4.35125 -34.6322 4.4
      vertex -6.23176 -25.7225 4.4
    endloop
  endfacet
  facet normal 0 -0 1
    outer loop
      vertex -6.18543 -36.4165 4.4
      vertex -6.13515 -36.3849 4.4
      vertex -6.67642 -25.5175 4.4
    endloop
  endfacet
  facet normal 0 0 1
    outer loop
      vertex -6.18543 -36.4165 4.4
      vertex -6.67642 -25.5175 4.4
      vertex -6.23615 -36.4493 4.4
    endloop
  endfacet
  facet normal 0 0 1
    outer loop
      vertex -6.67642 -25.5175 4.4
      vertex -7.11924 -25.3198 4.4
      vertex -6.23615 -36.4493 4.4
    endloop
  endfacet
  facet normal 0 0 1
    outer loop
      vertex -6.38867 -36.5539 4.4
      vertex -7.55728 -25.1308 4.4
      vertex -6.43884 -36.5901 4.4
    endloop
  endfacet
  facet normal 0 0 1
    outer loop
      vertex -7.55728 -25.1308 4.4
      vertex -6.48829 -36.6267 4.4
      vertex -6.43884 -36.5901 4.4
    endloop
  endfacet
  facet normal 0 0 1
    outer loop
      vertex -7.98759 -24.9523 4.4
      vertex -8.54877 -24.7916 4.4
      vertex -8.68445 -24.7691 4.4
    endloop
  endfacet
  facet normal 0 0 1
    outer loop
      vertex -8.08975 -24.9134 4.4
      vertex -8.30586 -24.8459 4.4
      vertex -7.98759 -24.9523 4.4
    endloop
  endfacet
  facet normal 0 0 1
    outer loop
      vertex -7.98759 -24.9523 4.4
      vertex -8.30586 -24.8459 4.4
      vertex -8.42313 -24.8172 4.4
    endloop
  endfacet
  facet normal 0 0 1
    outer loop
      vertex -7.98759 -24.9523 4.4
      vertex -8.42313 -24.8172 4.4
      vertex -8.54877 -24.7916 4.4
    endloop
  endfacet
  facet normal 0 0 1
    outer loop
      vertex -7.98759 -24.9523 4.4
      vertex -8.99255 -24.733 4.4
      vertex -7.55728 -25.1308 4.4
    endloop
  endfacet
  facet normal 0 0 1
    outer loop
      vertex -8.57242 -37.5523 4.4
      vertex -9.1683 -24.7192 4.4
      vertex -9.36075 -24.7081 4.4
    endloop
  endfacet
  facet normal 0 0 1
    outer loop
      vertex -8.57242 -37.5523 4.4
      vertex -9.36075 -24.7081 4.4
      vertex -9.57156 -24.6997 4.4
    endloop
  endfacet
  facet normal 0 -0 1
    outer loop
      vertex -8.97596 -37.6446 4.4
      vertex -8.78665 -37.6006 4.4
      vertex -9.80239 -24.6938 4.4
    endloop
  endfacet
  facet normal 0 0 1
    outer loop
      vertex -8.97596 -37.6446 4.4
      vertex -9.80239 -24.6938 4.4
      vertex -10.0549 -24.6903 4.4
    endloop
  endfacet
  facet normal 0 0 1
    outer loop
      vertex -9.14236 -37.6851 4.4
      vertex -10.0549 -24.6903 4.4
      vertex -10.3308 -24.6892 4.4
    endloop
  endfacet
  facet normal 0 0 1
    outer loop
      vertex -9.14236 -37.6851 4.4
      vertex -10.3308 -24.6892 4.4
      vertex -9.28787 -37.7229 4.4
    endloop
  endfacet
  facet normal 0 0 1
    outer loop
      vertex -10.3308 -24.6892 4.4
      vertex -10.6316 -24.6903 4.4
      vertex -9.28787 -37.7229 4.4
    endloop
  endfacet
  facet normal 0 0 1
    outer loop
      vertex -10.6316 -24.6903 4.4
      vertex -10.9592 -24.6936 4.4
      vertex -9.4145 -37.7589 4.4
    endloop
  endfacet
  facet normal 0 0 1
    outer loop
      vertex -10.9592 -24.6936 4.4
      vertex -9.5243 -37.7938 4.4
      vertex -9.4145 -37.7589 4.4
    endloop
  endfacet
  facet normal 0 0 1
    outer loop
      vertex -11.3151 -24.6989 4.4
      vertex -11.701 -24.7063 4.4
      vertex -9.61926 -37.8284 4.4
    endloop
  endfacet
  facet normal 0 0 1
    outer loop
      vertex -11.701 -24.7063 4.4
      vertex -9.70142 -37.8635 4.4
      vertex -9.61926 -37.8284 4.4
    endloop
  endfacet
  facet normal -0 0 1
    outer loop
      vertex -13.5844 -24.7536 4.4
      vertex -9.89125 -37.9799 4.4
      vertex -13.4214 -24.751 4.4
    endloop
  endfacet
  facet normal 0 0 1
    outer loop
      vertex -13.7304 -24.7547 4.4
      vertex -13.8607 -24.7541 4.4
      vertex -9.94239 -38.025 4.4
    endloop
  endfacet
  facet normal 0 0 1
    outer loop
      vertex -13.8607 -24.7541 4.4
      vertex -13.4975 -39.6358 4.4
      vertex -13.4112 -39.6281 4.4
    endloop
  endfacet
  facet normal 0 0 1
    outer loop
      vertex -13.9767 -24.7516 4.4
      vertex -13.4975 -39.6358 4.4
      vertex -13.8607 -24.7541 4.4
    endloop
  endfacet
  facet normal 0 0 1
    outer loop
      vertex -14.0799 -24.7471 4.4
      vertex -13.5784 -39.6443 4.4
      vertex -13.9767 -24.7516 4.4
    endloop
  endfacet
  facet normal 0 0 1
    outer loop
      vertex -14.1716 -24.7406 4.4
      vertex -13.7259 -39.6643 4.4
      vertex -14.0799 -24.7471 4.4
    endloop
  endfacet
  facet normal 0 -0 1
    outer loop
      vertex -13.7934 -39.6761 4.4
      vertex -13.7259 -39.6643 4.4
      vertex -14.1716 -24.7406 4.4
    endloop
  endfacet
  facet normal 0 -0 1
    outer loop
      vertex -13.8575 -39.6892 4.4
      vertex -13.7934 -39.6761 4.4
      vertex -14.2532 -24.7318 4.4
    endloop
  endfacet
  facet normal 0 0 1
    outer loop
      vertex -13.8575 -39.6892 4.4
      vertex -14.2532 -24.7318 4.4
      vertex -14.3263 -24.7208 4.4
    endloop
  endfacet
  facet normal 0 0 1
    outer loop
      vertex -13.8575 -39.6892 4.4
      vertex -14.3263 -24.7208 4.4
      vertex -13.9187 -39.7038 4.4
    endloop
  endfacet
  facet normal 0 0 1
    outer loop
      vertex -14.3263 -24.7208 4.4
      vertex -14.3921 -24.7073 4.4
      vertex -13.9773 -39.7201 4.4
    endloop
  endfacet
  facet normal 0 0 1
    outer loop
      vertex -14.3921 -24.7073 4.4
      vertex -14.034 -39.7382 4.4
      vertex -13.9773 -39.7201 4.4
    endloop
  endfacet
  facet normal 0 0 1
    outer loop
      vertex -14.4522 -24.6912 4.4
      vertex -14.0892 -39.7583 4.4
      vertex -14.034 -39.7382 4.4
    endloop
  endfacet
  facet normal 0 -0 1
    outer loop
      vertex -14.1434 -39.7804 4.4
      vertex -14.0892 -39.7583 4.4
      vertex -14.4522 -24.6912 4.4
    endloop
  endfacet
  facet normal 0 0 1
    outer loop
      vertex -14.1434 -39.7804 4.4
      vertex -14.4522 -24.6912 4.4
      vertex -14.5079 -24.6725 4.4
    endloop
  endfacet
  facet normal 0 0 1
    outer loop
      vertex -14.1434 -39.7804 4.4
      vertex -14.5079 -24.6725 4.4
      vertex -14.1971 -39.8048 4.4
    endloop
  endfacet
  facet normal 0 0 1
    outer loop
      vertex -14.5079 -24.6725 4.4
      vertex -14.5606 -24.6509 4.4
      vertex -14.1971 -39.8048 4.4
    endloop
  endfacet
  facet normal 0 0 1
    outer loop
      vertex -14.5606 -24.6509 4.4
      vertex -14.2507 -39.8316 4.4
      vertex -14.1971 -39.8048 4.4
    endloop
  endfacet
  facet normal 0 0 1
    outer loop
      vertex -14.6118 -24.6265 4.4
      vertex -14.3048 -39.8609 4.4
      vertex -14.5606 -24.6509 4.4
    endloop
  endfacet
  facet normal 0 0 1
    outer loop
      vertex -14.6629 -24.599 4.4
      vertex -15.4309 -24.2776 4.4
      vertex -15.5243 -24.2496 4.4
    endloop
  endfacet
  facet normal 0 0 1
    outer loop
      vertex -14.7153 -24.5684 4.4
      vertex -15.1762 -24.3603 4.4
      vertex -14.6629 -24.599 4.4
    endloop
  endfacet
  facet normal 0 0 1
    outer loop
      vertex -15.1009 -24.3871 4.4
      vertex -15.1762 -24.3603 4.4
      vertex -14.7153 -24.5684 4.4
    endloop
  endfacet
  facet normal 0 0 1
    outer loop
      vertex -15.0308 -24.4135 4.4
      vertex -14.7153 -24.5684 4.4
      vertex -14.9664 -24.4392 4.4
    endloop
  endfacet
  facet normal 0 0 1
    outer loop
      vertex -14.7153 -24.5684 4.4
      vertex -14.9078 -24.4643 4.4
      vertex -14.9664 -24.4392 4.4
    endloop
  endfacet
  facet normal 0 0 1
    outer loop
      vertex -15.1009 -24.3871 4.4
      vertex -14.7153 -24.5684 4.4
      vertex -15.0308 -24.4135 4.4
    endloop
  endfacet
  facet normal 0 0 1
    outer loop
      vertex -14.9078 -24.4643 4.4
      vertex -14.7153 -24.5684 4.4
      vertex -14.7704 -24.5345 4.4
    endloop
  endfacet
  facet normal 0 0 1
    outer loop
      vertex -14.9078 -24.4643 4.4
      vertex -14.7704 -24.5345 4.4
      vertex -14.8554 -24.4885 4.4
    endloop
  endfacet
  facet normal 0 0 1
    outer loop
      vertex -14.7704 -24.5345 4.4
      vertex -14.8095 -24.512 4.4
      vertex -14.8554 -24.4885 4.4
    endloop
  endfacet
  facet normal 0 0 1
    outer loop
      vertex -15.1762 -24.3603 4.4
      vertex -15.2566 -24.333 4.4
      vertex -14.6629 -24.599 4.4
    endloop
  endfacet
  facet normal 0 0 1
    outer loop
      vertex -15.2566 -24.333 4.4
      vertex -15.3415 -24.3055 4.4
      vertex -14.6629 -24.599 4.4
    endloop
  endfacet
  facet normal 0 0 1
    outer loop
      vertex -15.3415 -24.3055 4.4
      vertex -15.4309 -24.2776 4.4
      vertex -14.6629 -24.599 4.4
    endloop
  endfacet
  facet normal 0 0 1
    outer loop
      vertex -15.722 -24.1934 4.4
      vertex -14.6118 -24.6265 4.4
      vertex -15.6214 -24.2215 4.4
    endloop
  endfacet
  facet normal 0 0 1
    outer loop
      vertex -15.8258 -24.1654 4.4
      vertex -14.6118 -24.6265 4.4
      vertex -15.722 -24.1934 4.4
    endloop
  endfacet
  facet normal 0 0 1
    outer loop
      vertex -14.3048 -39.8609 4.4
      vertex -14.6118 -24.6265 4.4
      vertex -15.8258 -24.1654 4.4
    endloop
  endfacet
  facet normal 0 0 1
    outer loop
      vertex -14.3048 -39.8609 4.4
      vertex -15.8258 -24.1654 4.4
      vertex -15.9323 -24.1375 4.4
    endloop
  endfacet
  facet normal 0 0 1
    outer loop
      vertex -14.3048 -39.8609 4.4
      vertex -15.9323 -24.1375 4.4
      vertex -14.3599 -39.8928 4.4
    endloop
  endfacet
  facet normal 0 0 1
    outer loop
      vertex -15.9323 -24.1375 4.4
      vertex -16.0414 -24.1099 4.4
      vertex -14.3599 -39.8928 4.4
    endloop
  endfacet
  facet normal 0 0 1
    outer loop
      vertex -16.0414 -24.1099 4.4
      vertex -16.1527 -24.0827 4.4
      vertex -14.3599 -39.8928 4.4
    endloop
  endfacet
  facet normal 0 0 1
    outer loop
      vertex -16.1527 -24.0827 4.4
      vertex -16.266 -24.0558 4.4
      vertex -14.3599 -39.8928 4.4
    endloop
  endfacet
  facet normal 0 0 1
    outer loop
      vertex -16.266 -24.0558 4.4
      vertex -14.4164 -39.9276 4.4
      vertex -14.3599 -39.8928 4.4
    endloop
  endfacet
  facet normal 0 0 1
    outer loop
      vertex -16.3808 -24.0295 4.4
      vertex -14.4164 -39.9276 4.4
      vertex -16.266 -24.0558 4.4
    endloop
  endfacet
  facet normal 0 0 1
    outer loop
      vertex -16.4969 -24.0038 4.4
      vertex -14.4164 -39.9276 4.4
      vertex -16.3808 -24.0295 4.4
    endloop
  endfacet
  facet normal 0 -0 1
    outer loop
      vertex -15.776 -40.595 4.4
      vertex -14.4164 -39.9276 4.4
      vertex -16.4969 -24.0038 4.4
    endloop
  endfacet
  facet normal 0 0 1
    outer loop
      vertex -15.776 -40.595 4.4
      vertex -16.4969 -24.0038 4.4
      vertex -16.708 -23.9602 4.4
    endloop
  endfacet
  facet normal 0 0 1
    outer loop
      vertex -15.776 -40.595 4.4
      vertex -16.708 -23.9602 4.4
      vertex -15.9297 -40.6488 4.4
    endloop
  endfacet
  facet normal 0 0 1
    outer loop
      vertex -16.708 -23.9602 4.4
      vertex -16.0873 -40.7014 4.4
      vertex -15.9297 -40.6488 4.4
    endloop
  endfacet
  facet normal 0 -0 1
    outer loop
      vertex -16.2481 -40.7528 4.4
      vertex -16.0873 -40.7014 4.4
      vertex -16.708 -23.9602 4.4
    endloop
  endfacet
  facet normal 0 0 1
    outer loop
      vertex -16.2481 -40.7528 4.4
      vertex -16.708 -23.9602 4.4
      vertex -16.8986 -23.9204 4.4
    endloop
  endfacet
  facet normal 0 0 1
    outer loop
      vertex -16.2481 -40.7528 4.4
      vertex -16.8986 -23.9204 4.4
      vertex -16.4114 -40.8026 4.4
    endloop
  endfacet
  facet normal 0 0 1
    outer loop
      vertex -16.8986 -23.9204 4.4
      vertex -16.5767 -40.8505 4.4
      vertex -16.4114 -40.8026 4.4
    endloop
  endfacet
  facet normal 0 0 1
    outer loop
      vertex -17.0705 -23.8835 4.4
      vertex -16.5767 -40.8505 4.4
      vertex -16.8986 -23.9204 4.4
    endloop
  endfacet
  facet normal 0 -0 1
    outer loop
      vertex -16.7431 -40.8965 4.4
      vertex -16.5767 -40.8505 4.4
      vertex -17.0705 -23.8835 4.4
    endloop
  endfacet
  facet normal 0 0 1
    outer loop
      vertex -16.7431 -40.8965 4.4
      vertex -17.0705 -23.8835 4.4
      vertex -16.9101 -40.9402 4.4
    endloop
  endfacet
  facet normal 0 0 1
    outer loop
      vertex -17.0705 -23.8835 4.4
      vertex -17.077 -40.9813 4.4
      vertex -16.9101 -40.9402 4.4
    endloop
  endfacet
  facet normal 0 0 1
    outer loop
      vertex -17.2253 -23.8487 4.4
      vertex -17.077 -40.9813 4.4
      vertex -17.0705 -23.8835 4.4
    endloop
  endfacet
  facet normal 0 0 1
    outer loop
      vertex -17.243 -41.0198 4.4
      vertex -17.077 -40.9813 4.4
      vertex -17.2253 -23.8487 4.4
    endloop
  endfacet
  facet normal 0 -0 1
    outer loop
      vertex -17.243 -41.0198 4.4
      vertex -17.2253 -23.8487 4.4
      vertex -17.4076 -41.0552 4.4
    endloop
  endfacet
  facet normal 0 0 1
    outer loop
      vertex -17.2253 -23.8487 4.4
      vertex -17.4448 -41.063 4.4
      vertex -17.4076 -41.0552 4.4
    endloop
  endfacet
  facet normal 0 0 1
    outer loop
      vertex -17.3651 -23.8153 4.4
      vertex -17.4448 -41.063 4.4
      vertex -17.2253 -23.8487 4.4
    endloop
  endfacet
  facet normal 0 0 1
    outer loop
      vertex -17.4915 -23.7824 4.4
      vertex -17.4448 -41.063 4.4
      vertex -17.3651 -23.8153 4.4
    endloop
  endfacet
  facet normal 0 -0 1
    outer loop
      vertex -17.4822 -41.0728 4.4
      vertex -17.4448 -41.063 4.4
      vertex -17.4915 -23.7824 4.4
    endloop
  endfacet
  facet normal 0 0 1
    outer loop
      vertex -17.4822 -41.0728 4.4
      vertex -17.4915 -23.7824 4.4
      vertex -17.6064 -23.7492 4.4
    endloop
  endfacet
  facet normal 0 0 1
    outer loop
      vertex -17.4822 -41.0728 4.4
      vertex -17.6064 -23.7492 4.4
      vertex -17.5198 -41.0846 4.4
    endloop
  endfacet
  facet normal 0 0 1
    outer loop
      vertex -17.6064 -23.7492 4.4
      vertex -17.7115 -23.7149 4.4
      vertex -17.5198 -41.0846 4.4
    endloop
  endfacet
  facet normal 0 0 1
    outer loop
      vertex -17.7115 -23.7149 4.4
      vertex -17.5577 -41.0983 4.4
      vertex -17.5198 -41.0846 4.4
    endloop
  endfacet
  facet normal 0 0 1
    outer loop
      vertex -17.8087 -23.6786 4.4
      vertex -17.5577 -41.0983 4.4
      vertex -17.7115 -23.7149 4.4
    endloop
  endfacet
  facet normal 0 -0 1
    outer loop
      vertex -17.5957 -41.114 4.4
      vertex -17.5577 -41.0983 4.4
      vertex -17.8087 -23.6786 4.4
    endloop
  endfacet
  facet normal 0 0 1
    outer loop
      vertex -17.5957 -41.114 4.4
      vertex -17.8087 -23.6786 4.4
      vertex -17.634 -41.1315 4.4
    endloop
  endfacet
  facet normal 0 0 1
    outer loop
      vertex -17.8087 -23.6786 4.4
      vertex -17.8997 -23.6396 4.4
      vertex -17.634 -41.1315 4.4
    endloop
  endfacet
  facet normal 0 0 1
    outer loop
      vertex -17.8997 -23.6396 4.4
      vertex -17.6724 -41.151 4.4
      vertex -17.634 -41.1315 4.4
    endloop
  endfacet
  facet normal 0 0 1
    outer loop
      vertex -17.9865 -23.597 4.4
      vertex -17.7109 -41.1723 4.4
      vertex -17.6724 -41.151 4.4
    endloop
  endfacet
  facet normal 0 -0 1
    outer loop
      vertex -17.7495 -41.1954 4.4
      vertex -17.7109 -41.1723 4.4
      vertex -17.9865 -23.597 4.4
    endloop
  endfacet
  facet normal 0 0 1
    outer loop
      vertex -17.7495 -41.1954 4.4
      vertex -17.9865 -23.597 4.4
      vertex -18.0706 -23.5501 4.4
    endloop
  endfacet
  facet normal 0 0 1
    outer loop
      vertex -17.7495 -41.1954 4.4
      vertex -18.0706 -23.5501 4.4
      vertex -17.7883 -41.2204 4.4
    endloop
  endfacet
  facet normal 0 0 1
    outer loop
      vertex -18.0706 -23.5501 4.4
      vertex -19.9881 -42.2512 4.4
      vertex -17.7883 -41.2204 4.4
    endloop
  endfacet
  facet normal 0 0 1
    outer loop
      vertex -18.1541 -23.498 4.4
      vertex -19.9881 -42.2512 4.4
      vertex -18.0706 -23.5501 4.4
    endloop
  endfacet
  facet normal 0 0 1
    outer loop
      vertex -18.2385 -23.4398 4.4
      vertex -19.9881 -42.2512 4.4
      vertex -18.1541 -23.498 4.4
    endloop
  endfacet
  facet normal 0 0 1
    outer loop
      vertex -18.3259 -23.3749 4.4
      vertex -22.1217 -21.9026 4.4
      vertex -22.2849 -21.8902 4.4
    endloop
  endfacet
  facet normal 0 0 1
    outer loop
      vertex -18.4179 -23.3024 4.4
      vertex -21.9516 -21.9147 4.4
      vertex -18.3259 -23.3749 4.4
    endloop
  endfacet
  facet normal 0 0 1
    outer loop
      vertex -21.4355 -21.952 4.4
      vertex -18.6231 -23.1312 4.4
      vertex -21.2084 -21.9714 4.4
    endloop
  endfacet
  facet normal 0 0 1
    outer loop
      vertex -20.8082 -22.0145 4.4
      vertex -20.9999 -21.9921 4.4
      vertex -18.8685 -22.9197 4.4
    endloop
  endfacet
  facet normal 0 0 1
    outer loop
      vertex -19.1234 -22.7056 4.4
      vertex -20.6319 -22.0393 4.4
      vertex -18.9996 -22.8078 4.4
    endloop
  endfacet
  facet normal 0 0 1
    outer loop
      vertex -19.2416 -22.6124 4.4
      vertex -20.3186 -22.0977 4.4
      vertex -20.4692 -22.0668 4.4
    endloop
  endfacet
  facet normal 0 0 1
    outer loop
      vertex -20.1785 -22.1324 4.4
      vertex -19.4677 -22.4514 4.4
      vertex -20.0472 -22.1716 4.4
    endloop
  endfacet
  facet normal 0 0 1
    outer loop
      vertex -19.9232 -22.2156 4.4
      vertex -19.5787 -22.3825 4.4
      vertex -19.6906 -22.3205 4.4
    endloop
  endfacet
  facet normal 0 0 1
    outer loop
      vertex -19.9232 -22.2156 4.4
      vertex -19.6906 -22.3205 4.4
      vertex -19.8049 -22.2651 4.4
    endloop
  endfacet
  facet normal 0 0 1
    outer loop
      vertex -20.0472 -22.1716 4.4
      vertex -19.5787 -22.3825 4.4
      vertex -19.9232 -22.2156 4.4
    endloop
  endfacet
  facet normal 0 0 1
    outer loop
      vertex -19.4677 -22.4514 4.4
      vertex -19.5787 -22.3825 4.4
      vertex -20.0472 -22.1716 4.4
    endloop
  endfacet
  facet normal 0 0 1
    outer loop
      vertex -19.3558 -22.5279 4.4
      vertex -19.4677 -22.4514 4.4
      vertex -20.1785 -22.1324 4.4
    endloop
  endfacet
  facet normal 0 0 1
    outer loop
      vertex -19.3558 -22.5279 4.4
      vertex -20.1785 -22.1324 4.4
      vertex -20.3186 -22.0977 4.4
    endloop
  endfacet
  facet normal 0 0 1
    outer loop
      vertex -19.3558 -22.5279 4.4
      vertex -20.3186 -22.0977 4.4
      vertex -19.2416 -22.6124 4.4
    endloop
  endfacet
  facet normal 0 0 1
    outer loop
      vertex -19.2416 -22.6124 4.4
      vertex -20.4692 -22.0668 4.4
      vertex -19.1234 -22.7056 4.4
    endloop
  endfacet
  facet normal 0 0 1
    outer loop
      vertex -20.4692 -22.0668 4.4
      vertex -20.6319 -22.0393 4.4
      vertex -19.1234 -22.7056 4.4
    endloop
  endfacet
  facet normal 0 0 1
    outer loop
      vertex -20.6319 -22.0393 4.4
      vertex -20.8082 -22.0145 4.4
      vertex -18.9996 -22.8078 4.4
    endloop
  endfacet
  facet normal 0 0 1
    outer loop
      vertex -20.8082 -22.0145 4.4
      vertex -18.8685 -22.9197 4.4
      vertex -18.9996 -22.8078 4.4
    endloop
  endfacet
  facet normal 0 0 1
    outer loop
      vertex -20.9999 -21.9921 4.4
      vertex -18.7399 -23.0309 4.4
      vertex -18.8685 -22.9197 4.4
    endloop
  endfacet
  facet normal 0 0 1
    outer loop
      vertex -21.2084 -21.9714 4.4
      vertex -18.7399 -23.0309 4.4
      vertex -20.9999 -21.9921 4.4
    endloop
  endfacet
  facet normal 0 0 1
    outer loop
      vertex -21.4355 -21.952 4.4
      vertex -18.5164 -23.2214 4.4
      vertex -18.6231 -23.1312 4.4
    endloop
  endfacet
  facet normal 0 0 1
    outer loop
      vertex -21.6827 -21.9332 4.4
      vertex -18.5164 -23.2214 4.4
      vertex -21.4355 -21.952 4.4
    endloop
  endfacet
  facet normal 0 0 1
    outer loop
      vertex -18.4179 -23.3024 4.4
      vertex -18.5164 -23.2214 4.4
      vertex -21.6827 -21.9332 4.4
    endloop
  endfacet
  facet normal 0 0 1
    outer loop
      vertex -18.4179 -23.3024 4.4
      vertex -21.6827 -21.9332 4.4
      vertex -21.9516 -21.9147 4.4
    endloop
  endfacet
  facet normal 0 0 1
    outer loop
      vertex -18.3259 -23.3749 4.4
      vertex -21.9516 -21.9147 4.4
      vertex -22.1217 -21.9026 4.4
    endloop
  endfacet
  facet normal 0 0 1
    outer loop
      vertex -18.2385 -23.4398 4.4
      vertex -18.3259 -23.3749 4.4
      vertex -22.2849 -21.8902 4.4
    endloop
  endfacet
  facet normal 0 0 1
    outer loop
      vertex -18.2385 -23.4398 4.4
      vertex -22.2849 -21.8902 4.4
      vertex -19.9881 -42.2512 4.4
    endloop
  endfacet
  facet normal 0 0 1
    outer loop
      vertex -22.2849 -21.8902 4.4
      vertex -20.0487 -42.2762 4.4
      vertex -19.9881 -42.2512 4.4
    endloop
  endfacet
  facet normal 0 0 1
    outer loop
      vertex -22.4416 -21.8774 4.4
      vertex -20.0487 -42.2762 4.4
      vertex -22.2849 -21.8902 4.4
    endloop
  endfacet
  facet normal 0 0 1
    outer loop
      vertex -22.5918 -21.8642 4.4
      vertex -20.0487 -42.2762 4.4
      vertex -22.4416 -21.8774 4.4
    endloop
  endfacet
  facet normal 0 0 1
    outer loop
      vertex -22.7359 -21.8505 4.4
      vertex -20.0487 -42.2762 4.4
      vertex -22.5918 -21.8642 4.4
    endloop
  endfacet
  facet normal 0 0 1
    outer loop
      vertex -22.8741 -21.8362 4.4
      vertex -20.0487 -42.2762 4.4
      vertex -22.7359 -21.8505 4.4
    endloop
  endfacet
  facet normal 0 0 1
    outer loop
      vertex -23.0068 -21.8214 4.4
      vertex -20.0487 -42.2762 4.4
      vertex -22.8741 -21.8362 4.4
    endloop
  endfacet
  facet normal 0 0 1
    outer loop
      vertex -23.134 -21.8061 4.4
      vertex -20.0487 -42.2762 4.4
      vertex -23.0068 -21.8214 4.4
    endloop
  endfacet
  facet normal 0 0 1
    outer loop
      vertex -23.2562 -21.7901 4.4
      vertex -23.3734 -21.7735 4.4
      vertex -29.9037 -24.1341 4.4
    endloop
  endfacet
  facet normal 0 0 1
    outer loop
      vertex -23.6984 -21.7195 4.4
      vertex -29.5505 -23.7745 4.4
      vertex -23.5943 -21.7382 4.4
    endloop
  endfacet
  facet normal 0 0 1
    outer loop
      vertex -29.2937 -23.4972 4.4
      vertex -23.8953 -21.6797 4.4
      vertex -23.9886 -21.6585 4.4
    endloop
  endfacet
  facet normal -0 0 1
    outer loop
      vertex -29.1327 -23.3152 4.4
      vertex -29.2119 -23.4056 4.4
      vertex -24.0787 -21.6364 4.4
    endloop
  endfacet
  facet normal -0 0 1
    outer loop
      vertex -29.0564 -23.2264 4.4
      vertex -29.1327 -23.3152 4.4
      vertex -24.1659 -21.6134 4.4
    endloop
  endfacet
  facet normal -0 0 1
    outer loop
      vertex -28.9836 -23.1396 4.4
      vertex -29.0564 -23.2264 4.4
      vertex -24.2505 -21.5895 4.4
    endloop
  endfacet
  facet normal -0 0 1
    outer loop
      vertex -28.7029 -22.8013 4.4
      vertex -28.9147 -23.0552 4.4
      vertex -24.3327 -21.5646 4.4
    endloop
  endfacet
  facet normal -0 0 1
    outer loop
      vertex -28.4939 -22.5677 4.4
      vertex -28.7029 -22.8013 4.4
      vertex -24.6229 -21.4742 4.4
    endloop
  endfacet
  facet normal 0 0 1
    outer loop
      vertex -25.171 -21.3412 4.4
      vertex -28.2869 -22.3543 4.4
      vertex -24.9021 -21.3996 4.4
    endloop
  endfacet
  facet normal 0 0 1
    outer loop
      vertex -25.4304 -21.299 4.4
      vertex -28.0812 -22.1608 4.4
      vertex -25.171 -21.3412 4.4
    endloop
  endfacet
  facet normal -0 0 1
    outer loop
      vertex -28.0812 -22.1608 4.4
      vertex -28.2869 -22.3543 4.4
      vertex -25.171 -21.3412 4.4
    endloop
  endfacet
  facet normal -0 0 1
    outer loop
      vertex -27.6704 -21.8326 4.4
      vertex -27.8759 -21.987 4.4
      vertex -25.681 -21.2735 4.4
    endloop
  endfacet
  facet normal -0 0 1
    outer loop
      vertex -26.1591 -21.2732 4.4
      vertex -27.4638 -21.6973 4.4
      vertex -25.9237 -21.2648 4.4
    endloop
  endfacet
  facet normal 0 0 1
    outer loop
      vertex -27.0444 -21.4831 4.4
      vertex -26.6116 -21.3424 4.4
      vertex -26.83 -21.4037 4.4
    endloop
  endfacet
  facet normal 0 0 1
    outer loop
      vertex -26.3882 -21.299 4.4
      vertex -26.6116 -21.3424 4.4
      vertex -27.0444 -21.4831 4.4
    endloop
  endfacet
  facet normal 0 0 1
    outer loop
      vertex -26.3882 -21.299 4.4
      vertex -27.0444 -21.4831 4.4
      vertex -27.2554 -21.5809 4.4
    endloop
  endfacet
  facet normal -0 0 1
    outer loop
      vertex -26.3882 -21.299 4.4
      vertex -27.2554 -21.5809 4.4
      vertex -26.1591 -21.2732 4.4
    endloop
  endfacet
  facet normal -0 0 1
    outer loop
      vertex -27.2554 -21.5809 4.4
      vertex -27.4638 -21.6973 4.4
      vertex -26.1591 -21.2732 4.4
    endloop
  endfacet
  facet normal -0 0 1
    outer loop
      vertex -27.4638 -21.6973 4.4
      vertex -27.6704 -21.8326 4.4
      vertex -25.9237 -21.2648 4.4
    endloop
  endfacet
  facet normal 0 0 1
    outer loop
      vertex -27.6704 -21.8326 4.4
      vertex -25.681 -21.2735 4.4
      vertex -25.9237 -21.2648 4.4
    endloop
  endfacet
  facet normal 0 0 1
    outer loop
      vertex -27.8759 -21.987 4.4
      vertex -25.4304 -21.299 4.4
      vertex -25.681 -21.2735 4.4
    endloop
  endfacet
  facet normal 0 0 1
    outer loop
      vertex -24.9021 -21.3996 4.4
      vertex -28.2869 -22.3543 4.4
      vertex -28.4939 -22.5677 4.4
    endloop
  endfacet
  facet normal 0 0 1
    outer loop
      vertex -24.3327 -21.5646 4.4
      vertex -24.6229 -21.4742 4.4
      vertex -28.7029 -22.8013 4.4
    endloop
  endfacet
  facet normal 0 0 1
    outer loop
      vertex -28.9836 -23.1396 4.4
      vertex -24.3327 -21.5646 4.4
      vertex -28.9147 -23.0552 4.4
    endloop
  endfacet
  facet normal 0 0 1
    outer loop
      vertex -24.2505 -21.5895 4.4
      vertex -24.3327 -21.5646 4.4
      vertex -28.9836 -23.1396 4.4
    endloop
  endfacet
  facet normal 0 0 1
    outer loop
      vertex -24.1659 -21.6134 4.4
      vertex -24.2505 -21.5895 4.4
      vertex -29.0564 -23.2264 4.4
    endloop
  endfacet
  facet normal 0 0 1
    outer loop
      vertex -24.0787 -21.6364 4.4
      vertex -24.1659 -21.6134 4.4
      vertex -29.1327 -23.3152 4.4
    endloop
  endfacet
  facet normal 0 0 1
    outer loop
      vertex -23.9886 -21.6585 4.4
      vertex -24.0787 -21.6364 4.4
      vertex -29.2119 -23.4056 4.4
    endloop
  endfacet
  facet normal 0 0 1
    outer loop
      vertex -23.9886 -21.6585 4.4
      vertex -29.2119 -23.4056 4.4
      vertex -29.2937 -23.4972 4.4
    endloop
  endfacet
  facet normal 0 0 1
    outer loop
      vertex -23.8953 -21.6797 4.4
      vertex -29.2937 -23.4972 4.4
      vertex -29.3777 -23.5895 4.4
    endloop
  endfacet
  facet normal 0 0 1
    outer loop
      vertex -23.8953 -21.6797 4.4
      vertex -29.3777 -23.5895 4.4
      vertex -23.7987 -21.7 4.4
    endloop
  endfacet
  facet normal 0 0 1
    outer loop
      vertex -23.7987 -21.7 4.4
      vertex -29.4634 -23.6821 4.4
      vertex -23.6984 -21.7195 4.4
    endloop
  endfacet
  facet normal -0 0 1
    outer loop
      vertex -29.4634 -23.6821 4.4
      vertex -29.5505 -23.7745 4.4
      vertex -23.6984 -21.7195 4.4
    endloop
  endfacet
  facet normal -0 0 1
    outer loop
      vertex -29.5505 -23.7745 4.4
      vertex -29.6385 -23.8663 4.4
      vertex -23.5943 -21.7382 4.4
    endloop
  endfacet
  facet normal 0 0 1
    outer loop
      vertex -29.6385 -23.8663 4.4
      vertex -23.4861 -21.7562 4.4
      vertex -23.5943 -21.7382 4.4
    endloop
  endfacet
  facet normal 0 0 1
    outer loop
      vertex -29.727 -23.9572 4.4
      vertex -23.4861 -21.7562 4.4
      vertex -29.6385 -23.8663 4.4
    endloop
  endfacet
  facet normal 0 0 1
    outer loop
      vertex -23.3734 -21.7735 4.4
      vertex -23.4861 -21.7562 4.4
      vertex -29.727 -23.9572 4.4
    endloop
  endfacet
  facet normal 0 0 1
    outer loop
      vertex -23.3734 -21.7735 4.4
      vertex -29.727 -23.9572 4.4
      vertex -29.8155 -24.0466 4.4
    endloop
  endfacet
  facet normal 0 0 1
    outer loop
      vertex -23.3734 -21.7735 4.4
      vertex -29.8155 -24.0466 4.4
      vertex -29.9037 -24.1341 4.4
    endloop
  endfacet
  facet normal 0 0 1
    outer loop
      vertex -23.2562 -21.7901 4.4
      vertex -29.9037 -24.1341 4.4
      vertex -29.9911 -24.2194 4.4
    endloop
  endfacet
  facet normal 0 0 1
    outer loop
      vertex -23.2562 -21.7901 4.4
      vertex -29.9911 -24.2194 4.4
      vertex -23.134 -21.8061 4.4
    endloop
  endfacet
  facet normal -0 0 1
    outer loop
      vertex -29.9911 -24.2194 4.4
      vertex -20.0487 -42.2762 4.4
      vertex -23.134 -21.8061 4.4
    endloop
  endfacet
  facet normal 0 -0 1
    outer loop
      vertex -20.0995 -42.308 4.4
      vertex -20.0487 -42.2762 4.4
      vertex -29.9911 -24.2194 4.4
    endloop
  endfacet
  facet normal 0 0 1
    outer loop
      vertex -20.0995 -42.308 4.4
      vertex -29.9911 -24.2194 4.4
      vertex -30.0774 -24.3018 4.4
    endloop
  endfacet
  facet normal 0 0 1
    outer loop
      vertex -20.0995 -42.308 4.4
      vertex -30.0774 -24.3018 4.4
      vertex -30.162 -24.3812 4.4
    endloop
  endfacet
  facet normal 0 0 1
    outer loop
      vertex -20.0995 -42.308 4.4
      vertex -30.162 -24.3812 4.4
      vertex -30.2446 -24.4569 4.4
    endloop
  endfacet
  facet normal 0 0 1
    outer loop
      vertex -20.0995 -42.308 4.4
      vertex -30.2446 -24.4569 4.4
      vertex -30.3248 -24.5286 4.4
    endloop
  endfacet
  facet normal 0 0 1
    outer loop
      vertex -20.0995 -42.308 4.4
      vertex -30.3248 -24.5286 4.4
      vertex -30.4021 -24.5958 4.4
    endloop
  endfacet
  facet normal 0 0 1
    outer loop
      vertex -20.0995 -42.308 4.4
      vertex -30.4021 -24.5958 4.4
      vertex -30.4761 -24.6582 4.4
    endloop
  endfacet
  facet normal 0 0 1
    outer loop
      vertex -20.0995 -42.308 4.4
      vertex -30.4761 -24.6582 4.4
      vertex -30.5464 -24.7152 4.4
    endloop
  endfacet
  facet normal 0 0 1
    outer loop
      vertex -20.0995 -42.308 4.4
      vertex -30.5464 -24.7152 4.4
      vertex -20.1403 -42.3465 4.4
    endloop
  endfacet
  facet normal 0 0 1
    outer loop
      vertex -30.5464 -24.7152 4.4
      vertex -31.3622 -25.3814 4.4
      vertex -20.1403 -42.3465 4.4
    endloop
  endfacet
  facet normal 0 0 1
    outer loop
      vertex -31.3622 -25.3814 4.4
      vertex -20.1713 -42.3919 4.4
      vertex -20.1403 -42.3465 4.4
    endloop
  endfacet
  facet normal 0 -0 1
    outer loop
      vertex -20.1924 -42.4442 4.4
      vertex -20.1713 -42.3919 4.4
      vertex -31.3622 -25.3814 4.4
    endloop
  endfacet
  facet normal 0 0 1
    outer loop
      vertex -20.1924 -42.4442 4.4
      vertex -31.3622 -25.3814 4.4
      vertex -20.2038 -42.5035 4.4
    endloop
  endfacet
  facet normal 0 0 1
    outer loop
      vertex -31.3622 -25.3814 4.4
      vertex -20.2053 -42.5696 4.4
      vertex -20.2038 -42.5035 4.4
    endloop
  endfacet
  facet normal 0 0 1
    outer loop
      vertex -20.197 -42.6427 4.4
      vertex -20.2053 -42.5696 4.4
      vertex -31.3622 -25.3814 4.4
    endloop
  endfacet
  facet normal 0 0 1
    outer loop
      vertex -34.7014 -23.6085 4.4
      vertex -31.3622 -25.3814 4.4
      vertex -34.4605 -23.6339 4.4
    endloop
  endfacet
  facet normal 0 0 1
    outer loop
      vertex -33.8425 -23.7129 4.4
      vertex -31.9504 -24.7265 4.4
      vertex -33.6673 -23.7419 4.4
    endloop
  endfacet
  facet normal 0 0 1
    outer loop
      vertex -32.5428 -24.1634 4.4
      vertex -32.7452 -24.0354 4.4
      vertex -32.8529 -23.9802 4.4
    endloop
  endfacet
  facet normal 0 0 1
    outer loop
      vertex -32.6423 -24.0963 4.4
      vertex -32.7452 -24.0354 4.4
      vertex -32.5428 -24.1634 4.4
    endloop
  endfacet
  facet normal 0 0 1
    outer loop
      vertex -32.5428 -24.1634 4.4
      vertex -32.8529 -23.9802 4.4
      vertex -32.4456 -24.2374 4.4
    endloop
  endfacet
  facet normal 0 0 1
    outer loop
      vertex -32.8529 -23.9802 4.4
      vertex -32.9666 -23.9304 4.4
      vertex -32.4456 -24.2374 4.4
    endloop
  endfacet
  facet normal 0 0 1
    outer loop
      vertex -32.9666 -23.9304 4.4
      vertex -32.3494 -24.3186 4.4
      vertex -32.4456 -24.2374 4.4
    endloop
  endfacet
  facet normal 0 0 1
    outer loop
      vertex -33.0874 -23.8852 4.4
      vertex -32.3494 -24.3186 4.4
      vertex -32.9666 -23.9304 4.4
    endloop
  endfacet
  facet normal 0 0 1
    outer loop
      vertex -32.253 -24.4076 4.4
      vertex -32.3494 -24.3186 4.4
      vertex -33.0874 -23.8852 4.4
    endloop
  endfacet
  facet normal 0 0 1
    outer loop
      vertex -32.253 -24.4076 4.4
      vertex -33.0874 -23.8852 4.4
      vertex -33.2167 -23.8443 4.4
    endloop
  endfacet
  facet normal 0 0 1
    outer loop
      vertex -32.253 -24.4076 4.4
      vertex -33.2167 -23.8443 4.4
      vertex -32.1552 -24.5049 4.4
    endloop
  endfacet
  facet normal 0 0 1
    outer loop
      vertex -33.2167 -23.8443 4.4
      vertex -33.3556 -23.8071 4.4
      vertex -32.1552 -24.5049 4.4
    endloop
  endfacet
  facet normal 0 0 1
    outer loop
      vertex -33.3556 -23.8071 4.4
      vertex -32.0547 -24.611 4.4
      vertex -32.1552 -24.5049 4.4
    endloop
  endfacet
  facet normal 0 0 1
    outer loop
      vertex -33.5054 -23.7732 4.4
      vertex -32.0547 -24.611 4.4
      vertex -33.3556 -23.8071 4.4
    endloop
  endfacet
  facet normal 0 0 1
    outer loop
      vertex -31.9504 -24.7265 4.4
      vertex -32.0547 -24.611 4.4
      vertex -33.5054 -23.7732 4.4
    endloop
  endfacet
  facet normal 0 0 1
    outer loop
      vertex -31.9504 -24.7265 4.4
      vertex -33.5054 -23.7732 4.4
      vertex -33.6673 -23.7419 4.4
    endloop
  endfacet
  facet normal 0 0 1
    outer loop
      vertex -34.0323 -23.6855 4.4
      vertex -31.9504 -24.7265 4.4
      vertex -33.8425 -23.7129 4.4
    endloop
  endfacet
  facet normal 0 0 1
    outer loop
      vertex -34.2379 -23.6593 4.4
      vertex -31.9504 -24.7265 4.4
      vertex -34.0323 -23.6855 4.4
    endloop
  endfacet
  facet normal 0 0 1
    outer loop
      vertex -31.3622 -25.3814 4.4
      vertex -31.9504 -24.7265 4.4
      vertex -34.2379 -23.6593 4.4
    endloop
  endfacet
  facet normal 0 0 1
    outer loop
      vertex -31.3622 -25.3814 4.4
      vertex -34.2379 -23.6593 4.4
      vertex -34.4605 -23.6339 4.4
    endloop
  endfacet
  facet normal 0 0 1
    outer loop
      vertex -34.9927 -23.5766 4.4
      vertex -31.3622 -25.3814 4.4
      vertex -34.7014 -23.6085 4.4
    endloop
  endfacet
  facet normal 0 0 1
    outer loop
      vertex -35.2726 -23.5417 4.4
      vertex -31.3622 -25.3814 4.4
      vertex -34.9927 -23.5766 4.4
    endloop
  endfacet
  facet normal 0 0 1
    outer loop
      vertex -35.542 -23.5033 4.4
      vertex -31.3622 -25.3814 4.4
      vertex -35.2726 -23.5417 4.4
    endloop
  endfacet
  facet normal 0 0 1
    outer loop
      vertex -35.8019 -23.4612 4.4
      vertex -31.3622 -25.3814 4.4
      vertex -35.542 -23.5033 4.4
    endloop
  endfacet
  facet normal 0 0 1
    outer loop
      vertex -36.0535 -23.415 4.4
      vertex -31.3622 -25.3814 4.4
      vertex -35.8019 -23.4612 4.4
    endloop
  endfacet
  facet normal 0 0 1
    outer loop
      vertex -36.2978 -23.3643 4.4
      vertex -31.3622 -25.3814 4.4
      vertex -36.0535 -23.415 4.4
    endloop
  endfacet
  facet normal 0 0 1
    outer loop
      vertex -36.5358 -23.3089 4.4
      vertex -31.3622 -25.3814 4.4
      vertex -36.2978 -23.3643 4.4
    endloop
  endfacet
  facet normal 0 0 1
    outer loop
      vertex -20.197 -42.6427 4.4
      vertex -31.3622 -25.3814 4.4
      vertex -36.5358 -23.3089 4.4
    endloop
  endfacet
  facet normal 0 0 1
    outer loop
      vertex -20.197 -42.6427 4.4
      vertex -36.5358 -23.3089 4.4
      vertex -36.7686 -23.2483 4.4
    endloop
  endfacet
  facet normal 0 0 1
    outer loop
      vertex -20.197 -42.6427 4.4
      vertex -36.7686 -23.2483 4.4
      vertex -36.9971 -23.1822 4.4
    endloop
  endfacet
  facet normal 0 0 1
    outer loop
      vertex -20.197 -42.6427 4.4
      vertex -36.9971 -23.1822 4.4
      vertex -20.1789 -42.7229 4.4
    endloop
  endfacet
  facet normal 0 0 1
    outer loop
      vertex -36.9971 -23.1822 4.4
      vertex -37.2225 -23.1103 4.4
      vertex -66.5 -48 4.4
    endloop
  endfacet
  facet normal 0 0 1
    outer loop
      vertex -66.5 -48 4.4
      vertex -37.4457 -23.0322 4.4
      vertex -37.6678 -22.9475 4.4
    endloop
  endfacet
  facet normal 0 0 1
    outer loop
      vertex -47.9069 -21.7276 4.4
      vertex -48.0107 -21.7601 4.4
      vertex -38.5661 -22.5368 4.4
    endloop
  endfacet
  facet normal -0 0 1
    outer loop
      vertex -47.8022 -21.6935 4.4
      vertex -38.5661 -22.5368 4.4
      vertex -41.4113 -21.4528 4.4
    endloop
  endfacet
  facet normal 0 0 1
    outer loop
      vertex -41.5981 -21.4065 4.4
      vertex -47.8022 -21.6935 4.4
      vertex -41.5044 -21.43 4.4
    endloop
  endfacet
  facet normal -0 0 1
    outer loop
      vertex -47.4814 -21.5806 4.4
      vertex -47.5896 -21.62 4.4
      vertex -44.0306 -21.0711 4.4
    endloop
  endfacet
  facet normal 0 0 1
    outer loop
      vertex -41.3192 -21.4751 4.4
      vertex -38.5661 -22.5368 4.4
      vertex -38.7984 -22.4143 4.4
    endloop
  endfacet
  facet normal 0 0 1
    outer loop
      vertex -39.2793 -22.1431 4.4
      vertex -40.7313 -21.607 4.4
      vertex -39.0357 -22.2832 4.4
    endloop
  endfacet
  facet normal 0 0 1
    outer loop
      vertex -39.53 -21.9937 4.4
      vertex -40.4175 -21.667 4.4
      vertex -40.4706 -21.6577 4.4
    endloop
  endfacet
  facet normal 0 0 1
    outer loop
      vertex -40.3698 -21.6747 4.4
      vertex -39.7413 -21.8746 4.4
      vertex -40.3281 -21.6807 4.4
    endloop
  endfacet
  facet normal 0 0 1
    outer loop
      vertex -40.0896 -21.7227 4.4
      vertex -40.2636 -21.6879 4.4
      vertex -40.0563 -21.7343 4.4
    endloop
  endfacet
  facet normal 0 0 1
    outer loop
      vertex -40.2636 -21.6879 4.4
      vertex -40.0211 -21.7474 4.4
      vertex -40.0563 -21.7343 4.4
    endloop
  endfacet
  facet normal 0 0 1
    outer loop
      vertex -40.3281 -21.6807 4.4
      vertex -39.8665 -21.8132 4.4
      vertex -39.9069 -21.7949 4.4
    endloop
  endfacet
  facet normal 0 0 1
    outer loop
      vertex -39.9844 -21.7619 4.4
      vertex -40.2926 -21.6852 4.4
      vertex -39.9462 -21.7778 4.4
    endloop
  endfacet
  facet normal 0 0 1
    outer loop
      vertex -40.121 -21.7127 4.4
      vertex -40.1502 -21.7043 4.4
      vertex -40.2636 -21.6879 4.4
    endloop
  endfacet
  facet normal 0 0 1
    outer loop
      vertex -40.1502 -21.7043 4.4
      vertex -40.1771 -21.6976 4.4
      vertex -40.2415 -21.6888 4.4
    endloop
  endfacet
  facet normal 0 0 1
    outer loop
      vertex -40.2415 -21.6888 4.4
      vertex -40.2014 -21.6928 4.4
      vertex -40.2229 -21.6898 4.4
    endloop
  endfacet
  facet normal 0 0 1
    outer loop
      vertex -40.1771 -21.6976 4.4
      vertex -40.2014 -21.6928 4.4
      vertex -40.2415 -21.6888 4.4
    endloop
  endfacet
  facet normal 0 0 1
    outer loop
      vertex -40.1502 -21.7043 4.4
      vertex -40.2415 -21.6888 4.4
      vertex -40.2636 -21.6879 4.4
    endloop
  endfacet
  facet normal 0 0 1
    outer loop
      vertex -40.121 -21.7127 4.4
      vertex -40.2636 -21.6879 4.4
      vertex -40.0896 -21.7227 4.4
    endloop
  endfacet
  facet normal 0 0 1
    outer loop
      vertex -40.2636 -21.6879 4.4
      vertex -40.2926 -21.6852 4.4
      vertex -40.0211 -21.7474 4.4
    endloop
  endfacet
  facet normal 0 0 1
    outer loop
      vertex -40.2926 -21.6852 4.4
      vertex -39.9844 -21.7619 4.4
      vertex -40.0211 -21.7474 4.4
    endloop
  endfacet
  facet normal 0 0 1
    outer loop
      vertex -39.9069 -21.7949 4.4
      vertex -39.9462 -21.7778 4.4
      vertex -40.2926 -21.6852 4.4
    endloop
  endfacet
  facet normal 0 0 1
    outer loop
      vertex -39.9069 -21.7949 4.4
      vertex -40.2926 -21.6852 4.4
      vertex -40.3281 -21.6807 4.4
    endloop
  endfacet
  facet normal 0 0 1
    outer loop
      vertex -39.8665 -21.8132 4.4
      vertex -40.3281 -21.6807 4.4
      vertex -39.8253 -21.8327 4.4
    endloop
  endfacet
  facet normal 0 0 1
    outer loop
      vertex -40.3281 -21.6807 4.4
      vertex -39.7835 -21.8532 4.4
      vertex -39.8253 -21.8327 4.4
    endloop
  endfacet
  facet normal 0 0 1
    outer loop
      vertex -39.7413 -21.8746 4.4
      vertex -39.7835 -21.8532 4.4
      vertex -40.3281 -21.6807 4.4
    endloop
  endfacet
  facet normal 0 0 1
    outer loop
      vertex -39.6987 -21.897 4.4
      vertex -39.7413 -21.8746 4.4
      vertex -40.3698 -21.6747 4.4
    endloop
  endfacet
  facet normal 0 0 1
    outer loop
      vertex -39.6987 -21.897 4.4
      vertex -40.3698 -21.6747 4.4
      vertex -39.6562 -21.9201 4.4
    endloop
  endfacet
  facet normal 0 0 1
    outer loop
      vertex -40.3698 -21.6747 4.4
      vertex -39.6137 -21.944 4.4
      vertex -39.6562 -21.9201 4.4
    endloop
  endfacet
  facet normal 0 0 1
    outer loop
      vertex -39.5716 -21.9686 4.4
      vertex -39.6137 -21.944 4.4
      vertex -40.3698 -21.6747 4.4
    endloop
  endfacet
  facet normal 0 0 1
    outer loop
      vertex -39.5716 -21.9686 4.4
      vertex -40.3698 -21.6747 4.4
      vertex -39.53 -21.9937 4.4
    endloop
  endfacet
  facet normal 0 0 1
    outer loop
      vertex -40.3698 -21.6747 4.4
      vertex -40.4175 -21.667 4.4
      vertex -39.53 -21.9937 4.4
    endloop
  endfacet
  facet normal 0 0 1
    outer loop
      vertex -39.53 -21.9937 4.4
      vertex -40.4706 -21.6577 4.4
      vertex -39.2793 -22.1431 4.4
    endloop
  endfacet
  facet normal 0 0 1
    outer loop
      vertex -40.4706 -21.6577 4.4
      vertex -40.5289 -21.6471 4.4
      vertex -39.2793 -22.1431 4.4
    endloop
  endfacet
  facet normal 0 0 1
    outer loop
      vertex -40.5289 -21.6471 4.4
      vertex -40.592 -21.635 4.4
      vertex -39.2793 -22.1431 4.4
    endloop
  endfacet
  facet normal 0 0 1
    outer loop
      vertex -40.592 -21.635 4.4
      vertex -40.6596 -21.6216 4.4
      vertex -39.2793 -22.1431 4.4
    endloop
  endfacet
  facet normal 0 0 1
    outer loop
      vertex -40.6596 -21.6216 4.4
      vertex -40.7313 -21.607 4.4
      vertex -39.2793 -22.1431 4.4
    endloop
  endfacet
  facet normal 0 0 1
    outer loop
      vertex -40.7313 -21.607 4.4
      vertex -40.8067 -21.5911 4.4
      vertex -39.0357 -22.2832 4.4
    endloop
  endfacet
  facet normal 0 0 1
    outer loop
      vertex -40.8067 -21.5911 4.4
      vertex -40.8856 -21.5742 4.4
      vertex -39.0357 -22.2832 4.4
    endloop
  endfacet
  facet normal 0 0 1
    outer loop
      vertex -40.8856 -21.5742 4.4
      vertex -40.9676 -21.5562 4.4
      vertex -39.0357 -22.2832 4.4
    endloop
  endfacet
  facet normal 0 0 1
    outer loop
      vertex -40.9676 -21.5562 4.4
      vertex -41.0523 -21.5372 4.4
      vertex -39.0357 -22.2832 4.4
    endloop
  endfacet
  facet normal 0 0 1
    outer loop
      vertex -41.0523 -21.5372 4.4
      vertex -38.7984 -22.4143 4.4
      vertex -39.0357 -22.2832 4.4
    endloop
  endfacet
  facet normal 0 0 1
    outer loop
      vertex -41.1393 -21.5173 4.4
      vertex -38.7984 -22.4143 4.4
      vertex -41.0523 -21.5372 4.4
    endloop
  endfacet
  facet normal 0 0 1
    outer loop
      vertex -41.2284 -21.4966 4.4
      vertex -38.7984 -22.4143 4.4
      vertex -41.1393 -21.5173 4.4
    endloop
  endfacet
  facet normal 0 0 1
    outer loop
      vertex -41.3192 -21.4751 4.4
      vertex -38.7984 -22.4143 4.4
      vertex -41.2284 -21.4966 4.4
    endloop
  endfacet
  facet normal 0 0 1
    outer loop
      vertex -41.4113 -21.4528 4.4
      vertex -38.5661 -22.5368 4.4
      vertex -41.3192 -21.4751 4.4
    endloop
  endfacet
  facet normal 0 0 1
    outer loop
      vertex -47.6965 -21.6576 4.4
      vertex -43.8603 -21.0795 4.4
      vertex -47.5896 -21.62 4.4
    endloop
  endfacet
  facet normal 0 0 1
    outer loop
      vertex -42.9751 -21.1483 4.4
      vertex -43.1096 -21.1342 4.4
      vertex -41.8539 -21.3431 4.4
    endloop
  endfacet
  facet normal 0 0 1
    outer loop
      vertex -42.4678 -21.2185 4.4
      vertex -42.5913 -21.1987 4.4
      vertex -42.3454 -21.2398 4.4
    endloop
  endfacet
  facet normal 0 0 1
    outer loop
      vertex -42.5913 -21.1987 4.4
      vertex -42.2234 -21.2629 4.4
      vertex -42.3454 -21.2398 4.4
    endloop
  endfacet
  facet normal 0 0 1
    outer loop
      vertex -42.7166 -21.1805 4.4
      vertex -42.2234 -21.2629 4.4
      vertex -42.5913 -21.1987 4.4
    endloop
  endfacet
  facet normal 0 0 1
    outer loop
      vertex -42.1013 -21.2877 4.4
      vertex -42.2234 -21.2629 4.4
      vertex -42.7166 -21.1805 4.4
    endloop
  endfacet
  facet normal 0 0 1
    outer loop
      vertex -42.1013 -21.2877 4.4
      vertex -42.7166 -21.1805 4.4
      vertex -42.8444 -21.1637 4.4
    endloop
  endfacet
  facet normal 0 0 1
    outer loop
      vertex -42.1013 -21.2877 4.4
      vertex -42.8444 -21.1637 4.4
      vertex -41.9784 -21.3144 4.4
    endloop
  endfacet
  facet normal 0 0 1
    outer loop
      vertex -42.8444 -21.1637 4.4
      vertex -42.9751 -21.1483 4.4
      vertex -41.9784 -21.3144 4.4
    endloop
  endfacet
  facet normal 0 0 1
    outer loop
      vertex -42.9751 -21.1483 4.4
      vertex -41.8539 -21.3431 4.4
      vertex -41.9784 -21.3144 4.4
    endloop
  endfacet
  facet normal 0 0 1
    outer loop
      vertex -43.1096 -21.1342 4.4
      vertex -41.7274 -21.3737 4.4
      vertex -41.8539 -21.3431 4.4
    endloop
  endfacet
  facet normal 0 0 1
    outer loop
      vertex -43.2484 -21.1212 4.4
      vertex -41.7274 -21.3737 4.4
      vertex -43.1096 -21.1342 4.4
    endloop
  endfacet
  facet normal 0 0 1
    outer loop
      vertex -41.5981 -21.4065 4.4
      vertex -41.7274 -21.3737 4.4
      vertex -43.2484 -21.1212 4.4
    endloop
  endfacet
  facet normal 0 0 1
    outer loop
      vertex -41.5981 -21.4065 4.4
      vertex -43.2484 -21.1212 4.4
      vertex -43.3923 -21.1093 4.4
    endloop
  endfacet
  facet normal 0 0 1
    outer loop
      vertex -43.6975 -21.0885 4.4
      vertex -43.8603 -21.0795 4.4
      vertex -47.6965 -21.6576 4.4
    endloop
  endfacet
  facet normal 0 0 1
    outer loop
      vertex -47.4814 -21.5806 4.4
      vertex -44.0306 -21.0711 4.4
      vertex -44.2091 -21.0635 4.4
    endloop
  endfacet
  facet normal 0 0 1
    outer loop
      vertex -47.4814 -21.5806 4.4
      vertex -44.2091 -21.0635 4.4
      vertex -44.3966 -21.0565 4.4
    endloop
  endfacet
  facet normal 0 0 1
    outer loop
      vertex -47.5896 -21.62 4.4
      vertex -43.8603 -21.0795 4.4
      vertex -44.0306 -21.0711 4.4
    endloop
  endfacet
  facet normal 0 0 1
    outer loop
      vertex -44.3966 -21.0565 4.4
      vertex -47.3718 -21.5395 4.4
      vertex -47.4814 -21.5806 4.4
    endloop
  endfacet
  facet normal -0 0 1
    outer loop
      vertex -47.2606 -21.4965 4.4
      vertex -47.3718 -21.5395 4.4
      vertex -44.3966 -21.0565 4.4
    endloop
  endfacet
  facet normal 0 0 1
    outer loop
      vertex -47.2606 -21.4965 4.4
      vertex -44.3966 -21.0565 4.4
      vertex -47.1476 -21.4517 4.4
    endloop
  endfacet
  facet normal 0 0 1
    outer loop
      vertex -47.6965 -21.6576 4.4
      vertex -43.5418 -21.0985 4.4
      vertex -43.6975 -21.0885 4.4
    endloop
  endfacet
  facet normal 0 0 1
    outer loop
      vertex -43.3923 -21.1093 4.4
      vertex -43.5418 -21.0985 4.4
      vertex -47.6965 -21.6576 4.4
    endloop
  endfacet
  facet normal 0 0 1
    outer loop
      vertex -47.1476 -21.4517 4.4
      vertex -44.3966 -21.0565 4.4
      vertex -46.0567 -21 4.4
    endloop
  endfacet
  facet normal 0 0 1
    outer loop
      vertex -43.3923 -21.1093 4.4
      vertex -47.6965 -21.6576 4.4
      vertex -41.5981 -21.4065 4.4
    endloop
  endfacet
  facet normal -0 0 1
    outer loop
      vertex -47.6965 -21.6576 4.4
      vertex -47.8022 -21.6935 4.4
      vertex -41.5981 -21.4065 4.4
    endloop
  endfacet
  facet normal 0 0 1
    outer loop
      vertex -47.8022 -21.6935 4.4
      vertex -47.9069 -21.7276 4.4
      vertex -38.5661 -22.5368 4.4
    endloop
  endfacet
  facet normal 0 0 1
    outer loop
      vertex -38.5661 -22.5368 4.4
      vertex -48.0107 -21.7601 4.4
      vertex -38.338 -22.651 4.4
    endloop
  endfacet
  facet normal 0 0 1
    outer loop
      vertex -48.0107 -21.7601 4.4
      vertex -48.1137 -21.7909 4.4
      vertex -38.338 -22.651 4.4
    endloop
  endfacet
  facet normal 0 0 1
    outer loop
      vertex -48.1137 -21.7909 4.4
      vertex -48.2161 -21.8201 4.4
      vertex -38.338 -22.651 4.4
    endloop
  endfacet
  facet normal 0 0 1
    outer loop
      vertex -48.2161 -21.8201 4.4
      vertex -38.1129 -22.7573 4.4
      vertex -38.338 -22.651 4.4
    endloop
  endfacet
  facet normal -0 0 1
    outer loop
      vertex -48.3179 -21.8477 4.4
      vertex -38.1129 -22.7573 4.4
      vertex -48.2161 -21.8201 4.4
    endloop
  endfacet
  facet normal -0 0 1
    outer loop
      vertex -48.4194 -21.8737 4.4
      vertex -38.1129 -22.7573 4.4
      vertex -48.3179 -21.8477 4.4
    endloop
  endfacet
  facet normal 0 0 1
    outer loop
      vertex -37.8899 -22.856 4.4
      vertex -38.1129 -22.7573 4.4
      vertex -48.4194 -21.8737 4.4
    endloop
  endfacet
  facet normal 0 0 1
    outer loop
      vertex -37.8899 -22.856 4.4
      vertex -48.4194 -21.8737 4.4
      vertex -48.5207 -21.8981 4.4
    endloop
  endfacet
  facet normal 0 0 1
    outer loop
      vertex -52.9818 -23.5521 4.4
      vertex -48.5207 -21.8981 4.4
      vertex -48.6219 -21.921 4.4
    endloop
  endfacet
  facet normal 0 0 1
    outer loop
      vertex -37.8899 -22.856 4.4
      vertex -48.5207 -21.8981 4.4
      vertex -52.9818 -23.5521 4.4
    endloop
  endfacet
  facet normal -0 0 1
    outer loop
      vertex -48.9263 -21.9807 4.4
      vertex -52.9818 -23.5521 4.4
      vertex -48.8245 -21.9623 4.4
    endloop
  endfacet
  facet normal -0 0 1
    outer loop
      vertex -49.404 -22.0526 4.4
      vertex -52.2988 -23.1343 4.4
      vertex -49.2347 -22.0276 4.4
    endloop
  endfacet
  facet normal 0 0 1
    outer loop
      vertex -49.5704 -22.0802 4.4
      vertex -49.7343 -22.1106 4.4
      vertex -52.2988 -23.1343 4.4
    endloop
  endfacet
  facet normal 0 0 1
    outer loop
      vertex -52.1511 -23.0433 4.4
      vertex -49.8958 -22.1438 4.4
      vertex -50.0549 -22.1799 4.4
    endloop
  endfacet
  facet normal 0 0 1
    outer loop
      vertex -52.004 -22.9566 4.4
      vertex -50.0549 -22.1799 4.4
      vertex -50.2121 -22.219 4.4
    endloop
  endfacet
  facet normal 0 0 1
    outer loop
      vertex -51.8572 -22.8742 4.4
      vertex -50.2121 -22.219 4.4
      vertex -50.3673 -22.2612 4.4
    endloop
  endfacet
  facet normal 0 0 1
    outer loop
      vertex -51.7106 -22.7958 4.4
      vertex -50.3673 -22.2612 4.4
      vertex -50.5209 -22.3066 4.4
    endloop
  endfacet
  facet normal 0 0 1
    outer loop
      vertex -51.5639 -22.7216 4.4
      vertex -50.5209 -22.3066 4.4
      vertex -50.6729 -22.3552 4.4
    endloop
  endfacet
  facet normal -0 0 1
    outer loop
      vertex -50.9732 -22.4628 4.4
      vertex -51.1219 -22.5219 4.4
      vertex -50.8236 -22.4073 4.4
    endloop
  endfacet
  facet normal -0 0 1
    outer loop
      vertex -51.1219 -22.5219 4.4
      vertex -51.2697 -22.5847 4.4
      vertex -50.8236 -22.4073 4.4
    endloop
  endfacet
  facet normal -0 0 1
    outer loop
      vertex -51.2697 -22.5847 4.4
      vertex -51.417 -22.6512 4.4
      vertex -50.8236 -22.4073 4.4
    endloop
  endfacet
  facet normal 0 0 1
    outer loop
      vertex -51.417 -22.6512 4.4
      vertex -50.6729 -22.3552 4.4
      vertex -50.8236 -22.4073 4.4
    endloop
  endfacet
  facet normal 0 0 1
    outer loop
      vertex -51.5639 -22.7216 4.4
      vertex -50.6729 -22.3552 4.4
      vertex -51.417 -22.6512 4.4
    endloop
  endfacet
  facet normal 0 0 1
    outer loop
      vertex -51.7106 -22.7958 4.4
      vertex -50.5209 -22.3066 4.4
      vertex -51.5639 -22.7216 4.4
    endloop
  endfacet
  facet normal 0 0 1
    outer loop
      vertex -51.8572 -22.8742 4.4
      vertex -50.3673 -22.2612 4.4
      vertex -51.7106 -22.7958 4.4
    endloop
  endfacet
  facet normal 0 0 1
    outer loop
      vertex -52.004 -22.9566 4.4
      vertex -50.2121 -22.219 4.4
      vertex -51.8572 -22.8742 4.4
    endloop
  endfacet
  facet normal 0 0 1
    outer loop
      vertex -52.1511 -23.0433 4.4
      vertex -50.0549 -22.1799 4.4
      vertex -52.004 -22.9566 4.4
    endloop
  endfacet
  facet normal 0 0 1
    outer loop
      vertex -52.2988 -23.1343 4.4
      vertex -49.8958 -22.1438 4.4
      vertex -52.1511 -23.0433 4.4
    endloop
  endfacet
  facet normal 0 0 1
    outer loop
      vertex -49.7343 -22.1106 4.4
      vertex -49.8958 -22.1438 4.4
      vertex -52.2988 -23.1343 4.4
    endloop
  endfacet
  facet normal -0 0 1
    outer loop
      vertex -49.5704 -22.0802 4.4
      vertex -52.2988 -23.1343 4.4
      vertex -49.404 -22.0526 4.4
    endloop
  endfacet
  facet normal 0 0 1
    outer loop
      vertex -52.2988 -23.1343 4.4
      vertex -49.1312 -22.0134 4.4
      vertex -49.2347 -22.0276 4.4
    endloop
  endfacet
  facet normal 0 0 1
    outer loop
      vertex -49.0284 -21.9978 4.4
      vertex -49.1312 -22.0134 4.4
      vertex -52.2988 -23.1343 4.4
    endloop
  endfacet
  facet normal 0 0 1
    outer loop
      vertex -49.0284 -21.9978 4.4
      vertex -52.2988 -23.1343 4.4
      vertex -52.9818 -23.5521 4.4
    endloop
  endfacet
  facet normal -0 0 1
    outer loop
      vertex -49.0284 -21.9978 4.4
      vertex -52.9818 -23.5521 4.4
      vertex -48.9263 -21.9807 4.4
    endloop
  endfacet
  facet normal 0 0 1
    outer loop
      vertex -52.9818 -23.5521 4.4
      vertex -48.7231 -21.9424 4.4
      vertex -48.8245 -21.9623 4.4
    endloop
  endfacet
  facet normal 0 0 1
    outer loop
      vertex -48.6219 -21.921 4.4
      vertex -48.7231 -21.9424 4.4
      vertex -52.9818 -23.5521 4.4
    endloop
  endfacet
  facet normal 0 0 1
    outer loop
      vertex -37.8899 -22.856 4.4
      vertex -52.9818 -23.5521 4.4
      vertex -37.6678 -22.9475 4.4
    endloop
  endfacet
  facet normal -0 0 1
    outer loop
      vertex -52.9818 -23.5521 4.4
      vertex -66.5 -48 4.4
      vertex -37.6678 -22.9475 4.4
    endloop
  endfacet
  facet normal 0 0 1
    outer loop
      vertex -66.5 -48 4.4
      vertex -37.2225 -23.1103 4.4
      vertex -37.4457 -23.0322 4.4
    endloop
  endfacet
  facet normal 0 0 1
    outer loop
      vertex -20.1789 -42.7229 4.4
      vertex -36.9971 -23.1822 4.4
      vertex -66.5 -48 4.4
    endloop
  endfacet
  facet normal 0 0 1
    outer loop
      vertex -61.4422 -24.9397 4.4
      vertex -61.3115 -24.8425 4.4
      vertex -61.3775 -24.8897 4.4
    endloop
  endfacet
  facet normal 0 0 1
    outer loop
      vertex -61.8491 -25.3364 4.4
      vertex -60.9367 -24.6252 4.4
      vertex -61.7752 -25.2555 4.4
    endloop
  endfacet
  facet normal 0 0 1
    outer loop
      vertex -60.9367 -24.6252 4.4
      vertex -61.0202 -24.6684 4.4
      vertex -61.7752 -25.2555 4.4
    endloop
  endfacet
  facet normal 0 0 1
    outer loop
      vertex -60.8473 -24.5808 4.4
      vertex -60.9367 -24.6252 4.4
      vertex -61.8491 -25.3364 4.4
    endloop
  endfacet
  facet normal -0 0 1
    outer loop
      vertex -61.0987 -24.711 4.4
      vertex -61.7048 -25.1814 4.4
      vertex -61.0202 -24.6684 4.4
    endloop
  endfacet
  facet normal -0 0 1
    outer loop
      vertex -61.7048 -25.1814 4.4
      vertex -61.7752 -25.2555 4.4
      vertex -61.0202 -24.6684 4.4
    endloop
  endfacet
  facet normal 0 0 1
    outer loop
      vertex -61.7048 -25.1814 4.4
      vertex -61.0987 -24.711 4.4
      vertex -61.6371 -25.1134 4.4
    endloop
  endfacet
  facet normal 0 0 1
    outer loop
      vertex -61.0987 -24.711 4.4
      vertex -61.1729 -24.7538 4.4
      vertex -61.6371 -25.1134 4.4
    endloop
  endfacet
  facet normal 0 0 1
    outer loop
      vertex -61.1729 -24.7538 4.4
      vertex -61.2436 -24.7974 4.4
      vertex -61.5713 -25.0509 4.4
    endloop
  endfacet
  facet normal 0 0 1
    outer loop
      vertex -61.1729 -24.7538 4.4
      vertex -61.5713 -25.0509 4.4
      vertex -61.6371 -25.1134 4.4
    endloop
  endfacet
  facet normal 0 0 1
    outer loop
      vertex -61.5066 -24.9933 4.4
      vertex -61.3115 -24.8425 4.4
      vertex -61.4422 -24.9397 4.4
    endloop
  endfacet
  facet normal 0 0 1
    outer loop
      vertex -61.2436 -24.7974 4.4
      vertex -61.3115 -24.8425 4.4
      vertex -61.5066 -24.9933 4.4
    endloop
  endfacet
  facet normal 0 0 1
    outer loop
      vertex -61.2436 -24.7974 4.4
      vertex -61.5066 -24.9933 4.4
      vertex -61.5713 -25.0509 4.4
    endloop
  endfacet
  facet normal 0 0 1
    outer loop
      vertex -61.9272 -25.4249 4.4
      vertex -60.8473 -24.5808 4.4
      vertex -61.8491 -25.3364 4.4
    endloop
  endfacet
  facet normal 0 0 1
    outer loop
      vertex -60.7512 -24.5345 4.4
      vertex -60.8473 -24.5808 4.4
      vertex -61.9272 -25.4249 4.4
    endloop
  endfacet
  facet normal 0 0 1
    outer loop
      vertex -60.7512 -24.5345 4.4
      vertex -61.9272 -25.4249 4.4
      vertex -62.0103 -25.5215 4.4
    endloop
  endfacet
  facet normal 0 0 1
    outer loop
      vertex -60.7512 -24.5345 4.4
      vertex -62.0103 -25.5215 4.4
      vertex -62.0993 -25.6269 4.4
    endloop
  endfacet
  facet normal -0 0 1
    outer loop
      vertex -60.7512 -24.5345 4.4
      vertex -62.0993 -25.6269 4.4
      vertex -60.4966 -24.4183 4.4
    endloop
  endfacet
  facet normal -0 0 1
    outer loop
      vertex -62.0993 -25.6269 4.4
      vertex -62.1947 -25.7419 4.4
      vertex -60.4966 -24.4183 4.4
    endloop
  endfacet
  facet normal 0 0 1
    outer loop
      vertex -62.1947 -25.7419 4.4
      vertex -60.2443 -24.31 4.4
      vertex -60.4966 -24.4183 4.4
    endloop
  endfacet
  facet normal 0 0 1
    outer loop
      vertex -62.2975 -25.867 4.4
      vertex -60.2443 -24.31 4.4
      vertex -62.1947 -25.7419 4.4
    endloop
  endfacet
  facet normal 0 0 1
    outer loop
      vertex -59.9932 -24.2095 4.4
      vertex -60.2443 -24.31 4.4
      vertex -62.2975 -25.867 4.4
    endloop
  endfacet
  facet normal 0 0 1
    outer loop
      vertex -59.9932 -24.2095 4.4
      vertex -62.2975 -25.867 4.4
      vertex -62.4449 -26.0489 4.4
    endloop
  endfacet
  facet normal -0 0 1
    outer loop
      vertex -59.9932 -24.2095 4.4
      vertex -62.4449 -26.0489 4.4
      vertex -59.7422 -24.1166 4.4
    endloop
  endfacet
  facet normal -0 0 1
    outer loop
      vertex -63.6074 -28.0232 4.4
      vertex -63.6714 -28.2128 4.4
      vertex -62.6973 -26.3628 4.4
    endloop
  endfacet
  facet normal 0 0 1
    outer loop
      vertex -63.6074 -28.0232 4.4
      vertex -62.6973 -26.3628 4.4
      vertex -62.8048 -26.4996 4.4
    endloop
  endfacet
  facet normal -0 0 1
    outer loop
      vertex -63.4905 -27.6968 4.4
      vertex -63.5475 -27.852 4.4
      vertex -62.9015 -26.6261 4.4
    endloop
  endfacet
  facet normal 0 0 1
    outer loop
      vertex -63.4905 -27.6968 4.4
      vertex -62.9015 -26.6261 4.4
      vertex -62.9886 -26.7447 4.4
    endloop
  endfacet
  facet normal 0 0 1
    outer loop
      vertex -63.4351 -27.5552 4.4
      vertex -62.9886 -26.7447 4.4
      vertex -63.0674 -26.8578 4.4
    endloop
  endfacet
  facet normal 0 0 1
    outer loop
      vertex -63.3801 -27.4248 4.4
      vertex -63.0674 -26.8578 4.4
      vertex -63.1391 -26.9679 4.4
    endloop
  endfacet
  facet normal -0 0 1
    outer loop
      vertex -63.2663 -27.1882 4.4
      vertex -63.3243 -27.3033 4.4
      vertex -63.205 -27.0772 4.4
    endloop
  endfacet
  facet normal 0 0 1
    outer loop
      vertex -63.3243 -27.3033 4.4
      vertex -63.1391 -26.9679 4.4
      vertex -63.205 -27.0772 4.4
    endloop
  endfacet
  facet normal 0 0 1
    outer loop
      vertex -63.3801 -27.4248 4.4
      vertex -63.1391 -26.9679 4.4
      vertex -63.3243 -27.3033 4.4
    endloop
  endfacet
  facet normal 0 0 1
    outer loop
      vertex -63.4351 -27.5552 4.4
      vertex -63.0674 -26.8578 4.4
      vertex -63.3801 -27.4248 4.4
    endloop
  endfacet
  facet normal 0 0 1
    outer loop
      vertex -63.4905 -27.6968 4.4
      vertex -62.9886 -26.7447 4.4
      vertex -63.4351 -27.5552 4.4
    endloop
  endfacet
  facet normal 0 0 1
    outer loop
      vertex -63.5475 -27.852 4.4
      vertex -62.8048 -26.4996 4.4
      vertex -62.9015 -26.6261 4.4
    endloop
  endfacet
  facet normal 0 0 1
    outer loop
      vertex -63.6074 -28.0232 4.4
      vertex -62.8048 -26.4996 4.4
      vertex -63.5475 -27.852 4.4
    endloop
  endfacet
  facet normal 0 0 1
    outer loop
      vertex -63.6714 -28.2128 4.4
      vertex -62.5778 -26.2134 4.4
      vertex -62.6973 -26.3628 4.4
    endloop
  endfacet
  facet normal 0 0 1
    outer loop
      vertex -63.7408 -28.4232 4.4
      vertex -62.5778 -26.2134 4.4
      vertex -63.6714 -28.2128 4.4
    endloop
  endfacet
  facet normal 0 0 1
    outer loop
      vertex -62.4449 -26.0489 4.4
      vertex -62.5778 -26.2134 4.4
      vertex -63.7408 -28.4232 4.4
    endloop
  endfacet
  facet normal -0 0 1
    outer loop
      vertex -62.4449 -26.0489 4.4
      vertex -63.7408 -28.4232 4.4
      vertex -59.7422 -24.1166 4.4
    endloop
  endfacet
  facet normal -0 0 1
    outer loop
      vertex -63.7408 -28.4232 4.4
      vertex -63.8168 -28.6568 4.4
      vertex -59.7422 -24.1166 4.4
    endloop
  endfacet
  facet normal 0 0 1
    outer loop
      vertex -63.8168 -28.6568 4.4
      vertex -59.4901 -24.0311 4.4
      vertex -59.7422 -24.1166 4.4
    endloop
  endfacet
  facet normal 0 0 1
    outer loop
      vertex -59.2359 -23.9529 4.4
      vertex -59.4901 -24.0311 4.4
      vertex -63.8168 -28.6568 4.4
    endloop
  endfacet
  facet normal 0 0 1
    outer loop
      vertex -59.2359 -23.9529 4.4
      vertex -63.8168 -28.6568 4.4
      vertex -63.9007 -28.9159 4.4
    endloop
  endfacet
  facet normal -0 0 1
    outer loop
      vertex -59.2359 -23.9529 4.4
      vertex -63.9007 -28.9159 4.4
      vertex -58.9785 -23.8817 4.4
    endloop
  endfacet
  facet normal 0 0 1
    outer loop
      vertex -63.9007 -28.9159 4.4
      vertex -58.7167 -23.8174 4.4
      vertex -58.9785 -23.8817 4.4
    endloop
  endfacet
  facet normal 0 0 1
    outer loop
      vertex -63.9426 -29.0456 4.4
      vertex -58.7167 -23.8174 4.4
      vertex -63.9007 -28.9159 4.4
    endloop
  endfacet
  facet normal 0 0 1
    outer loop
      vertex -58.4495 -23.7598 4.4
      vertex -58.7167 -23.8174 4.4
      vertex -63.9426 -29.0456 4.4
    endloop
  endfacet
  facet normal 0 0 1
    outer loop
      vertex -58.4495 -23.7598 4.4
      vertex -63.9426 -29.0456 4.4
      vertex -63.9855 -29.1767 4.4
    endloop
  endfacet
  facet normal -0 0 1
    outer loop
      vertex -58.4495 -23.7598 4.4
      vertex -63.9855 -29.1767 4.4
      vertex -58.1756 -23.7087 4.4
    endloop
  endfacet
  facet normal -0 0 1
    outer loop
      vertex -63.9855 -29.1767 4.4
      vertex -64.0293 -29.3087 4.4
      vertex -58.1756 -23.7087 4.4
    endloop
  endfacet
  facet normal 0 0 1
    outer loop
      vertex -64.0293 -29.3087 4.4
      vertex -57.8941 -23.664 4.4
      vertex -58.1756 -23.7087 4.4
    endloop
  endfacet
  facet normal 0 0 1
    outer loop
      vertex -57.6038 -23.6255 4.4
      vertex -57.8941 -23.664 4.4
      vertex -64.0293 -29.3087 4.4
    endloop
  endfacet
  facet normal 0 0 1
    outer loop
      vertex -57.6038 -23.6255 4.4
      vertex -64.0293 -29.3087 4.4
      vertex -64.0737 -29.441 4.4
    endloop
  endfacet
  facet normal -0 0 1
    outer loop
      vertex -57.6038 -23.6255 4.4
      vertex -64.0737 -29.441 4.4
      vertex -57.3036 -23.593 4.4
    endloop
  endfacet
  facet normal -0 0 1
    outer loop
      vertex -64.0737 -29.441 4.4
      vertex -64.1185 -29.573 4.4
      vertex -57.3036 -23.593 4.4
    endloop
  endfacet
  facet normal 0 0 1
    outer loop
      vertex -64.1185 -29.573 4.4
      vertex -56.9924 -23.5663 4.4
      vertex -57.3036 -23.593 4.4
    endloop
  endfacet
  facet normal 0 0 1
    outer loop
      vertex -64.1634 -29.7042 4.4
      vertex -56.9924 -23.5663 4.4
      vertex -64.1185 -29.573 4.4
    endloop
  endfacet
  facet normal 0 0 1
    outer loop
      vertex -56.6691 -23.5452 4.4
      vertex -56.9924 -23.5663 4.4
      vertex -64.1634 -29.7042 4.4
    endloop
  endfacet
  facet normal 0 0 1
    outer loop
      vertex -56.6691 -23.5452 4.4
      vertex -64.1634 -29.7042 4.4
      vertex -64.2083 -29.8339 4.4
    endloop
  endfacet
  facet normal 0 0 1
    outer loop
      vertex -56.6691 -23.5452 4.4
      vertex -64.2083 -29.8339 4.4
      vertex -64.253 -29.9617 4.4
    endloop
  endfacet
  facet normal -0 0 1
    outer loop
      vertex -56.6691 -23.5452 4.4
      vertex -64.253 -29.9617 4.4
      vertex -56.3325 -23.5296 4.4
    endloop
  endfacet
  facet normal -0 0 1
    outer loop
      vertex -64.253 -29.9617 4.4
      vertex -64.2972 -30.0869 4.4
      vertex -56.3325 -23.5296 4.4
    endloop
  endfacet
  facet normal 0 0 1
    outer loop
      vertex -64.2972 -30.0869 4.4
      vertex -55.9816 -23.5192 4.4
      vertex -56.3325 -23.5296 4.4
    endloop
  endfacet
  facet normal 0 0 1
    outer loop
      vertex -64.3407 -30.2089 4.4
      vertex -55.9816 -23.5192 4.4
      vertex -64.2972 -30.0869 4.4
    endloop
  endfacet
  facet normal 0 0 1
    outer loop
      vertex -64.3832 -30.3272 4.4
      vertex -55.9816 -23.5192 4.4
      vertex -64.3407 -30.2089 4.4
    endloop
  endfacet
  facet normal 0 0 1
    outer loop
      vertex -55.6152 -23.514 4.4
      vertex -55.9816 -23.5192 4.4
      vertex -64.3832 -30.3272 4.4
    endloop
  endfacet
  facet normal 0 0 1
    outer loop
      vertex -55.6152 -23.514 4.4
      vertex -64.3832 -30.3272 4.4
      vertex -64.4246 -30.4412 4.4
    endloop
  endfacet
  facet normal 0 0 1
    outer loop
      vertex -55.6152 -23.514 4.4
      vertex -64.4246 -30.4412 4.4
      vertex -64.4646 -30.5503 4.4
    endloop
  endfacet
  facet normal -0 0 1
    outer loop
      vertex -55.6152 -23.514 4.4
      vertex -64.4646 -30.5503 4.4
      vertex -55.2323 -23.5137 4.4
    endloop
  endfacet
  facet normal -0 0 1
    outer loop
      vertex -64.4646 -30.5503 4.4
      vertex -64.5031 -30.654 4.4
      vertex -55.2323 -23.5137 4.4
    endloop
  endfacet
  facet normal -0 0 1
    outer loop
      vertex -64.6067 -30.9265 4.4
      vertex -65.001 -32.2944 4.4
      vertex -64.5743 -30.8427 4.4
    endloop
  endfacet
  facet normal -0 0 1
    outer loop
      vertex -64.9924 -32.2518 4.4
      vertex -65.001 -32.2944 4.4
      vertex -64.6067 -30.9265 4.4
    endloop
  endfacet
  facet normal -0 0 1
    outer loop
      vertex -64.6638 -31.0704 4.4
      vertex -64.9924 -32.2518 4.4
      vertex -64.6366 -31.0026 4.4
    endloop
  endfacet
  facet normal 0 0 1
    outer loop
      vertex -64.9865 -32.2093 4.4
      vertex -64.7121 -31.1825 4.4
      vertex -64.7355 -31.2369 4.4
    endloop
  endfacet
  facet normal 0 0 1
    outer loop
      vertex -64.8021 -31.4052 4.4
      vertex -64.8227 -31.462 4.4
      vertex -64.9865 -32.2093 4.4
    endloop
  endfacet
  facet normal 0 0 1
    outer loop
      vertex -64.9251 -31.7911 4.4
      vertex -64.9378 -31.8414 4.4
      vertex -64.9832 -32.1665 4.4
    endloop
  endfacet
  facet normal -0 0 1
    outer loop
      vertex -64.9783 -32.0579 4.4
      vertex -64.9822 -32.123 4.4
      vertex -64.9736 -32.0203 4.4
    endloop
  endfacet
  facet normal 0 0 1
    outer loop
      vertex -64.879 -31.6306 4.4
      vertex -64.9832 -32.1665 4.4
      vertex -64.9865 -32.2093 4.4
    endloop
  endfacet
  facet normal 0 0 1
    outer loop
      vertex -64.9865 -32.2093 4.4
      vertex -64.7584 -31.2924 4.4
      vertex -64.7806 -31.3486 4.4
    endloop
  endfacet
  facet normal 0 0 1
    outer loop
      vertex -64.8227 -31.462 4.4
      vertex -64.8425 -31.5187 4.4
      vertex -64.9865 -32.2093 4.4
    endloop
  endfacet
  facet normal 0 0 1
    outer loop
      vertex -64.9832 -32.1665 4.4
      vertex -64.911 -31.7389 4.4
      vertex -64.9251 -31.7911 4.4
    endloop
  endfacet
  facet normal -0 0 1
    outer loop
      vertex -64.9491 -31.8898 4.4
      vertex -64.9832 -32.1665 4.4
      vertex -64.9378 -31.8414 4.4
    endloop
  endfacet
  facet normal 0 0 1
    outer loop
      vertex -64.9822 -32.123 4.4
      vertex -64.9671 -31.9795 4.4
      vertex -64.9736 -32.0203 4.4
    endloop
  endfacet
  facet normal -0 0 1
    outer loop
      vertex -64.9812 -32.0923 4.4
      vertex -64.9822 -32.123 4.4
      vertex -64.9783 -32.0579 4.4
    endloop
  endfacet
  facet normal -0 0 1
    outer loop
      vertex -64.9822 -32.123 4.4
      vertex -64.9832 -32.1665 4.4
      vertex -64.9671 -31.9795 4.4
    endloop
  endfacet
  facet normal 0 0 1
    outer loop
      vertex -64.9832 -32.1665 4.4
      vertex -64.9589 -31.9359 4.4
      vertex -64.9671 -31.9795 4.4
    endloop
  endfacet
  facet normal 0 0 1
    outer loop
      vertex -64.9491 -31.8898 4.4
      vertex -64.9589 -31.9359 4.4
      vertex -64.9832 -32.1665 4.4
    endloop
  endfacet
  facet normal -0 0 1
    outer loop
      vertex -64.911 -31.7389 4.4
      vertex -64.9832 -32.1665 4.4
      vertex -64.8956 -31.6854 4.4
    endloop
  endfacet
  facet normal 0 0 1
    outer loop
      vertex -64.9832 -32.1665 4.4
      vertex -64.879 -31.6306 4.4
      vertex -64.8956 -31.6854 4.4
    endloop
  endfacet
  facet normal 0 0 1
    outer loop
      vertex -64.9865 -32.2093 4.4
      vertex -64.8613 -31.575 4.4
      vertex -64.879 -31.6306 4.4
    endloop
  endfacet
  facet normal 0 0 1
    outer loop
      vertex -64.8425 -31.5187 4.4
      vertex -64.8613 -31.575 4.4
      vertex -64.9865 -32.2093 4.4
    endloop
  endfacet
  facet normal -0 0 1
    outer loop
      vertex -64.8021 -31.4052 4.4
      vertex -64.9865 -32.2093 4.4
      vertex -64.7806 -31.3486 4.4
    endloop
  endfacet
  facet normal 0 0 1
    outer loop
      vertex -64.9865 -32.2093 4.4
      vertex -64.7355 -31.2369 4.4
      vertex -64.7584 -31.2924 4.4
    endloop
  endfacet
  facet normal 0 0 1
    outer loop
      vertex -64.6881 -31.1292 4.4
      vertex -64.7121 -31.1825 4.4
      vertex -64.9865 -32.2093 4.4
    endloop
  endfacet
  facet normal 0 0 1
    outer loop
      vertex -64.6881 -31.1292 4.4
      vertex -64.9865 -32.2093 4.4
      vertex -64.9924 -32.2518 4.4
    endloop
  endfacet
  facet normal -0 0 1
    outer loop
      vertex -64.6881 -31.1292 4.4
      vertex -64.9924 -32.2518 4.4
      vertex -64.6638 -31.0704 4.4
    endloop
  endfacet
  facet normal 0 0 1
    outer loop
      vertex -64.9924 -32.2518 4.4
      vertex -64.6067 -30.9265 4.4
      vertex -64.6366 -31.0026 4.4
    endloop
  endfacet
  facet normal 0 0 1
    outer loop
      vertex -65.001 -32.2944 4.4
      vertex -64.5397 -30.7516 4.4
      vertex -64.5743 -30.8427 4.4
    endloop
  endfacet
  facet normal 0 0 1
    outer loop
      vertex -64.5031 -30.654 4.4
      vertex -64.5397 -30.7516 4.4
      vertex -65.001 -32.2944 4.4
    endloop
  endfacet
  facet normal -0 0 1
    outer loop
      vertex -64.5031 -30.654 4.4
      vertex -65.001 -32.2944 4.4
      vertex -55.2323 -23.5137 4.4
    endloop
  endfacet
  facet normal 0 0 1
    outer loop
      vertex -65.001 -32.2944 4.4
      vertex -54.8317 -23.5182 4.4
      vertex -55.2323 -23.5137 4.4
    endloop
  endfacet
  facet normal 0 0 1
    outer loop
      vertex -65.0127 -32.3377 4.4
      vertex -54.8317 -23.5182 4.4
      vertex -65.001 -32.2944 4.4
    endloop
  endfacet
  facet normal 0 0 1
    outer loop
      vertex -52.9818 -23.5521 4.4
      vertex -54.8317 -23.5182 4.4
      vertex -65.0127 -32.3377 4.4
    endloop
  endfacet
  facet normal 0 0 1
    outer loop
      vertex -52.9818 -23.5521 4.4
      vertex -65.0127 -32.3377 4.4
      vertex -65.0278 -32.382 4.4
    endloop
  endfacet
  facet normal 0 0 1
    outer loop
      vertex -52.9818 -23.5521 4.4
      vertex -65.0278 -32.382 4.4
      vertex -65.0464 -32.4279 4.4
    endloop
  endfacet
  facet normal 0 0 1
    outer loop
      vertex -52.9818 -23.5521 4.4
      vertex -65.0464 -32.4279 4.4
      vertex -65.069 -32.4756 4.4
    endloop
  endfacet
  facet normal 0 0 1
    outer loop
      vertex -66.5 -48 4.4
      vertex -65.069 -32.4756 4.4
      vertex -65.0957 -32.5258 4.4
    endloop
  endfacet
  facet normal 0 0 1
    outer loop
      vertex -66.5 -48 4.4
      vertex -65.0957 -32.5258 4.4
      vertex -65.1268 -32.5789 4.4
    endloop
  endfacet
  facet normal 0 0 1
    outer loop
      vertex -66.5 -48 4.4
      vertex -65.1268 -32.5789 4.4
      vertex -65.1627 -32.6352 4.4
    endloop
  endfacet
  facet normal 0 0 1
    outer loop
      vertex -66.5 -48 4.4
      vertex -65.1627 -32.6352 4.4
      vertex -65.2035 -32.6953 4.4
    endloop
  endfacet
  facet normal 0 0 1
    outer loop
      vertex -66.5 -48 4.4
      vertex -65.2035 -32.6953 4.4
      vertex -65.2495 -32.7597 4.4
    endloop
  endfacet
  facet normal 0 0 1
    outer loop
      vertex -66.5 -48 4.4
      vertex -65.2495 -32.7597 4.4
      vertex -65.301 -32.8286 4.4
    endloop
  endfacet
  facet normal 0 0 1
    outer loop
      vertex -52.9818 -23.5521 4.4
      vertex -65.069 -32.4756 4.4
      vertex -66.5 -48 4.4
    endloop
  endfacet
  facet normal 0 0 1
    outer loop
      vertex -65.301 -32.8286 4.4
      vertex -65.3584 -32.9027 4.4
      vertex -66.5 -48 4.4
    endloop
  endfacet
  facet normal 0 0 1
    outer loop
      vertex -65.3584 -32.9027 4.4
      vertex -65.4217 -32.9823 4.4
      vertex -66.5 -48 4.4
    endloop
  endfacet
  facet normal 0 0 1
    outer loop
      vertex -65.4217 -32.9823 4.4
      vertex -65.4914 -33.0679 4.4
      vertex -66.5 -48 4.4
    endloop
  endfacet
  facet normal 0 0 1
    outer loop
      vertex -65.4914 -33.0679 4.4
      vertex -65.5677 -33.1599 4.4
      vertex -66.5 -48 4.4
    endloop
  endfacet
  facet normal 0 0 1
    outer loop
      vertex -65.5677 -33.1599 4.4
      vertex -65.6508 -33.2588 4.4
      vertex -66.5 -48 4.4
    endloop
  endfacet
  facet normal 0 0 1
    outer loop
      vertex -65.6508 -33.2588 4.4
      vertex -65.7411 -33.3651 4.4
      vertex -66.5 -48 4.4
    endloop
  endfacet
  facet normal 0 0 1
    outer loop
      vertex -65.7411 -33.3651 4.4
      vertex -66.5 -34.2459 4.4
      vertex -66.5 -48 4.4
    endloop
  endfacet
  facet normal 0 0 1
    outer loop
      vertex -20.151 -42.8101 4.4
      vertex -66.5 -48 4.4
      vertex -18.9729 -47.8645 4.4
    endloop
  endfacet
  facet normal 0 0 1
    outer loop
      vertex -66.5 -48 4.4
      vertex -18.9503 -47.8883 4.4
      vertex -18.9729 -47.8645 4.4
    endloop
  endfacet
  facet normal 0.523499 0.852026 0
    outer loop
      vertex 66.2059 -35.2961 3.2
      vertex 66.5 -35.4768 4.4
      vertex 66.5 -35.4768 3.2
    endloop
  endfacet
  facet normal 0.523499 0.852026 -0
    outer loop
      vertex 66.2059 -35.2961 3.2
      vertex 66.2059 -35.2961 4.4
      vertex 66.5 -35.4768 4.4
    endloop
  endfacet
  facet normal 0.501257 0.865298 0
    outer loop
      vertex 66.1441 -35.2603 3.2
      vertex 66.2059 -35.2961 4.4
      vertex 66.2059 -35.2961 3.2
    endloop
  endfacet
  facet normal 0.501257 0.865298 -0
    outer loop
      vertex 66.1441 -35.2603 3.2
      vertex 66.1441 -35.2603 4.4
      vertex 66.2059 -35.2961 4.4
    endloop
  endfacet
  facet normal 0.451725 0.892157 0
    outer loop
      vertex 66.073 -35.2243 3.2
      vertex 66.1441 -35.2603 4.4
      vertex 66.1441 -35.2603 3.2
    endloop
  endfacet
  facet normal 0.451725 0.892157 -0
    outer loop
      vertex 66.073 -35.2243 3.2
      vertex 66.073 -35.2243 4.4
      vertex 66.1441 -35.2603 4.4
    endloop
  endfacet
  facet normal 0.414839 0.909895 0
    outer loop
      vertex 65.9936 -35.1881 3.2
      vertex 66.073 -35.2243 4.4
      vertex 66.073 -35.2243 3.2
    endloop
  endfacet
  facet normal 0.414839 0.909895 -0
    outer loop
      vertex 65.9936 -35.1881 3.2
      vertex 65.9936 -35.1881 4.4
      vertex 66.073 -35.2243 4.4
    endloop
  endfacet
  facet normal 0.382195 0.924082 0
    outer loop
      vertex 65.9068 -35.1522 3.2
      vertex 65.9936 -35.1881 4.4
      vertex 65.9936 -35.1881 3.2
    endloop
  endfacet
  facet normal 0.382195 0.924082 -0
    outer loop
      vertex 65.9068 -35.1522 3.2
      vertex 65.9068 -35.1522 4.4
      vertex 65.9936 -35.1881 4.4
    endloop
  endfacet
  facet normal 0.354956 0.934883 0
    outer loop
      vertex 65.8133 -35.1167 3.2
      vertex 65.9068 -35.1522 4.4
      vertex 65.9068 -35.1522 3.2
    endloop
  endfacet
  facet normal 0.354956 0.934883 -0
    outer loop
      vertex 65.8133 -35.1167 3.2
      vertex 65.8133 -35.1167 4.4
      vertex 65.9068 -35.1522 4.4
    endloop
  endfacet
  facet normal 0.331875 0.943323 0
    outer loop
      vertex 65.7141 -35.0818 3.2
      vertex 65.8133 -35.1167 4.4
      vertex 65.8133 -35.1167 3.2
    endloop
  endfacet
  facet normal 0.331875 0.943323 -0
    outer loop
      vertex 65.7141 -35.0818 3.2
      vertex 65.7141 -35.0818 4.4
      vertex 65.8133 -35.1167 4.4
    endloop
  endfacet
  facet normal 0.311294 0.950314 0
    outer loop
      vertex 65.61 -35.0477 3.2
      vertex 65.7141 -35.0818 4.4
      vertex 65.7141 -35.0818 3.2
    endloop
  endfacet
  facet normal 0.311294 0.950314 -0
    outer loop
      vertex 65.61 -35.0477 3.2
      vertex 65.61 -35.0477 4.4
      vertex 65.7141 -35.0818 4.4
    endloop
  endfacet
  facet normal 0.291408 0.956599 0
    outer loop
      vertex 65.502 -35.0148 3.2
      vertex 65.61 -35.0477 4.4
      vertex 65.61 -35.0477 3.2
    endloop
  endfacet
  facet normal 0.291408 0.956599 -0
    outer loop
      vertex 65.502 -35.0148 3.2
      vertex 65.502 -35.0148 4.4
      vertex 65.61 -35.0477 4.4
    endloop
  endfacet
  facet normal 0.27335 0.961915 0
    outer loop
      vertex 65.3908 -34.9832 3.2
      vertex 65.502 -35.0148 4.4
      vertex 65.502 -35.0148 3.2
    endloop
  endfacet
  facet normal 0.27335 0.961915 -0
    outer loop
      vertex 65.3908 -34.9832 3.2
      vertex 65.3908 -34.9832 4.4
      vertex 65.502 -35.0148 4.4
    endloop
  endfacet
  facet normal 0.256548 0.966531 0
    outer loop
      vertex 65.2774 -34.9531 3.2
      vertex 65.3908 -34.9832 4.4
      vertex 65.3908 -34.9832 3.2
    endloop
  endfacet
  facet normal 0.256548 0.966531 -0
    outer loop
      vertex 65.2774 -34.9531 3.2
      vertex 65.2774 -34.9531 4.4
      vertex 65.3908 -34.9832 4.4
    endloop
  endfacet
  facet normal 0.239547 0.970885 0
    outer loop
      vertex 65.1627 -34.9248 3.2
      vertex 65.2774 -34.9531 4.4
      vertex 65.2774 -34.9531 3.2
    endloop
  endfacet
  facet normal 0.239547 0.970885 -0
    outer loop
      vertex 65.1627 -34.9248 3.2
      vertex 65.1627 -34.9248 4.4
      vertex 65.2774 -34.9531 4.4
    endloop
  endfacet
  facet normal 0.222572 0.974916 0
    outer loop
      vertex 65.0475 -34.8985 3.2
      vertex 65.1627 -34.9248 4.4
      vertex 65.1627 -34.9248 3.2
    endloop
  endfacet
  facet normal 0.222572 0.974916 -0
    outer loop
      vertex 65.0475 -34.8985 3.2
      vertex 65.0475 -34.8985 4.4
      vertex 65.1627 -34.9248 4.4
    endloop
  endfacet
  facet normal 0.204635 0.978838 0
    outer loop
      vertex 64.9327 -34.8745 3.2
      vertex 65.0475 -34.8985 4.4
      vertex 65.0475 -34.8985 3.2
    endloop
  endfacet
  facet normal 0.204635 0.978838 -0
    outer loop
      vertex 64.9327 -34.8745 3.2
      vertex 64.9327 -34.8745 4.4
      vertex 65.0475 -34.8985 4.4
    endloop
  endfacet
  facet normal 0.186953 0.982369 0
    outer loop
      vertex 64.8192 -34.8529 3.2
      vertex 64.9327 -34.8745 4.4
      vertex 64.9327 -34.8745 3.2
    endloop
  endfacet
  facet normal 0.186953 0.982369 -0
    outer loop
      vertex 64.8192 -34.8529 3.2
      vertex 64.8192 -34.8529 4.4
      vertex 64.9327 -34.8745 4.4
    endloop
  endfacet
  facet normal 0.167269 0.985911 0
    outer loop
      vertex 64.7078 -34.834 3.2
      vertex 64.8192 -34.8529 4.4
      vertex 64.8192 -34.8529 3.2
    endloop
  endfacet
  facet normal 0.167269 0.985911 -0
    outer loop
      vertex 64.7078 -34.834 3.2
      vertex 64.7078 -34.834 4.4
      vertex 64.8192 -34.8529 4.4
    endloop
  endfacet
  facet normal 0.146019 0.989282 0
    outer loop
      vertex 64.5994 -34.818 3.2
      vertex 64.7078 -34.834 4.4
      vertex 64.7078 -34.834 3.2
    endloop
  endfacet
  facet normal 0.146019 0.989282 -0
    outer loop
      vertex 64.5994 -34.818 3.2
      vertex 64.5994 -34.818 4.4
      vertex 64.7078 -34.834 4.4
    endloop
  endfacet
  facet normal 0.121694 0.992568 0
    outer loop
      vertex 64.495 -34.8052 3.2
      vertex 64.5994 -34.818 4.4
      vertex 64.5994 -34.818 3.2
    endloop
  endfacet
  facet normal 0.121694 0.992568 -0
    outer loop
      vertex 64.495 -34.8052 3.2
      vertex 64.495 -34.8052 4.4
      vertex 64.5994 -34.818 4.4
    endloop
  endfacet
  facet normal 0.0938666 0.995585 0
    outer loop
      vertex 64.3953 -34.7958 3.2
      vertex 64.495 -34.8052 4.4
      vertex 64.495 -34.8052 3.2
    endloop
  endfacet
  facet normal 0.0938666 0.995585 -0
    outer loop
      vertex 64.3953 -34.7958 3.2
      vertex 64.3953 -34.7958 4.4
      vertex 64.495 -34.8052 4.4
    endloop
  endfacet
  facet normal 0.0626427 0.998036 0
    outer loop
      vertex 64.3013 -34.7899 3.2
      vertex 64.3953 -34.7958 4.4
      vertex 64.3953 -34.7958 3.2
    endloop
  endfacet
  facet normal 0.0626427 0.998036 -0
    outer loop
      vertex 64.3013 -34.7899 3.2
      vertex 64.3013 -34.7899 4.4
      vertex 64.3953 -34.7958 4.4
    endloop
  endfacet
  facet normal 0.0217092 0.999764 0
    outer loop
      vertex 64.2138 -34.788 3.2
      vertex 64.3013 -34.7899 4.4
      vertex 64.3013 -34.7899 3.2
    endloop
  endfacet
  facet normal 0.0217092 0.999764 -0
    outer loop
      vertex 64.2138 -34.788 3.2
      vertex 64.2138 -34.788 4.4
      vertex 64.3013 -34.7899 4.4
    endloop
  endfacet
  facet normal 0.0277671 0.999614 0
    outer loop
      vertex 64.1742 -34.7869 3.2
      vertex 64.2138 -34.788 4.4
      vertex 64.2138 -34.788 3.2
    endloop
  endfacet
  facet normal 0.0277671 0.999614 -0
    outer loop
      vertex 64.1742 -34.7869 3.2
      vertex 64.1742 -34.7869 4.4
      vertex 64.2138 -34.788 4.4
    endloop
  endfacet
  facet normal 0.0717249 0.997424 0
    outer loop
      vertex 64.1297 -34.7837 3.2
      vertex 64.1742 -34.7869 4.4
      vertex 64.1742 -34.7869 3.2
    endloop
  endfacet
  facet normal 0.0717249 0.997424 -0
    outer loop
      vertex 64.1297 -34.7837 3.2
      vertex 64.1297 -34.7837 4.4
      vertex 64.1742 -34.7869 4.4
    endloop
  endfacet
  facet normal 0.10732 0.994225 0
    outer loop
      vertex 64.0806 -34.7784 3.2
      vertex 64.1297 -34.7837 4.4
      vertex 64.1297 -34.7837 3.2
    endloop
  endfacet
  facet normal 0.10732 0.994225 -0
    outer loop
      vertex 64.0806 -34.7784 3.2
      vertex 64.0806 -34.7784 4.4
      vertex 64.1297 -34.7837 4.4
    endloop
  endfacet
  facet normal 0.133869 0.990999 0
    outer loop
      vertex 64.0273 -34.7712 3.2
      vertex 64.0806 -34.7784 4.4
      vertex 64.0806 -34.7784 3.2
    endloop
  endfacet
  facet normal 0.133869 0.990999 -0
    outer loop
      vertex 64.0273 -34.7712 3.2
      vertex 64.0273 -34.7712 4.4
      vertex 64.0806 -34.7784 4.4
    endloop
  endfacet
  facet normal 0.15543 0.987847 0
    outer loop
      vertex 63.9701 -34.7622 3.2
      vertex 64.0273 -34.7712 4.4
      vertex 64.0273 -34.7712 3.2
    endloop
  endfacet
  facet normal 0.15543 0.987847 -0
    outer loop
      vertex 63.9701 -34.7622 3.2
      vertex 63.9701 -34.7622 4.4
      vertex 64.0273 -34.7712 4.4
    endloop
  endfacet
  facet normal 0.174894 0.984587 0
    outer loop
      vertex 63.9093 -34.7514 3.2
      vertex 63.9701 -34.7622 4.4
      vertex 63.9701 -34.7622 3.2
    endloop
  endfacet
  facet normal 0.174894 0.984587 -0
    outer loop
      vertex 63.9093 -34.7514 3.2
      vertex 63.9093 -34.7514 4.4
      vertex 63.9701 -34.7622 4.4
    endloop
  endfacet
  facet normal 0.193167 0.981166 0
    outer loop
      vertex 63.8453 -34.7388 3.2
      vertex 63.9093 -34.7514 4.4
      vertex 63.9093 -34.7514 3.2
    endloop
  endfacet
  facet normal 0.193167 0.981166 -0
    outer loop
      vertex 63.8453 -34.7388 3.2
      vertex 63.8453 -34.7388 4.4
      vertex 63.9093 -34.7514 4.4
    endloop
  endfacet
  facet normal 0.206527 0.978441 0
    outer loop
      vertex 63.7785 -34.7247 3.2
      vertex 63.8453 -34.7388 4.4
      vertex 63.8453 -34.7388 3.2
    endloop
  endfacet
  facet normal 0.206527 0.978441 -0
    outer loop
      vertex 63.7785 -34.7247 3.2
      vertex 63.7785 -34.7247 4.4
      vertex 63.8453 -34.7388 4.4
    endloop
  endfacet
  facet normal 0.219311 0.975655 0
    outer loop
      vertex 63.7091 -34.7091 3.2
      vertex 63.7785 -34.7247 4.4
      vertex 63.7785 -34.7247 3.2
    endloop
  endfacet
  facet normal 0.219311 0.975655 -0
    outer loop
      vertex 63.7091 -34.7091 3.2
      vertex 63.7091 -34.7091 4.4
      vertex 63.7785 -34.7247 4.4
    endloop
  endfacet
  facet normal 0.232294 0.972646 0
    outer loop
      vertex 63.6375 -34.692 3.2
      vertex 63.7091 -34.7091 4.4
      vertex 63.7091 -34.7091 3.2
    endloop
  endfacet
  facet normal 0.232294 0.972646 -0
    outer loop
      vertex 63.6375 -34.692 3.2
      vertex 63.6375 -34.692 4.4
      vertex 63.7091 -34.7091 4.4
    endloop
  endfacet
  facet normal 0.244088 0.969753 0
    outer loop
      vertex 63.564 -34.6735 3.2
      vertex 63.6375 -34.692 4.4
      vertex 63.6375 -34.692 3.2
    endloop
  endfacet
  facet normal 0.244088 0.969753 -0
    outer loop
      vertex 63.564 -34.6735 3.2
      vertex 63.564 -34.6735 4.4
      vertex 63.6375 -34.692 4.4
    endloop
  endfacet
  facet normal 0.254366 0.967108 0
    outer loop
      vertex 63.4891 -34.6538 3.2
      vertex 63.564 -34.6735 4.4
      vertex 63.564 -34.6735 3.2
    endloop
  endfacet
  facet normal 0.254366 0.967108 -0
    outer loop
      vertex 63.4891 -34.6538 3.2
      vertex 63.4891 -34.6538 4.4
      vertex 63.564 -34.6735 4.4
    endloop
  endfacet
  facet normal 0.264833 0.964294 0
    outer loop
      vertex 63.413 -34.6329 3.2
      vertex 63.4891 -34.6538 4.4
      vertex 63.4891 -34.6538 3.2
    endloop
  endfacet
  facet normal 0.264833 0.964294 -0
    outer loop
      vertex 63.413 -34.6329 3.2
      vertex 63.413 -34.6329 4.4
      vertex 63.4891 -34.6538 4.4
    endloop
  endfacet
  facet normal 0.274721 0.961524 0
    outer loop
      vertex 63.336 -34.6109 3.2
      vertex 63.413 -34.6329 4.4
      vertex 63.413 -34.6329 3.2
    endloop
  endfacet
  facet normal 0.274721 0.961524 -0
    outer loop
      vertex 63.336 -34.6109 3.2
      vertex 63.336 -34.6109 4.4
      vertex 63.413 -34.6329 4.4
    endloop
  endfacet
  facet normal 0.284847 0.958573 0
    outer loop
      vertex 63.2586 -34.5879 3.2
      vertex 63.336 -34.6109 4.4
      vertex 63.336 -34.6109 3.2
    endloop
  endfacet
  facet normal 0.284847 0.958573 -0
    outer loop
      vertex 63.2586 -34.5879 3.2
      vertex 63.2586 -34.5879 4.4
      vertex 63.336 -34.6109 4.4
    endloop
  endfacet
  facet normal 0.29547 0.955352 0
    outer loop
      vertex 63.181 -34.5639 3.2
      vertex 63.2586 -34.5879 4.4
      vertex 63.2586 -34.5879 3.2
    endloop
  endfacet
  facet normal 0.29547 0.955352 -0
    outer loop
      vertex 63.181 -34.5639 3.2
      vertex 63.181 -34.5639 4.4
      vertex 63.2586 -34.5879 4.4
    endloop
  endfacet
  facet normal 0.305491 0.952195 0
    outer loop
      vertex 63.1037 -34.5391 3.2
      vertex 63.181 -34.5639 4.4
      vertex 63.181 -34.5639 3.2
    endloop
  endfacet
  facet normal 0.305491 0.952195 -0
    outer loop
      vertex 63.1037 -34.5391 3.2
      vertex 63.1037 -34.5391 4.4
      vertex 63.181 -34.5639 4.4
    endloop
  endfacet
  facet normal 0.315858 0.948807 0
    outer loop
      vertex 63.0268 -34.5135 3.2
      vertex 63.1037 -34.5391 4.4
      vertex 63.1037 -34.5391 3.2
    endloop
  endfacet
  facet normal 0.315858 0.948807 -0
    outer loop
      vertex 63.0268 -34.5135 3.2
      vertex 63.0268 -34.5135 4.4
      vertex 63.1037 -34.5391 4.4
    endloop
  endfacet
  facet normal 0.326298 0.945267 0
    outer loop
      vertex 62.9509 -34.4873 3.2
      vertex 63.0268 -34.5135 4.4
      vertex 63.0268 -34.5135 3.2
    endloop
  endfacet
  facet normal 0.326298 0.945267 -0
    outer loop
      vertex 62.9509 -34.4873 3.2
      vertex 62.9509 -34.4873 4.4
      vertex 63.0268 -34.5135 4.4
    endloop
  endfacet
  facet normal 0.337693 0.941256 0
    outer loop
      vertex 62.8762 -34.4605 3.2
      vertex 62.9509 -34.4873 4.4
      vertex 62.9509 -34.4873 3.2
    endloop
  endfacet
  facet normal 0.337693 0.941256 -0
    outer loop
      vertex 62.8762 -34.4605 3.2
      vertex 62.8762 -34.4605 4.4
      vertex 62.9509 -34.4873 4.4
    endloop
  endfacet
  facet normal 0.342529 0.939507 0
    outer loop
      vertex 62.7994 -34.4325 3.2
      vertex 62.8762 -34.4605 4.4
      vertex 62.8762 -34.4605 3.2
    endloop
  endfacet
  facet normal 0.342529 0.939507 -0
    outer loop
      vertex 62.7994 -34.4325 3.2
      vertex 62.7994 -34.4325 4.4
      vertex 62.8762 -34.4605 4.4
    endloop
  endfacet
  facet normal 0.330202 0.94391 0
    outer loop
      vertex 62.7145 -34.4028 3.2
      vertex 62.7994 -34.4325 4.4
      vertex 62.7994 -34.4325 3.2
    endloop
  endfacet
  facet normal 0.330202 0.94391 -0
    outer loop
      vertex 62.7145 -34.4028 3.2
      vertex 62.7145 -34.4028 4.4
      vertex 62.7994 -34.4325 4.4
    endloop
  endfacet
  facet normal 0.321148 0.947029 0
    outer loop
      vertex 62.6222 -34.3715 3.2
      vertex 62.7145 -34.4028 4.4
      vertex 62.7145 -34.4028 3.2
    endloop
  endfacet
  facet normal 0.321148 0.947029 -0
    outer loop
      vertex 62.6222 -34.3715 3.2
      vertex 62.6222 -34.3715 4.4
      vertex 62.7145 -34.4028 4.4
    endloop
  endfacet
  facet normal 0.311622 0.950206 0
    outer loop
      vertex 62.5231 -34.339 3.2
      vertex 62.6222 -34.3715 4.4
      vertex 62.6222 -34.3715 3.2
    endloop
  endfacet
  facet normal 0.311622 0.950206 -0
    outer loop
      vertex 62.5231 -34.339 3.2
      vertex 62.5231 -34.339 4.4
      vertex 62.6222 -34.3715 4.4
    endloop
  endfacet
  facet normal 0.305892 0.952066 0
    outer loop
      vertex 62.4179 -34.3052 3.2
      vertex 62.5231 -34.339 4.4
      vertex 62.5231 -34.339 3.2
    endloop
  endfacet
  facet normal 0.305892 0.952066 -0
    outer loop
      vertex 62.4179 -34.3052 3.2
      vertex 62.4179 -34.3052 4.4
      vertex 62.5231 -34.339 4.4
    endloop
  endfacet
  facet normal 0.299402 0.954127 0
    outer loop
      vertex 62.307 -34.2704 3.2
      vertex 62.4179 -34.3052 4.4
      vertex 62.4179 -34.3052 3.2
    endloop
  endfacet
  facet normal 0.299402 0.954127 -0
    outer loop
      vertex 62.307 -34.2704 3.2
      vertex 62.307 -34.2704 4.4
      vertex 62.4179 -34.3052 4.4
    endloop
  endfacet
  facet normal 0.294086 0.955779 0
    outer loop
      vertex 62.1913 -34.2348 3.2
      vertex 62.307 -34.2704 4.4
      vertex 62.307 -34.2704 3.2
    endloop
  endfacet
  facet normal 0.294086 0.955779 -0
    outer loop
      vertex 62.1913 -34.2348 3.2
      vertex 62.1913 -34.2348 4.4
      vertex 62.307 -34.2704 4.4
    endloop
  endfacet
  facet normal 0.289542 0.957165 0
    outer loop
      vertex 62.0713 -34.1985 3.2
      vertex 62.1913 -34.2348 4.4
      vertex 62.1913 -34.2348 3.2
    endloop
  endfacet
  facet normal 0.289542 0.957165 -0
    outer loop
      vertex 62.0713 -34.1985 3.2
      vertex 62.0713 -34.1985 4.4
      vertex 62.1913 -34.2348 4.4
    endloop
  endfacet
  facet normal 0.285143 0.958485 0
    outer loop
      vertex 61.9476 -34.1617 3.2
      vertex 62.0713 -34.1985 4.4
      vertex 62.0713 -34.1985 3.2
    endloop
  endfacet
  facet normal 0.285143 0.958485 -0
    outer loop
      vertex 61.9476 -34.1617 3.2
      vertex 61.9476 -34.1617 4.4
      vertex 62.0713 -34.1985 4.4
    endloop
  endfacet
  facet normal 0.281511 0.959558 0
    outer loop
      vertex 61.8208 -34.1245 3.2
      vertex 61.9476 -34.1617 4.4
      vertex 61.9476 -34.1617 3.2
    endloop
  endfacet
  facet normal 0.281511 0.959558 -0
    outer loop
      vertex 61.8208 -34.1245 3.2
      vertex 61.8208 -34.1245 4.4
      vertex 61.9476 -34.1617 4.4
    endloop
  endfacet
  facet normal 0.277372 0.960763 0
    outer loop
      vertex 61.6916 -34.0872 3.2
      vertex 61.8208 -34.1245 4.4
      vertex 61.8208 -34.1245 3.2
    endloop
  endfacet
  facet normal 0.277372 0.960763 -0
    outer loop
      vertex 61.6916 -34.0872 3.2
      vertex 61.6916 -34.0872 4.4
      vertex 61.8208 -34.1245 4.4
    endloop
  endfacet
  facet normal 0.274042 0.961718 0
    outer loop
      vertex 61.5607 -34.0499 3.2
      vertex 61.6916 -34.0872 4.4
      vertex 61.6916 -34.0872 3.2
    endloop
  endfacet
  facet normal 0.274042 0.961718 -0
    outer loop
      vertex 61.5607 -34.0499 3.2
      vertex 61.5607 -34.0499 4.4
      vertex 61.6916 -34.0872 4.4
    endloop
  endfacet
  facet normal 0.270872 0.962615 0
    outer loop
      vertex 61.4285 -34.0127 3.2
      vertex 61.5607 -34.0499 4.4
      vertex 61.5607 -34.0499 3.2
    endloop
  endfacet
  facet normal 0.270872 0.962615 -0
    outer loop
      vertex 61.4285 -34.0127 3.2
      vertex 61.4285 -34.0127 4.4
      vertex 61.5607 -34.0499 4.4
    endloop
  endfacet
  facet normal 0.267419 0.96358 0
    outer loop
      vertex 61.2959 -33.9759 3.2
      vertex 61.4285 -34.0127 4.4
      vertex 61.4285 -34.0127 3.2
    endloop
  endfacet
  facet normal 0.267419 0.96358 -0
    outer loop
      vertex 61.2959 -33.9759 3.2
      vertex 61.2959 -33.9759 4.4
      vertex 61.4285 -34.0127 4.4
    endloop
  endfacet
  facet normal 0.264041 0.964512 0
    outer loop
      vertex 61.1633 -33.9396 3.2
      vertex 61.2959 -33.9759 4.4
      vertex 61.2959 -33.9759 3.2
    endloop
  endfacet
  facet normal 0.264041 0.964512 -0
    outer loop
      vertex 61.1633 -33.9396 3.2
      vertex 61.1633 -33.9396 4.4
      vertex 61.2959 -33.9759 4.4
    endloop
  endfacet
  facet normal 0.260577 0.965453 0
    outer loop
      vertex 61.0314 -33.904 3.2
      vertex 61.1633 -33.9396 4.4
      vertex 61.1633 -33.9396 3.2
    endloop
  endfacet
  facet normal 0.260577 0.965453 -0
    outer loop
      vertex 61.0314 -33.904 3.2
      vertex 61.0314 -33.904 4.4
      vertex 61.1633 -33.9396 4.4
    endloop
  endfacet
  facet normal 0.257663 0.966235 0
    outer loop
      vertex 60.9009 -33.8692 3.2
      vertex 61.0314 -33.904 4.4
      vertex 61.0314 -33.904 3.2
    endloop
  endfacet
  facet normal 0.257663 0.966235 -0
    outer loop
      vertex 60.9009 -33.8692 3.2
      vertex 60.9009 -33.8692 4.4
      vertex 61.0314 -33.904 4.4
    endloop
  endfacet
  facet normal 0.254197 0.967152 0
    outer loop
      vertex 60.7723 -33.8354 3.2
      vertex 60.9009 -33.8692 4.4
      vertex 60.9009 -33.8692 3.2
    endloop
  endfacet
  facet normal 0.254197 0.967152 -0
    outer loop
      vertex 60.7723 -33.8354 3.2
      vertex 60.7723 -33.8354 4.4
      vertex 60.9009 -33.8692 4.4
    endloop
  endfacet
  facet normal 0.249762 0.968307 0
    outer loop
      vertex 60.6463 -33.8029 3.2
      vertex 60.7723 -33.8354 4.4
      vertex 60.7723 -33.8354 3.2
    endloop
  endfacet
  facet normal 0.249762 0.968307 -0
    outer loop
      vertex 60.6463 -33.8029 3.2
      vertex 60.6463 -33.8029 4.4
      vertex 60.7723 -33.8354 4.4
    endloop
  endfacet
  facet normal 0.246989 0.969018 0
    outer loop
      vertex 60.5235 -33.7716 3.2
      vertex 60.6463 -33.8029 4.4
      vertex 60.6463 -33.8029 3.2
    endloop
  endfacet
  facet normal 0.246989 0.969018 -0
    outer loop
      vertex 60.5235 -33.7716 3.2
      vertex 60.5235 -33.7716 4.4
      vertex 60.6463 -33.8029 4.4
    endloop
  endfacet
  facet normal 0.234873 0.972026 0
    outer loop
      vertex 60.401 -33.742 3.2
      vertex 60.5235 -33.7716 4.4
      vertex 60.5235 -33.7716 3.2
    endloop
  endfacet
  facet normal 0.234873 0.972026 -0
    outer loop
      vertex 60.401 -33.742 3.2
      vertex 60.401 -33.742 4.4
      vertex 60.5235 -33.7716 4.4
    endloop
  endfacet
  facet normal 0.243448 0.969914 0
    outer loop
      vertex 60.2759 -33.7106 3.2
      vertex 60.401 -33.742 4.4
      vertex 60.401 -33.742 3.2
    endloop
  endfacet
  facet normal 0.243448 0.969914 -0
    outer loop
      vertex 60.2759 -33.7106 3.2
      vertex 60.2759 -33.7106 4.4
      vertex 60.401 -33.742 4.4
    endloop
  endfacet
  facet normal 0.24951 0.968372 0
    outer loop
      vertex 60.1486 -33.6778 3.2
      vertex 60.2759 -33.7106 4.4
      vertex 60.2759 -33.7106 3.2
    endloop
  endfacet
  facet normal 0.24951 0.968372 -0
    outer loop
      vertex 60.1486 -33.6778 3.2
      vertex 60.1486 -33.6778 4.4
      vertex 60.2759 -33.7106 4.4
    endloop
  endfacet
  facet normal 0.25612 0.966645 0
    outer loop
      vertex 60.0199 -33.6437 3.2
      vertex 60.1486 -33.6778 4.4
      vertex 60.1486 -33.6778 3.2
    endloop
  endfacet
  facet normal 0.25612 0.966645 -0
    outer loop
      vertex 60.0199 -33.6437 3.2
      vertex 60.0199 -33.6437 4.4
      vertex 60.1486 -33.6778 4.4
    endloop
  endfacet
  facet normal 0.261415 0.965226 0
    outer loop
      vertex 59.8903 -33.6086 3.2
      vertex 60.0199 -33.6437 4.4
      vertex 60.0199 -33.6437 3.2
    endloop
  endfacet
  facet normal 0.261415 0.965226 -0
    outer loop
      vertex 59.8903 -33.6086 3.2
      vertex 59.8903 -33.6086 4.4
      vertex 60.0199 -33.6437 4.4
    endloop
  endfacet
  facet normal 0.266381 0.963868 0
    outer loop
      vertex 59.7604 -33.5727 3.2
      vertex 59.8903 -33.6086 4.4
      vertex 59.8903 -33.6086 3.2
    endloop
  endfacet
  facet normal 0.266381 0.963868 -0
    outer loop
      vertex 59.7604 -33.5727 3.2
      vertex 59.7604 -33.5727 4.4
      vertex 59.8903 -33.6086 4.4
    endloop
  endfacet
  facet normal 0.27266 0.96211 0
    outer loop
      vertex 59.6309 -33.536 3.2
      vertex 59.7604 -33.5727 4.4
      vertex 59.7604 -33.5727 3.2
    endloop
  endfacet
  facet normal 0.27266 0.96211 -0
    outer loop
      vertex 59.6309 -33.536 3.2
      vertex 59.6309 -33.536 4.4
      vertex 59.7604 -33.5727 4.4
    endloop
  endfacet
  facet normal 0.276299 0.961072 0
    outer loop
      vertex 59.5022 -33.499 3.2
      vertex 59.6309 -33.536 4.4
      vertex 59.6309 -33.536 3.2
    endloop
  endfacet
  facet normal 0.276299 0.961072 -0
    outer loop
      vertex 59.5022 -33.499 3.2
      vertex 59.5022 -33.499 4.4
      vertex 59.6309 -33.536 4.4
    endloop
  endfacet
  facet normal 0.28139 0.959593 0
    outer loop
      vertex 59.375 -33.4617 3.2
      vertex 59.5022 -33.499 4.4
      vertex 59.5022 -33.499 3.2
    endloop
  endfacet
  facet normal 0.28139 0.959593 -0
    outer loop
      vertex 59.375 -33.4617 3.2
      vertex 59.375 -33.4617 4.4
      vertex 59.5022 -33.499 4.4
    endloop
  endfacet
  facet normal 0.285941 0.958247 0
    outer loop
      vertex 59.25 -33.4244 3.2
      vertex 59.375 -33.4617 4.4
      vertex 59.375 -33.4617 3.2
    endloop
  endfacet
  facet normal 0.285941 0.958247 -0
    outer loop
      vertex 59.25 -33.4244 3.2
      vertex 59.25 -33.4244 4.4
      vertex 59.375 -33.4617 4.4
    endloop
  endfacet
  facet normal 0.290072 0.957005 0
    outer loop
      vertex 59.1276 -33.3873 3.2
      vertex 59.25 -33.4244 4.4
      vertex 59.25 -33.4244 3.2
    endloop
  endfacet
  facet normal 0.290072 0.957005 -0
    outer loop
      vertex 59.1276 -33.3873 3.2
      vertex 59.1276 -33.3873 4.4
      vertex 59.25 -33.4244 4.4
    endloop
  endfacet
  facet normal 0.29544 0.955361 0
    outer loop
      vertex 59.0086 -33.3505 3.2
      vertex 59.1276 -33.3873 4.4
      vertex 59.1276 -33.3873 3.2
    endloop
  endfacet
  facet normal 0.29544 0.955361 -0
    outer loop
      vertex 59.0086 -33.3505 3.2
      vertex 59.0086 -33.3505 4.4
      vertex 59.1276 -33.3873 4.4
    endloop
  endfacet
  facet normal 0.299784 0.954007 0
    outer loop
      vertex 58.8934 -33.3143 3.2
      vertex 59.0086 -33.3505 4.4
      vertex 59.0086 -33.3505 3.2
    endloop
  endfacet
  facet normal 0.299784 0.954007 -0
    outer loop
      vertex 58.8934 -33.3143 3.2
      vertex 58.8934 -33.3143 4.4
      vertex 59.0086 -33.3505 4.4
    endloop
  endfacet
  facet normal 0.304838 0.952404 0
    outer loop
      vertex 58.7828 -33.2789 3.2
      vertex 58.8934 -33.3143 4.4
      vertex 58.8934 -33.3143 3.2
    endloop
  endfacet
  facet normal 0.304838 0.952404 -0
    outer loop
      vertex 58.7828 -33.2789 3.2
      vertex 58.7828 -33.2789 4.4
      vertex 58.8934 -33.3143 4.4
    endloop
  endfacet
  facet normal 0.310551 0.950557 0
    outer loop
      vertex 58.6772 -33.2444 3.2
      vertex 58.7828 -33.2789 4.4
      vertex 58.7828 -33.2789 3.2
    endloop
  endfacet
  facet normal 0.310551 0.950557 -0
    outer loop
      vertex 58.6772 -33.2444 3.2
      vertex 58.6772 -33.2444 4.4
      vertex 58.7828 -33.2789 4.4
    endloop
  endfacet
  facet normal 0.315657 0.948873 0
    outer loop
      vertex 58.5774 -33.2112 3.2
      vertex 58.6772 -33.2444 4.4
      vertex 58.6772 -33.2444 3.2
    endloop
  endfacet
  facet normal 0.315657 0.948873 -0
    outer loop
      vertex 58.5774 -33.2112 3.2
      vertex 58.5774 -33.2112 4.4
      vertex 58.6772 -33.2444 4.4
    endloop
  endfacet
  facet normal 0.322592 0.946538 0
    outer loop
      vertex 58.4838 -33.1793 3.2
      vertex 58.5774 -33.2112 4.4
      vertex 58.5774 -33.2112 3.2
    endloop
  endfacet
  facet normal 0.322592 0.946538 -0
    outer loop
      vertex 58.4838 -33.1793 3.2
      vertex 58.4838 -33.1793 4.4
      vertex 58.5774 -33.2112 4.4
    endloop
  endfacet
  facet normal 0.329914 0.944011 0
    outer loop
      vertex 58.3971 -33.149 3.2
      vertex 58.4838 -33.1793 4.4
      vertex 58.4838 -33.1793 3.2
    endloop
  endfacet
  facet normal 0.329914 0.944011 -0
    outer loop
      vertex 58.3971 -33.149 3.2
      vertex 58.3971 -33.149 4.4
      vertex 58.4838 -33.1793 4.4
    endloop
  endfacet
  facet normal 0.337541 0.941311 0
    outer loop
      vertex 58.3179 -33.1206 3.2
      vertex 58.3971 -33.149 4.4
      vertex 58.3971 -33.149 3.2
    endloop
  endfacet
  facet normal 0.337541 0.941311 -0
    outer loop
      vertex 58.3179 -33.1206 3.2
      vertex 58.3179 -33.1206 4.4
      vertex 58.3971 -33.149 4.4
    endloop
  endfacet
  facet normal 0.349245 0.937031 0
    outer loop
      vertex 58.2468 -33.0941 3.2
      vertex 58.3179 -33.1206 4.4
      vertex 58.3179 -33.1206 3.2
    endloop
  endfacet
  facet normal 0.349245 0.937031 -0
    outer loop
      vertex 58.2468 -33.0941 3.2
      vertex 58.2468 -33.0941 4.4
      vertex 58.3179 -33.1206 4.4
    endloop
  endfacet
  facet normal 0.345276 0.938501 0
    outer loop
      vertex 58.1253 -33.0494 3.2
      vertex 58.2468 -33.0941 4.4
      vertex 58.2468 -33.0941 3.2
    endloop
  endfacet
  facet normal 0.345276 0.938501 -0
    outer loop
      vertex 58.1253 -33.0494 3.2
      vertex 58.1253 -33.0494 4.4
      vertex 58.2468 -33.0941 4.4
    endloop
  endfacet
  facet normal 0.312932 0.949776 0
    outer loop
      vertex 57.9869 -33.0038 3.2
      vertex 58.1253 -33.0494 4.4
      vertex 58.1253 -33.0494 3.2
    endloop
  endfacet
  facet normal 0.312932 0.949776 -0
    outer loop
      vertex 57.9869 -33.0038 3.2
      vertex 57.9869 -33.0038 4.4
      vertex 58.1253 -33.0494 4.4
    endloop
  endfacet
  facet normal 0.288606 0.957448 0
    outer loop
      vertex 57.8333 -32.9575 3.2
      vertex 57.9869 -33.0038 4.4
      vertex 57.9869 -33.0038 3.2
    endloop
  endfacet
  facet normal 0.288606 0.957448 -0
    outer loop
      vertex 57.8333 -32.9575 3.2
      vertex 57.8333 -32.9575 4.4
      vertex 57.9869 -33.0038 4.4
    endloop
  endfacet
  facet normal 0.269073 0.96312 0
    outer loop
      vertex 57.6665 -32.9109 3.2
      vertex 57.8333 -32.9575 4.4
      vertex 57.8333 -32.9575 3.2
    endloop
  endfacet
  facet normal 0.269073 0.96312 -0
    outer loop
      vertex 57.6665 -32.9109 3.2
      vertex 57.6665 -32.9109 4.4
      vertex 57.8333 -32.9575 4.4
    endloop
  endfacet
  facet normal 0.252488 0.9676 0
    outer loop
      vertex 57.4883 -32.8644 3.2
      vertex 57.6665 -32.9109 4.4
      vertex 57.6665 -32.9109 3.2
    endloop
  endfacet
  facet normal 0.252488 0.9676 -0
    outer loop
      vertex 57.4883 -32.8644 3.2
      vertex 57.4883 -32.8644 4.4
      vertex 57.6665 -32.9109 4.4
    endloop
  endfacet
  facet normal 0.238396 0.971168 0
    outer loop
      vertex 57.3005 -32.8183 3.2
      vertex 57.4883 -32.8644 4.4
      vertex 57.4883 -32.8644 3.2
    endloop
  endfacet
  facet normal 0.238396 0.971168 -0
    outer loop
      vertex 57.3005 -32.8183 3.2
      vertex 57.3005 -32.8183 4.4
      vertex 57.4883 -32.8644 4.4
    endloop
  endfacet
  facet normal 0.225733 0.974189 0
    outer loop
      vertex 57.105 -32.773 3.2
      vertex 57.3005 -32.8183 4.4
      vertex 57.3005 -32.8183 3.2
    endloop
  endfacet
  facet normal 0.225733 0.974189 -0
    outer loop
      vertex 57.105 -32.773 3.2
      vertex 57.105 -32.773 4.4
      vertex 57.3005 -32.8183 4.4
    endloop
  endfacet
  facet normal 0.214464 0.976732 0
    outer loop
      vertex 56.9037 -32.7288 3.2
      vertex 57.105 -32.773 4.4
      vertex 57.105 -32.773 3.2
    endloop
  endfacet
  facet normal 0.214464 0.976732 -0
    outer loop
      vertex 56.9037 -32.7288 3.2
      vertex 56.9037 -32.7288 4.4
      vertex 57.105 -32.773 4.4
    endloop
  endfacet
  facet normal 0.203441 0.979087 0
    outer loop
      vertex 56.6982 -32.6861 3.2
      vertex 56.9037 -32.7288 4.4
      vertex 56.9037 -32.7288 3.2
    endloop
  endfacet
  facet normal 0.203441 0.979087 -0
    outer loop
      vertex 56.6982 -32.6861 3.2
      vertex 56.6982 -32.6861 4.4
      vertex 56.9037 -32.7288 4.4
    endloop
  endfacet
  facet normal 0.193298 0.98114 0
    outer loop
      vertex 56.4906 -32.6452 3.2
      vertex 56.6982 -32.6861 4.4
      vertex 56.6982 -32.6861 3.2
    endloop
  endfacet
  facet normal 0.193298 0.98114 -0
    outer loop
      vertex 56.4906 -32.6452 3.2
      vertex 56.4906 -32.6452 4.4
      vertex 56.6982 -32.6861 4.4
    endloop
  endfacet
  facet normal 0.182462 0.983213 0
    outer loop
      vertex 56.2826 -32.6066 3.2
      vertex 56.4906 -32.6452 4.4
      vertex 56.4906 -32.6452 3.2
    endloop
  endfacet
  facet normal 0.182462 0.983213 -0
    outer loop
      vertex 56.2826 -32.6066 3.2
      vertex 56.2826 -32.6066 4.4
      vertex 56.4906 -32.6452 4.4
    endloop
  endfacet
  facet normal 0.172207 0.985061 0
    outer loop
      vertex 56.0761 -32.5705 3.2
      vertex 56.2826 -32.6066 4.4
      vertex 56.2826 -32.6066 3.2
    endloop
  endfacet
  facet normal 0.172207 0.985061 -0
    outer loop
      vertex 56.0761 -32.5705 3.2
      vertex 56.0761 -32.5705 4.4
      vertex 56.2826 -32.6066 4.4
    endloop
  endfacet
  facet normal 0.161325 0.986901 0
    outer loop
      vertex 55.873 -32.5373 3.2
      vertex 56.0761 -32.5705 4.4
      vertex 56.0761 -32.5705 3.2
    endloop
  endfacet
  facet normal 0.161325 0.986901 -0
    outer loop
      vertex 55.873 -32.5373 3.2
      vertex 55.873 -32.5373 4.4
      vertex 56.0761 -32.5705 4.4
    endloop
  endfacet
  facet normal 0.149317 0.988789 0
    outer loop
      vertex 55.675 -32.5074 3.2
      vertex 55.873 -32.5373 4.4
      vertex 55.873 -32.5373 3.2
    endloop
  endfacet
  facet normal 0.149317 0.988789 -0
    outer loop
      vertex 55.675 -32.5074 3.2
      vertex 55.675 -32.5074 4.4
      vertex 55.873 -32.5373 4.4
    endloop
  endfacet
  facet normal 0.136409 0.990653 0
    outer loop
      vertex 55.484 -32.4811 3.2
      vertex 55.675 -32.5074 4.4
      vertex 55.675 -32.5074 3.2
    endloop
  endfacet
  facet normal 0.136409 0.990653 -0
    outer loop
      vertex 55.484 -32.4811 3.2
      vertex 55.484 -32.4811 4.4
      vertex 55.675 -32.5074 4.4
    endloop
  endfacet
  facet normal 0.121552 0.992585 0
    outer loop
      vertex 55.3019 -32.4588 3.2
      vertex 55.484 -32.4811 4.4
      vertex 55.484 -32.4811 3.2
    endloop
  endfacet
  facet normal 0.121552 0.992585 -0
    outer loop
      vertex 55.3019 -32.4588 3.2
      vertex 55.3019 -32.4588 4.4
      vertex 55.484 -32.4811 4.4
    endloop
  endfacet
  facet normal 0.103869 0.994591 0
    outer loop
      vertex 55.1305 -32.4409 3.2
      vertex 55.3019 -32.4588 4.4
      vertex 55.3019 -32.4588 3.2
    endloop
  endfacet
  facet normal 0.103869 0.994591 -0
    outer loop
      vertex 55.1305 -32.4409 3.2
      vertex 55.1305 -32.4409 4.4
      vertex 55.3019 -32.4588 4.4
    endloop
  endfacet
  facet normal 0.0834088 0.996515 0
    outer loop
      vertex 54.9716 -32.4276 3.2
      vertex 55.1305 -32.4409 4.4
      vertex 55.1305 -32.4409 3.2
    endloop
  endfacet
  facet normal 0.0834088 0.996515 -0
    outer loop
      vertex 54.9716 -32.4276 3.2
      vertex 54.9716 -32.4276 4.4
      vertex 55.1305 -32.4409 4.4
    endloop
  endfacet
  facet normal 0.0566563 0.998394 0
    outer loop
      vertex 54.8271 -32.4194 3.2
      vertex 54.9716 -32.4276 4.4
      vertex 54.9716 -32.4276 3.2
    endloop
  endfacet
  facet normal 0.0566563 0.998394 -0
    outer loop
      vertex 54.8271 -32.4194 3.2
      vertex 54.8271 -32.4194 4.4
      vertex 54.9716 -32.4276 4.4
    endloop
  endfacet
  facet normal 0.0218357 0.999762 0
    outer loop
      vertex 54.6989 -32.4166 3.2
      vertex 54.8271 -32.4194 4.4
      vertex 54.8271 -32.4194 3.2
    endloop
  endfacet
  facet normal 0.0218357 0.999762 -0
    outer loop
      vertex 54.6989 -32.4166 3.2
      vertex 54.6989 -32.4166 4.4
      vertex 54.8271 -32.4194 4.4
    endloop
  endfacet
  facet normal -0.031831 0.999493 0
    outer loop
      vertex 54.6675 -32.4176 3.2
      vertex 54.6989 -32.4166 4.4
      vertex 54.6989 -32.4166 3.2
    endloop
  endfacet
  facet normal -0.031831 0.999493 0
    outer loop
      vertex 54.6675 -32.4176 3.2
      vertex 54.6675 -32.4176 4.4
      vertex 54.6989 -32.4166 4.4
    endloop
  endfacet
  facet normal -0.0785608 0.996909 0
    outer loop
      vertex 54.6307 -32.4205 3.2
      vertex 54.6675 -32.4176 4.4
      vertex 54.6675 -32.4176 3.2
    endloop
  endfacet
  facet normal -0.0785608 0.996909 0
    outer loop
      vertex 54.6307 -32.4205 3.2
      vertex 54.6307 -32.4205 4.4
      vertex 54.6675 -32.4176 4.4
    endloop
  endfacet
  facet normal -0.113547 0.993533 0
    outer loop
      vertex 54.5887 -32.4253 3.2
      vertex 54.6307 -32.4205 4.4
      vertex 54.6307 -32.4205 3.2
    endloop
  endfacet
  facet normal -0.113547 0.993533 0
    outer loop
      vertex 54.5887 -32.4253 3.2
      vertex 54.5887 -32.4253 4.4
      vertex 54.6307 -32.4205 4.4
    endloop
  endfacet
  facet normal -0.139352 0.990243 0
    outer loop
      vertex 54.5418 -32.4319 3.2
      vertex 54.5887 -32.4253 4.4
      vertex 54.5887 -32.4253 3.2
    endloop
  endfacet
  facet normal -0.139352 0.990243 0
    outer loop
      vertex 54.5418 -32.4319 3.2
      vertex 54.5418 -32.4319 4.4
      vertex 54.5887 -32.4253 4.4
    endloop
  endfacet
  facet normal -0.159112 0.987261 0
    outer loop
      vertex 54.4903 -32.4402 3.2
      vertex 54.5418 -32.4319 4.4
      vertex 54.5418 -32.4319 3.2
    endloop
  endfacet
  facet normal -0.159112 0.987261 0
    outer loop
      vertex 54.4903 -32.4402 3.2
      vertex 54.4903 -32.4402 4.4
      vertex 54.5418 -32.4319 4.4
    endloop
  endfacet
  facet normal -0.174995 0.984569 0
    outer loop
      vertex 54.4346 -32.4501 3.2
      vertex 54.4903 -32.4402 4.4
      vertex 54.4903 -32.4402 3.2
    endloop
  endfacet
  facet normal -0.174995 0.984569 0
    outer loop
      vertex 54.4346 -32.4501 3.2
      vertex 54.4346 -32.4501 4.4
      vertex 54.4903 -32.4402 4.4
    endloop
  endfacet
  facet normal -0.187869 0.982194 0
    outer loop
      vertex 54.375 -32.4615 3.2
      vertex 54.4346 -32.4501 4.4
      vertex 54.4346 -32.4501 3.2
    endloop
  endfacet
  facet normal -0.187869 0.982194 0
    outer loop
      vertex 54.375 -32.4615 3.2
      vertex 54.375 -32.4615 4.4
      vertex 54.4346 -32.4501 4.4
    endloop
  endfacet
  facet normal -0.19999 0.979798 0
    outer loop
      vertex 54.3118 -32.4744 3.2
      vertex 54.375 -32.4615 4.4
      vertex 54.375 -32.4615 3.2
    endloop
  endfacet
  facet normal -0.19999 0.979798 0
    outer loop
      vertex 54.3118 -32.4744 3.2
      vertex 54.3118 -32.4744 4.4
      vertex 54.375 -32.4615 4.4
    endloop
  endfacet
  facet normal -0.208826 0.977953 0
    outer loop
      vertex 54.2453 -32.4886 3.2
      vertex 54.3118 -32.4744 4.4
      vertex 54.3118 -32.4744 3.2
    endloop
  endfacet
  facet normal -0.208826 0.977953 0
    outer loop
      vertex 54.2453 -32.4886 3.2
      vertex 54.2453 -32.4886 4.4
      vertex 54.3118 -32.4744 4.4
    endloop
  endfacet
  facet normal -0.217973 0.975955 0
    outer loop
      vertex 54.1759 -32.5041 3.2
      vertex 54.2453 -32.4886 4.4
      vertex 54.2453 -32.4886 3.2
    endloop
  endfacet
  facet normal -0.217973 0.975955 0
    outer loop
      vertex 54.1759 -32.5041 3.2
      vertex 54.1759 -32.5041 4.4
      vertex 54.2453 -32.4886 4.4
    endloop
  endfacet
  facet normal -0.224662 0.974437 0
    outer loop
      vertex 54.1039 -32.5207 3.2
      vertex 54.1759 -32.5041 4.4
      vertex 54.1759 -32.5041 3.2
    endloop
  endfacet
  facet normal -0.224662 0.974437 0
    outer loop
      vertex 54.1039 -32.5207 3.2
      vertex 54.1039 -32.5207 4.4
      vertex 54.1759 -32.5041 4.4
    endloop
  endfacet
  facet normal -0.232681 0.972553 0
    outer loop
      vertex 54.0295 -32.5385 3.2
      vertex 54.1039 -32.5207 4.4
      vertex 54.1039 -32.5207 3.2
    endloop
  endfacet
  facet normal -0.232681 0.972553 0
    outer loop
      vertex 54.0295 -32.5385 3.2
      vertex 54.0295 -32.5385 4.4
      vertex 54.1039 -32.5207 4.4
    endloop
  endfacet
  facet normal -0.238945 0.971033 0
    outer loop
      vertex 53.9531 -32.5573 3.2
      vertex 54.0295 -32.5385 4.4
      vertex 54.0295 -32.5385 3.2
    endloop
  endfacet
  facet normal -0.238945 0.971033 0
    outer loop
      vertex 53.9531 -32.5573 3.2
      vertex 53.9531 -32.5573 4.4
      vertex 54.0295 -32.5385 4.4
    endloop
  endfacet
  facet normal -0.244875 0.969555 0
    outer loop
      vertex 53.8751 -32.577 3.2
      vertex 53.9531 -32.5573 4.4
      vertex 53.9531 -32.5573 3.2
    endloop
  endfacet
  facet normal -0.244875 0.969555 0
    outer loop
      vertex 53.8751 -32.577 3.2
      vertex 53.8751 -32.577 4.4
      vertex 53.9531 -32.5573 4.4
    endloop
  endfacet
  facet normal -0.251131 0.967953 0
    outer loop
      vertex 53.7957 -32.5976 3.2
      vertex 53.8751 -32.577 4.4
      vertex 53.8751 -32.577 3.2
    endloop
  endfacet
  facet normal -0.251131 0.967953 0
    outer loop
      vertex 53.7957 -32.5976 3.2
      vertex 53.7957 -32.5976 4.4
      vertex 53.8751 -32.577 4.4
    endloop
  endfacet
  facet normal -0.256091 0.966653 0
    outer loop
      vertex 53.7153 -32.6189 3.2
      vertex 53.7957 -32.5976 4.4
      vertex 53.7957 -32.5976 3.2
    endloop
  endfacet
  facet normal -0.256091 0.966653 0
    outer loop
      vertex 53.7153 -32.6189 3.2
      vertex 53.7153 -32.6189 4.4
      vertex 53.7957 -32.5976 4.4
    endloop
  endfacet
  facet normal -0.261808 0.96512 0
    outer loop
      vertex 53.6342 -32.6409 3.2
      vertex 53.7153 -32.6189 4.4
      vertex 53.7153 -32.6189 3.2
    endloop
  endfacet
  facet normal -0.261808 0.96512 0
    outer loop
      vertex 53.6342 -32.6409 3.2
      vertex 53.6342 -32.6409 4.4
      vertex 53.7153 -32.6189 4.4
    endloop
  endfacet
  facet normal -0.267217 0.963636 0
    outer loop
      vertex 53.5527 -32.6635 3.2
      vertex 53.6342 -32.6409 4.4
      vertex 53.6342 -32.6409 3.2
    endloop
  endfacet
  facet normal -0.267217 0.963636 0
    outer loop
      vertex 53.5527 -32.6635 3.2
      vertex 53.5527 -32.6635 4.4
      vertex 53.6342 -32.6409 4.4
    endloop
  endfacet
  facet normal -0.272384 0.962189 0
    outer loop
      vertex 53.4711 -32.6866 3.2
      vertex 53.5527 -32.6635 4.4
      vertex 53.5527 -32.6635 3.2
    endloop
  endfacet
  facet normal -0.272384 0.962189 0
    outer loop
      vertex 53.4711 -32.6866 3.2
      vertex 53.4711 -32.6866 4.4
      vertex 53.5527 -32.6635 4.4
    endloop
  endfacet
  facet normal -0.278459 0.960448 0
    outer loop
      vertex 53.3897 -32.7102 3.2
      vertex 53.4711 -32.6866 4.4
      vertex 53.4711 -32.6866 3.2
    endloop
  endfacet
  facet normal -0.278459 0.960448 0
    outer loop
      vertex 53.3897 -32.7102 3.2
      vertex 53.3897 -32.7102 4.4
      vertex 53.4711 -32.6866 4.4
    endloop
  endfacet
  facet normal -0.297141 0.954834 0
    outer loop
      vertex 53.2602 -32.7505 3.2
      vertex 53.3897 -32.7102 4.4
      vertex 53.3897 -32.7102 3.2
    endloop
  endfacet
  facet normal -0.297141 0.954834 0
    outer loop
      vertex 53.2602 -32.7505 3.2
      vertex 53.2602 -32.7505 4.4
      vertex 53.3897 -32.7102 4.4
    endloop
  endfacet
  facet normal -0.292729 0.956195 0
    outer loop
      vertex 53.1413 -32.7869 3.2
      vertex 53.2602 -32.7505 4.4
      vertex 53.2602 -32.7505 3.2
    endloop
  endfacet
  facet normal -0.292729 0.956195 0
    outer loop
      vertex 53.1413 -32.7869 3.2
      vertex 53.1413 -32.7869 4.4
      vertex 53.2602 -32.7505 4.4
    endloop
  endfacet
  facet normal -0.284774 0.958595 0
    outer loop
      vertex 53.0319 -32.8194 3.2
      vertex 53.1413 -32.7869 4.4
      vertex 53.1413 -32.7869 3.2
    endloop
  endfacet
  facet normal -0.284774 0.958595 0
    outer loop
      vertex 53.0319 -32.8194 3.2
      vertex 53.0319 -32.8194 4.4
      vertex 53.1413 -32.7869 4.4
    endloop
  endfacet
  facet normal -0.274469 0.961596 0
    outer loop
      vertex 52.931 -32.8482 3.2
      vertex 53.0319 -32.8194 4.4
      vertex 53.0319 -32.8194 3.2
    endloop
  endfacet
  facet normal -0.274469 0.961596 0
    outer loop
      vertex 52.931 -32.8482 3.2
      vertex 52.931 -32.8482 4.4
      vertex 53.0319 -32.8194 4.4
    endloop
  endfacet
  facet normal -0.259973 0.965616 0
    outer loop
      vertex 52.8374 -32.8734 3.2
      vertex 52.931 -32.8482 4.4
      vertex 52.931 -32.8482 3.2
    endloop
  endfacet
  facet normal -0.259973 0.965616 0
    outer loop
      vertex 52.8374 -32.8734 3.2
      vertex 52.8374 -32.8734 4.4
      vertex 52.931 -32.8482 4.4
    endloop
  endfacet
  facet normal -0.24044 0.970664 0
    outer loop
      vertex 52.7502 -32.895 3.2
      vertex 52.8374 -32.8734 4.4
      vertex 52.8374 -32.8734 3.2
    endloop
  endfacet
  facet normal -0.24044 0.970664 0
    outer loop
      vertex 52.7502 -32.895 3.2
      vertex 52.7502 -32.895 4.4
      vertex 52.8374 -32.8734 4.4
    endloop
  endfacet
  facet normal -0.218066 0.975934 0
    outer loop
      vertex 52.6683 -32.9133 3.2
      vertex 52.7502 -32.895 4.4
      vertex 52.7502 -32.895 3.2
    endloop
  endfacet
  facet normal -0.218066 0.975934 0
    outer loop
      vertex 52.6683 -32.9133 3.2
      vertex 52.6683 -32.9133 4.4
      vertex 52.7502 -32.895 4.4
    endloop
  endfacet
  facet normal -0.188332 0.982105 0
    outer loop
      vertex 52.5906 -32.9282 3.2
      vertex 52.6683 -32.9133 4.4
      vertex 52.6683 -32.9133 3.2
    endloop
  endfacet
  facet normal -0.188332 0.982105 0
    outer loop
      vertex 52.5906 -32.9282 3.2
      vertex 52.5906 -32.9282 4.4
      vertex 52.6683 -32.9133 4.4
    endloop
  endfacet
  facet normal -0.156235 0.98772 0
    outer loop
      vertex 52.516 -32.94 3.2
      vertex 52.5906 -32.9282 4.4
      vertex 52.5906 -32.9282 3.2
    endloop
  endfacet
  facet normal -0.156235 0.98772 0
    outer loop
      vertex 52.516 -32.94 3.2
      vertex 52.516 -32.94 4.4
      vertex 52.5906 -32.9282 4.4
    endloop
  endfacet
  facet normal -0.119145 0.992877 0
    outer loop
      vertex 52.4435 -32.9487 3.2
      vertex 52.516 -32.94 4.4
      vertex 52.516 -32.94 3.2
    endloop
  endfacet
  facet normal -0.119145 0.992877 0
    outer loop
      vertex 52.4435 -32.9487 3.2
      vertex 52.4435 -32.9487 4.4
      vertex 52.516 -32.94 4.4
    endloop
  endfacet
  facet normal -0.0793579 0.996846 0
    outer loop
      vertex 52.3719 -32.9544 3.2
      vertex 52.4435 -32.9487 4.4
      vertex 52.4435 -32.9487 3.2
    endloop
  endfacet
  facet normal -0.0793579 0.996846 0
    outer loop
      vertex 52.3719 -32.9544 3.2
      vertex 52.3719 -32.9544 4.4
      vertex 52.4435 -32.9487 4.4
    endloop
  endfacet
  facet normal -0.0404696 0.999181 0
    outer loop
      vertex 52.3003 -32.9573 3.2
      vertex 52.3719 -32.9544 4.4
      vertex 52.3719 -32.9544 3.2
    endloop
  endfacet
  facet normal -0.0404696 0.999181 0
    outer loop
      vertex 52.3003 -32.9573 3.2
      vertex 52.3003 -32.9573 4.4
      vertex 52.3719 -32.9544 4.4
    endloop
  endfacet
  facet normal -0.00275102 0.999996 0
    outer loop
      vertex 52.2276 -32.9575 3.2
      vertex 52.3003 -32.9573 4.4
      vertex 52.3003 -32.9573 3.2
    endloop
  endfacet
  facet normal -0.00275102 0.999996 0
    outer loop
      vertex 52.2276 -32.9575 3.2
      vertex 52.2276 -32.9575 4.4
      vertex 52.3003 -32.9573 4.4
    endloop
  endfacet
  facet normal 0.0333148 0.999445 0
    outer loop
      vertex 52.1526 -32.955 3.2
      vertex 52.2276 -32.9575 4.4
      vertex 52.2276 -32.9575 3.2
    endloop
  endfacet
  facet normal 0.0333148 0.999445 -0
    outer loop
      vertex 52.1526 -32.955 3.2
      vertex 52.1526 -32.955 4.4
      vertex 52.2276 -32.9575 4.4
    endloop
  endfacet
  facet normal 0.0638083 0.997962 0
    outer loop
      vertex 52.0744 -32.95 3.2
      vertex 52.1526 -32.955 4.4
      vertex 52.1526 -32.955 3.2
    endloop
  endfacet
  facet normal 0.0638083 0.997962 -0
    outer loop
      vertex 52.0744 -32.95 3.2
      vertex 52.0744 -32.95 4.4
      vertex 52.1526 -32.955 4.4
    endloop
  endfacet
  facet normal 0.090427 0.995903 0
    outer loop
      vertex 51.9918 -32.9425 3.2
      vertex 52.0744 -32.95 4.4
      vertex 52.0744 -32.95 3.2
    endloop
  endfacet
  facet normal 0.090427 0.995903 -0
    outer loop
      vertex 51.9918 -32.9425 3.2
      vertex 51.9918 -32.9425 4.4
      vertex 52.0744 -32.95 4.4
    endloop
  endfacet
  facet normal 0.109564 0.99398 0
    outer loop
      vertex 51.9038 -32.9328 3.2
      vertex 51.9918 -32.9425 4.4
      vertex 51.9918 -32.9425 3.2
    endloop
  endfacet
  facet normal 0.109564 0.99398 -0
    outer loop
      vertex 51.9038 -32.9328 3.2
      vertex 51.9038 -32.9328 4.4
      vertex 51.9918 -32.9425 4.4
    endloop
  endfacet
  facet normal 0.126104 0.992017 0
    outer loop
      vertex 51.8094 -32.9208 3.2
      vertex 51.9038 -32.9328 4.4
      vertex 51.9038 -32.9328 3.2
    endloop
  endfacet
  facet normal 0.126104 0.992017 -0
    outer loop
      vertex 51.8094 -32.9208 3.2
      vertex 51.8094 -32.9208 4.4
      vertex 51.9038 -32.9328 4.4
    endloop
  endfacet
  facet normal 0.13598 0.990712 0
    outer loop
      vertex 51.7074 -32.9068 3.2
      vertex 51.8094 -32.9208 4.4
      vertex 51.8094 -32.9208 3.2
    endloop
  endfacet
  facet normal 0.13598 0.990712 -0
    outer loop
      vertex 51.7074 -32.9068 3.2
      vertex 51.7074 -32.9068 4.4
      vertex 51.8094 -32.9208 4.4
    endloop
  endfacet
  facet normal 0.143175 0.989697 0
    outer loop
      vertex 51.5968 -32.8908 3.2
      vertex 51.7074 -32.9068 4.4
      vertex 51.7074 -32.9068 3.2
    endloop
  endfacet
  facet normal 0.143175 0.989697 -0
    outer loop
      vertex 51.5968 -32.8908 3.2
      vertex 51.5968 -32.8908 4.4
      vertex 51.7074 -32.9068 4.4
    endloop
  endfacet
  facet normal 0.129454 0.991585 0
    outer loop
      vertex 51.4122 -32.8667 3.2
      vertex 51.5968 -32.8908 4.4
      vertex 51.5968 -32.8908 3.2
    endloop
  endfacet
  facet normal 0.129454 0.991585 -0
    outer loop
      vertex 51.4122 -32.8667 3.2
      vertex 51.4122 -32.8667 4.4
      vertex 51.5968 -32.8908 4.4
    endloop
  endfacet
  facet normal 0.10068 0.994919 0
    outer loop
      vertex 51.2363 -32.8489 3.2
      vertex 51.4122 -32.8667 4.4
      vertex 51.4122 -32.8667 3.2
    endloop
  endfacet
  facet normal 0.10068 0.994919 -0
    outer loop
      vertex 51.2363 -32.8489 3.2
      vertex 51.2363 -32.8489 4.4
      vertex 51.4122 -32.8667 4.4
    endloop
  endfacet
  facet normal 0.0676614 0.997708 0
    outer loop
      vertex 51.0682 -32.8375 3.2
      vertex 51.2363 -32.8489 4.4
      vertex 51.2363 -32.8489 3.2
    endloop
  endfacet
  facet normal 0.0676614 0.997708 -0
    outer loop
      vertex 51.0682 -32.8375 3.2
      vertex 51.0682 -32.8375 4.4
      vertex 51.2363 -32.8489 4.4
    endloop
  endfacet
  facet normal 0.0279568 0.999609 0
    outer loop
      vertex 50.9073 -32.833 3.2
      vertex 51.0682 -32.8375 4.4
      vertex 51.0682 -32.8375 3.2
    endloop
  endfacet
  facet normal 0.0279568 0.999609 -0
    outer loop
      vertex 50.9073 -32.833 3.2
      vertex 50.9073 -32.833 4.4
      vertex 51.0682 -32.8375 4.4
    endloop
  endfacet
  facet normal -0.0168043 0.999859 0
    outer loop
      vertex 50.7526 -32.8356 3.2
      vertex 50.9073 -32.833 4.4
      vertex 50.9073 -32.833 3.2
    endloop
  endfacet
  facet normal -0.0168043 0.999859 0
    outer loop
      vertex 50.7526 -32.8356 3.2
      vertex 50.7526 -32.8356 4.4
      vertex 50.9073 -32.833 4.4
    endloop
  endfacet
  facet normal -0.0668741 0.997761 0
    outer loop
      vertex 50.6034 -32.8456 3.2
      vertex 50.7526 -32.8356 4.4
      vertex 50.7526 -32.8356 3.2
    endloop
  endfacet
  facet normal -0.0668741 0.997761 0
    outer loop
      vertex 50.6034 -32.8456 3.2
      vertex 50.6034 -32.8456 4.4
      vertex 50.7526 -32.8356 4.4
    endloop
  endfacet
  facet normal -0.1215 0.992591 0
    outer loop
      vertex 50.4588 -32.8633 3.2
      vertex 50.6034 -32.8456 4.4
      vertex 50.6034 -32.8456 3.2
    endloop
  endfacet
  facet normal -0.1215 0.992591 0
    outer loop
      vertex 50.4588 -32.8633 3.2
      vertex 50.4588 -32.8633 4.4
      vertex 50.6034 -32.8456 4.4
    endloop
  endfacet
  facet normal -0.179562 0.983747 0
    outer loop
      vertex 50.318 -32.889 3.2
      vertex 50.4588 -32.8633 4.4
      vertex 50.4588 -32.8633 3.2
    endloop
  endfacet
  facet normal -0.179562 0.983747 0
    outer loop
      vertex 50.318 -32.889 3.2
      vertex 50.318 -32.889 4.4
      vertex 50.4588 -32.8633 4.4
    endloop
  endfacet
  facet normal -0.23955 0.970884 0
    outer loop
      vertex 50.1802 -32.923 3.2
      vertex 50.318 -32.889 4.4
      vertex 50.318 -32.889 3.2
    endloop
  endfacet
  facet normal -0.23955 0.970884 0
    outer loop
      vertex 50.1802 -32.923 3.2
      vertex 50.1802 -32.923 4.4
      vertex 50.318 -32.889 4.4
    endloop
  endfacet
  facet normal -0.300357 0.953827 0
    outer loop
      vertex 50.0446 -32.9657 3.2
      vertex 50.1802 -32.923 4.4
      vertex 50.1802 -32.923 3.2
    endloop
  endfacet
  facet normal -0.300357 0.953827 0
    outer loop
      vertex 50.0446 -32.9657 3.2
      vertex 50.0446 -32.9657 4.4
      vertex 50.1802 -32.923 4.4
    endloop
  endfacet
  facet normal -0.358047 0.933704 0
    outer loop
      vertex 49.9103 -33.0172 3.2
      vertex 50.0446 -32.9657 4.4
      vertex 50.0446 -32.9657 3.2
    endloop
  endfacet
  facet normal -0.358047 0.933704 0
    outer loop
      vertex 49.9103 -33.0172 3.2
      vertex 49.9103 -33.0172 4.4
      vertex 50.0446 -32.9657 4.4
    endloop
  endfacet
  facet normal -0.412572 0.910925 0
    outer loop
      vertex 49.7765 -33.0778 3.2
      vertex 49.9103 -33.0172 4.4
      vertex 49.9103 -33.0172 3.2
    endloop
  endfacet
  facet normal -0.412572 0.910925 0
    outer loop
      vertex 49.7765 -33.0778 3.2
      vertex 49.7765 -33.0778 4.4
      vertex 49.9103 -33.0172 4.4
    endloop
  endfacet
  facet normal -0.464056 0.885806 0
    outer loop
      vertex 49.6425 -33.148 3.2
      vertex 49.7765 -33.0778 4.4
      vertex 49.7765 -33.0778 3.2
    endloop
  endfacet
  facet normal -0.464056 0.885806 0
    outer loop
      vertex 49.6425 -33.148 3.2
      vertex 49.6425 -33.148 4.4
      vertex 49.7765 -33.0778 4.4
    endloop
  endfacet
  facet normal -0.509523 0.860457 0
    outer loop
      vertex 49.5074 -33.228 3.2
      vertex 49.6425 -33.148 4.4
      vertex 49.6425 -33.148 3.2
    endloop
  endfacet
  facet normal -0.509523 0.860457 0
    outer loop
      vertex 49.5074 -33.228 3.2
      vertex 49.5074 -33.228 4.4
      vertex 49.6425 -33.148 4.4
    endloop
  endfacet
  facet normal -0.548776 0.835969 0
    outer loop
      vertex 49.3703 -33.318 3.2
      vertex 49.5074 -33.228 4.4
      vertex 49.5074 -33.228 3.2
    endloop
  endfacet
  facet normal -0.548776 0.835969 0
    outer loop
      vertex 49.3703 -33.318 3.2
      vertex 49.3703 -33.318 4.4
      vertex 49.5074 -33.228 4.4
    endloop
  endfacet
  facet normal -0.583325 0.812239 0
    outer loop
      vertex 49.2305 -33.4184 3.2
      vertex 49.3703 -33.318 4.4
      vertex 49.3703 -33.318 3.2
    endloop
  endfacet
  facet normal -0.583325 0.812239 0
    outer loop
      vertex 49.2305 -33.4184 3.2
      vertex 49.2305 -33.4184 4.4
      vertex 49.3703 -33.318 4.4
    endloop
  endfacet
  facet normal -0.612451 0.790508 0
    outer loop
      vertex 49.0871 -33.5295 3.2
      vertex 49.2305 -33.4184 4.4
      vertex 49.2305 -33.4184 3.2
    endloop
  endfacet
  facet normal -0.612451 0.790508 0
    outer loop
      vertex 49.0871 -33.5295 3.2
      vertex 49.0871 -33.5295 4.4
      vertex 49.2305 -33.4184 4.4
    endloop
  endfacet
  facet normal -0.637151 0.770739 0
    outer loop
      vertex 48.9394 -33.6516 3.2
      vertex 49.0871 -33.5295 4.4
      vertex 49.0871 -33.5295 3.2
    endloop
  endfacet
  facet normal -0.637151 0.770739 0
    outer loop
      vertex 48.9394 -33.6516 3.2
      vertex 48.9394 -33.6516 4.4
      vertex 49.0871 -33.5295 4.4
    endloop
  endfacet
  facet normal -0.657142 0.753766 0
    outer loop
      vertex 48.7865 -33.7849 3.2
      vertex 48.9394 -33.6516 4.4
      vertex 48.9394 -33.6516 3.2
    endloop
  endfacet
  facet normal -0.657142 0.753766 0
    outer loop
      vertex 48.7865 -33.7849 3.2
      vertex 48.7865 -33.7849 4.4
      vertex 48.9394 -33.6516 4.4
    endloop
  endfacet
  facet normal -0.673321 0.739351 0
    outer loop
      vertex 48.6275 -33.9297 3.2
      vertex 48.7865 -33.7849 4.4
      vertex 48.7865 -33.7849 3.2
    endloop
  endfacet
  facet normal -0.673321 0.739351 0
    outer loop
      vertex 48.6275 -33.9297 3.2
      vertex 48.6275 -33.9297 4.4
      vertex 48.7865 -33.7849 4.4
    endloop
  endfacet
  facet normal -0.680295 0.732938 0
    outer loop
      vertex 48.0678 -34.4492 3.2
      vertex 48.6275 -33.9297 4.4
      vertex 48.6275 -33.9297 3.2
    endloop
  endfacet
  facet normal -0.680295 0.732938 0
    outer loop
      vertex 48.0678 -34.4492 3.2
      vertex 48.0678 -34.4492 4.4
      vertex 48.6275 -33.9297 4.4
    endloop
  endfacet
  facet normal 0 1 0
    outer loop
      vertex 44.0645 -34.4492 3.2
      vertex 48.0678 -34.4492 4.4
      vertex 48.0678 -34.4492 3.2
    endloop
  endfacet
  facet normal 0 1 0
    outer loop
      vertex 44.0645 -34.4492 3.2
      vertex 44.0645 -34.4492 4.4
      vertex 48.0678 -34.4492 4.4
    endloop
  endfacet
  facet normal -0.4456 0.895232 0
    outer loop
      vertex 43.021 -34.9686 3.2
      vertex 44.0645 -34.4492 4.4
      vertex 44.0645 -34.4492 3.2
    endloop
  endfacet
  facet normal -0.4456 0.895232 0
    outer loop
      vertex 43.021 -34.9686 3.2
      vertex 43.021 -34.9686 4.4
      vertex 44.0645 -34.4492 4.4
    endloop
  endfacet
  facet normal -0.444345 0.895856 0
    outer loop
      vertex 42.9335 -35.012 3.2
      vertex 43.021 -34.9686 4.4
      vertex 43.021 -34.9686 3.2
    endloop
  endfacet
  facet normal -0.444345 0.895856 0
    outer loop
      vertex 42.9335 -35.012 3.2
      vertex 42.9335 -35.012 4.4
      vertex 43.021 -34.9686 4.4
    endloop
  endfacet
  facet normal -0.44172 0.897153 0
    outer loop
      vertex 42.8419 -35.0571 3.2
      vertex 42.9335 -35.012 4.4
      vertex 42.9335 -35.012 3.2
    endloop
  endfacet
  facet normal -0.44172 0.897153 0
    outer loop
      vertex 42.8419 -35.0571 3.2
      vertex 42.8419 -35.0571 4.4
      vertex 42.9335 -35.012 4.4
    endloop
  endfacet
  facet normal -0.440023 0.897987 0
    outer loop
      vertex 42.7468 -35.1037 3.2
      vertex 42.8419 -35.0571 4.4
      vertex 42.8419 -35.0571 3.2
    endloop
  endfacet
  facet normal -0.440023 0.897987 0
    outer loop
      vertex 42.7468 -35.1037 3.2
      vertex 42.7468 -35.1037 4.4
      vertex 42.8419 -35.0571 4.4
    endloop
  endfacet
  facet normal -0.439144 0.898416 0
    outer loop
      vertex 42.6486 -35.1517 3.2
      vertex 42.7468 -35.1037 4.4
      vertex 42.7468 -35.1037 3.2
    endloop
  endfacet
  facet normal -0.439144 0.898416 0
    outer loop
      vertex 42.6486 -35.1517 3.2
      vertex 42.6486 -35.1517 4.4
      vertex 42.7468 -35.1037 4.4
    endloop
  endfacet
  facet normal -0.438247 0.898854 0
    outer loop
      vertex 42.5481 -35.2007 3.2
      vertex 42.6486 -35.1517 4.4
      vertex 42.6486 -35.1517 3.2
    endloop
  endfacet
  facet normal -0.438247 0.898854 0
    outer loop
      vertex 42.5481 -35.2007 3.2
      vertex 42.5481 -35.2007 4.4
      vertex 42.6486 -35.1517 4.4
    endloop
  endfacet
  facet normal -0.436661 0.899626 0
    outer loop
      vertex 42.4455 -35.2505 3.2
      vertex 42.5481 -35.2007 4.4
      vertex 42.5481 -35.2007 3.2
    endloop
  endfacet
  facet normal -0.436661 0.899626 0
    outer loop
      vertex 42.4455 -35.2505 3.2
      vertex 42.4455 -35.2505 4.4
      vertex 42.5481 -35.2007 4.4
    endloop
  endfacet
  facet normal -0.435403 0.900236 0
    outer loop
      vertex 42.3415 -35.3008 3.2
      vertex 42.4455 -35.2505 4.4
      vertex 42.4455 -35.2505 3.2
    endloop
  endfacet
  facet normal -0.435403 0.900236 0
    outer loop
      vertex 42.3415 -35.3008 3.2
      vertex 42.3415 -35.3008 4.4
      vertex 42.4455 -35.2505 4.4
    endloop
  endfacet
  facet normal -0.435157 0.900355 0
    outer loop
      vertex 42.2366 -35.3515 3.2
      vertex 42.3415 -35.3008 4.4
      vertex 42.3415 -35.3008 3.2
    endloop
  endfacet
  facet normal -0.435157 0.900355 0
    outer loop
      vertex 42.2366 -35.3515 3.2
      vertex 42.2366 -35.3515 4.4
      vertex 42.3415 -35.3008 4.4
    endloop
  endfacet
  facet normal -0.433816 0.901002 0
    outer loop
      vertex 42.1313 -35.4022 3.2
      vertex 42.2366 -35.3515 4.4
      vertex 42.2366 -35.3515 3.2
    endloop
  endfacet
  facet normal -0.433816 0.901002 0
    outer loop
      vertex 42.1313 -35.4022 3.2
      vertex 42.1313 -35.4022 4.4
      vertex 42.2366 -35.3515 4.4
    endloop
  endfacet
  facet normal -0.433455 0.901175 0
    outer loop
      vertex 42.0261 -35.4528 3.2
      vertex 42.1313 -35.4022 4.4
      vertex 42.1313 -35.4022 3.2
    endloop
  endfacet
  facet normal -0.433455 0.901175 0
    outer loop
      vertex 42.0261 -35.4528 3.2
      vertex 42.0261 -35.4528 4.4
      vertex 42.1313 -35.4022 4.4
    endloop
  endfacet
  facet normal -0.43231 0.901725 0
    outer loop
      vertex 41.9216 -35.5029 3.2
      vertex 42.0261 -35.4528 4.4
      vertex 42.0261 -35.4528 3.2
    endloop
  endfacet
  facet normal -0.43231 0.901725 0
    outer loop
      vertex 41.9216 -35.5029 3.2
      vertex 41.9216 -35.5029 4.4
      vertex 42.0261 -35.4528 4.4
    endloop
  endfacet
  facet normal -0.431795 0.901972 0
    outer loop
      vertex 41.8182 -35.5524 3.2
      vertex 41.9216 -35.5029 4.4
      vertex 41.9216 -35.5029 3.2
    endloop
  endfacet
  facet normal -0.431795 0.901972 0
    outer loop
      vertex 41.8182 -35.5524 3.2
      vertex 41.8182 -35.5524 4.4
      vertex 41.9216 -35.5029 4.4
    endloop
  endfacet
  facet normal -0.431173 0.902269 0
    outer loop
      vertex 41.7165 -35.601 3.2
      vertex 41.8182 -35.5524 4.4
      vertex 41.8182 -35.5524 3.2
    endloop
  endfacet
  facet normal -0.431173 0.902269 0
    outer loop
      vertex 41.7165 -35.601 3.2
      vertex 41.7165 -35.601 4.4
      vertex 41.8182 -35.5524 4.4
    endloop
  endfacet
  facet normal -0.430074 0.902793 0
    outer loop
      vertex 41.617 -35.6484 3.2
      vertex 41.7165 -35.601 4.4
      vertex 41.7165 -35.601 3.2
    endloop
  endfacet
  facet normal -0.430074 0.902793 0
    outer loop
      vertex 41.617 -35.6484 3.2
      vertex 41.617 -35.6484 4.4
      vertex 41.7165 -35.601 4.4
    endloop
  endfacet
  facet normal -0.428809 0.903395 0
    outer loop
      vertex 41.5203 -35.6943 3.2
      vertex 41.617 -35.6484 4.4
      vertex 41.617 -35.6484 3.2
    endloop
  endfacet
  facet normal -0.428809 0.903395 0
    outer loop
      vertex 41.5203 -35.6943 3.2
      vertex 41.5203 -35.6943 4.4
      vertex 41.617 -35.6484 4.4
    endloop
  endfacet
  facet normal -0.428584 0.903502 0
    outer loop
      vertex 41.4267 -35.7387 3.2
      vertex 41.5203 -35.6943 4.4
      vertex 41.5203 -35.6943 3.2
    endloop
  endfacet
  facet normal -0.428584 0.903502 0
    outer loop
      vertex 41.4267 -35.7387 3.2
      vertex 41.4267 -35.7387 4.4
      vertex 41.5203 -35.6943 4.4
    endloop
  endfacet
  facet normal -0.426961 0.90427 0
    outer loop
      vertex 41.3369 -35.7811 3.2
      vertex 41.4267 -35.7387 4.4
      vertex 41.4267 -35.7387 3.2
    endloop
  endfacet
  facet normal -0.426961 0.90427 0
    outer loop
      vertex 41.3369 -35.7811 3.2
      vertex 41.3369 -35.7811 4.4
      vertex 41.4267 -35.7387 4.4
    endloop
  endfacet
  facet normal -0.426357 0.904555 0
    outer loop
      vertex 41.2514 -35.8214 3.2
      vertex 41.3369 -35.7811 4.4
      vertex 41.3369 -35.7811 3.2
    endloop
  endfacet
  facet normal -0.426357 0.904555 0
    outer loop
      vertex 41.2514 -35.8214 3.2
      vertex 41.2514 -35.8214 4.4
      vertex 41.3369 -35.7811 4.4
    endloop
  endfacet
  facet normal -0.425095 0.905149 0
    outer loop
      vertex 41.1707 -35.8593 3.2
      vertex 41.2514 -35.8214 4.4
      vertex 41.2514 -35.8214 3.2
    endloop
  endfacet
  facet normal -0.425095 0.905149 0
    outer loop
      vertex 41.1707 -35.8593 3.2
      vertex 41.1707 -35.8593 4.4
      vertex 41.2514 -35.8214 4.4
    endloop
  endfacet
  facet normal -0.424003 0.905661 0
    outer loop
      vertex 41.0953 -35.8946 3.2
      vertex 41.1707 -35.8593 4.4
      vertex 41.1707 -35.8593 3.2
    endloop
  endfacet
  facet normal -0.424003 0.905661 0
    outer loop
      vertex 41.0953 -35.8946 3.2
      vertex 41.0953 -35.8946 4.4
      vertex 41.1707 -35.8593 4.4
    endloop
  endfacet
  facet normal -0.422197 0.906504 0
    outer loop
      vertex 40.2225 -36.3011 3.2
      vertex 41.0953 -35.8946 4.4
      vertex 41.0953 -35.8946 3.2
    endloop
  endfacet
  facet normal -0.422197 0.906504 0
    outer loop
      vertex 40.2225 -36.3011 3.2
      vertex 40.2225 -36.3011 4.4
      vertex 41.0953 -35.8946 4.4
    endloop
  endfacet
  facet normal 0.248655 0.968592 0
    outer loop
      vertex 38.7711 -35.9285 3.2
      vertex 40.2225 -36.3011 4.4
      vertex 40.2225 -36.3011 3.2
    endloop
  endfacet
  facet normal 0.248655 0.968592 -0
    outer loop
      vertex 38.7711 -35.9285 3.2
      vertex 38.7711 -35.9285 4.4
      vertex 40.2225 -36.3011 4.4
    endloop
  endfacet
  facet normal 0.243595 0.969877 0
    outer loop
      vertex 38.2543 -35.7987 3.2
      vertex 38.7711 -35.9285 4.4
      vertex 38.7711 -35.9285 3.2
    endloop
  endfacet
  facet normal 0.243595 0.969877 -0
    outer loop
      vertex 38.2543 -35.7987 3.2
      vertex 38.2543 -35.7987 4.4
      vertex 38.7711 -35.9285 4.4
    endloop
  endfacet
  facet normal 0.242969 0.970034 0
    outer loop
      vertex 37.7808 -35.6801 3.2
      vertex 38.2543 -35.7987 4.4
      vertex 38.2543 -35.7987 3.2
    endloop
  endfacet
  facet normal 0.242969 0.970034 -0
    outer loop
      vertex 37.7808 -35.6801 3.2
      vertex 37.7808 -35.6801 4.4
      vertex 38.2543 -35.7987 4.4
    endloop
  endfacet
  facet normal 0.242219 0.970222 0
    outer loop
      vertex 37.3482 -35.5721 3.2
      vertex 37.7808 -35.6801 4.4
      vertex 37.7808 -35.6801 3.2
    endloop
  endfacet
  facet normal 0.242219 0.970222 -0
    outer loop
      vertex 37.3482 -35.5721 3.2
      vertex 37.3482 -35.5721 4.4
      vertex 37.7808 -35.6801 4.4
    endloop
  endfacet
  facet normal 0.240972 0.970532 0
    outer loop
      vertex 36.9539 -35.4742 3.2
      vertex 37.3482 -35.5721 4.4
      vertex 37.3482 -35.5721 3.2
    endloop
  endfacet
  facet normal 0.240972 0.970532 -0
    outer loop
      vertex 36.9539 -35.4742 3.2
      vertex 36.9539 -35.4742 4.4
      vertex 37.3482 -35.5721 4.4
    endloop
  endfacet
  facet normal 0.23973 0.97084 0
    outer loop
      vertex 36.5955 -35.3857 3.2
      vertex 36.9539 -35.4742 4.4
      vertex 36.9539 -35.4742 3.2
    endloop
  endfacet
  facet normal 0.23973 0.97084 -0
    outer loop
      vertex 36.5955 -35.3857 3.2
      vertex 36.5955 -35.3857 4.4
      vertex 36.9539 -35.4742 4.4
    endloop
  endfacet
  facet normal 0.237259 0.971446 0
    outer loop
      vertex 36.2704 -35.3063 3.2
      vertex 36.5955 -35.3857 4.4
      vertex 36.5955 -35.3857 3.2
    endloop
  endfacet
  facet normal 0.237259 0.971446 -0
    outer loop
      vertex 36.2704 -35.3063 3.2
      vertex 36.2704 -35.3063 4.4
      vertex 36.5955 -35.3857 4.4
    endloop
  endfacet
  facet normal 0.234597 0.972093 0
    outer loop
      vertex 35.9762 -35.2353 3.2
      vertex 36.2704 -35.3063 4.4
      vertex 36.2704 -35.3063 3.2
    endloop
  endfacet
  facet normal 0.234597 0.972093 -0
    outer loop
      vertex 35.9762 -35.2353 3.2
      vertex 35.9762 -35.2353 4.4
      vertex 36.2704 -35.3063 4.4
    endloop
  endfacet
  facet normal 0.230977 0.972959 0
    outer loop
      vertex 35.7104 -35.1722 3.2
      vertex 35.9762 -35.2353 4.4
      vertex 35.9762 -35.2353 3.2
    endloop
  endfacet
  facet normal 0.230977 0.972959 -0
    outer loop
      vertex 35.7104 -35.1722 3.2
      vertex 35.7104 -35.1722 4.4
      vertex 35.9762 -35.2353 4.4
    endloop
  endfacet
  facet normal 0.226549 0.974 0
    outer loop
      vertex 35.4705 -35.1164 3.2
      vertex 35.7104 -35.1722 4.4
      vertex 35.7104 -35.1722 3.2
    endloop
  endfacet
  facet normal 0.226549 0.974 -0
    outer loop
      vertex 35.4705 -35.1164 3.2
      vertex 35.4705 -35.1164 4.4
      vertex 35.7104 -35.1722 4.4
    endloop
  endfacet
  facet normal 0.220745 0.975332 0
    outer loop
      vertex 35.254 -35.0674 3.2
      vertex 35.4705 -35.1164 4.4
      vertex 35.4705 -35.1164 3.2
    endloop
  endfacet
  facet normal 0.220745 0.975332 -0
    outer loop
      vertex 35.254 -35.0674 3.2
      vertex 35.254 -35.0674 4.4
      vertex 35.4705 -35.1164 4.4
    endloop
  endfacet
  facet normal 0.21328 0.976991 0
    outer loop
      vertex 35.0584 -35.0247 3.2
      vertex 35.254 -35.0674 4.4
      vertex 35.254 -35.0674 3.2
    endloop
  endfacet
  facet normal 0.21328 0.976991 -0
    outer loop
      vertex 35.0584 -35.0247 3.2
      vertex 35.0584 -35.0247 4.4
      vertex 35.254 -35.0674 4.4
    endloop
  endfacet
  facet normal 0.203976 0.978976 0
    outer loop
      vertex 34.8813 -34.9878 3.2
      vertex 35.0584 -35.0247 4.4
      vertex 35.0584 -35.0247 3.2
    endloop
  endfacet
  facet normal 0.203976 0.978976 -0
    outer loop
      vertex 34.8813 -34.9878 3.2
      vertex 34.8813 -34.9878 4.4
      vertex 35.0584 -35.0247 4.4
    endloop
  endfacet
  facet normal 0.193541 0.981092 0
    outer loop
      vertex 34.7201 -34.956 3.2
      vertex 34.8813 -34.9878 4.4
      vertex 34.8813 -34.9878 3.2
    endloop
  endfacet
  facet normal 0.193541 0.981092 -0
    outer loop
      vertex 34.7201 -34.956 3.2
      vertex 34.7201 -34.956 4.4
      vertex 34.8813 -34.9878 4.4
    endloop
  endfacet
  facet normal 0.180349 0.983603 0
    outer loop
      vertex 34.5723 -34.9289 3.2
      vertex 34.7201 -34.956 4.4
      vertex 34.7201 -34.956 3.2
    endloop
  endfacet
  facet normal 0.180349 0.983603 -0
    outer loop
      vertex 34.5723 -34.9289 3.2
      vertex 34.5723 -34.9289 4.4
      vertex 34.7201 -34.956 4.4
    endloop
  endfacet
  facet normal 0.166503 0.986041 0
    outer loop
      vertex 34.4355 -34.9058 3.2
      vertex 34.5723 -34.9289 4.4
      vertex 34.5723 -34.9289 3.2
    endloop
  endfacet
  facet normal 0.166503 0.986041 -0
    outer loop
      vertex 34.4355 -34.9058 3.2
      vertex 34.4355 -34.9058 4.4
      vertex 34.5723 -34.9289 4.4
    endloop
  endfacet
  facet normal 0.150262 0.988646 0
    outer loop
      vertex 34.3072 -34.8863 3.2
      vertex 34.4355 -34.9058 4.4
      vertex 34.4355 -34.9058 3.2
    endloop
  endfacet
  facet normal 0.150262 0.988646 -0
    outer loop
      vertex 34.3072 -34.8863 3.2
      vertex 34.3072 -34.8863 4.4
      vertex 34.4355 -34.9058 4.4
    endloop
  endfacet
  facet normal 0.1328 0.991143 0
    outer loop
      vertex 34.1848 -34.8699 3.2
      vertex 34.3072 -34.8863 4.4
      vertex 34.3072 -34.8863 3.2
    endloop
  endfacet
  facet normal 0.1328 0.991143 -0
    outer loop
      vertex 34.1848 -34.8699 3.2
      vertex 34.1848 -34.8699 4.4
      vertex 34.3072 -34.8863 4.4
    endloop
  endfacet
  facet normal 0.116938 0.993139 0
    outer loop
      vertex 34.0659 -34.8559 3.2
      vertex 34.1848 -34.8699 4.4
      vertex 34.1848 -34.8699 3.2
    endloop
  endfacet
  facet normal 0.116938 0.993139 -0
    outer loop
      vertex 34.0659 -34.8559 3.2
      vertex 34.0659 -34.8559 4.4
      vertex 34.1848 -34.8699 4.4
    endloop
  endfacet
  facet normal 0.102093 0.994775 0
    outer loop
      vertex 33.948 -34.8438 3.2
      vertex 34.0659 -34.8559 4.4
      vertex 34.0659 -34.8559 3.2
    endloop
  endfacet
  facet normal 0.102093 0.994775 -0
    outer loop
      vertex 33.948 -34.8438 3.2
      vertex 33.948 -34.8438 4.4
      vertex 34.0659 -34.8559 4.4
    endloop
  endfacet
  facet normal 0.0893313 0.996002 0
    outer loop
      vertex 33.8287 -34.8331 3.2
      vertex 33.948 -34.8438 4.4
      vertex 33.948 -34.8438 3.2
    endloop
  endfacet
  facet normal 0.0893313 0.996002 -0
    outer loop
      vertex 33.8287 -34.8331 3.2
      vertex 33.8287 -34.8331 4.4
      vertex 33.948 -34.8438 4.4
    endloop
  endfacet
  facet normal 0.0878938 0.99613 0
    outer loop
      vertex 33.7301 -34.8244 3.2
      vertex 33.8287 -34.8331 4.4
      vertex 33.8287 -34.8331 3.2
    endloop
  endfacet
  facet normal 0.0878938 0.99613 -0
    outer loop
      vertex 33.7301 -34.8244 3.2
      vertex 33.7301 -34.8244 4.4
      vertex 33.8287 -34.8331 4.4
    endloop
  endfacet
  facet normal 0.0995037 0.995037 0
    outer loop
      vertex 33.6361 -34.815 3.2
      vertex 33.7301 -34.8244 4.4
      vertex 33.7301 -34.8244 3.2
    endloop
  endfacet
  facet normal 0.0995037 0.995037 -0
    outer loop
      vertex 33.6361 -34.815 3.2
      vertex 33.6361 -34.815 4.4
      vertex 33.7301 -34.8244 4.4
    endloop
  endfacet
  facet normal 0.111767 0.993734 0
    outer loop
      vertex 33.5463 -34.8049 3.2
      vertex 33.6361 -34.815 4.4
      vertex 33.6361 -34.815 3.2
    endloop
  endfacet
  facet normal 0.111767 0.993734 -0
    outer loop
      vertex 33.5463 -34.8049 3.2
      vertex 33.5463 -34.8049 4.4
      vertex 33.6361 -34.815 4.4
    endloop
  endfacet
  facet normal 0.127019 0.9919 0
    outer loop
      vertex 33.4604 -34.7939 3.2
      vertex 33.5463 -34.8049 4.4
      vertex 33.5463 -34.8049 3.2
    endloop
  endfacet
  facet normal 0.127019 0.9919 -0
    outer loop
      vertex 33.4604 -34.7939 3.2
      vertex 33.4604 -34.7939 4.4
      vertex 33.5463 -34.8049 4.4
    endloop
  endfacet
  facet normal 0.142765 0.989757 0
    outer loop
      vertex 33.3779 -34.782 3.2
      vertex 33.4604 -34.7939 4.4
      vertex 33.4604 -34.7939 3.2
    endloop
  endfacet
  facet normal 0.142765 0.989757 -0
    outer loop
      vertex 33.3779 -34.782 3.2
      vertex 33.3779 -34.782 4.4
      vertex 33.4604 -34.7939 4.4
    endloop
  endfacet
  facet normal 0.162987 0.986628 0
    outer loop
      vertex 33.2986 -34.7689 3.2
      vertex 33.3779 -34.782 4.4
      vertex 33.3779 -34.782 3.2
    endloop
  endfacet
  facet normal 0.162987 0.986628 -0
    outer loop
      vertex 33.2986 -34.7689 3.2
      vertex 33.2986 -34.7689 4.4
      vertex 33.3779 -34.782 4.4
    endloop
  endfacet
  facet normal 0.183282 0.98306 0
    outer loop
      vertex 33.2219 -34.7546 3.2
      vertex 33.2986 -34.7689 4.4
      vertex 33.2986 -34.7689 3.2
    endloop
  endfacet
  facet normal 0.183282 0.98306 -0
    outer loop
      vertex 33.2219 -34.7546 3.2
      vertex 33.2219 -34.7546 4.4
      vertex 33.2986 -34.7689 4.4
    endloop
  endfacet
  facet normal 0.205479 0.978661 0
    outer loop
      vertex 33.1476 -34.739 3.2
      vertex 33.2219 -34.7546 4.4
      vertex 33.2219 -34.7546 3.2
    endloop
  endfacet
  facet normal 0.205479 0.978661 -0
    outer loop
      vertex 33.1476 -34.739 3.2
      vertex 33.1476 -34.739 4.4
      vertex 33.2219 -34.7546 4.4
    endloop
  endfacet
  facet normal 0.230165 0.973152 0
    outer loop
      vertex 33.0753 -34.7219 3.2
      vertex 33.1476 -34.739 4.4
      vertex 33.1476 -34.739 3.2
    endloop
  endfacet
  facet normal 0.230165 0.973152 -0
    outer loop
      vertex 33.0753 -34.7219 3.2
      vertex 33.0753 -34.7219 4.4
      vertex 33.1476 -34.739 4.4
    endloop
  endfacet
  facet normal 0.25409 0.967181 0
    outer loop
      vertex 33.0045 -34.7033 3.2
      vertex 33.0753 -34.7219 4.4
      vertex 33.0753 -34.7219 3.2
    endloop
  endfacet
  facet normal 0.25409 0.967181 -0
    outer loop
      vertex 33.0045 -34.7033 3.2
      vertex 33.0045 -34.7033 4.4
      vertex 33.0753 -34.7219 4.4
    endloop
  endfacet
  facet normal 0.281643 0.959519 0
    outer loop
      vertex 32.935 -34.6829 3.2
      vertex 33.0045 -34.7033 4.4
      vertex 33.0045 -34.7033 3.2
    endloop
  endfacet
  facet normal 0.281643 0.959519 -0
    outer loop
      vertex 32.935 -34.6829 3.2
      vertex 32.935 -34.6829 4.4
      vertex 33.0045 -34.7033 4.4
    endloop
  endfacet
  facet normal 0.306233 0.951956 0
    outer loop
      vertex 32.8663 -34.6608 3.2
      vertex 32.935 -34.6829 4.4
      vertex 32.935 -34.6829 3.2
    endloop
  endfacet
  facet normal 0.306233 0.951956 -0
    outer loop
      vertex 32.8663 -34.6608 3.2
      vertex 32.8663 -34.6608 4.4
      vertex 32.935 -34.6829 4.4
    endloop
  endfacet
  facet normal 0.332748 0.943016 0
    outer loop
      vertex 32.798 -34.6367 3.2
      vertex 32.8663 -34.6608 4.4
      vertex 32.8663 -34.6608 3.2
    endloop
  endfacet
  facet normal 0.332748 0.943016 -0
    outer loop
      vertex 32.798 -34.6367 3.2
      vertex 32.798 -34.6367 4.4
      vertex 32.8663 -34.6608 4.4
    endloop
  endfacet
  facet normal 0.359071 0.93331 0
    outer loop
      vertex 32.7299 -34.6105 3.2
      vertex 32.798 -34.6367 4.4
      vertex 32.798 -34.6367 3.2
    endloop
  endfacet
  facet normal 0.359071 0.93331 -0
    outer loop
      vertex 32.7299 -34.6105 3.2
      vertex 32.7299 -34.6105 4.4
      vertex 32.798 -34.6367 4.4
    endloop
  endfacet
  facet normal 0.381835 0.92423 0
    outer loop
      vertex 32.6614 -34.5822 3.2
      vertex 32.7299 -34.6105 4.4
      vertex 32.7299 -34.6105 3.2
    endloop
  endfacet
  facet normal 0.381835 0.92423 -0
    outer loop
      vertex 32.6614 -34.5822 3.2
      vertex 32.6614 -34.5822 4.4
      vertex 32.7299 -34.6105 4.4
    endloop
  endfacet
  facet normal 0.404421 0.914573 0
    outer loop
      vertex 32.5922 -34.5516 3.2
      vertex 32.6614 -34.5822 4.4
      vertex 32.6614 -34.5822 3.2
    endloop
  endfacet
  facet normal 0.404421 0.914573 -0
    outer loop
      vertex 32.5922 -34.5516 3.2
      vertex 32.5922 -34.5516 4.4
      vertex 32.6614 -34.5822 4.4
    endloop
  endfacet
  facet normal 0.425424 0.904994 0
    outer loop
      vertex 32.522 -34.5186 3.2
      vertex 32.5922 -34.5516 4.4
      vertex 32.5922 -34.5516 3.2
    endloop
  endfacet
  facet normal 0.425424 0.904994 -0
    outer loop
      vertex 32.522 -34.5186 3.2
      vertex 32.522 -34.5186 4.4
      vertex 32.5922 -34.5516 4.4
    endloop
  endfacet
  facet normal 0.444208 0.895924 0
    outer loop
      vertex 32.4504 -34.4831 3.2
      vertex 32.522 -34.5186 4.4
      vertex 32.522 -34.5186 3.2
    endloop
  endfacet
  facet normal 0.444208 0.895924 -0
    outer loop
      vertex 32.4504 -34.4831 3.2
      vertex 32.4504 -34.4831 4.4
      vertex 32.522 -34.5186 4.4
    endloop
  endfacet
  facet normal 0.461657 0.887058 0
    outer loop
      vertex 32.377 -34.4449 3.2
      vertex 32.4504 -34.4831 4.4
      vertex 32.4504 -34.4831 3.2
    endloop
  endfacet
  facet normal 0.461657 0.887058 -0
    outer loop
      vertex 32.377 -34.4449 3.2
      vertex 32.377 -34.4449 4.4
      vertex 32.4504 -34.4831 4.4
    endloop
  endfacet
  facet normal 0.475833 0.879535 0
    outer loop
      vertex 32.3014 -34.404 3.2
      vertex 32.377 -34.4449 4.4
      vertex 32.377 -34.4449 3.2
    endloop
  endfacet
  facet normal 0.475833 0.879535 -0
    outer loop
      vertex 32.3014 -34.404 3.2
      vertex 32.3014 -34.404 4.4
      vertex 32.377 -34.4449 4.4
    endloop
  endfacet
  facet normal 0.46624 0.884658 0
    outer loop
      vertex 31.6373 -34.054 3.2
      vertex 32.3014 -34.404 4.4
      vertex 32.3014 -34.404 3.2
    endloop
  endfacet
  facet normal 0.46624 0.884658 -0
    outer loop
      vertex 31.6373 -34.054 3.2
      vertex 31.6373 -34.054 4.4
      vertex 32.3014 -34.404 4.4
    endloop
  endfacet
  facet normal 0.0160948 0.99987 0
    outer loop
      vertex 29.5313 -34.0201 3.2
      vertex 31.6373 -34.054 4.4
      vertex 31.6373 -34.054 3.2
    endloop
  endfacet
  facet normal 0.0160948 0.99987 -0
    outer loop
      vertex 29.5313 -34.0201 3.2
      vertex 29.5313 -34.0201 4.4
      vertex 31.6373 -34.054 4.4
    endloop
  endfacet
  facet normal 0.0199873 0.9998 0
    outer loop
      vertex 29.3012 -34.0155 3.2
      vertex 29.5313 -34.0201 4.4
      vertex 29.5313 -34.0201 3.2
    endloop
  endfacet
  facet normal 0.0199873 0.9998 -0
    outer loop
      vertex 29.3012 -34.0155 3.2
      vertex 29.3012 -34.0155 4.4
      vertex 29.5313 -34.0201 4.4
    endloop
  endfacet
  facet normal 0.0160383 0.999871 0
    outer loop
      vertex 29.083 -34.012 3.2
      vertex 29.3012 -34.0155 4.4
      vertex 29.3012 -34.0155 3.2
    endloop
  endfacet
  facet normal 0.0160383 0.999871 -0
    outer loop
      vertex 29.083 -34.012 3.2
      vertex 29.083 -34.012 4.4
      vertex 29.3012 -34.0155 4.4
    endloop
  endfacet
  facet normal 0.0120764 0.999927 0
    outer loop
      vertex 28.876 -34.0095 3.2
      vertex 29.083 -34.012 4.4
      vertex 29.083 -34.012 3.2
    endloop
  endfacet
  facet normal 0.0120764 0.999927 -0
    outer loop
      vertex 28.876 -34.0095 3.2
      vertex 28.876 -34.0095 4.4
      vertex 29.083 -34.012 4.4
    endloop
  endfacet
  facet normal 0.00714267 0.999974 0
    outer loop
      vertex 28.68 -34.0081 3.2
      vertex 28.876 -34.0095 4.4
      vertex 28.876 -34.0095 3.2
    endloop
  endfacet
  facet normal 0.00714267 0.999974 -0
    outer loop
      vertex 28.68 -34.0081 3.2
      vertex 28.68 -34.0081 4.4
      vertex 28.876 -34.0095 4.4
    endloop
  endfacet
  facet normal 0.00215285 0.999998 0
    outer loop
      vertex 28.4942 -34.0077 3.2
      vertex 28.68 -34.0081 4.4
      vertex 28.68 -34.0081 3.2
    endloop
  endfacet
  facet normal 0.00215285 0.999998 -0
    outer loop
      vertex 28.4942 -34.0077 3.2
      vertex 28.4942 -34.0077 4.4
      vertex 28.68 -34.0081 4.4
    endloop
  endfacet
  facet normal -0.00454541 0.99999 0
    outer loop
      vertex 28.3182 -34.0085 3.2
      vertex 28.4942 -34.0077 4.4
      vertex 28.4942 -34.0077 3.2
    endloop
  endfacet
  facet normal -0.00454541 0.99999 0
    outer loop
      vertex 28.3182 -34.0085 3.2
      vertex 28.3182 -34.0085 4.4
      vertex 28.4942 -34.0077 4.4
    endloop
  endfacet
  facet normal -0.0113901 0.999935 0
    outer loop
      vertex 28.1514 -34.0104 3.2
      vertex 28.3182 -34.0085 4.4
      vertex 28.3182 -34.0085 3.2
    endloop
  endfacet
  facet normal -0.0113901 0.999935 0
    outer loop
      vertex 28.1514 -34.0104 3.2
      vertex 28.1514 -34.0104 4.4
      vertex 28.3182 -34.0085 4.4
    endloop
  endfacet
  facet normal -0.0189839 0.99982 0
    outer loop
      vertex 27.9934 -34.0134 3.2
      vertex 28.1514 -34.0104 4.4
      vertex 28.1514 -34.0104 3.2
    endloop
  endfacet
  facet normal -0.0189839 0.99982 0
    outer loop
      vertex 27.9934 -34.0134 3.2
      vertex 27.9934 -34.0134 4.4
      vertex 28.1514 -34.0104 4.4
    endloop
  endfacet
  facet normal -0.0280451 0.999607 0
    outer loop
      vertex 27.8437 -34.0176 3.2
      vertex 27.9934 -34.0134 4.4
      vertex 27.9934 -34.0134 3.2
    endloop
  endfacet
  facet normal -0.0280451 0.999607 0
    outer loop
      vertex 27.8437 -34.0176 3.2
      vertex 27.8437 -34.0176 4.4
      vertex 27.9934 -34.0134 4.4
    endloop
  endfacet
  facet normal -0.0372718 0.999305 0
    outer loop
      vertex 27.7016 -34.0229 3.2
      vertex 27.8437 -34.0176 4.4
      vertex 27.8437 -34.0176 3.2
    endloop
  endfacet
  facet normal -0.0372718 0.999305 0
    outer loop
      vertex 27.7016 -34.0229 3.2
      vertex 27.7016 -34.0229 4.4
      vertex 27.8437 -34.0176 4.4
    endloop
  endfacet
  facet normal -0.048128 0.998841 0
    outer loop
      vertex 27.5667 -34.0294 3.2
      vertex 27.7016 -34.0229 4.4
      vertex 27.7016 -34.0229 3.2
    endloop
  endfacet
  facet normal -0.048128 0.998841 0
    outer loop
      vertex 27.5667 -34.0294 3.2
      vertex 27.5667 -34.0294 4.4
      vertex 27.7016 -34.0229 4.4
    endloop
  endfacet
  facet normal -0.0599544 0.998201 0
    outer loop
      vertex 27.4385 -34.0371 3.2
      vertex 27.5667 -34.0294 4.4
      vertex 27.5667 -34.0294 3.2
    endloop
  endfacet
  facet normal -0.0599544 0.998201 0
    outer loop
      vertex 27.4385 -34.0371 3.2
      vertex 27.4385 -34.0371 4.4
      vertex 27.5667 -34.0294 4.4
    endloop
  endfacet
  facet normal -0.0735706 0.99729 0
    outer loop
      vertex 27.3165 -34.0461 3.2
      vertex 27.4385 -34.0371 4.4
      vertex 27.4385 -34.0371 3.2
    endloop
  endfacet
  facet normal -0.0735706 0.99729 0
    outer loop
      vertex 27.3165 -34.0461 3.2
      vertex 27.3165 -34.0461 4.4
      vertex 27.4385 -34.0371 4.4
    endloop
  endfacet
  facet normal -0.08722 0.996189 0
    outer loop
      vertex 27.2 -34.0563 3.2
      vertex 27.3165 -34.0461 4.4
      vertex 27.3165 -34.0461 3.2
    endloop
  endfacet
  facet normal -0.08722 0.996189 0
    outer loop
      vertex 27.2 -34.0563 3.2
      vertex 27.2 -34.0563 4.4
      vertex 27.3165 -34.0461 4.4
    endloop
  endfacet
  facet normal -0.101893 0.994795 0
    outer loop
      vertex 27.0887 -34.0677 3.2
      vertex 27.2 -34.0563 4.4
      vertex 27.2 -34.0563 3.2
    endloop
  endfacet
  facet normal -0.101893 0.994795 0
    outer loop
      vertex 27.0887 -34.0677 3.2
      vertex 27.0887 -34.0677 4.4
      vertex 27.2 -34.0563 4.4
    endloop
  endfacet
  facet normal -0.118191 0.992991 0
    outer loop
      vertex 26.982 -34.0804 3.2
      vertex 27.0887 -34.0677 4.4
      vertex 27.0887 -34.0677 3.2
    endloop
  endfacet
  facet normal -0.118191 0.992991 0
    outer loop
      vertex 26.982 -34.0804 3.2
      vertex 26.982 -34.0804 4.4
      vertex 27.0887 -34.0677 4.4
    endloop
  endfacet
  facet normal -0.13507 0.990836 0
    outer loop
      vertex 26.8793 -34.0944 3.2
      vertex 26.982 -34.0804 4.4
      vertex 26.982 -34.0804 3.2
    endloop
  endfacet
  facet normal -0.13507 0.990836 0
    outer loop
      vertex 26.8793 -34.0944 3.2
      vertex 26.8793 -34.0944 4.4
      vertex 26.982 -34.0804 4.4
    endloop
  endfacet
  facet normal -0.152582 0.988291 0
    outer loop
      vertex 26.7802 -34.1097 3.2
      vertex 26.8793 -34.0944 4.4
      vertex 26.8793 -34.0944 3.2
    endloop
  endfacet
  facet normal -0.152582 0.988291 0
    outer loop
      vertex 26.7802 -34.1097 3.2
      vertex 26.7802 -34.1097 4.4
      vertex 26.8793 -34.0944 4.4
    endloop
  endfacet
  facet normal -0.170216 0.985407 0
    outer loop
      vertex 26.6841 -34.1263 3.2
      vertex 26.7802 -34.1097 4.4
      vertex 26.7802 -34.1097 3.2
    endloop
  endfacet
  facet normal -0.170216 0.985407 0
    outer loop
      vertex 26.6841 -34.1263 3.2
      vertex 26.6841 -34.1263 4.4
      vertex 26.7802 -34.1097 4.4
    endloop
  endfacet
  facet normal -0.188847 0.982006 0
    outer loop
      vertex 26.5905 -34.1443 3.2
      vertex 26.6841 -34.1263 4.4
      vertex 26.6841 -34.1263 3.2
    endloop
  endfacet
  facet normal -0.188847 0.982006 0
    outer loop
      vertex 26.5905 -34.1443 3.2
      vertex 26.5905 -34.1443 4.4
      vertex 26.6841 -34.1263 4.4
    endloop
  endfacet
  facet normal -0.202553 0.979271 0
    outer loop
      vertex 26.4677 -34.1697 3.2
      vertex 26.5905 -34.1443 4.4
      vertex 26.5905 -34.1443 3.2
    endloop
  endfacet
  facet normal -0.202553 0.979271 0
    outer loop
      vertex 26.4677 -34.1697 3.2
      vertex 26.4677 -34.1697 4.4
      vertex 26.5905 -34.1443 4.4
    endloop
  endfacet
  facet normal -0.182684 0.983172 0
    outer loop
      vertex 26.3493 -34.1917 3.2
      vertex 26.4677 -34.1697 4.4
      vertex 26.4677 -34.1697 3.2
    endloop
  endfacet
  facet normal -0.182684 0.983172 0
    outer loop
      vertex 26.3493 -34.1917 3.2
      vertex 26.3493 -34.1917 4.4
      vertex 26.4677 -34.1697 4.4
    endloop
  endfacet
  facet normal -0.161734 0.986834 0
    outer loop
      vertex 26.2352 -34.2104 3.2
      vertex 26.3493 -34.1917 4.4
      vertex 26.3493 -34.1917 3.2
    endloop
  endfacet
  facet normal -0.161734 0.986834 0
    outer loop
      vertex 26.2352 -34.2104 3.2
      vertex 26.2352 -34.2104 4.4
      vertex 26.3493 -34.1917 4.4
    endloop
  endfacet
  facet normal -0.136637 0.990621 0
    outer loop
      vertex 26.125 -34.2256 3.2
      vertex 26.2352 -34.2104 4.4
      vertex 26.2352 -34.2104 3.2
    endloop
  endfacet
  facet normal -0.136637 0.990621 0
    outer loop
      vertex 26.125 -34.2256 3.2
      vertex 26.125 -34.2256 4.4
      vertex 26.2352 -34.2104 4.4
    endloop
  endfacet
  facet normal -0.110943 0.993827 0
    outer loop
      vertex 26.0184 -34.2375 3.2
      vertex 26.125 -34.2256 4.4
      vertex 26.125 -34.2256 3.2
    endloop
  endfacet
  facet normal -0.110943 0.993827 0
    outer loop
      vertex 26.0184 -34.2375 3.2
      vertex 26.0184 -34.2375 4.4
      vertex 26.125 -34.2256 4.4
    endloop
  endfacet
  facet normal -0.0809712 0.996716 0
    outer loop
      vertex 25.915 -34.2459 3.2
      vertex 26.0184 -34.2375 4.4
      vertex 26.0184 -34.2375 3.2
    endloop
  endfacet
  facet normal -0.0809712 0.996716 0
    outer loop
      vertex 25.915 -34.2459 3.2
      vertex 25.915 -34.2459 4.4
      vertex 26.0184 -34.2375 4.4
    endloop
  endfacet
  facet normal -0.0507314 0.998712 0
    outer loop
      vertex 25.8146 -34.251 3.2
      vertex 25.915 -34.2459 4.4
      vertex 25.915 -34.2459 3.2
    endloop
  endfacet
  facet normal -0.0507314 0.998712 0
    outer loop
      vertex 25.8146 -34.251 3.2
      vertex 25.8146 -34.251 4.4
      vertex 25.915 -34.2459 4.4
    endloop
  endfacet
  facet normal -0.0173976 0.999849 0
    outer loop
      vertex 25.7169 -34.2527 3.2
      vertex 25.8146 -34.251 4.4
      vertex 25.8146 -34.251 3.2
    endloop
  endfacet
  facet normal -0.0173976 0.999849 0
    outer loop
      vertex 25.7169 -34.2527 3.2
      vertex 25.7169 -34.2527 4.4
      vertex 25.8146 -34.251 4.4
    endloop
  endfacet
  facet normal 0.0177982 0.999842 0
    outer loop
      vertex 25.6214 -34.251 3.2
      vertex 25.7169 -34.2527 4.4
      vertex 25.7169 -34.2527 3.2
    endloop
  endfacet
  facet normal 0.0177982 0.999842 -0
    outer loop
      vertex 25.6214 -34.251 3.2
      vertex 25.6214 -34.251 4.4
      vertex 25.7169 -34.2527 4.4
    endloop
  endfacet
  facet normal 0.0545226 0.998513 0
    outer loop
      vertex 25.528 -34.2459 3.2
      vertex 25.6214 -34.251 4.4
      vertex 25.6214 -34.251 3.2
    endloop
  endfacet
  facet normal 0.0545226 0.998513 -0
    outer loop
      vertex 25.528 -34.2459 3.2
      vertex 25.528 -34.2459 4.4
      vertex 25.6214 -34.251 4.4
    endloop
  endfacet
  facet normal 0.0912211 0.995831 0
    outer loop
      vertex 25.4363 -34.2375 3.2
      vertex 25.528 -34.2459 4.4
      vertex 25.528 -34.2459 3.2
    endloop
  endfacet
  facet normal 0.0912211 0.995831 -0
    outer loop
      vertex 25.4363 -34.2375 3.2
      vertex 25.4363 -34.2375 4.4
      vertex 25.528 -34.2459 4.4
    endloop
  endfacet
  facet normal 0.130653 0.991428 0
    outer loop
      vertex 25.346 -34.2256 3.2
      vertex 25.4363 -34.2375 4.4
      vertex 25.4363 -34.2375 3.2
    endloop
  endfacet
  facet normal 0.130653 0.991428 -0
    outer loop
      vertex 25.346 -34.2256 3.2
      vertex 25.346 -34.2256 4.4
      vertex 25.4363 -34.2375 4.4
    endloop
  endfacet
  facet normal 0.167982 0.98579 0
    outer loop
      vertex 25.2568 -34.2104 3.2
      vertex 25.346 -34.2256 4.4
      vertex 25.346 -34.2256 3.2
    endloop
  endfacet
  facet normal 0.167982 0.98579 -0
    outer loop
      vertex 25.2568 -34.2104 3.2
      vertex 25.2568 -34.2104 4.4
      vertex 25.346 -34.2256 4.4
    endloop
  endfacet
  facet normal 0.206959 0.97835 0
    outer loop
      vertex 25.1684 -34.1917 3.2
      vertex 25.2568 -34.2104 4.4
      vertex 25.2568 -34.2104 3.2
    endloop
  endfacet
  facet normal 0.206959 0.97835 -0
    outer loop
      vertex 25.1684 -34.1917 3.2
      vertex 25.1684 -34.1917 4.4
      vertex 25.2568 -34.2104 4.4
    endloop
  endfacet
  facet normal 0.242536 0.970143 0
    outer loop
      vertex 25.0804 -34.1697 3.2
      vertex 25.1684 -34.1917 4.4
      vertex 25.1684 -34.1917 3.2
    endloop
  endfacet
  facet normal 0.242536 0.970143 -0
    outer loop
      vertex 25.0804 -34.1697 3.2
      vertex 25.0804 -34.1697 4.4
      vertex 25.1684 -34.1917 4.4
    endloop
  endfacet
  facet normal 0.277607 0.960695 0
    outer loop
      vertex 24.9925 -34.1443 3.2
      vertex 25.0804 -34.1697 4.4
      vertex 25.0804 -34.1697 3.2
    endloop
  endfacet
  facet normal 0.277607 0.960695 -0
    outer loop
      vertex 24.9925 -34.1443 3.2
      vertex 24.9925 -34.1443 4.4
      vertex 25.0804 -34.1697 4.4
    endloop
  endfacet
  facet normal 0.311039 0.950397 0
    outer loop
      vertex 24.9045 -34.1155 3.2
      vertex 24.9925 -34.1443 4.4
      vertex 24.9925 -34.1443 3.2
    endloop
  endfacet
  facet normal 0.311039 0.950397 -0
    outer loop
      vertex 24.9045 -34.1155 3.2
      vertex 24.9045 -34.1155 4.4
      vertex 24.9925 -34.1443 4.4
    endloop
  endfacet
  facet normal 0.341914 0.939731 0
    outer loop
      vertex 24.816 -34.0833 3.2
      vertex 24.9045 -34.1155 4.4
      vertex 24.9045 -34.1155 3.2
    endloop
  endfacet
  facet normal 0.341914 0.939731 -0
    outer loop
      vertex 24.816 -34.0833 3.2
      vertex 24.816 -34.0833 4.4
      vertex 24.9045 -34.1155 4.4
    endloop
  endfacet
  facet normal 0.370314 0.928906 0
    outer loop
      vertex 24.7267 -34.0477 3.2
      vertex 24.816 -34.0833 4.4
      vertex 24.816 -34.0833 3.2
    endloop
  endfacet
  facet normal 0.370314 0.928906 -0
    outer loop
      vertex 24.7267 -34.0477 3.2
      vertex 24.7267 -34.0477 4.4
      vertex 24.816 -34.0833 4.4
    endloop
  endfacet
  facet normal 0.395268 0.918566 0
    outer loop
      vertex 24.6363 -34.0088 3.2
      vertex 24.7267 -34.0477 4.4
      vertex 24.7267 -34.0477 3.2
    endloop
  endfacet
  facet normal 0.395268 0.918566 -0
    outer loop
      vertex 24.6363 -34.0088 3.2
      vertex 24.6363 -34.0088 4.4
      vertex 24.7267 -34.0477 4.4
    endloop
  endfacet
  facet normal 0.373302 0.92771 0
    outer loop
      vertex 24.6112 -33.9987 3.2
      vertex 24.6363 -34.0088 4.4
      vertex 24.6363 -34.0088 3.2
    endloop
  endfacet
  facet normal 0.373302 0.92771 -0
    outer loop
      vertex 24.6112 -33.9987 3.2
      vertex 24.6112 -33.9987 4.4
      vertex 24.6363 -34.0088 4.4
    endloop
  endfacet
  facet normal 0.318155 0.948039 0
    outer loop
      vertex 24.5817 -33.9888 3.2
      vertex 24.6112 -33.9987 4.4
      vertex 24.6112 -33.9987 3.2
    endloop
  endfacet
  facet normal 0.318155 0.948039 -0
    outer loop
      vertex 24.5817 -33.9888 3.2
      vertex 24.5817 -33.9888 4.4
      vertex 24.6112 -33.9987 4.4
    endloop
  endfacet
  facet normal 0.273967 0.961739 0
    outer loop
      vertex 24.548 -33.9792 3.2
      vertex 24.5817 -33.9888 4.4
      vertex 24.5817 -33.9888 3.2
    endloop
  endfacet
  facet normal 0.273967 0.961739 -0
    outer loop
      vertex 24.548 -33.9792 3.2
      vertex 24.548 -33.9792 4.4
      vertex 24.5817 -33.9888 4.4
    endloop
  endfacet
  facet normal 0.242536 0.970143 0
    outer loop
      vertex 24.5104 -33.9698 3.2
      vertex 24.548 -33.9792 4.4
      vertex 24.548 -33.9792 3.2
    endloop
  endfacet
  facet normal 0.242536 0.970143 -0
    outer loop
      vertex 24.5104 -33.9698 3.2
      vertex 24.5104 -33.9698 4.4
      vertex 24.548 -33.9792 4.4
    endloop
  endfacet
  facet normal 0.212921 0.977069 0
    outer loop
      vertex 24.4691 -33.9608 3.2
      vertex 24.5104 -33.9698 4.4
      vertex 24.5104 -33.9698 3.2
    endloop
  endfacet
  facet normal 0.212921 0.977069 -0
    outer loop
      vertex 24.4691 -33.9608 3.2
      vertex 24.4691 -33.9608 4.4
      vertex 24.5104 -33.9698 4.4
    endloop
  endfacet
  facet normal 0.191046 0.981581 0
    outer loop
      vertex 24.4244 -33.9521 3.2
      vertex 24.4691 -33.9608 4.4
      vertex 24.4691 -33.9608 3.2
    endloop
  endfacet
  facet normal 0.191046 0.981581 -0
    outer loop
      vertex 24.4244 -33.9521 3.2
      vertex 24.4244 -33.9521 4.4
      vertex 24.4691 -33.9608 4.4
    endloop
  endfacet
  facet normal 0.172729 0.984969 0
    outer loop
      vertex 24.3765 -33.9437 3.2
      vertex 24.4244 -33.9521 4.4
      vertex 24.4244 -33.9521 3.2
    endloop
  endfacet
  facet normal 0.172729 0.984969 -0
    outer loop
      vertex 24.3765 -33.9437 3.2
      vertex 24.3765 -33.9437 4.4
      vertex 24.4244 -33.9521 4.4
    endloop
  endfacet
  facet normal 0.153961 0.988077 0
    outer loop
      vertex 24.3258 -33.9358 3.2
      vertex 24.3765 -33.9437 4.4
      vertex 24.3765 -33.9437 3.2
    endloop
  endfacet
  facet normal 0.153961 0.988077 -0
    outer loop
      vertex 24.3258 -33.9358 3.2
      vertex 24.3258 -33.9358 4.4
      vertex 24.3765 -33.9437 4.4
    endloop
  endfacet
  facet normal 0.138829 0.990316 0
    outer loop
      vertex 24.2723 -33.9283 3.2
      vertex 24.3258 -33.9358 4.4
      vertex 24.3258 -33.9358 3.2
    endloop
  endfacet
  facet normal 0.138829 0.990316 -0
    outer loop
      vertex 24.2723 -33.9283 3.2
      vertex 24.2723 -33.9283 4.4
      vertex 24.3258 -33.9358 4.4
    endloop
  endfacet
  facet normal 0.124472 0.992223 0
    outer loop
      vertex 24.2165 -33.9213 3.2
      vertex 24.2723 -33.9283 4.4
      vertex 24.2723 -33.9283 3.2
    endloop
  endfacet
  facet normal 0.124472 0.992223 -0
    outer loop
      vertex 24.2165 -33.9213 3.2
      vertex 24.2165 -33.9213 4.4
      vertex 24.2723 -33.9283 4.4
    endloop
  endfacet
  facet normal 0.111562 0.993758 0
    outer loop
      vertex 24.1586 -33.9148 3.2
      vertex 24.2165 -33.9213 4.4
      vertex 24.2165 -33.9213 3.2
    endloop
  endfacet
  facet normal 0.111562 0.993758 -0
    outer loop
      vertex 24.1586 -33.9148 3.2
      vertex 24.1586 -33.9148 4.4
      vertex 24.2165 -33.9213 4.4
    endloop
  endfacet
  facet normal 0.0998332 0.995004 0
    outer loop
      vertex 24.0988 -33.9088 3.2
      vertex 24.1586 -33.9148 4.4
      vertex 24.1586 -33.9148 3.2
    endloop
  endfacet
  facet normal 0.0998332 0.995004 -0
    outer loop
      vertex 24.0988 -33.9088 3.2
      vertex 24.0988 -33.9088 4.4
      vertex 24.1586 -33.9148 4.4
    endloop
  endfacet
  facet normal 0.0874683 0.996167 0
    outer loop
      vertex 24.0373 -33.9034 3.2
      vertex 24.0988 -33.9088 4.4
      vertex 24.0988 -33.9088 3.2
    endloop
  endfacet
  facet normal 0.0874683 0.996167 -0
    outer loop
      vertex 24.0373 -33.9034 3.2
      vertex 24.0373 -33.9034 4.4
      vertex 24.0988 -33.9088 4.4
    endloop
  endfacet
  facet normal 0.0762108 0.997092 0
    outer loop
      vertex 23.9745 -33.8986 3.2
      vertex 24.0373 -33.9034 4.4
      vertex 24.0373 -33.9034 3.2
    endloop
  endfacet
  facet normal 0.0762108 0.997092 -0
    outer loop
      vertex 23.9745 -33.8986 3.2
      vertex 23.9745 -33.8986 4.4
      vertex 24.0373 -33.9034 4.4
    endloop
  endfacet
  facet normal 0.0655862 0.997847 0
    outer loop
      vertex 23.9106 -33.8944 3.2
      vertex 23.9745 -33.8986 4.4
      vertex 23.9745 -33.8986 3.2
    endloop
  endfacet
  facet normal 0.0655862 0.997847 -0
    outer loop
      vertex 23.9106 -33.8944 3.2
      vertex 23.9106 -33.8944 4.4
      vertex 23.9745 -33.8986 4.4
    endloop
  endfacet
  facet normal 0.0523971 0.998626 0
    outer loop
      vertex 23.8458 -33.891 3.2
      vertex 23.9106 -33.8944 4.4
      vertex 23.9106 -33.8944 3.2
    endloop
  endfacet
  facet normal 0.0523971 0.998626 -0
    outer loop
      vertex 23.8458 -33.891 3.2
      vertex 23.8458 -33.891 4.4
      vertex 23.9106 -33.8944 4.4
    endloop
  endfacet
  facet normal 0.0427743 0.999085 0
    outer loop
      vertex 23.7804 -33.8882 3.2
      vertex 23.8458 -33.891 4.4
      vertex 23.8458 -33.891 3.2
    endloop
  endfacet
  facet normal 0.0427743 0.999085 -0
    outer loop
      vertex 23.7804 -33.8882 3.2
      vertex 23.7804 -33.8882 4.4
      vertex 23.8458 -33.891 4.4
    endloop
  endfacet
  facet normal 0.0304273 0.999537 0
    outer loop
      vertex 23.7147 -33.8862 3.2
      vertex 23.7804 -33.8882 4.4
      vertex 23.7804 -33.8882 3.2
    endloop
  endfacet
  facet normal 0.0304273 0.999537 -0
    outer loop
      vertex 23.7147 -33.8862 3.2
      vertex 23.7147 -33.8862 4.4
      vertex 23.7804 -33.8882 4.4
    endloop
  endfacet
  facet normal 0.0182341 0.999834 0
    outer loop
      vertex 23.6489 -33.885 3.2
      vertex 23.7147 -33.8862 4.4
      vertex 23.7147 -33.8862 3.2
    endloop
  endfacet
  facet normal 0.0182341 0.999834 -0
    outer loop
      vertex 23.6489 -33.885 3.2
      vertex 23.6489 -33.885 4.4
      vertex 23.7147 -33.8862 4.4
    endloop
  endfacet
  facet normal 0.00609745 0.999981 0
    outer loop
      vertex 23.5833 -33.8846 3.2
      vertex 23.6489 -33.885 4.4
      vertex 23.6489 -33.885 3.2
    endloop
  endfacet
  facet normal 0.00609745 0.999981 -0
    outer loop
      vertex 23.5833 -33.8846 3.2
      vertex 23.5833 -33.8846 4.4
      vertex 23.6489 -33.885 4.4
    endloop
  endfacet
  facet normal 0.00728389 0.999973 0
    outer loop
      vertex 23.4872 -33.8839 3.2
      vertex 23.5833 -33.8846 4.4
      vertex 23.5833 -33.8846 3.2
    endloop
  endfacet
  facet normal 0.00728389 0.999973 -0
    outer loop
      vertex 23.4872 -33.8839 3.2
      vertex 23.4872 -33.8839 4.4
      vertex 23.5833 -33.8846 4.4
    endloop
  endfacet
  facet normal 0.0215932 0.999767 0
    outer loop
      vertex 23.3946 -33.8819 3.2
      vertex 23.4872 -33.8839 4.4
      vertex 23.4872 -33.8839 3.2
    endloop
  endfacet
  facet normal 0.0215932 0.999767 -0
    outer loop
      vertex 23.3946 -33.8819 3.2
      vertex 23.3946 -33.8819 4.4
      vertex 23.4872 -33.8839 4.4
    endloop
  endfacet
  facet normal 0.0400124 0.999199 0
    outer loop
      vertex 23.3047 -33.8783 3.2
      vertex 23.3946 -33.8819 4.4
      vertex 23.3946 -33.8819 3.2
    endloop
  endfacet
  facet normal 0.0400124 0.999199 -0
    outer loop
      vertex 23.3047 -33.8783 3.2
      vertex 23.3047 -33.8783 4.4
      vertex 23.3946 -33.8819 4.4
    endloop
  endfacet
  facet normal 0.0623783 0.998053 0
    outer loop
      vertex 23.2167 -33.8728 3.2
      vertex 23.3047 -33.8783 4.4
      vertex 23.3047 -33.8783 3.2
    endloop
  endfacet
  facet normal 0.0623783 0.998053 -0
    outer loop
      vertex 23.2167 -33.8728 3.2
      vertex 23.2167 -33.8728 4.4
      vertex 23.3047 -33.8783 4.4
    endloop
  endfacet
  facet normal 0.0857905 0.996313 0
    outer loop
      vertex 23.1296 -33.8653 3.2
      vertex 23.2167 -33.8728 4.4
      vertex 23.2167 -33.8728 3.2
    endloop
  endfacet
  facet normal 0.0857905 0.996313 -0
    outer loop
      vertex 23.1296 -33.8653 3.2
      vertex 23.1296 -33.8653 4.4
      vertex 23.2167 -33.8728 4.4
    endloop
  endfacet
  facet normal 0.110808 0.993842 0
    outer loop
      vertex 23.0426 -33.8556 3.2
      vertex 23.1296 -33.8653 4.4
      vertex 23.1296 -33.8653 3.2
    endloop
  endfacet
  facet normal 0.110808 0.993842 -0
    outer loop
      vertex 23.0426 -33.8556 3.2
      vertex 23.0426 -33.8556 4.4
      vertex 23.1296 -33.8653 4.4
    endloop
  endfacet
  facet normal 0.137784 0.990462 0
    outer loop
      vertex 22.9549 -33.8434 3.2
      vertex 23.0426 -33.8556 4.4
      vertex 23.0426 -33.8556 3.2
    endloop
  endfacet
  facet normal 0.137784 0.990462 -0
    outer loop
      vertex 22.9549 -33.8434 3.2
      vertex 22.9549 -33.8434 4.4
      vertex 23.0426 -33.8556 4.4
    endloop
  endfacet
  facet normal 0.163325 0.986572 0
    outer loop
      vertex 22.8655 -33.8286 3.2
      vertex 22.9549 -33.8434 4.4
      vertex 22.9549 -33.8434 3.2
    endloop
  endfacet
  facet normal 0.163325 0.986572 -0
    outer loop
      vertex 22.8655 -33.8286 3.2
      vertex 22.8655 -33.8286 4.4
      vertex 22.9549 -33.8434 4.4
    endloop
  endfacet
  facet normal 0.190354 0.981715 0
    outer loop
      vertex 22.7737 -33.8108 3.2
      vertex 22.8655 -33.8286 4.4
      vertex 22.8655 -33.8286 3.2
    endloop
  endfacet
  facet normal 0.190354 0.981715 -0
    outer loop
      vertex 22.7737 -33.8108 3.2
      vertex 22.7737 -33.8108 4.4
      vertex 22.8655 -33.8286 4.4
    endloop
  endfacet
  facet normal 0.213452 0.976954 0
    outer loop
      vertex 22.6785 -33.79 3.2
      vertex 22.7737 -33.8108 4.4
      vertex 22.7737 -33.8108 3.2
    endloop
  endfacet
  facet normal 0.213452 0.976954 -0
    outer loop
      vertex 22.6785 -33.79 3.2
      vertex 22.6785 -33.79 4.4
      vertex 22.7737 -33.8108 4.4
    endloop
  endfacet
  facet normal 0.235852 0.971789 0
    outer loop
      vertex 22.5792 -33.7659 3.2
      vertex 22.6785 -33.79 4.4
      vertex 22.6785 -33.79 3.2
    endloop
  endfacet
  facet normal 0.235852 0.971789 -0
    outer loop
      vertex 22.5792 -33.7659 3.2
      vertex 22.5792 -33.7659 4.4
      vertex 22.6785 -33.79 4.4
    endloop
  endfacet
  facet normal 0.256452 0.966557 0
    outer loop
      vertex 22.4748 -33.7382 3.2
      vertex 22.5792 -33.7659 4.4
      vertex 22.5792 -33.7659 3.2
    endloop
  endfacet
  facet normal 0.256452 0.966557 -0
    outer loop
      vertex 22.4748 -33.7382 3.2
      vertex 22.4748 -33.7382 4.4
      vertex 22.5792 -33.7659 4.4
    endloop
  endfacet
  facet normal 0.27357 0.961852 0
    outer loop
      vertex 22.3644 -33.7068 3.2
      vertex 22.4748 -33.7382 4.4
      vertex 22.4748 -33.7382 3.2
    endloop
  endfacet
  facet normal 0.27357 0.961852 -0
    outer loop
      vertex 22.3644 -33.7068 3.2
      vertex 22.3644 -33.7068 4.4
      vertex 22.4748 -33.7382 4.4
    endloop
  endfacet
  facet normal 0.288623 0.957443 0
    outer loop
      vertex 22.2473 -33.6715 3.2
      vertex 22.3644 -33.7068 4.4
      vertex 22.3644 -33.7068 3.2
    endloop
  endfacet
  facet normal 0.288623 0.957443 -0
    outer loop
      vertex 22.2473 -33.6715 3.2
      vertex 22.2473 -33.6715 4.4
      vertex 22.3644 -33.7068 4.4
    endloop
  endfacet
  facet normal 0.301058 0.953606 0
    outer loop
      vertex 22.1225 -33.6321 3.2
      vertex 22.2473 -33.6715 4.4
      vertex 22.2473 -33.6715 3.2
    endloop
  endfacet
  facet normal 0.301058 0.953606 -0
    outer loop
      vertex 22.1225 -33.6321 3.2
      vertex 22.1225 -33.6321 4.4
      vertex 22.2473 -33.6715 4.4
    endloop
  endfacet
  facet normal 0.312374 0.949959 0
    outer loop
      vertex 21.9893 -33.5883 3.2
      vertex 22.1225 -33.6321 4.4
      vertex 22.1225 -33.6321 3.2
    endloop
  endfacet
  facet normal 0.312374 0.949959 -0
    outer loop
      vertex 21.9893 -33.5883 3.2
      vertex 21.9893 -33.5883 4.4
      vertex 22.1225 -33.6321 4.4
    endloop
  endfacet
  facet normal 0.321403 0.946943 0
    outer loop
      vertex 21.8467 -33.5399 3.2
      vertex 21.9893 -33.5883 4.4
      vertex 21.9893 -33.5883 3.2
    endloop
  endfacet
  facet normal 0.321403 0.946943 -0
    outer loop
      vertex 21.8467 -33.5399 3.2
      vertex 21.8467 -33.5399 4.4
      vertex 21.9893 -33.5883 4.4
    endloop
  endfacet
  facet normal 0.328616 0.944463 0
    outer loop
      vertex 21.6938 -33.4867 3.2
      vertex 21.8467 -33.5399 4.4
      vertex 21.8467 -33.5399 3.2
    endloop
  endfacet
  facet normal 0.328616 0.944463 -0
    outer loop
      vertex 21.6938 -33.4867 3.2
      vertex 21.6938 -33.4867 4.4
      vertex 21.8467 -33.5399 4.4
    endloop
  endfacet
  facet normal 0.334624 0.942352 0
    outer loop
      vertex 21.5299 -33.4285 3.2
      vertex 21.6938 -33.4867 4.4
      vertex 21.6938 -33.4867 3.2
    endloop
  endfacet
  facet normal 0.334624 0.942352 -0
    outer loop
      vertex 21.5299 -33.4285 3.2
      vertex 21.5299 -33.4285 4.4
      vertex 21.6938 -33.4867 4.4
    endloop
  endfacet
  facet normal 0.339079 0.940758 0
    outer loop
      vertex 21.354 -33.3651 3.2
      vertex 21.5299 -33.4285 4.4
      vertex 21.5299 -33.4285 3.2
    endloop
  endfacet
  facet normal 0.339079 0.940758 -0
    outer loop
      vertex 21.354 -33.3651 3.2
      vertex 21.354 -33.3651 4.4
      vertex 21.5299 -33.4285 4.4
    endloop
  endfacet
  facet normal 0.331112 0.943591 0
    outer loop
      vertex 21.2326 -33.3225 3.2
      vertex 21.354 -33.3651 4.4
      vertex 21.354 -33.3651 3.2
    endloop
  endfacet
  facet normal 0.331112 0.943591 -0
    outer loop
      vertex 21.2326 -33.3225 3.2
      vertex 21.2326 -33.3225 4.4
      vertex 21.354 -33.3651 4.4
    endloop
  endfacet
  facet normal 0.327111 0.944986 0
    outer loop
      vertex 21.1078 -33.2793 3.2
      vertex 21.2326 -33.3225 4.4
      vertex 21.2326 -33.3225 3.2
    endloop
  endfacet
  facet normal 0.327111 0.944986 -0
    outer loop
      vertex 21.1078 -33.2793 3.2
      vertex 21.1078 -33.2793 4.4
      vertex 21.2326 -33.3225 4.4
    endloop
  endfacet
  facet normal 0.322235 0.94666 0
    outer loop
      vertex 20.9803 -33.2359 3.2
      vertex 21.1078 -33.2793 4.4
      vertex 21.1078 -33.2793 3.2
    endloop
  endfacet
  facet normal 0.322235 0.94666 -0
    outer loop
      vertex 20.9803 -33.2359 3.2
      vertex 20.9803 -33.2359 4.4
      vertex 21.1078 -33.2793 4.4
    endloop
  endfacet
  facet normal 0.317982 0.948097 0
    outer loop
      vertex 20.8506 -33.1924 3.2
      vertex 20.9803 -33.2359 4.4
      vertex 20.9803 -33.2359 3.2
    endloop
  endfacet
  facet normal 0.317982 0.948097 -0
    outer loop
      vertex 20.8506 -33.1924 3.2
      vertex 20.8506 -33.1924 4.4
      vertex 20.9803 -33.2359 4.4
    endloop
  endfacet
  facet normal 0.314056 0.949404 0
    outer loop
      vertex 20.7194 -33.149 3.2
      vertex 20.8506 -33.1924 4.4
      vertex 20.8506 -33.1924 3.2
    endloop
  endfacet
  facet normal 0.314056 0.949404 -0
    outer loop
      vertex 20.7194 -33.149 3.2
      vertex 20.7194 -33.149 4.4
      vertex 20.8506 -33.1924 4.4
    endloop
  endfacet
  facet normal 0.310389 0.95061 0
    outer loop
      vertex 20.5874 -33.1059 3.2
      vertex 20.7194 -33.149 4.4
      vertex 20.7194 -33.149 3.2
    endloop
  endfacet
  facet normal 0.310389 0.95061 -0
    outer loop
      vertex 20.5874 -33.1059 3.2
      vertex 20.5874 -33.1059 4.4
      vertex 20.7194 -33.149 4.4
    endloop
  endfacet
  facet normal 0.30715 0.951661 0
    outer loop
      vertex 20.4551 -33.0632 3.2
      vertex 20.5874 -33.1059 4.4
      vertex 20.5874 -33.1059 3.2
    endloop
  endfacet
  facet normal 0.30715 0.951661 -0
    outer loop
      vertex 20.4551 -33.0632 3.2
      vertex 20.4551 -33.0632 4.4
      vertex 20.5874 -33.1059 4.4
    endloop
  endfacet
  facet normal 0.302548 0.953134 0
    outer loop
      vertex 20.3231 -33.0213 3.2
      vertex 20.4551 -33.0632 4.4
      vertex 20.4551 -33.0632 3.2
    endloop
  endfacet
  facet normal 0.302548 0.953134 -0
    outer loop
      vertex 20.3231 -33.0213 3.2
      vertex 20.3231 -33.0213 4.4
      vertex 20.4551 -33.0632 4.4
    endloop
  endfacet
  facet normal 0.299353 0.954142 0
    outer loop
      vertex 20.1921 -32.9802 3.2
      vertex 20.3231 -33.0213 4.4
      vertex 20.3231 -33.0213 3.2
    endloop
  endfacet
  facet normal 0.299353 0.954142 -0
    outer loop
      vertex 20.1921 -32.9802 3.2
      vertex 20.1921 -32.9802 4.4
      vertex 20.3231 -33.0213 4.4
    endloop
  endfacet
  facet normal 0.295331 0.955395 0
    outer loop
      vertex 20.0627 -32.9402 3.2
      vertex 20.1921 -32.9802 4.4
      vertex 20.1921 -32.9802 3.2
    endloop
  endfacet
  facet normal 0.295331 0.955395 -0
    outer loop
      vertex 20.0627 -32.9402 3.2
      vertex 20.0627 -32.9402 4.4
      vertex 20.1921 -32.9802 4.4
    endloop
  endfacet
  facet normal 0.290863 0.956765 0
    outer loop
      vertex 19.9354 -32.9015 3.2
      vertex 20.0627 -32.9402 4.4
      vertex 20.0627 -32.9402 3.2
    endloop
  endfacet
  facet normal 0.290863 0.956765 -0
    outer loop
      vertex 19.9354 -32.9015 3.2
      vertex 19.9354 -32.9015 4.4
      vertex 20.0627 -32.9402 4.4
    endloop
  endfacet
  facet normal 0.2865 0.95808 0
    outer loop
      vertex 19.811 -32.8643 3.2
      vertex 19.9354 -32.9015 4.4
      vertex 19.9354 -32.9015 3.2
    endloop
  endfacet
  facet normal 0.2865 0.95808 -0
    outer loop
      vertex 19.811 -32.8643 3.2
      vertex 19.811 -32.8643 4.4
      vertex 19.9354 -32.9015 4.4
    endloop
  endfacet
  facet normal 0.282467 0.959277 0
    outer loop
      vertex 19.6901 -32.8287 3.2
      vertex 19.811 -32.8643 4.4
      vertex 19.811 -32.8643 3.2
    endloop
  endfacet
  facet normal 0.282467 0.959277 -0
    outer loop
      vertex 19.6901 -32.8287 3.2
      vertex 19.6901 -32.8287 4.4
      vertex 19.811 -32.8643 4.4
    endloop
  endfacet
  facet normal 0.277 0.96087 0
    outer loop
      vertex 19.5732 -32.795 3.2
      vertex 19.6901 -32.8287 4.4
      vertex 19.6901 -32.8287 3.2
    endloop
  endfacet
  facet normal 0.277 0.96087 -0
    outer loop
      vertex 19.5732 -32.795 3.2
      vertex 19.5732 -32.795 4.4
      vertex 19.6901 -32.8287 4.4
    endloop
  endfacet
  facet normal 0.271888 0.962329 0
    outer loop
      vertex 19.461 -32.7633 3.2
      vertex 19.5732 -32.795 4.4
      vertex 19.5732 -32.795 3.2
    endloop
  endfacet
  facet normal 0.271888 0.962329 -0
    outer loop
      vertex 19.461 -32.7633 3.2
      vertex 19.461 -32.7633 4.4
      vertex 19.5732 -32.795 4.4
    endloop
  endfacet
  facet normal 0.266016 0.963969 0
    outer loop
      vertex 19.3541 -32.7338 3.2
      vertex 19.461 -32.7633 4.4
      vertex 19.461 -32.7633 3.2
    endloop
  endfacet
  facet normal 0.266016 0.963969 -0
    outer loop
      vertex 19.3541 -32.7338 3.2
      vertex 19.3541 -32.7338 4.4
      vertex 19.461 -32.7633 4.4
    endloop
  endfacet
  facet normal 0.258258 0.966076 0
    outer loop
      vertex 19.2531 -32.7068 3.2
      vertex 19.3541 -32.7338 4.4
      vertex 19.3541 -32.7338 3.2
    endloop
  endfacet
  facet normal 0.258258 0.966076 -0
    outer loop
      vertex 19.2531 -32.7068 3.2
      vertex 19.2531 -32.7068 4.4
      vertex 19.3541 -32.7338 4.4
    endloop
  endfacet
  facet normal 0.249288 0.968429 0
    outer loop
      vertex 19.1587 -32.6825 3.2
      vertex 19.2531 -32.7068 4.4
      vertex 19.2531 -32.7068 3.2
    endloop
  endfacet
  facet normal 0.249288 0.968429 -0
    outer loop
      vertex 19.1587 -32.6825 3.2
      vertex 19.1587 -32.6825 4.4
      vertex 19.2531 -32.7068 4.4
    endloop
  endfacet
  facet normal 0.24018 0.970728 0
    outer loop
      vertex 19.0714 -32.6609 3.2
      vertex 19.1587 -32.6825 4.4
      vertex 19.1587 -32.6825 3.2
    endloop
  endfacet
  facet normal 0.24018 0.970728 -0
    outer loop
      vertex 19.0714 -32.6609 3.2
      vertex 19.0714 -32.6609 4.4
      vertex 19.1587 -32.6825 4.4
    endloop
  endfacet
  facet normal 0.226649 0.973977 0
    outer loop
      vertex 18.9919 -32.6424 3.2
      vertex 19.0714 -32.6609 4.4
      vertex 19.0714 -32.6609 3.2
    endloop
  endfacet
  facet normal 0.226649 0.973977 -0
    outer loop
      vertex 18.9919 -32.6424 3.2
      vertex 18.9919 -32.6424 4.4
      vertex 19.0714 -32.6609 4.4
    endloop
  endfacet
  facet normal 0.231548 0.972824 0
    outer loop
      vertex 18.0907 -32.4279 3.2
      vertex 18.9919 -32.6424 4.4
      vertex 18.9919 -32.6424 3.2
    endloop
  endfacet
  facet normal 0.231548 0.972824 -0
    outer loop
      vertex 18.0907 -32.4279 3.2
      vertex 18.0907 -32.4279 4.4
      vertex 18.9919 -32.6424 4.4
    endloop
  endfacet
  facet normal -0.306838 0.951762 0
    outer loop
      vertex 17.18 -32.7215 3.2
      vertex 18.0907 -32.4279 4.4
      vertex 18.0907 -32.4279 3.2
    endloop
  endfacet
  facet normal -0.306838 0.951762 0
    outer loop
      vertex 17.18 -32.7215 3.2
      vertex 17.18 -32.7215 4.4
      vertex 18.0907 -32.4279 4.4
    endloop
  endfacet
  facet normal -0.297316 0.954779 0
    outer loop
      vertex 16.9703 -32.7868 3.2
      vertex 17.18 -32.7215 4.4
      vertex 17.18 -32.7215 3.2
    endloop
  endfacet
  facet normal -0.297316 0.954779 0
    outer loop
      vertex 16.9703 -32.7868 3.2
      vertex 16.9703 -32.7868 4.4
      vertex 17.18 -32.7215 4.4
    endloop
  endfacet
  facet normal -0.294358 0.955695 0
    outer loop
      vertex 16.7729 -32.8476 3.2
      vertex 16.9703 -32.7868 4.4
      vertex 16.9703 -32.7868 3.2
    endloop
  endfacet
  facet normal -0.294358 0.955695 0
    outer loop
      vertex 16.7729 -32.8476 3.2
      vertex 16.7729 -32.8476 4.4
      vertex 16.9703 -32.7868 4.4
    endloop
  endfacet
  facet normal -0.289652 0.957132 0
    outer loop
      vertex 16.5862 -32.9041 3.2
      vertex 16.7729 -32.8476 4.4
      vertex 16.7729 -32.8476 3.2
    endloop
  endfacet
  facet normal -0.289652 0.957132 0
    outer loop
      vertex 16.5862 -32.9041 3.2
      vertex 16.5862 -32.9041 4.4
      vertex 16.7729 -32.8476 4.4
    endloop
  endfacet
  facet normal -0.284474 0.958684 0
    outer loop
      vertex 16.4086 -32.9568 3.2
      vertex 16.5862 -32.9041 4.4
      vertex 16.5862 -32.9041 3.2
    endloop
  endfacet
  facet normal -0.284474 0.958684 0
    outer loop
      vertex 16.4086 -32.9568 3.2
      vertex 16.4086 -32.9568 4.4
      vertex 16.5862 -32.9041 4.4
    endloop
  endfacet
  facet normal -0.277482 0.960731 0
    outer loop
      vertex 16.2386 -33.0059 3.2
      vertex 16.4086 -32.9568 4.4
      vertex 16.4086 -32.9568 3.2
    endloop
  endfacet
  facet normal -0.277482 0.960731 0
    outer loop
      vertex 16.2386 -33.0059 3.2
      vertex 16.2386 -33.0059 4.4
      vertex 16.4086 -32.9568 4.4
    endloop
  endfacet
  facet normal -0.269521 0.962995 0
    outer loop
      vertex 16.0746 -33.0518 3.2
      vertex 16.2386 -33.0059 4.4
      vertex 16.2386 -33.0059 3.2
    endloop
  endfacet
  facet normal -0.269521 0.962995 0
    outer loop
      vertex 16.0746 -33.0518 3.2
      vertex 16.0746 -33.0518 4.4
      vertex 16.2386 -33.0059 4.4
    endloop
  endfacet
  facet normal -0.259583 0.965721 0
    outer loop
      vertex 15.915 -33.0947 3.2
      vertex 16.0746 -33.0518 4.4
      vertex 16.0746 -33.0518 3.2
    endloop
  endfacet
  facet normal -0.259583 0.965721 0
    outer loop
      vertex 15.915 -33.0947 3.2
      vertex 15.915 -33.0947 4.4
      vertex 16.0746 -33.0518 4.4
    endloop
  endfacet
  facet normal -0.250383 0.968147 0
    outer loop
      vertex 15.7584 -33.1352 3.2
      vertex 15.915 -33.0947 4.4
      vertex 15.915 -33.0947 3.2
    endloop
  endfacet
  facet normal -0.250383 0.968147 0
    outer loop
      vertex 15.7584 -33.1352 3.2
      vertex 15.7584 -33.1352 4.4
      vertex 15.915 -33.0947 4.4
    endloop
  endfacet
  facet normal -0.2393 0.970946 0
    outer loop
      vertex 15.603 -33.1735 3.2
      vertex 15.7584 -33.1352 4.4
      vertex 15.7584 -33.1352 3.2
    endloop
  endfacet
  facet normal -0.2393 0.970946 0
    outer loop
      vertex 15.603 -33.1735 3.2
      vertex 15.603 -33.1735 4.4
      vertex 15.7584 -33.1352 4.4
    endloop
  endfacet
  facet normal -0.227922 0.973679 0
    outer loop
      vertex 15.4475 -33.2099 3.2
      vertex 15.603 -33.1735 4.4
      vertex 15.603 -33.1735 3.2
    endloop
  endfacet
  facet normal -0.227922 0.973679 0
    outer loop
      vertex 15.4475 -33.2099 3.2
      vertex 15.4475 -33.2099 4.4
      vertex 15.603 -33.1735 4.4
    endloop
  endfacet
  facet normal -0.21601 0.976391 0
    outer loop
      vertex 15.2902 -33.2447 3.2
      vertex 15.4475 -33.2099 4.4
      vertex 15.4475 -33.2099 3.2
    endloop
  endfacet
  facet normal -0.21601 0.976391 0
    outer loop
      vertex 15.2902 -33.2447 3.2
      vertex 15.2902 -33.2447 4.4
      vertex 15.4475 -33.2099 4.4
    endloop
  endfacet
  facet normal -0.205243 0.978711 0
    outer loop
      vertex 15.1295 -33.2784 3.2
      vertex 15.2902 -33.2447 4.4
      vertex 15.2902 -33.2447 3.2
    endloop
  endfacet
  facet normal -0.205243 0.978711 0
    outer loop
      vertex 15.1295 -33.2784 3.2
      vertex 15.1295 -33.2784 4.4
      vertex 15.2902 -33.2447 4.4
    endloop
  endfacet
  facet normal -0.194406 0.980921 0
    outer loop
      vertex 14.964 -33.3112 3.2
      vertex 15.1295 -33.2784 4.4
      vertex 15.1295 -33.2784 3.2
    endloop
  endfacet
  facet normal -0.194406 0.980921 0
    outer loop
      vertex 14.964 -33.3112 3.2
      vertex 14.964 -33.3112 4.4
      vertex 15.1295 -33.2784 4.4
    endloop
  endfacet
  facet normal -0.185116 0.982717 0
    outer loop
      vertex 14.792 -33.3436 3.2
      vertex 14.964 -33.3112 4.4
      vertex 14.964 -33.3112 3.2
    endloop
  endfacet
  facet normal -0.185116 0.982717 0
    outer loop
      vertex 14.792 -33.3436 3.2
      vertex 14.792 -33.3436 4.4
      vertex 14.964 -33.3112 4.4
    endloop
  endfacet
  facet normal -0.175469 0.984485 0
    outer loop
      vertex 14.6119 -33.3757 3.2
      vertex 14.792 -33.3436 4.4
      vertex 14.792 -33.3436 3.2
    endloop
  endfacet
  facet normal -0.175469 0.984485 0
    outer loop
      vertex 14.6119 -33.3757 3.2
      vertex 14.6119 -33.3757 4.4
      vertex 14.792 -33.3436 4.4
    endloop
  endfacet
  facet normal -0.168025 0.985783 0
    outer loop
      vertex 14.4224 -33.408 3.2
      vertex 14.6119 -33.3757 4.4
      vertex 14.6119 -33.3757 3.2
    endloop
  endfacet
  facet normal -0.168025 0.985783 0
    outer loop
      vertex 14.4224 -33.408 3.2
      vertex 14.4224 -33.408 4.4
      vertex 14.6119 -33.3757 4.4
    endloop
  endfacet
  facet normal -0.161689 0.986842 0
    outer loop
      vertex 14.2216 -33.4409 3.2
      vertex 14.4224 -33.408 4.4
      vertex 14.4224 -33.408 3.2
    endloop
  endfacet
  facet normal -0.161689 0.986842 0
    outer loop
      vertex 14.2216 -33.4409 3.2
      vertex 14.2216 -33.4409 4.4
      vertex 14.4224 -33.408 4.4
    endloop
  endfacet
  facet normal -0.155535 0.98783 0
    outer loop
      vertex 14.0082 -33.4745 3.2
      vertex 14.2216 -33.4409 4.4
      vertex 14.2216 -33.4409 3.2
    endloop
  endfacet
  facet normal -0.155535 0.98783 0
    outer loop
      vertex 14.0082 -33.4745 3.2
      vertex 14.0082 -33.4745 4.4
      vertex 14.2216 -33.4409 4.4
    endloop
  endfacet
  facet normal -0.151568 0.988447 0
    outer loop
      vertex 13.7806 -33.5094 3.2
      vertex 14.0082 -33.4745 4.4
      vertex 14.0082 -33.4745 3.2
    endloop
  endfacet
  facet normal -0.151568 0.988447 0
    outer loop
      vertex 13.7806 -33.5094 3.2
      vertex 13.7806 -33.5094 4.4
      vertex 14.0082 -33.4745 4.4
    endloop
  endfacet
  facet normal -0.147903 0.989002 0
    outer loop
      vertex 13.5372 -33.5458 3.2
      vertex 13.7806 -33.5094 4.4
      vertex 13.7806 -33.5094 3.2
    endloop
  endfacet
  facet normal -0.147903 0.989002 0
    outer loop
      vertex 13.5372 -33.5458 3.2
      vertex 13.5372 -33.5458 4.4
      vertex 13.7806 -33.5094 4.4
    endloop
  endfacet
  facet normal -0.145164 0.989408 0
    outer loop
      vertex 13.4077 -33.5648 3.2
      vertex 13.5372 -33.5458 4.4
      vertex 13.5372 -33.5458 3.2
    endloop
  endfacet
  facet normal -0.145164 0.989408 0
    outer loop
      vertex 13.4077 -33.5648 3.2
      vertex 13.4077 -33.5648 4.4
      vertex 13.5372 -33.5458 4.4
    endloop
  endfacet
  facet normal -0.149352 0.988784 0
    outer loop
      vertex 13.2786 -33.5843 3.2
      vertex 13.4077 -33.5648 4.4
      vertex 13.4077 -33.5648 3.2
    endloop
  endfacet
  facet normal -0.149352 0.988784 0
    outer loop
      vertex 13.2786 -33.5843 3.2
      vertex 13.2786 -33.5843 4.4
      vertex 13.4077 -33.5648 4.4
    endloop
  endfacet
  facet normal -0.154142 0.988049 0
    outer loop
      vertex 13.1504 -33.6043 3.2
      vertex 13.2786 -33.5843 4.4
      vertex 13.2786 -33.5843 3.2
    endloop
  endfacet
  facet normal -0.154142 0.988049 0
    outer loop
      vertex 13.1504 -33.6043 3.2
      vertex 13.1504 -33.6043 4.4
      vertex 13.2786 -33.5843 4.4
    endloop
  endfacet
  facet normal -0.159477 0.987202 0
    outer loop
      vertex 13.0235 -33.6248 3.2
      vertex 13.1504 -33.6043 4.4
      vertex 13.1504 -33.6043 3.2
    endloop
  endfacet
  facet normal -0.159477 0.987202 0
    outer loop
      vertex 13.0235 -33.6248 3.2
      vertex 13.0235 -33.6248 4.4
      vertex 13.1504 -33.6043 4.4
    endloop
  endfacet
  facet normal -0.163502 0.986543 0
    outer loop
      vertex 12.8986 -33.6455 3.2
      vertex 13.0235 -33.6248 4.4
      vertex 13.0235 -33.6248 3.2
    endloop
  endfacet
  facet normal -0.163502 0.986543 0
    outer loop
      vertex 12.8986 -33.6455 3.2
      vertex 12.8986 -33.6455 4.4
      vertex 13.0235 -33.6248 4.4
    endloop
  endfacet
  facet normal -0.168182 0.985756 0
    outer loop
      vertex 12.7761 -33.6664 3.2
      vertex 12.8986 -33.6455 4.4
      vertex 12.8986 -33.6455 3.2
    endloop
  endfacet
  facet normal -0.168182 0.985756 0
    outer loop
      vertex 12.7761 -33.6664 3.2
      vertex 12.7761 -33.6664 4.4
      vertex 12.8986 -33.6455 4.4
    endloop
  endfacet
  facet normal -0.173738 0.984792 0
    outer loop
      vertex 12.6565 -33.6875 3.2
      vertex 12.7761 -33.6664 4.4
      vertex 12.7761 -33.6664 3.2
    endloop
  endfacet
  facet normal -0.173738 0.984792 0
    outer loop
      vertex 12.6565 -33.6875 3.2
      vertex 12.6565 -33.6875 4.4
      vertex 12.7761 -33.6664 4.4
    endloop
  endfacet
  facet normal -0.178811 0.983883 0
    outer loop
      vertex 12.5404 -33.7086 3.2
      vertex 12.6565 -33.6875 4.4
      vertex 12.6565 -33.6875 3.2
    endloop
  endfacet
  facet normal -0.178811 0.983883 0
    outer loop
      vertex 12.5404 -33.7086 3.2
      vertex 12.5404 -33.7086 4.4
      vertex 12.6565 -33.6875 4.4
    endloop
  endfacet
  facet normal -0.183971 0.982932 0
    outer loop
      vertex 12.4282 -33.7296 3.2
      vertex 12.5404 -33.7086 4.4
      vertex 12.5404 -33.7086 3.2
    endloop
  endfacet
  facet normal -0.183971 0.982932 0
    outer loop
      vertex 12.4282 -33.7296 3.2
      vertex 12.4282 -33.7296 4.4
      vertex 12.5404 -33.7086 4.4
    endloop
  endfacet
  facet normal -0.190504 0.981686 0
    outer loop
      vertex 12.3205 -33.7505 3.2
      vertex 12.4282 -33.7296 4.4
      vertex 12.4282 -33.7296 3.2
    endloop
  endfacet
  facet normal -0.190504 0.981686 0
    outer loop
      vertex 12.3205 -33.7505 3.2
      vertex 12.3205 -33.7505 4.4
      vertex 12.4282 -33.7296 4.4
    endloop
  endfacet
  facet normal -0.196667 0.98047 0
    outer loop
      vertex 12.2178 -33.7711 3.2
      vertex 12.3205 -33.7505 4.4
      vertex 12.3205 -33.7505 3.2
    endloop
  endfacet
  facet normal -0.196667 0.98047 0
    outer loop
      vertex 12.2178 -33.7711 3.2
      vertex 12.2178 -33.7711 4.4
      vertex 12.3205 -33.7505 4.4
    endloop
  endfacet
  facet normal -0.203472 0.979081 0
    outer loop
      vertex 12.1206 -33.7913 3.2
      vertex 12.2178 -33.7711 4.4
      vertex 12.2178 -33.7711 3.2
    endloop
  endfacet
  facet normal -0.203472 0.979081 0
    outer loop
      vertex 12.1206 -33.7913 3.2
      vertex 12.1206 -33.7913 4.4
      vertex 12.2178 -33.7711 4.4
    endloop
  endfacet
  facet normal -0.212963 0.97706 0
    outer loop
      vertex 12.0293 -33.8112 3.2
      vertex 12.1206 -33.7913 4.4
      vertex 12.1206 -33.7913 3.2
    endloop
  endfacet
  facet normal -0.212963 0.97706 0
    outer loop
      vertex 12.0293 -33.8112 3.2
      vertex 12.0293 -33.8112 4.4
      vertex 12.1206 -33.7913 4.4
    endloop
  endfacet
  facet normal -0.221074 0.975257 0
    outer loop
      vertex 11.9446 -33.8304 3.2
      vertex 12.0293 -33.8112 4.4
      vertex 12.0293 -33.8112 3.2
    endloop
  endfacet
  facet normal -0.221074 0.975257 0
    outer loop
      vertex 11.9446 -33.8304 3.2
      vertex 11.9446 -33.8304 4.4
      vertex 12.0293 -33.8112 4.4
    endloop
  endfacet
  facet normal -0.234273 0.972171 0
    outer loop
      vertex 11.867 -33.8491 3.2
      vertex 11.9446 -33.8304 4.4
      vertex 11.9446 -33.8304 3.2
    endloop
  endfacet
  facet normal -0.234273 0.972171 0
    outer loop
      vertex 11.867 -33.8491 3.2
      vertex 11.867 -33.8491 4.4
      vertex 11.9446 -33.8304 4.4
    endloop
  endfacet
  facet normal -0.24708 0.968995 0
    outer loop
      vertex 11.7968 -33.867 3.2
      vertex 11.867 -33.8491 4.4
      vertex 11.867 -33.8491 3.2
    endloop
  endfacet
  facet normal -0.24708 0.968995 0
    outer loop
      vertex 11.7968 -33.867 3.2
      vertex 11.7968 -33.867 4.4
      vertex 11.867 -33.8491 4.4
    endloop
  endfacet
  facet normal -0.266923 0.963718 0
    outer loop
      vertex 11.7347 -33.8842 3.2
      vertex 11.7968 -33.867 4.4
      vertex 11.7968 -33.867 3.2
    endloop
  endfacet
  facet normal -0.266923 0.963718 0
    outer loop
      vertex 11.7347 -33.8842 3.2
      vertex 11.7347 -33.8842 4.4
      vertex 11.7968 -33.867 4.4
    endloop
  endfacet
  facet normal -0.289809 0.957085 0
    outer loop
      vertex 11.6812 -33.9004 3.2
      vertex 11.7347 -33.8842 4.4
      vertex 11.7347 -33.8842 3.2
    endloop
  endfacet
  facet normal -0.289809 0.957085 0
    outer loop
      vertex 11.6812 -33.9004 3.2
      vertex 11.6812 -33.9004 4.4
      vertex 11.7347 -33.8842 4.4
    endloop
  endfacet
  facet normal -0.323888 0.946095 0
    outer loop
      vertex 11.6368 -33.9156 3.2
      vertex 11.6812 -33.9004 4.4
      vertex 11.6812 -33.9004 3.2
    endloop
  endfacet
  facet normal -0.323888 0.946095 0
    outer loop
      vertex 11.6368 -33.9156 3.2
      vertex 11.6368 -33.9156 4.4
      vertex 11.6812 -33.9004 4.4
    endloop
  endfacet
  facet normal -0.374595 0.927189 0
    outer loop
      vertex 11.6019 -33.9297 3.2
      vertex 11.6368 -33.9156 4.4
      vertex 11.6368 -33.9156 3.2
    endloop
  endfacet
  facet normal -0.374595 0.927189 0
    outer loop
      vertex 11.6019 -33.9297 3.2
      vertex 11.6019 -33.9297 4.4
      vertex 11.6368 -33.9156 4.4
    endloop
  endfacet
  facet normal -0.331973 0.943289 0
    outer loop
      vertex 11.5553 -33.9461 3.2
      vertex 11.6019 -33.9297 4.4
      vertex 11.6019 -33.9297 3.2
    endloop
  endfacet
  facet normal -0.331973 0.943289 0
    outer loop
      vertex 11.5553 -33.9461 3.2
      vertex 11.5553 -33.9461 4.4
      vertex 11.6019 -33.9297 4.4
    endloop
  endfacet
  facet normal -0.254329 0.967118 0
    outer loop
      vertex 11.4975 -33.9613 3.2
      vertex 11.5553 -33.9461 4.4
      vertex 11.5553 -33.9461 3.2
    endloop
  endfacet
  facet normal -0.254329 0.967118 0
    outer loop
      vertex 11.4975 -33.9613 3.2
      vertex 11.4975 -33.9613 4.4
      vertex 11.5553 -33.9461 4.4
    endloop
  endfacet
  facet normal -0.197463 0.98031 0
    outer loop
      vertex 11.4275 -33.9754 3.2
      vertex 11.4975 -33.9613 4.4
      vertex 11.4975 -33.9613 3.2
    endloop
  endfacet
  facet normal -0.197463 0.98031 0
    outer loop
      vertex 11.4275 -33.9754 3.2
      vertex 11.4275 -33.9754 4.4
      vertex 11.4975 -33.9613 4.4
    endloop
  endfacet
  facet normal -0.155901 0.987773 0
    outer loop
      vertex 11.3445 -33.9885 3.2
      vertex 11.4275 -33.9754 4.4
      vertex 11.4275 -33.9754 3.2
    endloop
  endfacet
  facet normal -0.155901 0.987773 0
    outer loop
      vertex 11.3445 -33.9885 3.2
      vertex 11.3445 -33.9885 4.4
      vertex 11.4275 -33.9754 4.4
    endloop
  endfacet
  facet normal -0.123025 0.992404 0
    outer loop
      vertex 11.2477 -34.0005 3.2
      vertex 11.3445 -33.9885 4.4
      vertex 11.3445 -33.9885 3.2
    endloop
  endfacet
  facet normal -0.123025 0.992404 0
    outer loop
      vertex 11.2477 -34.0005 3.2
      vertex 11.2477 -34.0005 4.4
      vertex 11.3445 -33.9885 4.4
    endloop
  endfacet
  facet normal -0.098974 0.99509 0
    outer loop
      vertex 11.1361 -34.0116 3.2
      vertex 11.2477 -34.0005 4.4
      vertex 11.2477 -34.0005 3.2
    endloop
  endfacet
  facet normal -0.098974 0.99509 0
    outer loop
      vertex 11.1361 -34.0116 3.2
      vertex 11.1361 -34.0116 4.4
      vertex 11.2477 -34.0005 4.4
    endloop
  endfacet
  facet normal -0.0791534 0.996862 0
    outer loop
      vertex 11.0089 -34.0217 3.2
      vertex 11.1361 -34.0116 4.4
      vertex 11.1361 -34.0116 3.2
    endloop
  endfacet
  facet normal -0.0791534 0.996862 0
    outer loop
      vertex 11.0089 -34.0217 3.2
      vertex 11.0089 -34.0217 4.4
      vertex 11.1361 -34.0116 4.4
    endloop
  endfacet
  facet normal -0.0639358 0.997954 0
    outer loop
      vertex 10.8653 -34.0309 3.2
      vertex 11.0089 -34.0217 4.4
      vertex 11.0089 -34.0217 3.2
    endloop
  endfacet
  facet normal -0.0639358 0.997954 0
    outer loop
      vertex 10.8653 -34.0309 3.2
      vertex 10.8653 -34.0309 4.4
      vertex 11.0089 -34.0217 4.4
    endloop
  endfacet
  facet normal -0.0521353 0.99864 0
    outer loop
      vertex 10.7044 -34.0393 3.2
      vertex 10.8653 -34.0309 4.4
      vertex 10.8653 -34.0309 3.2
    endloop
  endfacet
  facet normal -0.0521353 0.99864 0
    outer loop
      vertex 10.7044 -34.0393 3.2
      vertex 10.7044 -34.0393 4.4
      vertex 10.8653 -34.0309 4.4
    endloop
  endfacet
  facet normal -0.0423726 0.999102 0
    outer loop
      vertex 10.5252 -34.0469 3.2
      vertex 10.7044 -34.0393 4.4
      vertex 10.7044 -34.0393 3.2
    endloop
  endfacet
  facet normal -0.0423726 0.999102 0
    outer loop
      vertex 10.5252 -34.0469 3.2
      vertex 10.5252 -34.0469 4.4
      vertex 10.7044 -34.0393 4.4
    endloop
  endfacet
  facet normal -0.0342886 0.999412 0
    outer loop
      vertex 10.327 -34.0537 3.2
      vertex 10.5252 -34.0469 4.4
      vertex 10.5252 -34.0469 3.2
    endloop
  endfacet
  facet normal -0.0342886 0.999412 0
    outer loop
      vertex 10.327 -34.0537 3.2
      vertex 10.327 -34.0537 4.4
      vertex 10.5252 -34.0469 4.4
    endloop
  endfacet
  facet normal -0.0279451 0.999609 0
    outer loop
      vertex 10.1088 -34.0598 3.2
      vertex 10.327 -34.0537 4.4
      vertex 10.327 -34.0537 3.2
    endloop
  endfacet
  facet normal -0.0279451 0.999609 0
    outer loop
      vertex 10.1088 -34.0598 3.2
      vertex 10.1088 -34.0598 4.4
      vertex 10.327 -34.0537 4.4
    endloop
  endfacet
  facet normal -0.0230132 0.999735 0
    outer loop
      vertex 9.86987 -34.0653 3.2
      vertex 10.1088 -34.0598 4.4
      vertex 10.1088 -34.0598 3.2
    endloop
  endfacet
  facet normal -0.0230132 0.999735 0
    outer loop
      vertex 9.86987 -34.0653 3.2
      vertex 9.86987 -34.0653 4.4
      vertex 10.1088 -34.0598 4.4
    endloop
  endfacet
  facet normal -0.0180303 0.999837 0
    outer loop
      vertex 9.60924 -34.07 3.2
      vertex 9.86987 -34.0653 4.4
      vertex 9.86987 -34.0653 3.2
    endloop
  endfacet
  facet normal -0.0180303 0.999837 0
    outer loop
      vertex 9.60924 -34.07 3.2
      vertex 9.60924 -34.07 4.4
      vertex 9.86987 -34.0653 4.4
    endloop
  endfacet
  facet normal -0.0148304 0.99989 0
    outer loop
      vertex 9.32607 -34.0742 3.2
      vertex 9.60924 -34.07 4.4
      vertex 9.60924 -34.07 3.2
    endloop
  endfacet
  facet normal -0.0148304 0.99989 0
    outer loop
      vertex 9.32607 -34.0742 3.2
      vertex 9.32607 -34.0742 4.4
      vertex 9.60924 -34.07 4.4
    endloop
  endfacet
  facet normal -0.0120677 0.999927 0
    outer loop
      vertex 9.01949 -34.0779 3.2
      vertex 9.32607 -34.0742 4.4
      vertex 9.32607 -34.0742 3.2
    endloop
  endfacet
  facet normal -0.0120677 0.999927 0
    outer loop
      vertex 9.01949 -34.0779 3.2
      vertex 9.01949 -34.0779 4.4
      vertex 9.32607 -34.0742 4.4
    endloop
  endfacet
  facet normal -0.00936911 0.999956 0
    outer loop
      vertex 8.68863 -34.081 3.2
      vertex 9.01949 -34.0779 4.4
      vertex 9.01949 -34.0779 3.2
    endloop
  endfacet
  facet normal -0.00936911 0.999956 0
    outer loop
      vertex 8.68863 -34.081 3.2
      vertex 8.68863 -34.081 4.4
      vertex 9.01949 -34.0779 4.4
    endloop
  endfacet
  facet normal -0.00758405 0.999971 0
    outer loop
      vertex 8.33263 -34.0837 3.2
      vertex 8.68863 -34.081 4.4
      vertex 8.68863 -34.081 3.2
    endloop
  endfacet
  facet normal -0.00758405 0.999971 0
    outer loop
      vertex 8.33263 -34.0837 3.2
      vertex 8.33263 -34.0837 4.4
      vertex 8.68863 -34.081 4.4
    endloop
  endfacet
  facet normal -0.00602068 0.999982 0
    outer loop
      vertex 7.95062 -34.086 3.2
      vertex 8.33263 -34.0837 4.4
      vertex 8.33263 -34.0837 3.2
    endloop
  endfacet
  facet normal -0.00602068 0.999982 0
    outer loop
      vertex 7.95062 -34.086 3.2
      vertex 7.95062 -34.086 4.4
      vertex 8.33263 -34.0837 4.4
    endloop
  endfacet
  facet normal -0.00440212 0.99999 0
    outer loop
      vertex 7.54173 -34.0878 3.2
      vertex 7.95062 -34.086 4.4
      vertex 7.95062 -34.086 3.2
    endloop
  endfacet
  facet normal -0.00440212 0.99999 0
    outer loop
      vertex 7.54173 -34.0878 3.2
      vertex 7.54173 -34.0878 4.4
      vertex 7.95062 -34.086 4.4
    endloop
  endfacet
  facet normal -0.00658856 0.999978 0
    outer loop
      vertex 7.23818 -34.0898 3.2
      vertex 7.54173 -34.0878 4.4
      vertex 7.54173 -34.0878 3.2
    endloop
  endfacet
  facet normal -0.00658856 0.999978 0
    outer loop
      vertex 7.23818 -34.0898 3.2
      vertex 7.23818 -34.0898 4.4
      vertex 7.54173 -34.0878 4.4
    endloop
  endfacet
  facet normal -0.00797714 0.999968 0
    outer loop
      vertex 6.93733 -34.0922 3.2
      vertex 7.23818 -34.0898 4.4
      vertex 7.23818 -34.0898 3.2
    endloop
  endfacet
  facet normal -0.00797714 0.999968 0
    outer loop
      vertex 6.93733 -34.0922 3.2
      vertex 6.93733 -34.0922 4.4
      vertex 7.23818 -34.0898 4.4
    endloop
  endfacet
  facet normal -0.00976319 0.999952 0
    outer loop
      vertex 6.64031 -34.0951 3.2
      vertex 6.93733 -34.0922 4.4
      vertex 6.93733 -34.0922 3.2
    endloop
  endfacet
  facet normal -0.00976319 0.999952 0
    outer loop
      vertex 6.64031 -34.0951 3.2
      vertex 6.64031 -34.0951 4.4
      vertex 6.93733 -34.0922 4.4
    endloop
  endfacet
  facet normal -0.0116407 0.999932 0
    outer loop
      vertex 6.34825 -34.0985 3.2
      vertex 6.64031 -34.0951 4.4
      vertex 6.64031 -34.0951 3.2
    endloop
  endfacet
  facet normal -0.0116407 0.999932 0
    outer loop
      vertex 6.34825 -34.0985 3.2
      vertex 6.34825 -34.0985 4.4
      vertex 6.64031 -34.0951 4.4
    endloop
  endfacet
  facet normal -0.0132869 0.999912 0
    outer loop
      vertex 6.06228 -34.1023 3.2
      vertex 6.34825 -34.0985 4.4
      vertex 6.34825 -34.0985 3.2
    endloop
  endfacet
  facet normal -0.0132869 0.999912 0
    outer loop
      vertex 6.06228 -34.1023 3.2
      vertex 6.06228 -34.1023 4.4
      vertex 6.34825 -34.0985 4.4
    endloop
  endfacet
  facet normal -0.0150656 0.999887 0
    outer loop
      vertex 5.78353 -34.1065 3.2
      vertex 6.06228 -34.1023 4.4
      vertex 6.06228 -34.1023 3.2
    endloop
  endfacet
  facet normal -0.0150656 0.999887 0
    outer loop
      vertex 5.78353 -34.1065 3.2
      vertex 5.78353 -34.1065 4.4
      vertex 6.06228 -34.1023 4.4
    endloop
  endfacet
  facet normal -0.0173797 0.999849 0
    outer loop
      vertex 5.51314 -34.1112 3.2
      vertex 5.78353 -34.1065 4.4
      vertex 5.78353 -34.1065 3.2
    endloop
  endfacet
  facet normal -0.0173797 0.999849 0
    outer loop
      vertex 5.51314 -34.1112 3.2
      vertex 5.51314 -34.1112 4.4
      vertex 5.78353 -34.1065 4.4
    endloop
  endfacet
  facet normal -0.0191602 0.999816 0
    outer loop
      vertex 5.25223 -34.1162 3.2
      vertex 5.51314 -34.1112 4.4
      vertex 5.51314 -34.1112 3.2
    endloop
  endfacet
  facet normal -0.0191602 0.999816 0
    outer loop
      vertex 5.25223 -34.1162 3.2
      vertex 5.25223 -34.1162 4.4
      vertex 5.51314 -34.1112 4.4
    endloop
  endfacet
  facet normal -0.0215691 0.999767 0
    outer loop
      vertex 5.00193 -34.1216 3.2
      vertex 5.25223 -34.1162 4.4
      vertex 5.25223 -34.1162 3.2
    endloop
  endfacet
  facet normal -0.0215691 0.999767 0
    outer loop
      vertex 5.00193 -34.1216 3.2
      vertex 5.00193 -34.1216 4.4
      vertex 5.25223 -34.1162 4.4
    endloop
  endfacet
  facet normal -0.0238875 0.999715 0
    outer loop
      vertex 4.76338 -34.1273 3.2
      vertex 5.00193 -34.1216 4.4
      vertex 5.00193 -34.1216 3.2
    endloop
  endfacet
  facet normal -0.0238875 0.999715 0
    outer loop
      vertex 4.76338 -34.1273 3.2
      vertex 4.76338 -34.1273 4.4
      vertex 5.00193 -34.1216 4.4
    endloop
  endfacet
  facet normal -0.0270208 0.999635 0
    outer loop
      vertex 4.53771 -34.1334 3.2
      vertex 4.76338 -34.1273 4.4
      vertex 4.76338 -34.1273 3.2
    endloop
  endfacet
  facet normal -0.0270208 0.999635 0
    outer loop
      vertex 4.53771 -34.1334 3.2
      vertex 4.53771 -34.1334 4.4
      vertex 4.76338 -34.1273 4.4
    endloop
  endfacet
  facet normal -0.0306952 0.999529 0
    outer loop
      vertex 4.32605 -34.1399 3.2
      vertex 4.53771 -34.1334 4.4
      vertex 4.53771 -34.1334 3.2
    endloop
  endfacet
  facet normal -0.0306952 0.999529 0
    outer loop
      vertex 4.32605 -34.1399 3.2
      vertex 4.32605 -34.1399 4.4
      vertex 4.53771 -34.1334 4.4
    endloop
  endfacet
  facet normal -0.0340734 0.999419 0
    outer loop
      vertex 4.12953 -34.1466 3.2
      vertex 4.32605 -34.1399 4.4
      vertex 4.32605 -34.1399 3.2
    endloop
  endfacet
  facet normal -0.0340734 0.999419 0
    outer loop
      vertex 4.12953 -34.1466 3.2
      vertex 4.12953 -34.1466 4.4
      vertex 4.32605 -34.1399 4.4
    endloop
  endfacet
  facet normal -0.0388036 0.999247 0
    outer loop
      vertex 3.94927 -34.1536 3.2
      vertex 4.12953 -34.1466 4.4
      vertex 4.12953 -34.1466 3.2
    endloop
  endfacet
  facet normal -0.0388036 0.999247 0
    outer loop
      vertex 3.94927 -34.1536 3.2
      vertex 3.94927 -34.1536 4.4
      vertex 4.12953 -34.1466 4.4
    endloop
  endfacet
  facet normal -0.0447843 0.998997 0
    outer loop
      vertex 3.78643 -34.1609 3.2
      vertex 3.94927 -34.1536 4.4
      vertex 3.94927 -34.1536 3.2
    endloop
  endfacet
  facet normal -0.0447843 0.998997 0
    outer loop
      vertex 3.78643 -34.1609 3.2
      vertex 3.78643 -34.1609 4.4
      vertex 3.94927 -34.1536 4.4
    endloop
  endfacet
  facet normal -0.0518978 0.998652 0
    outer loop
      vertex 3.64211 -34.1684 3.2
      vertex 3.78643 -34.1609 4.4
      vertex 3.78643 -34.1609 3.2
    endloop
  endfacet
  facet normal -0.0518978 0.998652 0
    outer loop
      vertex 3.64211 -34.1684 3.2
      vertex 3.64211 -34.1684 4.4
      vertex 3.78643 -34.1609 4.4
    endloop
  endfacet
  facet normal -0.0624531 0.998048 0
    outer loop
      vertex 3.51746 -34.1762 3.2
      vertex 3.64211 -34.1684 4.4
      vertex 3.64211 -34.1684 3.2
    endloop
  endfacet
  facet normal -0.0624531 0.998048 0
    outer loop
      vertex 3.51746 -34.1762 3.2
      vertex 3.51746 -34.1762 4.4
      vertex 3.64211 -34.1684 4.4
    endloop
  endfacet
  facet normal -0.0768066 0.997046 0
    outer loop
      vertex 3.41361 -34.1842 3.2
      vertex 3.51746 -34.1762 4.4
      vertex 3.51746 -34.1762 3.2
    endloop
  endfacet
  facet normal -0.0768066 0.997046 0
    outer loop
      vertex 3.41361 -34.1842 3.2
      vertex 3.41361 -34.1842 4.4
      vertex 3.51746 -34.1762 4.4
    endloop
  endfacet
  facet normal -0.0995999 0.995028 0
    outer loop
      vertex 3.33169 -34.1924 3.2
      vertex 3.41361 -34.1842 4.4
      vertex 3.41361 -34.1842 3.2
    endloop
  endfacet
  facet normal -0.0995999 0.995028 0
    outer loop
      vertex 3.33169 -34.1924 3.2
      vertex 3.33169 -34.1924 4.4
      vertex 3.41361 -34.1842 4.4
    endloop
  endfacet
  facet normal -0.141257 0.989973 0
    outer loop
      vertex 3.27282 -34.2008 3.2
      vertex 3.33169 -34.1924 4.4
      vertex 3.33169 -34.1924 3.2
    endloop
  endfacet
  facet normal -0.141257 0.989973 0
    outer loop
      vertex 3.27282 -34.2008 3.2
      vertex 3.27282 -34.2008 4.4
      vertex 3.33169 -34.1924 4.4
    endloop
  endfacet
  facet normal -0.164136 0.986438 0
    outer loop
      vertex 3.22414 -34.2089 3.2
      vertex 3.27282 -34.2008 4.4
      vertex 3.27282 -34.2008 3.2
    endloop
  endfacet
  facet normal -0.164136 0.986438 0
    outer loop
      vertex 3.22414 -34.2089 3.2
      vertex 3.22414 -34.2089 4.4
      vertex 3.27282 -34.2008 4.4
    endloop
  endfacet
  facet normal -0.141021 0.990007 0
    outer loop
      vertex 3.17219 -34.2163 3.2
      vertex 3.22414 -34.2089 4.4
      vertex 3.22414 -34.2089 3.2
    endloop
  endfacet
  facet normal -0.141021 0.990007 0
    outer loop
      vertex 3.17219 -34.2163 3.2
      vertex 3.17219 -34.2163 4.4
      vertex 3.22414 -34.2089 4.4
    endloop
  endfacet
  facet normal -0.121141 0.992635 0
    outer loop
      vertex 3.11729 -34.223 3.2
      vertex 3.17219 -34.2163 4.4
      vertex 3.17219 -34.2163 3.2
    endloop
  endfacet
  facet normal -0.121141 0.992635 0
    outer loop
      vertex 3.11729 -34.223 3.2
      vertex 3.11729 -34.223 4.4
      vertex 3.17219 -34.2163 4.4
    endloop
  endfacet
  facet normal -0.103659 0.994613 0
    outer loop
      vertex 3.05972 -34.229 3.2
      vertex 3.11729 -34.223 4.4
      vertex 3.11729 -34.223 3.2
    endloop
  endfacet
  facet normal -0.103659 0.994613 0
    outer loop
      vertex 3.05972 -34.229 3.2
      vertex 3.05972 -34.229 4.4
      vertex 3.11729 -34.223 4.4
    endloop
  endfacet
  facet normal -0.0880927 0.996112 0
    outer loop
      vertex 2.99979 -34.2343 3.2
      vertex 3.05972 -34.229 4.4
      vertex 3.05972 -34.229 3.2
    endloop
  endfacet
  facet normal -0.0880927 0.996112 0
    outer loop
      vertex 2.99979 -34.2343 3.2
      vertex 2.99979 -34.2343 4.4
      vertex 3.05972 -34.229 4.4
    endloop
  endfacet
  facet normal -0.0724018 0.997376 0
    outer loop
      vertex 2.9378 -34.2388 3.2
      vertex 2.99979 -34.2343 4.4
      vertex 2.99979 -34.2343 3.2
    endloop
  endfacet
  facet normal -0.0724018 0.997376 0
    outer loop
      vertex 2.9378 -34.2388 3.2
      vertex 2.9378 -34.2388 4.4
      vertex 2.99979 -34.2343 4.4
    endloop
  endfacet
  facet normal -0.0579417 0.99832 0
    outer loop
      vertex 2.87405 -34.2425 3.2
      vertex 2.9378 -34.2388 4.4
      vertex 2.9378 -34.2388 3.2
    endloop
  endfacet
  facet normal -0.0579417 0.99832 0
    outer loop
      vertex 2.87405 -34.2425 3.2
      vertex 2.87405 -34.2425 4.4
      vertex 2.9378 -34.2388 4.4
    endloop
  endfacet
  facet normal -0.0444142 0.999013 0
    outer loop
      vertex 2.80882 -34.2454 3.2
      vertex 2.87405 -34.2425 4.4
      vertex 2.87405 -34.2425 3.2
    endloop
  endfacet
  facet normal -0.0444142 0.999013 0
    outer loop
      vertex 2.80882 -34.2454 3.2
      vertex 2.80882 -34.2454 4.4
      vertex 2.87405 -34.2425 4.4
    endloop
  endfacet
  facet normal -0.0316155 0.9995 0
    outer loop
      vertex 2.74243 -34.2475 3.2
      vertex 2.80882 -34.2454 4.4
      vertex 2.80882 -34.2454 3.2
    endloop
  endfacet
  facet normal -0.0316155 0.9995 0
    outer loop
      vertex 2.74243 -34.2475 3.2
      vertex 2.74243 -34.2475 4.4
      vertex 2.80882 -34.2454 4.4
    endloop
  endfacet
  facet normal -0.017841 0.999841 0
    outer loop
      vertex 2.67518 -34.2487 3.2
      vertex 2.74243 -34.2475 4.4
      vertex 2.74243 -34.2475 3.2
    endloop
  endfacet
  facet normal -0.017841 0.999841 0
    outer loop
      vertex 2.67518 -34.2487 3.2
      vertex 2.67518 -34.2487 4.4
      vertex 2.74243 -34.2475 4.4
    endloop
  endfacet
  facet normal -0.00737117 0.999973 0
    outer loop
      vertex 2.60735 -34.2492 3.2
      vertex 2.67518 -34.2487 4.4
      vertex 2.67518 -34.2487 3.2
    endloop
  endfacet
  facet normal -0.00737117 0.999973 0
    outer loop
      vertex 2.60735 -34.2492 3.2
      vertex 2.60735 -34.2492 4.4
      vertex 2.67518 -34.2487 4.4
    endloop
  endfacet
  facet normal 0.00734195 0.999973 0
    outer loop
      vertex 2.53925 -34.2487 3.2
      vertex 2.60735 -34.2492 4.4
      vertex 2.60735 -34.2492 3.2
    endloop
  endfacet
  facet normal 0.00734195 0.999973 -0
    outer loop
      vertex 2.53925 -34.2487 3.2
      vertex 2.53925 -34.2487 4.4
      vertex 2.60735 -34.2492 4.4
    endloop
  endfacet
  facet normal 0.0190973 0.999818 0
    outer loop
      vertex 2.47119 -34.2474 3.2
      vertex 2.53925 -34.2487 4.4
      vertex 2.53925 -34.2487 3.2
    endloop
  endfacet
  facet normal 0.0190973 0.999818 -0
    outer loop
      vertex 2.47119 -34.2474 3.2
      vertex 2.47119 -34.2474 4.4
      vertex 2.53925 -34.2487 4.4
    endloop
  endfacet
  facet normal 0.03246 0.999473 0
    outer loop
      vertex 2.40345 -34.2452 3.2
      vertex 2.47119 -34.2474 4.4
      vertex 2.47119 -34.2474 3.2
    endloop
  endfacet
  facet normal 0.03246 0.999473 -0
    outer loop
      vertex 2.40345 -34.2452 3.2
      vertex 2.40345 -34.2452 4.4
      vertex 2.47119 -34.2474 4.4
    endloop
  endfacet
  facet normal 0.0476217 0.998865 0
    outer loop
      vertex 2.33633 -34.242 3.2
      vertex 2.40345 -34.2452 4.4
      vertex 2.40345 -34.2452 3.2
    endloop
  endfacet
  facet normal 0.0476217 0.998865 -0
    outer loop
      vertex 2.33633 -34.242 3.2
      vertex 2.33633 -34.242 4.4
      vertex 2.40345 -34.2452 4.4
    endloop
  endfacet
  facet normal 0.0603311 0.998178 0
    outer loop
      vertex 2.27015 -34.238 3.2
      vertex 2.33633 -34.242 4.4
      vertex 2.33633 -34.242 3.2
    endloop
  endfacet
  facet normal 0.0603311 0.998178 -0
    outer loop
      vertex 2.27015 -34.238 3.2
      vertex 2.27015 -34.238 4.4
      vertex 2.33633 -34.242 4.4
    endloop
  endfacet
  facet normal 0.0767317 0.997052 0
    outer loop
      vertex 2.20518 -34.233 3.2
      vertex 2.27015 -34.238 4.4
      vertex 2.27015 -34.238 3.2
    endloop
  endfacet
  facet normal 0.0767317 0.997052 -0
    outer loop
      vertex 2.20518 -34.233 3.2
      vertex 2.20518 -34.233 4.4
      vertex 2.27015 -34.238 4.4
    endloop
  endfacet
  facet normal 0.0941574 0.995557 0
    outer loop
      vertex 2.14174 -34.227 3.2
      vertex 2.20518 -34.233 4.4
      vertex 2.20518 -34.233 3.2
    endloop
  endfacet
  facet normal 0.0941574 0.995557 -0
    outer loop
      vertex 2.14174 -34.227 3.2
      vertex 2.14174 -34.227 4.4
      vertex 2.20518 -34.233 4.4
    endloop
  endfacet
  facet normal 0.112855 0.993611 0
    outer loop
      vertex 2.08011 -34.22 3.2
      vertex 2.14174 -34.227 4.4
      vertex 2.14174 -34.227 3.2
    endloop
  endfacet
  facet normal 0.112855 0.993611 -0
    outer loop
      vertex 2.08011 -34.22 3.2
      vertex 2.08011 -34.22 4.4
      vertex 2.14174 -34.227 4.4
    endloop
  endfacet
  facet normal 0.133255 0.991082 0
    outer loop
      vertex 2.02061 -34.212 3.2
      vertex 2.08011 -34.22 4.4
      vertex 2.08011 -34.22 3.2
    endloop
  endfacet
  facet normal 0.133255 0.991082 -0
    outer loop
      vertex 2.02061 -34.212 3.2
      vertex 2.02061 -34.212 4.4
      vertex 2.08011 -34.22 4.4
    endloop
  endfacet
  facet normal 0.106435 0.99432 0
    outer loop
      vertex 1.79827 -34.1882 3.2
      vertex 2.02061 -34.212 4.4
      vertex 2.02061 -34.212 3.2
    endloop
  endfacet
  facet normal 0.106435 0.99432 -0
    outer loop
      vertex 1.79827 -34.1882 3.2
      vertex 1.79827 -34.1882 4.4
      vertex 2.02061 -34.212 4.4
    endloop
  endfacet
  facet normal 0.0612372 0.998123 0
    outer loop
      vertex 1.57008 -34.1742 3.2
      vertex 1.79827 -34.1882 4.4
      vertex 1.79827 -34.1882 3.2
    endloop
  endfacet
  facet normal 0.0612372 0.998123 -0
    outer loop
      vertex 1.57008 -34.1742 3.2
      vertex 1.57008 -34.1742 4.4
      vertex 1.79827 -34.1882 4.4
    endloop
  endfacet
  facet normal 0.019294 0.999814 0
    outer loop
      vertex 1.33689 -34.1697 3.2
      vertex 1.57008 -34.1742 4.4
      vertex 1.57008 -34.1742 3.2
    endloop
  endfacet
  facet normal 0.019294 0.999814 -0
    outer loop
      vertex 1.33689 -34.1697 3.2
      vertex 1.33689 -34.1697 4.4
      vertex 1.57008 -34.1742 4.4
    endloop
  endfacet
  facet normal -0.0206385 0.999787 0
    outer loop
      vertex 1.09952 -34.1746 3.2
      vertex 1.33689 -34.1697 4.4
      vertex 1.33689 -34.1697 3.2
    endloop
  endfacet
  facet normal -0.0206385 0.999787 0
    outer loop
      vertex 1.09952 -34.1746 3.2
      vertex 1.09952 -34.1746 4.4
      vertex 1.33689 -34.1697 4.4
    endloop
  endfacet
  facet normal -0.0588917 0.998264 0
    outer loop
      vertex 0.858818 -34.1888 3.2
      vertex 1.09952 -34.1746 4.4
      vertex 1.09952 -34.1746 3.2
    endloop
  endfacet
  facet normal -0.0588917 0.998264 0
    outer loop
      vertex 0.858818 -34.1888 3.2
      vertex 0.858818 -34.1888 4.4
      vertex 1.09952 -34.1746 4.4
    endloop
  endfacet
  facet normal -0.0941584 0.995557 0
    outer loop
      vertex 0.615634 -34.2118 3.2
      vertex 0.858818 -34.1888 4.4
      vertex 0.858818 -34.1888 3.2
    endloop
  endfacet
  facet normal -0.0941584 0.995557 0
    outer loop
      vertex 0.615634 -34.2118 3.2
      vertex 0.615634 -34.2118 4.4
      vertex 0.858818 -34.1888 4.4
    endloop
  endfacet
  facet normal -0.129196 0.991619 0
    outer loop
      vertex 0.370792 -34.2437 3.2
      vertex 0.615634 -34.2118 4.4
      vertex 0.615634 -34.2118 3.2
    endloop
  endfacet
  facet normal -0.129196 0.991619 0
    outer loop
      vertex 0.370792 -34.2437 3.2
      vertex 0.370792 -34.2437 4.4
      vertex 0.615634 -34.2118 4.4
    endloop
  endfacet
  facet normal -0.162284 0.986744 0
    outer loop
      vertex 0.125145 -34.2841 3.2
      vertex 0.370792 -34.2437 4.4
      vertex 0.370792 -34.2437 3.2
    endloop
  endfacet
  facet normal -0.162284 0.986744 0
    outer loop
      vertex 0.125145 -34.2841 3.2
      vertex 0.125145 -34.2841 4.4
      vertex 0.370792 -34.2437 4.4
    endloop
  endfacet
  facet normal -0.194871 0.980829 0
    outer loop
      vertex -0.120476 -34.3329 3.2
      vertex 0.125145 -34.2841 4.4
      vertex 0.125145 -34.2841 3.2
    endloop
  endfacet
  facet normal -0.194871 0.980829 0
    outer loop
      vertex -0.120476 -34.3329 3.2
      vertex -0.120476 -34.3329 4.4
      vertex 0.125145 -34.2841 4.4
    endloop
  endfacet
  facet normal -0.226819 0.973937 0
    outer loop
      vertex -0.365228 -34.3899 3.2
      vertex -0.120476 -34.3329 4.4
      vertex -0.120476 -34.3329 3.2
    endloop
  endfacet
  facet normal -0.226819 0.973937 0
    outer loop
      vertex -0.365228 -34.3899 3.2
      vertex -0.365228 -34.3899 4.4
      vertex -0.120476 -34.3329 4.4
    endloop
  endfacet
  facet normal -0.25799 0.966148 0
    outer loop
      vertex -0.608272 -34.4548 3.2
      vertex -0.365228 -34.3899 4.4
      vertex -0.365228 -34.3899 3.2
    endloop
  endfacet
  facet normal -0.25799 0.966148 0
    outer loop
      vertex -0.608272 -34.4548 3.2
      vertex -0.608272 -34.4548 4.4
      vertex -0.365228 -34.3899 4.4
    endloop
  endfacet
  facet normal -0.289354 0.957222 0
    outer loop
      vertex -0.848773 -34.5275 3.2
      vertex -0.608272 -34.4548 4.4
      vertex -0.608272 -34.4548 3.2
    endloop
  endfacet
  facet normal -0.289354 0.957222 0
    outer loop
      vertex -0.848773 -34.5275 3.2
      vertex -0.848773 -34.5275 4.4
      vertex -0.608272 -34.4548 4.4
    endloop
  endfacet
  facet normal -0.320411 0.947279 0
    outer loop
      vertex -1.08588 -34.6077 3.2
      vertex -0.848773 -34.5275 4.4
      vertex -0.848773 -34.5275 3.2
    endloop
  endfacet
  facet normal -0.320411 0.947279 0
    outer loop
      vertex -1.08588 -34.6077 3.2
      vertex -1.08588 -34.6077 4.4
      vertex -0.848773 -34.5275 4.4
    endloop
  endfacet
  facet normal -0.352061 0.935977 0
    outer loop
      vertex -1.31877 -34.6953 3.2
      vertex -1.08588 -34.6077 4.4
      vertex -1.08588 -34.6077 3.2
    endloop
  endfacet
  facet normal -0.352061 0.935977 0
    outer loop
      vertex -1.31877 -34.6953 3.2
      vertex -1.31877 -34.6953 4.4
      vertex -1.08588 -34.6077 4.4
    endloop
  endfacet
  facet normal -0.384184 0.923257 0
    outer loop
      vertex -1.54659 -34.7901 3.2
      vertex -1.31877 -34.6953 4.4
      vertex -1.31877 -34.6953 3.2
    endloop
  endfacet
  facet normal -0.384184 0.923257 0
    outer loop
      vertex -1.54659 -34.7901 3.2
      vertex -1.54659 -34.7901 4.4
      vertex -1.31877 -34.6953 4.4
    endloop
  endfacet
  facet normal -0.416625 0.909078 0
    outer loop
      vertex -1.7685 -34.8918 3.2
      vertex -1.54659 -34.7901 4.4
      vertex -1.54659 -34.7901 3.2
    endloop
  endfacet
  facet normal -0.416625 0.909078 0
    outer loop
      vertex -1.7685 -34.8918 3.2
      vertex -1.7685 -34.8918 4.4
      vertex -1.54659 -34.7901 4.4
    endloop
  endfacet
  facet normal -0.449918 0.89307 0
    outer loop
      vertex -1.98367 -35.0002 3.2
      vertex -1.7685 -34.8918 4.4
      vertex -1.7685 -34.8918 3.2
    endloop
  endfacet
  facet normal -0.449918 0.89307 0
    outer loop
      vertex -1.98367 -35.0002 3.2
      vertex -1.98367 -35.0002 4.4
      vertex -1.7685 -34.8918 4.4
    endloop
  endfacet
  facet normal -0.484265 0.874922 0
    outer loop
      vertex -2.19126 -35.1151 3.2
      vertex -1.98367 -35.0002 4.4
      vertex -1.98367 -35.0002 3.2
    endloop
  endfacet
  facet normal -0.484265 0.874922 0
    outer loop
      vertex -2.19126 -35.1151 3.2
      vertex -2.19126 -35.1151 4.4
      vertex -1.98367 -35.0002 4.4
    endloop
  endfacet
  facet normal -0.520173 0.854061 0
    outer loop
      vertex -2.39042 -35.2364 3.2
      vertex -2.19126 -35.1151 4.4
      vertex -2.19126 -35.1151 3.2
    endloop
  endfacet
  facet normal -0.520173 0.854061 0
    outer loop
      vertex -2.39042 -35.2364 3.2
      vertex -2.39042 -35.2364 4.4
      vertex -2.19126 -35.1151 4.4
    endloop
  endfacet
  facet normal -0.557442 0.830216 0
    outer loop
      vertex -2.58031 -35.3639 3.2
      vertex -2.39042 -35.2364 4.4
      vertex -2.39042 -35.2364 3.2
    endloop
  endfacet
  facet normal -0.557442 0.830216 0
    outer loop
      vertex -2.58031 -35.3639 3.2
      vertex -2.58031 -35.3639 4.4
      vertex -2.39042 -35.2364 4.4
    endloop
  endfacet
  facet normal -0.553393 0.83292 0
    outer loop
      vertex -2.67152 -35.4245 3.2
      vertex -2.58031 -35.3639 4.4
      vertex -2.58031 -35.3639 3.2
    endloop
  endfacet
  facet normal -0.553393 0.83292 0
    outer loop
      vertex -2.67152 -35.4245 3.2
      vertex -2.67152 -35.4245 4.4
      vertex -2.58031 -35.3639 4.4
    endloop
  endfacet
  facet normal -0.530028 0.84798 0
    outer loop
      vertex -2.80255 -35.5064 3.2
      vertex -2.67152 -35.4245 4.4
      vertex -2.67152 -35.4245 3.2
    endloop
  endfacet
  facet normal -0.530028 0.84798 0
    outer loop
      vertex -2.80255 -35.5064 3.2
      vertex -2.80255 -35.5064 4.4
      vertex -2.67152 -35.4245 4.4
    endloop
  endfacet
  facet normal -0.517582 0.855633 0
    outer loop
      vertex -2.96869 -35.6069 3.2
      vertex -2.80255 -35.5064 4.4
      vertex -2.80255 -35.5064 3.2
    endloop
  endfacet
  facet normal -0.517582 0.855633 0
    outer loop
      vertex -2.96869 -35.6069 3.2
      vertex -2.96869 -35.6069 4.4
      vertex -2.80255 -35.5064 4.4
    endloop
  endfacet
  facet normal -0.50962 0.8604 0
    outer loop
      vertex -3.16521 -35.7233 3.2
      vertex -2.96869 -35.6069 4.4
      vertex -2.96869 -35.6069 3.2
    endloop
  endfacet
  facet normal -0.50962 0.8604 0
    outer loop
      vertex -3.16521 -35.7233 3.2
      vertex -3.16521 -35.7233 4.4
      vertex -2.96869 -35.6069 4.4
    endloop
  endfacet
  facet normal -0.504402 0.863469 0
    outer loop
      vertex -3.38741 -35.8531 3.2
      vertex -3.16521 -35.7233 4.4
      vertex -3.16521 -35.7233 3.2
    endloop
  endfacet
  facet normal -0.504402 0.863469 0
    outer loop
      vertex -3.38741 -35.8531 3.2
      vertex -3.38741 -35.8531 4.4
      vertex -3.16521 -35.7233 4.4
    endloop
  endfacet
  facet normal -0.500596 0.865681 0
    outer loop
      vertex -3.63055 -35.9937 3.2
      vertex -3.38741 -35.8531 4.4
      vertex -3.38741 -35.8531 3.2
    endloop
  endfacet
  facet normal -0.500596 0.865681 0
    outer loop
      vertex -3.63055 -35.9937 3.2
      vertex -3.63055 -35.9937 4.4
      vertex -3.38741 -35.8531 4.4
    endloop
  endfacet
  facet normal -0.497104 0.867691 0
    outer loop
      vertex -3.88993 -36.1423 3.2
      vertex -3.63055 -35.9937 4.4
      vertex -3.63055 -35.9937 3.2
    endloop
  endfacet
  facet normal -0.497104 0.867691 0
    outer loop
      vertex -3.88993 -36.1423 3.2
      vertex -3.88993 -36.1423 4.4
      vertex -3.63055 -35.9937 4.4
    endloop
  endfacet
  facet normal -0.494202 0.869347 0
    outer loop
      vertex -4.16083 -36.2963 3.2
      vertex -3.88993 -36.1423 4.4
      vertex -3.88993 -36.1423 3.2
    endloop
  endfacet
  facet normal -0.494202 0.869347 0
    outer loop
      vertex -4.16083 -36.2963 3.2
      vertex -4.16083 -36.2963 4.4
      vertex -3.88993 -36.1423 4.4
    endloop
  endfacet
  facet normal -0.491913 0.870645 0
    outer loop
      vertex -4.43853 -36.4532 3.2
      vertex -4.16083 -36.2963 4.4
      vertex -4.16083 -36.2963 3.2
    endloop
  endfacet
  facet normal -0.491913 0.870645 0
    outer loop
      vertex -4.43853 -36.4532 3.2
      vertex -4.43853 -36.4532 4.4
      vertex -4.16083 -36.2963 4.4
    endloop
  endfacet
  facet normal -0.489594 0.871951 0
    outer loop
      vertex -4.71832 -36.6103 3.2
      vertex -4.43853 -36.4532 4.4
      vertex -4.43853 -36.4532 3.2
    endloop
  endfacet
  facet normal -0.489594 0.871951 0
    outer loop
      vertex -4.71832 -36.6103 3.2
      vertex -4.71832 -36.6103 4.4
      vertex -4.43853 -36.4532 4.4
    endloop
  endfacet
  facet normal -0.48714 0.873324 0
    outer loop
      vertex -4.99548 -36.7649 3.2
      vertex -4.71832 -36.6103 4.4
      vertex -4.71832 -36.6103 3.2
    endloop
  endfacet
  facet normal -0.48714 0.873324 0
    outer loop
      vertex -4.99548 -36.7649 3.2
      vertex -4.99548 -36.7649 4.4
      vertex -4.71832 -36.6103 4.4
    endloop
  endfacet
  facet normal -0.484431 0.874829 0
    outer loop
      vertex -5.26528 -36.9143 3.2
      vertex -4.99548 -36.7649 4.4
      vertex -4.99548 -36.7649 3.2
    endloop
  endfacet
  facet normal -0.484431 0.874829 0
    outer loop
      vertex -5.26528 -36.9143 3.2
      vertex -5.26528 -36.9143 4.4
      vertex -4.99548 -36.7649 4.4
    endloop
  endfacet
  facet normal -0.482031 0.876154 0
    outer loop
      vertex -5.52302 -37.0561 3.2
      vertex -5.26528 -36.9143 4.4
      vertex -5.26528 -36.9143 3.2
    endloop
  endfacet
  facet normal -0.482031 0.876154 0
    outer loop
      vertex -5.52302 -37.0561 3.2
      vertex -5.52302 -37.0561 4.4
      vertex -5.26528 -36.9143 4.4
    endloop
  endfacet
  facet normal -0.47876 0.877946 0
    outer loop
      vertex -5.76398 -37.1875 3.2
      vertex -5.52302 -37.0561 4.4
      vertex -5.52302 -37.0561 3.2
    endloop
  endfacet
  facet normal -0.47876 0.877946 0
    outer loop
      vertex -5.76398 -37.1875 3.2
      vertex -5.76398 -37.1875 4.4
      vertex -5.52302 -37.0561 4.4
    endloop
  endfacet
  facet normal -0.47514 0.87991 0
    outer loop
      vertex -5.98343 -37.306 3.2
      vertex -5.76398 -37.1875 4.4
      vertex -5.76398 -37.1875 3.2
    endloop
  endfacet
  facet normal -0.47514 0.87991 0
    outer loop
      vertex -5.98343 -37.306 3.2
      vertex -5.98343 -37.306 4.4
      vertex -5.76398 -37.1875 4.4
    endloop
  endfacet
  facet normal -0.469658 0.882848 0
    outer loop
      vertex -6.17667 -37.4088 3.2
      vertex -5.98343 -37.306 4.4
      vertex -5.98343 -37.306 3.2
    endloop
  endfacet
  facet normal -0.469658 0.882848 0
    outer loop
      vertex -6.17667 -37.4088 3.2
      vertex -6.17667 -37.4088 4.4
      vertex -5.98343 -37.306 4.4
    endloop
  endfacet
  facet normal -0.4618 0.886984 0
    outer loop
      vertex -6.33897 -37.4933 3.2
      vertex -6.17667 -37.4088 4.4
      vertex -6.17667 -37.4088 3.2
    endloop
  endfacet
  facet normal -0.4618 0.886984 0
    outer loop
      vertex -6.33897 -37.4933 3.2
      vertex -6.33897 -37.4933 4.4
      vertex -6.17667 -37.4088 4.4
    endloop
  endfacet
  facet normal -0.449357 0.893352 0
    outer loop
      vertex -6.46561 -37.557 3.2
      vertex -6.33897 -37.4933 4.4
      vertex -6.33897 -37.4933 3.2
    endloop
  endfacet
  facet normal -0.449357 0.893352 0
    outer loop
      vertex -6.46561 -37.557 3.2
      vertex -6.46561 -37.557 4.4
      vertex -6.33897 -37.4933 4.4
    endloop
  endfacet
  facet normal -0.421469 0.906843 0
    outer loop
      vertex -6.55189 -37.5971 3.2
      vertex -6.46561 -37.557 4.4
      vertex -6.46561 -37.557 3.2
    endloop
  endfacet
  facet normal -0.421469 0.906843 0
    outer loop
      vertex -6.55189 -37.5971 3.2
      vertex -6.55189 -37.5971 4.4
      vertex -6.46561 -37.557 4.4
    endloop
  endfacet
  facet normal -0.319745 0.947504 0
    outer loop
      vertex -6.59308 -37.611 3.2
      vertex -6.55189 -37.5971 4.4
      vertex -6.55189 -37.5971 3.2
    endloop
  endfacet
  facet normal -0.319745 0.947504 0
    outer loop
      vertex -6.59308 -37.611 3.2
      vertex -6.59308 -37.611 4.4
      vertex -6.55189 -37.5971 4.4
    endloop
  endfacet
  facet normal -0.21243 0.977176 0
    outer loop
      vertex -6.60228 -37.613 3.2
      vertex -6.59308 -37.611 4.4
      vertex -6.59308 -37.611 3.2
    endloop
  endfacet
  facet normal -0.21243 0.977176 0
    outer loop
      vertex -6.60228 -37.613 3.2
      vertex -6.60228 -37.613 4.4
      vertex -6.59308 -37.611 4.4
    endloop
  endfacet
  facet normal -0.329799 0.944051 0
    outer loop
      vertex -6.61831 -37.6186 3.2
      vertex -6.60228 -37.613 4.4
      vertex -6.60228 -37.613 3.2
    endloop
  endfacet
  facet normal -0.329799 0.944051 0
    outer loop
      vertex -6.61831 -37.6186 3.2
      vertex -6.61831 -37.6186 4.4
      vertex -6.60228 -37.613 4.4
    endloop
  endfacet
  facet normal -0.377753 0.925906 0
    outer loop
      vertex -6.64086 -37.6278 3.2
      vertex -6.61831 -37.6186 4.4
      vertex -6.61831 -37.6186 3.2
    endloop
  endfacet
  facet normal -0.377753 0.925906 0
    outer loop
      vertex -6.64086 -37.6278 3.2
      vertex -6.64086 -37.6278 4.4
      vertex -6.61831 -37.6186 4.4
    endloop
  endfacet
  facet normal -0.403484 0.914987 0
    outer loop
      vertex -6.66966 -37.6405 3.2
      vertex -6.64086 -37.6278 4.4
      vertex -6.64086 -37.6278 3.2
    endloop
  endfacet
  facet normal -0.403484 0.914987 0
    outer loop
      vertex -6.66966 -37.6405 3.2
      vertex -6.66966 -37.6405 4.4
      vertex -6.64086 -37.6278 4.4
    endloop
  endfacet
  facet normal -0.416168 0.909288 0
    outer loop
      vertex -6.7044 -37.6564 3.2
      vertex -6.66966 -37.6405 4.4
      vertex -6.66966 -37.6405 3.2
    endloop
  endfacet
  facet normal -0.416168 0.909288 0
    outer loop
      vertex -6.7044 -37.6564 3.2
      vertex -6.7044 -37.6564 4.4
      vertex -6.66966 -37.6405 4.4
    endloop
  endfacet
  facet normal -0.425581 0.90492 0
    outer loop
      vertex -6.7448 -37.6754 3.2
      vertex -6.7044 -37.6564 4.4
      vertex -6.7044 -37.6564 3.2
    endloop
  endfacet
  facet normal -0.425581 0.90492 0
    outer loop
      vertex -6.7448 -37.6754 3.2
      vertex -6.7448 -37.6754 4.4
      vertex -6.7044 -37.6564 4.4
    endloop
  endfacet
  facet normal -0.431693 0.902021 0
    outer loop
      vertex -6.79056 -37.6973 3.2
      vertex -6.7448 -37.6754 4.4
      vertex -6.7448 -37.6754 3.2
    endloop
  endfacet
  facet normal -0.431693 0.902021 0
    outer loop
      vertex -6.79056 -37.6973 3.2
      vertex -6.79056 -37.6973 4.4
      vertex -6.7448 -37.6754 4.4
    endloop
  endfacet
  facet normal -0.436994 0.899464 0
    outer loop
      vertex -6.8414 -37.722 3.2
      vertex -6.79056 -37.6973 4.4
      vertex -6.79056 -37.6973 3.2
    endloop
  endfacet
  facet normal -0.436994 0.899464 0
    outer loop
      vertex -6.8414 -37.722 3.2
      vertex -6.8414 -37.722 4.4
      vertex -6.79056 -37.6973 4.4
    endloop
  endfacet
  facet normal -0.440616 0.897695 0
    outer loop
      vertex -6.89702 -37.7493 3.2
      vertex -6.8414 -37.722 4.4
      vertex -6.8414 -37.722 3.2
    endloop
  endfacet
  facet normal -0.440616 0.897695 0
    outer loop
      vertex -6.89702 -37.7493 3.2
      vertex -6.89702 -37.7493 4.4
      vertex -6.8414 -37.722 4.4
    endloop
  endfacet
  facet normal -0.442973 0.896535 0
    outer loop
      vertex -6.95713 -37.779 3.2
      vertex -6.89702 -37.7493 4.4
      vertex -6.89702 -37.7493 3.2
    endloop
  endfacet
  facet normal -0.442973 0.896535 0
    outer loop
      vertex -6.95713 -37.779 3.2
      vertex -6.95713 -37.779 4.4
      vertex -6.89702 -37.7493 4.4
    endloop
  endfacet
  facet normal -0.445542 0.895261 0
    outer loop
      vertex -7.02143 -37.811 3.2
      vertex -6.95713 -37.779 4.4
      vertex -6.95713 -37.779 3.2
    endloop
  endfacet
  facet normal -0.445542 0.895261 0
    outer loop
      vertex -7.02143 -37.811 3.2
      vertex -7.02143 -37.811 4.4
      vertex -6.95713 -37.779 4.4
    endloop
  endfacet
  facet normal -0.448209 0.893929 0
    outer loop
      vertex -7.08964 -37.8452 3.2
      vertex -7.02143 -37.811 4.4
      vertex -7.02143 -37.811 3.2
    endloop
  endfacet
  facet normal -0.448209 0.893929 0
    outer loop
      vertex -7.08964 -37.8452 3.2
      vertex -7.08964 -37.8452 4.4
      vertex -7.02143 -37.811 4.4
    endloop
  endfacet
  facet normal -0.449054 0.893505 0
    outer loop
      vertex -7.16147 -37.8813 3.2
      vertex -7.08964 -37.8452 4.4
      vertex -7.08964 -37.8452 3.2
    endloop
  endfacet
  facet normal -0.449054 0.893505 0
    outer loop
      vertex -7.16147 -37.8813 3.2
      vertex -7.16147 -37.8813 4.4
      vertex -7.08964 -37.8452 4.4
    endloop
  endfacet
  facet normal -0.4503 0.892877 0
    outer loop
      vertex -7.23662 -37.9192 3.2
      vertex -7.16147 -37.8813 4.4
      vertex -7.16147 -37.8813 3.2
    endloop
  endfacet
  facet normal -0.4503 0.892877 0
    outer loop
      vertex -7.23662 -37.9192 3.2
      vertex -7.23662 -37.9192 4.4
      vertex -7.16147 -37.8813 4.4
    endloop
  endfacet
  facet normal -0.451909 0.892064 0
    outer loop
      vertex -7.31479 -37.9588 3.2
      vertex -7.23662 -37.9192 4.4
      vertex -7.23662 -37.9192 3.2
    endloop
  endfacet
  facet normal -0.451909 0.892064 0
    outer loop
      vertex -7.31479 -37.9588 3.2
      vertex -7.31479 -37.9588 4.4
      vertex -7.23662 -37.9192 4.4
    endloop
  endfacet
  facet normal -0.452846 0.891589 0
    outer loop
      vertex -7.39571 -37.9999 3.2
      vertex -7.31479 -37.9588 4.4
      vertex -7.31479 -37.9588 3.2
    endloop
  endfacet
  facet normal -0.452846 0.891589 0
    outer loop
      vertex -7.39571 -37.9999 3.2
      vertex -7.39571 -37.9999 4.4
      vertex -7.31479 -37.9588 4.4
    endloop
  endfacet
  facet normal -0.452469 0.89178 0
    outer loop
      vertex -7.47908 -38.0422 3.2
      vertex -7.39571 -37.9999 4.4
      vertex -7.39571 -37.9999 3.2
    endloop
  endfacet
  facet normal -0.452469 0.89178 0
    outer loop
      vertex -7.47908 -38.0422 3.2
      vertex -7.47908 -38.0422 4.4
      vertex -7.39571 -37.9999 4.4
    endloop
  endfacet
  facet normal -0.4542 0.8909 0
    outer loop
      vertex -7.5646 -38.0858 3.2
      vertex -7.47908 -38.0422 4.4
      vertex -7.47908 -38.0422 3.2
    endloop
  endfacet
  facet normal -0.4542 0.8909 0
    outer loop
      vertex -7.5646 -38.0858 3.2
      vertex -7.5646 -38.0858 4.4
      vertex -7.47908 -38.0422 4.4
    endloop
  endfacet
  facet normal -0.453768 0.89112 0
    outer loop
      vertex -7.65199 -38.1303 3.2
      vertex -7.5646 -38.0858 4.4
      vertex -7.5646 -38.0858 3.2
    endloop
  endfacet
  facet normal -0.453768 0.89112 0
    outer loop
      vertex -7.65199 -38.1303 3.2
      vertex -7.65199 -38.1303 4.4
      vertex -7.5646 -38.0858 4.4
    endloop
  endfacet
  facet normal -0.454608 0.890692 0
    outer loop
      vertex -7.74094 -38.1757 3.2
      vertex -7.65199 -38.1303 4.4
      vertex -7.65199 -38.1303 3.2
    endloop
  endfacet
  facet normal -0.454608 0.890692 0
    outer loop
      vertex -7.74094 -38.1757 3.2
      vertex -7.74094 -38.1757 4.4
      vertex -7.65199 -38.1303 4.4
    endloop
  endfacet
  facet normal -0.468036 0.88371 0
    outer loop
      vertex -7.83157 -38.2237 3.2
      vertex -7.74094 -38.1757 4.4
      vertex -7.74094 -38.1757 3.2
    endloop
  endfacet
  facet normal -0.468036 0.88371 0
    outer loop
      vertex -7.83157 -38.2237 3.2
      vertex -7.83157 -38.2237 4.4
      vertex -7.74094 -38.1757 4.4
    endloop
  endfacet
  facet normal -0.459614 0.888119 0
    outer loop
      vertex -7.92664 -38.2729 3.2
      vertex -7.83157 -38.2237 4.4
      vertex -7.83157 -38.2237 3.2
    endloop
  endfacet
  facet normal -0.459614 0.888119 0
    outer loop
      vertex -7.92664 -38.2729 3.2
      vertex -7.92664 -38.2729 4.4
      vertex -7.83157 -38.2237 4.4
    endloop
  endfacet
  facet normal -0.451607 0.892217 0
    outer loop
      vertex -8.02562 -38.323 3.2
      vertex -7.92664 -38.2729 4.4
      vertex -7.92664 -38.2729 3.2
    endloop
  endfacet
  facet normal -0.451607 0.892217 0
    outer loop
      vertex -8.02562 -38.323 3.2
      vertex -8.02562 -38.323 4.4
      vertex -7.92664 -38.2729 4.4
    endloop
  endfacet
  facet normal -0.444516 0.895771 0
    outer loop
      vertex -8.12799 -38.3738 3.2
      vertex -8.02562 -38.323 4.4
      vertex -8.02562 -38.323 3.2
    endloop
  endfacet
  facet normal -0.444516 0.895771 0
    outer loop
      vertex -8.12799 -38.3738 3.2
      vertex -8.12799 -38.3738 4.4
      vertex -8.02562 -38.323 4.4
    endloop
  endfacet
  facet normal -0.437582 0.899179 0
    outer loop
      vertex -8.2332 -38.425 3.2
      vertex -8.12799 -38.3738 4.4
      vertex -8.12799 -38.3738 3.2
    endloop
  endfacet
  facet normal -0.437582 0.899179 0
    outer loop
      vertex -8.2332 -38.425 3.2
      vertex -8.2332 -38.425 4.4
      vertex -8.12799 -38.3738 4.4
    endloop
  endfacet
  facet normal -0.431301 0.902208 0
    outer loop
      vertex -8.34072 -38.4764 3.2
      vertex -8.2332 -38.425 4.4
      vertex -8.2332 -38.425 3.2
    endloop
  endfacet
  facet normal -0.431301 0.902208 0
    outer loop
      vertex -8.34072 -38.4764 3.2
      vertex -8.34072 -38.4764 4.4
      vertex -8.2332 -38.425 4.4
    endloop
  endfacet
  facet normal -0.425526 0.904946 0
    outer loop
      vertex -8.45003 -38.5278 3.2
      vertex -8.34072 -38.4764 4.4
      vertex -8.34072 -38.4764 3.2
    endloop
  endfacet
  facet normal -0.425526 0.904946 0
    outer loop
      vertex -8.45003 -38.5278 3.2
      vertex -8.45003 -38.5278 4.4
      vertex -8.34072 -38.4764 4.4
    endloop
  endfacet
  facet normal -0.41961 0.907704 0
    outer loop
      vertex -8.56057 -38.5789 3.2
      vertex -8.45003 -38.5278 4.4
      vertex -8.45003 -38.5278 3.2
    endloop
  endfacet
  facet normal -0.41961 0.907704 0
    outer loop
      vertex -8.56057 -38.5789 3.2
      vertex -8.56057 -38.5789 4.4
      vertex -8.45003 -38.5278 4.4
    endloop
  endfacet
  facet normal -0.414665 0.909974 0
    outer loop
      vertex -8.67183 -38.6296 3.2
      vertex -8.56057 -38.5789 4.4
      vertex -8.56057 -38.5789 3.2
    endloop
  endfacet
  facet normal -0.414665 0.909974 0
    outer loop
      vertex -8.67183 -38.6296 3.2
      vertex -8.67183 -38.6296 4.4
      vertex -8.56057 -38.5789 4.4
    endloop
  endfacet
  facet normal -0.409357 0.912374 0
    outer loop
      vertex -8.78327 -38.6796 3.2
      vertex -8.67183 -38.6296 4.4
      vertex -8.67183 -38.6296 3.2
    endloop
  endfacet
  facet normal -0.409357 0.912374 0
    outer loop
      vertex -8.78327 -38.6796 3.2
      vertex -8.78327 -38.6796 4.4
      vertex -8.67183 -38.6296 4.4
    endloop
  endfacet
  facet normal -0.40363 0.914922 0
    outer loop
      vertex -8.89434 -38.7286 3.2
      vertex -8.78327 -38.6796 4.4
      vertex -8.78327 -38.6796 3.2
    endloop
  endfacet
  facet normal -0.40363 0.914922 0
    outer loop
      vertex -8.89434 -38.7286 3.2
      vertex -8.89434 -38.7286 4.4
      vertex -8.78327 -38.6796 4.4
    endloop
  endfacet
  facet normal -0.398635 0.91711 0
    outer loop
      vertex -9.00454 -38.7765 3.2
      vertex -8.89434 -38.7286 4.4
      vertex -8.89434 -38.7286 3.2
    endloop
  endfacet
  facet normal -0.398635 0.91711 0
    outer loop
      vertex -9.00454 -38.7765 3.2
      vertex -9.00454 -38.7765 4.4
      vertex -8.89434 -38.7286 4.4
    endloop
  endfacet
  facet normal -0.393093 0.919499 0
    outer loop
      vertex -9.11331 -38.823 3.2
      vertex -9.00454 -38.7765 4.4
      vertex -9.00454 -38.7765 3.2
    endloop
  endfacet
  facet normal -0.393093 0.919499 0
    outer loop
      vertex -9.11331 -38.823 3.2
      vertex -9.11331 -38.823 4.4
      vertex -9.00454 -38.7765 4.4
    endloop
  endfacet
  facet normal -0.387524 0.921859 0
    outer loop
      vertex -9.22012 -38.8679 3.2
      vertex -9.11331 -38.823 4.4
      vertex -9.11331 -38.823 3.2
    endloop
  endfacet
  facet normal -0.387524 0.921859 0
    outer loop
      vertex -9.22012 -38.8679 3.2
      vertex -9.22012 -38.8679 4.4
      vertex -9.11331 -38.823 4.4
    endloop
  endfacet
  facet normal -0.381089 0.924539 0
    outer loop
      vertex -9.32444 -38.9109 3.2
      vertex -9.22012 -38.8679 4.4
      vertex -9.22012 -38.8679 3.2
    endloop
  endfacet
  facet normal -0.381089 0.924539 0
    outer loop
      vertex -9.32444 -38.9109 3.2
      vertex -9.32444 -38.9109 4.4
      vertex -9.22012 -38.8679 4.4
    endloop
  endfacet
  facet normal -0.375174 0.926954 0
    outer loop
      vertex -9.42574 -38.9519 3.2
      vertex -9.32444 -38.9109 4.4
      vertex -9.32444 -38.9109 3.2
    endloop
  endfacet
  facet normal -0.375174 0.926954 0
    outer loop
      vertex -9.42574 -38.9519 3.2
      vertex -9.42574 -38.9519 4.4
      vertex -9.32444 -38.9109 4.4
    endloop
  endfacet
  facet normal -0.367318 0.930095 0
    outer loop
      vertex -9.52348 -38.9905 3.2
      vertex -9.42574 -38.9519 4.4
      vertex -9.42574 -38.9519 3.2
    endloop
  endfacet
  facet normal -0.367318 0.930095 0
    outer loop
      vertex -9.52348 -38.9905 3.2
      vertex -9.52348 -38.9905 4.4
      vertex -9.42574 -38.9519 4.4
    endloop
  endfacet
  facet normal -0.359713 0.933063 0
    outer loop
      vertex -9.61712 -39.0266 3.2
      vertex -9.52348 -38.9905 4.4
      vertex -9.52348 -38.9905 3.2
    endloop
  endfacet
  facet normal -0.359713 0.933063 0
    outer loop
      vertex -9.61712 -39.0266 3.2
      vertex -9.61712 -39.0266 4.4
      vertex -9.52348 -38.9905 4.4
    endloop
  endfacet
  facet normal -0.35125 0.936282 0
    outer loop
      vertex -9.70615 -39.06 3.2
      vertex -9.61712 -39.0266 4.4
      vertex -9.61712 -39.0266 3.2
    endloop
  endfacet
  facet normal -0.35125 0.936282 0
    outer loop
      vertex -9.70615 -39.06 3.2
      vertex -9.70615 -39.06 4.4
      vertex -9.61712 -39.0266 4.4
    endloop
  endfacet
  facet normal -0.339779 0.940505 0
    outer loop
      vertex -9.79002 -39.0903 3.2
      vertex -9.70615 -39.06 4.4
      vertex -9.70615 -39.06 3.2
    endloop
  endfacet
  facet normal -0.339779 0.940505 0
    outer loop
      vertex -9.79002 -39.0903 3.2
      vertex -9.79002 -39.0903 4.4
      vertex -9.70615 -39.06 4.4
    endloop
  endfacet
  facet normal -0.3463 0.938124 0
    outer loop
      vertex -9.96475 -39.1548 3.2
      vertex -9.79002 -39.0903 4.4
      vertex -9.79002 -39.0903 3.2
    endloop
  endfacet
  facet normal -0.3463 0.938124 0
    outer loop
      vertex -9.96475 -39.1548 3.2
      vertex -9.96475 -39.1548 4.4
      vertex -9.79002 -39.0903 4.4
    endloop
  endfacet
  facet normal -0.362978 0.931798 0
    outer loop
      vertex -10.1465 -39.2256 3.2
      vertex -9.96475 -39.1548 4.4
      vertex -9.96475 -39.1548 3.2
    endloop
  endfacet
  facet normal -0.362978 0.931798 0
    outer loop
      vertex -10.1465 -39.2256 3.2
      vertex -10.1465 -39.2256 4.4
      vertex -9.96475 -39.1548 4.4
    endloop
  endfacet
  facet normal -0.378018 0.925798 0
    outer loop
      vertex -10.3341 -39.3022 3.2
      vertex -10.1465 -39.2256 4.4
      vertex -10.1465 -39.2256 3.2
    endloop
  endfacet
  facet normal -0.378018 0.925798 0
    outer loop
      vertex -10.3341 -39.3022 3.2
      vertex -10.3341 -39.3022 4.4
      vertex -10.1465 -39.2256 4.4
    endloop
  endfacet
  facet normal -0.391313 0.920258 0
    outer loop
      vertex -10.526 -39.3838 3.2
      vertex -10.3341 -39.3022 4.4
      vertex -10.3341 -39.3022 3.2
    endloop
  endfacet
  facet normal -0.391313 0.920258 0
    outer loop
      vertex -10.526 -39.3838 3.2
      vertex -10.526 -39.3838 4.4
      vertex -10.3341 -39.3022 4.4
    endloop
  endfacet
  facet normal -0.403132 0.915142 0
    outer loop
      vertex -10.721 -39.4697 3.2
      vertex -10.526 -39.3838 4.4
      vertex -10.526 -39.3838 3.2
    endloop
  endfacet
  facet normal -0.403132 0.915142 0
    outer loop
      vertex -10.721 -39.4697 3.2
      vertex -10.721 -39.4697 4.4
      vertex -10.526 -39.3838 4.4
    endloop
  endfacet
  facet normal -0.41436 0.910113 0
    outer loop
      vertex -10.9178 -39.5593 3.2
      vertex -10.721 -39.4697 4.4
      vertex -10.721 -39.4697 3.2
    endloop
  endfacet
  facet normal -0.41436 0.910113 0
    outer loop
      vertex -10.9178 -39.5593 3.2
      vertex -10.9178 -39.5593 4.4
      vertex -10.721 -39.4697 4.4
    endloop
  endfacet
  facet normal -0.424846 0.905266 0
    outer loop
      vertex -11.1149 -39.6518 3.2
      vertex -10.9178 -39.5593 4.4
      vertex -10.9178 -39.5593 3.2
    endloop
  endfacet
  facet normal -0.424846 0.905266 0
    outer loop
      vertex -11.1149 -39.6518 3.2
      vertex -11.1149 -39.6518 4.4
      vertex -10.9178 -39.5593 4.4
    endloop
  endfacet
  facet normal -0.434877 0.90049 0
    outer loop
      vertex -11.3112 -39.7466 3.2
      vertex -11.1149 -39.6518 4.4
      vertex -11.1149 -39.6518 3.2
    endloop
  endfacet
  facet normal -0.434877 0.90049 0
    outer loop
      vertex -11.3112 -39.7466 3.2
      vertex -11.3112 -39.7466 4.4
      vertex -11.1149 -39.6518 4.4
    endloop
  endfacet
  facet normal -0.444626 0.895716 0
    outer loop
      vertex -11.5052 -39.8429 3.2
      vertex -11.3112 -39.7466 4.4
      vertex -11.3112 -39.7466 3.2
    endloop
  endfacet
  facet normal -0.444626 0.895716 0
    outer loop
      vertex -11.5052 -39.8429 3.2
      vertex -11.5052 -39.8429 4.4
      vertex -11.3112 -39.7466 4.4
    endloop
  endfacet
  facet normal -0.454682 0.890654 0
    outer loop
      vertex -11.6956 -39.9401 3.2
      vertex -11.5052 -39.8429 4.4
      vertex -11.5052 -39.8429 3.2
    endloop
  endfacet
  facet normal -0.454682 0.890654 0
    outer loop
      vertex -11.6956 -39.9401 3.2
      vertex -11.6956 -39.9401 4.4
      vertex -11.5052 -39.8429 4.4
    endloop
  endfacet
  facet normal -0.464881 0.885373 0
    outer loop
      vertex -11.8811 -40.0375 3.2
      vertex -11.6956 -39.9401 4.4
      vertex -11.6956 -39.9401 3.2
    endloop
  endfacet
  facet normal -0.464881 0.885373 0
    outer loop
      vertex -11.8811 -40.0375 3.2
      vertex -11.8811 -40.0375 4.4
      vertex -11.6956 -39.9401 4.4
    endloop
  endfacet
  facet normal -0.475065 0.879951 0
    outer loop
      vertex -12.0604 -40.1343 3.2
      vertex -11.8811 -40.0375 4.4
      vertex -11.8811 -40.0375 3.2
    endloop
  endfacet
  facet normal -0.475065 0.879951 0
    outer loop
      vertex -12.0604 -40.1343 3.2
      vertex -12.0604 -40.1343 4.4
      vertex -11.8811 -40.0375 4.4
    endloop
  endfacet
  facet normal -0.486464 0.873701 0
    outer loop
      vertex -12.2321 -40.2299 3.2
      vertex -12.0604 -40.1343 4.4
      vertex -12.0604 -40.1343 3.2
    endloop
  endfacet
  facet normal -0.486464 0.873701 0
    outer loop
      vertex -12.2321 -40.2299 3.2
      vertex -12.2321 -40.2299 4.4
      vertex -12.0604 -40.1343 4.4
    endloop
  endfacet
  facet normal -0.498831 0.866699 0
    outer loop
      vertex -12.3949 -40.3236 3.2
      vertex -12.2321 -40.2299 4.4
      vertex -12.2321 -40.2299 3.2
    endloop
  endfacet
  facet normal -0.498831 0.866699 0
    outer loop
      vertex -12.3949 -40.3236 3.2
      vertex -12.3949 -40.3236 4.4
      vertex -12.2321 -40.2299 4.4
    endloop
  endfacet
  facet normal -0.512591 0.858633 0
    outer loop
      vertex -12.5475 -40.4147 3.2
      vertex -12.3949 -40.3236 4.4
      vertex -12.3949 -40.3236 3.2
    endloop
  endfacet
  facet normal -0.512591 0.858633 0
    outer loop
      vertex -12.5475 -40.4147 3.2
      vertex -12.5475 -40.4147 4.4
      vertex -12.3949 -40.3236 4.4
    endloop
  endfacet
  facet normal -0.528591 0.848877 0
    outer loop
      vertex -12.6885 -40.5025 3.2
      vertex -12.5475 -40.4147 4.4
      vertex -12.5475 -40.4147 3.2
    endloop
  endfacet
  facet normal -0.528591 0.848877 0
    outer loop
      vertex -12.6885 -40.5025 3.2
      vertex -12.6885 -40.5025 4.4
      vertex -12.5475 -40.4147 4.4
    endloop
  endfacet
  facet normal -0.547443 0.836843 0
    outer loop
      vertex -12.8166 -40.5863 3.2
      vertex -12.6885 -40.5025 4.4
      vertex -12.6885 -40.5025 3.2
    endloop
  endfacet
  facet normal -0.547443 0.836843 0
    outer loop
      vertex -12.8166 -40.5863 3.2
      vertex -12.8166 -40.5863 4.4
      vertex -12.6885 -40.5025 4.4
    endloop
  endfacet
  facet normal -0.570409 0.821361 0
    outer loop
      vertex -12.9305 -40.6654 3.2
      vertex -12.8166 -40.5863 4.4
      vertex -12.8166 -40.5863 3.2
    endloop
  endfacet
  facet normal -0.570409 0.821361 0
    outer loop
      vertex -12.9305 -40.6654 3.2
      vertex -12.9305 -40.6654 4.4
      vertex -12.8166 -40.5863 4.4
    endloop
  endfacet
  facet normal -0.59987 0.800098 0
    outer loop
      vertex -13.0288 -40.7391 3.2
      vertex -12.9305 -40.6654 4.4
      vertex -12.9305 -40.6654 3.2
    endloop
  endfacet
  facet normal -0.59987 0.800098 0
    outer loop
      vertex -13.0288 -40.7391 3.2
      vertex -13.0288 -40.7391 4.4
      vertex -12.9305 -40.6654 4.4
    endloop
  endfacet
  facet normal -0.638977 0.769226 0
    outer loop
      vertex -13.1103 -40.8068 3.2
      vertex -13.0288 -40.7391 4.4
      vertex -13.0288 -40.7391 3.2
    endloop
  endfacet
  facet normal -0.638977 0.769226 0
    outer loop
      vertex -13.1103 -40.8068 3.2
      vertex -13.1103 -40.8068 4.4
      vertex -13.0288 -40.7391 4.4
    endloop
  endfacet
  facet normal -0.703421 0.710774 0
    outer loop
      vertex -13.1393 -40.8355 3.2
      vertex -13.1103 -40.8068 4.4
      vertex -13.1103 -40.8068 3.2
    endloop
  endfacet
  facet normal -0.703421 0.710774 0
    outer loop
      vertex -13.1393 -40.8355 3.2
      vertex -13.1393 -40.8355 4.4
      vertex -13.1103 -40.8068 4.4
    endloop
  endfacet
  facet normal -0.729537 0.683941 0
    outer loop
      vertex -13.1693 -40.8675 3.2
      vertex -13.1393 -40.8355 4.4
      vertex -13.1393 -40.8355 3.2
    endloop
  endfacet
  facet normal -0.729537 0.683941 0
    outer loop
      vertex -13.1693 -40.8675 3.2
      vertex -13.1693 -40.8675 4.4
      vertex -13.1393 -40.8355 4.4
    endloop
  endfacet
  facet normal -0.748832 0.66276 0
    outer loop
      vertex -13.2001 -40.9023 3.2
      vertex -13.1693 -40.8675 4.4
      vertex -13.1693 -40.8675 3.2
    endloop
  endfacet
  facet normal -0.748832 0.66276 0
    outer loop
      vertex -13.2001 -40.9023 3.2
      vertex -13.2001 -40.9023 4.4
      vertex -13.1693 -40.8675 4.4
    endloop
  endfacet
  facet normal -0.766548 0.642187 0
    outer loop
      vertex -13.2316 -40.9399 3.2
      vertex -13.2001 -40.9023 4.4
      vertex -13.2001 -40.9023 3.2
    endloop
  endfacet
  facet normal -0.766548 0.642187 0
    outer loop
      vertex -13.2316 -40.9399 3.2
      vertex -13.2316 -40.9399 4.4
      vertex -13.2001 -40.9023 4.4
    endloop
  endfacet
  facet normal -0.780679 0.624932 0
    outer loop
      vertex -13.2637 -40.98 3.2
      vertex -13.2316 -40.9399 4.4
      vertex -13.2316 -40.9399 3.2
    endloop
  endfacet
  facet normal -0.780679 0.624932 0
    outer loop
      vertex -13.2637 -40.98 3.2
      vertex -13.2637 -40.98 4.4
      vertex -13.2316 -40.9399 4.4
    endloop
  endfacet
  facet normal -0.794571 0.607172 0
    outer loop
      vertex -13.2961 -41.0224 3.2
      vertex -13.2637 -40.98 4.4
      vertex -13.2637 -40.98 3.2
    endloop
  endfacet
  facet normal -0.794571 0.607172 0
    outer loop
      vertex -13.2961 -41.0224 3.2
      vertex -13.2961 -41.0224 4.4
      vertex -13.2637 -40.98 4.4
    endloop
  endfacet
  facet normal -0.805829 0.592148 0
    outer loop
      vertex -13.3288 -41.0669 3.2
      vertex -13.2961 -41.0224 4.4
      vertex -13.2961 -41.0224 3.2
    endloop
  endfacet
  facet normal -0.805829 0.592148 0
    outer loop
      vertex -13.3288 -41.0669 3.2
      vertex -13.3288 -41.0669 4.4
      vertex -13.2961 -41.0224 4.4
    endloop
  endfacet
  facet normal -0.81599 0.578066 0
    outer loop
      vertex -13.3616 -41.1132 3.2
      vertex -13.3288 -41.0669 4.4
      vertex -13.3288 -41.0669 3.2
    endloop
  endfacet
  facet normal -0.81599 0.578066 0
    outer loop
      vertex -13.3616 -41.1132 3.2
      vertex -13.3616 -41.1132 4.4
      vertex -13.3288 -41.0669 4.4
    endloop
  endfacet
  facet normal -0.825096 0.564993 0
    outer loop
      vertex -13.3944 -41.1611 3.2
      vertex -13.3616 -41.1132 4.4
      vertex -13.3616 -41.1132 3.2
    endloop
  endfacet
  facet normal -0.825096 0.564993 0
    outer loop
      vertex -13.3944 -41.1611 3.2
      vertex -13.3944 -41.1611 4.4
      vertex -13.3616 -41.1132 4.4
    endloop
  endfacet
  facet normal -0.835417 0.549617 0
    outer loop
      vertex -13.4269 -41.2105 3.2
      vertex -13.3944 -41.1611 4.4
      vertex -13.3944 -41.1611 3.2
    endloop
  endfacet
  facet normal -0.835417 0.549617 0
    outer loop
      vertex -13.4269 -41.2105 3.2
      vertex -13.4269 -41.2105 4.4
      vertex -13.3944 -41.1611 4.4
    endloop
  endfacet
  facet normal -0.84318 0.537632 0
    outer loop
      vertex -13.4591 -41.261 3.2
      vertex -13.4269 -41.2105 4.4
      vertex -13.4269 -41.2105 3.2
    endloop
  endfacet
  facet normal -0.84318 0.537632 0
    outer loop
      vertex -13.4591 -41.261 3.2
      vertex -13.4591 -41.261 4.4
      vertex -13.4269 -41.2105 4.4
    endloop
  endfacet
  facet normal -0.852339 0.522989 0
    outer loop
      vertex -13.4907 -41.3125 3.2
      vertex -13.4591 -41.261 4.4
      vertex -13.4591 -41.261 3.2
    endloop
  endfacet
  facet normal -0.852339 0.522989 0
    outer loop
      vertex -13.4907 -41.3125 3.2
      vertex -13.4907 -41.3125 4.4
      vertex -13.4591 -41.261 4.4
    endloop
  endfacet
  facet normal -0.85981 0.510615 0
    outer loop
      vertex -13.5217 -41.3647 3.2
      vertex -13.4907 -41.3125 4.4
      vertex -13.4907 -41.3125 3.2
    endloop
  endfacet
  facet normal -0.85981 0.510615 0
    outer loop
      vertex -13.5217 -41.3647 3.2
      vertex -13.5217 -41.3647 4.4
      vertex -13.4907 -41.3125 4.4
    endloop
  endfacet
  facet normal -0.868041 0.496493 0
    outer loop
      vertex -13.5519 -41.4175 3.2
      vertex -13.5217 -41.3647 4.4
      vertex -13.5217 -41.3647 3.2
    endloop
  endfacet
  facet normal -0.868041 0.496493 0
    outer loop
      vertex -13.5519 -41.4175 3.2
      vertex -13.5519 -41.4175 4.4
      vertex -13.5217 -41.3647 4.4
    endloop
  endfacet
  facet normal -0.875554 0.483121 0
    outer loop
      vertex -13.5812 -41.4706 3.2
      vertex -13.5519 -41.4175 4.4
      vertex -13.5519 -41.4175 3.2
    endloop
  endfacet
  facet normal -0.875554 0.483121 0
    outer loop
      vertex -13.5812 -41.4706 3.2
      vertex -13.5812 -41.4706 4.4
      vertex -13.5519 -41.4175 4.4
    endloop
  endfacet
  facet normal -0.883869 0.467735 0
    outer loop
      vertex -13.6093 -41.5237 3.2
      vertex -13.5812 -41.4706 4.4
      vertex -13.5812 -41.4706 3.2
    endloop
  endfacet
  facet normal -0.883869 0.467735 0
    outer loop
      vertex -13.6093 -41.5237 3.2
      vertex -13.6093 -41.5237 4.4
      vertex -13.5812 -41.4706 4.4
    endloop
  endfacet
  facet normal -0.891719 0.452589 0
    outer loop
      vertex -13.6362 -41.5767 3.2
      vertex -13.6093 -41.5237 4.4
      vertex -13.6093 -41.5237 3.2
    endloop
  endfacet
  facet normal -0.891719 0.452589 0
    outer loop
      vertex -13.6362 -41.5767 3.2
      vertex -13.6362 -41.5767 4.4
      vertex -13.6093 -41.5237 4.4
    endloop
  endfacet
  facet normal -0.900159 0.435561 0
    outer loop
      vertex -13.6617 -41.6294 3.2
      vertex -13.6362 -41.5767 4.4
      vertex -13.6362 -41.5767 3.2
    endloop
  endfacet
  facet normal -0.900159 0.435561 0
    outer loop
      vertex -13.6617 -41.6294 3.2
      vertex -13.6617 -41.6294 4.4
      vertex -13.6362 -41.5767 4.4
    endloop
  endfacet
  facet normal -0.908265 0.418395 0
    outer loop
      vertex -13.6857 -41.6815 3.2
      vertex -13.6617 -41.6294 4.4
      vertex -13.6617 -41.6294 3.2
    endloop
  endfacet
  facet normal -0.908265 0.418395 0
    outer loop
      vertex -13.6857 -41.6815 3.2
      vertex -13.6857 -41.6815 4.4
      vertex -13.6617 -41.6294 4.4
    endloop
  endfacet
  facet normal -0.917468 0.397809 0
    outer loop
      vertex -13.7079 -41.7327 3.2
      vertex -13.6857 -41.6815 4.4
      vertex -13.6857 -41.6815 3.2
    endloop
  endfacet
  facet normal -0.917468 0.397809 0
    outer loop
      vertex -13.7079 -41.7327 3.2
      vertex -13.7079 -41.7327 4.4
      vertex -13.6857 -41.6815 4.4
    endloop
  endfacet
  facet normal -0.915025 0.403398 0
    outer loop
      vertex -13.7325 -41.7885 3.2
      vertex -13.7079 -41.7327 4.4
      vertex -13.7079 -41.7327 3.2
    endloop
  endfacet
  facet normal -0.915025 0.403398 0
    outer loop
      vertex -13.7325 -41.7885 3.2
      vertex -13.7325 -41.7885 4.4
      vertex -13.7079 -41.7327 4.4
    endloop
  endfacet
  facet normal -0.902264 0.431184 0
    outer loop
      vertex -13.7606 -41.8473 3.2
      vertex -13.7325 -41.7885 4.4
      vertex -13.7325 -41.7885 3.2
    endloop
  endfacet
  facet normal -0.902264 0.431184 0
    outer loop
      vertex -13.7606 -41.8473 3.2
      vertex -13.7606 -41.8473 4.4
      vertex -13.7325 -41.7885 4.4
    endloop
  endfacet
  facet normal -0.889757 0.456434 0
    outer loop
      vertex -13.7922 -41.9089 3.2
      vertex -13.7606 -41.8473 4.4
      vertex -13.7606 -41.8473 3.2
    endloop
  endfacet
  facet normal -0.889757 0.456434 0
    outer loop
      vertex -13.7922 -41.9089 3.2
      vertex -13.7922 -41.9089 4.4
      vertex -13.7606 -41.8473 4.4
    endloop
  endfacet
  facet normal -0.879412 0.476062 0
    outer loop
      vertex -13.8269 -41.973 3.2
      vertex -13.7922 -41.9089 4.4
      vertex -13.7922 -41.9089 3.2
    endloop
  endfacet
  facet normal -0.879412 0.476062 0
    outer loop
      vertex -13.8269 -41.973 3.2
      vertex -13.8269 -41.973 4.4
      vertex -13.7922 -41.9089 4.4
    endloop
  endfacet
  facet normal -0.869047 0.494729 0
    outer loop
      vertex -13.8647 -42.0394 3.2
      vertex -13.8269 -41.973 4.4
      vertex -13.8269 -41.973 3.2
    endloop
  endfacet
  facet normal -0.869047 0.494729 0
    outer loop
      vertex -13.8647 -42.0394 3.2
      vertex -13.8647 -42.0394 4.4
      vertex -13.8269 -41.973 4.4
    endloop
  endfacet
  facet normal -0.859476 0.511175 0
    outer loop
      vertex -13.9055 -42.108 3.2
      vertex -13.8647 -42.0394 4.4
      vertex -13.8647 -42.0394 3.2
    endloop
  endfacet
  facet normal -0.859476 0.511175 0
    outer loop
      vertex -13.9055 -42.108 3.2
      vertex -13.9055 -42.108 4.4
      vertex -13.8647 -42.0394 4.4
    endloop
  endfacet
  facet normal -0.850703 0.525647 0
    outer loop
      vertex -13.949 -42.1784 3.2
      vertex -13.9055 -42.108 4.4
      vertex -13.9055 -42.108 3.2
    endloop
  endfacet
  facet normal -0.850703 0.525647 0
    outer loop
      vertex -13.949 -42.1784 3.2
      vertex -13.949 -42.1784 4.4
      vertex -13.9055 -42.108 4.4
    endloop
  endfacet
  facet normal -0.842843 0.538159 0
    outer loop
      vertex -13.9951 -42.2506 3.2
      vertex -13.949 -42.1784 4.4
      vertex -13.949 -42.1784 3.2
    endloop
  endfacet
  facet normal -0.842843 0.538159 0
    outer loop
      vertex -13.9951 -42.2506 3.2
      vertex -13.9951 -42.2506 4.4
      vertex -13.949 -42.1784 4.4
    endloop
  endfacet
  facet normal -0.835006 0.550241 0
    outer loop
      vertex -14.0436 -42.3242 3.2
      vertex -13.9951 -42.2506 4.4
      vertex -13.9951 -42.2506 3.2
    endloop
  endfacet
  facet normal -0.835006 0.550241 0
    outer loop
      vertex -14.0436 -42.3242 3.2
      vertex -14.0436 -42.3242 4.4
      vertex -13.9951 -42.2506 4.4
    endloop
  endfacet
  facet normal -0.826741 0.562582 0
    outer loop
      vertex -14.0945 -42.399 3.2
      vertex -14.0436 -42.3242 4.4
      vertex -14.0436 -42.3242 3.2
    endloop
  endfacet
  facet normal -0.826741 0.562582 0
    outer loop
      vertex -14.0945 -42.399 3.2
      vertex -14.0945 -42.399 4.4
      vertex -14.0436 -42.3242 4.4
    endloop
  endfacet
  facet normal -0.819537 0.573027 0
    outer loop
      vertex -14.1475 -42.4748 3.2
      vertex -14.0945 -42.399 4.4
      vertex -14.0945 -42.399 3.2
    endloop
  endfacet
  facet normal -0.819537 0.573027 0
    outer loop
      vertex -14.1475 -42.4748 3.2
      vertex -14.1475 -42.4748 4.4
      vertex -14.0945 -42.399 4.4
    endloop
  endfacet
  facet normal -0.81316 0.58204 0
    outer loop
      vertex -14.2024 -42.5515 3.2
      vertex -14.1475 -42.4748 4.4
      vertex -14.1475 -42.4748 3.2
    endloop
  endfacet
  facet normal -0.81316 0.58204 0
    outer loop
      vertex -14.2024 -42.5515 3.2
      vertex -14.2024 -42.5515 4.4
      vertex -14.1475 -42.4748 4.4
    endloop
  endfacet
  facet normal -0.805475 0.592629 0
    outer loop
      vertex -14.2592 -42.6287 3.2
      vertex -14.2024 -42.5515 4.4
      vertex -14.2024 -42.5515 3.2
    endloop
  endfacet
  facet normal -0.805475 0.592629 0
    outer loop
      vertex -14.2592 -42.6287 3.2
      vertex -14.2592 -42.6287 4.4
      vertex -14.2024 -42.5515 4.4
    endloop
  endfacet
  facet normal -0.798516 0.601974 0
    outer loop
      vertex -14.3177 -42.7063 3.2
      vertex -14.2592 -42.6287 4.4
      vertex -14.2592 -42.6287 3.2
    endloop
  endfacet
  facet normal -0.798516 0.601974 0
    outer loop
      vertex -14.3177 -42.7063 3.2
      vertex -14.3177 -42.7063 4.4
      vertex -14.2592 -42.6287 4.4
    endloop
  endfacet
  facet normal -0.791979 0.610548 0
    outer loop
      vertex -14.3776 -42.784 3.2
      vertex -14.3177 -42.7063 4.4
      vertex -14.3177 -42.7063 3.2
    endloop
  endfacet
  facet normal -0.791979 0.610548 0
    outer loop
      vertex -14.3776 -42.784 3.2
      vertex -14.3776 -42.784 4.4
      vertex -14.3177 -42.7063 4.4
    endloop
  endfacet
  facet normal -0.784702 0.619874 0
    outer loop
      vertex -14.4389 -42.8616 3.2
      vertex -14.3776 -42.784 4.4
      vertex -14.3776 -42.784 3.2
    endloop
  endfacet
  facet normal -0.784702 0.619874 0
    outer loop
      vertex -14.4389 -42.8616 3.2
      vertex -14.4389 -42.8616 4.4
      vertex -14.3776 -42.784 4.4
    endloop
  endfacet
  facet normal -0.77762 0.628735 0
    outer loop
      vertex -14.5014 -42.9389 3.2
      vertex -14.4389 -42.8616 4.4
      vertex -14.4389 -42.8616 3.2
    endloop
  endfacet
  facet normal -0.77762 0.628735 0
    outer loop
      vertex -14.5014 -42.9389 3.2
      vertex -14.5014 -42.9389 4.4
      vertex -14.4389 -42.8616 4.4
    endloop
  endfacet
  facet normal -0.770683 0.637219 0
    outer loop
      vertex -14.5649 -43.0157 3.2
      vertex -14.5014 -42.9389 4.4
      vertex -14.5014 -42.9389 3.2
    endloop
  endfacet
  facet normal -0.770683 0.637219 0
    outer loop
      vertex -14.5649 -43.0157 3.2
      vertex -14.5649 -43.0157 4.4
      vertex -14.5014 -42.9389 4.4
    endloop
  endfacet
  facet normal -0.762854 0.646571 0
    outer loop
      vertex -14.6294 -43.0918 3.2
      vertex -14.5649 -43.0157 4.4
      vertex -14.5649 -43.0157 3.2
    endloop
  endfacet
  facet normal -0.762854 0.646571 0
    outer loop
      vertex -14.6294 -43.0918 3.2
      vertex -14.6294 -43.0918 4.4
      vertex -14.5649 -43.0157 4.4
    endloop
  endfacet
  facet normal -0.755623 0.655007 0
    outer loop
      vertex -14.6945 -43.1669 3.2
      vertex -14.6294 -43.0918 4.4
      vertex -14.6294 -43.0918 3.2
    endloop
  endfacet
  facet normal -0.755623 0.655007 0
    outer loop
      vertex -14.6945 -43.1669 3.2
      vertex -14.6945 -43.1669 4.4
      vertex -14.6294 -43.0918 4.4
    endloop
  endfacet
  facet normal -0.759195 0.650863 0
    outer loop
      vertex -14.8435 -43.3407 3.2
      vertex -14.6945 -43.1669 4.4
      vertex -14.6945 -43.1669 3.2
    endloop
  endfacet
  facet normal -0.759195 0.650863 0
    outer loop
      vertex -14.8435 -43.3407 3.2
      vertex -14.8435 -43.3407 4.4
      vertex -14.6945 -43.1669 4.4
    endloop
  endfacet
  facet normal -0.772319 0.635235 0
    outer loop
      vertex -14.9802 -43.5069 3.2
      vertex -14.8435 -43.3407 4.4
      vertex -14.8435 -43.3407 3.2
    endloop
  endfacet
  facet normal -0.772319 0.635235 0
    outer loop
      vertex -14.9802 -43.5069 3.2
      vertex -14.9802 -43.5069 4.4
      vertex -14.8435 -43.3407 4.4
    endloop
  endfacet
  facet normal -0.786576 0.617494 0
    outer loop
      vertex -15.1051 -43.666 3.2
      vertex -14.9802 -43.5069 4.4
      vertex -14.9802 -43.5069 3.2
    endloop
  endfacet
  facet normal -0.786576 0.617494 0
    outer loop
      vertex -15.1051 -43.666 3.2
      vertex -15.1051 -43.666 4.4
      vertex -14.9802 -43.5069 4.4
    endloop
  endfacet
  facet normal -0.803958 0.594687 0
    outer loop
      vertex -15.2182 -43.8189 3.2
      vertex -15.1051 -43.666 4.4
      vertex -15.1051 -43.666 3.2
    endloop
  endfacet
  facet normal -0.803958 0.594687 0
    outer loop
      vertex -15.2182 -43.8189 3.2
      vertex -15.2182 -43.8189 4.4
      vertex -15.1051 -43.666 4.4
    endloop
  endfacet
  facet normal -0.823078 0.567929 0
    outer loop
      vertex -15.3197 -43.966 3.2
      vertex -15.2182 -43.8189 4.4
      vertex -15.2182 -43.8189 3.2
    endloop
  endfacet
  facet normal -0.823078 0.567929 0
    outer loop
      vertex -15.3197 -43.966 3.2
      vertex -15.3197 -43.966 4.4
      vertex -15.2182 -43.8189 4.4
    endloop
  endfacet
  facet normal -0.844004 0.536337 0
    outer loop
      vertex -15.41 -44.1081 3.2
      vertex -15.3197 -43.966 4.4
      vertex -15.3197 -43.966 3.2
    endloop
  endfacet
  facet normal -0.844004 0.536337 0
    outer loop
      vertex -15.41 -44.1081 3.2
      vertex -15.41 -44.1081 4.4
      vertex -15.3197 -43.966 4.4
    endloop
  endfacet
  facet normal -0.867117 0.498104 0
    outer loop
      vertex -15.4891 -44.2458 3.2
      vertex -15.41 -44.1081 4.4
      vertex -15.41 -44.1081 3.2
    endloop
  endfacet
  facet normal -0.867117 0.498104 0
    outer loop
      vertex -15.4891 -44.2458 3.2
      vertex -15.4891 -44.2458 4.4
      vertex -15.41 -44.1081 4.4
    endloop
  endfacet
  facet normal -0.890943 0.454115 0
    outer loop
      vertex -15.5574 -44.3798 3.2
      vertex -15.4891 -44.2458 4.4
      vertex -15.4891 -44.2458 3.2
    endloop
  endfacet
  facet normal -0.890943 0.454115 0
    outer loop
      vertex -15.5574 -44.3798 3.2
      vertex -15.5574 -44.3798 4.4
      vertex -15.4891 -44.2458 4.4
    endloop
  endfacet
  facet normal -0.915305 0.402762 0
    outer loop
      vertex -15.615 -44.5107 3.2
      vertex -15.5574 -44.3798 4.4
      vertex -15.5574 -44.3798 3.2
    endloop
  endfacet
  facet normal -0.915305 0.402762 0
    outer loop
      vertex -15.615 -44.5107 3.2
      vertex -15.615 -44.5107 4.4
      vertex -15.5574 -44.3798 4.4
    endloop
  endfacet
  facet normal -0.938829 0.344384 0
    outer loop
      vertex -15.6621 -44.6391 3.2
      vertex -15.615 -44.5107 4.4
      vertex -15.615 -44.5107 3.2
    endloop
  endfacet
  facet normal -0.938829 0.344384 0
    outer loop
      vertex -15.6621 -44.6391 3.2
      vertex -15.6621 -44.6391 4.4
      vertex -15.615 -44.5107 4.4
    endloop
  endfacet
  facet normal -0.96011 0.279622 0
    outer loop
      vertex -15.699 -44.7658 3.2
      vertex -15.6621 -44.6391 4.4
      vertex -15.6621 -44.6391 3.2
    endloop
  endfacet
  facet normal -0.96011 0.279622 0
    outer loop
      vertex -15.699 -44.7658 3.2
      vertex -15.699 -44.7658 4.4
      vertex -15.6621 -44.6391 4.4
    endloop
  endfacet
  facet normal -0.977825 0.209423 0
    outer loop
      vertex -15.7259 -44.8914 3.2
      vertex -15.699 -44.7658 4.4
      vertex -15.699 -44.7658 3.2
    endloop
  endfacet
  facet normal -0.977825 0.209423 0
    outer loop
      vertex -15.7259 -44.8914 3.2
      vertex -15.7259 -44.8914 4.4
      vertex -15.699 -44.7658 4.4
    endloop
  endfacet
  facet normal -0.990878 0.134759 0
    outer loop
      vertex -15.7429 -45.0164 3.2
      vertex -15.7259 -44.8914 4.4
      vertex -15.7259 -44.8914 3.2
    endloop
  endfacet
  facet normal -0.990878 0.134759 0
    outer loop
      vertex -15.7429 -45.0164 3.2
      vertex -15.7429 -45.0164 4.4
      vertex -15.7259 -44.8914 4.4
    endloop
  endfacet
  facet normal -0.998261 0.0589555 0
    outer loop
      vertex -15.7503 -45.1417 3.2
      vertex -15.7429 -45.0164 4.4
      vertex -15.7429 -45.0164 3.2
    endloop
  endfacet
  facet normal -0.998261 0.0589555 0
    outer loop
      vertex -15.7503 -45.1417 3.2
      vertex -15.7503 -45.1417 4.4
      vertex -15.7429 -45.0164 4.4
    endloop
  endfacet
  facet normal -0.999887 -0.0150657 0
    outer loop
      vertex -15.7484 -45.2678 3.2
      vertex -15.7503 -45.1417 4.4
      vertex -15.7503 -45.1417 3.2
    endloop
  endfacet
  facet normal -0.999887 -0.0150657 0
    outer loop
      vertex -15.7484 -45.2678 3.2
      vertex -15.7484 -45.2678 4.4
      vertex -15.7503 -45.1417 4.4
    endloop
  endfacet
  facet normal -0.996238 -0.0866633 0
    outer loop
      vertex -15.7373 -45.3954 3.2
      vertex -15.7484 -45.2678 4.4
      vertex -15.7484 -45.2678 3.2
    endloop
  endfacet
  facet normal -0.996238 -0.0866633 0
    outer loop
      vertex -15.7373 -45.3954 3.2
      vertex -15.7373 -45.3954 4.4
      vertex -15.7484 -45.2678 4.4
    endloop
  endfacet
  facet normal -0.988204 -0.153145 0
    outer loop
      vertex -15.7172 -45.5251 3.2
      vertex -15.7373 -45.3954 4.4
      vertex -15.7373 -45.3954 3.2
    endloop
  endfacet
  facet normal -0.988204 -0.153145 0
    outer loop
      vertex -15.7172 -45.5251 3.2
      vertex -15.7172 -45.5251 4.4
      vertex -15.7373 -45.3954 4.4
    endloop
  endfacet
  facet normal -0.97703 -0.213103 0
    outer loop
      vertex -15.6883 -45.6576 3.2
      vertex -15.7172 -45.5251 4.4
      vertex -15.7172 -45.5251 3.2
    endloop
  endfacet
  facet normal -0.97703 -0.213103 0
    outer loop
      vertex -15.6883 -45.6576 3.2
      vertex -15.6883 -45.6576 4.4
      vertex -15.7172 -45.5251 4.4
    endloop
  endfacet
  facet normal -0.964155 -0.265338 0
    outer loop
      vertex -15.6509 -45.7935 3.2
      vertex -15.6883 -45.6576 4.4
      vertex -15.6883 -45.6576 3.2
    endloop
  endfacet
  facet normal -0.964155 -0.265338 0
    outer loop
      vertex -15.6509 -45.7935 3.2
      vertex -15.6509 -45.7935 4.4
      vertex -15.6883 -45.6576 4.4
    endloop
  endfacet
  facet normal -0.950634 -0.310314 0
    outer loop
      vertex -15.6052 -45.9335 3.2
      vertex -15.6509 -45.7935 4.4
      vertex -15.6509 -45.7935 3.2
    endloop
  endfacet
  facet normal -0.950634 -0.310314 0
    outer loop
      vertex -15.6052 -45.9335 3.2
      vertex -15.6052 -45.9335 4.4
      vertex -15.6509 -45.7935 4.4
    endloop
  endfacet
  facet normal -0.945197 -0.3265 0
    outer loop
      vertex -15.5795 -46.0079 3.2
      vertex -15.6052 -45.9335 4.4
      vertex -15.6052 -45.9335 3.2
    endloop
  endfacet
  facet normal -0.945197 -0.3265 0
    outer loop
      vertex -15.5795 -46.0079 3.2
      vertex -15.5795 -46.0079 4.4
      vertex -15.6052 -45.9335 4.4
    endloop
  endfacet
  facet normal -0.954938 -0.296805 0
    outer loop
      vertex -15.5565 -46.0819 3.2
      vertex -15.5795 -46.0079 4.4
      vertex -15.5795 -46.0079 3.2
    endloop
  endfacet
  facet normal -0.954938 -0.296805 0
    outer loop
      vertex -15.5565 -46.0819 3.2
      vertex -15.5565 -46.0819 4.4
      vertex -15.5795 -46.0079 4.4
    endloop
  endfacet
  facet normal -0.963818 -0.26656 0
    outer loop
      vertex -15.5362 -46.1553 3.2
      vertex -15.5565 -46.0819 4.4
      vertex -15.5565 -46.0819 3.2
    endloop
  endfacet
  facet normal -0.963818 -0.26656 0
    outer loop
      vertex -15.5362 -46.1553 3.2
      vertex -15.5362 -46.1553 4.4
      vertex -15.5565 -46.0819 4.4
    endloop
  endfacet
  facet normal -0.971468 -0.237172 0
    outer loop
      vertex -15.5185 -46.2278 3.2
      vertex -15.5362 -46.1553 4.4
      vertex -15.5362 -46.1553 3.2
    endloop
  endfacet
  facet normal -0.971468 -0.237172 0
    outer loop
      vertex -15.5185 -46.2278 3.2
      vertex -15.5185 -46.2278 4.4
      vertex -15.5362 -46.1553 4.4
    endloop
  endfacet
  facet normal -0.978695 -0.205321 0
    outer loop
      vertex -15.5035 -46.2993 3.2
      vertex -15.5185 -46.2278 4.4
      vertex -15.5185 -46.2278 3.2
    endloop
  endfacet
  facet normal -0.978695 -0.205321 0
    outer loop
      vertex -15.5035 -46.2993 3.2
      vertex -15.5035 -46.2993 4.4
      vertex -15.5185 -46.2278 4.4
    endloop
  endfacet
  facet normal -0.984713 -0.174186 0
    outer loop
      vertex -15.4911 -46.3694 3.2
      vertex -15.5035 -46.2993 4.4
      vertex -15.5035 -46.2993 3.2
    endloop
  endfacet
  facet normal -0.984713 -0.174186 0
    outer loop
      vertex -15.4911 -46.3694 3.2
      vertex -15.4911 -46.3694 4.4
      vertex -15.5035 -46.2993 4.4
    endloop
  endfacet
  facet normal -0.990151 -0.140007 0
    outer loop
      vertex -15.4814 -46.438 3.2
      vertex -15.4911 -46.3694 4.4
      vertex -15.4911 -46.3694 3.2
    endloop
  endfacet
  facet normal -0.990151 -0.140007 0
    outer loop
      vertex -15.4814 -46.438 3.2
      vertex -15.4814 -46.438 4.4
      vertex -15.4911 -46.3694 4.4
    endloop
  endfacet
  facet normal -0.994241 -0.107164 0
    outer loop
      vertex -15.4742 -46.5048 3.2
      vertex -15.4814 -46.438 4.4
      vertex -15.4814 -46.438 3.2
    endloop
  endfacet
  facet normal -0.994241 -0.107164 0
    outer loop
      vertex -15.4742 -46.5048 3.2
      vertex -15.4742 -46.5048 4.4
      vertex -15.4814 -46.438 4.4
    endloop
  endfacet
  facet normal -0.99749 -0.0708095 0
    outer loop
      vertex -15.4696 -46.5696 3.2
      vertex -15.4742 -46.5048 4.4
      vertex -15.4742 -46.5048 3.2
    endloop
  endfacet
  facet normal -0.99749 -0.0708095 0
    outer loop
      vertex -15.4696 -46.5696 3.2
      vertex -15.4696 -46.5696 4.4
      vertex -15.4742 -46.5048 4.4
    endloop
  endfacet
  facet normal -0.99954 -0.0303375 0
    outer loop
      vertex -15.4677 -46.6322 3.2
      vertex -15.4696 -46.5696 4.4
      vertex -15.4696 -46.5696 3.2
    endloop
  endfacet
  facet normal -0.99954 -0.0303375 0
    outer loop
      vertex -15.4677 -46.6322 3.2
      vertex -15.4677 -46.6322 4.4
      vertex -15.4696 -46.5696 4.4
    endloop
  endfacet
  facet normal -0.999966 0.00830536 0
    outer loop
      vertex -15.4682 -46.6924 3.2
      vertex -15.4677 -46.6322 4.4
      vertex -15.4677 -46.6322 3.2
    endloop
  endfacet
  facet normal -0.999966 0.00830536 0
    outer loop
      vertex -15.4682 -46.6924 3.2
      vertex -15.4682 -46.6924 4.4
      vertex -15.4677 -46.6322 4.4
    endloop
  endfacet
  facet normal -0.998545 0.0539284 0
    outer loop
      vertex -15.4713 -46.7498 3.2
      vertex -15.4682 -46.6924 4.4
      vertex -15.4682 -46.6924 3.2
    endloop
  endfacet
  facet normal -0.998545 0.0539284 0
    outer loop
      vertex -15.4713 -46.7498 3.2
      vertex -15.4713 -46.7498 4.4
      vertex -15.4682 -46.6924 4.4
    endloop
  endfacet
  facet normal -0.994575 0.10402 0
    outer loop
      vertex -15.477 -46.8043 3.2
      vertex -15.4713 -46.7498 4.4
      vertex -15.4713 -46.7498 3.2
    endloop
  endfacet
  facet normal -0.994575 0.10402 0
    outer loop
      vertex -15.477 -46.8043 3.2
      vertex -15.477 -46.8043 4.4
      vertex -15.4713 -46.7498 4.4
    endloop
  endfacet
  facet normal -0.98781 0.155667 0
    outer loop
      vertex -15.4851 -46.8557 3.2
      vertex -15.477 -46.8043 4.4
      vertex -15.477 -46.8043 3.2
    endloop
  endfacet
  facet normal -0.98781 0.155667 0
    outer loop
      vertex -15.4851 -46.8557 3.2
      vertex -15.4851 -46.8557 4.4
      vertex -15.477 -46.8043 4.4
    endloop
  endfacet
  facet normal -0.976139 0.217145 0
    outer loop
      vertex -15.4958 -46.9038 3.2
      vertex -15.4851 -46.8557 4.4
      vertex -15.4851 -46.8557 3.2
    endloop
  endfacet
  facet normal -0.976139 0.217145 0
    outer loop
      vertex -15.4958 -46.9038 3.2
      vertex -15.4958 -46.9038 4.4
      vertex -15.4851 -46.8557 4.4
    endloop
  endfacet
  facet normal -0.958536 0.28497 0
    outer loop
      vertex -15.509 -46.9482 3.2
      vertex -15.4958 -46.9038 4.4
      vertex -15.4958 -46.9038 3.2
    endloop
  endfacet
  facet normal -0.958536 0.28497 0
    outer loop
      vertex -15.509 -46.9482 3.2
      vertex -15.509 -46.9482 4.4
      vertex -15.4958 -46.9038 4.4
    endloop
  endfacet
  facet normal -0.933464 0.358671 0
    outer loop
      vertex -15.5246 -46.9888 3.2
      vertex -15.509 -46.9482 4.4
      vertex -15.509 -46.9482 3.2
    endloop
  endfacet
  facet normal -0.933464 0.358671 0
    outer loop
      vertex -15.5246 -46.9888 3.2
      vertex -15.5246 -46.9888 4.4
      vertex -15.509 -46.9482 4.4
    endloop
  endfacet
  facet normal -0.895895 0.444266 0
    outer loop
      vertex -15.5427 -47.0253 3.2
      vertex -15.5246 -46.9888 4.4
      vertex -15.5246 -46.9888 3.2
    endloop
  endfacet
  facet normal -0.895895 0.444266 0
    outer loop
      vertex -15.5427 -47.0253 3.2
      vertex -15.5427 -47.0253 4.4
      vertex -15.5246 -46.9888 4.4
    endloop
  endfacet
  facet normal -0.843124 0.53772 0
    outer loop
      vertex -15.5633 -47.0576 3.2
      vertex -15.5427 -47.0253 4.4
      vertex -15.5427 -47.0253 3.2
    endloop
  endfacet
  facet normal -0.843124 0.53772 0
    outer loop
      vertex -15.5633 -47.0576 3.2
      vertex -15.5633 -47.0576 4.4
      vertex -15.5427 -47.0253 4.4
    endloop
  endfacet
  facet normal -0.770724 0.637169 0
    outer loop
      vertex -15.5862 -47.0853 3.2
      vertex -15.5633 -47.0576 4.4
      vertex -15.5633 -47.0576 3.2
    endloop
  endfacet
  facet normal -0.770724 0.637169 0
    outer loop
      vertex -15.5862 -47.0853 3.2
      vertex -15.5862 -47.0853 4.4
      vertex -15.5633 -47.0576 4.4
    endloop
  endfacet
  facet normal -0.578237 0.815869 0
    outer loop
      vertex -15.648 -47.1291 3.2
      vertex -15.5862 -47.0853 4.4
      vertex -15.5862 -47.0853 3.2
    endloop
  endfacet
  facet normal -0.578237 0.815869 0
    outer loop
      vertex -15.648 -47.1291 3.2
      vertex -15.648 -47.1291 4.4
      vertex -15.5862 -47.0853 4.4
    endloop
  endfacet
  facet normal -0.443261 0.896393 0
    outer loop
      vertex -15.7479 -47.1785 3.2
      vertex -15.648 -47.1291 4.4
      vertex -15.648 -47.1291 3.2
    endloop
  endfacet
  facet normal -0.443261 0.896393 0
    outer loop
      vertex -15.7479 -47.1785 3.2
      vertex -15.7479 -47.1785 4.4
      vertex -15.648 -47.1291 4.4
    endloop
  endfacet
  facet normal -0.374383 0.927274 0
    outer loop
      vertex -15.8814 -47.2324 3.2
      vertex -15.7479 -47.1785 4.4
      vertex -15.7479 -47.1785 3.2
    endloop
  endfacet
  facet normal -0.374383 0.927274 0
    outer loop
      vertex -15.8814 -47.2324 3.2
      vertex -15.8814 -47.2324 4.4
      vertex -15.7479 -47.1785 4.4
    endloop
  endfacet
  facet normal -0.333214 0.942851 0
    outer loop
      vertex -16.0441 -47.2899 3.2
      vertex -15.8814 -47.2324 4.4
      vertex -15.8814 -47.2324 3.2
    endloop
  endfacet
  facet normal -0.333214 0.942851 0
    outer loop
      vertex -16.0441 -47.2899 3.2
      vertex -16.0441 -47.2899 4.4
      vertex -15.8814 -47.2324 4.4
    endloop
  endfacet
  facet normal -0.305384 0.952229 0
    outer loop
      vertex -16.2315 -47.35 3.2
      vertex -16.0441 -47.2899 4.4
      vertex -16.0441 -47.2899 3.2
    endloop
  endfacet
  facet normal -0.305384 0.952229 0
    outer loop
      vertex -16.2315 -47.35 3.2
      vertex -16.2315 -47.35 4.4
      vertex -16.0441 -47.2899 4.4
    endloop
  endfacet
  facet normal -0.284466 0.958686 0
    outer loop
      vertex -16.4391 -47.4116 3.2
      vertex -16.2315 -47.35 4.4
      vertex -16.2315 -47.35 3.2
    endloop
  endfacet
  facet normal -0.284466 0.958686 0
    outer loop
      vertex -16.4391 -47.4116 3.2
      vertex -16.4391 -47.4116 4.4
      vertex -16.2315 -47.35 4.4
    endloop
  endfacet
  facet normal -0.267421 0.96358 0
    outer loop
      vertex -16.6625 -47.4736 3.2
      vertex -16.4391 -47.4116 4.4
      vertex -16.4391 -47.4116 3.2
    endloop
  endfacet
  facet normal -0.267421 0.96358 0
    outer loop
      vertex -16.6625 -47.4736 3.2
      vertex -16.6625 -47.4736 4.4
      vertex -16.4391 -47.4116 4.4
    endloop
  endfacet
  facet normal -0.253864 0.96724 0
    outer loop
      vertex -16.8972 -47.5352 3.2
      vertex -16.6625 -47.4736 4.4
      vertex -16.6625 -47.4736 3.2
    endloop
  endfacet
  facet normal -0.253864 0.96724 0
    outer loop
      vertex -16.8972 -47.5352 3.2
      vertex -16.8972 -47.5352 4.4
      vertex -16.6625 -47.4736 4.4
    endloop
  endfacet
  facet normal -0.241401 0.970425 0
    outer loop
      vertex -17.1388 -47.5953 3.2
      vertex -16.8972 -47.5352 4.4
      vertex -16.8972 -47.5352 3.2
    endloop
  endfacet
  facet normal -0.241401 0.970425 0
    outer loop
      vertex -17.1388 -47.5953 3.2
      vertex -17.1388 -47.5953 4.4
      vertex -16.8972 -47.5352 4.4
    endloop
  endfacet
  facet normal -0.229462 0.973318 0
    outer loop
      vertex -17.3827 -47.6528 3.2
      vertex -17.1388 -47.5953 4.4
      vertex -17.1388 -47.5953 3.2
    endloop
  endfacet
  facet normal -0.229462 0.973318 0
    outer loop
      vertex -17.3827 -47.6528 3.2
      vertex -17.3827 -47.6528 4.4
      vertex -17.1388 -47.5953 4.4
    endloop
  endfacet
  facet normal -0.217486 0.976063 0
    outer loop
      vertex -17.6246 -47.7067 3.2
      vertex -17.3827 -47.6528 4.4
      vertex -17.3827 -47.6528 3.2
    endloop
  endfacet
  facet normal -0.217486 0.976063 0
    outer loop
      vertex -17.6246 -47.7067 3.2
      vertex -17.6246 -47.7067 4.4
      vertex -17.3827 -47.6528 4.4
    endloop
  endfacet
  facet normal -0.205382 0.978682 0
    outer loop
      vertex -17.86 -47.7561 3.2
      vertex -17.6246 -47.7067 4.4
      vertex -17.6246 -47.7067 3.2
    endloop
  endfacet
  facet normal -0.205382 0.978682 0
    outer loop
      vertex -17.86 -47.7561 3.2
      vertex -17.86 -47.7561 4.4
      vertex -17.6246 -47.7067 4.4
    endloop
  endfacet
  facet normal -0.191572 0.981479 0
    outer loop
      vertex -18.0844 -47.7999 3.2
      vertex -17.86 -47.7561 4.4
      vertex -17.86 -47.7561 3.2
    endloop
  endfacet
  facet normal -0.191572 0.981479 0
    outer loop
      vertex -18.0844 -47.7999 3.2
      vertex -18.0844 -47.7999 4.4
      vertex -17.86 -47.7561 4.4
    endloop
  endfacet
  facet normal -0.175236 0.984526 0
    outer loop
      vertex -18.2934 -47.8371 3.2
      vertex -18.0844 -47.7999 4.4
      vertex -18.0844 -47.7999 3.2
    endloop
  endfacet
  facet normal -0.175236 0.984526 0
    outer loop
      vertex -18.2934 -47.8371 3.2
      vertex -18.2934 -47.8371 4.4
      vertex -18.0844 -47.7999 4.4
    endloop
  endfacet
  facet normal -0.154217 0.988037 0
    outer loop
      vertex -18.4824 -47.8666 3.2
      vertex -18.2934 -47.8371 4.4
      vertex -18.2934 -47.8371 3.2
    endloop
  endfacet
  facet normal -0.154217 0.988037 0
    outer loop
      vertex -18.4824 -47.8666 3.2
      vertex -18.4824 -47.8666 4.4
      vertex -18.2934 -47.8371 4.4
    endloop
  endfacet
  facet normal -0.125888 0.992044 0
    outer loop
      vertex -18.6471 -47.8875 3.2
      vertex -18.4824 -47.8666 4.4
      vertex -18.4824 -47.8666 3.2
    endloop
  endfacet
  facet normal -0.125888 0.992044 0
    outer loop
      vertex -18.6471 -47.8875 3.2
      vertex -18.6471 -47.8875 4.4
      vertex -18.4824 -47.8666 4.4
    endloop
  endfacet
  facet normal -0.082924 0.996556 0
    outer loop
      vertex -18.7829 -47.8988 3.2
      vertex -18.6471 -47.8875 4.4
      vertex -18.6471 -47.8875 3.2
    endloop
  endfacet
  facet normal -0.082924 0.996556 0
    outer loop
      vertex -18.7829 -47.8988 3.2
      vertex -18.7829 -47.8988 4.4
      vertex -18.6471 -47.8875 4.4
    endloop
  endfacet
  facet normal -0.00584785 0.999983 0
    outer loop
      vertex -18.8855 -47.8994 3.2
      vertex -18.7829 -47.8988 4.4
      vertex -18.7829 -47.8988 3.2
    endloop
  endfacet
  facet normal -0.00584785 0.999983 0
    outer loop
      vertex -18.8855 -47.8994 3.2
      vertex -18.8855 -47.8994 4.4
      vertex -18.7829 -47.8988 4.4
    endloop
  endfacet
  facet normal 0.168837 0.985644 0
    outer loop
      vertex -18.9503 -47.8883 3.2
      vertex -18.8855 -47.8994 4.4
      vertex -18.8855 -47.8994 3.2
    endloop
  endfacet
  facet normal 0.168837 0.985644 -0
    outer loop
      vertex -18.9503 -47.8883 3.2
      vertex -18.9503 -47.8883 4.4
      vertex -18.8855 -47.8994 4.4
    endloop
  endfacet
  facet normal 0.725152 0.688589 0
    outer loop
      vertex -18.9729 -47.8645 3.2
      vertex -18.9503 -47.8883 4.4
      vertex -18.9503 -47.8883 3.2
    endloop
  endfacet
  facet normal 0.725152 0.688589 -0
    outer loop
      vertex -18.9729 -47.8645 3.2
      vertex -18.9729 -47.8645 4.4
      vertex -18.9503 -47.8883 4.4
    endloop
  endfacet
  facet normal 0.997227 -0.0744199 0
    outer loop
      vertex -18.9724 -47.8578 3.2
      vertex -18.9729 -47.8645 4.4
      vertex -18.9729 -47.8645 3.2
    endloop
  endfacet
  facet normal 0.997227 -0.0744199 0
    outer loop
      vertex -18.9724 -47.8578 3.2
      vertex -18.9724 -47.8578 4.4
      vertex -18.9729 -47.8645 4.4
    endloop
  endfacet
  facet normal 0.989744 -0.14285 0
    outer loop
      vertex -18.971 -47.8481 3.2
      vertex -18.9724 -47.8578 4.4
      vertex -18.9724 -47.8578 3.2
    endloop
  endfacet
  facet normal 0.989744 -0.14285 0
    outer loop
      vertex -18.971 -47.8481 3.2
      vertex -18.971 -47.8481 4.4
      vertex -18.9724 -47.8578 4.4
    endloop
  endfacet
  facet normal 0.982339 -0.187112 0
    outer loop
      vertex -18.9686 -47.8355 3.2
      vertex -18.971 -47.8481 4.4
      vertex -18.971 -47.8481 3.2
    endloop
  endfacet
  facet normal 0.982339 -0.187112 0
    outer loop
      vertex -18.9686 -47.8355 3.2
      vertex -18.9686 -47.8355 4.4
      vertex -18.971 -47.8481 4.4
    endloop
  endfacet
  facet normal 0.979347 -0.202188 0
    outer loop
      vertex -18.9654 -47.82 3.2
      vertex -18.9686 -47.8355 4.4
      vertex -18.9686 -47.8355 3.2
    endloop
  endfacet
  facet normal 0.979347 -0.202188 0
    outer loop
      vertex -18.9654 -47.82 3.2
      vertex -18.9654 -47.82 4.4
      vertex -18.9686 -47.8355 4.4
    endloop
  endfacet
  facet normal 0.975026 -0.222089 0
    outer loop
      vertex -18.9613 -47.802 3.2
      vertex -18.9654 -47.82 4.4
      vertex -18.9654 -47.82 3.2
    endloop
  endfacet
  facet normal 0.975026 -0.222089 0
    outer loop
      vertex -18.9613 -47.802 3.2
      vertex -18.9613 -47.802 4.4
      vertex -18.9654 -47.82 4.4
    endloop
  endfacet
  facet normal 0.973417 -0.229039 0
    outer loop
      vertex -18.9565 -47.7816 3.2
      vertex -18.9613 -47.802 4.4
      vertex -18.9613 -47.802 3.2
    endloop
  endfacet
  facet normal 0.973417 -0.229039 0
    outer loop
      vertex -18.9565 -47.7816 3.2
      vertex -18.9565 -47.7816 4.4
      vertex -18.9613 -47.802 4.4
    endloop
  endfacet
  facet normal 0.971136 -0.238525 0
    outer loop
      vertex -18.9509 -47.7588 3.2
      vertex -18.9565 -47.7816 4.4
      vertex -18.9565 -47.7816 3.2
    endloop
  endfacet
  facet normal 0.971136 -0.238525 0
    outer loop
      vertex -18.9509 -47.7588 3.2
      vertex -18.9509 -47.7588 4.4
      vertex -18.9565 -47.7816 4.4
    endloop
  endfacet
  facet normal 0.970371 -0.241619 0
    outer loop
      vertex -18.9447 -47.7339 3.2
      vertex -18.9509 -47.7588 4.4
      vertex -18.9509 -47.7588 3.2
    endloop
  endfacet
  facet normal 0.970371 -0.241619 0
    outer loop
      vertex -18.9447 -47.7339 3.2
      vertex -18.9447 -47.7339 4.4
      vertex -18.9509 -47.7588 4.4
    endloop
  endfacet
  facet normal 0.967997 -0.250962 0
    outer loop
      vertex -18.9377 -47.7069 3.2
      vertex -18.9447 -47.7339 4.4
      vertex -18.9447 -47.7339 3.2
    endloop
  endfacet
  facet normal 0.967997 -0.250962 0
    outer loop
      vertex -18.9377 -47.7069 3.2
      vertex -18.9377 -47.7069 4.4
      vertex -18.9447 -47.7339 4.4
    endloop
  endfacet
  facet normal 0.96751 -0.252834 0
    outer loop
      vertex -18.9302 -47.6782 3.2
      vertex -18.9377 -47.7069 4.4
      vertex -18.9377 -47.7069 3.2
    endloop
  endfacet
  facet normal 0.96751 -0.252834 0
    outer loop
      vertex -18.9302 -47.6782 3.2
      vertex -18.9302 -47.6782 4.4
      vertex -18.9377 -47.7069 4.4
    endloop
  endfacet
  facet normal 0.966497 -0.256676 0
    outer loop
      vertex -18.9221 -47.6477 3.2
      vertex -18.9302 -47.6782 4.4
      vertex -18.9302 -47.6782 3.2
    endloop
  endfacet
  facet normal 0.966497 -0.256676 0
    outer loop
      vertex -18.9221 -47.6477 3.2
      vertex -18.9221 -47.6477 4.4
      vertex -18.9302 -47.6782 4.4
    endloop
  endfacet
  facet normal 0.965732 -0.259541 0
    outer loop
      vertex -18.9135 -47.6157 3.2
      vertex -18.9221 -47.6477 4.4
      vertex -18.9221 -47.6477 3.2
    endloop
  endfacet
  facet normal 0.965732 -0.259541 0
    outer loop
      vertex -18.9135 -47.6157 3.2
      vertex -18.9135 -47.6157 4.4
      vertex -18.9221 -47.6477 4.4
    endloop
  endfacet
  facet normal 0.96483 -0.262873 0
    outer loop
      vertex -18.9044 -47.5823 3.2
      vertex -18.9135 -47.6157 4.4
      vertex -18.9135 -47.6157 3.2
    endloop
  endfacet
  facet normal 0.96483 -0.262873 0
    outer loop
      vertex -18.9044 -47.5823 3.2
      vertex -18.9044 -47.5823 4.4
      vertex -18.9135 -47.6157 4.4
    endloop
  endfacet
  facet normal 0.963598 -0.267357 0
    outer loop
      vertex -18.8948 -47.5477 3.2
      vertex -18.9044 -47.5823 4.4
      vertex -18.9044 -47.5823 3.2
    endloop
  endfacet
  facet normal 0.963598 -0.267357 0
    outer loop
      vertex -18.8948 -47.5477 3.2
      vertex -18.8948 -47.5477 4.4
      vertex -18.9044 -47.5823 4.4
    endloop
  endfacet
  facet normal 0.963634 -0.267226 0
    outer loop
      vertex -18.8849 -47.512 3.2
      vertex -18.8948 -47.5477 4.4
      vertex -18.8948 -47.5477 3.2
    endloop
  endfacet
  facet normal 0.963634 -0.267226 0
    outer loop
      vertex -18.8849 -47.512 3.2
      vertex -18.8849 -47.512 4.4
      vertex -18.8948 -47.5477 4.4
    endloop
  endfacet
  facet normal 0.962115 -0.272643 0
    outer loop
      vertex -18.8745 -47.4753 3.2
      vertex -18.8849 -47.512 4.4
      vertex -18.8849 -47.512 3.2
    endloop
  endfacet
  facet normal 0.962115 -0.272643 0
    outer loop
      vertex -18.8745 -47.4753 3.2
      vertex -18.8745 -47.4753 4.4
      vertex -18.8849 -47.512 4.4
    endloop
  endfacet
  facet normal 0.962104 -0.272682 0
    outer loop
      vertex -18.8639 -47.4379 3.2
      vertex -18.8745 -47.4753 4.4
      vertex -18.8745 -47.4753 3.2
    endloop
  endfacet
  facet normal 0.962104 -0.272682 0
    outer loop
      vertex -18.8639 -47.4379 3.2
      vertex -18.8639 -47.4379 4.4
      vertex -18.8745 -47.4753 4.4
    endloop
  endfacet
  facet normal 0.961429 -0.275054 0
    outer loop
      vertex -18.853 -47.3998 3.2
      vertex -18.8639 -47.4379 4.4
      vertex -18.8639 -47.4379 3.2
    endloop
  endfacet
  facet normal 0.961429 -0.275054 0
    outer loop
      vertex -18.853 -47.3998 3.2
      vertex -18.853 -47.3998 4.4
      vertex -18.8639 -47.4379 4.4
    endloop
  endfacet
  facet normal 0.960862 -0.277028 0
    outer loop
      vertex -18.8419 -47.3613 3.2
      vertex -18.853 -47.3998 4.4
      vertex -18.853 -47.3998 3.2
    endloop
  endfacet
  facet normal 0.960862 -0.277028 0
    outer loop
      vertex -18.8419 -47.3613 3.2
      vertex -18.8419 -47.3613 4.4
      vertex -18.853 -47.3998 4.4
    endloop
  endfacet
  facet normal 0.960111 -0.27962 0
    outer loop
      vertex -18.8306 -47.3225 3.2
      vertex -18.8419 -47.3613 4.4
      vertex -18.8419 -47.3613 3.2
    endloop
  endfacet
  facet normal 0.960111 -0.27962 0
    outer loop
      vertex -18.8306 -47.3225 3.2
      vertex -18.8306 -47.3225 4.4
      vertex -18.8419 -47.3613 4.4
    endloop
  endfacet
  facet normal 0.961629 -0.274353 0
    outer loop
      vertex -18.8011 -47.2191 3.2
      vertex -18.8306 -47.3225 4.4
      vertex -18.8306 -47.3225 3.2
    endloop
  endfacet
  facet normal 0.961629 -0.274353 0
    outer loop
      vertex -18.8011 -47.2191 3.2
      vertex -18.8011 -47.2191 4.4
      vertex -18.8306 -47.3225 4.4
    endloop
  endfacet
  facet normal 0.9683 -0.249791 0
    outer loop
      vertex -18.7752 -47.1187 3.2
      vertex -18.8011 -47.2191 4.4
      vertex -18.8011 -47.2191 3.2
    endloop
  endfacet
  facet normal 0.9683 -0.249791 0
    outer loop
      vertex -18.7752 -47.1187 3.2
      vertex -18.7752 -47.1187 4.4
      vertex -18.8011 -47.2191 4.4
    endloop
  endfacet
  facet normal 0.974927 -0.222527 0
    outer loop
      vertex -18.7529 -47.021 3.2
      vertex -18.7752 -47.1187 4.4
      vertex -18.7752 -47.1187 3.2
    endloop
  endfacet
  facet normal 0.974927 -0.222527 0
    outer loop
      vertex -18.7529 -47.021 3.2
      vertex -18.7529 -47.021 4.4
      vertex -18.7752 -47.1187 4.4
    endloop
  endfacet
  facet normal 0.981287 -0.192551 0
    outer loop
      vertex -18.7342 -46.9257 3.2
      vertex -18.7529 -47.021 4.4
      vertex -18.7529 -47.021 3.2
    endloop
  endfacet
  facet normal 0.981287 -0.192551 0
    outer loop
      vertex -18.7342 -46.9257 3.2
      vertex -18.7342 -46.9257 4.4
      vertex -18.7529 -47.021 4.4
    endloop
  endfacet
  facet normal 0.987513 -0.157537 0
    outer loop
      vertex -18.7193 -46.8323 3.2
      vertex -18.7342 -46.9257 4.4
      vertex -18.7342 -46.9257 3.2
    endloop
  endfacet
  facet normal 0.987513 -0.157537 0
    outer loop
      vertex -18.7193 -46.8323 3.2
      vertex -18.7193 -46.8323 4.4
      vertex -18.7342 -46.9257 4.4
    endloop
  endfacet
  facet normal 0.99264 -0.121106 0
    outer loop
      vertex -18.7081 -46.7405 3.2
      vertex -18.7193 -46.8323 4.4
      vertex -18.7193 -46.8323 3.2
    endloop
  endfacet
  facet normal 0.99264 -0.121106 0
    outer loop
      vertex -18.7081 -46.7405 3.2
      vertex -18.7081 -46.7405 4.4
      vertex -18.7193 -46.8323 4.4
    endloop
  endfacet
  facet normal 0.996674 -0.081496 0
    outer loop
      vertex -18.7007 -46.65 3.2
      vertex -18.7081 -46.7405 4.4
      vertex -18.7081 -46.7405 3.2
    endloop
  endfacet
  facet normal 0.996674 -0.081496 0
    outer loop
      vertex -18.7007 -46.65 3.2
      vertex -18.7007 -46.65 4.4
      vertex -18.7081 -46.7405 4.4
    endloop
  endfacet
  facet normal 0.999148 -0.0412595 0
    outer loop
      vertex -18.697 -46.5604 3.2
      vertex -18.7007 -46.65 4.4
      vertex -18.7007 -46.65 3.2
    endloop
  endfacet
  facet normal 0.999148 -0.0412595 0
    outer loop
      vertex -18.697 -46.5604 3.2
      vertex -18.697 -46.5604 4.4
      vertex -18.7007 -46.65 4.4
    endloop
  endfacet
  facet normal 0.999994 0.00336698 0
    outer loop
      vertex -18.6973 -46.4713 3.2
      vertex -18.697 -46.5604 4.4
      vertex -18.697 -46.5604 3.2
    endloop
  endfacet
  facet normal 0.999994 0.00336698 -0
    outer loop
      vertex -18.6973 -46.4713 3.2
      vertex -18.6973 -46.4713 4.4
      vertex -18.697 -46.5604 4.4
    endloop
  endfacet
  facet normal 0.998989 0.0449489 0
    outer loop
      vertex -18.7013 -46.3824 3.2
      vertex -18.6973 -46.4713 4.4
      vertex -18.6973 -46.4713 3.2
    endloop
  endfacet
  facet normal 0.998989 0.0449489 -0
    outer loop
      vertex -18.7013 -46.3824 3.2
      vertex -18.7013 -46.3824 4.4
      vertex -18.6973 -46.4713 4.4
    endloop
  endfacet
  facet normal 0.995893 0.0905357 0
    outer loop
      vertex -18.7094 -46.2933 3.2
      vertex -18.7013 -46.3824 4.4
      vertex -18.7013 -46.3824 3.2
    endloop
  endfacet
  facet normal 0.995893 0.0905357 -0
    outer loop
      vertex -18.7094 -46.2933 3.2
      vertex -18.7094 -46.2933 4.4
      vertex -18.7013 -46.3824 4.4
    endloop
  endfacet
  facet normal 0.991295 0.131656 0
    outer loop
      vertex -18.7213 -46.2037 3.2
      vertex -18.7094 -46.2933 4.4
      vertex -18.7094 -46.2933 3.2
    endloop
  endfacet
  facet normal 0.991295 0.131656 -0
    outer loop
      vertex -18.7213 -46.2037 3.2
      vertex -18.7213 -46.2037 4.4
      vertex -18.7094 -46.2933 4.4
    endloop
  endfacet
  facet normal 0.984729 0.174096 0
    outer loop
      vertex -18.7373 -46.1132 3.2
      vertex -18.7213 -46.2037 4.4
      vertex -18.7213 -46.2037 3.2
    endloop
  endfacet
  facet normal 0.984729 0.174096 -0
    outer loop
      vertex -18.7373 -46.1132 3.2
      vertex -18.7373 -46.1132 4.4
      vertex -18.7213 -46.2037 4.4
    endloop
  endfacet
  facet normal 0.977253 0.212076 0
    outer loop
      vertex -18.7572 -46.0215 3.2
      vertex -18.7373 -46.1132 4.4
      vertex -18.7373 -46.1132 3.2
    endloop
  endfacet
  facet normal 0.977253 0.212076 -0
    outer loop
      vertex -18.7572 -46.0215 3.2
      vertex -18.7572 -46.0215 4.4
      vertex -18.7373 -46.1132 4.4
    endloop
  endfacet
  facet normal 0.968471 0.249124 0
    outer loop
      vertex -18.7812 -45.9282 3.2
      vertex -18.7572 -46.0215 4.4
      vertex -18.7572 -46.0215 3.2
    endloop
  endfacet
  facet normal 0.968471 0.249124 -0
    outer loop
      vertex -18.7812 -45.9282 3.2
      vertex -18.7812 -45.9282 4.4
      vertex -18.7572 -46.0215 4.4
    endloop
  endfacet
  facet normal 0.959092 0.283093 0
    outer loop
      vertex -18.8093 -45.833 3.2
      vertex -18.7812 -45.9282 4.4
      vertex -18.7812 -45.9282 3.2
    endloop
  endfacet
  facet normal 0.959092 0.283093 -0
    outer loop
      vertex -18.8093 -45.833 3.2
      vertex -18.8093 -45.833 4.4
      vertex -18.7812 -45.9282 4.4
    endloop
  endfacet
  facet normal 0.949362 0.314184 0
    outer loop
      vertex -18.8416 -45.7354 3.2
      vertex -18.8093 -45.833 4.4
      vertex -18.8093 -45.833 3.2
    endloop
  endfacet
  facet normal 0.949362 0.314184 -0
    outer loop
      vertex -18.8416 -45.7354 3.2
      vertex -18.8416 -45.7354 4.4
      vertex -18.8093 -45.833 4.4
    endloop
  endfacet
  facet normal 0.939903 0.341442 0
    outer loop
      vertex -18.878 -45.6352 3.2
      vertex -18.8416 -45.7354 4.4
      vertex -18.8416 -45.7354 3.2
    endloop
  endfacet
  facet normal 0.939903 0.341442 -0
    outer loop
      vertex -18.878 -45.6352 3.2
      vertex -18.878 -45.6352 4.4
      vertex -18.8416 -45.7354 4.4
    endloop
  endfacet
  facet normal 0.930697 0.365792 0
    outer loop
      vertex -18.9186 -45.5319 3.2
      vertex -18.878 -45.6352 4.4
      vertex -18.878 -45.6352 3.2
    endloop
  endfacet
  facet normal 0.930697 0.365792 -0
    outer loop
      vertex -18.9186 -45.5319 3.2
      vertex -18.9186 -45.5319 4.4
      vertex -18.878 -45.6352 4.4
    endloop
  endfacet
  facet normal 0.921766 0.387747 0
    outer loop
      vertex -18.9634 -45.4254 3.2
      vertex -18.9186 -45.5319 4.4
      vertex -18.9186 -45.5319 3.2
    endloop
  endfacet
  facet normal 0.921766 0.387747 -0
    outer loop
      vertex -18.9634 -45.4254 3.2
      vertex -18.9634 -45.4254 4.4
      vertex -18.9186 -45.5319 4.4
    endloop
  endfacet
  facet normal 0.920036 0.391835 0
    outer loop
      vertex -18.9861 -45.3721 3.2
      vertex -18.9634 -45.4254 4.4
      vertex -18.9634 -45.4254 3.2
    endloop
  endfacet
  facet normal 0.920036 0.391835 -0
    outer loop
      vertex -18.9861 -45.3721 3.2
      vertex -18.9861 -45.3721 4.4
      vertex -18.9634 -45.4254 4.4
    endloop
  endfacet
  facet normal 0.924326 0.381603 0
    outer loop
      vertex -19.0086 -45.3176 3.2
      vertex -18.9861 -45.3721 4.4
      vertex -18.9861 -45.3721 3.2
    endloop
  endfacet
  facet normal 0.924326 0.381603 -0
    outer loop
      vertex -19.0086 -45.3176 3.2
      vertex -19.0086 -45.3176 4.4
      vertex -18.9861 -45.3721 4.4
    endloop
  endfacet
  facet normal 0.928245 0.371968 0
    outer loop
      vertex -19.0308 -45.2622 3.2
      vertex -19.0086 -45.3176 4.4
      vertex -19.0086 -45.3176 3.2
    endloop
  endfacet
  facet normal 0.928245 0.371968 -0
    outer loop
      vertex -19.0308 -45.2622 3.2
      vertex -19.0308 -45.2622 4.4
      vertex -19.0086 -45.3176 4.4
    endloop
  endfacet
  facet normal 0.932316 0.361646 0
    outer loop
      vertex -19.0526 -45.206 3.2
      vertex -19.0308 -45.2622 4.4
      vertex -19.0308 -45.2622 3.2
    endloop
  endfacet
  facet normal 0.932316 0.361646 -0
    outer loop
      vertex -19.0526 -45.206 3.2
      vertex -19.0526 -45.206 4.4
      vertex -19.0308 -45.2622 4.4
    endloop
  endfacet
  facet normal 0.935375 0.353658 0
    outer loop
      vertex -19.074 -45.1494 3.2
      vertex -19.0526 -45.206 4.4
      vertex -19.0526 -45.206 3.2
    endloop
  endfacet
  facet normal 0.935375 0.353658 -0
    outer loop
      vertex -19.074 -45.1494 3.2
      vertex -19.074 -45.1494 4.4
      vertex -19.0526 -45.206 4.4
    endloop
  endfacet
  facet normal 0.938484 0.345322 0
    outer loop
      vertex -19.0949 -45.0926 3.2
      vertex -19.074 -45.1494 4.4
      vertex -19.074 -45.1494 3.2
    endloop
  endfacet
  facet normal 0.938484 0.345322 -0
    outer loop
      vertex -19.0949 -45.0926 3.2
      vertex -19.0949 -45.0926 4.4
      vertex -19.074 -45.1494 4.4
    endloop
  endfacet
  facet normal 0.941479 0.337073 0
    outer loop
      vertex -19.1152 -45.0359 3.2
      vertex -19.0949 -45.0926 4.4
      vertex -19.0949 -45.0926 3.2
    endloop
  endfacet
  facet normal 0.941479 0.337073 -0
    outer loop
      vertex -19.1152 -45.0359 3.2
      vertex -19.1152 -45.0359 4.4
      vertex -19.0949 -45.0926 4.4
    endloop
  endfacet
  facet normal 0.943884 0.330276 0
    outer loop
      vertex -19.1349 -44.9796 3.2
      vertex -19.1152 -45.0359 4.4
      vertex -19.1152 -45.0359 3.2
    endloop
  endfacet
  facet normal 0.943884 0.330276 -0
    outer loop
      vertex -19.1349 -44.9796 3.2
      vertex -19.1349 -44.9796 4.4
      vertex -19.1152 -45.0359 4.4
    endloop
  endfacet
  facet normal 0.946274 0.323367 0
    outer loop
      vertex -19.1539 -44.924 3.2
      vertex -19.1349 -44.9796 4.4
      vertex -19.1349 -44.9796 3.2
    endloop
  endfacet
  facet normal 0.946274 0.323367 -0
    outer loop
      vertex -19.1539 -44.924 3.2
      vertex -19.1539 -44.924 4.4
      vertex -19.1349 -44.9796 4.4
    endloop
  endfacet
  facet normal 0.949029 0.315188 0
    outer loop
      vertex -19.1721 -44.8692 3.2
      vertex -19.1539 -44.924 4.4
      vertex -19.1539 -44.924 3.2
    endloop
  endfacet
  facet normal 0.949029 0.315188 -0
    outer loop
      vertex -19.1721 -44.8692 3.2
      vertex -19.1721 -44.8692 4.4
      vertex -19.1539 -44.924 4.4
    endloop
  endfacet
  facet normal 0.951138 0.308765 0
    outer loop
      vertex -19.1895 -44.8156 3.2
      vertex -19.1721 -44.8692 4.4
      vertex -19.1721 -44.8692 3.2
    endloop
  endfacet
  facet normal 0.951138 0.308765 -0
    outer loop
      vertex -19.1895 -44.8156 3.2
      vertex -19.1895 -44.8156 4.4
      vertex -19.1721 -44.8692 4.4
    endloop
  endfacet
  facet normal 0.953859 0.300255 0
    outer loop
      vertex -19.2059 -44.7635 3.2
      vertex -19.1895 -44.8156 4.4
      vertex -19.1895 -44.8156 3.2
    endloop
  endfacet
  facet normal 0.953859 0.300255 -0
    outer loop
      vertex -19.2059 -44.7635 3.2
      vertex -19.2059 -44.7635 4.4
      vertex -19.1895 -44.8156 4.4
    endloop
  endfacet
  facet normal 0.956352 0.292219 0
    outer loop
      vertex -19.2213 -44.7131 3.2
      vertex -19.2059 -44.7635 4.4
      vertex -19.2059 -44.7635 3.2
    endloop
  endfacet
  facet normal 0.956352 0.292219 -0
    outer loop
      vertex -19.2213 -44.7131 3.2
      vertex -19.2213 -44.7131 4.4
      vertex -19.2059 -44.7635 4.4
    endloop
  endfacet
  facet normal 0.958316 0.285709 0
    outer loop
      vertex -19.2357 -44.6648 3.2
      vertex -19.2213 -44.7131 4.4
      vertex -19.2213 -44.7131 3.2
    endloop
  endfacet
  facet normal 0.958316 0.285709 -0
    outer loop
      vertex -19.2357 -44.6648 3.2
      vertex -19.2357 -44.6648 4.4
      vertex -19.2213 -44.7131 4.4
    endloop
  endfacet
  facet normal 0.961366 0.275272 0
    outer loop
      vertex -19.2489 -44.6187 3.2
      vertex -19.2357 -44.6648 4.4
      vertex -19.2357 -44.6648 3.2
    endloop
  endfacet
  facet normal 0.961366 0.275272 -0
    outer loop
      vertex -19.2489 -44.6187 3.2
      vertex -19.2489 -44.6187 4.4
      vertex -19.2357 -44.6648 4.4
    endloop
  endfacet
  facet normal 0.964149 0.265362 0
    outer loop
      vertex -19.2609 -44.5751 3.2
      vertex -19.2489 -44.6187 4.4
      vertex -19.2489 -44.6187 3.2
    endloop
  endfacet
  facet normal 0.964149 0.265362 -0
    outer loop
      vertex -19.2609 -44.5751 3.2
      vertex -19.2609 -44.5751 4.4
      vertex -19.2489 -44.6187 4.4
    endloop
  endfacet
  facet normal 0.967289 0.253676 0
    outer loop
      vertex -19.2716 -44.5343 3.2
      vertex -19.2609 -44.5751 4.4
      vertex -19.2609 -44.5751 3.2
    endloop
  endfacet
  facet normal 0.967289 0.253676 -0
    outer loop
      vertex -19.2716 -44.5343 3.2
      vertex -19.2716 -44.5343 4.4
      vertex -19.2609 -44.5751 4.4
    endloop
  endfacet
  facet normal 0.970294 0.24193 0
    outer loop
      vertex -19.281 -44.4966 3.2
      vertex -19.2716 -44.5343 4.4
      vertex -19.2716 -44.5343 3.2
    endloop
  endfacet
  facet normal 0.970294 0.24193 -0
    outer loop
      vertex -19.281 -44.4966 3.2
      vertex -19.281 -44.4966 4.4
      vertex -19.2716 -44.5343 4.4
    endloop
  endfacet
  facet normal 0.973862 0.22714 0
    outer loop
      vertex -19.289 -44.4623 3.2
      vertex -19.281 -44.4966 4.4
      vertex -19.281 -44.4966 3.2
    endloop
  endfacet
  facet normal 0.973862 0.22714 -0
    outer loop
      vertex -19.289 -44.4623 3.2
      vertex -19.289 -44.4623 4.4
      vertex -19.281 -44.4966 4.4
    endloop
  endfacet
  facet normal 0.978954 0.204082 0
    outer loop
      vertex -19.2954 -44.4316 3.2
      vertex -19.289 -44.4623 4.4
      vertex -19.289 -44.4623 3.2
    endloop
  endfacet
  facet normal 0.978954 0.204082 -0
    outer loop
      vertex -19.2954 -44.4316 3.2
      vertex -19.2954 -44.4316 4.4
      vertex -19.289 -44.4623 4.4
    endloop
  endfacet
  facet normal 0.971313 0.237804 0
    outer loop
      vertex -19.3025 -44.4026 3.2
      vertex -19.2954 -44.4316 4.4
      vertex -19.2954 -44.4316 3.2
    endloop
  endfacet
  facet normal 0.971313 0.237804 -0
    outer loop
      vertex -19.3025 -44.4026 3.2
      vertex -19.3025 -44.4026 4.4
      vertex -19.2954 -44.4316 4.4
    endloop
  endfacet
  facet normal 0.959272 0.282485 0
    outer loop
      vertex -19.3121 -44.37 3.2
      vertex -19.3025 -44.4026 4.4
      vertex -19.3025 -44.4026 3.2
    endloop
  endfacet
  facet normal 0.959272 0.282485 -0
    outer loop
      vertex -19.3121 -44.37 3.2
      vertex -19.3121 -44.37 4.4
      vertex -19.3025 -44.4026 4.4
    endloop
  endfacet
  facet normal 0.948683 0.316228 0
    outer loop
      vertex -19.3241 -44.334 3.2
      vertex -19.3121 -44.37 4.4
      vertex -19.3121 -44.37 3.2
    endloop
  endfacet
  facet normal 0.948683 0.316228 -0
    outer loop
      vertex -19.3241 -44.334 3.2
      vertex -19.3241 -44.334 4.4
      vertex -19.3121 -44.37 4.4
    endloop
  endfacet
  facet normal 0.938096 0.346374 0
    outer loop
      vertex -19.3385 -44.295 3.2
      vertex -19.3241 -44.334 4.4
      vertex -19.3241 -44.334 3.2
    endloop
  endfacet
  facet normal 0.938096 0.346374 -0
    outer loop
      vertex -19.3385 -44.295 3.2
      vertex -19.3385 -44.295 4.4
      vertex -19.3241 -44.334 4.4
    endloop
  endfacet
  facet normal 0.930155 0.367167 0
    outer loop
      vertex -19.355 -44.2532 3.2
      vertex -19.3385 -44.295 4.4
      vertex -19.3385 -44.295 3.2
    endloop
  endfacet
  facet normal 0.930155 0.367167 -0
    outer loop
      vertex -19.355 -44.2532 3.2
      vertex -19.355 -44.2532 4.4
      vertex -19.3385 -44.295 4.4
    endloop
  endfacet
  facet normal 0.922027 0.387126 0
    outer loop
      vertex -19.3736 -44.2089 3.2
      vertex -19.355 -44.2532 4.4
      vertex -19.355 -44.2532 3.2
    endloop
  endfacet
  facet normal 0.922027 0.387126 -0
    outer loop
      vertex -19.3736 -44.2089 3.2
      vertex -19.3736 -44.2089 4.4
      vertex -19.355 -44.2532 4.4
    endloop
  endfacet
  facet normal 0.914297 0.405044 0
    outer loop
      vertex -19.3942 -44.1624 3.2
      vertex -19.3736 -44.2089 4.4
      vertex -19.3736 -44.2089 3.2
    endloop
  endfacet
  facet normal 0.914297 0.405044 -0
    outer loop
      vertex -19.3942 -44.1624 3.2
      vertex -19.3942 -44.1624 4.4
      vertex -19.3736 -44.2089 4.4
    endloop
  endfacet
  facet normal 0.90752 0.420009 0
    outer loop
      vertex -19.4166 -44.114 3.2
      vertex -19.3942 -44.1624 4.4
      vertex -19.3942 -44.1624 3.2
    endloop
  endfacet
  facet normal 0.90752 0.420009 -0
    outer loop
      vertex -19.4166 -44.114 3.2
      vertex -19.4166 -44.114 4.4
      vertex -19.3942 -44.1624 4.4
    endloop
  endfacet
  facet normal 0.90186 0.432029 0
    outer loop
      vertex -19.4406 -44.0639 3.2
      vertex -19.4166 -44.114 4.4
      vertex -19.4166 -44.114 3.2
    endloop
  endfacet
  facet normal 0.90186 0.432029 -0
    outer loop
      vertex -19.4406 -44.0639 3.2
      vertex -19.4406 -44.0639 4.4
      vertex -19.4166 -44.114 4.4
    endloop
  endfacet
  facet normal 0.895468 0.445126 0
    outer loop
      vertex -19.4662 -44.0124 3.2
      vertex -19.4406 -44.0639 4.4
      vertex -19.4406 -44.0639 3.2
    endloop
  endfacet
  facet normal 0.895468 0.445126 -0
    outer loop
      vertex -19.4662 -44.0124 3.2
      vertex -19.4662 -44.0124 4.4
      vertex -19.4406 -44.0639 4.4
    endloop
  endfacet
  facet normal 0.889641 0.45666 0
    outer loop
      vertex -19.4932 -43.9598 3.2
      vertex -19.4662 -44.0124 4.4
      vertex -19.4662 -44.0124 3.2
    endloop
  endfacet
  facet normal 0.889641 0.45666 -0
    outer loop
      vertex -19.4932 -43.9598 3.2
      vertex -19.4932 -43.9598 4.4
      vertex -19.4662 -44.0124 4.4
    endloop
  endfacet
  facet normal 0.883587 0.468268 0
    outer loop
      vertex -19.5215 -43.9064 3.2
      vertex -19.4932 -43.9598 4.4
      vertex -19.4932 -43.9598 3.2
    endloop
  endfacet
  facet normal 0.883587 0.468268 -0
    outer loop
      vertex -19.5215 -43.9064 3.2
      vertex -19.5215 -43.9064 4.4
      vertex -19.4932 -43.9598 4.4
    endloop
  endfacet
  facet normal 0.877585 0.479421 0
    outer loop
      vertex -19.551 -43.8524 3.2
      vertex -19.5215 -43.9064 4.4
      vertex -19.5215 -43.9064 3.2
    endloop
  endfacet
  facet normal 0.877585 0.479421 -0
    outer loop
      vertex -19.551 -43.8524 3.2
      vertex -19.551 -43.8524 4.4
      vertex -19.5215 -43.9064 4.4
    endloop
  endfacet
  facet normal 0.87149 0.490414 0
    outer loop
      vertex -19.5815 -43.7982 3.2
      vertex -19.551 -43.8524 4.4
      vertex -19.551 -43.8524 3.2
    endloop
  endfacet
  facet normal 0.87149 0.490414 -0
    outer loop
      vertex -19.5815 -43.7982 3.2
      vertex -19.5815 -43.7982 4.4
      vertex -19.551 -43.8524 4.4
    endloop
  endfacet
  facet normal 0.865281 0.501288 0
    outer loop
      vertex -19.6129 -43.744 3.2
      vertex -19.5815 -43.7982 4.4
      vertex -19.5815 -43.7982 3.2
    endloop
  endfacet
  facet normal 0.865281 0.501288 -0
    outer loop
      vertex -19.6129 -43.744 3.2
      vertex -19.6129 -43.744 4.4
      vertex -19.5815 -43.7982 4.4
    endloop
  endfacet
  facet normal 0.858475 0.512855 0
    outer loop
      vertex -19.6451 -43.6901 3.2
      vertex -19.6129 -43.744 4.4
      vertex -19.6129 -43.744 3.2
    endloop
  endfacet
  facet normal 0.858475 0.512855 -0
    outer loop
      vertex -19.6451 -43.6901 3.2
      vertex -19.6451 -43.6901 4.4
      vertex -19.6129 -43.744 4.4
    endloop
  endfacet
  facet normal 0.850945 0.525255 0
    outer loop
      vertex -19.678 -43.6368 3.2
      vertex -19.6451 -43.6901 4.4
      vertex -19.6451 -43.6901 3.2
    endloop
  endfacet
  facet normal 0.850945 0.525255 -0
    outer loop
      vertex -19.678 -43.6368 3.2
      vertex -19.678 -43.6368 4.4
      vertex -19.6451 -43.6901 4.4
    endloop
  endfacet
  facet normal 0.843728 0.536771 0
    outer loop
      vertex -19.7114 -43.5843 3.2
      vertex -19.678 -43.6368 4.4
      vertex -19.678 -43.6368 3.2
    endloop
  endfacet
  facet normal 0.843728 0.536771 -0
    outer loop
      vertex -19.7114 -43.5843 3.2
      vertex -19.7114 -43.5843 4.4
      vertex -19.678 -43.6368 4.4
    endloop
  endfacet
  facet normal 0.835043 0.550184 0
    outer loop
      vertex -19.7452 -43.533 3.2
      vertex -19.7114 -43.5843 4.4
      vertex -19.7114 -43.5843 3.2
    endloop
  endfacet
  facet normal 0.835043 0.550184 -0
    outer loop
      vertex -19.7452 -43.533 3.2
      vertex -19.7452 -43.533 4.4
      vertex -19.7114 -43.5843 4.4
    endloop
  endfacet
  facet normal 0.826402 0.56308 0
    outer loop
      vertex -19.7792 -43.4831 3.2
      vertex -19.7452 -43.533 4.4
      vertex -19.7452 -43.533 3.2
    endloop
  endfacet
  facet normal 0.826402 0.56308 -0
    outer loop
      vertex -19.7792 -43.4831 3.2
      vertex -19.7792 -43.4831 4.4
      vertex -19.7452 -43.533 4.4
    endloop
  endfacet
  facet normal 0.833525 0.552482 0
    outer loop
      vertex -19.8655 -43.3529 3.2
      vertex -19.7792 -43.4831 4.4
      vertex -19.7792 -43.4831 3.2
    endloop
  endfacet
  facet normal 0.833525 0.552482 -0
    outer loop
      vertex -19.8655 -43.3529 3.2
      vertex -19.8655 -43.3529 4.4
      vertex -19.7792 -43.4831 4.4
    endloop
  endfacet
  facet normal 0.848967 0.528446 0
    outer loop
      vertex -19.942 -43.23 3.2
      vertex -19.8655 -43.3529 4.4
      vertex -19.8655 -43.3529 3.2
    endloop
  endfacet
  facet normal 0.848967 0.528446 -0
    outer loop
      vertex -19.942 -43.23 3.2
      vertex -19.942 -43.23 4.4
      vertex -19.8655 -43.3529 4.4
    endloop
  endfacet
  facet normal 0.865887 0.50024 0
    outer loop
      vertex -20.0089 -43.1142 3.2
      vertex -19.942 -43.23 4.4
      vertex -19.942 -43.23 3.2
    endloop
  endfacet
  facet normal 0.865887 0.50024 -0
    outer loop
      vertex -20.0089 -43.1142 3.2
      vertex -20.0089 -43.1142 4.4
      vertex -19.942 -43.23 4.4
    endloop
  endfacet
  facet normal 0.884936 0.465713 0
    outer loop
      vertex -20.066 -43.0057 3.2
      vertex -20.0089 -43.1142 4.4
      vertex -20.0089 -43.1142 3.2
    endloop
  endfacet
  facet normal 0.884936 0.465713 -0
    outer loop
      vertex -20.066 -43.0057 3.2
      vertex -20.066 -43.0057 4.4
      vertex -20.0089 -43.1142 4.4
    endloop
  endfacet
  facet normal 0.906252 0.422739 0
    outer loop
      vertex -20.1133 -42.9043 3.2
      vertex -20.066 -43.0057 4.4
      vertex -20.066 -43.0057 3.2
    endloop
  endfacet
  facet normal 0.906252 0.422739 -0
    outer loop
      vertex -20.1133 -42.9043 3.2
      vertex -20.1133 -42.9043 4.4
      vertex -20.066 -43.0057 4.4
    endloop
  endfacet
  facet normal 0.928409 0.371561 0
    outer loop
      vertex -20.151 -42.8101 3.2
      vertex -20.1133 -42.9043 4.4
      vertex -20.1133 -42.9043 3.2
    endloop
  endfacet
  facet normal 0.928409 0.371561 -0
    outer loop
      vertex -20.151 -42.8101 3.2
      vertex -20.151 -42.8101 4.4
      vertex -20.1133 -42.9043 4.4
    endloop
  endfacet
  facet normal 0.952437 0.304736 0
    outer loop
      vertex -20.1789 -42.7229 3.2
      vertex -20.151 -42.8101 4.4
      vertex -20.151 -42.8101 3.2
    endloop
  endfacet
  facet normal 0.952437 0.304736 -0
    outer loop
      vertex -20.1789 -42.7229 3.2
      vertex -20.1789 -42.7229 4.4
      vertex -20.151 -42.8101 4.4
    endloop
  endfacet
  facet normal 0.975466 0.220149 0
    outer loop
      vertex -20.197 -42.6427 3.2
      vertex -20.1789 -42.7229 4.4
      vertex -20.1789 -42.7229 3.2
    endloop
  endfacet
  facet normal 0.975466 0.220149 -0
    outer loop
      vertex -20.197 -42.6427 3.2
      vertex -20.197 -42.6427 4.4
      vertex -20.1789 -42.7229 4.4
    endloop
  endfacet
  facet normal 0.993616 0.112818 0
    outer loop
      vertex -20.2053 -42.5696 3.2
      vertex -20.197 -42.6427 4.4
      vertex -20.197 -42.6427 3.2
    endloop
  endfacet
  facet normal 0.993616 0.112818 -0
    outer loop
      vertex -20.2053 -42.5696 3.2
      vertex -20.2053 -42.5696 4.4
      vertex -20.197 -42.6427 4.4
    endloop
  endfacet
  facet normal 0.999743 -0.022687 0
    outer loop
      vertex -20.2038 -42.5035 3.2
      vertex -20.2053 -42.5696 4.4
      vertex -20.2053 -42.5696 3.2
    endloop
  endfacet
  facet normal 0.999743 -0.022687 0
    outer loop
      vertex -20.2038 -42.5035 3.2
      vertex -20.2038 -42.5035 4.4
      vertex -20.2053 -42.5696 4.4
    endloop
  endfacet
  facet normal 0.982018 -0.188786 0
    outer loop
      vertex -20.1924 -42.4442 3.2
      vertex -20.2038 -42.5035 4.4
      vertex -20.2038 -42.5035 3.2
    endloop
  endfacet
  facet normal 0.982018 -0.188786 0
    outer loop
      vertex -20.1924 -42.4442 3.2
      vertex -20.1924 -42.4442 4.4
      vertex -20.2038 -42.5035 4.4
    endloop
  endfacet
  facet normal 0.927372 -0.374141 0
    outer loop
      vertex -20.1713 -42.3919 3.2
      vertex -20.1924 -42.4442 4.4
      vertex -20.1924 -42.4442 3.2
    endloop
  endfacet
  facet normal 0.927372 -0.374141 0
    outer loop
      vertex -20.1713 -42.3919 3.2
      vertex -20.1713 -42.3919 4.4
      vertex -20.1924 -42.4442 4.4
    endloop
  endfacet
  facet normal 0.825842 -0.563901 0
    outer loop
      vertex -20.1403 -42.3465 3.2
      vertex -20.1713 -42.3919 4.4
      vertex -20.1713 -42.3919 3.2
    endloop
  endfacet
  facet normal 0.825842 -0.563901 0
    outer loop
      vertex -20.1403 -42.3465 3.2
      vertex -20.1403 -42.3465 4.4
      vertex -20.1713 -42.3919 4.4
    endloop
  endfacet
  facet normal 0.686309 -0.72731 0
    outer loop
      vertex -20.0995 -42.308 3.2
      vertex -20.1403 -42.3465 4.4
      vertex -20.1403 -42.3465 3.2
    endloop
  endfacet
  facet normal 0.686309 -0.72731 0
    outer loop
      vertex -20.0995 -42.308 3.2
      vertex -20.0995 -42.308 4.4
      vertex -20.1403 -42.3465 4.4
    endloop
  endfacet
  facet normal 0.530599 -0.847623 0
    outer loop
      vertex -20.0487 -42.2762 3.2
      vertex -20.0995 -42.308 4.4
      vertex -20.0995 -42.308 3.2
    endloop
  endfacet
  facet normal 0.530599 -0.847623 0
    outer loop
      vertex -20.0487 -42.2762 3.2
      vertex -20.0487 -42.2762 4.4
      vertex -20.0995 -42.308 4.4
    endloop
  endfacet
  facet normal 0.381364 -0.924425 0
    outer loop
      vertex -19.9881 -42.2512 3.2
      vertex -20.0487 -42.2762 4.4
      vertex -20.0487 -42.2762 3.2
    endloop
  endfacet
  facet normal 0.381364 -0.924425 0
    outer loop
      vertex -19.9881 -42.2512 3.2
      vertex -19.9881 -42.2512 4.4
      vertex -20.0487 -42.2762 4.4
    endloop
  endfacet
  facet normal 0.249961 -0.968256 0
    outer loop
      vertex -19.9176 -42.233 3.2
      vertex -19.9881 -42.2512 4.4
      vertex -19.9881 -42.2512 3.2
    endloop
  endfacet
  facet normal 0.249961 -0.968256 0
    outer loop
      vertex -19.9176 -42.233 3.2
      vertex -19.9176 -42.233 4.4
      vertex -19.9881 -42.2512 4.4
    endloop
  endfacet
  facet normal 0.142626 -0.989777 0
    outer loop
      vertex -19.8371 -42.2214 3.2
      vertex -19.9176 -42.233 4.4
      vertex -19.9176 -42.233 3.2
    endloop
  endfacet
  facet normal 0.142626 -0.989777 0
    outer loop
      vertex -19.8371 -42.2214 3.2
      vertex -19.8371 -42.2214 4.4
      vertex -19.9176 -42.233 4.4
    endloop
  endfacet
  facet normal 0.0541839 -0.998531 0
    outer loop
      vertex -19.7468 -42.2165 3.2
      vertex -19.8371 -42.2214 4.4
      vertex -19.8371 -42.2214 3.2
    endloop
  endfacet
  facet normal 0.0541839 -0.998531 0
    outer loop
      vertex -19.7468 -42.2165 3.2
      vertex -19.7468 -42.2165 4.4
      vertex -19.8371 -42.2214 4.4
    endloop
  endfacet
  facet normal -0.0179254 -0.999839 0
    outer loop
      vertex -19.6464 -42.2183 3.2
      vertex -19.7468 -42.2165 4.4
      vertex -19.7468 -42.2165 3.2
    endloop
  endfacet
  facet normal -0.0179254 -0.999839 0
    outer loop
      vertex -19.6464 -42.2183 3.2
      vertex -19.6464 -42.2183 4.4
      vertex -19.7468 -42.2165 4.4
    endloop
  endfacet
  facet normal -0.0191811 -0.999816 0
    outer loop
      vertex -19.563 -42.2199 3.2
      vertex -19.6464 -42.2183 4.4
      vertex -19.6464 -42.2183 3.2
    endloop
  endfacet
  facet normal -0.0191811 -0.999816 0
    outer loop
      vertex -19.563 -42.2199 3.2
      vertex -19.563 -42.2199 4.4
      vertex -19.6464 -42.2183 4.4
    endloop
  endfacet
  facet normal 0.0231082 -0.999733 0
    outer loop
      vertex -19.4808 -42.218 3.2
      vertex -19.563 -42.2199 4.4
      vertex -19.563 -42.2199 3.2
    endloop
  endfacet
  facet normal 0.0231082 -0.999733 0
    outer loop
      vertex -19.4808 -42.218 3.2
      vertex -19.4808 -42.218 4.4
      vertex -19.563 -42.2199 4.4
    endloop
  endfacet
  facet normal 0.0688021 -0.99763 0
    outer loop
      vertex -19.3996 -42.2124 3.2
      vertex -19.4808 -42.218 4.4
      vertex -19.4808 -42.218 3.2
    endloop
  endfacet
  facet normal 0.0688021 -0.99763 0
    outer loop
      vertex -19.3996 -42.2124 3.2
      vertex -19.3996 -42.2124 4.4
      vertex -19.4808 -42.218 4.4
    endloop
  endfacet
  facet normal 0.113021 -0.993593 0
    outer loop
      vertex -19.3196 -42.2033 3.2
      vertex -19.3996 -42.2124 4.4
      vertex -19.3996 -42.2124 3.2
    endloop
  endfacet
  facet normal 0.113021 -0.993593 0
    outer loop
      vertex -19.3196 -42.2033 3.2
      vertex -19.3196 -42.2033 4.4
      vertex -19.3996 -42.2124 4.4
    endloop
  endfacet
  facet normal 0.158722 -0.987323 0
    outer loop
      vertex -19.2406 -42.1906 3.2
      vertex -19.3196 -42.2033 4.4
      vertex -19.3196 -42.2033 3.2
    endloop
  endfacet
  facet normal 0.158722 -0.987323 0
    outer loop
      vertex -19.2406 -42.1906 3.2
      vertex -19.2406 -42.1906 4.4
      vertex -19.3196 -42.2033 4.4
    endloop
  endfacet
  facet normal 0.204807 -0.978802 0
    outer loop
      vertex -19.1627 -42.1743 3.2
      vertex -19.2406 -42.1906 4.4
      vertex -19.2406 -42.1906 3.2
    endloop
  endfacet
  facet normal 0.204807 -0.978802 0
    outer loop
      vertex -19.1627 -42.1743 3.2
      vertex -19.1627 -42.1743 4.4
      vertex -19.2406 -42.1906 4.4
    endloop
  endfacet
  facet normal 0.250525 -0.96811 0
    outer loop
      vertex -19.0858 -42.1544 3.2
      vertex -19.1627 -42.1743 4.4
      vertex -19.1627 -42.1743 3.2
    endloop
  endfacet
  facet normal 0.250525 -0.96811 0
    outer loop
      vertex -19.0858 -42.1544 3.2
      vertex -19.0858 -42.1544 4.4
      vertex -19.1627 -42.1743 4.4
    endloop
  endfacet
  facet normal 0.296122 -0.95515 0
    outer loop
      vertex -19.01 -42.1309 3.2
      vertex -19.0858 -42.1544 4.4
      vertex -19.0858 -42.1544 3.2
    endloop
  endfacet
  facet normal 0.296122 -0.95515 0
    outer loop
      vertex -19.01 -42.1309 3.2
      vertex -19.01 -42.1309 4.4
      vertex -19.0858 -42.1544 4.4
    endloop
  endfacet
  facet normal 0.341743 -0.939793 0
    outer loop
      vertex -18.9352 -42.1037 3.2
      vertex -19.01 -42.1309 4.4
      vertex -19.01 -42.1309 3.2
    endloop
  endfacet
  facet normal 0.341743 -0.939793 0
    outer loop
      vertex -18.9352 -42.1037 3.2
      vertex -18.9352 -42.1037 4.4
      vertex -19.01 -42.1309 4.4
    endloop
  endfacet
  facet normal 0.385148 -0.922855 0
    outer loop
      vertex -18.8614 -42.0729 3.2
      vertex -18.9352 -42.1037 4.4
      vertex -18.9352 -42.1037 3.2
    endloop
  endfacet
  facet normal 0.385148 -0.922855 0
    outer loop
      vertex -18.8614 -42.0729 3.2
      vertex -18.8614 -42.0729 4.4
      vertex -18.9352 -42.1037 4.4
    endloop
  endfacet
  facet normal 0.427232 -0.904142 0
    outer loop
      vertex -18.7886 -42.0385 3.2
      vertex -18.8614 -42.0729 4.4
      vertex -18.8614 -42.0729 3.2
    endloop
  endfacet
  facet normal 0.427232 -0.904142 0
    outer loop
      vertex -18.7886 -42.0385 3.2
      vertex -18.7886 -42.0385 4.4
      vertex -18.8614 -42.0729 4.4
    endloop
  endfacet
  facet normal 0.468735 -0.883339 0
    outer loop
      vertex -18.7168 -42.0004 3.2
      vertex -18.7886 -42.0385 4.4
      vertex -18.7886 -42.0385 3.2
    endloop
  endfacet
  facet normal 0.468735 -0.883339 0
    outer loop
      vertex -18.7168 -42.0004 3.2
      vertex -18.7168 -42.0004 4.4
      vertex -18.7886 -42.0385 4.4
    endloop
  endfacet
  facet normal 0.507499 -0.861653 0
    outer loop
      vertex -18.646 -41.9587 3.2
      vertex -18.7168 -42.0004 4.4
      vertex -18.7168 -42.0004 3.2
    endloop
  endfacet
  facet normal 0.507499 -0.861653 0
    outer loop
      vertex -18.646 -41.9587 3.2
      vertex -18.646 -41.9587 4.4
      vertex -18.7168 -42.0004 4.4
    endloop
  endfacet
  facet normal 0.544693 -0.838635 0
    outer loop
      vertex -18.5761 -41.9133 3.2
      vertex -18.646 -41.9587 4.4
      vertex -18.646 -41.9587 3.2
    endloop
  endfacet
  facet normal 0.544693 -0.838635 0
    outer loop
      vertex -18.5761 -41.9133 3.2
      vertex -18.5761 -41.9133 4.4
      vertex -18.646 -41.9587 4.4
    endloop
  endfacet
  facet normal 0.580343 -0.814372 0
    outer loop
      vertex -18.5072 -41.8642 3.2
      vertex -18.5761 -41.9133 4.4
      vertex -18.5761 -41.9133 3.2
    endloop
  endfacet
  facet normal 0.580343 -0.814372 0
    outer loop
      vertex -18.5072 -41.8642 3.2
      vertex -18.5072 -41.8642 4.4
      vertex -18.5761 -41.9133 4.4
    endloop
  endfacet
  facet normal 0.612735 -0.790289 0
    outer loop
      vertex -18.4391 -41.8114 3.2
      vertex -18.5072 -41.8642 4.4
      vertex -18.5072 -41.8642 3.2
    endloop
  endfacet
  facet normal 0.612735 -0.790289 0
    outer loop
      vertex -18.4391 -41.8114 3.2
      vertex -18.4391 -41.8114 4.4
      vertex -18.5072 -41.8642 4.4
    endloop
  endfacet
  facet normal 0.643433 -0.765503 0
    outer loop
      vertex -18.372 -41.755 3.2
      vertex -18.4391 -41.8114 4.4
      vertex -18.4391 -41.8114 3.2
    endloop
  endfacet
  facet normal 0.643433 -0.765503 0
    outer loop
      vertex -18.372 -41.755 3.2
      vertex -18.372 -41.755 4.4
      vertex -18.4391 -41.8114 4.4
    endloop
  endfacet
  facet normal 0.672784 -0.739839 0
    outer loop
      vertex -18.3058 -41.6948 3.2
      vertex -18.372 -41.755 4.4
      vertex -18.372 -41.755 3.2
    endloop
  endfacet
  facet normal 0.672784 -0.739839 0
    outer loop
      vertex -18.3058 -41.6948 3.2
      vertex -18.3058 -41.6948 4.4
      vertex -18.372 -41.755 4.4
    endloop
  endfacet
  facet normal 0.698844 -0.715274 0
    outer loop
      vertex -18.2405 -41.631 3.2
      vertex -18.3058 -41.6948 4.4
      vertex -18.3058 -41.6948 3.2
    endloop
  endfacet
  facet normal 0.698844 -0.715274 0
    outer loop
      vertex -18.2405 -41.631 3.2
      vertex -18.2405 -41.631 4.4
      vertex -18.3058 -41.6948 4.4
    endloop
  endfacet
  facet normal 0.723501 -0.690323 0
    outer loop
      vertex -18.176 -41.5634 3.2
      vertex -18.2405 -41.631 4.4
      vertex -18.2405 -41.631 3.2
    endloop
  endfacet
  facet normal 0.723501 -0.690323 0
    outer loop
      vertex -18.176 -41.5634 3.2
      vertex -18.176 -41.5634 4.4
      vertex -18.2405 -41.631 4.4
    endloop
  endfacet
  facet normal 0.733924 -0.679232 0
    outer loop
      vertex -18.1375 -41.5218 3.2
      vertex -18.176 -41.5634 4.4
      vertex -18.176 -41.5634 3.2
    endloop
  endfacet
  facet normal 0.733924 -0.679232 0
    outer loop
      vertex -18.1375 -41.5218 3.2
      vertex -18.1375 -41.5218 4.4
      vertex -18.176 -41.5634 4.4
    endloop
  endfacet
  facet normal 0.719587 -0.694402 0
    outer loop
      vertex -18.0989 -41.4818 3.2
      vertex -18.1375 -41.5218 4.4
      vertex -18.1375 -41.5218 3.2
    endloop
  endfacet
  facet normal 0.719587 -0.694402 0
    outer loop
      vertex -18.0989 -41.4818 3.2
      vertex -18.0989 -41.4818 4.4
      vertex -18.1375 -41.5218 4.4
    endloop
  endfacet
  facet normal 0.705273 -0.708936 0
    outer loop
      vertex -18.0602 -41.4433 3.2
      vertex -18.0989 -41.4818 4.4
      vertex -18.0989 -41.4818 3.2
    endloop
  endfacet
  facet normal 0.705273 -0.708936 0
    outer loop
      vertex -18.0602 -41.4433 3.2
      vertex -18.0602 -41.4433 4.4
      vertex -18.0989 -41.4818 4.4
    endloop
  endfacet
  facet normal 0.689142 -0.724626 0
    outer loop
      vertex -18.0214 -41.4064 3.2
      vertex -18.0602 -41.4433 4.4
      vertex -18.0602 -41.4433 3.2
    endloop
  endfacet
  facet normal 0.689142 -0.724626 0
    outer loop
      vertex -18.0214 -41.4064 3.2
      vertex -18.0214 -41.4064 4.4
      vertex -18.0602 -41.4433 4.4
    endloop
  endfacet
  facet normal 0.671912 -0.740631 0
    outer loop
      vertex -17.9826 -41.3712 3.2
      vertex -18.0214 -41.4064 4.4
      vertex -18.0214 -41.4064 3.2
    endloop
  endfacet
  facet normal 0.671912 -0.740631 0
    outer loop
      vertex -17.9826 -41.3712 3.2
      vertex -17.9826 -41.3712 4.4
      vertex -18.0214 -41.4064 4.4
    endloop
  endfacet
  facet normal 0.653671 -0.756779 0
    outer loop
      vertex -17.9437 -41.3376 3.2
      vertex -17.9826 -41.3712 4.4
      vertex -17.9826 -41.3712 3.2
    endloop
  endfacet
  facet normal 0.653671 -0.756779 0
    outer loop
      vertex -17.9437 -41.3376 3.2
      vertex -17.9437 -41.3376 4.4
      vertex -17.9826 -41.3712 4.4
    endloop
  endfacet
  facet normal 0.634103 -0.773248 0
    outer loop
      vertex -17.9048 -41.3057 3.2
      vertex -17.9437 -41.3376 4.4
      vertex -17.9437 -41.3376 3.2
    endloop
  endfacet
  facet normal 0.634103 -0.773248 0
    outer loop
      vertex -17.9048 -41.3057 3.2
      vertex -17.9048 -41.3057 4.4
      vertex -17.9437 -41.3376 4.4
    endloop
  endfacet
  facet normal 0.613237 -0.789899 0
    outer loop
      vertex -17.8659 -41.2755 3.2
      vertex -17.9048 -41.3057 4.4
      vertex -17.9048 -41.3057 3.2
    endloop
  endfacet
  facet normal 0.613237 -0.789899 0
    outer loop
      vertex -17.8659 -41.2755 3.2
      vertex -17.8659 -41.2755 4.4
      vertex -17.9048 -41.3057 4.4
    endloop
  endfacet
  facet normal 0.590642 -0.806934 0
    outer loop
      vertex -17.8271 -41.2471 3.2
      vertex -17.8659 -41.2755 4.4
      vertex -17.8659 -41.2755 3.2
    endloop
  endfacet
  facet normal 0.590642 -0.806934 0
    outer loop
      vertex -17.8271 -41.2471 3.2
      vertex -17.8271 -41.2471 4.4
      vertex -17.8659 -41.2755 4.4
    endloop
  endfacet
  facet normal 0.566889 -0.823794 0
    outer loop
      vertex -17.7883 -41.2204 3.2
      vertex -17.8271 -41.2471 4.4
      vertex -17.8271 -41.2471 3.2
    endloop
  endfacet
  facet normal 0.566889 -0.823794 0
    outer loop
      vertex -17.7883 -41.2204 3.2
      vertex -17.7883 -41.2204 4.4
      vertex -17.8271 -41.2471 4.4
    endloop
  endfacet
  facet normal 0.541633 -0.840615 0
    outer loop
      vertex -17.7495 -41.1954 3.2
      vertex -17.7883 -41.2204 4.4
      vertex -17.7883 -41.2204 3.2
    endloop
  endfacet
  facet normal 0.541633 -0.840615 0
    outer loop
      vertex -17.7495 -41.1954 3.2
      vertex -17.7495 -41.1954 4.4
      vertex -17.7883 -41.2204 4.4
    endloop
  endfacet
  facet normal 0.513515 -0.858081 0
    outer loop
      vertex -17.7109 -41.1723 3.2
      vertex -17.7495 -41.1954 4.4
      vertex -17.7495 -41.1954 3.2
    endloop
  endfacet
  facet normal 0.513515 -0.858081 0
    outer loop
      vertex -17.7109 -41.1723 3.2
      vertex -17.7109 -41.1723 4.4
      vertex -17.7495 -41.1954 4.4
    endloop
  endfacet
  facet normal 0.484098 -0.875014 0
    outer loop
      vertex -17.6724 -41.151 3.2
      vertex -17.7109 -41.1723 4.4
      vertex -17.7109 -41.1723 3.2
    endloop
  endfacet
  facet normal 0.484098 -0.875014 0
    outer loop
      vertex -17.6724 -41.151 3.2
      vertex -17.6724 -41.151 4.4
      vertex -17.7109 -41.1723 4.4
    endloop
  endfacet
  facet normal 0.452778 -0.891624 0
    outer loop
      vertex -17.634 -41.1315 3.2
      vertex -17.6724 -41.151 4.4
      vertex -17.6724 -41.151 3.2
    endloop
  endfacet
  facet normal 0.452778 -0.891624 0
    outer loop
      vertex -17.634 -41.1315 3.2
      vertex -17.634 -41.1315 4.4
      vertex -17.6724 -41.151 4.4
    endloop
  endfacet
  facet normal 0.415591 -0.909551 0
    outer loop
      vertex -17.5957 -41.114 3.2
      vertex -17.634 -41.1315 4.4
      vertex -17.634 -41.1315 3.2
    endloop
  endfacet
  facet normal 0.415591 -0.909551 0
    outer loop
      vertex -17.5957 -41.114 3.2
      vertex -17.5957 -41.114 4.4
      vertex -17.634 -41.1315 4.4
    endloop
  endfacet
  facet normal 0.38185 -0.924224 0
    outer loop
      vertex -17.5577 -41.0983 3.2
      vertex -17.5957 -41.114 4.4
      vertex -17.5957 -41.114 3.2
    endloop
  endfacet
  facet normal 0.38185 -0.924224 0
    outer loop
      vertex -17.5577 -41.0983 3.2
      vertex -17.5577 -41.0983 4.4
      vertex -17.5957 -41.114 4.4
    endloop
  endfacet
  facet normal 0.339949 -0.940444 0
    outer loop
      vertex -17.5198 -41.0846 3.2
      vertex -17.5577 -41.0983 4.4
      vertex -17.5577 -41.0983 3.2
    endloop
  endfacet
  facet normal 0.339949 -0.940444 0
    outer loop
      vertex -17.5198 -41.0846 3.2
      vertex -17.5198 -41.0846 4.4
      vertex -17.5577 -41.0983 4.4
    endloop
  endfacet
  facet normal 0.299431 -0.954118 0
    outer loop
      vertex -17.4822 -41.0728 3.2
      vertex -17.5198 -41.0846 4.4
      vertex -17.5198 -41.0846 3.2
    endloop
  endfacet
  facet normal 0.299431 -0.954118 0
    outer loop
      vertex -17.4822 -41.0728 3.2
      vertex -17.4822 -41.0728 4.4
      vertex -17.5198 -41.0846 4.4
    endloop
  endfacet
  facet normal 0.253475 -0.967342 0
    outer loop
      vertex -17.4448 -41.063 3.2
      vertex -17.4822 -41.0728 4.4
      vertex -17.4822 -41.0728 3.2
    endloop
  endfacet
  facet normal 0.253475 -0.967342 0
    outer loop
      vertex -17.4448 -41.063 3.2
      vertex -17.4448 -41.063 4.4
      vertex -17.4822 -41.0728 4.4
    endloop
  endfacet
  facet normal 0.205215 -0.978717 0
    outer loop
      vertex -17.4076 -41.0552 3.2
      vertex -17.4448 -41.063 4.4
      vertex -17.4448 -41.063 3.2
    endloop
  endfacet
  facet normal 0.205215 -0.978717 0
    outer loop
      vertex -17.4076 -41.0552 3.2
      vertex -17.4076 -41.0552 4.4
      vertex -17.4448 -41.063 4.4
    endloop
  endfacet
  facet normal 0.210259 -0.977646 0
    outer loop
      vertex -17.243 -41.0198 3.2
      vertex -17.4076 -41.0552 4.4
      vertex -17.4076 -41.0552 3.2
    endloop
  endfacet
  facet normal 0.210259 -0.977646 0
    outer loop
      vertex -17.243 -41.0198 3.2
      vertex -17.243 -41.0198 4.4
      vertex -17.4076 -41.0552 4.4
    endloop
  endfacet
  facet normal 0.225931 -0.974143 0
    outer loop
      vertex -17.077 -40.9813 3.2
      vertex -17.243 -41.0198 4.4
      vertex -17.243 -41.0198 3.2
    endloop
  endfacet
  facet normal 0.225931 -0.974143 0
    outer loop
      vertex -17.077 -40.9813 3.2
      vertex -17.077 -40.9813 4.4
      vertex -17.243 -41.0198 4.4
    endloop
  endfacet
  facet normal 0.239112 -0.970992 0
    outer loop
      vertex -16.9101 -40.9402 3.2
      vertex -17.077 -40.9813 4.4
      vertex -17.077 -40.9813 3.2
    endloop
  endfacet
  facet normal 0.239112 -0.970992 0
    outer loop
      vertex -16.9101 -40.9402 3.2
      vertex -16.9101 -40.9402 4.4
      vertex -17.077 -40.9813 4.4
    endloop
  endfacet
  facet normal 0.253153 -0.967426 0
    outer loop
      vertex -16.7431 -40.8965 3.2
      vertex -16.9101 -40.9402 4.4
      vertex -16.9101 -40.9402 3.2
    endloop
  endfacet
  facet normal 0.253153 -0.967426 0
    outer loop
      vertex -16.7431 -40.8965 3.2
      vertex -16.7431 -40.8965 4.4
      vertex -16.9101 -40.9402 4.4
    endloop
  endfacet
  facet normal 0.266449 -0.963849 0
    outer loop
      vertex -16.5767 -40.8505 3.2
      vertex -16.7431 -40.8965 4.4
      vertex -16.7431 -40.8965 3.2
    endloop
  endfacet
  facet normal 0.266449 -0.963849 0
    outer loop
      vertex -16.5767 -40.8505 3.2
      vertex -16.5767 -40.8505 4.4
      vertex -16.7431 -40.8965 4.4
    endloop
  endfacet
  facet normal 0.278326 -0.960487 0
    outer loop
      vertex -16.4114 -40.8026 3.2
      vertex -16.5767 -40.8505 4.4
      vertex -16.5767 -40.8505 3.2
    endloop
  endfacet
  facet normal 0.278326 -0.960487 0
    outer loop
      vertex -16.4114 -40.8026 3.2
      vertex -16.4114 -40.8026 4.4
      vertex -16.5767 -40.8505 4.4
    endloop
  endfacet
  facet normal 0.291698 -0.956511 0
    outer loop
      vertex -16.2481 -40.7528 3.2
      vertex -16.4114 -40.8026 4.4
      vertex -16.4114 -40.8026 3.2
    endloop
  endfacet
  facet normal 0.291698 -0.956511 0
    outer loop
      vertex -16.2481 -40.7528 3.2
      vertex -16.2481 -40.7528 4.4
      vertex -16.4114 -40.8026 4.4
    endloop
  endfacet
  facet normal 0.304475 -0.95252 0
    outer loop
      vertex -16.0873 -40.7014 3.2
      vertex -16.2481 -40.7528 4.4
      vertex -16.2481 -40.7528 3.2
    endloop
  endfacet
  facet normal 0.304475 -0.95252 0
    outer loop
      vertex -16.0873 -40.7014 3.2
      vertex -16.0873 -40.7014 4.4
      vertex -16.2481 -40.7528 4.4
    endloop
  endfacet
  facet normal 0.316589 -0.948563 0
    outer loop
      vertex -15.9297 -40.6488 3.2
      vertex -16.0873 -40.7014 4.4
      vertex -16.0873 -40.7014 3.2
    endloop
  endfacet
  facet normal 0.316589 -0.948563 0
    outer loop
      vertex -15.9297 -40.6488 3.2
      vertex -15.9297 -40.6488 4.4
      vertex -16.0873 -40.7014 4.4
    endloop
  endfacet
  facet normal 0.330378 -0.943849 0
    outer loop
      vertex -15.776 -40.595 3.2
      vertex -15.9297 -40.6488 4.4
      vertex -15.9297 -40.6488 3.2
    endloop
  endfacet
  facet normal 0.330378 -0.943849 0
    outer loop
      vertex -15.776 -40.595 3.2
      vertex -15.776 -40.595 4.4
      vertex -15.9297 -40.6488 4.4
    endloop
  endfacet
  facet normal 0.343108 -0.939296 0
    outer loop
      vertex -15.6268 -40.5405 3.2
      vertex -15.776 -40.595 4.4
      vertex -15.776 -40.595 3.2
    endloop
  endfacet
  facet normal 0.343108 -0.939296 0
    outer loop
      vertex -15.6268 -40.5405 3.2
      vertex -15.6268 -40.5405 4.4
      vertex -15.776 -40.595 4.4
    endloop
  endfacet
  facet normal 0.358153 -0.933663 0
    outer loop
      vertex -15.4829 -40.4853 3.2
      vertex -15.6268 -40.5405 4.4
      vertex -15.6268 -40.5405 3.2
    endloop
  endfacet
  facet normal 0.358153 -0.933663 0
    outer loop
      vertex -15.4829 -40.4853 3.2
      vertex -15.4829 -40.4853 4.4
      vertex -15.6268 -40.5405 4.4
    endloop
  endfacet
  facet normal 0.373474 -0.92764 0
    outer loop
      vertex -15.3448 -40.4297 3.2
      vertex -15.4829 -40.4853 4.4
      vertex -15.4829 -40.4853 3.2
    endloop
  endfacet
  facet normal 0.373474 -0.92764 0
    outer loop
      vertex -15.3448 -40.4297 3.2
      vertex -15.3448 -40.4297 4.4
      vertex -15.4829 -40.4853 4.4
    endloop
  endfacet
  facet normal 0.390028 -0.920803 0
    outer loop
      vertex -15.2133 -40.374 3.2
      vertex -15.3448 -40.4297 4.4
      vertex -15.3448 -40.4297 3.2
    endloop
  endfacet
  facet normal 0.390028 -0.920803 0
    outer loop
      vertex -15.2133 -40.374 3.2
      vertex -15.2133 -40.374 4.4
      vertex -15.3448 -40.4297 4.4
    endloop
  endfacet
  facet normal 0.408592 -0.912717 0
    outer loop
      vertex -15.0891 -40.3184 3.2
      vertex -15.2133 -40.374 4.4
      vertex -15.2133 -40.374 3.2
    endloop
  endfacet
  facet normal 0.408592 -0.912717 0
    outer loop
      vertex -15.0891 -40.3184 3.2
      vertex -15.0891 -40.3184 4.4
      vertex -15.2133 -40.374 4.4
    endloop
  endfacet
  facet normal 0.42912 -0.903247 0
    outer loop
      vertex -14.9727 -40.2631 3.2
      vertex -15.0891 -40.3184 4.4
      vertex -15.0891 -40.3184 3.2
    endloop
  endfacet
  facet normal 0.42912 -0.903247 0
    outer loop
      vertex -14.9727 -40.2631 3.2
      vertex -14.9727 -40.2631 4.4
      vertex -15.0891 -40.3184 4.4
    endloop
  endfacet
  facet normal 0.4525 -0.891764 0
    outer loop
      vertex -14.8649 -40.2084 3.2
      vertex -14.9727 -40.2631 4.4
      vertex -14.9727 -40.2631 3.2
    endloop
  endfacet
  facet normal 0.4525 -0.891764 0
    outer loop
      vertex -14.8649 -40.2084 3.2
      vertex -14.8649 -40.2084 4.4
      vertex -14.9727 -40.2631 4.4
    endloop
  endfacet
  facet normal 0.479351 -0.877623 0
    outer loop
      vertex -14.7664 -40.1546 3.2
      vertex -14.8649 -40.2084 4.4
      vertex -14.8649 -40.2084 3.2
    endloop
  endfacet
  facet normal 0.479351 -0.877623 0
    outer loop
      vertex -14.7664 -40.1546 3.2
      vertex -14.7664 -40.1546 4.4
      vertex -14.8649 -40.2084 4.4
    endloop
  endfacet
  facet normal 0.512216 -0.858857 0
    outer loop
      vertex -14.6777 -40.1017 3.2
      vertex -14.7664 -40.1546 4.4
      vertex -14.7664 -40.1546 3.2
    endloop
  endfacet
  facet normal 0.512216 -0.858857 0
    outer loop
      vertex -14.6777 -40.1017 3.2
      vertex -14.6777 -40.1017 4.4
      vertex -14.7664 -40.1546 4.4
    endloop
  endfacet
  facet normal 0.5505 -0.834835 0
    outer loop
      vertex -14.5996 -40.0502 3.2
      vertex -14.6777 -40.1017 4.4
      vertex -14.6777 -40.1017 3.2
    endloop
  endfacet
  facet normal 0.5505 -0.834835 0
    outer loop
      vertex -14.5996 -40.0502 3.2
      vertex -14.5996 -40.0502 4.4
      vertex -14.6777 -40.1017 4.4
    endloop
  endfacet
  facet normal 0.568606 -0.82261 0
    outer loop
      vertex -14.5358 -40.0061 3.2
      vertex -14.5996 -40.0502 4.4
      vertex -14.5996 -40.0502 3.2
    endloop
  endfacet
  facet normal 0.568606 -0.82261 0
    outer loop
      vertex -14.5358 -40.0061 3.2
      vertex -14.5358 -40.0061 4.4
      vertex -14.5996 -40.0502 4.4
    endloop
  endfacet
  facet normal 0.556588 -0.830789 0
    outer loop
      vertex -14.4749 -39.9653 3.2
      vertex -14.5358 -40.0061 4.4
      vertex -14.5358 -40.0061 3.2
    endloop
  endfacet
  facet normal 0.556588 -0.830789 0
    outer loop
      vertex -14.4749 -39.9653 3.2
      vertex -14.4749 -39.9653 4.4
      vertex -14.5358 -40.0061 4.4
    endloop
  endfacet
  facet normal 0.541701 -0.840571 0
    outer loop
      vertex -14.4164 -39.9276 3.2
      vertex -14.4749 -39.9653 4.4
      vertex -14.4749 -39.9653 3.2
    endloop
  endfacet
  facet normal 0.541701 -0.840571 0
    outer loop
      vertex -14.4164 -39.9276 3.2
      vertex -14.4164 -39.9276 4.4
      vertex -14.4749 -39.9653 4.4
    endloop
  endfacet
  facet normal 0.524434 -0.851451 0
    outer loop
      vertex -14.3599 -39.8928 3.2
      vertex -14.4164 -39.9276 4.4
      vertex -14.4164 -39.9276 3.2
    endloop
  endfacet
  facet normal 0.524434 -0.851451 0
    outer loop
      vertex -14.3599 -39.8928 3.2
      vertex -14.3599 -39.8928 4.4
      vertex -14.4164 -39.9276 4.4
    endloop
  endfacet
  facet normal 0.501036 -0.865426 0
    outer loop
      vertex -14.3048 -39.8609 3.2
      vertex -14.3599 -39.8928 4.4
      vertex -14.3599 -39.8928 3.2
    endloop
  endfacet
  facet normal 0.501036 -0.865426 0
    outer loop
      vertex -14.3048 -39.8609 3.2
      vertex -14.3048 -39.8609 4.4
      vertex -14.3599 -39.8928 4.4
    endloop
  endfacet
  facet normal 0.476231 -0.87932 0
    outer loop
      vertex -14.2507 -39.8316 3.2
      vertex -14.3048 -39.8609 4.4
      vertex -14.3048 -39.8609 3.2
    endloop
  endfacet
  facet normal 0.476231 -0.87932 0
    outer loop
      vertex -14.2507 -39.8316 3.2
      vertex -14.2507 -39.8316 4.4
      vertex -14.3048 -39.8609 4.4
    endloop
  endfacet
  facet normal 0.447214 -0.894427 0
    outer loop
      vertex -14.1971 -39.8048 3.2
      vertex -14.2507 -39.8316 4.4
      vertex -14.2507 -39.8316 3.2
    endloop
  endfacet
  facet normal 0.447214 -0.894427 0
    outer loop
      vertex -14.1971 -39.8048 3.2
      vertex -14.1971 -39.8048 4.4
      vertex -14.2507 -39.8316 4.4
    endloop
  endfacet
  facet normal 0.413675 -0.910425 0
    outer loop
      vertex -14.1434 -39.7804 3.2
      vertex -14.1971 -39.8048 4.4
      vertex -14.1971 -39.8048 3.2
    endloop
  endfacet
  facet normal 0.413675 -0.910425 0
    outer loop
      vertex -14.1434 -39.7804 3.2
      vertex -14.1434 -39.7804 4.4
      vertex -14.1971 -39.8048 4.4
    endloop
  endfacet
  facet normal 0.377568 -0.925982 0
    outer loop
      vertex -14.0892 -39.7583 3.2
      vertex -14.1434 -39.7804 4.4
      vertex -14.1434 -39.7804 3.2
    endloop
  endfacet
  facet normal 0.377568 -0.925982 0
    outer loop
      vertex -14.0892 -39.7583 3.2
      vertex -14.0892 -39.7583 4.4
      vertex -14.1434 -39.7804 4.4
    endloop
  endfacet
  facet normal 0.342153 -0.939644 0
    outer loop
      vertex -14.034 -39.7382 3.2
      vertex -14.0892 -39.7583 4.4
      vertex -14.0892 -39.7583 3.2
    endloop
  endfacet
  facet normal 0.342153 -0.939644 0
    outer loop
      vertex -14.034 -39.7382 3.2
      vertex -14.034 -39.7382 4.4
      vertex -14.0892 -39.7583 4.4
    endloop
  endfacet
  facet normal 0.304105 -0.952639 0
    outer loop
      vertex -13.9773 -39.7201 3.2
      vertex -14.034 -39.7382 4.4
      vertex -14.034 -39.7382 3.2
    endloop
  endfacet
  facet normal 0.304105 -0.952639 0
    outer loop
      vertex -13.9773 -39.7201 3.2
      vertex -13.9773 -39.7201 4.4
      vertex -14.034 -39.7382 4.4
    endloop
  endfacet
  facet normal 0.267983 -0.963424 0
    outer loop
      vertex -13.9187 -39.7038 3.2
      vertex -13.9773 -39.7201 4.4
      vertex -13.9773 -39.7201 3.2
    endloop
  endfacet
  facet normal 0.267983 -0.963424 0
    outer loop
      vertex -13.9187 -39.7038 3.2
      vertex -13.9187 -39.7038 4.4
      vertex -13.9773 -39.7201 4.4
    endloop
  endfacet
  facet normal 0.23205 -0.972704 0
    outer loop
      vertex -13.8575 -39.6892 3.2
      vertex -13.9187 -39.7038 4.4
      vertex -13.9187 -39.7038 3.2
    endloop
  endfacet
  facet normal 0.23205 -0.972704 0
    outer loop
      vertex -13.8575 -39.6892 3.2
      vertex -13.8575 -39.6892 4.4
      vertex -13.9187 -39.7038 4.4
    endloop
  endfacet
  facet normal 0.20023 -0.979749 0
    outer loop
      vertex -13.7934 -39.6761 3.2
      vertex -13.8575 -39.6892 4.4
      vertex -13.8575 -39.6892 3.2
    endloop
  endfacet
  facet normal 0.20023 -0.979749 0
    outer loop
      vertex -13.7934 -39.6761 3.2
      vertex -13.7934 -39.6761 4.4
      vertex -13.8575 -39.6892 4.4
    endloop
  endfacet
  facet normal 0.172203 -0.985061 0
    outer loop
      vertex -13.7259 -39.6643 3.2
      vertex -13.7934 -39.6761 4.4
      vertex -13.7934 -39.6761 3.2
    endloop
  endfacet
  facet normal 0.172203 -0.985061 0
    outer loop
      vertex -13.7259 -39.6643 3.2
      vertex -13.7259 -39.6643 4.4
      vertex -13.7934 -39.6761 4.4
    endloop
  endfacet
  facet normal 0.145096 -0.989418 0
    outer loop
      vertex -13.6543 -39.6538 3.2
      vertex -13.7259 -39.6643 4.4
      vertex -13.7259 -39.6643 3.2
    endloop
  endfacet
  facet normal 0.145096 -0.989418 0
    outer loop
      vertex -13.6543 -39.6538 3.2
      vertex -13.6543 -39.6538 4.4
      vertex -13.7259 -39.6643 4.4
    endloop
  endfacet
  facet normal 0.124196 -0.992258 0
    outer loop
      vertex -13.5784 -39.6443 3.2
      vertex -13.6543 -39.6538 4.4
      vertex -13.6543 -39.6538 3.2
    endloop
  endfacet
  facet normal 0.124196 -0.992258 0
    outer loop
      vertex -13.5784 -39.6443 3.2
      vertex -13.5784 -39.6443 4.4
      vertex -13.6543 -39.6538 4.4
    endloop
  endfacet
  facet normal 0.104493 -0.994526 0
    outer loop
      vertex -13.4975 -39.6358 3.2
      vertex -13.5784 -39.6443 4.4
      vertex -13.5784 -39.6443 3.2
    endloop
  endfacet
  facet normal 0.104493 -0.994526 0
    outer loop
      vertex -13.4975 -39.6358 3.2
      vertex -13.4975 -39.6358 4.4
      vertex -13.5784 -39.6443 4.4
    endloop
  endfacet
  facet normal 0.0888706 -0.996043 0
    outer loop
      vertex -13.4112 -39.6281 3.2
      vertex -13.4975 -39.6358 4.4
      vertex -13.4975 -39.6358 3.2
    endloop
  endfacet
  facet normal 0.0888706 -0.996043 0
    outer loop
      vertex -13.4112 -39.6281 3.2
      vertex -13.4112 -39.6281 4.4
      vertex -13.4975 -39.6358 4.4
    endloop
  endfacet
  facet normal 0.075704 -0.99713 0
    outer loop
      vertex -13.319 -39.6211 3.2
      vertex -13.4112 -39.6281 4.4
      vertex -13.4112 -39.6281 3.2
    endloop
  endfacet
  facet normal 0.075704 -0.99713 0
    outer loop
      vertex -13.319 -39.6211 3.2
      vertex -13.319 -39.6211 4.4
      vertex -13.4112 -39.6281 4.4
    endloop
  endfacet
  facet normal 0.0990862 -0.995079 0
    outer loop
      vertex -13.1302 -39.6023 3.2
      vertex -13.319 -39.6211 4.4
      vertex -13.319 -39.6211 3.2
    endloop
  endfacet
  facet normal 0.0990862 -0.995079 0
    outer loop
      vertex -13.1302 -39.6023 3.2
      vertex -13.1302 -39.6023 4.4
      vertex -13.319 -39.6211 4.4
    endloop
  endfacet
  facet normal 0.132949 -0.991123 0
    outer loop
      vertex -12.9401 -39.5768 3.2
      vertex -13.1302 -39.6023 4.4
      vertex -13.1302 -39.6023 3.2
    endloop
  endfacet
  facet normal 0.132949 -0.991123 0
    outer loop
      vertex -12.9401 -39.5768 3.2
      vertex -12.9401 -39.5768 4.4
      vertex -13.1302 -39.6023 4.4
    endloop
  endfacet
  facet normal 0.165574 -0.986197 0
    outer loop
      vertex -12.7495 -39.5448 3.2
      vertex -12.9401 -39.5768 4.4
      vertex -12.9401 -39.5768 3.2
    endloop
  endfacet
  facet normal 0.165574 -0.986197 0
    outer loop
      vertex -12.7495 -39.5448 3.2
      vertex -12.7495 -39.5448 4.4
      vertex -12.9401 -39.5768 4.4
    endloop
  endfacet
  facet normal 0.196215 -0.980561 0
    outer loop
      vertex -12.5591 -39.5067 3.2
      vertex -12.7495 -39.5448 4.4
      vertex -12.7495 -39.5448 3.2
    endloop
  endfacet
  facet normal 0.196215 -0.980561 0
    outer loop
      vertex -12.5591 -39.5067 3.2
      vertex -12.5591 -39.5067 4.4
      vertex -12.7495 -39.5448 4.4
    endloop
  endfacet
  facet normal 0.225799 -0.974174 0
    outer loop
      vertex -12.3697 -39.4628 3.2
      vertex -12.5591 -39.5067 4.4
      vertex -12.5591 -39.5067 3.2
    endloop
  endfacet
  facet normal 0.225799 -0.974174 0
    outer loop
      vertex -12.3697 -39.4628 3.2
      vertex -12.3697 -39.4628 4.4
      vertex -12.5591 -39.5067 4.4
    endloop
  endfacet
  facet normal 0.254773 -0.967001 0
    outer loop
      vertex -12.1822 -39.4134 3.2
      vertex -12.3697 -39.4628 4.4
      vertex -12.3697 -39.4628 3.2
    endloop
  endfacet
  facet normal 0.254773 -0.967001 0
    outer loop
      vertex -12.1822 -39.4134 3.2
      vertex -12.1822 -39.4134 4.4
      vertex -12.3697 -39.4628 4.4
    endloop
  endfacet
  facet normal 0.282391 -0.959299 0
    outer loop
      vertex -11.9974 -39.359 3.2
      vertex -12.1822 -39.4134 4.4
      vertex -12.1822 -39.4134 3.2
    endloop
  endfacet
  facet normal 0.282391 -0.959299 0
    outer loop
      vertex -11.9974 -39.359 3.2
      vertex -11.9974 -39.359 4.4
      vertex -12.1822 -39.4134 4.4
    endloop
  endfacet
  facet normal 0.310721 -0.950501 0
    outer loop
      vertex -11.816 -39.2997 3.2
      vertex -11.9974 -39.359 4.4
      vertex -11.9974 -39.359 3.2
    endloop
  endfacet
  facet normal 0.310721 -0.950501 0
    outer loop
      vertex -11.816 -39.2997 3.2
      vertex -11.816 -39.2997 4.4
      vertex -11.9974 -39.359 4.4
    endloop
  endfacet
  facet normal 0.338926 -0.940813 0
    outer loop
      vertex -11.6389 -39.2359 3.2
      vertex -11.816 -39.2997 4.4
      vertex -11.816 -39.2997 3.2
    endloop
  endfacet
  facet normal 0.338926 -0.940813 0
    outer loop
      vertex -11.6389 -39.2359 3.2
      vertex -11.6389 -39.2359 4.4
      vertex -11.816 -39.2997 4.4
    endloop
  endfacet
  facet normal 0.366822 -0.930291 0
    outer loop
      vertex -11.4667 -39.168 3.2
      vertex -11.6389 -39.2359 4.4
      vertex -11.6389 -39.2359 3.2
    endloop
  endfacet
  facet normal 0.366822 -0.930291 0
    outer loop
      vertex -11.4667 -39.168 3.2
      vertex -11.4667 -39.168 4.4
      vertex -11.6389 -39.2359 4.4
    endloop
  endfacet
  facet normal 0.396119 -0.918199 0
    outer loop
      vertex -11.3005 -39.0963 3.2
      vertex -11.4667 -39.168 4.4
      vertex -11.4667 -39.168 3.2
    endloop
  endfacet
  facet normal 0.396119 -0.918199 0
    outer loop
      vertex -11.3005 -39.0963 3.2
      vertex -11.3005 -39.0963 4.4
      vertex -11.4667 -39.168 4.4
    endloop
  endfacet
  facet normal 0.426479 -0.904498 0
    outer loop
      vertex -11.1408 -39.021 3.2
      vertex -11.3005 -39.0963 4.4
      vertex -11.3005 -39.0963 3.2
    endloop
  endfacet
  facet normal 0.426479 -0.904498 0
    outer loop
      vertex -11.1408 -39.021 3.2
      vertex -11.1408 -39.021 4.4
      vertex -11.3005 -39.0963 4.4
    endloop
  endfacet
  facet normal 0.457467 -0.889227 0
    outer loop
      vertex -10.9886 -38.9427 3.2
      vertex -11.1408 -39.021 4.4
      vertex -11.1408 -39.021 3.2
    endloop
  endfacet
  facet normal 0.457467 -0.889227 0
    outer loop
      vertex -10.9886 -38.9427 3.2
      vertex -10.9886 -38.9427 4.4
      vertex -11.1408 -39.021 4.4
    endloop
  endfacet
  facet normal 0.49118 -0.871058 0
    outer loop
      vertex -10.8446 -38.8615 3.2
      vertex -10.9886 -38.9427 4.4
      vertex -10.9886 -38.9427 3.2
    endloop
  endfacet
  facet normal 0.49118 -0.871058 0
    outer loop
      vertex -10.8446 -38.8615 3.2
      vertex -10.8446 -38.8615 4.4
      vertex -10.9886 -38.9427 4.4
    endloop
  endfacet
  facet normal 0.526485 -0.850185 0
    outer loop
      vertex -10.7096 -38.7779 3.2
      vertex -10.8446 -38.8615 4.4
      vertex -10.8446 -38.8615 3.2
    endloop
  endfacet
  facet normal 0.526485 -0.850185 0
    outer loop
      vertex -10.7096 -38.7779 3.2
      vertex -10.7096 -38.7779 4.4
      vertex -10.8446 -38.8615 4.4
    endloop
  endfacet
  facet normal 0.565746 -0.82458 0
    outer loop
      vertex -10.5844 -38.692 3.2
      vertex -10.7096 -38.7779 4.4
      vertex -10.7096 -38.7779 3.2
    endloop
  endfacet
  facet normal 0.565746 -0.82458 0
    outer loop
      vertex -10.5844 -38.692 3.2
      vertex -10.5844 -38.692 4.4
      vertex -10.7096 -38.7779 4.4
    endloop
  endfacet
  facet normal 0.60763 -0.79422 0
    outer loop
      vertex -10.4699 -38.6044 3.2
      vertex -10.5844 -38.692 4.4
      vertex -10.5844 -38.692 3.2
    endloop
  endfacet
  facet normal 0.60763 -0.79422 0
    outer loop
      vertex -10.4699 -38.6044 3.2
      vertex -10.4699 -38.6044 4.4
      vertex -10.5844 -38.692 4.4
    endloop
  endfacet
  facet normal 0.654288 -0.756245 0
    outer loop
      vertex -10.3668 -38.5152 3.2
      vertex -10.4699 -38.6044 4.4
      vertex -10.4699 -38.6044 3.2
    endloop
  endfacet
  facet normal 0.654288 -0.756245 0
    outer loop
      vertex -10.3668 -38.5152 3.2
      vertex -10.3668 -38.5152 4.4
      vertex -10.4699 -38.6044 4.4
    endloop
  endfacet
  facet normal 0.704762 -0.709444 0
    outer loop
      vertex -10.2759 -38.4249 3.2
      vertex -10.3668 -38.5152 4.4
      vertex -10.3668 -38.5152 3.2
    endloop
  endfacet
  facet normal 0.704762 -0.709444 0
    outer loop
      vertex -10.2759 -38.4249 3.2
      vertex -10.2759 -38.4249 4.4
      vertex -10.3668 -38.5152 4.4
    endloop
  endfacet
  facet normal 0.75961 -0.650379 0
    outer loop
      vertex -10.1979 -38.3338 3.2
      vertex -10.2759 -38.4249 4.4
      vertex -10.2759 -38.4249 3.2
    endloop
  endfacet
  facet normal 0.75961 -0.650379 0
    outer loop
      vertex -10.1979 -38.3338 3.2
      vertex -10.1979 -38.3338 4.4
      vertex -10.2759 -38.4249 4.4
    endloop
  endfacet
  facet normal 0.794417 -0.607372 0
    outer loop
      vertex -10.1401 -38.2582 3.2
      vertex -10.1979 -38.3338 4.4
      vertex -10.1979 -38.3338 3.2
    endloop
  endfacet
  facet normal 0.794417 -0.607372 0
    outer loop
      vertex -10.1401 -38.2582 3.2
      vertex -10.1401 -38.2582 4.4
      vertex -10.1979 -38.3338 4.4
    endloop
  endfacet
  facet normal 0.791234 -0.611514 0
    outer loop
      vertex -10.0877 -38.1904 3.2
      vertex -10.1401 -38.2582 4.4
      vertex -10.1401 -38.2582 3.2
    endloop
  endfacet
  facet normal 0.791234 -0.611514 0
    outer loop
      vertex -10.0877 -38.1904 3.2
      vertex -10.0877 -38.1904 4.4
      vertex -10.1401 -38.2582 4.4
    endloop
  endfacet
  facet normal 0.778996 -0.627028 0
    outer loop
      vertex -10.0386 -38.1294 3.2
      vertex -10.0877 -38.1904 4.4
      vertex -10.0877 -38.1904 3.2
    endloop
  endfacet
  facet normal 0.778996 -0.627028 0
    outer loop
      vertex -10.0386 -38.1294 3.2
      vertex -10.0386 -38.1294 4.4
      vertex -10.0877 -38.1904 4.4
    endloop
  endfacet
  facet normal 0.753802 -0.657101 0
    outer loop
      vertex -9.99083 -38.0746 3.2
      vertex -10.0386 -38.1294 4.4
      vertex -10.0386 -38.1294 3.2
    endloop
  endfacet
  facet normal 0.753802 -0.657101 0
    outer loop
      vertex -9.99083 -38.0746 3.2
      vertex -9.99083 -38.0746 4.4
      vertex -10.0386 -38.1294 4.4
    endloop
  endfacet
  facet normal 0.715423 -0.698691 0
    outer loop
      vertex -9.94239 -38.025 3.2
      vertex -9.99083 -38.0746 4.4
      vertex -9.99083 -38.0746 3.2
    endloop
  endfacet
  facet normal 0.715423 -0.698691 0
    outer loop
      vertex -9.94239 -38.025 3.2
      vertex -9.94239 -38.025 4.4
      vertex -9.99083 -38.0746 4.4
    endloop
  endfacet
  facet normal 0.661428 -0.750009 0
    outer loop
      vertex -9.89125 -37.9799 3.2
      vertex -9.94239 -38.025 4.4
      vertex -9.94239 -38.025 3.2
    endloop
  endfacet
  facet normal 0.661428 -0.750009 0
    outer loop
      vertex -9.89125 -37.9799 3.2
      vertex -9.89125 -37.9799 4.4
      vertex -9.94239 -38.025 4.4
    endloop
  endfacet
  facet normal 0.595434 -0.803404 0
    outer loop
      vertex -9.83539 -37.9385 3.2
      vertex -9.89125 -37.9799 4.4
      vertex -9.89125 -37.9799 3.2
    endloop
  endfacet
  facet normal 0.595434 -0.803404 0
    outer loop
      vertex -9.83539 -37.9385 3.2
      vertex -9.83539 -37.9385 4.4
      vertex -9.89125 -37.9799 4.4
    endloop
  endfacet
  facet normal 0.524856 -0.851191 0
    outer loop
      vertex -9.77279 -37.8999 3.2
      vertex -9.83539 -37.9385 4.4
      vertex -9.83539 -37.9385 3.2
    endloop
  endfacet
  facet normal 0.524856 -0.851191 0
    outer loop
      vertex -9.77279 -37.8999 3.2
      vertex -9.77279 -37.8999 4.4
      vertex -9.83539 -37.9385 4.4
    endloop
  endfacet
  facet normal 0.454339 -0.890829 0
    outer loop
      vertex -9.70142 -37.8635 3.2
      vertex -9.77279 -37.8999 4.4
      vertex -9.77279 -37.8999 3.2
    endloop
  endfacet
  facet normal 0.454339 -0.890829 0
    outer loop
      vertex -9.70142 -37.8635 3.2
      vertex -9.70142 -37.8635 4.4
      vertex -9.77279 -37.8999 4.4
    endloop
  endfacet
  facet normal 0.392865 -0.919596 0
    outer loop
      vertex -9.61926 -37.8284 3.2
      vertex -9.70142 -37.8635 4.4
      vertex -9.70142 -37.8635 3.2
    endloop
  endfacet
  facet normal 0.392865 -0.919596 0
    outer loop
      vertex -9.61926 -37.8284 3.2
      vertex -9.61926 -37.8284 4.4
      vertex -9.70142 -37.8635 4.4
    endloop
  endfacet
  facet normal 0.342347 -0.939574 0
    outer loop
      vertex -9.5243 -37.7938 3.2
      vertex -9.61926 -37.8284 4.4
      vertex -9.61926 -37.8284 3.2
    endloop
  endfacet
  facet normal 0.342347 -0.939574 0
    outer loop
      vertex -9.5243 -37.7938 3.2
      vertex -9.5243 -37.7938 4.4
      vertex -9.61926 -37.8284 4.4
    endloop
  endfacet
  facet normal 0.302917 -0.953017 0
    outer loop
      vertex -9.4145 -37.7589 3.2
      vertex -9.5243 -37.7938 4.4
      vertex -9.5243 -37.7938 3.2
    endloop
  endfacet
  facet normal 0.302917 -0.953017 0
    outer loop
      vertex -9.4145 -37.7589 3.2
      vertex -9.4145 -37.7589 4.4
      vertex -9.5243 -37.7938 4.4
    endloop
  endfacet
  facet normal 0.273457 -0.961884 0
    outer loop
      vertex -9.28787 -37.7229 3.2
      vertex -9.4145 -37.7589 4.4
      vertex -9.4145 -37.7589 3.2
    endloop
  endfacet
  facet normal 0.273457 -0.961884 0
    outer loop
      vertex -9.28787 -37.7229 3.2
      vertex -9.28787 -37.7229 4.4
      vertex -9.4145 -37.7589 4.4
    endloop
  endfacet
  facet normal 0.251431 -0.967875 0
    outer loop
      vertex -9.14236 -37.6851 3.2
      vertex -9.28787 -37.7229 4.4
      vertex -9.28787 -37.7229 3.2
    endloop
  endfacet
  facet normal 0.251431 -0.967875 0
    outer loop
      vertex -9.14236 -37.6851 3.2
      vertex -9.14236 -37.6851 4.4
      vertex -9.28787 -37.7229 4.4
    endloop
  endfacet
  facet normal 0.236486 -0.971635 0
    outer loop
      vertex -8.97596 -37.6446 3.2
      vertex -9.14236 -37.6851 4.4
      vertex -9.14236 -37.6851 3.2
    endloop
  endfacet
  facet normal 0.236486 -0.971635 0
    outer loop
      vertex -8.97596 -37.6446 3.2
      vertex -8.97596 -37.6446 4.4
      vertex -9.14236 -37.6851 4.4
    endloop
  endfacet
  facet normal 0.226389 -0.974037 0
    outer loop
      vertex -8.78665 -37.6006 3.2
      vertex -8.97596 -37.6446 4.4
      vertex -8.97596 -37.6446 3.2
    endloop
  endfacet
  facet normal 0.226389 -0.974037 0
    outer loop
      vertex -8.78665 -37.6006 3.2
      vertex -8.78665 -37.6006 4.4
      vertex -8.97596 -37.6446 4.4
    endloop
  endfacet
  facet normal 0.219938 -0.975514 0
    outer loop
      vertex -8.57242 -37.5523 3.2
      vertex -8.78665 -37.6006 4.4
      vertex -8.78665 -37.6006 3.2
    endloop
  endfacet
  facet normal 0.219938 -0.975514 0
    outer loop
      vertex -8.57242 -37.5523 3.2
      vertex -8.57242 -37.5523 4.4
      vertex -8.78665 -37.6006 4.4
    endloop
  endfacet
  facet normal 0.215782 -0.976442 0
    outer loop
      vertex -8.33123 -37.499 3.2
      vertex -8.57242 -37.5523 4.4
      vertex -8.57242 -37.5523 3.2
    endloop
  endfacet
  facet normal 0.215782 -0.976442 0
    outer loop
      vertex -8.33123 -37.499 3.2
      vertex -8.33123 -37.499 4.4
      vertex -8.57242 -37.5523 4.4
    endloop
  endfacet
  facet normal 0.214051 -0.976823 0
    outer loop
      vertex -8.06107 -37.4398 3.2
      vertex -8.33123 -37.499 4.4
      vertex -8.33123 -37.499 3.2
    endloop
  endfacet
  facet normal 0.214051 -0.976823 0
    outer loop
      vertex -8.06107 -37.4398 3.2
      vertex -8.06107 -37.4398 4.4
      vertex -8.33123 -37.499 4.4
    endloop
  endfacet
  facet normal 0.213769 -0.976884 0
    outer loop
      vertex -7.75992 -37.3739 3.2
      vertex -8.06107 -37.4398 4.4
      vertex -8.06107 -37.4398 3.2
    endloop
  endfacet
  facet normal 0.213769 -0.976884 0
    outer loop
      vertex -7.75992 -37.3739 3.2
      vertex -7.75992 -37.3739 4.4
      vertex -8.06107 -37.4398 4.4
    endloop
  endfacet
  facet normal 0.211656 -0.977344 0
    outer loop
      vertex -7.7022 -37.3614 3.2
      vertex -7.75992 -37.3739 4.4
      vertex -7.75992 -37.3739 3.2
    endloop
  endfacet
  facet normal 0.211656 -0.977344 0
    outer loop
      vertex -7.7022 -37.3614 3.2
      vertex -7.7022 -37.3614 4.4
      vertex -7.75992 -37.3739 4.4
    endloop
  endfacet
  facet normal 0.240354 -0.970685 0
    outer loop
      vertex -7.64566 -37.3474 3.2
      vertex -7.7022 -37.3614 4.4
      vertex -7.7022 -37.3614 3.2
    endloop
  endfacet
  facet normal 0.240354 -0.970685 0
    outer loop
      vertex -7.64566 -37.3474 3.2
      vertex -7.64566 -37.3474 4.4
      vertex -7.7022 -37.3614 4.4
    endloop
  endfacet
  facet normal 0.267554 -0.963543 0
    outer loop
      vertex -7.5902 -37.332 3.2
      vertex -7.64566 -37.3474 4.4
      vertex -7.64566 -37.3474 3.2
    endloop
  endfacet
  facet normal 0.267554 -0.963543 0
    outer loop
      vertex -7.5902 -37.332 3.2
      vertex -7.5902 -37.332 4.4
      vertex -7.64566 -37.3474 4.4
    endloop
  endfacet
  facet normal 0.294727 -0.955582 0
    outer loop
      vertex -7.53573 -37.3152 3.2
      vertex -7.5902 -37.332 4.4
      vertex -7.5902 -37.332 3.2
    endloop
  endfacet
  facet normal 0.294727 -0.955582 0
    outer loop
      vertex -7.53573 -37.3152 3.2
      vertex -7.53573 -37.3152 4.4
      vertex -7.5902 -37.332 4.4
    endloop
  endfacet
  facet normal 0.324739 -0.945804 0
    outer loop
      vertex -7.48214 -37.2968 3.2
      vertex -7.53573 -37.3152 4.4
      vertex -7.53573 -37.3152 3.2
    endloop
  endfacet
  facet normal 0.324739 -0.945804 0
    outer loop
      vertex -7.48214 -37.2968 3.2
      vertex -7.48214 -37.2968 4.4
      vertex -7.53573 -37.3152 4.4
    endloop
  endfacet
  facet normal 0.354168 -0.935182 0
    outer loop
      vertex -7.42933 -37.2768 3.2
      vertex -7.48214 -37.2968 4.4
      vertex -7.48214 -37.2968 3.2
    endloop
  endfacet
  facet normal 0.354168 -0.935182 0
    outer loop
      vertex -7.42933 -37.2768 3.2
      vertex -7.42933 -37.2768 4.4
      vertex -7.48214 -37.2968 4.4
    endloop
  endfacet
  facet normal 0.381339 -0.924435 0
    outer loop
      vertex -7.37721 -37.2553 3.2
      vertex -7.42933 -37.2768 4.4
      vertex -7.42933 -37.2768 3.2
    endloop
  endfacet
  facet normal 0.381339 -0.924435 0
    outer loop
      vertex -7.37721 -37.2553 3.2
      vertex -7.37721 -37.2553 4.4
      vertex -7.42933 -37.2768 4.4
    endloop
  endfacet
  facet normal 0.410401 -0.911905 0
    outer loop
      vertex -7.32566 -37.2321 3.2
      vertex -7.37721 -37.2553 4.4
      vertex -7.37721 -37.2553 3.2
    endloop
  endfacet
  facet normal 0.410401 -0.911905 0
    outer loop
      vertex -7.32566 -37.2321 3.2
      vertex -7.32566 -37.2321 4.4
      vertex -7.37721 -37.2553 4.4
    endloop
  endfacet
  facet normal 0.438389 -0.898785 0
    outer loop
      vertex -7.27461 -37.2072 3.2
      vertex -7.32566 -37.2321 4.4
      vertex -7.32566 -37.2321 3.2
    endloop
  endfacet
  facet normal 0.438389 -0.898785 0
    outer loop
      vertex -7.27461 -37.2072 3.2
      vertex -7.27461 -37.2072 4.4
      vertex -7.32566 -37.2321 4.4
    endloop
  endfacet
  facet normal 0.466106 -0.884729 0
    outer loop
      vertex -7.22393 -37.1805 3.2
      vertex -7.27461 -37.2072 4.4
      vertex -7.27461 -37.2072 3.2
    endloop
  endfacet
  facet normal 0.466106 -0.884729 0
    outer loop
      vertex -7.22393 -37.1805 3.2
      vertex -7.22393 -37.1805 4.4
      vertex -7.27461 -37.2072 4.4
    endloop
  endfacet
  facet normal 0.490992 -0.871164 0
    outer loop
      vertex -7.17354 -37.1521 3.2
      vertex -7.22393 -37.1805 4.4
      vertex -7.22393 -37.1805 3.2
    endloop
  endfacet
  facet normal 0.490992 -0.871164 0
    outer loop
      vertex -7.17354 -37.1521 3.2
      vertex -7.17354 -37.1521 4.4
      vertex -7.22393 -37.1805 4.4
    endloop
  endfacet
  facet normal 0.515499 -0.85689 0
    outer loop
      vertex -7.12334 -37.1219 3.2
      vertex -7.17354 -37.1521 4.4
      vertex -7.17354 -37.1521 3.2
    endloop
  endfacet
  facet normal 0.515499 -0.85689 0
    outer loop
      vertex -7.12334 -37.1219 3.2
      vertex -7.12334 -37.1219 4.4
      vertex -7.17354 -37.1521 4.4
    endloop
  endfacet
  facet normal 0.53933 -0.842094 0
    outer loop
      vertex -7.07322 -37.0898 3.2
      vertex -7.12334 -37.1219 4.4
      vertex -7.12334 -37.1219 3.2
    endloop
  endfacet
  facet normal 0.53933 -0.842094 0
    outer loop
      vertex -7.07322 -37.0898 3.2
      vertex -7.07322 -37.0898 4.4
      vertex -7.12334 -37.1219 4.4
    endloop
  endfacet
  facet normal 0.562441 -0.826838 0
    outer loop
      vertex -7.02309 -37.0557 3.2
      vertex -7.07322 -37.0898 4.4
      vertex -7.07322 -37.0898 3.2
    endloop
  endfacet
  facet normal 0.562441 -0.826838 0
    outer loop
      vertex -7.02309 -37.0557 3.2
      vertex -7.02309 -37.0557 4.4
      vertex -7.07322 -37.0898 4.4
    endloop
  endfacet
  facet normal 0.581315 -0.813679 0
    outer loop
      vertex -6.97284 -37.0198 3.2
      vertex -7.02309 -37.0557 4.4
      vertex -7.02309 -37.0557 3.2
    endloop
  endfacet
  facet normal 0.581315 -0.813679 0
    outer loop
      vertex -6.97284 -37.0198 3.2
      vertex -6.97284 -37.0198 4.4
      vertex -7.02309 -37.0557 4.4
    endloop
  endfacet
  facet normal 0.601569 -0.798821 0
    outer loop
      vertex -6.92238 -36.9818 3.2
      vertex -6.97284 -37.0198 4.4
      vertex -6.97284 -37.0198 3.2
    endloop
  endfacet
  facet normal 0.601569 -0.798821 0
    outer loop
      vertex -6.92238 -36.9818 3.2
      vertex -6.92238 -36.9818 4.4
      vertex -6.97284 -37.0198 4.4
    endloop
  endfacet
  facet normal 0.617835 -0.786308 0
    outer loop
      vertex -6.8716 -36.9419 3.2
      vertex -6.92238 -36.9818 4.4
      vertex -6.92238 -36.9818 3.2
    endloop
  endfacet
  facet normal 0.617835 -0.786308 0
    outer loop
      vertex -6.8716 -36.9419 3.2
      vertex -6.8716 -36.9419 4.4
      vertex -6.92238 -36.9818 4.4
    endloop
  endfacet
  facet normal 0.635273 -0.772287 0
    outer loop
      vertex -6.82042 -36.8998 3.2
      vertex -6.8716 -36.9419 4.4
      vertex -6.8716 -36.9419 3.2
    endloop
  endfacet
  facet normal 0.635273 -0.772287 0
    outer loop
      vertex -6.82042 -36.8998 3.2
      vertex -6.82042 -36.8998 4.4
      vertex -6.8716 -36.9419 4.4
    endloop
  endfacet
  facet normal 0.649822 -0.760086 0
    outer loop
      vertex -6.76872 -36.8556 3.2
      vertex -6.82042 -36.8998 4.4
      vertex -6.82042 -36.8998 3.2
    endloop
  endfacet
  facet normal 0.649822 -0.760086 0
    outer loop
      vertex -6.76872 -36.8556 3.2
      vertex -6.76872 -36.8556 4.4
      vertex -6.82042 -36.8998 4.4
    endloop
  endfacet
  facet normal 0.662781 -0.748813 0
    outer loop
      vertex -6.71641 -36.8093 3.2
      vertex -6.76872 -36.8556 4.4
      vertex -6.76872 -36.8556 3.2
    endloop
  endfacet
  facet normal 0.662781 -0.748813 0
    outer loop
      vertex -6.71641 -36.8093 3.2
      vertex -6.71641 -36.8093 4.4
      vertex -6.76872 -36.8556 4.4
    endloop
  endfacet
  facet normal 0.647073 -0.762428 0
    outer loop
      vertex -6.67411 -36.7734 3.2
      vertex -6.71641 -36.8093 4.4
      vertex -6.71641 -36.8093 3.2
    endloop
  endfacet
  facet normal 0.647073 -0.762428 0
    outer loop
      vertex -6.67411 -36.7734 3.2
      vertex -6.67411 -36.7734 4.4
      vertex -6.71641 -36.8093 4.4
    endloop
  endfacet
  facet normal 0.635793 -0.77186 0
    outer loop
      vertex -6.62992 -36.737 3.2
      vertex -6.67411 -36.7734 4.4
      vertex -6.67411 -36.7734 3.2
    endloop
  endfacet
  facet normal 0.635793 -0.77186 0
    outer loop
      vertex -6.62992 -36.737 3.2
      vertex -6.62992 -36.737 4.4
      vertex -6.67411 -36.7734 4.4
    endloop
  endfacet
  facet normal 0.62482 -0.780769 0
    outer loop
      vertex -6.58406 -36.7003 3.2
      vertex -6.62992 -36.737 4.4
      vertex -6.62992 -36.737 3.2
    endloop
  endfacet
  facet normal 0.62482 -0.780769 0
    outer loop
      vertex -6.58406 -36.7003 3.2
      vertex -6.58406 -36.7003 4.4
      vertex -6.62992 -36.737 4.4
    endloop
  endfacet
  facet normal 0.614137 -0.789199 0
    outer loop
      vertex -6.53677 -36.6635 3.2
      vertex -6.58406 -36.7003 4.4
      vertex -6.58406 -36.7003 3.2
    endloop
  endfacet
  facet normal 0.614137 -0.789199 0
    outer loop
      vertex -6.53677 -36.6635 3.2
      vertex -6.53677 -36.6635 4.4
      vertex -6.58406 -36.7003 4.4
    endloop
  endfacet
  facet normal 0.604617 -0.796517 0
    outer loop
      vertex -6.48829 -36.6267 3.2
      vertex -6.53677 -36.6635 4.4
      vertex -6.53677 -36.6635 3.2
    endloop
  endfacet
  facet normal 0.604617 -0.796517 0
    outer loop
      vertex -6.48829 -36.6267 3.2
      vertex -6.48829 -36.6267 4.4
      vertex -6.53677 -36.6635 4.4
    endloop
  endfacet
  facet normal 0.594917 -0.803787 0
    outer loop
      vertex -6.43884 -36.5901 3.2
      vertex -6.48829 -36.6267 4.4
      vertex -6.48829 -36.6267 3.2
    endloop
  endfacet
  facet normal 0.594917 -0.803787 0
    outer loop
      vertex -6.43884 -36.5901 3.2
      vertex -6.43884 -36.5901 4.4
      vertex -6.48829 -36.6267 4.4
    endloop
  endfacet
  facet normal 0.58513 -0.810939 0
    outer loop
      vertex -6.38867 -36.5539 3.2
      vertex -6.43884 -36.5901 4.4
      vertex -6.43884 -36.5901 3.2
    endloop
  endfacet
  facet normal 0.58513 -0.810939 0
    outer loop
      vertex -6.38867 -36.5539 3.2
      vertex -6.38867 -36.5539 4.4
      vertex -6.43884 -36.5901 4.4
    endloop
  endfacet
  facet normal 0.576037 -0.817424 0
    outer loop
      vertex -6.33801 -36.5182 3.2
      vertex -6.38867 -36.5539 4.4
      vertex -6.38867 -36.5539 3.2
    endloop
  endfacet
  facet normal 0.576037 -0.817424 0
    outer loop
      vertex -6.33801 -36.5182 3.2
      vertex -6.33801 -36.5182 4.4
      vertex -6.38867 -36.5539 4.4
    endloop
  endfacet
  facet normal 0.565346 -0.824854 0
    outer loop
      vertex -6.28709 -36.4833 3.2
      vertex -6.33801 -36.5182 4.4
      vertex -6.33801 -36.5182 3.2
    endloop
  endfacet
  facet normal 0.565346 -0.824854 0
    outer loop
      vertex -6.28709 -36.4833 3.2
      vertex -6.28709 -36.4833 4.4
      vertex -6.33801 -36.5182 4.4
    endloop
  endfacet
  facet normal 0.555152 -0.831749 0
    outer loop
      vertex -6.23615 -36.4493 3.2
      vertex -6.28709 -36.4833 4.4
      vertex -6.28709 -36.4833 3.2
    endloop
  endfacet
  facet normal 0.555152 -0.831749 0
    outer loop
      vertex -6.23615 -36.4493 3.2
      vertex -6.23615 -36.4493 4.4
      vertex -6.28709 -36.4833 4.4
    endloop
  endfacet
  facet normal 0.543032 -0.839712 0
    outer loop
      vertex -6.18543 -36.4165 3.2
      vertex -6.23615 -36.4493 4.4
      vertex -6.23615 -36.4493 3.2
    endloop
  endfacet
  facet normal 0.543032 -0.839712 0
    outer loop
      vertex -6.18543 -36.4165 3.2
      vertex -6.18543 -36.4165 4.4
      vertex -6.23615 -36.4493 4.4
    endloop
  endfacet
  facet normal 0.532116 -0.846671 0
    outer loop
      vertex -6.13515 -36.3849 3.2
      vertex -6.18543 -36.4165 4.4
      vertex -6.18543 -36.4165 3.2
    endloop
  endfacet
  facet normal 0.532116 -0.846671 0
    outer loop
      vertex -6.13515 -36.3849 3.2
      vertex -6.13515 -36.3849 4.4
      vertex -6.18543 -36.4165 4.4
    endloop
  endfacet
  facet normal 0.520133 -0.854085 0
    outer loop
      vertex -6.08556 -36.3547 3.2
      vertex -6.13515 -36.3849 4.4
      vertex -6.13515 -36.3849 3.2
    endloop
  endfacet
  facet normal 0.520133 -0.854085 0
    outer loop
      vertex -6.08556 -36.3547 3.2
      vertex -6.08556 -36.3547 4.4
      vertex -6.13515 -36.3849 4.4
    endloop
  endfacet
  facet normal 0.505237 -0.862981 0
    outer loop
      vertex -6.03688 -36.3262 3.2
      vertex -6.08556 -36.3547 4.4
      vertex -6.08556 -36.3547 3.2
    endloop
  endfacet
  facet normal 0.505237 -0.862981 0
    outer loop
      vertex -6.03688 -36.3262 3.2
      vertex -6.03688 -36.3262 4.4
      vertex -6.08556 -36.3547 4.4
    endloop
  endfacet
  facet normal 0.489843 -0.871811 0
    outer loop
      vertex -5.98936 -36.2995 3.2
      vertex -6.03688 -36.3262 4.4
      vertex -6.03688 -36.3262 3.2
    endloop
  endfacet
  facet normal 0.489843 -0.871811 0
    outer loop
      vertex -5.98936 -36.2995 3.2
      vertex -5.98936 -36.2995 4.4
      vertex -6.03688 -36.3262 4.4
    endloop
  endfacet
  facet normal 0.471956 -0.881622 0
    outer loop
      vertex -5.94322 -36.2748 3.2
      vertex -5.98936 -36.2995 4.4
      vertex -5.98936 -36.2995 3.2
    endloop
  endfacet
  facet normal 0.471956 -0.881622 0
    outer loop
      vertex -5.94322 -36.2748 3.2
      vertex -5.94322 -36.2748 4.4
      vertex -5.98936 -36.2995 4.4
    endloop
  endfacet
  facet normal 0.451139 -0.892454 0
    outer loop
      vertex -5.89871 -36.2523 3.2
      vertex -5.94322 -36.2748 4.4
      vertex -5.94322 -36.2748 3.2
    endloop
  endfacet
  facet normal 0.451139 -0.892454 0
    outer loop
      vertex -5.89871 -36.2523 3.2
      vertex -5.89871 -36.2523 4.4
      vertex -5.94322 -36.2748 4.4
    endloop
  endfacet
  facet normal 0.427959 -0.903798 0
    outer loop
      vertex -5.85605 -36.2321 3.2
      vertex -5.89871 -36.2523 4.4
      vertex -5.89871 -36.2523 3.2
    endloop
  endfacet
  facet normal 0.427959 -0.903798 0
    outer loop
      vertex -5.85605 -36.2321 3.2
      vertex -5.85605 -36.2321 4.4
      vertex -5.89871 -36.2523 4.4
    endloop
  endfacet
  facet normal 0.398064 -0.917357 0
    outer loop
      vertex -5.81549 -36.2145 3.2
      vertex -5.85605 -36.2321 4.4
      vertex -5.85605 -36.2321 3.2
    endloop
  endfacet
  facet normal 0.398064 -0.917357 0
    outer loop
      vertex -5.81549 -36.2145 3.2
      vertex -5.81549 -36.2145 4.4
      vertex -5.85605 -36.2321 4.4
    endloop
  endfacet
  facet normal 0.36517 -0.930941 0
    outer loop
      vertex -5.77725 -36.1995 3.2
      vertex -5.81549 -36.2145 4.4
      vertex -5.81549 -36.2145 3.2
    endloop
  endfacet
  facet normal 0.36517 -0.930941 0
    outer loop
      vertex -5.77725 -36.1995 3.2
      vertex -5.77725 -36.1995 4.4
      vertex -5.81549 -36.2145 4.4
    endloop
  endfacet
  facet normal 0.410133 -0.912026 0
    outer loop
      vertex -5.71165 -36.17 3.2
      vertex -5.77725 -36.1995 4.4
      vertex -5.77725 -36.1995 3.2
    endloop
  endfacet
  facet normal 0.410133 -0.912026 0
    outer loop
      vertex -5.71165 -36.17 3.2
      vertex -5.71165 -36.17 4.4
      vertex -5.77725 -36.1995 4.4
    endloop
  endfacet
  facet normal 0.460852 -0.887477 0
    outer loop
      vertex -5.64579 -36.1358 3.2
      vertex -5.71165 -36.17 4.4
      vertex -5.71165 -36.17 3.2
    endloop
  endfacet
  facet normal 0.460852 -0.887477 0
    outer loop
      vertex -5.64579 -36.1358 3.2
      vertex -5.64579 -36.1358 4.4
      vertex -5.71165 -36.17 4.4
    endloop
  endfacet
  facet normal 0.506051 -0.862504 0
    outer loop
      vertex -5.57966 -36.097 3.2
      vertex -5.64579 -36.1358 4.4
      vertex -5.64579 -36.1358 3.2
    endloop
  endfacet
  facet normal 0.506051 -0.862504 0
    outer loop
      vertex -5.57966 -36.097 3.2
      vertex -5.57966 -36.097 4.4
      vertex -5.64579 -36.1358 4.4
    endloop
  endfacet
  facet normal 0.549108 -0.835752 0
    outer loop
      vertex -5.5133 -36.0534 3.2
      vertex -5.57966 -36.097 4.4
      vertex -5.57966 -36.097 3.2
    endloop
  endfacet
  facet normal 0.549108 -0.835752 0
    outer loop
      vertex -5.5133 -36.0534 3.2
      vertex -5.5133 -36.0534 4.4
      vertex -5.57966 -36.097 4.4
    endloop
  endfacet
  facet normal 0.586347 -0.81006 0
    outer loop
      vertex -5.44671 -36.0052 3.2
      vertex -5.5133 -36.0534 4.4
      vertex -5.5133 -36.0534 3.2
    endloop
  endfacet
  facet normal 0.586347 -0.81006 0
    outer loop
      vertex -5.44671 -36.0052 3.2
      vertex -5.44671 -36.0052 4.4
      vertex -5.5133 -36.0534 4.4
    endloop
  endfacet
  facet normal 0.620044 -0.784567 0
    outer loop
      vertex -5.3799 -35.9524 3.2
      vertex -5.44671 -36.0052 4.4
      vertex -5.44671 -36.0052 3.2
    endloop
  endfacet
  facet normal 0.620044 -0.784567 0
    outer loop
      vertex -5.3799 -35.9524 3.2
      vertex -5.3799 -35.9524 4.4
      vertex -5.44671 -36.0052 4.4
    endloop
  endfacet
  facet normal 0.650549 -0.759465 0
    outer loop
      vertex -5.31289 -35.895 3.2
      vertex -5.3799 -35.9524 4.4
      vertex -5.3799 -35.9524 3.2
    endloop
  endfacet
  facet normal 0.650549 -0.759465 0
    outer loop
      vertex -5.31289 -35.895 3.2
      vertex -5.31289 -35.895 4.4
      vertex -5.3799 -35.9524 4.4
    endloop
  endfacet
  facet normal 0.677561 -0.735466 0
    outer loop
      vertex -5.2457 -35.8331 3.2
      vertex -5.31289 -35.895 4.4
      vertex -5.31289 -35.895 3.2
    endloop
  endfacet
  facet normal 0.677561 -0.735466 0
    outer loop
      vertex -5.2457 -35.8331 3.2
      vertex -5.2457 -35.8331 4.4
      vertex -5.31289 -35.895 4.4
    endloop
  endfacet
  facet normal 0.702549 -0.711635 0
    outer loop
      vertex -5.17834 -35.7666 3.2
      vertex -5.2457 -35.8331 4.4
      vertex -5.2457 -35.8331 3.2
    endloop
  endfacet
  facet normal 0.702549 -0.711635 0
    outer loop
      vertex -5.17834 -35.7666 3.2
      vertex -5.17834 -35.7666 4.4
      vertex -5.2457 -35.8331 4.4
    endloop
  endfacet
  facet normal 0.724694 -0.689071 0
    outer loop
      vertex -5.11083 -35.6956 3.2
      vertex -5.17834 -35.7666 4.4
      vertex -5.17834 -35.7666 3.2
    endloop
  endfacet
  facet normal 0.724694 -0.689071 0
    outer loop
      vertex -5.11083 -35.6956 3.2
      vertex -5.11083 -35.6956 4.4
      vertex -5.17834 -35.7666 4.4
    endloop
  endfacet
  facet normal 0.744666 -0.667438 0
    outer loop
      vertex -5.04316 -35.6201 3.2
      vertex -5.11083 -35.6956 4.4
      vertex -5.11083 -35.6956 3.2
    endloop
  endfacet
  facet normal 0.744666 -0.667438 0
    outer loop
      vertex -5.04316 -35.6201 3.2
      vertex -5.04316 -35.6201 4.4
      vertex -5.11083 -35.6956 4.4
    endloop
  endfacet
  facet normal 0.762974 -0.646429 0
    outer loop
      vertex -4.97538 -35.5401 3.2
      vertex -5.04316 -35.6201 4.4
      vertex -5.04316 -35.6201 3.2
    endloop
  endfacet
  facet normal 0.762974 -0.646429 0
    outer loop
      vertex -4.97538 -35.5401 3.2
      vertex -4.97538 -35.5401 4.4
      vertex -5.04316 -35.6201 4.4
    endloop
  endfacet
  facet normal 0.779155 -0.626832 0
    outer loop
      vertex -4.90748 -35.4557 3.2
      vertex -4.97538 -35.5401 4.4
      vertex -4.97538 -35.5401 3.2
    endloop
  endfacet
  facet normal 0.779155 -0.626832 0
    outer loop
      vertex -4.90748 -35.4557 3.2
      vertex -4.90748 -35.4557 4.4
      vertex -4.97538 -35.5401 4.4
    endloop
  endfacet
  facet normal 0.793908 -0.608037 0
    outer loop
      vertex -4.83947 -35.3669 3.2
      vertex -4.90748 -35.4557 4.4
      vertex -4.90748 -35.4557 3.2
    endloop
  endfacet
  facet normal 0.793908 -0.608037 0
    outer loop
      vertex -4.83947 -35.3669 3.2
      vertex -4.83947 -35.3669 4.4
      vertex -4.90748 -35.4557 4.4
    endloop
  endfacet
  facet normal 0.807505 -0.58986 0
    outer loop
      vertex -4.77139 -35.2737 3.2
      vertex -4.83947 -35.3669 4.4
      vertex -4.83947 -35.3669 3.2
    endloop
  endfacet
  facet normal 0.807505 -0.58986 0
    outer loop
      vertex -4.77139 -35.2737 3.2
      vertex -4.77139 -35.2737 4.4
      vertex -4.83947 -35.3669 4.4
    endloop
  endfacet
  facet normal 0.819863 -0.57256 0
    outer loop
      vertex -4.70323 -35.1761 3.2
      vertex -4.77139 -35.2737 4.4
      vertex -4.77139 -35.2737 3.2
    endloop
  endfacet
  facet normal 0.819863 -0.57256 0
    outer loop
      vertex -4.70323 -35.1761 3.2
      vertex -4.70323 -35.1761 4.4
      vertex -4.77139 -35.2737 4.4
    endloop
  endfacet
  facet normal 0.831007 -0.556261 0
    outer loop
      vertex -4.63502 -35.0742 3.2
      vertex -4.70323 -35.1761 4.4
      vertex -4.70323 -35.1761 3.2
    endloop
  endfacet
  facet normal 0.831007 -0.556261 0
    outer loop
      vertex -4.63502 -35.0742 3.2
      vertex -4.63502 -35.0742 4.4
      vertex -4.70323 -35.1761 4.4
    endloop
  endfacet
  facet normal 0.84122 -0.540694 0
    outer loop
      vertex -4.56676 -34.968 3.2
      vertex -4.63502 -35.0742 4.4
      vertex -4.63502 -35.0742 3.2
    endloop
  endfacet
  facet normal 0.84122 -0.540694 0
    outer loop
      vertex -4.56676 -34.968 3.2
      vertex -4.56676 -34.968 4.4
      vertex -4.63502 -35.0742 4.4
    endloop
  endfacet
  facet normal 0.85066 -0.525716 0
    outer loop
      vertex -4.49847 -34.8575 3.2
      vertex -4.56676 -34.968 4.4
      vertex -4.56676 -34.968 3.2
    endloop
  endfacet
  facet normal 0.85066 -0.525716 0
    outer loop
      vertex -4.49847 -34.8575 3.2
      vertex -4.49847 -34.8575 4.4
      vertex -4.56676 -34.968 4.4
    endloop
  endfacet
  facet normal 0.859207 -0.511629 0
    outer loop
      vertex -4.43017 -34.7428 3.2
      vertex -4.49847 -34.8575 4.4
      vertex -4.49847 -34.8575 3.2
    endloop
  endfacet
  facet normal 0.859207 -0.511629 0
    outer loop
      vertex -4.43017 -34.7428 3.2
      vertex -4.43017 -34.7428 4.4
      vertex -4.49847 -34.8575 4.4
    endloop
  endfacet
  facet normal 0.845076 -0.534647 0
    outer loop
      vertex -4.41448 -34.718 3.2
      vertex -4.43017 -34.7428 4.4
      vertex -4.43017 -34.7428 3.2
    endloop
  endfacet
  facet normal 0.845076 -0.534647 0
    outer loop
      vertex -4.41448 -34.718 3.2
      vertex -4.41448 -34.718 4.4
      vertex -4.43017 -34.7428 4.4
    endloop
  endfacet
  facet normal 0.822965 -0.568092 0
    outer loop
      vertex -4.39598 -34.6912 3.2
      vertex -4.41448 -34.718 4.4
      vertex -4.41448 -34.718 3.2
    endloop
  endfacet
  facet normal 0.822965 -0.568092 0
    outer loop
      vertex -4.39598 -34.6912 3.2
      vertex -4.39598 -34.6912 4.4
      vertex -4.41448 -34.718 4.4
    endloop
  endfacet
  facet normal 0.805155 -0.593065 0
    outer loop
      vertex -4.37484 -34.6625 3.2
      vertex -4.39598 -34.6912 4.4
      vertex -4.39598 -34.6912 3.2
    endloop
  endfacet
  facet normal 0.805155 -0.593065 0
    outer loop
      vertex -4.37484 -34.6625 3.2
      vertex -4.37484 -34.6625 4.4
      vertex -4.39598 -34.6912 4.4
    endloop
  endfacet
  facet normal 0.789058 -0.614319 0
    outer loop
      vertex -4.35125 -34.6322 3.2
      vertex -4.37484 -34.6625 4.4
      vertex -4.37484 -34.6625 3.2
    endloop
  endfacet
  facet normal 0.789058 -0.614319 0
    outer loop
      vertex -4.35125 -34.6322 3.2
      vertex -4.35125 -34.6322 4.4
      vertex -4.37484 -34.6625 4.4
    endloop
  endfacet
  facet normal 0.775726 -0.63107 0
    outer loop
      vertex -4.32538 -34.6004 3.2
      vertex -4.35125 -34.6322 4.4
      vertex -4.35125 -34.6322 3.2
    endloop
  endfacet
  facet normal 0.775726 -0.63107 0
    outer loop
      vertex -4.32538 -34.6004 3.2
      vertex -4.32538 -34.6004 4.4
      vertex -4.35125 -34.6322 4.4
    endloop
  endfacet
  facet normal 0.763815 -0.645435 0
    outer loop
      vertex -4.29741 -34.5673 3.2
      vertex -4.32538 -34.6004 4.4
      vertex -4.32538 -34.6004 3.2
    endloop
  endfacet
  facet normal 0.763815 -0.645435 0
    outer loop
      vertex -4.29741 -34.5673 3.2
      vertex -4.29741 -34.5673 4.4
      vertex -4.32538 -34.6004 4.4
    endloop
  endfacet
  facet normal 0.75391 -0.656978 0
    outer loop
      vertex -4.26752 -34.533 3.2
      vertex -4.29741 -34.5673 4.4
      vertex -4.29741 -34.5673 3.2
    endloop
  endfacet
  facet normal 0.75391 -0.656978 0
    outer loop
      vertex -4.26752 -34.533 3.2
      vertex -4.26752 -34.533 4.4
      vertex -4.29741 -34.5673 4.4
    endloop
  endfacet
  facet normal 0.743819 -0.668381 0
    outer loop
      vertex -4.23589 -34.4978 3.2
      vertex -4.26752 -34.533 4.4
      vertex -4.26752 -34.533 3.2
    endloop
  endfacet
  facet normal 0.743819 -0.668381 0
    outer loop
      vertex -4.23589 -34.4978 3.2
      vertex -4.23589 -34.4978 4.4
      vertex -4.26752 -34.533 4.4
    endloop
  endfacet
  facet normal 0.735117 -0.677941 0
    outer loop
      vertex -4.20269 -34.4618 3.2
      vertex -4.23589 -34.4978 4.4
      vertex -4.23589 -34.4978 3.2
    endloop
  endfacet
  facet normal 0.735117 -0.677941 0
    outer loop
      vertex -4.20269 -34.4618 3.2
      vertex -4.20269 -34.4618 4.4
      vertex -4.23589 -34.4978 4.4
    endloop
  endfacet
  facet normal 0.726881 -0.686763 0
    outer loop
      vertex -4.16811 -34.4252 3.2
      vertex -4.20269 -34.4618 4.4
      vertex -4.20269 -34.4618 3.2
    endloop
  endfacet
  facet normal 0.726881 -0.686763 0
    outer loop
      vertex -4.16811 -34.4252 3.2
      vertex -4.16811 -34.4252 4.4
      vertex -4.20269 -34.4618 4.4
    endloop
  endfacet
  facet normal 0.718762 -0.695256 0
    outer loop
      vertex -4.13232 -34.3882 3.2
      vertex -4.16811 -34.4252 4.4
      vertex -4.16811 -34.4252 3.2
    endloop
  endfacet
  facet normal 0.718762 -0.695256 0
    outer loop
      vertex -4.13232 -34.3882 3.2
      vertex -4.13232 -34.3882 4.4
      vertex -4.16811 -34.4252 4.4
    endloop
  endfacet
  facet normal 0.711576 -0.702609 0
    outer loop
      vertex -4.09549 -34.3509 3.2
      vertex -4.13232 -34.3882 4.4
      vertex -4.13232 -34.3882 3.2
    endloop
  endfacet
  facet normal 0.711576 -0.702609 0
    outer loop
      vertex -4.09549 -34.3509 3.2
      vertex -4.09549 -34.3509 4.4
      vertex -4.13232 -34.3882 4.4
    endloop
  endfacet
  facet normal 0.703514 -0.710681 0
    outer loop
      vertex -4.05781 -34.3136 3.2
      vertex -4.09549 -34.3509 4.4
      vertex -4.09549 -34.3509 3.2
    endloop
  endfacet
  facet normal 0.703514 -0.710681 0
    outer loop
      vertex -4.05781 -34.3136 3.2
      vertex -4.05781 -34.3136 4.4
      vertex -4.09549 -34.3509 4.4
    endloop
  endfacet
  facet normal 0.697225 -0.716852 0
    outer loop
      vertex -4.01946 -34.2763 3.2
      vertex -4.05781 -34.3136 4.4
      vertex -4.05781 -34.3136 3.2
    endloop
  endfacet
  facet normal 0.697225 -0.716852 0
    outer loop
      vertex -4.01946 -34.2763 3.2
      vertex -4.01946 -34.2763 4.4
      vertex -4.05781 -34.3136 4.4
    endloop
  endfacet
  facet normal 0.688583 -0.725158 0
    outer loop
      vertex -3.9806 -34.2394 3.2
      vertex -4.01946 -34.2763 4.4
      vertex -4.01946 -34.2763 3.2
    endloop
  endfacet
  facet normal 0.688583 -0.725158 0
    outer loop
      vertex -3.9806 -34.2394 3.2
      vertex -3.9806 -34.2394 4.4
      vertex -4.01946 -34.2763 4.4
    endloop
  endfacet
  facet normal 0.681732 -0.731602 0
    outer loop
      vertex -3.94143 -34.2029 3.2
      vertex -3.9806 -34.2394 4.4
      vertex -3.9806 -34.2394 3.2
    endloop
  endfacet
  facet normal 0.681732 -0.731602 0
    outer loop
      vertex -3.94143 -34.2029 3.2
      vertex -3.94143 -34.2029 4.4
      vertex -3.9806 -34.2394 4.4
    endloop
  endfacet
  facet normal 0.673234 -0.739429 0
    outer loop
      vertex -3.90211 -34.1671 3.2
      vertex -3.94143 -34.2029 4.4
      vertex -3.94143 -34.2029 3.2
    endloop
  endfacet
  facet normal 0.673234 -0.739429 0
    outer loop
      vertex -3.90211 -34.1671 3.2
      vertex -3.90211 -34.1671 4.4
      vertex -3.94143 -34.2029 4.4
    endloop
  endfacet
  facet normal 0.66526 -0.746612 0
    outer loop
      vertex -3.86283 -34.1321 3.2
      vertex -3.90211 -34.1671 4.4
      vertex -3.90211 -34.1671 3.2
    endloop
  endfacet
  facet normal 0.66526 -0.746612 0
    outer loop
      vertex -3.86283 -34.1321 3.2
      vertex -3.86283 -34.1321 4.4
      vertex -3.90211 -34.1671 4.4
    endloop
  endfacet
  facet normal 0.656561 -0.754273 0
    outer loop
      vertex -3.82377 -34.0981 3.2
      vertex -3.86283 -34.1321 4.4
      vertex -3.86283 -34.1321 3.2
    endloop
  endfacet
  facet normal 0.656561 -0.754273 0
    outer loop
      vertex -3.82377 -34.0981 3.2
      vertex -3.82377 -34.0981 4.4
      vertex -3.86283 -34.1321 4.4
    endloop
  endfacet
  facet normal 0.647997 -0.761643 0
    outer loop
      vertex -3.7851 -34.0652 3.2
      vertex -3.82377 -34.0981 4.4
      vertex -3.82377 -34.0981 3.2
    endloop
  endfacet
  facet normal 0.647997 -0.761643 0
    outer loop
      vertex -3.7851 -34.0652 3.2
      vertex -3.7851 -34.0652 4.4
      vertex -3.82377 -34.0981 4.4
    endloop
  endfacet
  facet normal 0.637423 -0.770514 0
    outer loop
      vertex -3.70677 -34.0004 3.2
      vertex -3.7851 -34.0652 4.4
      vertex -3.7851 -34.0652 3.2
    endloop
  endfacet
  facet normal 0.637423 -0.770514 0
    outer loop
      vertex -3.70677 -34.0004 3.2
      vertex -3.70677 -34.0004 4.4
      vertex -3.7851 -34.0652 4.4
    endloop
  endfacet
  facet normal 0.665154 -0.746706 0
    outer loop
      vertex -3.62583 -33.9283 3.2
      vertex -3.70677 -34.0004 4.4
      vertex -3.70677 -34.0004 3.2
    endloop
  endfacet
  facet normal 0.665154 -0.746706 0
    outer loop
      vertex -3.62583 -33.9283 3.2
      vertex -3.62583 -33.9283 4.4
      vertex -3.70677 -34.0004 4.4
    endloop
  endfacet
  facet normal 0.688345 -0.725383 0
    outer loop
      vertex -3.54279 -33.8495 3.2
      vertex -3.62583 -33.9283 4.4
      vertex -3.62583 -33.9283 3.2
    endloop
  endfacet
  facet normal 0.688345 -0.725383 0
    outer loop
      vertex -3.54279 -33.8495 3.2
      vertex -3.54279 -33.8495 4.4
      vertex -3.62583 -33.9283 4.4
    endloop
  endfacet
  facet normal 0.707357 -0.706856 0
    outer loop
      vertex -3.45815 -33.7648 3.2
      vertex -3.54279 -33.8495 4.4
      vertex -3.54279 -33.8495 3.2
    endloop
  endfacet
  facet normal 0.707357 -0.706856 0
    outer loop
      vertex -3.45815 -33.7648 3.2
      vertex -3.45815 -33.7648 4.4
      vertex -3.54279 -33.8495 4.4
    endloop
  endfacet
  facet normal 0.724115 -0.689679 0
    outer loop
      vertex -3.37243 -33.6748 3.2
      vertex -3.45815 -33.7648 4.4
      vertex -3.45815 -33.7648 3.2
    endloop
  endfacet
  facet normal 0.724115 -0.689679 0
    outer loop
      vertex -3.37243 -33.6748 3.2
      vertex -3.37243 -33.6748 4.4
      vertex -3.45815 -33.7648 4.4
    endloop
  endfacet
  facet normal 0.738812 -0.673912 0
    outer loop
      vertex -3.28614 -33.5802 3.2
      vertex -3.37243 -33.6748 4.4
      vertex -3.37243 -33.6748 3.2
    endloop
  endfacet
  facet normal 0.738812 -0.673912 0
    outer loop
      vertex -3.28614 -33.5802 3.2
      vertex -3.28614 -33.5802 4.4
      vertex -3.37243 -33.6748 4.4
    endloop
  endfacet
  facet normal 0.752331 -0.658785 0
    outer loop
      vertex -3.1998 -33.4816 3.2
      vertex -3.28614 -33.5802 4.4
      vertex -3.28614 -33.5802 3.2
    endloop
  endfacet
  facet normal 0.752331 -0.658785 0
    outer loop
      vertex -3.1998 -33.4816 3.2
      vertex -3.1998 -33.4816 4.4
      vertex -3.28614 -33.5802 4.4
    endloop
  endfacet
  facet normal 0.764305 -0.644854 0
    outer loop
      vertex -3.11391 -33.3798 3.2
      vertex -3.1998 -33.4816 4.4
      vertex -3.1998 -33.4816 3.2
    endloop
  endfacet
  facet normal 0.764305 -0.644854 0
    outer loop
      vertex -3.11391 -33.3798 3.2
      vertex -3.11391 -33.3798 4.4
      vertex -3.1998 -33.4816 4.4
    endloop
  endfacet
  facet normal 0.776064 -0.630654 0
    outer loop
      vertex -3.02899 -33.2753 3.2
      vertex -3.11391 -33.3798 4.4
      vertex -3.11391 -33.3798 3.2
    endloop
  endfacet
  facet normal 0.776064 -0.630654 0
    outer loop
      vertex -3.02899 -33.2753 3.2
      vertex -3.02899 -33.2753 4.4
      vertex -3.11391 -33.3798 4.4
    endloop
  endfacet
  facet normal 0.786857 -0.617135 0
    outer loop
      vertex -2.94554 -33.1689 3.2
      vertex -3.02899 -33.2753 4.4
      vertex -3.02899 -33.2753 3.2
    endloop
  endfacet
  facet normal 0.786857 -0.617135 0
    outer loop
      vertex -2.94554 -33.1689 3.2
      vertex -2.94554 -33.1689 4.4
      vertex -3.02899 -33.2753 4.4
    endloop
  endfacet
  facet normal 0.797324 -0.603551 0
    outer loop
      vertex -2.86409 -33.0613 3.2
      vertex -2.94554 -33.1689 4.4
      vertex -2.94554 -33.1689 3.2
    endloop
  endfacet
  facet normal 0.797324 -0.603551 0
    outer loop
      vertex -2.86409 -33.0613 3.2
      vertex -2.86409 -33.0613 4.4
      vertex -2.94554 -33.1689 4.4
    endloop
  endfacet
  facet normal 0.80811 -0.589032 0
    outer loop
      vertex -2.78515 -32.953 3.2
      vertex -2.86409 -33.0613 4.4
      vertex -2.86409 -33.0613 3.2
    endloop
  endfacet
  facet normal 0.80811 -0.589032 0
    outer loop
      vertex -2.78515 -32.953 3.2
      vertex -2.78515 -32.953 4.4
      vertex -2.86409 -33.0613 4.4
    endloop
  endfacet
  facet normal 0.818556 -0.574427 0
    outer loop
      vertex -2.70922 -32.8448 3.2
      vertex -2.78515 -32.953 4.4
      vertex -2.78515 -32.953 3.2
    endloop
  endfacet
  facet normal 0.818556 -0.574427 0
    outer loop
      vertex -2.70922 -32.8448 3.2
      vertex -2.70922 -32.8448 4.4
      vertex -2.78515 -32.953 4.4
    endloop
  endfacet
  facet normal 0.82943 -0.558611 0
    outer loop
      vertex -2.63682 -32.7373 3.2
      vertex -2.70922 -32.8448 4.4
      vertex -2.70922 -32.8448 3.2
    endloop
  endfacet
  facet normal 0.82943 -0.558611 0
    outer loop
      vertex -2.63682 -32.7373 3.2
      vertex -2.63682 -32.7373 4.4
      vertex -2.70922 -32.8448 4.4
    endloop
  endfacet
  facet normal 0.840394 -0.541975 0
    outer loop
      vertex -2.56846 -32.6313 3.2
      vertex -2.63682 -32.7373 4.4
      vertex -2.63682 -32.7373 3.2
    endloop
  endfacet
  facet normal 0.840394 -0.541975 0
    outer loop
      vertex -2.56846 -32.6313 3.2
      vertex -2.56846 -32.6313 4.4
      vertex -2.63682 -32.7373 4.4
    endloop
  endfacet
  facet normal 0.852353 -0.522968 0
    outer loop
      vertex -2.50465 -32.5273 3.2
      vertex -2.56846 -32.6313 4.4
      vertex -2.56846 -32.6313 3.2
    endloop
  endfacet
  facet normal 0.852353 -0.522968 0
    outer loop
      vertex -2.50465 -32.5273 3.2
      vertex -2.50465 -32.5273 4.4
      vertex -2.56846 -32.6313 4.4
    endloop
  endfacet
  facet normal 0.864868 -0.501999 0
    outer loop
      vertex -2.44591 -32.4261 3.2
      vertex -2.50465 -32.5273 4.4
      vertex -2.50465 -32.5273 3.2
    endloop
  endfacet
  facet normal 0.864868 -0.501999 0
    outer loop
      vertex -2.44591 -32.4261 3.2
      vertex -2.44591 -32.4261 4.4
      vertex -2.50465 -32.5273 4.4
    endloop
  endfacet
  facet normal 0.878595 -0.477568 0
    outer loop
      vertex -2.39275 -32.3283 3.2
      vertex -2.44591 -32.4261 4.4
      vertex -2.44591 -32.4261 3.2
    endloop
  endfacet
  facet normal 0.878595 -0.477568 0
    outer loop
      vertex -2.39275 -32.3283 3.2
      vertex -2.39275 -32.3283 4.4
      vertex -2.44591 -32.4261 4.4
    endloop
  endfacet
  facet normal 0.893778 -0.448509 0
    outer loop
      vertex -2.34568 -32.2345 3.2
      vertex -2.39275 -32.3283 4.4
      vertex -2.39275 -32.3283 3.2
    endloop
  endfacet
  facet normal 0.893778 -0.448509 0
    outer loop
      vertex -2.34568 -32.2345 3.2
      vertex -2.34568 -32.2345 4.4
      vertex -2.39275 -32.3283 4.4
    endloop
  endfacet
  facet normal 0.910307 -0.413934 0
    outer loop
      vertex -2.30521 -32.1455 3.2
      vertex -2.34568 -32.2345 4.4
      vertex -2.34568 -32.2345 3.2
    endloop
  endfacet
  facet normal 0.910307 -0.413934 0
    outer loop
      vertex -2.30521 -32.1455 3.2
      vertex -2.30521 -32.1455 4.4
      vertex -2.34568 -32.2345 4.4
    endloop
  endfacet
  facet normal 0.921093 -0.389343 0
    outer loop
      vertex -2.29236 -32.1151 3.2
      vertex -2.30521 -32.1455 4.4
      vertex -2.30521 -32.1455 3.2
    endloop
  endfacet
  facet normal 0.921093 -0.389343 0
    outer loop
      vertex -2.29236 -32.1151 3.2
      vertex -2.29236 -32.1151 4.4
      vertex -2.30521 -32.1455 4.4
    endloop
  endfacet
  facet normal 0.906286 -0.422664 0
    outer loop
      vertex -2.27669 -32.0815 3.2
      vertex -2.29236 -32.1151 4.4
      vertex -2.29236 -32.1151 3.2
    endloop
  endfacet
  facet normal 0.906286 -0.422664 0
    outer loop
      vertex -2.27669 -32.0815 3.2
      vertex -2.27669 -32.0815 4.4
      vertex -2.29236 -32.1151 4.4
    endloop
  endfacet
  facet normal 0.893345 -0.449372 0
    outer loop
      vertex -2.25838 -32.0451 3.2
      vertex -2.27669 -32.0815 4.4
      vertex -2.27669 -32.0815 3.2
    endloop
  endfacet
  facet normal 0.893345 -0.449372 0
    outer loop
      vertex -2.25838 -32.0451 3.2
      vertex -2.25838 -32.0451 4.4
      vertex -2.27669 -32.0815 4.4
    endloop
  endfacet
  facet normal 0.882946 -0.469474 0
    outer loop
      vertex -2.23759 -32.006 3.2
      vertex -2.25838 -32.0451 4.4
      vertex -2.25838 -32.0451 3.2
    endloop
  endfacet
  facet normal 0.882946 -0.469474 0
    outer loop
      vertex -2.23759 -32.006 3.2
      vertex -2.23759 -32.006 4.4
      vertex -2.25838 -32.0451 4.4
    endloop
  endfacet
  facet normal 0.87376 -0.486358 0
    outer loop
      vertex -2.21449 -31.9645 3.2
      vertex -2.23759 -32.006 4.4
      vertex -2.23759 -32.006 3.2
    endloop
  endfacet
  facet normal 0.87376 -0.486358 0
    outer loop
      vertex -2.21449 -31.9645 3.2
      vertex -2.21449 -31.9645 4.4
      vertex -2.23759 -32.006 4.4
    endloop
  endfacet
  facet normal 0.86553 -0.500856 0
    outer loop
      vertex -2.18926 -31.9209 3.2
      vertex -2.21449 -31.9645 4.4
      vertex -2.21449 -31.9645 3.2
    endloop
  endfacet
  facet normal 0.86553 -0.500856 0
    outer loop
      vertex -2.18926 -31.9209 3.2
      vertex -2.18926 -31.9209 4.4
      vertex -2.21449 -31.9645 4.4
    endloop
  endfacet
  facet normal 0.857909 -0.513801 0
    outer loop
      vertex -2.16207 -31.8755 3.2
      vertex -2.18926 -31.9209 4.4
      vertex -2.18926 -31.9209 3.2
    endloop
  endfacet
  facet normal 0.857909 -0.513801 0
    outer loop
      vertex -2.16207 -31.8755 3.2
      vertex -2.16207 -31.8755 4.4
      vertex -2.18926 -31.9209 4.4
    endloop
  endfacet
  facet normal 0.851198 -0.524845 0
    outer loop
      vertex -2.13309 -31.8285 3.2
      vertex -2.16207 -31.8755 4.4
      vertex -2.16207 -31.8755 3.2
    endloop
  endfacet
  facet normal 0.851198 -0.524845 0
    outer loop
      vertex -2.13309 -31.8285 3.2
      vertex -2.13309 -31.8285 4.4
      vertex -2.16207 -31.8755 4.4
    endloop
  endfacet
  facet normal 0.845161 -0.534512 0
    outer loop
      vertex -2.10248 -31.7801 3.2
      vertex -2.13309 -31.8285 4.4
      vertex -2.13309 -31.8285 3.2
    endloop
  endfacet
  facet normal 0.845161 -0.534512 0
    outer loop
      vertex -2.10248 -31.7801 3.2
      vertex -2.10248 -31.7801 4.4
      vertex -2.13309 -31.8285 4.4
    endloop
  endfacet
  facet normal 0.839334 -0.543617 0
    outer loop
      vertex -2.07042 -31.7306 3.2
      vertex -2.10248 -31.7801 4.4
      vertex -2.10248 -31.7801 3.2
    endloop
  endfacet
  facet normal 0.839334 -0.543617 0
    outer loop
      vertex -2.07042 -31.7306 3.2
      vertex -2.07042 -31.7306 4.4
      vertex -2.10248 -31.7801 4.4
    endloop
  endfacet
  facet normal 0.834031 -0.551718 0
    outer loop
      vertex -2.03708 -31.6802 3.2
      vertex -2.07042 -31.7306 4.4
      vertex -2.07042 -31.7306 3.2
    endloop
  endfacet
  facet normal 0.834031 -0.551718 0
    outer loop
      vertex -2.03708 -31.6802 3.2
      vertex -2.03708 -31.6802 4.4
      vertex -2.07042 -31.7306 4.4
    endloop
  endfacet
  facet normal 0.82815 -0.560506 0
    outer loop
      vertex -2.00263 -31.6293 3.2
      vertex -2.03708 -31.6802 4.4
      vertex -2.03708 -31.6802 3.2
    endloop
  endfacet
  facet normal 0.82815 -0.560506 0
    outer loop
      vertex -2.00263 -31.6293 3.2
      vertex -2.00263 -31.6293 4.4
      vertex -2.03708 -31.6802 4.4
    endloop
  endfacet
  facet normal 0.823133 -0.567849 0
    outer loop
      vertex -1.96724 -31.578 3.2
      vertex -2.00263 -31.6293 4.4
      vertex -2.00263 -31.6293 3.2
    endloop
  endfacet
  facet normal 0.823133 -0.567849 0
    outer loop
      vertex -1.96724 -31.578 3.2
      vertex -1.96724 -31.578 4.4
      vertex -2.00263 -31.6293 4.4
    endloop
  endfacet
  facet normal 0.817884 -0.575383 0
    outer loop
      vertex -1.93108 -31.5266 3.2
      vertex -1.96724 -31.578 4.4
      vertex -1.96724 -31.578 3.2
    endloop
  endfacet
  facet normal 0.817884 -0.575383 0
    outer loop
      vertex -1.93108 -31.5266 3.2
      vertex -1.93108 -31.5266 4.4
      vertex -1.96724 -31.578 4.4
    endloop
  endfacet
  facet normal 0.812391 -0.583113 0
    outer loop
      vertex -1.89433 -31.4754 3.2
      vertex -1.93108 -31.5266 4.4
      vertex -1.93108 -31.5266 3.2
    endloop
  endfacet
  facet normal 0.812391 -0.583113 0
    outer loop
      vertex -1.89433 -31.4754 3.2
      vertex -1.89433 -31.4754 4.4
      vertex -1.93108 -31.5266 4.4
    endloop
  endfacet
  facet normal 0.806884 -0.590709 0
    outer loop
      vertex -1.85714 -31.4246 3.2
      vertex -1.89433 -31.4754 4.4
      vertex -1.89433 -31.4754 3.2
    endloop
  endfacet
  facet normal 0.806884 -0.590709 0
    outer loop
      vertex -1.85714 -31.4246 3.2
      vertex -1.85714 -31.4246 4.4
      vertex -1.89433 -31.4754 4.4
    endloop
  endfacet
  facet normal 0.801035 -0.598618 0
    outer loop
      vertex -1.8197 -31.3745 3.2
      vertex -1.85714 -31.4246 4.4
      vertex -1.85714 -31.4246 3.2
    endloop
  endfacet
  facet normal 0.801035 -0.598618 0
    outer loop
      vertex -1.8197 -31.3745 3.2
      vertex -1.8197 -31.3745 4.4
      vertex -1.85714 -31.4246 4.4
    endloop
  endfacet
  facet normal 0.794569 -0.607174 0
    outer loop
      vertex -1.78218 -31.3254 3.2
      vertex -1.8197 -31.3745 4.4
      vertex -1.8197 -31.3745 3.2
    endloop
  endfacet
  facet normal 0.794569 -0.607174 0
    outer loop
      vertex -1.78218 -31.3254 3.2
      vertex -1.78218 -31.3254 4.4
      vertex -1.8197 -31.3745 4.4
    endloop
  endfacet
  facet normal 0.788502 -0.615032 0
    outer loop
      vertex -1.74474 -31.2774 3.2
      vertex -1.78218 -31.3254 4.4
      vertex -1.78218 -31.3254 3.2
    endloop
  endfacet
  facet normal 0.788502 -0.615032 0
    outer loop
      vertex -1.74474 -31.2774 3.2
      vertex -1.74474 -31.2774 4.4
      vertex -1.78218 -31.3254 4.4
    endloop
  endfacet
  facet normal 0.781033 -0.62449 0
    outer loop
      vertex -1.70756 -31.2309 3.2
      vertex -1.74474 -31.2774 4.4
      vertex -1.74474 -31.2774 3.2
    endloop
  endfacet
  facet normal 0.781033 -0.62449 0
    outer loop
      vertex -1.70756 -31.2309 3.2
      vertex -1.70756 -31.2309 4.4
      vertex -1.74474 -31.2774 4.4
    endloop
  endfacet
  facet normal 0.7994 -0.6008 0
    outer loop
      vertex -1.60903 -31.0998 3.2
      vertex -1.70756 -31.2309 4.4
      vertex -1.70756 -31.2309 3.2
    endloop
  endfacet
  facet normal 0.7994 -0.6008 0
    outer loop
      vertex -1.60903 -31.0998 3.2
      vertex -1.60903 -31.0998 4.4
      vertex -1.70756 -31.2309 4.4
    endloop
  endfacet
  facet normal 0.824646 -0.56565 0
    outer loop
      vertex -1.51835 -30.9676 3.2
      vertex -1.60903 -31.0998 4.4
      vertex -1.60903 -31.0998 3.2
    endloop
  endfacet
  facet normal 0.824646 -0.56565 0
    outer loop
      vertex -1.51835 -30.9676 3.2
      vertex -1.51835 -30.9676 4.4
      vertex -1.60903 -31.0998 4.4
    endloop
  endfacet
  facet normal 0.849015 -0.528368 0
    outer loop
      vertex -1.43558 -30.8346 3.2
      vertex -1.51835 -30.9676 4.4
      vertex -1.51835 -30.9676 3.2
    endloop
  endfacet
  facet normal 0.849015 -0.528368 0
    outer loop
      vertex -1.43558 -30.8346 3.2
      vertex -1.43558 -30.8346 4.4
      vertex -1.51835 -30.9676 4.4
    endloop
  endfacet
  facet normal 0.872751 -0.488166 0
    outer loop
      vertex -1.36074 -30.7008 3.2
      vertex -1.43558 -30.8346 4.4
      vertex -1.43558 -30.8346 3.2
    endloop
  endfacet
  facet normal 0.872751 -0.488166 0
    outer loop
      vertex -1.36074 -30.7008 3.2
      vertex -1.36074 -30.7008 4.4
      vertex -1.43558 -30.8346 4.4
    endloop
  endfacet
  facet normal 0.894881 -0.446306 0
    outer loop
      vertex -1.29386 -30.5667 3.2
      vertex -1.36074 -30.7008 4.4
      vertex -1.36074 -30.7008 3.2
    endloop
  endfacet
  facet normal 0.894881 -0.446306 0
    outer loop
      vertex -1.29386 -30.5667 3.2
      vertex -1.29386 -30.5667 4.4
      vertex -1.36074 -30.7008 4.4
    endloop
  endfacet
  facet normal 0.915872 -0.40147 0
    outer loop
      vertex -1.23499 -30.4324 3.2
      vertex -1.29386 -30.5667 4.4
      vertex -1.29386 -30.5667 3.2
    endloop
  endfacet
  facet normal 0.915872 -0.40147 0
    outer loop
      vertex -1.23499 -30.4324 3.2
      vertex -1.23499 -30.4324 4.4
      vertex -1.29386 -30.5667 4.4
    endloop
  endfacet
  facet normal 0.935167 -0.354207 0
    outer loop
      vertex -1.18416 -30.2982 3.2
      vertex -1.23499 -30.4324 4.4
      vertex -1.23499 -30.4324 3.2
    endloop
  endfacet
  facet normal 0.935167 -0.354207 0
    outer loop
      vertex -1.18416 -30.2982 3.2
      vertex -1.18416 -30.2982 4.4
      vertex -1.23499 -30.4324 4.4
    endloop
  endfacet
  facet normal 0.952626 -0.304143 0
    outer loop
      vertex -1.14141 -30.1643 3.2
      vertex -1.18416 -30.2982 4.4
      vertex -1.18416 -30.2982 3.2
    endloop
  endfacet
  facet normal 0.952626 -0.304143 0
    outer loop
      vertex -1.14141 -30.1643 3.2
      vertex -1.14141 -30.1643 4.4
      vertex -1.18416 -30.2982 4.4
    endloop
  endfacet
  facet normal 0.967854 -0.251511 0
    outer loop
      vertex -1.10677 -30.031 3.2
      vertex -1.14141 -30.1643 4.4
      vertex -1.14141 -30.1643 3.2
    endloop
  endfacet
  facet normal 0.967854 -0.251511 0
    outer loop
      vertex -1.10677 -30.031 3.2
      vertex -1.10677 -30.031 4.4
      vertex -1.14141 -30.1643 4.4
    endloop
  endfacet
  facet normal 0.980609 -0.195974 0
    outer loop
      vertex -1.08027 -29.8984 3.2
      vertex -1.10677 -30.031 4.4
      vertex -1.10677 -30.031 3.2
    endloop
  endfacet
  facet normal 0.980609 -0.195974 0
    outer loop
      vertex -1.08027 -29.8984 3.2
      vertex -1.08027 -29.8984 4.4
      vertex -1.10677 -30.031 4.4
    endloop
  endfacet
  facet normal 0.990449 -0.13788 0
    outer loop
      vertex -1.06195 -29.7668 3.2
      vertex -1.08027 -29.8984 4.4
      vertex -1.08027 -29.8984 3.2
    endloop
  endfacet
  facet normal 0.990449 -0.13788 0
    outer loop
      vertex -1.06195 -29.7668 3.2
      vertex -1.06195 -29.7668 4.4
      vertex -1.08027 -29.8984 4.4
    endloop
  endfacet
  facet normal 0.997015 -0.0772056 0
    outer loop
      vertex -1.05186 -29.6365 3.2
      vertex -1.06195 -29.7668 4.4
      vertex -1.06195 -29.7668 3.2
    endloop
  endfacet
  facet normal 0.997015 -0.0772056 0
    outer loop
      vertex -1.05186 -29.6365 3.2
      vertex -1.05186 -29.6365 4.4
      vertex -1.06195 -29.7668 4.4
    endloop
  endfacet
  facet normal 0.999897 -0.0143507 0
    outer loop
      vertex -1.05001 -29.5076 3.2
      vertex -1.05186 -29.6365 4.4
      vertex -1.05186 -29.6365 3.2
    endloop
  endfacet
  facet normal 0.999897 -0.0143507 0
    outer loop
      vertex -1.05001 -29.5076 3.2
      vertex -1.05001 -29.5076 4.4
      vertex -1.05186 -29.6365 4.4
    endloop
  endfacet
  facet normal 0.998715 0.0506822 0
    outer loop
      vertex -1.05646 -29.3805 3.2
      vertex -1.05001 -29.5076 4.4
      vertex -1.05001 -29.5076 3.2
    endloop
  endfacet
  facet normal 0.998715 0.0506822 -0
    outer loop
      vertex -1.05646 -29.3805 3.2
      vertex -1.05646 -29.3805 4.4
      vertex -1.05001 -29.5076 4.4
    endloop
  endfacet
  facet normal 0.993102 0.117251 0
    outer loop
      vertex -1.07123 -29.2554 3.2
      vertex -1.05646 -29.3805 4.4
      vertex -1.05646 -29.3805 3.2
    endloop
  endfacet
  facet normal 0.993102 0.117251 -0
    outer loop
      vertex -1.07123 -29.2554 3.2
      vertex -1.07123 -29.2554 4.4
      vertex -1.05646 -29.3805 4.4
    endloop
  endfacet
  facet normal 0.982747 0.184955 0
    outer loop
      vertex -1.09436 -29.1325 3.2
      vertex -1.07123 -29.2554 4.4
      vertex -1.07123 -29.2554 3.2
    endloop
  endfacet
  facet normal 0.982747 0.184955 -0
    outer loop
      vertex -1.09436 -29.1325 3.2
      vertex -1.09436 -29.1325 4.4
      vertex -1.07123 -29.2554 4.4
    endloop
  endfacet
  facet normal 0.96745 0.253062 0
    outer loop
      vertex -1.12588 -29.012 3.2
      vertex -1.09436 -29.1325 4.4
      vertex -1.09436 -29.1325 3.2
    endloop
  endfacet
  facet normal 0.96745 0.253062 -0
    outer loop
      vertex -1.12588 -29.012 3.2
      vertex -1.12588 -29.012 4.4
      vertex -1.09436 -29.1325 4.4
    endloop
  endfacet
  facet normal 0.946998 0.32124 0
    outer loop
      vertex -1.16584 -28.8942 3.2
      vertex -1.12588 -29.012 4.4
      vertex -1.12588 -29.012 3.2
    endloop
  endfacet
  facet normal 0.946998 0.32124 -0
    outer loop
      vertex -1.16584 -28.8942 3.2
      vertex -1.16584 -28.8942 4.4
      vertex -1.12588 -29.012 4.4
    endloop
  endfacet
  facet normal 0.921518 0.388337 0
    outer loop
      vertex -1.21426 -28.7793 3.2
      vertex -1.16584 -28.8942 4.4
      vertex -1.16584 -28.8942 3.2
    endloop
  endfacet
  facet normal 0.921518 0.388337 -0
    outer loop
      vertex -1.21426 -28.7793 3.2
      vertex -1.21426 -28.7793 4.4
      vertex -1.16584 -28.8942 4.4
    endloop
  endfacet
  facet normal 0.891119 0.453769 0
    outer loop
      vertex -1.27119 -28.6675 3.2
      vertex -1.21426 -28.7793 4.4
      vertex -1.21426 -28.7793 3.2
    endloop
  endfacet
  facet normal 0.891119 0.453769 -0
    outer loop
      vertex -1.27119 -28.6675 3.2
      vertex -1.27119 -28.6675 4.4
      vertex -1.21426 -28.7793 4.4
    endloop
  endfacet
  facet normal 0.809658 0.586902 0
    outer loop
      vertex -1.34462 -28.5662 3.2
      vertex -1.27119 -28.6675 4.4
      vertex -1.27119 -28.6675 3.2
    endloop
  endfacet
  facet normal 0.809658 0.586902 -0
    outer loop
      vertex -1.34462 -28.5662 3.2
      vertex -1.34462 -28.5662 4.4
      vertex -1.27119 -28.6675 4.4
    endloop
  endfacet
  facet normal 0.710301 0.703898 0
    outer loop
      vertex -1.46334 -28.4464 3.2
      vertex -1.34462 -28.5662 4.4
      vertex -1.34462 -28.5662 3.2
    endloop
  endfacet
  facet normal 0.710301 0.703898 -0
    outer loop
      vertex -1.46334 -28.4464 3.2
      vertex -1.46334 -28.4464 4.4
      vertex -1.34462 -28.5662 4.4
    endloop
  endfacet
  facet normal 0.647324 0.762215 0
    outer loop
      vertex -1.62442 -28.3096 3.2
      vertex -1.46334 -28.4464 4.4
      vertex -1.46334 -28.4464 3.2
    endloop
  endfacet
  facet normal 0.647324 0.762215 -0
    outer loop
      vertex -1.62442 -28.3096 3.2
      vertex -1.62442 -28.3096 4.4
      vertex -1.46334 -28.4464 4.4
    endloop
  endfacet
  facet normal 0.604435 0.796654 0
    outer loop
      vertex -1.82489 -28.1575 3.2
      vertex -1.62442 -28.3096 4.4
      vertex -1.62442 -28.3096 3.2
    endloop
  endfacet
  facet normal 0.604435 0.796654 -0
    outer loop
      vertex -1.82489 -28.1575 3.2
      vertex -1.82489 -28.1575 4.4
      vertex -1.62442 -28.3096 4.4
    endloop
  endfacet
  facet normal 0.573344 0.819315 0
    outer loop
      vertex -2.06182 -27.9917 3.2
      vertex -1.82489 -28.1575 4.4
      vertex -1.82489 -28.1575 3.2
    endloop
  endfacet
  facet normal 0.573344 0.819315 -0
    outer loop
      vertex -2.06182 -27.9917 3.2
      vertex -2.06182 -27.9917 4.4
      vertex -1.82489 -28.1575 4.4
    endloop
  endfacet
  facet normal 0.549571 0.835447 0
    outer loop
      vertex -2.33226 -27.8138 3.2
      vertex -2.06182 -27.9917 4.4
      vertex -2.06182 -27.9917 3.2
    endloop
  endfacet
  facet normal 0.549571 0.835447 -0
    outer loop
      vertex -2.33226 -27.8138 3.2
      vertex -2.33226 -27.8138 4.4
      vertex -2.06182 -27.9917 4.4
    endloop
  endfacet
  facet normal 0.530543 0.847658 0
    outer loop
      vertex -2.63327 -27.6254 3.2
      vertex -2.33226 -27.8138 4.4
      vertex -2.33226 -27.8138 3.2
    endloop
  endfacet
  facet normal 0.530543 0.847658 -0
    outer loop
      vertex -2.63327 -27.6254 3.2
      vertex -2.63327 -27.6254 4.4
      vertex -2.33226 -27.8138 4.4
    endloop
  endfacet
  facet normal 0.51473 0.857352 0
    outer loop
      vertex -2.9619 -27.4281 3.2
      vertex -2.63327 -27.6254 4.4
      vertex -2.63327 -27.6254 3.2
    endloop
  endfacet
  facet normal 0.51473 0.857352 -0
    outer loop
      vertex -2.9619 -27.4281 3.2
      vertex -2.9619 -27.4281 4.4
      vertex -2.63327 -27.6254 4.4
    endloop
  endfacet
  facet normal 0.501326 0.865259 0
    outer loop
      vertex -3.3152 -27.2234 3.2
      vertex -2.9619 -27.4281 4.4
      vertex -2.9619 -27.4281 3.2
    endloop
  endfacet
  facet normal 0.501326 0.865259 -0
    outer loop
      vertex -3.3152 -27.2234 3.2
      vertex -3.3152 -27.2234 4.4
      vertex -2.9619 -27.4281 4.4
    endloop
  endfacet
  facet normal 0.488928 0.872324 0
    outer loop
      vertex -3.69023 -27.0132 3.2
      vertex -3.3152 -27.2234 4.4
      vertex -3.3152 -27.2234 3.2
    endloop
  endfacet
  facet normal 0.488928 0.872324 -0
    outer loop
      vertex -3.69023 -27.0132 3.2
      vertex -3.69023 -27.0132 4.4
      vertex -3.3152 -27.2234 4.4
    endloop
  endfacet
  facet normal 0.478155 0.878275 0
    outer loop
      vertex -4.08404 -26.7988 3.2
      vertex -3.69023 -27.0132 4.4
      vertex -3.69023 -27.0132 3.2
    endloop
  endfacet
  facet normal 0.478155 0.878275 -0
    outer loop
      vertex -4.08404 -26.7988 3.2
      vertex -4.08404 -26.7988 4.4
      vertex -3.69023 -27.0132 4.4
    endloop
  endfacet
  facet normal 0.467764 0.883854 0
    outer loop
      vertex -4.49369 -26.582 3.2
      vertex -4.08404 -26.7988 4.4
      vertex -4.08404 -26.7988 3.2
    endloop
  endfacet
  facet normal 0.467764 0.883854 -0
    outer loop
      vertex -4.49369 -26.582 3.2
      vertex -4.49369 -26.582 4.4
      vertex -4.08404 -26.7988 4.4
    endloop
  endfacet
  facet normal 0.457828 0.889041 0
    outer loop
      vertex -4.91624 -26.3644 3.2
      vertex -4.49369 -26.582 4.4
      vertex -4.49369 -26.582 3.2
    endloop
  endfacet
  facet normal 0.457828 0.889041 -0
    outer loop
      vertex -4.91624 -26.3644 3.2
      vertex -4.91624 -26.3644 4.4
      vertex -4.49369 -26.582 4.4
    endloop
  endfacet
  facet normal 0.448296 0.893885 0
    outer loop
      vertex -5.34873 -26.1475 3.2
      vertex -4.91624 -26.3644 4.4
      vertex -4.91624 -26.3644 3.2
    endloop
  endfacet
  facet normal 0.448296 0.893885 -0
    outer loop
      vertex -5.34873 -26.1475 3.2
      vertex -5.34873 -26.1475 4.4
      vertex -4.91624 -26.3644 4.4
    endloop
  endfacet
  facet normal 0.438613 0.898676 0
    outer loop
      vertex -5.78822 -25.933 3.2
      vertex -5.34873 -26.1475 4.4
      vertex -5.34873 -26.1475 3.2
    endloop
  endfacet
  facet normal 0.438613 0.898676 -0
    outer loop
      vertex -5.78822 -25.933 3.2
      vertex -5.78822 -25.933 4.4
      vertex -5.34873 -26.1475 4.4
    endloop
  endfacet
  facet normal 0.428755 0.903421 0
    outer loop
      vertex -6.23176 -25.7225 3.2
      vertex -5.78822 -25.933 4.4
      vertex -5.78822 -25.933 3.2
    endloop
  endfacet
  facet normal 0.428755 0.903421 -0
    outer loop
      vertex -6.23176 -25.7225 3.2
      vertex -6.23176 -25.7225 4.4
      vertex -5.78822 -25.933 4.4
    endloop
  endfacet
  facet normal 0.418675 0.908136 0
    outer loop
      vertex -6.67642 -25.5175 3.2
      vertex -6.23176 -25.7225 4.4
      vertex -6.23176 -25.7225 3.2
    endloop
  endfacet
  facet normal 0.418675 0.908136 -0
    outer loop
      vertex -6.67642 -25.5175 3.2
      vertex -6.67642 -25.5175 4.4
      vertex -6.23176 -25.7225 4.4
    endloop
  endfacet
  facet normal 0.407672 0.913128 0
    outer loop
      vertex -7.11924 -25.3198 3.2
      vertex -6.67642 -25.5175 4.4
      vertex -6.67642 -25.5175 3.2
    endloop
  endfacet
  facet normal 0.407672 0.913128 -0
    outer loop
      vertex -7.11924 -25.3198 3.2
      vertex -7.11924 -25.3198 4.4
      vertex -6.67642 -25.5175 4.4
    endloop
  endfacet
  facet normal 0.396165 0.91818 0
    outer loop
      vertex -7.55728 -25.1308 3.2
      vertex -7.11924 -25.3198 4.4
      vertex -7.11924 -25.3198 3.2
    endloop
  endfacet
  facet normal 0.396165 0.91818 -0
    outer loop
      vertex -7.55728 -25.1308 3.2
      vertex -7.55728 -25.1308 4.4
      vertex -7.11924 -25.3198 4.4
    endloop
  endfacet
  facet normal 0.383159 0.923682 0
    outer loop
      vertex -7.98759 -24.9523 3.2
      vertex -7.55728 -25.1308 4.4
      vertex -7.55728 -25.1308 3.2
    endloop
  endfacet
  facet normal 0.383159 0.923682 -0
    outer loop
      vertex -7.98759 -24.9523 3.2
      vertex -7.98759 -24.9523 4.4
      vertex -7.55728 -25.1308 4.4
    endloop
  endfacet
  facet normal 0.355851 0.934543 0
    outer loop
      vertex -8.08975 -24.9134 3.2
      vertex -7.98759 -24.9523 4.4
      vertex -7.98759 -24.9523 3.2
    endloop
  endfacet
  facet normal 0.355851 0.934543 -0
    outer loop
      vertex -8.08975 -24.9134 3.2
      vertex -8.08975 -24.9134 4.4
      vertex -7.98759 -24.9523 4.4
    endloop
  endfacet
  facet normal 0.318006 0.948089 0
    outer loop
      vertex -8.19529 -24.878 3.2
      vertex -8.08975 -24.9134 4.4
      vertex -8.08975 -24.9134 3.2
    endloop
  endfacet
  facet normal 0.318006 0.948089 -0
    outer loop
      vertex -8.19529 -24.878 3.2
      vertex -8.19529 -24.878 4.4
      vertex -8.08975 -24.9134 4.4
    endloop
  endfacet
  facet normal 0.278802 0.960348 0
    outer loop
      vertex -8.30586 -24.8459 3.2
      vertex -8.19529 -24.878 4.4
      vertex -8.19529 -24.878 3.2
    endloop
  endfacet
  facet normal 0.278802 0.960348 -0
    outer loop
      vertex -8.30586 -24.8459 3.2
      vertex -8.30586 -24.8459 4.4
      vertex -8.19529 -24.878 4.4
    endloop
  endfacet
  facet normal 0.237719 0.971334 0
    outer loop
      vertex -8.42313 -24.8172 3.2
      vertex -8.30586 -24.8459 4.4
      vertex -8.30586 -24.8459 3.2
    endloop
  endfacet
  facet normal 0.237719 0.971334 -0
    outer loop
      vertex -8.42313 -24.8172 3.2
      vertex -8.42313 -24.8172 4.4
      vertex -8.30586 -24.8459 4.4
    endloop
  endfacet
  facet normal 0.199654 0.979866 0
    outer loop
      vertex -8.54877 -24.7916 3.2
      vertex -8.42313 -24.8172 4.4
      vertex -8.42313 -24.8172 3.2
    endloop
  endfacet
  facet normal 0.199654 0.979866 -0
    outer loop
      vertex -8.54877 -24.7916 3.2
      vertex -8.54877 -24.7916 4.4
      vertex -8.42313 -24.8172 4.4
    endloop
  endfacet
  facet normal 0.163597 0.986527 0
    outer loop
      vertex -8.68445 -24.7691 3.2
      vertex -8.54877 -24.7916 4.4
      vertex -8.54877 -24.7916 3.2
    endloop
  endfacet
  facet normal 0.163597 0.986527 -0
    outer loop
      vertex -8.68445 -24.7691 3.2
      vertex -8.68445 -24.7691 4.4
      vertex -8.54877 -24.7916 4.4
    endloop
  endfacet
  facet normal 0.131177 0.991359 0
    outer loop
      vertex -8.83182 -24.7496 3.2
      vertex -8.68445 -24.7691 4.4
      vertex -8.68445 -24.7691 3.2
    endloop
  endfacet
  facet normal 0.131177 0.991359 -0
    outer loop
      vertex -8.83182 -24.7496 3.2
      vertex -8.83182 -24.7496 4.4
      vertex -8.68445 -24.7691 4.4
    endloop
  endfacet
  facet normal 0.102732 0.994709 0
    outer loop
      vertex -8.99255 -24.733 3.2
      vertex -8.83182 -24.7496 4.4
      vertex -8.83182 -24.7496 3.2
    endloop
  endfacet
  facet normal 0.102732 0.994709 -0
    outer loop
      vertex -8.99255 -24.733 3.2
      vertex -8.99255 -24.733 4.4
      vertex -8.83182 -24.7496 4.4
    endloop
  endfacet
  facet normal 0.0782797 0.996931 0
    outer loop
      vertex -9.1683 -24.7192 3.2
      vertex -8.99255 -24.733 4.4
      vertex -8.99255 -24.733 3.2
    endloop
  endfacet
  facet normal 0.0782797 0.996931 -0
    outer loop
      vertex -9.1683 -24.7192 3.2
      vertex -9.1683 -24.7192 4.4
      vertex -8.99255 -24.733 4.4
    endloop
  endfacet
  facet normal 0.0575816 0.998341 0
    outer loop
      vertex -9.36075 -24.7081 3.2
      vertex -9.1683 -24.7192 4.4
      vertex -9.1683 -24.7192 3.2
    endloop
  endfacet
  facet normal 0.0575816 0.998341 -0
    outer loop
      vertex -9.36075 -24.7081 3.2
      vertex -9.36075 -24.7081 4.4
      vertex -9.1683 -24.7192 4.4
    endloop
  endfacet
  facet normal 0.0398147 0.999207 0
    outer loop
      vertex -9.57156 -24.6997 3.2
      vertex -9.36075 -24.7081 4.4
      vertex -9.36075 -24.7081 3.2
    endloop
  endfacet
  facet normal 0.0398147 0.999207 -0
    outer loop
      vertex -9.57156 -24.6997 3.2
      vertex -9.57156 -24.6997 4.4
      vertex -9.36075 -24.7081 4.4
    endloop
  endfacet
  facet normal 0.0255516 0.999674 0
    outer loop
      vertex -9.80239 -24.6938 3.2
      vertex -9.57156 -24.6997 4.4
      vertex -9.57156 -24.6997 3.2
    endloop
  endfacet
  facet normal 0.0255516 0.999674 -0
    outer loop
      vertex -9.80239 -24.6938 3.2
      vertex -9.80239 -24.6938 4.4
      vertex -9.57156 -24.6997 4.4
    endloop
  endfacet
  facet normal 0.0138595 0.999904 0
    outer loop
      vertex -10.0549 -24.6903 3.2
      vertex -9.80239 -24.6938 4.4
      vertex -9.80239 -24.6938 3.2
    endloop
  endfacet
  facet normal 0.0138595 0.999904 -0
    outer loop
      vertex -10.0549 -24.6903 3.2
      vertex -10.0549 -24.6903 4.4
      vertex -9.80239 -24.6938 4.4
    endloop
  endfacet
  facet normal 0.00398692 0.999992 0
    outer loop
      vertex -10.3308 -24.6892 3.2
      vertex -10.0549 -24.6903 4.4
      vertex -10.0549 -24.6903 3.2
    endloop
  endfacet
  facet normal 0.00398692 0.999992 -0
    outer loop
      vertex -10.3308 -24.6892 3.2
      vertex -10.3308 -24.6892 4.4
      vertex -10.0549 -24.6903 4.4
    endloop
  endfacet
  facet normal -0.00365689 0.999993 0
    outer loop
      vertex -10.6316 -24.6903 3.2
      vertex -10.3308 -24.6892 4.4
      vertex -10.3308 -24.6892 3.2
    endloop
  endfacet
  facet normal -0.00365689 0.999993 0
    outer loop
      vertex -10.6316 -24.6903 3.2
      vertex -10.6316 -24.6903 4.4
      vertex -10.3308 -24.6892 4.4
    endloop
  endfacet
  facet normal -0.0100727 0.999949 0
    outer loop
      vertex -10.9592 -24.6936 3.2
      vertex -10.6316 -24.6903 4.4
      vertex -10.6316 -24.6903 3.2
    endloop
  endfacet
  facet normal -0.0100727 0.999949 0
    outer loop
      vertex -10.9592 -24.6936 3.2
      vertex -10.9592 -24.6936 4.4
      vertex -10.6316 -24.6903 4.4
    endloop
  endfacet
  facet normal -0.0148902 0.999889 0
    outer loop
      vertex -11.3151 -24.6989 3.2
      vertex -10.9592 -24.6936 4.4
      vertex -10.9592 -24.6936 3.2
    endloop
  endfacet
  facet normal -0.0148902 0.999889 0
    outer loop
      vertex -11.3151 -24.6989 3.2
      vertex -11.3151 -24.6989 4.4
      vertex -10.9592 -24.6936 4.4
    endloop
  endfacet
  facet normal -0.0191724 0.999816 0
    outer loop
      vertex -11.701 -24.7063 3.2
      vertex -11.3151 -24.6989 4.4
      vertex -11.3151 -24.6989 3.2
    endloop
  endfacet
  facet normal -0.0191724 0.999816 0
    outer loop
      vertex -11.701 -24.7063 3.2
      vertex -11.701 -24.7063 4.4
      vertex -11.3151 -24.6989 4.4
    endloop
  endfacet
  facet normal -0.0220253 0.999757 0
    outer loop
      vertex -12.1186 -24.7155 3.2
      vertex -11.701 -24.7063 4.4
      vertex -11.701 -24.7063 3.2
    endloop
  endfacet
  facet normal -0.0220253 0.999757 0
    outer loop
      vertex -12.1186 -24.7155 3.2
      vertex -12.1186 -24.7155 4.4
      vertex -11.701 -24.7063 4.4
    endloop
  endfacet
  facet normal -0.0243884 0.999703 0
    outer loop
      vertex -12.5695 -24.7265 3.2
      vertex -12.1186 -24.7155 4.4
      vertex -12.1186 -24.7155 3.2
    endloop
  endfacet
  facet normal -0.0243884 0.999703 0
    outer loop
      vertex -12.5695 -24.7265 3.2
      vertex -12.5695 -24.7265 4.4
      vertex -12.1186 -24.7155 4.4
    endloop
  endfacet
  facet normal -0.0321364 0.999483 0
    outer loop
      vertex -12.8152 -24.7344 3.2
      vertex -12.5695 -24.7265 4.4
      vertex -12.5695 -24.7265 3.2
    endloop
  endfacet
  facet normal -0.0321364 0.999483 0
    outer loop
      vertex -12.8152 -24.7344 3.2
      vertex -12.8152 -24.7344 4.4
      vertex -12.5695 -24.7265 4.4
    endloop
  endfacet
  facet normal -0.0304791 0.999535 0
    outer loop
      vertex -13.0382 -24.7412 3.2
      vertex -12.8152 -24.7344 4.4
      vertex -12.8152 -24.7344 3.2
    endloop
  endfacet
  facet normal -0.0304791 0.999535 0
    outer loop
      vertex -13.0382 -24.7412 3.2
      vertex -13.0382 -24.7412 4.4
      vertex -12.8152 -24.7344 4.4
    endloop
  endfacet
  facet normal -0.0277808 0.999614 0
    outer loop
      vertex -13.2397 -24.7468 3.2
      vertex -13.0382 -24.7412 4.4
      vertex -13.0382 -24.7412 3.2
    endloop
  endfacet
  facet normal -0.0277808 0.999614 0
    outer loop
      vertex -13.2397 -24.7468 3.2
      vertex -13.2397 -24.7468 4.4
      vertex -13.0382 -24.7412 4.4
    endloop
  endfacet
  facet normal -0.0231089 0.999733 0
    outer loop
      vertex -13.4214 -24.751 3.2
      vertex -13.2397 -24.7468 4.4
      vertex -13.2397 -24.7468 3.2
    endloop
  endfacet
  facet normal -0.0231089 0.999733 0
    outer loop
      vertex -13.4214 -24.751 3.2
      vertex -13.4214 -24.751 4.4
      vertex -13.2397 -24.7468 4.4
    endloop
  endfacet
  facet normal -0.0159489 0.999873 0
    outer loop
      vertex -13.5844 -24.7536 3.2
      vertex -13.4214 -24.751 4.4
      vertex -13.4214 -24.751 3.2
    endloop
  endfacet
  facet normal -0.0159489 0.999873 0
    outer loop
      vertex -13.5844 -24.7536 3.2
      vertex -13.5844 -24.7536 4.4
      vertex -13.4214 -24.751 4.4
    endloop
  endfacet
  facet normal -0.00753403 0.999972 0
    outer loop
      vertex -13.7304 -24.7547 3.2
      vertex -13.5844 -24.7536 4.4
      vertex -13.5844 -24.7536 3.2
    endloop
  endfacet
  facet normal -0.00753403 0.999972 0
    outer loop
      vertex -13.7304 -24.7547 3.2
      vertex -13.7304 -24.7547 4.4
      vertex -13.5844 -24.7536 4.4
    endloop
  endfacet
  facet normal 0.00460471 0.999989 0
    outer loop
      vertex -13.8607 -24.7541 3.2
      vertex -13.7304 -24.7547 4.4
      vertex -13.7304 -24.7547 3.2
    endloop
  endfacet
  facet normal 0.00460471 0.999989 -0
    outer loop
      vertex -13.8607 -24.7541 3.2
      vertex -13.8607 -24.7541 4.4
      vertex -13.7304 -24.7547 4.4
    endloop
  endfacet
  facet normal 0.0215467 0.999768 0
    outer loop
      vertex -13.9767 -24.7516 3.2
      vertex -13.8607 -24.7541 4.4
      vertex -13.8607 -24.7541 3.2
    endloop
  endfacet
  facet normal 0.0215467 0.999768 -0
    outer loop
      vertex -13.9767 -24.7516 3.2
      vertex -13.9767 -24.7516 4.4
      vertex -13.8607 -24.7541 4.4
    endloop
  endfacet
  facet normal 0.0435633 0.999051 0
    outer loop
      vertex -14.0799 -24.7471 3.2
      vertex -13.9767 -24.7516 4.4
      vertex -13.9767 -24.7516 3.2
    endloop
  endfacet
  facet normal 0.0435633 0.999051 -0
    outer loop
      vertex -14.0799 -24.7471 3.2
      vertex -14.0799 -24.7471 4.4
      vertex -13.9767 -24.7516 4.4
    endloop
  endfacet
  facet normal 0.0707059 0.997497 0
    outer loop
      vertex -14.1716 -24.7406 3.2
      vertex -14.0799 -24.7471 4.4
      vertex -14.0799 -24.7471 3.2
    endloop
  endfacet
  facet normal 0.0707059 0.997497 -0
    outer loop
      vertex -14.1716 -24.7406 3.2
      vertex -14.1716 -24.7406 4.4
      vertex -14.0799 -24.7471 4.4
    endloop
  endfacet
  facet normal 0.107221 0.994235 0
    outer loop
      vertex -14.2532 -24.7318 3.2
      vertex -14.1716 -24.7406 4.4
      vertex -14.1716 -24.7406 3.2
    endloop
  endfacet
  facet normal 0.107221 0.994235 -0
    outer loop
      vertex -14.2532 -24.7318 3.2
      vertex -14.2532 -24.7318 4.4
      vertex -14.1716 -24.7406 4.4
    endloop
  endfacet
  facet normal 0.148803 0.988867 0
    outer loop
      vertex -14.3263 -24.7208 3.2
      vertex -14.2532 -24.7318 4.4
      vertex -14.2532 -24.7318 3.2
    endloop
  endfacet
  facet normal 0.148803 0.988867 -0
    outer loop
      vertex -14.3263 -24.7208 3.2
      vertex -14.3263 -24.7208 4.4
      vertex -14.2532 -24.7318 4.4
    endloop
  endfacet
  facet normal 0.200981 0.979595 0
    outer loop
      vertex -14.3921 -24.7073 3.2
      vertex -14.3263 -24.7208 4.4
      vertex -14.3263 -24.7208 3.2
    endloop
  endfacet
  facet normal 0.200981 0.979595 -0
    outer loop
      vertex -14.3921 -24.7073 3.2
      vertex -14.3921 -24.7073 4.4
      vertex -14.3263 -24.7208 4.4
    endloop
  endfacet
  facet normal 0.258763 0.965941 0
    outer loop
      vertex -14.4522 -24.6912 3.2
      vertex -14.3921 -24.7073 4.4
      vertex -14.3921 -24.7073 3.2
    endloop
  endfacet
  facet normal 0.258763 0.965941 -0
    outer loop
      vertex -14.4522 -24.6912 3.2
      vertex -14.4522 -24.6912 4.4
      vertex -14.3921 -24.7073 4.4
    endloop
  endfacet
  facet normal 0.318269 0.948 0
    outer loop
      vertex -14.5079 -24.6725 3.2
      vertex -14.4522 -24.6912 4.4
      vertex -14.4522 -24.6912 3.2
    endloop
  endfacet
  facet normal 0.318269 0.948 -0
    outer loop
      vertex -14.5079 -24.6725 3.2
      vertex -14.5079 -24.6725 4.4
      vertex -14.4522 -24.6912 4.4
    endloop
  endfacet
  facet normal 0.379248 0.925295 0
    outer loop
      vertex -14.5606 -24.6509 3.2
      vertex -14.5079 -24.6725 4.4
      vertex -14.5079 -24.6725 3.2
    endloop
  endfacet
  facet normal 0.379248 0.925295 -0
    outer loop
      vertex -14.5606 -24.6509 3.2
      vertex -14.5606 -24.6509 4.4
      vertex -14.5079 -24.6725 4.4
    endloop
  endfacet
  facet normal 0.430207 0.90273 0
    outer loop
      vertex -14.6118 -24.6265 3.2
      vertex -14.5606 -24.6509 4.4
      vertex -14.5606 -24.6509 3.2
    endloop
  endfacet
  facet normal 0.430207 0.90273 -0
    outer loop
      vertex -14.6118 -24.6265 3.2
      vertex -14.6118 -24.6265 4.4
      vertex -14.5606 -24.6509 4.4
    endloop
  endfacet
  facet normal 0.473894 0.880582 0
    outer loop
      vertex -14.6629 -24.599 3.2
      vertex -14.6118 -24.6265 4.4
      vertex -14.6118 -24.6265 3.2
    endloop
  endfacet
  facet normal 0.473894 0.880582 -0
    outer loop
      vertex -14.6629 -24.599 3.2
      vertex -14.6629 -24.599 4.4
      vertex -14.6118 -24.6265 4.4
    endloop
  endfacet
  facet normal 0.504281 0.86354 0
    outer loop
      vertex -14.7153 -24.5684 3.2
      vertex -14.6629 -24.599 4.4
      vertex -14.6629 -24.599 3.2
    endloop
  endfacet
  facet normal 0.504281 0.86354 -0
    outer loop
      vertex -14.7153 -24.5684 3.2
      vertex -14.7153 -24.5684 4.4
      vertex -14.6629 -24.599 4.4
    endloop
  endfacet
  facet normal 0.524011 0.851711 0
    outer loop
      vertex -14.7704 -24.5345 3.2
      vertex -14.7153 -24.5684 4.4
      vertex -14.7153 -24.5684 3.2
    endloop
  endfacet
  facet normal 0.524011 0.851711 -0
    outer loop
      vertex -14.7704 -24.5345 3.2
      vertex -14.7704 -24.5345 4.4
      vertex -14.7153 -24.5684 4.4
    endloop
  endfacet
  facet normal 0.498763 0.866739 0
    outer loop
      vertex -14.8095 -24.512 3.2
      vertex -14.7704 -24.5345 4.4
      vertex -14.7704 -24.5345 3.2
    endloop
  endfacet
  facet normal 0.498763 0.866739 -0
    outer loop
      vertex -14.8095 -24.512 3.2
      vertex -14.8095 -24.512 4.4
      vertex -14.7704 -24.5345 4.4
    endloop
  endfacet
  facet normal 0.455726 0.89012 0
    outer loop
      vertex -14.8554 -24.4885 3.2
      vertex -14.8095 -24.512 4.4
      vertex -14.8095 -24.512 3.2
    endloop
  endfacet
  facet normal 0.455726 0.89012 -0
    outer loop
      vertex -14.8554 -24.4885 3.2
      vertex -14.8554 -24.4885 4.4
      vertex -14.8095 -24.512 4.4
    endloop
  endfacet
  facet normal 0.419278 0.907858 0
    outer loop
      vertex -14.9078 -24.4643 3.2
      vertex -14.8554 -24.4885 4.4
      vertex -14.8554 -24.4885 3.2
    endloop
  endfacet
  facet normal 0.419278 0.907858 -0
    outer loop
      vertex -14.9078 -24.4643 3.2
      vertex -14.9078 -24.4643 4.4
      vertex -14.8554 -24.4885 4.4
    endloop
  endfacet
  facet normal 0.39373 0.919226 0
    outer loop
      vertex -14.9664 -24.4392 3.2
      vertex -14.9078 -24.4643 4.4
      vertex -14.9078 -24.4643 3.2
    endloop
  endfacet
  facet normal 0.39373 0.919226 -0
    outer loop
      vertex -14.9664 -24.4392 3.2
      vertex -14.9664 -24.4392 4.4
      vertex -14.9078 -24.4643 4.4
    endloop
  endfacet
  facet normal 0.370645 0.928775 0
    outer loop
      vertex -15.0308 -24.4135 3.2
      vertex -14.9664 -24.4392 4.4
      vertex -14.9664 -24.4392 3.2
    endloop
  endfacet
  facet normal 0.370645 0.928775 -0
    outer loop
      vertex -15.0308 -24.4135 3.2
      vertex -15.0308 -24.4135 4.4
      vertex -14.9664 -24.4392 4.4
    endloop
  endfacet
  facet normal 0.35244 0.935834 0
    outer loop
      vertex -15.1009 -24.3871 3.2
      vertex -15.0308 -24.4135 4.4
      vertex -15.0308 -24.4135 3.2
    endloop
  endfacet
  facet normal 0.35244 0.935834 -0
    outer loop
      vertex -15.1009 -24.3871 3.2
      vertex -15.1009 -24.3871 4.4
      vertex -15.0308 -24.4135 4.4
    endloop
  endfacet
  facet normal 0.335306 0.942109 0
    outer loop
      vertex -15.1762 -24.3603 3.2
      vertex -15.1009 -24.3871 4.4
      vertex -15.1009 -24.3871 3.2
    endloop
  endfacet
  facet normal 0.335306 0.942109 -0
    outer loop
      vertex -15.1762 -24.3603 3.2
      vertex -15.1762 -24.3603 4.4
      vertex -15.1009 -24.3871 4.4
    endloop
  endfacet
  facet normal 0.321523 0.946902 0
    outer loop
      vertex -15.2566 -24.333 3.2
      vertex -15.1762 -24.3603 4.4
      vertex -15.1762 -24.3603 3.2
    endloop
  endfacet
  facet normal 0.321523 0.946902 -0
    outer loop
      vertex -15.2566 -24.333 3.2
      vertex -15.2566 -24.333 4.4
      vertex -15.1762 -24.3603 4.4
    endloop
  endfacet
  facet normal 0.308148 0.951338 0
    outer loop
      vertex -15.3415 -24.3055 3.2
      vertex -15.2566 -24.333 4.4
      vertex -15.2566 -24.333 3.2
    endloop
  endfacet
  facet normal 0.308148 0.951338 -0
    outer loop
      vertex -15.3415 -24.3055 3.2
      vertex -15.3415 -24.3055 4.4
      vertex -15.2566 -24.333 4.4
    endloop
  endfacet
  facet normal 0.29791 0.954594 0
    outer loop
      vertex -15.4309 -24.2776 3.2
      vertex -15.3415 -24.3055 4.4
      vertex -15.3415 -24.3055 3.2
    endloop
  endfacet
  facet normal 0.29791 0.954594 -0
    outer loop
      vertex -15.4309 -24.2776 3.2
      vertex -15.4309 -24.2776 4.4
      vertex -15.3415 -24.3055 4.4
    endloop
  endfacet
  facet normal 0.28716 0.957883 0
    outer loop
      vertex -15.5243 -24.2496 3.2
      vertex -15.4309 -24.2776 4.4
      vertex -15.4309 -24.2776 3.2
    endloop
  endfacet
  facet normal 0.28716 0.957883 -0
    outer loop
      vertex -15.5243 -24.2496 3.2
      vertex -15.5243 -24.2496 4.4
      vertex -15.4309 -24.2776 4.4
    endloop
  endfacet
  facet normal 0.277986 0.960585 0
    outer loop
      vertex -15.6214 -24.2215 3.2
      vertex -15.5243 -24.2496 4.4
      vertex -15.5243 -24.2496 3.2
    endloop
  endfacet
  facet normal 0.277986 0.960585 -0
    outer loop
      vertex -15.6214 -24.2215 3.2
      vertex -15.6214 -24.2215 4.4
      vertex -15.5243 -24.2496 4.4
    endloop
  endfacet
  facet normal 0.269026 0.963133 0
    outer loop
      vertex -15.722 -24.1934 3.2
      vertex -15.6214 -24.2215 4.4
      vertex -15.6214 -24.2215 3.2
    endloop
  endfacet
  facet normal 0.269026 0.963133 -0
    outer loop
      vertex -15.722 -24.1934 3.2
      vertex -15.722 -24.1934 4.4
      vertex -15.6214 -24.2215 4.4
    endloop
  endfacet
  facet normal 0.26044 0.96549 0
    outer loop
      vertex -15.8258 -24.1654 3.2
      vertex -15.722 -24.1934 4.4
      vertex -15.722 -24.1934 3.2
    endloop
  endfacet
  facet normal 0.26044 0.96549 -0
    outer loop
      vertex -15.8258 -24.1654 3.2
      vertex -15.8258 -24.1654 4.4
      vertex -15.722 -24.1934 4.4
    endloop
  endfacet
  facet normal 0.25342 0.967356 0
    outer loop
      vertex -15.9323 -24.1375 3.2
      vertex -15.8258 -24.1654 4.4
      vertex -15.8258 -24.1654 3.2
    endloop
  endfacet
  facet normal 0.25342 0.967356 -0
    outer loop
      vertex -15.9323 -24.1375 3.2
      vertex -15.9323 -24.1375 4.4
      vertex -15.8258 -24.1654 4.4
    endloop
  endfacet
  facet normal 0.245253 0.969459 0
    outer loop
      vertex -16.0414 -24.1099 3.2
      vertex -15.9323 -24.1375 4.4
      vertex -15.9323 -24.1375 3.2
    endloop
  endfacet
  facet normal 0.245253 0.969459 -0
    outer loop
      vertex -16.0414 -24.1099 3.2
      vertex -16.0414 -24.1099 4.4
      vertex -15.9323 -24.1375 4.4
    endloop
  endfacet
  facet normal 0.237398 0.971412 0
    outer loop
      vertex -16.1527 -24.0827 3.2
      vertex -16.0414 -24.1099 4.4
      vertex -16.0414 -24.1099 3.2
    endloop
  endfacet
  facet normal 0.237398 0.971412 -0
    outer loop
      vertex -16.1527 -24.0827 3.2
      vertex -16.1527 -24.0827 4.4
      vertex -16.0414 -24.1099 4.4
    endloop
  endfacet
  facet normal 0.231001 0.972953 0
    outer loop
      vertex -16.266 -24.0558 3.2
      vertex -16.1527 -24.0827 4.4
      vertex -16.1527 -24.0827 3.2
    endloop
  endfacet
  facet normal 0.231001 0.972953 -0
    outer loop
      vertex -16.266 -24.0558 3.2
      vertex -16.266 -24.0558 4.4
      vertex -16.1527 -24.0827 4.4
    endloop
  endfacet
  facet normal 0.223309 0.974748 0
    outer loop
      vertex -16.3808 -24.0295 3.2
      vertex -16.266 -24.0558 4.4
      vertex -16.266 -24.0558 3.2
    endloop
  endfacet
  facet normal 0.223309 0.974748 -0
    outer loop
      vertex -16.3808 -24.0295 3.2
      vertex -16.3808 -24.0295 4.4
      vertex -16.266 -24.0558 4.4
    endloop
  endfacet
  facet normal 0.216129 0.976365 0
    outer loop
      vertex -16.4969 -24.0038 3.2
      vertex -16.3808 -24.0295 4.4
      vertex -16.3808 -24.0295 3.2
    endloop
  endfacet
  facet normal 0.216129 0.976365 -0
    outer loop
      vertex -16.4969 -24.0038 3.2
      vertex -16.4969 -24.0038 4.4
      vertex -16.3808 -24.0295 4.4
    endloop
  endfacet
  facet normal 0.202268 0.97933 0
    outer loop
      vertex -16.708 -23.9602 3.2
      vertex -16.4969 -24.0038 4.4
      vertex -16.4969 -24.0038 3.2
    endloop
  endfacet
  facet normal 0.202268 0.97933 -0
    outer loop
      vertex -16.708 -23.9602 3.2
      vertex -16.708 -23.9602 4.4
      vertex -16.4969 -24.0038 4.4
    endloop
  endfacet
  facet normal 0.204405 0.978886 0
    outer loop
      vertex -16.8986 -23.9204 3.2
      vertex -16.708 -23.9602 4.4
      vertex -16.708 -23.9602 3.2
    endloop
  endfacet
  facet normal 0.204405 0.978886 -0
    outer loop
      vertex -16.8986 -23.9204 3.2
      vertex -16.8986 -23.9204 4.4
      vertex -16.708 -23.9602 4.4
    endloop
  endfacet
  facet normal 0.209879 0.977727 0
    outer loop
      vertex -17.0705 -23.8835 3.2
      vertex -16.8986 -23.9204 4.4
      vertex -16.8986 -23.9204 3.2
    endloop
  endfacet
  facet normal 0.209879 0.977727 -0
    outer loop
      vertex -17.0705 -23.8835 3.2
      vertex -17.0705 -23.8835 4.4
      vertex -16.8986 -23.9204 4.4
    endloop
  endfacet
  facet normal 0.219332 0.97565 0
    outer loop
      vertex -17.2253 -23.8487 3.2
      vertex -17.0705 -23.8835 4.4
      vertex -17.0705 -23.8835 3.2
    endloop
  endfacet
  facet normal 0.219332 0.97565 -0
    outer loop
      vertex -17.2253 -23.8487 3.2
      vertex -17.2253 -23.8487 4.4
      vertex -17.0705 -23.8835 4.4
    endloop
  endfacet
  facet normal 0.232373 0.972627 0
    outer loop
      vertex -17.3651 -23.8153 3.2
      vertex -17.2253 -23.8487 4.4
      vertex -17.2253 -23.8487 3.2
    endloop
  endfacet
  facet normal 0.232373 0.972627 -0
    outer loop
      vertex -17.3651 -23.8153 3.2
      vertex -17.3651 -23.8153 4.4
      vertex -17.2253 -23.8487 4.4
    endloop
  endfacet
  facet normal 0.251892 0.967755 0
    outer loop
      vertex -17.4915 -23.7824 3.2
      vertex -17.3651 -23.8153 4.4
      vertex -17.3651 -23.8153 3.2
    endloop
  endfacet
  facet normal 0.251892 0.967755 -0
    outer loop
      vertex -17.4915 -23.7824 3.2
      vertex -17.4915 -23.7824 4.4
      vertex -17.3651 -23.8153 4.4
    endloop
  endfacet
  facet normal 0.277591 0.960699 0
    outer loop
      vertex -17.6064 -23.7492 3.2
      vertex -17.4915 -23.7824 4.4
      vertex -17.4915 -23.7824 3.2
    endloop
  endfacet
  facet normal 0.277591 0.960699 -0
    outer loop
      vertex -17.6064 -23.7492 3.2
      vertex -17.6064 -23.7492 4.4
      vertex -17.4915 -23.7824 4.4
    endloop
  endfacet
  facet normal 0.310252 0.950654 0
    outer loop
      vertex -17.7115 -23.7149 3.2
      vertex -17.6064 -23.7492 4.4
      vertex -17.6064 -23.7492 3.2
    endloop
  endfacet
  facet normal 0.310252 0.950654 -0
    outer loop
      vertex -17.7115 -23.7149 3.2
      vertex -17.7115 -23.7149 4.4
      vertex -17.6064 -23.7492 4.4
    endloop
  endfacet
  facet normal 0.349856 0.936804 0
    outer loop
      vertex -17.8087 -23.6786 3.2
      vertex -17.7115 -23.7149 4.4
      vertex -17.7115 -23.7149 3.2
    endloop
  endfacet
  facet normal 0.349856 0.936804 -0
    outer loop
      vertex -17.8087 -23.6786 3.2
      vertex -17.8087 -23.6786 4.4
      vertex -17.7115 -23.7149 4.4
    endloop
  endfacet
  facet normal 0.393919 0.919145 0
    outer loop
      vertex -17.8997 -23.6396 3.2
      vertex -17.8087 -23.6786 4.4
      vertex -17.8087 -23.6786 3.2
    endloop
  endfacet
  facet normal 0.393919 0.919145 -0
    outer loop
      vertex -17.8997 -23.6396 3.2
      vertex -17.8997 -23.6396 4.4
      vertex -17.8087 -23.6786 4.4
    endloop
  endfacet
  facet normal 0.440582 0.897712 0
    outer loop
      vertex -17.9865 -23.597 3.2
      vertex -17.8997 -23.6396 4.4
      vertex -17.8997 -23.6396 3.2
    endloop
  endfacet
  facet normal 0.440582 0.897712 -0
    outer loop
      vertex -17.9865 -23.597 3.2
      vertex -17.9865 -23.597 4.4
      vertex -17.8997 -23.6396 4.4
    endloop
  endfacet
  facet normal 0.487053 0.873372 0
    outer loop
      vertex -18.0706 -23.5501 3.2
      vertex -17.9865 -23.597 4.4
      vertex -17.9865 -23.597 3.2
    endloop
  endfacet
  facet normal 0.487053 0.873372 -0
    outer loop
      vertex -18.0706 -23.5501 3.2
      vertex -18.0706 -23.5501 4.4
      vertex -17.9865 -23.597 4.4
    endloop
  endfacet
  facet normal 0.529359 0.848398 0
    outer loop
      vertex -18.1541 -23.498 3.2
      vertex -18.0706 -23.5501 4.4
      vertex -18.0706 -23.5501 3.2
    endloop
  endfacet
  facet normal 0.529359 0.848398 -0
    outer loop
      vertex -18.1541 -23.498 3.2
      vertex -18.1541 -23.498 4.4
      vertex -18.0706 -23.5501 4.4
    endloop
  endfacet
  facet normal 0.567687 0.823244 0
    outer loop
      vertex -18.2385 -23.4398 3.2
      vertex -18.1541 -23.498 4.4
      vertex -18.1541 -23.498 3.2
    endloop
  endfacet
  facet normal 0.567687 0.823244 -0
    outer loop
      vertex -18.2385 -23.4398 3.2
      vertex -18.2385 -23.4398 4.4
      vertex -18.1541 -23.498 4.4
    endloop
  endfacet
  facet normal 0.596172 0.802857 0
    outer loop
      vertex -18.3259 -23.3749 3.2
      vertex -18.2385 -23.4398 4.4
      vertex -18.2385 -23.4398 3.2
    endloop
  endfacet
  facet normal 0.596172 0.802857 -0
    outer loop
      vertex -18.3259 -23.3749 3.2
      vertex -18.3259 -23.3749 4.4
      vertex -18.2385 -23.4398 4.4
    endloop
  endfacet
  facet normal 0.618952 0.785429 0
    outer loop
      vertex -18.4179 -23.3024 3.2
      vertex -18.3259 -23.3749 4.4
      vertex -18.3259 -23.3749 3.2
    endloop
  endfacet
  facet normal 0.618952 0.785429 -0
    outer loop
      vertex -18.4179 -23.3024 3.2
      vertex -18.4179 -23.3024 4.4
      vertex -18.3259 -23.3749 4.4
    endloop
  endfacet
  facet normal 0.635157 0.772383 0
    outer loop
      vertex -18.5164 -23.2214 3.2
      vertex -18.4179 -23.3024 4.4
      vertex -18.4179 -23.3024 3.2
    endloop
  endfacet
  facet normal 0.635157 0.772383 -0
    outer loop
      vertex -18.5164 -23.2214 3.2
      vertex -18.5164 -23.2214 4.4
      vertex -18.4179 -23.3024 4.4
    endloop
  endfacet
  facet normal 0.645589 0.763685 0
    outer loop
      vertex -18.6231 -23.1312 3.2
      vertex -18.5164 -23.2214 4.4
      vertex -18.5164 -23.2214 3.2
    endloop
  endfacet
  facet normal 0.645589 0.763685 -0
    outer loop
      vertex -18.6231 -23.1312 3.2
      vertex -18.6231 -23.1312 4.4
      vertex -18.5164 -23.2214 4.4
    endloop
  endfacet
  facet normal 0.651486 0.75866 0
    outer loop
      vertex -18.7399 -23.0309 3.2
      vertex -18.6231 -23.1312 4.4
      vertex -18.6231 -23.1312 3.2
    endloop
  endfacet
  facet normal 0.651486 0.75866 -0
    outer loop
      vertex -18.7399 -23.0309 3.2
      vertex -18.7399 -23.0309 4.4
      vertex -18.6231 -23.1312 4.4
    endloop
  endfacet
  facet normal 0.654079 0.756426 0
    outer loop
      vertex -18.8685 -22.9197 3.2
      vertex -18.7399 -23.0309 4.4
      vertex -18.7399 -23.0309 3.2
    endloop
  endfacet
  facet normal 0.654079 0.756426 -0
    outer loop
      vertex -18.8685 -22.9197 3.2
      vertex -18.8685 -22.9197 4.4
      vertex -18.7399 -23.0309 4.4
    endloop
  endfacet
  facet normal 0.649213 0.760606 0
    outer loop
      vertex -18.9996 -22.8078 3.2
      vertex -18.8685 -22.9197 4.4
      vertex -18.8685 -22.9197 3.2
    endloop
  endfacet
  facet normal 0.649213 0.760606 -0
    outer loop
      vertex -18.9996 -22.8078 3.2
      vertex -18.9996 -22.8078 4.4
      vertex -18.8685 -22.9197 4.4
    endloop
  endfacet
  facet normal 0.636624 0.771174 0
    outer loop
      vertex -19.1234 -22.7056 3.2
      vertex -18.9996 -22.8078 4.4
      vertex -18.9996 -22.8078 3.2
    endloop
  endfacet
  facet normal 0.636624 0.771174 -0
    outer loop
      vertex -19.1234 -22.7056 3.2
      vertex -19.1234 -22.7056 4.4
      vertex -18.9996 -22.8078 4.4
    endloop
  endfacet
  facet normal 0.61917 0.785257 0
    outer loop
      vertex -19.2416 -22.6124 3.2
      vertex -19.1234 -22.7056 4.4
      vertex -19.1234 -22.7056 3.2
    endloop
  endfacet
  facet normal 0.61917 0.785257 -0
    outer loop
      vertex -19.2416 -22.6124 3.2
      vertex -19.2416 -22.6124 4.4
      vertex -19.1234 -22.7056 4.4
    endloop
  endfacet
  facet normal 0.594807 0.803869 0
    outer loop
      vertex -19.3558 -22.5279 3.2
      vertex -19.2416 -22.6124 4.4
      vertex -19.2416 -22.6124 3.2
    endloop
  endfacet
  facet normal 0.594807 0.803869 -0
    outer loop
      vertex -19.3558 -22.5279 3.2
      vertex -19.3558 -22.5279 4.4
      vertex -19.2416 -22.6124 4.4
    endloop
  endfacet
  facet normal 0.564367 0.825524 0
    outer loop
      vertex -19.4677 -22.4514 3.2
      vertex -19.3558 -22.5279 4.4
      vertex -19.3558 -22.5279 3.2
    endloop
  endfacet
  facet normal 0.564367 0.825524 -0
    outer loop
      vertex -19.4677 -22.4514 3.2
      vertex -19.4677 -22.4514 4.4
      vertex -19.3558 -22.5279 4.4
    endloop
  endfacet
  facet normal 0.527382 0.849628 0
    outer loop
      vertex -19.5787 -22.3825 3.2
      vertex -19.4677 -22.4514 4.4
      vertex -19.4677 -22.4514 3.2
    endloop
  endfacet
  facet normal 0.527382 0.849628 -0
    outer loop
      vertex -19.5787 -22.3825 3.2
      vertex -19.5787 -22.3825 4.4
      vertex -19.4677 -22.4514 4.4
    endloop
  endfacet
  facet normal 0.484647 0.87471 0
    outer loop
      vertex -19.6906 -22.3205 3.2
      vertex -19.5787 -22.3825 4.4
      vertex -19.5787 -22.3825 3.2
    endloop
  endfacet
  facet normal 0.484647 0.87471 -0
    outer loop
      vertex -19.6906 -22.3205 3.2
      vertex -19.6906 -22.3205 4.4
      vertex -19.5787 -22.3825 4.4
    endloop
  endfacet
  facet normal 0.436158 0.89987 0
    outer loop
      vertex -19.8049 -22.2651 3.2
      vertex -19.6906 -22.3205 4.4
      vertex -19.6906 -22.3205 3.2
    endloop
  endfacet
  facet normal 0.436158 0.89987 -0
    outer loop
      vertex -19.8049 -22.2651 3.2
      vertex -19.8049 -22.2651 4.4
      vertex -19.6906 -22.3205 4.4
    endloop
  endfacet
  facet normal 0.385999 0.922499 0
    outer loop
      vertex -19.9232 -22.2156 3.2
      vertex -19.8049 -22.2651 4.4
      vertex -19.8049 -22.2651 3.2
    endloop
  endfacet
  facet normal 0.385999 0.922499 -0
    outer loop
      vertex -19.9232 -22.2156 3.2
      vertex -19.9232 -22.2156 4.4
      vertex -19.8049 -22.2651 4.4
    endloop
  endfacet
  facet normal 0.33441 0.942428 0
    outer loop
      vertex -20.0472 -22.1716 3.2
      vertex -19.9232 -22.2156 4.4
      vertex -19.9232 -22.2156 3.2
    endloop
  endfacet
  facet normal 0.33441 0.942428 -0
    outer loop
      vertex -20.0472 -22.1716 3.2
      vertex -20.0472 -22.1716 4.4
      vertex -19.9232 -22.2156 4.4
    endloop
  endfacet
  facet normal 0.286076 0.958207 0
    outer loop
      vertex -20.1785 -22.1324 3.2
      vertex -20.0472 -22.1716 4.4
      vertex -20.0472 -22.1716 3.2
    endloop
  endfacet
  facet normal 0.286076 0.958207 -0
    outer loop
      vertex -20.1785 -22.1324 3.2
      vertex -20.1785 -22.1324 4.4
      vertex -20.0472 -22.1716 4.4
    endloop
  endfacet
  facet normal 0.240416 0.97067 0
    outer loop
      vertex -20.3186 -22.0977 3.2
      vertex -20.1785 -22.1324 4.4
      vertex -20.1785 -22.1324 3.2
    endloop
  endfacet
  facet normal 0.240416 0.97067 -0
    outer loop
      vertex -20.3186 -22.0977 3.2
      vertex -20.3186 -22.0977 4.4
      vertex -20.1785 -22.1324 4.4
    endloop
  endfacet
  facet normal 0.200992 0.979593 0
    outer loop
      vertex -20.4692 -22.0668 3.2
      vertex -20.3186 -22.0977 4.4
      vertex -20.3186 -22.0977 3.2
    endloop
  endfacet
  facet normal 0.200992 0.979593 -0
    outer loop
      vertex -20.4692 -22.0668 3.2
      vertex -20.4692 -22.0668 4.4
      vertex -20.3186 -22.0977 4.4
    endloop
  endfacet
  facet normal 0.166659 0.986015 0
    outer loop
      vertex -20.6319 -22.0393 3.2
      vertex -20.4692 -22.0668 4.4
      vertex -20.4692 -22.0668 3.2
    endloop
  endfacet
  facet normal 0.166659 0.986015 -0
    outer loop
      vertex -20.6319 -22.0393 3.2
      vertex -20.6319 -22.0393 4.4
      vertex -20.4692 -22.0668 4.4
    endloop
  endfacet
  facet normal 0.139298 0.990251 0
    outer loop
      vertex -20.8082 -22.0145 3.2
      vertex -20.6319 -22.0393 4.4
      vertex -20.6319 -22.0393 3.2
    endloop
  endfacet
  facet normal 0.139298 0.990251 -0
    outer loop
      vertex -20.8082 -22.0145 3.2
      vertex -20.8082 -22.0145 4.4
      vertex -20.6319 -22.0393 4.4
    endloop
  endfacet
  facet normal 0.11606 0.993242 0
    outer loop
      vertex -20.9999 -21.9921 3.2
      vertex -20.8082 -22.0145 4.4
      vertex -20.8082 -22.0145 3.2
    endloop
  endfacet
  facet normal 0.11606 0.993242 -0
    outer loop
      vertex -20.9999 -21.9921 3.2
      vertex -20.9999 -21.9921 4.4
      vertex -20.8082 -22.0145 4.4
    endloop
  endfacet
  facet normal 0.0987949 0.995108 0
    outer loop
      vertex -21.2084 -21.9714 3.2
      vertex -20.9999 -21.9921 4.4
      vertex -20.9999 -21.9921 3.2
    endloop
  endfacet
  facet normal 0.0987949 0.995108 -0
    outer loop
      vertex -21.2084 -21.9714 3.2
      vertex -21.2084 -21.9714 4.4
      vertex -20.9999 -21.9921 4.4
    endloop
  endfacet
  facet normal 0.0851149 0.996371 0
    outer loop
      vertex -21.4355 -21.952 3.2
      vertex -21.2084 -21.9714 4.4
      vertex -21.2084 -21.9714 3.2
    endloop
  endfacet
  facet normal 0.0851149 0.996371 -0
    outer loop
      vertex -21.4355 -21.952 3.2
      vertex -21.4355 -21.952 4.4
      vertex -21.2084 -21.9714 4.4
    endloop
  endfacet
  facet normal 0.0758328 0.997121 0
    outer loop
      vertex -21.6827 -21.9332 3.2
      vertex -21.4355 -21.952 4.4
      vertex -21.4355 -21.952 3.2
    endloop
  endfacet
  facet normal 0.0758328 0.997121 -0
    outer loop
      vertex -21.6827 -21.9332 3.2
      vertex -21.6827 -21.9332 4.4
      vertex -21.4355 -21.952 4.4
    endloop
  endfacet
  facet normal 0.0686366 0.997642 0
    outer loop
      vertex -21.9516 -21.9147 3.2
      vertex -21.6827 -21.9332 4.4
      vertex -21.6827 -21.9332 3.2
    endloop
  endfacet
  facet normal 0.0686366 0.997642 -0
    outer loop
      vertex -21.9516 -21.9147 3.2
      vertex -21.9516 -21.9147 4.4
      vertex -21.6827 -21.9332 4.4
    endloop
  endfacet
  facet normal 0.0709553 0.997479 0
    outer loop
      vertex -22.1217 -21.9026 3.2
      vertex -21.9516 -21.9147 4.4
      vertex -21.9516 -21.9147 3.2
    endloop
  endfacet
  facet normal 0.0709553 0.997479 -0
    outer loop
      vertex -22.1217 -21.9026 3.2
      vertex -22.1217 -21.9026 4.4
      vertex -21.9516 -21.9147 4.4
    endloop
  endfacet
  facet normal 0.075762 0.997126 0
    outer loop
      vertex -22.2849 -21.8902 3.2
      vertex -22.1217 -21.9026 4.4
      vertex -22.1217 -21.9026 3.2
    endloop
  endfacet
  facet normal 0.075762 0.997126 -0
    outer loop
      vertex -22.2849 -21.8902 3.2
      vertex -22.2849 -21.8902 4.4
      vertex -22.1217 -21.9026 4.4
    endloop
  endfacet
  facet normal 0.0814136 0.99668 0
    outer loop
      vertex -22.4416 -21.8774 3.2
      vertex -22.2849 -21.8902 4.4
      vertex -22.2849 -21.8902 3.2
    endloop
  endfacet
  facet normal 0.0814136 0.99668 -0
    outer loop
      vertex -22.4416 -21.8774 3.2
      vertex -22.4416 -21.8774 4.4
      vertex -22.2849 -21.8902 4.4
    endloop
  endfacet
  facet normal 0.0875454 0.996161 0
    outer loop
      vertex -22.5918 -21.8642 3.2
      vertex -22.4416 -21.8774 4.4
      vertex -22.4416 -21.8774 3.2
    endloop
  endfacet
  facet normal 0.0875454 0.996161 -0
    outer loop
      vertex -22.5918 -21.8642 3.2
      vertex -22.5918 -21.8642 4.4
      vertex -22.4416 -21.8774 4.4
    endloop
  endfacet
  facet normal 0.0946461 0.995511 0
    outer loop
      vertex -22.7359 -21.8505 3.2
      vertex -22.5918 -21.8642 4.4
      vertex -22.5918 -21.8642 3.2
    endloop
  endfacet
  facet normal 0.0946461 0.995511 -0
    outer loop
      vertex -22.7359 -21.8505 3.2
      vertex -22.7359 -21.8505 4.4
      vertex -22.5918 -21.8642 4.4
    endloop
  endfacet
  facet normal 0.102924 0.994689 0
    outer loop
      vertex -22.8741 -21.8362 3.2
      vertex -22.7359 -21.8505 4.4
      vertex -22.7359 -21.8505 3.2
    endloop
  endfacet
  facet normal 0.102924 0.994689 -0
    outer loop
      vertex -22.8741 -21.8362 3.2
      vertex -22.8741 -21.8362 4.4
      vertex -22.7359 -21.8505 4.4
    endloop
  endfacet
  facet normal 0.110843 0.993838 0
    outer loop
      vertex -23.0068 -21.8214 3.2
      vertex -22.8741 -21.8362 4.4
      vertex -22.8741 -21.8362 3.2
    endloop
  endfacet
  facet normal 0.110843 0.993838 -0
    outer loop
      vertex -23.0068 -21.8214 3.2
      vertex -23.0068 -21.8214 4.4
      vertex -22.8741 -21.8362 4.4
    endloop
  endfacet
  facet normal 0.119422 0.992844 0
    outer loop
      vertex -23.134 -21.8061 3.2
      vertex -23.0068 -21.8214 4.4
      vertex -23.0068 -21.8214 3.2
    endloop
  endfacet
  facet normal 0.119422 0.992844 -0
    outer loop
      vertex -23.134 -21.8061 3.2
      vertex -23.134 -21.8061 4.4
      vertex -23.0068 -21.8214 4.4
    endloop
  endfacet
  facet normal 0.129825 0.991537 0
    outer loop
      vertex -23.2562 -21.7901 3.2
      vertex -23.134 -21.8061 4.4
      vertex -23.134 -21.8061 3.2
    endloop
  endfacet
  facet normal 0.129825 0.991537 -0
    outer loop
      vertex -23.2562 -21.7901 3.2
      vertex -23.2562 -21.7901 4.4
      vertex -23.134 -21.8061 4.4
    endloop
  endfacet
  facet normal 0.140239 0.990118 0
    outer loop
      vertex -23.3734 -21.7735 3.2
      vertex -23.2562 -21.7901 4.4
      vertex -23.2562 -21.7901 3.2
    endloop
  endfacet
  facet normal 0.140239 0.990118 -0
    outer loop
      vertex -23.3734 -21.7735 3.2
      vertex -23.3734 -21.7735 4.4
      vertex -23.2562 -21.7901 4.4
    endloop
  endfacet
  facet normal 0.151728 0.988422 0
    outer loop
      vertex -23.4861 -21.7562 3.2
      vertex -23.3734 -21.7735 4.4
      vertex -23.3734 -21.7735 3.2
    endloop
  endfacet
  facet normal 0.151728 0.988422 -0
    outer loop
      vertex -23.4861 -21.7562 3.2
      vertex -23.4861 -21.7562 4.4
      vertex -23.3734 -21.7735 4.4
    endloop
  endfacet
  facet normal 0.164103 0.986443 0
    outer loop
      vertex -23.5943 -21.7382 3.2
      vertex -23.4861 -21.7562 4.4
      vertex -23.4861 -21.7562 3.2
    endloop
  endfacet
  facet normal 0.164103 0.986443 -0
    outer loop
      vertex -23.5943 -21.7382 3.2
      vertex -23.5943 -21.7382 4.4
      vertex -23.4861 -21.7562 4.4
    endloop
  endfacet
  facet normal 0.176805 0.984246 0
    outer loop
      vertex -23.6984 -21.7195 3.2
      vertex -23.5943 -21.7382 4.4
      vertex -23.5943 -21.7382 3.2
    endloop
  endfacet
  facet normal 0.176805 0.984246 -0
    outer loop
      vertex -23.6984 -21.7195 3.2
      vertex -23.6984 -21.7195 4.4
      vertex -23.5943 -21.7382 4.4
    endloop
  endfacet
  facet normal 0.190843 0.98162 0
    outer loop
      vertex -23.7987 -21.7 3.2
      vertex -23.6984 -21.7195 4.4
      vertex -23.6984 -21.7195 3.2
    endloop
  endfacet
  facet normal 0.190843 0.98162 -0
    outer loop
      vertex -23.7987 -21.7 3.2
      vertex -23.7987 -21.7 4.4
      vertex -23.6984 -21.7195 4.4
    endloop
  endfacet
  facet normal 0.205653 0.978625 0
    outer loop
      vertex -23.8953 -21.6797 3.2
      vertex -23.7987 -21.7 4.4
      vertex -23.7987 -21.7 3.2
    endloop
  endfacet
  facet normal 0.205653 0.978625 -0
    outer loop
      vertex -23.8953 -21.6797 3.2
      vertex -23.8953 -21.6797 4.4
      vertex -23.7987 -21.7 4.4
    endloop
  endfacet
  facet normal 0.221576 0.975143 0
    outer loop
      vertex -23.9886 -21.6585 3.2
      vertex -23.8953 -21.6797 4.4
      vertex -23.8953 -21.6797 3.2
    endloop
  endfacet
  facet normal 0.221576 0.975143 -0
    outer loop
      vertex -23.9886 -21.6585 3.2
      vertex -23.9886 -21.6585 4.4
      vertex -23.8953 -21.6797 4.4
    endloop
  endfacet
  facet normal 0.238222 0.971211 0
    outer loop
      vertex -24.0787 -21.6364 3.2
      vertex -23.9886 -21.6585 4.4
      vertex -23.9886 -21.6585 3.2
    endloop
  endfacet
  facet normal 0.238222 0.971211 -0
    outer loop
      vertex -24.0787 -21.6364 3.2
      vertex -24.0787 -21.6364 4.4
      vertex -23.9886 -21.6585 4.4
    endloop
  endfacet
  facet normal 0.255039 0.966931 0
    outer loop
      vertex -24.1659 -21.6134 3.2
      vertex -24.0787 -21.6364 4.4
      vertex -24.0787 -21.6364 3.2
    endloop
  endfacet
  facet normal 0.255039 0.966931 -0
    outer loop
      vertex -24.1659 -21.6134 3.2
      vertex -24.1659 -21.6134 4.4
      vertex -24.0787 -21.6364 4.4
    endloop
  endfacet
  facet normal 0.271865 0.962335 0
    outer loop
      vertex -24.2505 -21.5895 3.2
      vertex -24.1659 -21.6134 4.4
      vertex -24.1659 -21.6134 3.2
    endloop
  endfacet
  facet normal 0.271865 0.962335 -0
    outer loop
      vertex -24.2505 -21.5895 3.2
      vertex -24.2505 -21.5895 4.4
      vertex -24.1659 -21.6134 4.4
    endloop
  endfacet
  facet normal 0.28991 0.957054 0
    outer loop
      vertex -24.3327 -21.5646 3.2
      vertex -24.2505 -21.5895 4.4
      vertex -24.2505 -21.5895 3.2
    endloop
  endfacet
  facet normal 0.28991 0.957054 -0
    outer loop
      vertex -24.3327 -21.5646 3.2
      vertex -24.3327 -21.5646 4.4
      vertex -24.2505 -21.5895 4.4
    endloop
  endfacet
  facet normal 0.297413 0.954749 0
    outer loop
      vertex -24.6229 -21.4742 3.2
      vertex -24.3327 -21.5646 4.4
      vertex -24.3327 -21.5646 3.2
    endloop
  endfacet
  facet normal 0.297413 0.954749 -0
    outer loop
      vertex -24.6229 -21.4742 3.2
      vertex -24.6229 -21.4742 4.4
      vertex -24.3327 -21.5646 4.4
    endloop
  endfacet
  facet normal 0.258136 0.966108 0
    outer loop
      vertex -24.9021 -21.3996 3.2
      vertex -24.6229 -21.4742 4.4
      vertex -24.6229 -21.4742 3.2
    endloop
  endfacet
  facet normal 0.258136 0.966108 -0
    outer loop
      vertex -24.9021 -21.3996 3.2
      vertex -24.9021 -21.3996 4.4
      vertex -24.6229 -21.4742 4.4
    endloop
  endfacet
  facet normal 0.212234 0.977219 0
    outer loop
      vertex -25.171 -21.3412 3.2
      vertex -24.9021 -21.3996 4.4
      vertex -24.9021 -21.3996 3.2
    endloop
  endfacet
  facet normal 0.212234 0.977219 -0
    outer loop
      vertex -25.171 -21.3412 3.2
      vertex -25.171 -21.3412 4.4
      vertex -24.9021 -21.3996 4.4
    endloop
  endfacet
  facet normal 0.160572 0.987024 0
    outer loop
      vertex -25.4304 -21.299 3.2
      vertex -25.171 -21.3412 4.4
      vertex -25.171 -21.3412 3.2
    endloop
  endfacet
  facet normal 0.160572 0.987024 -0
    outer loop
      vertex -25.4304 -21.299 3.2
      vertex -25.4304 -21.299 4.4
      vertex -25.171 -21.3412 4.4
    endloop
  endfacet
  facet normal 0.101233 0.994863 0
    outer loop
      vertex -25.681 -21.2735 3.2
      vertex -25.4304 -21.299 4.4
      vertex -25.4304 -21.299 3.2
    endloop
  endfacet
  facet normal 0.101233 0.994863 -0
    outer loop
      vertex -25.681 -21.2735 3.2
      vertex -25.681 -21.2735 4.4
      vertex -25.4304 -21.299 4.4
    endloop
  endfacet
  facet normal 0.0358237 0.999358 0
    outer loop
      vertex -25.9237 -21.2648 3.2
      vertex -25.681 -21.2735 4.4
      vertex -25.681 -21.2735 3.2
    endloop
  endfacet
  facet normal 0.0358237 0.999358 -0
    outer loop
      vertex -25.9237 -21.2648 3.2
      vertex -25.9237 -21.2648 4.4
      vertex -25.681 -21.2735 4.4
    endloop
  endfacet
  facet normal -0.0356612 0.999364 0
    outer loop
      vertex -26.1591 -21.2732 3.2
      vertex -25.9237 -21.2648 4.4
      vertex -25.9237 -21.2648 3.2
    endloop
  endfacet
  facet normal -0.0356612 0.999364 0
    outer loop
      vertex -26.1591 -21.2732 3.2
      vertex -26.1591 -21.2732 4.4
      vertex -25.9237 -21.2648 4.4
    endloop
  endfacet
  facet normal -0.111907 0.993719 0
    outer loop
      vertex -26.3882 -21.299 3.2
      vertex -26.1591 -21.2732 4.4
      vertex -26.1591 -21.2732 3.2
    endloop
  endfacet
  facet normal -0.111907 0.993719 0
    outer loop
      vertex -26.3882 -21.299 3.2
      vertex -26.3882 -21.299 4.4
      vertex -26.1591 -21.2732 4.4
    endloop
  endfacet
  facet normal -0.190705 0.981647 0
    outer loop
      vertex -26.6116 -21.3424 3.2
      vertex -26.3882 -21.299 4.4
      vertex -26.3882 -21.299 3.2
    endloop
  endfacet
  facet normal -0.190705 0.981647 0
    outer loop
      vertex -26.6116 -21.3424 3.2
      vertex -26.6116 -21.3424 4.4
      vertex -26.3882 -21.299 4.4
    endloop
  endfacet
  facet normal -0.270235 0.962794 0
    outer loop
      vertex -26.83 -21.4037 3.2
      vertex -26.6116 -21.3424 4.4
      vertex -26.6116 -21.3424 3.2
    endloop
  endfacet
  facet normal -0.270235 0.962794 0
    outer loop
      vertex -26.83 -21.4037 3.2
      vertex -26.83 -21.4037 4.4
      vertex -26.6116 -21.3424 4.4
    endloop
  endfacet
  facet normal -0.347286 0.937759 0
    outer loop
      vertex -27.0444 -21.4831 3.2
      vertex -26.83 -21.4037 4.4
      vertex -26.83 -21.4037 3.2
    endloop
  endfacet
  facet normal -0.347286 0.937759 0
    outer loop
      vertex -27.0444 -21.4831 3.2
      vertex -27.0444 -21.4831 4.4
      vertex -26.83 -21.4037 4.4
    endloop
  endfacet
  facet normal -0.42053 0.907279 0
    outer loop
      vertex -27.2554 -21.5809 3.2
      vertex -27.0444 -21.4831 4.4
      vertex -27.0444 -21.4831 3.2
    endloop
  endfacet
  facet normal -0.42053 0.907279 0
    outer loop
      vertex -27.2554 -21.5809 3.2
      vertex -27.2554 -21.5809 4.4
      vertex -27.0444 -21.4831 4.4
    endloop
  endfacet
  facet normal -0.487634 0.873048 0
    outer loop
      vertex -27.4638 -21.6973 3.2
      vertex -27.2554 -21.5809 4.4
      vertex -27.2554 -21.5809 3.2
    endloop
  endfacet
  facet normal -0.487634 0.873048 0
    outer loop
      vertex -27.4638 -21.6973 3.2
      vertex -27.4638 -21.6973 4.4
      vertex -27.2554 -21.5809 4.4
    endloop
  endfacet
  facet normal -0.54786 0.83657 0
    outer loop
      vertex -27.6704 -21.8326 3.2
      vertex -27.4638 -21.6973 4.4
      vertex -27.4638 -21.6973 3.2
    endloop
  endfacet
  facet normal -0.54786 0.83657 0
    outer loop
      vertex -27.6704 -21.8326 3.2
      vertex -27.6704 -21.8326 4.4
      vertex -27.4638 -21.6973 4.4
    endloop
  endfacet
  facet normal -0.600684 0.799486 0
    outer loop
      vertex -27.8759 -21.987 3.2
      vertex -27.6704 -21.8326 4.4
      vertex -27.6704 -21.8326 3.2
    endloop
  endfacet
  facet normal -0.600684 0.799486 0
    outer loop
      vertex -27.8759 -21.987 3.2
      vertex -27.8759 -21.987 4.4
      vertex -27.6704 -21.8326 4.4
    endloop
  endfacet
  facet normal -0.646126 0.763231 0
    outer loop
      vertex -28.0812 -22.1608 3.2
      vertex -27.8759 -21.987 4.4
      vertex -27.8759 -21.987 3.2
    endloop
  endfacet
  facet normal -0.646126 0.763231 0
    outer loop
      vertex -28.0812 -22.1608 3.2
      vertex -28.0812 -22.1608 4.4
      vertex -27.8759 -21.987 4.4
    endloop
  endfacet
  facet normal -0.685177 0.728377 0
    outer loop
      vertex -28.2869 -22.3543 3.2
      vertex -28.0812 -22.1608 4.4
      vertex -28.0812 -22.1608 3.2
    endloop
  endfacet
  facet normal -0.685177 0.728377 0
    outer loop
      vertex -28.2869 -22.3543 3.2
      vertex -28.2869 -22.3543 4.4
      vertex -28.0812 -22.1608 4.4
    endloop
  endfacet
  facet normal -0.717788 0.696261 0
    outer loop
      vertex -28.4939 -22.5677 3.2
      vertex -28.2869 -22.3543 4.4
      vertex -28.2869 -22.3543 3.2
    endloop
  endfacet
  facet normal -0.717788 0.696261 0
    outer loop
      vertex -28.4939 -22.5677 3.2
      vertex -28.4939 -22.5677 4.4
      vertex -28.2869 -22.3543 4.4
    endloop
  endfacet
  facet normal -0.745258 0.666776 0
    outer loop
      vertex -28.7029 -22.8013 3.2
      vertex -28.4939 -22.5677 4.4
      vertex -28.4939 -22.5677 3.2
    endloop
  endfacet
  facet normal -0.745258 0.666776 0
    outer loop
      vertex -28.7029 -22.8013 3.2
      vertex -28.7029 -22.8013 4.4
      vertex -28.4939 -22.5677 4.4
    endloop
  endfacet
  facet normal -0.767899 0.640571 0
    outer loop
      vertex -28.9147 -23.0552 3.2
      vertex -28.7029 -22.8013 4.4
      vertex -28.7029 -22.8013 3.2
    endloop
  endfacet
  facet normal -0.767899 0.640571 0
    outer loop
      vertex -28.9147 -23.0552 3.2
      vertex -28.9147 -23.0552 4.4
      vertex -28.7029 -22.8013 4.4
    endloop
  endfacet
  facet normal -0.774652 0.632388 0
    outer loop
      vertex -28.9836 -23.1396 3.2
      vertex -28.9147 -23.0552 4.4
      vertex -28.9147 -23.0552 3.2
    endloop
  endfacet
  facet normal -0.774652 0.632388 0
    outer loop
      vertex -28.9836 -23.1396 3.2
      vertex -28.9836 -23.1396 4.4
      vertex -28.9147 -23.0552 4.4
    endloop
  endfacet
  facet normal -0.766192 0.642612 0
    outer loop
      vertex -29.0564 -23.2264 3.2
      vertex -28.9836 -23.1396 4.4
      vertex -28.9836 -23.1396 3.2
    endloop
  endfacet
  facet normal -0.766192 0.642612 0
    outer loop
      vertex -29.0564 -23.2264 3.2
      vertex -29.0564 -23.2264 4.4
      vertex -28.9836 -23.1396 4.4
    endloop
  endfacet
  facet normal -0.758472 0.651705 0
    outer loop
      vertex -29.1327 -23.3152 3.2
      vertex -29.0564 -23.2264 4.4
      vertex -29.0564 -23.2264 3.2
    endloop
  endfacet
  facet normal -0.758472 0.651705 0
    outer loop
      vertex -29.1327 -23.3152 3.2
      vertex -29.1327 -23.3152 4.4
      vertex -29.0564 -23.2264 4.4
    endloop
  endfacet
  facet normal -0.752164 0.658976 0
    outer loop
      vertex -29.2119 -23.4056 3.2
      vertex -29.1327 -23.3152 4.4
      vertex -29.1327 -23.3152 3.2
    endloop
  endfacet
  facet normal -0.752164 0.658976 0
    outer loop
      vertex -29.2119 -23.4056 3.2
      vertex -29.2119 -23.4056 4.4
      vertex -29.1327 -23.3152 4.4
    endloop
  endfacet
  facet normal -0.74588 0.66608 0
    outer loop
      vertex -29.2937 -23.4972 3.2
      vertex -29.2119 -23.4056 4.4
      vertex -29.2119 -23.4056 3.2
    endloop
  endfacet
  facet normal -0.74588 0.66608 0
    outer loop
      vertex -29.2937 -23.4972 3.2
      vertex -29.2937 -23.4972 4.4
      vertex -29.2119 -23.4056 4.4
    endloop
  endfacet
  facet normal -0.739577 0.673072 0
    outer loop
      vertex -29.3777 -23.5895 3.2
      vertex -29.2937 -23.4972 4.4
      vertex -29.2937 -23.4972 3.2
    endloop
  endfacet
  facet normal -0.739577 0.673072 0
    outer loop
      vertex -29.3777 -23.5895 3.2
      vertex -29.3777 -23.5895 4.4
      vertex -29.2937 -23.4972 4.4
    endloop
  endfacet
  facet normal -0.733922 0.679234 0
    outer loop
      vertex -29.4634 -23.6821 3.2
      vertex -29.3777 -23.5895 4.4
      vertex -29.3777 -23.5895 3.2
    endloop
  endfacet
  facet normal -0.733922 0.679234 0
    outer loop
      vertex -29.4634 -23.6821 3.2
      vertex -29.4634 -23.6821 4.4
      vertex -29.3777 -23.5895 4.4
    endloop
  endfacet
  facet normal -0.727668 0.685929 0
    outer loop
      vertex -29.5505 -23.7745 3.2
      vertex -29.4634 -23.6821 4.4
      vertex -29.4634 -23.6821 3.2
    endloop
  endfacet
  facet normal -0.727668 0.685929 0
    outer loop
      vertex -29.5505 -23.7745 3.2
      vertex -29.5505 -23.7745 4.4
      vertex -29.4634 -23.6821 4.4
    endloop
  endfacet
  facet normal -0.72189 0.692008 0
    outer loop
      vertex -29.6385 -23.8663 3.2
      vertex -29.5505 -23.7745 4.4
      vertex -29.5505 -23.7745 3.2
    endloop
  endfacet
  facet normal -0.72189 0.692008 0
    outer loop
      vertex -29.6385 -23.8663 3.2
      vertex -29.6385 -23.8663 4.4
      vertex -29.5505 -23.7745 4.4
    endloop
  endfacet
  facet normal -0.716502 0.697585 0
    outer loop
      vertex -29.727 -23.9572 3.2
      vertex -29.6385 -23.8663 4.4
      vertex -29.6385 -23.8663 3.2
    endloop
  endfacet
  facet normal -0.716502 0.697585 0
    outer loop
      vertex -29.727 -23.9572 3.2
      vertex -29.727 -23.9572 4.4
      vertex -29.6385 -23.8663 4.4
    endloop
  endfacet
  facet normal -0.710675 0.703521 0
    outer loop
      vertex -29.8155 -24.0466 3.2
      vertex -29.727 -23.9572 4.4
      vertex -29.727 -23.9572 3.2
    endloop
  endfacet
  facet normal -0.710675 0.703521 0
    outer loop
      vertex -29.8155 -24.0466 3.2
      vertex -29.8155 -24.0466 4.4
      vertex -29.727 -23.9572 4.4
    endloop
  endfacet
  facet normal -0.704284 0.709918 0
    outer loop
      vertex -29.9037 -24.1341 3.2
      vertex -29.8155 -24.0466 4.4
      vertex -29.8155 -24.0466 3.2
    endloop
  endfacet
  facet normal -0.704284 0.709918 0
    outer loop
      vertex -29.9037 -24.1341 3.2
      vertex -29.9037 -24.1341 4.4
      vertex -29.8155 -24.0466 4.4
    endloop
  endfacet
  facet normal -0.698457 0.715652 0
    outer loop
      vertex -29.9911 -24.2194 3.2
      vertex -29.9037 -24.1341 4.4
      vertex -29.9037 -24.1341 3.2
    endloop
  endfacet
  facet normal -0.698457 0.715652 0
    outer loop
      vertex -29.9911 -24.2194 3.2
      vertex -29.9911 -24.2194 4.4
      vertex -29.9037 -24.1341 4.4
    endloop
  endfacet
  facet normal -0.690575 0.72326 0
    outer loop
      vertex -30.0774 -24.3018 3.2
      vertex -29.9911 -24.2194 4.4
      vertex -29.9911 -24.2194 3.2
    endloop
  endfacet
  facet normal -0.690575 0.72326 0
    outer loop
      vertex -30.0774 -24.3018 3.2
      vertex -30.0774 -24.3018 4.4
      vertex -29.9911 -24.2194 4.4
    endloop
  endfacet
  facet normal -0.684342 0.729161 0
    outer loop
      vertex -30.162 -24.3812 3.2
      vertex -30.0774 -24.3018 4.4
      vertex -30.0774 -24.3018 3.2
    endloop
  endfacet
  facet normal -0.684342 0.729161 0
    outer loop
      vertex -30.162 -24.3812 3.2
      vertex -30.162 -24.3812 4.4
      vertex -30.0774 -24.3018 4.4
    endloop
  endfacet
  facet normal -0.675644 0.737228 0
    outer loop
      vertex -30.2446 -24.4569 3.2
      vertex -30.162 -24.3812 4.4
      vertex -30.162 -24.3812 3.2
    endloop
  endfacet
  facet normal -0.675644 0.737228 0
    outer loop
      vertex -30.2446 -24.4569 3.2
      vertex -30.2446 -24.4569 4.4
      vertex -30.162 -24.3812 4.4
    endloop
  endfacet
  facet normal -0.666496 0.745509 0
    outer loop
      vertex -30.3248 -24.5286 3.2
      vertex -30.2446 -24.4569 4.4
      vertex -30.2446 -24.4569 3.2
    endloop
  endfacet
  facet normal -0.666496 0.745509 0
    outer loop
      vertex -30.3248 -24.5286 3.2
      vertex -30.3248 -24.5286 4.4
      vertex -30.2446 -24.4569 4.4
    endloop
  endfacet
  facet normal -0.656082 0.75469 0
    outer loop
      vertex -30.4021 -24.5958 3.2
      vertex -30.3248 -24.5286 4.4
      vertex -30.3248 -24.5286 3.2
    endloop
  endfacet
  facet normal -0.656082 0.75469 0
    outer loop
      vertex -30.4021 -24.5958 3.2
      vertex -30.4021 -24.5958 4.4
      vertex -30.3248 -24.5286 4.4
    endloop
  endfacet
  facet normal -0.644645 0.764482 0
    outer loop
      vertex -30.4761 -24.6582 3.2
      vertex -30.4021 -24.5958 4.4
      vertex -30.4021 -24.5958 3.2
    endloop
  endfacet
  facet normal -0.644645 0.764482 0
    outer loop
      vertex -30.4761 -24.6582 3.2
      vertex -30.4761 -24.6582 4.4
      vertex -30.4021 -24.5958 4.4
    endloop
  endfacet
  facet normal -0.629802 0.776756 0
    outer loop
      vertex -30.5464 -24.7152 3.2
      vertex -30.4761 -24.6582 4.4
      vertex -30.4761 -24.6582 3.2
    endloop
  endfacet
  facet normal -0.629802 0.776756 0
    outer loop
      vertex -30.5464 -24.7152 3.2
      vertex -30.5464 -24.7152 4.4
      vertex -30.4761 -24.6582 4.4
    endloop
  endfacet
  facet normal -0.632514 0.774549 0
    outer loop
      vertex -31.3622 -25.3814 3.2
      vertex -30.5464 -24.7152 4.4
      vertex -30.5464 -24.7152 3.2
    endloop
  endfacet
  facet normal -0.632514 0.774549 0
    outer loop
      vertex -31.3622 -25.3814 3.2
      vertex -31.3622 -25.3814 4.4
      vertex -30.5464 -24.7152 4.4
    endloop
  endfacet
  facet normal 0.743977 0.668205 0
    outer loop
      vertex -31.9504 -24.7265 3.2
      vertex -31.3622 -25.3814 4.4
      vertex -31.3622 -25.3814 3.2
    endloop
  endfacet
  facet normal 0.743977 0.668205 -0
    outer loop
      vertex -31.9504 -24.7265 3.2
      vertex -31.9504 -24.7265 4.4
      vertex -31.3622 -25.3814 4.4
    endloop
  endfacet
  facet normal 0.742175 0.670206 0
    outer loop
      vertex -32.0547 -24.611 3.2
      vertex -31.9504 -24.7265 4.4
      vertex -31.9504 -24.7265 3.2
    endloop
  endfacet
  facet normal 0.742175 0.670206 -0
    outer loop
      vertex -32.0547 -24.611 3.2
      vertex -32.0547 -24.611 4.4
      vertex -31.9504 -24.7265 4.4
    endloop
  endfacet
  facet normal 0.726007 0.687688 0
    outer loop
      vertex -32.1552 -24.5049 3.2
      vertex -32.0547 -24.611 4.4
      vertex -32.0547 -24.611 3.2
    endloop
  endfacet
  facet normal 0.726007 0.687688 -0
    outer loop
      vertex -32.1552 -24.5049 3.2
      vertex -32.1552 -24.5049 4.4
      vertex -32.0547 -24.611 4.4
    endloop
  endfacet
  facet normal 0.705292 0.708917 0
    outer loop
      vertex -32.253 -24.4076 3.2
      vertex -32.1552 -24.5049 4.4
      vertex -32.1552 -24.5049 3.2
    endloop
  endfacet
  facet normal 0.705292 0.708917 -0
    outer loop
      vertex -32.253 -24.4076 3.2
      vertex -32.253 -24.4076 4.4
      vertex -32.1552 -24.5049 4.4
    endloop
  endfacet
  facet normal 0.678343 0.734745 0
    outer loop
      vertex -32.3494 -24.3186 3.2
      vertex -32.253 -24.4076 4.4
      vertex -32.253 -24.4076 3.2
    endloop
  endfacet
  facet normal 0.678343 0.734745 -0
    outer loop
      vertex -32.3494 -24.3186 3.2
      vertex -32.3494 -24.3186 4.4
      vertex -32.253 -24.4076 4.4
    endloop
  endfacet
  facet normal 0.645016 0.764169 0
    outer loop
      vertex -32.4456 -24.2374 3.2
      vertex -32.3494 -24.3186 4.4
      vertex -32.3494 -24.3186 3.2
    endloop
  endfacet
  facet normal 0.645016 0.764169 -0
    outer loop
      vertex -32.4456 -24.2374 3.2
      vertex -32.4456 -24.2374 4.4
      vertex -32.3494 -24.3186 4.4
    endloop
  endfacet
  facet normal 0.605747 0.795657 0
    outer loop
      vertex -32.5428 -24.1634 3.2
      vertex -32.4456 -24.2374 4.4
      vertex -32.4456 -24.2374 3.2
    endloop
  endfacet
  facet normal 0.605747 0.795657 -0
    outer loop
      vertex -32.5428 -24.1634 3.2
      vertex -32.5428 -24.1634 4.4
      vertex -32.4456 -24.2374 4.4
    endloop
  endfacet
  facet normal 0.559115 0.82909 0
    outer loop
      vertex -32.6423 -24.0963 3.2
      vertex -32.5428 -24.1634 4.4
      vertex -32.5428 -24.1634 3.2
    endloop
  endfacet
  facet normal 0.559115 0.82909 -0
    outer loop
      vertex -32.6423 -24.0963 3.2
      vertex -32.6423 -24.0963 4.4
      vertex -32.5428 -24.1634 4.4
    endloop
  endfacet
  facet normal 0.509321 0.860577 0
    outer loop
      vertex -32.7452 -24.0354 3.2
      vertex -32.6423 -24.0963 4.4
      vertex -32.6423 -24.0963 3.2
    endloop
  endfacet
  facet normal 0.509321 0.860577 -0
    outer loop
      vertex -32.7452 -24.0354 3.2
      vertex -32.7452 -24.0354 4.4
      vertex -32.6423 -24.0963 4.4
    endloop
  endfacet
  facet normal 0.456115 0.889921 0
    outer loop
      vertex -32.8529 -23.9802 3.2
      vertex -32.7452 -24.0354 4.4
      vertex -32.7452 -24.0354 3.2
    endloop
  endfacet
  facet normal 0.456115 0.889921 -0
    outer loop
      vertex -32.8529 -23.9802 3.2
      vertex -32.8529 -23.9802 4.4
      vertex -32.7452 -24.0354 4.4
    endloop
  endfacet
  facet normal 0.401199 0.915991 0
    outer loop
      vertex -32.9666 -23.9304 3.2
      vertex -32.8529 -23.9802 4.4
      vertex -32.8529 -23.9802 3.2
    endloop
  endfacet
  facet normal 0.401199 0.915991 -0
    outer loop
      vertex -32.9666 -23.9304 3.2
      vertex -32.9666 -23.9304 4.4
      vertex -32.8529 -23.9802 4.4
    endloop
  endfacet
  facet normal 0.350444 0.936584 0
    outer loop
      vertex -33.0874 -23.8852 3.2
      vertex -32.9666 -23.9304 4.4
      vertex -32.9666 -23.9304 3.2
    endloop
  endfacet
  facet normal 0.350444 0.936584 -0
    outer loop
      vertex -33.0874 -23.8852 3.2
      vertex -33.0874 -23.8852 4.4
      vertex -32.9666 -23.9304 4.4
    endloop
  endfacet
  facet normal 0.30159 0.953438 0
    outer loop
      vertex -33.2167 -23.8443 3.2
      vertex -33.0874 -23.8852 4.4
      vertex -33.0874 -23.8852 3.2
    endloop
  endfacet
  facet normal 0.30159 0.953438 -0
    outer loop
      vertex -33.2167 -23.8443 3.2
      vertex -33.2167 -23.8443 4.4
      vertex -33.0874 -23.8852 4.4
    endloop
  endfacet
  facet normal 0.258701 0.965957 0
    outer loop
      vertex -33.3556 -23.8071 3.2
      vertex -33.2167 -23.8443 4.4
      vertex -33.2167 -23.8443 3.2
    endloop
  endfacet
  facet normal 0.258701 0.965957 -0
    outer loop
      vertex -33.3556 -23.8071 3.2
      vertex -33.3556 -23.8071 4.4
      vertex -33.2167 -23.8443 4.4
    endloop
  endfacet
  facet normal 0.22072 0.975337 0
    outer loop
      vertex -33.5054 -23.7732 3.2
      vertex -33.3556 -23.8071 4.4
      vertex -33.3556 -23.8071 3.2
    endloop
  endfacet
  facet normal 0.22072 0.975337 -0
    outer loop
      vertex -33.5054 -23.7732 3.2
      vertex -33.5054 -23.7732 4.4
      vertex -33.3556 -23.8071 4.4
    endloop
  endfacet
  facet normal 0.189814 0.98182 0
    outer loop
      vertex -33.6673 -23.7419 3.2
      vertex -33.5054 -23.7732 4.4
      vertex -33.5054 -23.7732 3.2
    endloop
  endfacet
  facet normal 0.189814 0.98182 -0
    outer loop
      vertex -33.6673 -23.7419 3.2
      vertex -33.6673 -23.7419 4.4
      vertex -33.5054 -23.7732 4.4
    endloop
  endfacet
  facet normal 0.163303 0.986576 0
    outer loop
      vertex -33.8425 -23.7129 3.2
      vertex -33.6673 -23.7419 4.4
      vertex -33.6673 -23.7419 3.2
    endloop
  endfacet
  facet normal 0.163303 0.986576 -0
    outer loop
      vertex -33.8425 -23.7129 3.2
      vertex -33.8425 -23.7129 4.4
      vertex -33.6673 -23.7419 4.4
    endloop
  endfacet
  facet normal 0.142881 0.98974 0
    outer loop
      vertex -34.0323 -23.6855 3.2
      vertex -33.8425 -23.7129 4.4
      vertex -33.8425 -23.7129 3.2
    endloop
  endfacet
  facet normal 0.142881 0.98974 -0
    outer loop
      vertex -34.0323 -23.6855 3.2
      vertex -34.0323 -23.6855 4.4
      vertex -33.8425 -23.7129 4.4
    endloop
  endfacet
  facet normal 0.12641 0.991978 0
    outer loop
      vertex -34.2379 -23.6593 3.2
      vertex -34.0323 -23.6855 4.4
      vertex -34.0323 -23.6855 3.2
    endloop
  endfacet
  facet normal 0.12641 0.991978 -0
    outer loop
      vertex -34.2379 -23.6593 3.2
      vertex -34.2379 -23.6593 4.4
      vertex -34.0323 -23.6855 4.4
    endloop
  endfacet
  facet normal 0.11337 0.993553 0
    outer loop
      vertex -34.4605 -23.6339 3.2
      vertex -34.2379 -23.6593 4.4
      vertex -34.2379 -23.6593 3.2
    endloop
  endfacet
  facet normal 0.11337 0.993553 -0
    outer loop
      vertex -34.4605 -23.6339 3.2
      vertex -34.4605 -23.6339 4.4
      vertex -34.2379 -23.6593 4.4
    endloop
  endfacet
  facet normal 0.104857 0.994487 0
    outer loop
      vertex -34.7014 -23.6085 3.2
      vertex -34.4605 -23.6339 4.4
      vertex -34.4605 -23.6339 3.2
    endloop
  endfacet
  facet normal 0.104857 0.994487 -0
    outer loop
      vertex -34.7014 -23.6085 3.2
      vertex -34.7014 -23.6085 4.4
      vertex -34.4605 -23.6339 4.4
    endloop
  endfacet
  facet normal 0.108858 0.994057 0
    outer loop
      vertex -34.9927 -23.5766 3.2
      vertex -34.7014 -23.6085 4.4
      vertex -34.7014 -23.6085 3.2
    endloop
  endfacet
  facet normal 0.108858 0.994057 -0
    outer loop
      vertex -34.9927 -23.5766 3.2
      vertex -34.9927 -23.5766 4.4
      vertex -34.7014 -23.6085 4.4
    endloop
  endfacet
  facet normal 0.123729 0.992316 0
    outer loop
      vertex -35.2726 -23.5417 3.2
      vertex -34.9927 -23.5766 4.4
      vertex -34.9927 -23.5766 3.2
    endloop
  endfacet
  facet normal 0.123729 0.992316 -0
    outer loop
      vertex -35.2726 -23.5417 3.2
      vertex -35.2726 -23.5417 4.4
      vertex -34.9927 -23.5766 4.4
    endloop
  endfacet
  facet normal 0.141113 0.989994 0
    outer loop
      vertex -35.542 -23.5033 3.2
      vertex -35.2726 -23.5417 4.4
      vertex -35.2726 -23.5417 3.2
    endloop
  endfacet
  facet normal 0.141113 0.989994 -0
    outer loop
      vertex -35.542 -23.5033 3.2
      vertex -35.542 -23.5033 4.4
      vertex -35.2726 -23.5417 4.4
    endloop
  endfacet
  facet normal 0.159901 0.987133 0
    outer loop
      vertex -35.8019 -23.4612 3.2
      vertex -35.542 -23.5033 4.4
      vertex -35.542 -23.5033 3.2
    endloop
  endfacet
  facet normal 0.159901 0.987133 -0
    outer loop
      vertex -35.8019 -23.4612 3.2
      vertex -35.8019 -23.4612 4.4
      vertex -35.542 -23.5033 4.4
    endloop
  endfacet
  facet normal 0.180605 0.983556 0
    outer loop
      vertex -36.0535 -23.415 3.2
      vertex -35.8019 -23.4612 4.4
      vertex -35.8019 -23.4612 3.2
    endloop
  endfacet
  facet normal 0.180605 0.983556 -0
    outer loop
      vertex -36.0535 -23.415 3.2
      vertex -36.0535 -23.415 4.4
      vertex -35.8019 -23.4612 4.4
    endloop
  endfacet
  facet normal 0.203202 0.979137 0
    outer loop
      vertex -36.2978 -23.3643 3.2
      vertex -36.0535 -23.415 4.4
      vertex -36.0535 -23.415 3.2
    endloop
  endfacet
  facet normal 0.203202 0.979137 -0
    outer loop
      vertex -36.2978 -23.3643 3.2
      vertex -36.2978 -23.3643 4.4
      vertex -36.0535 -23.415 4.4
    endloop
  endfacet
  facet normal 0.226712 0.973962 0
    outer loop
      vertex -36.5358 -23.3089 3.2
      vertex -36.2978 -23.3643 4.4
      vertex -36.2978 -23.3643 3.2
    endloop
  endfacet
  facet normal 0.226712 0.973962 -0
    outer loop
      vertex -36.5358 -23.3089 3.2
      vertex -36.5358 -23.3089 4.4
      vertex -36.2978 -23.3643 4.4
    endloop
  endfacet
  facet normal 0.251914 0.96775 0
    outer loop
      vertex -36.7686 -23.2483 3.2
      vertex -36.5358 -23.3089 4.4
      vertex -36.5358 -23.3089 3.2
    endloop
  endfacet
  facet normal 0.251914 0.96775 -0
    outer loop
      vertex -36.7686 -23.2483 3.2
      vertex -36.7686 -23.2483 4.4
      vertex -36.5358 -23.3089 4.4
    endloop
  endfacet
  facet normal 0.277885 0.960614 0
    outer loop
      vertex -36.9971 -23.1822 3.2
      vertex -36.7686 -23.2483 4.4
      vertex -36.7686 -23.2483 3.2
    endloop
  endfacet
  facet normal 0.277885 0.960614 -0
    outer loop
      vertex -36.9971 -23.1822 3.2
      vertex -36.9971 -23.1822 4.4
      vertex -36.7686 -23.2483 4.4
    endloop
  endfacet
  facet normal 0.303901 0.952703 0
    outer loop
      vertex -37.2225 -23.1103 3.2
      vertex -36.9971 -23.1822 4.4
      vertex -36.9971 -23.1822 3.2
    endloop
  endfacet
  facet normal 0.303901 0.952703 -0
    outer loop
      vertex -37.2225 -23.1103 3.2
      vertex -37.2225 -23.1103 4.4
      vertex -36.9971 -23.1822 4.4
    endloop
  endfacet
  facet normal 0.330275 0.943885 0
    outer loop
      vertex -37.4457 -23.0322 3.2
      vertex -37.2225 -23.1103 4.4
      vertex -37.2225 -23.1103 3.2
    endloop
  endfacet
  facet normal 0.330275 0.943885 -0
    outer loop
      vertex -37.4457 -23.0322 3.2
      vertex -37.4457 -23.0322 4.4
      vertex -37.2225 -23.1103 4.4
    endloop
  endfacet
  facet normal 0.356328 0.934361 0
    outer loop
      vertex -37.6678 -22.9475 3.2
      vertex -37.4457 -23.0322 4.4
      vertex -37.4457 -23.0322 3.2
    endloop
  endfacet
  facet normal 0.356328 0.934361 -0
    outer loop
      vertex -37.6678 -22.9475 3.2
      vertex -37.6678 -22.9475 4.4
      vertex -37.4457 -23.0322 4.4
    endloop
  endfacet
  facet normal 0.380917 0.924609 0
    outer loop
      vertex -37.8899 -22.856 3.2
      vertex -37.6678 -22.9475 4.4
      vertex -37.6678 -22.9475 3.2
    endloop
  endfacet
  facet normal 0.380917 0.924609 -0
    outer loop
      vertex -37.8899 -22.856 3.2
      vertex -37.8899 -22.856 4.4
      vertex -37.6678 -22.9475 4.4
    endloop
  endfacet
  facet normal 0.40473 0.914436 0
    outer loop
      vertex -38.1129 -22.7573 3.2
      vertex -37.8899 -22.856 4.4
      vertex -37.8899 -22.856 3.2
    endloop
  endfacet
  facet normal 0.40473 0.914436 -0
    outer loop
      vertex -38.1129 -22.7573 3.2
      vertex -38.1129 -22.7573 4.4
      vertex -37.8899 -22.856 4.4
    endloop
  endfacet
  facet normal 0.427015 0.904244 0
    outer loop
      vertex -38.338 -22.651 3.2
      vertex -38.1129 -22.7573 4.4
      vertex -38.1129 -22.7573 3.2
    endloop
  endfacet
  facet normal 0.427015 0.904244 -0
    outer loop
      vertex -38.338 -22.651 3.2
      vertex -38.338 -22.651 4.4
      vertex -38.1129 -22.7573 4.4
    endloop
  endfacet
  facet normal 0.447684 0.894192 0
    outer loop
      vertex -38.5661 -22.5368 3.2
      vertex -38.338 -22.651 4.4
      vertex -38.338 -22.651 3.2
    endloop
  endfacet
  facet normal 0.447684 0.894192 -0
    outer loop
      vertex -38.5661 -22.5368 3.2
      vertex -38.5661 -22.5368 4.4
      vertex -38.338 -22.651 4.4
    endloop
  endfacet
  facet normal 0.466452 0.884546 0
    outer loop
      vertex -38.7984 -22.4143 3.2
      vertex -38.5661 -22.5368 4.4
      vertex -38.5661 -22.5368 3.2
    endloop
  endfacet
  facet normal 0.466452 0.884546 -0
    outer loop
      vertex -38.7984 -22.4143 3.2
      vertex -38.7984 -22.4143 4.4
      vertex -38.5661 -22.5368 4.4
    endloop
  endfacet
  facet normal 0.483575 0.875303 0
    outer loop
      vertex -39.0357 -22.2832 3.2
      vertex -38.7984 -22.4143 4.4
      vertex -38.7984 -22.4143 3.2
    endloop
  endfacet
  facet normal 0.483575 0.875303 -0
    outer loop
      vertex -39.0357 -22.2832 3.2
      vertex -39.0357 -22.2832 4.4
      vertex -38.7984 -22.4143 4.4
    endloop
  endfacet
  facet normal 0.498551 0.86686 0
    outer loop
      vertex -39.2793 -22.1431 3.2
      vertex -39.0357 -22.2832 4.4
      vertex -39.0357 -22.2832 3.2
    endloop
  endfacet
  facet normal 0.498551 0.86686 -0
    outer loop
      vertex -39.2793 -22.1431 3.2
      vertex -39.2793 -22.1431 4.4
      vertex -39.0357 -22.2832 4.4
    endloop
  endfacet
  facet normal 0.511924 0.859031 0
    outer loop
      vertex -39.53 -21.9937 3.2
      vertex -39.2793 -22.1431 4.4
      vertex -39.2793 -22.1431 3.2
    endloop
  endfacet
  facet normal 0.511924 0.859031 -0
    outer loop
      vertex -39.53 -21.9937 3.2
      vertex -39.53 -21.9937 4.4
      vertex -39.2793 -22.1431 4.4
    endloop
  endfacet
  facet normal 0.516613 0.856219 0
    outer loop
      vertex -39.5716 -21.9686 3.2
      vertex -39.53 -21.9937 4.4
      vertex -39.53 -21.9937 3.2
    endloop
  endfacet
  facet normal 0.516613 0.856219 -0
    outer loop
      vertex -39.5716 -21.9686 3.2
      vertex -39.5716 -21.9686 4.4
      vertex -39.53 -21.9937 4.4
    endloop
  endfacet
  facet normal 0.504508 0.863407 0
    outer loop
      vertex -39.6137 -21.944 3.2
      vertex -39.5716 -21.9686 4.4
      vertex -39.5716 -21.9686 3.2
    endloop
  endfacet
  facet normal 0.504508 0.863407 -0
    outer loop
      vertex -39.6137 -21.944 3.2
      vertex -39.6137 -21.944 4.4
      vertex -39.5716 -21.9686 4.4
    endloop
  endfacet
  facet normal 0.490164 0.87163 0
    outer loop
      vertex -39.6562 -21.9201 3.2
      vertex -39.6137 -21.944 4.4
      vertex -39.6137 -21.944 3.2
    endloop
  endfacet
  facet normal 0.490164 0.87163 -0
    outer loop
      vertex -39.6562 -21.9201 3.2
      vertex -39.6562 -21.9201 4.4
      vertex -39.6137 -21.944 4.4
    endloop
  endfacet
  facet normal 0.477548 0.878606 0
    outer loop
      vertex -39.6987 -21.897 3.2
      vertex -39.6562 -21.9201 4.4
      vertex -39.6562 -21.9201 3.2
    endloop
  endfacet
  facet normal 0.477548 0.878606 -0
    outer loop
      vertex -39.6987 -21.897 3.2
      vertex -39.6987 -21.897 4.4
      vertex -39.6562 -21.9201 4.4
    endloop
  endfacet
  facet normal 0.465404 0.885098 0
    outer loop
      vertex -39.7413 -21.8746 3.2
      vertex -39.6987 -21.897 4.4
      vertex -39.6987 -21.897 3.2
    endloop
  endfacet
  facet normal 0.465404 0.885098 -0
    outer loop
      vertex -39.7413 -21.8746 3.2
      vertex -39.7413 -21.8746 4.4
      vertex -39.6987 -21.897 4.4
    endloop
  endfacet
  facet normal 0.452279 0.891877 0
    outer loop
      vertex -39.7835 -21.8532 3.2
      vertex -39.7413 -21.8746 4.4
      vertex -39.7413 -21.8746 3.2
    endloop
  endfacet
  facet normal 0.452279 0.891877 -0
    outer loop
      vertex -39.7835 -21.8532 3.2
      vertex -39.7835 -21.8532 4.4
      vertex -39.7413 -21.8746 4.4
    endloop
  endfacet
  facet normal 0.440327 0.897837 0
    outer loop
      vertex -39.8253 -21.8327 3.2
      vertex -39.7835 -21.8532 4.4
      vertex -39.7835 -21.8532 3.2
    endloop
  endfacet
  facet normal 0.440327 0.897837 -0
    outer loop
      vertex -39.8253 -21.8327 3.2
      vertex -39.8253 -21.8327 4.4
      vertex -39.7835 -21.8532 4.4
    endloop
  endfacet
  facet normal 0.427803 0.903872 0
    outer loop
      vertex -39.8665 -21.8132 3.2
      vertex -39.8253 -21.8327 4.4
      vertex -39.8253 -21.8327 3.2
    endloop
  endfacet
  facet normal 0.427803 0.903872 -0
    outer loop
      vertex -39.8665 -21.8132 3.2
      vertex -39.8665 -21.8132 4.4
      vertex -39.8253 -21.8327 4.4
    endloop
  endfacet
  facet normal 0.412613 0.910906 0
    outer loop
      vertex -39.9069 -21.7949 3.2
      vertex -39.8665 -21.8132 4.4
      vertex -39.8665 -21.8132 3.2
    endloop
  endfacet
  facet normal 0.412613 0.910906 -0
    outer loop
      vertex -39.9069 -21.7949 3.2
      vertex -39.9069 -21.7949 4.4
      vertex -39.8665 -21.8132 4.4
    endloop
  endfacet
  facet normal 0.398982 0.916959 0
    outer loop
      vertex -39.9462 -21.7778 3.2
      vertex -39.9069 -21.7949 4.4
      vertex -39.9069 -21.7949 3.2
    endloop
  endfacet
  facet normal 0.398982 0.916959 -0
    outer loop
      vertex -39.9462 -21.7778 3.2
      vertex -39.9462 -21.7778 4.4
      vertex -39.9069 -21.7949 4.4
    endloop
  endfacet
  facet normal 0.384272 0.92322 0
    outer loop
      vertex -39.9844 -21.7619 3.2
      vertex -39.9462 -21.7778 4.4
      vertex -39.9462 -21.7778 3.2
    endloop
  endfacet
  facet normal 0.384272 0.92322 -0
    outer loop
      vertex -39.9844 -21.7619 3.2
      vertex -39.9844 -21.7619 4.4
      vertex -39.9462 -21.7778 4.4
    endloop
  endfacet
  facet normal 0.367455 0.930041 0
    outer loop
      vertex -40.0211 -21.7474 3.2
      vertex -39.9844 -21.7619 4.4
      vertex -39.9844 -21.7619 3.2
    endloop
  endfacet
  facet normal 0.367455 0.930041 -0
    outer loop
      vertex -40.0211 -21.7474 3.2
      vertex -40.0211 -21.7474 4.4
      vertex -39.9844 -21.7619 4.4
    endloop
  endfacet
  facet normal 0.348788 0.937202 0
    outer loop
      vertex -40.0563 -21.7343 3.2
      vertex -40.0211 -21.7474 4.4
      vertex -40.0211 -21.7474 3.2
    endloop
  endfacet
  facet normal 0.348788 0.937202 -0
    outer loop
      vertex -40.0563 -21.7343 3.2
      vertex -40.0563 -21.7343 4.4
      vertex -40.0211 -21.7474 4.4
    endloop
  endfacet
  facet normal 0.328961 0.944344 0
    outer loop
      vertex -40.0896 -21.7227 3.2
      vertex -40.0563 -21.7343 4.4
      vertex -40.0563 -21.7343 3.2
    endloop
  endfacet
  facet normal 0.328961 0.944344 -0
    outer loop
      vertex -40.0896 -21.7227 3.2
      vertex -40.0896 -21.7227 4.4
      vertex -40.0563 -21.7343 4.4
    endloop
  endfacet
  facet normal 0.303454 0.952846 0
    outer loop
      vertex -40.121 -21.7127 3.2
      vertex -40.0896 -21.7227 4.4
      vertex -40.0896 -21.7227 3.2
    endloop
  endfacet
  facet normal 0.303454 0.952846 -0
    outer loop
      vertex -40.121 -21.7127 3.2
      vertex -40.121 -21.7127 4.4
      vertex -40.0896 -21.7227 4.4
    endloop
  endfacet
  facet normal 0.276459 0.961026 0
    outer loop
      vertex -40.1502 -21.7043 3.2
      vertex -40.121 -21.7127 4.4
      vertex -40.121 -21.7127 3.2
    endloop
  endfacet
  facet normal 0.276459 0.961026 -0
    outer loop
      vertex -40.1502 -21.7043 3.2
      vertex -40.1502 -21.7043 4.4
      vertex -40.121 -21.7127 4.4
    endloop
  endfacet
  facet normal 0.241687 0.970354 0
    outer loop
      vertex -40.1771 -21.6976 3.2
      vertex -40.1502 -21.7043 4.4
      vertex -40.1502 -21.7043 3.2
    endloop
  endfacet
  facet normal 0.241687 0.970354 -0
    outer loop
      vertex -40.1771 -21.6976 3.2
      vertex -40.1771 -21.6976 4.4
      vertex -40.1502 -21.7043 4.4
    endloop
  endfacet
  facet normal 0.193786 0.981044 0
    outer loop
      vertex -40.2014 -21.6928 3.2
      vertex -40.1771 -21.6976 4.4
      vertex -40.1771 -21.6976 3.2
    endloop
  endfacet
  facet normal 0.193786 0.981044 -0
    outer loop
      vertex -40.2014 -21.6928 3.2
      vertex -40.2014 -21.6928 4.4
      vertex -40.1771 -21.6976 4.4
    endloop
  endfacet
  facet normal 0.138196 0.990405 0
    outer loop
      vertex -40.2229 -21.6898 3.2
      vertex -40.2014 -21.6928 4.4
      vertex -40.2014 -21.6928 3.2
    endloop
  endfacet
  facet normal 0.138196 0.990405 -0
    outer loop
      vertex -40.2229 -21.6898 3.2
      vertex -40.2229 -21.6898 4.4
      vertex -40.2014 -21.6928 4.4
    endloop
  endfacet
  facet normal 0.0536859 0.998558 0
    outer loop
      vertex -40.2415 -21.6888 3.2
      vertex -40.2229 -21.6898 4.4
      vertex -40.2229 -21.6898 3.2
    endloop
  endfacet
  facet normal 0.0536859 0.998558 -0
    outer loop
      vertex -40.2415 -21.6888 3.2
      vertex -40.2415 -21.6888 4.4
      vertex -40.2229 -21.6898 4.4
    endloop
  endfacet
  facet normal 0.0406903 0.999172 0
    outer loop
      vertex -40.2636 -21.6879 3.2
      vertex -40.2415 -21.6888 4.4
      vertex -40.2415 -21.6888 3.2
    endloop
  endfacet
  facet normal 0.0406903 0.999172 -0
    outer loop
      vertex -40.2636 -21.6879 3.2
      vertex -40.2636 -21.6879 4.4
      vertex -40.2415 -21.6888 4.4
    endloop
  endfacet
  facet normal 0.0927025 0.995694 0
    outer loop
      vertex -40.2926 -21.6852 3.2
      vertex -40.2636 -21.6879 4.4
      vertex -40.2636 -21.6879 3.2
    endloop
  endfacet
  facet normal 0.0927025 0.995694 -0
    outer loop
      vertex -40.2926 -21.6852 3.2
      vertex -40.2926 -21.6852 4.4
      vertex -40.2636 -21.6879 4.4
    endloop
  endfacet
  facet normal 0.125754 0.992061 0
    outer loop
      vertex -40.3281 -21.6807 3.2
      vertex -40.2926 -21.6852 4.4
      vertex -40.2926 -21.6852 3.2
    endloop
  endfacet
  facet normal 0.125754 0.992061 -0
    outer loop
      vertex -40.3281 -21.6807 3.2
      vertex -40.3281 -21.6807 4.4
      vertex -40.2926 -21.6852 4.4
    endloop
  endfacet
  facet normal 0.142418 0.989807 0
    outer loop
      vertex -40.3698 -21.6747 3.2
      vertex -40.3281 -21.6807 4.4
      vertex -40.3281 -21.6807 3.2
    endloop
  endfacet
  facet normal 0.142418 0.989807 -0
    outer loop
      vertex -40.3698 -21.6747 3.2
      vertex -40.3698 -21.6747 4.4
      vertex -40.3281 -21.6807 4.4
    endloop
  endfacet
  facet normal 0.159363 0.98722 0
    outer loop
      vertex -40.4175 -21.667 3.2
      vertex -40.3698 -21.6747 4.4
      vertex -40.3698 -21.6747 3.2
    endloop
  endfacet
  facet normal 0.159363 0.98722 -0
    outer loop
      vertex -40.4175 -21.667 3.2
      vertex -40.4175 -21.667 4.4
      vertex -40.3698 -21.6747 4.4
    endloop
  endfacet
  facet normal 0.172515 0.985007 0
    outer loop
      vertex -40.4706 -21.6577 3.2
      vertex -40.4175 -21.667 4.4
      vertex -40.4175 -21.667 3.2
    endloop
  endfacet
  facet normal 0.172515 0.985007 -0
    outer loop
      vertex -40.4706 -21.6577 3.2
      vertex -40.4706 -21.6577 4.4
      vertex -40.4175 -21.667 4.4
    endloop
  endfacet
  facet normal 0.178885 0.98387 0
    outer loop
      vertex -40.5289 -21.6471 3.2
      vertex -40.4706 -21.6577 4.4
      vertex -40.4706 -21.6577 3.2
    endloop
  endfacet
  facet normal 0.178885 0.98387 -0
    outer loop
      vertex -40.5289 -21.6471 3.2
      vertex -40.5289 -21.6471 4.4
      vertex -40.4706 -21.6577 4.4
    endloop
  endfacet
  facet normal 0.188328 0.982106 0
    outer loop
      vertex -40.592 -21.635 3.2
      vertex -40.5289 -21.6471 4.4
      vertex -40.5289 -21.6471 3.2
    endloop
  endfacet
  facet normal 0.188328 0.982106 -0
    outer loop
      vertex -40.592 -21.635 3.2
      vertex -40.592 -21.635 4.4
      vertex -40.5289 -21.6471 4.4
    endloop
  endfacet
  facet normal 0.194442 0.980914 0
    outer loop
      vertex -40.6596 -21.6216 3.2
      vertex -40.592 -21.635 4.4
      vertex -40.592 -21.635 3.2
    endloop
  endfacet
  facet normal 0.194442 0.980914 -0
    outer loop
      vertex -40.6596 -21.6216 3.2
      vertex -40.6596 -21.6216 4.4
      vertex -40.592 -21.635 4.4
    endloop
  endfacet
  facet normal 0.199532 0.979891 0
    outer loop
      vertex -40.7313 -21.607 3.2
      vertex -40.6596 -21.6216 4.4
      vertex -40.6596 -21.6216 3.2
    endloop
  endfacet
  facet normal 0.199532 0.979891 -0
    outer loop
      vertex -40.7313 -21.607 3.2
      vertex -40.7313 -21.607 4.4
      vertex -40.6596 -21.6216 4.4
    endloop
  endfacet
  facet normal 0.206337 0.978481 0
    outer loop
      vertex -40.8067 -21.5911 3.2
      vertex -40.7313 -21.607 4.4
      vertex -40.7313 -21.607 3.2
    endloop
  endfacet
  facet normal 0.206337 0.978481 -0
    outer loop
      vertex -40.8067 -21.5911 3.2
      vertex -40.8067 -21.5911 4.4
      vertex -40.7313 -21.607 4.4
    endloop
  endfacet
  facet normal 0.209444 0.977821 0
    outer loop
      vertex -40.8856 -21.5742 3.2
      vertex -40.8067 -21.5911 4.4
      vertex -40.8067 -21.5911 3.2
    endloop
  endfacet
  facet normal 0.209444 0.977821 -0
    outer loop
      vertex -40.8856 -21.5742 3.2
      vertex -40.8856 -21.5742 4.4
      vertex -40.8067 -21.5911 4.4
    endloop
  endfacet
  facet normal 0.214407 0.976744 0
    outer loop
      vertex -40.9676 -21.5562 3.2
      vertex -40.8856 -21.5742 4.4
      vertex -40.8856 -21.5742 3.2
    endloop
  endfacet
  facet normal 0.214407 0.976744 -0
    outer loop
      vertex -40.9676 -21.5562 3.2
      vertex -40.9676 -21.5562 4.4
      vertex -40.8856 -21.5742 4.4
    endloop
  endfacet
  facet normal 0.218882 0.975751 0
    outer loop
      vertex -41.0523 -21.5372 3.2
      vertex -40.9676 -21.5562 4.4
      vertex -40.9676 -21.5562 3.2
    endloop
  endfacet
  facet normal 0.218882 0.975751 -0
    outer loop
      vertex -41.0523 -21.5372 3.2
      vertex -41.0523 -21.5372 4.4
      vertex -40.9676 -21.5562 4.4
    endloop
  endfacet
  facet normal 0.222977 0.974824 0
    outer loop
      vertex -41.1393 -21.5173 3.2
      vertex -41.0523 -21.5372 4.4
      vertex -41.0523 -21.5372 3.2
    endloop
  endfacet
  facet normal 0.222977 0.974824 -0
    outer loop
      vertex -41.1393 -21.5173 3.2
      vertex -41.1393 -21.5173 4.4
      vertex -41.0523 -21.5372 4.4
    endloop
  endfacet
  facet normal 0.226296 0.974058 0
    outer loop
      vertex -41.2284 -21.4966 3.2
      vertex -41.1393 -21.5173 4.4
      vertex -41.1393 -21.5173 3.2
    endloop
  endfacet
  facet normal 0.226296 0.974058 -0
    outer loop
      vertex -41.2284 -21.4966 3.2
      vertex -41.2284 -21.4966 4.4
      vertex -41.1393 -21.5173 4.4
    endloop
  endfacet
  facet normal 0.230413 0.973093 0
    outer loop
      vertex -41.3192 -21.4751 3.2
      vertex -41.2284 -21.4966 4.4
      vertex -41.2284 -21.4966 3.2
    endloop
  endfacet
  facet normal 0.230413 0.973093 -0
    outer loop
      vertex -41.3192 -21.4751 3.2
      vertex -41.3192 -21.4751 4.4
      vertex -41.2284 -21.4966 4.4
    endloop
  endfacet
  facet normal 0.235328 0.971916 0
    outer loop
      vertex -41.4113 -21.4528 3.2
      vertex -41.3192 -21.4751 4.4
      vertex -41.3192 -21.4751 3.2
    endloop
  endfacet
  facet normal 0.235328 0.971916 -0
    outer loop
      vertex -41.4113 -21.4528 3.2
      vertex -41.4113 -21.4528 4.4
      vertex -41.3192 -21.4751 4.4
    endloop
  endfacet
  facet normal 0.237869 0.971297 0
    outer loop
      vertex -41.5044 -21.43 3.2
      vertex -41.4113 -21.4528 4.4
      vertex -41.4113 -21.4528 3.2
    endloop
  endfacet
  facet normal 0.237869 0.971297 -0
    outer loop
      vertex -41.5044 -21.43 3.2
      vertex -41.5044 -21.43 4.4
      vertex -41.4113 -21.4528 4.4
    endloop
  endfacet
  facet normal 0.243266 0.96996 0
    outer loop
      vertex -41.5981 -21.4065 3.2
      vertex -41.5044 -21.43 4.4
      vertex -41.5044 -21.43 3.2
    endloop
  endfacet
  facet normal 0.243266 0.96996 -0
    outer loop
      vertex -41.5981 -21.4065 3.2
      vertex -41.5981 -21.4065 4.4
      vertex -41.5044 -21.43 4.4
    endloop
  endfacet
  facet normal 0.245886 0.969299 0
    outer loop
      vertex -41.7274 -21.3737 3.2
      vertex -41.5981 -21.4065 4.4
      vertex -41.5981 -21.4065 3.2
    endloop
  endfacet
  facet normal 0.245886 0.969299 -0
    outer loop
      vertex -41.7274 -21.3737 3.2
      vertex -41.7274 -21.3737 4.4
      vertex -41.5981 -21.4065 4.4
    endloop
  endfacet
  facet normal 0.235116 0.971967 0
    outer loop
      vertex -41.8539 -21.3431 3.2
      vertex -41.7274 -21.3737 4.4
      vertex -41.7274 -21.3737 3.2
    endloop
  endfacet
  facet normal 0.235116 0.971967 -0
    outer loop
      vertex -41.8539 -21.3431 3.2
      vertex -41.8539 -21.3431 4.4
      vertex -41.7274 -21.3737 4.4
    endloop
  endfacet
  facet normal 0.224631 0.974444 0
    outer loop
      vertex -41.9784 -21.3144 3.2
      vertex -41.8539 -21.3431 4.4
      vertex -41.8539 -21.3431 3.2
    endloop
  endfacet
  facet normal 0.224631 0.974444 -0
    outer loop
      vertex -41.9784 -21.3144 3.2
      vertex -41.9784 -21.3144 4.4
      vertex -41.8539 -21.3431 4.4
    endloop
  endfacet
  facet normal 0.212298 0.977205 0
    outer loop
      vertex -42.1013 -21.2877 3.2
      vertex -41.9784 -21.3144 4.4
      vertex -41.9784 -21.3144 3.2
    endloop
  endfacet
  facet normal 0.212298 0.977205 -0
    outer loop
      vertex -42.1013 -21.2877 3.2
      vertex -42.1013 -21.2877 4.4
      vertex -41.9784 -21.3144 4.4
    endloop
  endfacet
  facet normal 0.199048 0.97999 0
    outer loop
      vertex -42.2234 -21.2629 3.2
      vertex -42.1013 -21.2877 4.4
      vertex -42.1013 -21.2877 3.2
    endloop
  endfacet
  facet normal 0.199048 0.97999 -0
    outer loop
      vertex -42.2234 -21.2629 3.2
      vertex -42.2234 -21.2629 4.4
      vertex -42.1013 -21.2877 4.4
    endloop
  endfacet
  facet normal 0.186039 0.982542 0
    outer loop
      vertex -42.3454 -21.2398 3.2
      vertex -42.2234 -21.2629 4.4
      vertex -42.2234 -21.2629 3.2
    endloop
  endfacet
  facet normal 0.186039 0.982542 -0
    outer loop
      vertex -42.3454 -21.2398 3.2
      vertex -42.3454 -21.2398 4.4
      vertex -42.2234 -21.2629 4.4
    endloop
  endfacet
  facet normal 0.171443 0.985194 0
    outer loop
      vertex -42.4678 -21.2185 3.2
      vertex -42.3454 -21.2398 4.4
      vertex -42.3454 -21.2398 3.2
    endloop
  endfacet
  facet normal 0.171443 0.985194 -0
    outer loop
      vertex -42.4678 -21.2185 3.2
      vertex -42.4678 -21.2185 4.4
      vertex -42.3454 -21.2398 4.4
    endloop
  endfacet
  facet normal 0.158302 0.987391 0
    outer loop
      vertex -42.5913 -21.1987 3.2
      vertex -42.4678 -21.2185 4.4
      vertex -42.4678 -21.2185 3.2
    endloop
  endfacet
  facet normal 0.158302 0.987391 -0
    outer loop
      vertex -42.5913 -21.1987 3.2
      vertex -42.5913 -21.1987 4.4
      vertex -42.4678 -21.2185 4.4
    endloop
  endfacet
  facet normal 0.143743 0.989615 0
    outer loop
      vertex -42.7166 -21.1805 3.2
      vertex -42.5913 -21.1987 4.4
      vertex -42.5913 -21.1987 3.2
    endloop
  endfacet
  facet normal 0.143743 0.989615 -0
    outer loop
      vertex -42.7166 -21.1805 3.2
      vertex -42.7166 -21.1805 4.4
      vertex -42.5913 -21.1987 4.4
    endloop
  endfacet
  facet normal 0.130334 0.99147 0
    outer loop
      vertex -42.8444 -21.1637 3.2
      vertex -42.7166 -21.1805 4.4
      vertex -42.7166 -21.1805 3.2
    endloop
  endfacet
  facet normal 0.130334 0.99147 -0
    outer loop
      vertex -42.8444 -21.1637 3.2
      vertex -42.8444 -21.1637 4.4
      vertex -42.7166 -21.1805 4.4
    endloop
  endfacet
  facet normal 0.117018 0.99313 0
    outer loop
      vertex -42.9751 -21.1483 3.2
      vertex -42.8444 -21.1637 4.4
      vertex -42.8444 -21.1637 3.2
    endloop
  endfacet
  facet normal 0.117018 0.99313 -0
    outer loop
      vertex -42.9751 -21.1483 3.2
      vertex -42.9751 -21.1483 4.4
      vertex -42.8444 -21.1637 4.4
    endloop
  endfacet
  facet normal 0.104261 0.99455 0
    outer loop
      vertex -43.1096 -21.1342 3.2
      vertex -42.9751 -21.1483 4.4
      vertex -42.9751 -21.1483 3.2
    endloop
  endfacet
  facet normal 0.104261 0.99455 -0
    outer loop
      vertex -43.1096 -21.1342 3.2
      vertex -43.1096 -21.1342 4.4
      vertex -42.9751 -21.1483 4.4
    endloop
  endfacet
  facet normal 0.0932518 0.995643 0
    outer loop
      vertex -43.2484 -21.1212 3.2
      vertex -43.1096 -21.1342 4.4
      vertex -43.1096 -21.1342 3.2
    endloop
  endfacet
  facet normal 0.0932518 0.995643 -0
    outer loop
      vertex -43.2484 -21.1212 3.2
      vertex -43.2484 -21.1212 4.4
      vertex -43.1096 -21.1342 4.4
    endloop
  endfacet
  facet normal 0.082415 0.996598 0
    outer loop
      vertex -43.3923 -21.1093 3.2
      vertex -43.2484 -21.1212 4.4
      vertex -43.2484 -21.1212 3.2
    endloop
  endfacet
  facet normal 0.082415 0.996598 -0
    outer loop
      vertex -43.3923 -21.1093 3.2
      vertex -43.3923 -21.1093 4.4
      vertex -43.2484 -21.1212 4.4
    endloop
  endfacet
  facet normal 0.072053 0.997401 0
    outer loop
      vertex -43.5418 -21.0985 3.2
      vertex -43.3923 -21.1093 4.4
      vertex -43.3923 -21.1093 3.2
    endloop
  endfacet
  facet normal 0.072053 0.997401 -0
    outer loop
      vertex -43.5418 -21.0985 3.2
      vertex -43.5418 -21.0985 4.4
      vertex -43.3923 -21.1093 4.4
    endloop
  endfacet
  facet normal 0.064094 0.997944 0
    outer loop
      vertex -43.6975 -21.0885 3.2
      vertex -43.5418 -21.0985 4.4
      vertex -43.5418 -21.0985 3.2
    endloop
  endfacet
  facet normal 0.064094 0.997944 -0
    outer loop
      vertex -43.6975 -21.0885 3.2
      vertex -43.6975 -21.0885 4.4
      vertex -43.5418 -21.0985 4.4
    endloop
  endfacet
  facet normal 0.0551983 0.998475 0
    outer loop
      vertex -43.8603 -21.0795 3.2
      vertex -43.6975 -21.0885 4.4
      vertex -43.6975 -21.0885 3.2
    endloop
  endfacet
  facet normal 0.0551983 0.998475 -0
    outer loop
      vertex -43.8603 -21.0795 3.2
      vertex -43.8603 -21.0795 4.4
      vertex -43.6975 -21.0885 4.4
    endloop
  endfacet
  facet normal 0.0492648 0.998786 0
    outer loop
      vertex -44.0306 -21.0711 3.2
      vertex -43.8603 -21.0795 4.4
      vertex -43.8603 -21.0795 3.2
    endloop
  endfacet
  facet normal 0.0492648 0.998786 -0
    outer loop
      vertex -44.0306 -21.0711 3.2
      vertex -44.0306 -21.0711 4.4
      vertex -43.8603 -21.0795 4.4
    endloop
  endfacet
  facet normal 0.0425385 0.999095 0
    outer loop
      vertex -44.2091 -21.0635 3.2
      vertex -44.0306 -21.0711 4.4
      vertex -44.0306 -21.0711 3.2
    endloop
  endfacet
  facet normal 0.0425385 0.999095 -0
    outer loop
      vertex -44.2091 -21.0635 3.2
      vertex -44.2091 -21.0635 4.4
      vertex -44.0306 -21.0711 4.4
    endloop
  endfacet
  facet normal 0.0373073 0.999304 0
    outer loop
      vertex -44.3966 -21.0565 3.2
      vertex -44.2091 -21.0635 4.4
      vertex -44.2091 -21.0635 3.2
    endloop
  endfacet
  facet normal 0.0373073 0.999304 -0
    outer loop
      vertex -44.3966 -21.0565 3.2
      vertex -44.3966 -21.0565 4.4
      vertex -44.2091 -21.0635 4.4
    endloop
  endfacet
  facet normal 0.0340144 0.999421 0
    outer loop
      vertex -46.0567 -21 3.2
      vertex -44.3966 -21.0565 4.4
      vertex -44.3966 -21.0565 3.2
    endloop
  endfacet
  facet normal 0.0340144 0.999421 -0
    outer loop
      vertex -46.0567 -21 3.2
      vertex -46.0567 -21 4.4
      vertex -44.3966 -21.0565 4.4
    endloop
  endfacet
  facet normal -0.382564 0.923929 0
    outer loop
      vertex -47.1476 -21.4517 3.2
      vertex -46.0567 -21 4.4
      vertex -46.0567 -21 3.2
    endloop
  endfacet
  facet normal -0.382564 0.923929 0
    outer loop
      vertex -47.1476 -21.4517 3.2
      vertex -47.1476 -21.4517 4.4
      vertex -46.0567 -21 4.4
    endloop
  endfacet
  facet normal -0.368552 0.929607 0
    outer loop
      vertex -47.2606 -21.4965 3.2
      vertex -47.1476 -21.4517 4.4
      vertex -47.1476 -21.4517 3.2
    endloop
  endfacet
  facet normal -0.368552 0.929607 0
    outer loop
      vertex -47.2606 -21.4965 3.2
      vertex -47.2606 -21.4965 4.4
      vertex -47.1476 -21.4517 4.4
    endloop
  endfacet
  facet normal -0.360665 0.932696 0
    outer loop
      vertex -47.3718 -21.5395 3.2
      vertex -47.2606 -21.4965 4.4
      vertex -47.2606 -21.4965 3.2
    endloop
  endfacet
  facet normal -0.360665 0.932696 0
    outer loop
      vertex -47.3718 -21.5395 3.2
      vertex -47.3718 -21.5395 4.4
      vertex -47.2606 -21.4965 4.4
    endloop
  endfacet
  facet normal -0.351123 0.936329 0
    outer loop
      vertex -47.4814 -21.5806 3.2
      vertex -47.3718 -21.5395 4.4
      vertex -47.3718 -21.5395 3.2
    endloop
  endfacet
  facet normal -0.351123 0.936329 0
    outer loop
      vertex -47.4814 -21.5806 3.2
      vertex -47.4814 -21.5806 4.4
      vertex -47.3718 -21.5395 4.4
    endloop
  endfacet
  facet normal -0.342161 0.939641 0
    outer loop
      vertex -47.5896 -21.62 3.2
      vertex -47.4814 -21.5806 4.4
      vertex -47.4814 -21.5806 3.2
    endloop
  endfacet
  facet normal -0.342161 0.939641 0
    outer loop
      vertex -47.5896 -21.62 3.2
      vertex -47.5896 -21.62 4.4
      vertex -47.4814 -21.5806 4.4
    endloop
  endfacet
  facet normal -0.331804 0.943348 0
    outer loop
      vertex -47.6965 -21.6576 3.2
      vertex -47.5896 -21.62 4.4
      vertex -47.5896 -21.62 3.2
    endloop
  endfacet
  facet normal -0.331804 0.943348 0
    outer loop
      vertex -47.6965 -21.6576 3.2
      vertex -47.6965 -21.6576 4.4
      vertex -47.5896 -21.62 4.4
    endloop
  endfacet
  facet normal -0.321598 0.946876 0
    outer loop
      vertex -47.8022 -21.6935 3.2
      vertex -47.6965 -21.6576 4.4
      vertex -47.6965 -21.6576 3.2
    endloop
  endfacet
  facet normal -0.321598 0.946876 0
    outer loop
      vertex -47.8022 -21.6935 3.2
      vertex -47.8022 -21.6935 4.4
      vertex -47.6965 -21.6576 4.4
    endloop
  endfacet
  facet normal -0.309682 0.95084 0
    outer loop
      vertex -47.9069 -21.7276 3.2
      vertex -47.8022 -21.6935 4.4
      vertex -47.8022 -21.6935 3.2
    endloop
  endfacet
  facet normal -0.309682 0.95084 0
    outer loop
      vertex -47.9069 -21.7276 3.2
      vertex -47.9069 -21.7276 4.4
      vertex -47.8022 -21.6935 4.4
    endloop
  endfacet
  facet normal -0.298798 0.954316 0
    outer loop
      vertex -48.0107 -21.7601 3.2
      vertex -47.9069 -21.7276 4.4
      vertex -47.9069 -21.7276 3.2
    endloop
  endfacet
  facet normal -0.298798 0.954316 0
    outer loop
      vertex -48.0107 -21.7601 3.2
      vertex -48.0107 -21.7601 4.4
      vertex -47.9069 -21.7276 4.4
    endloop
  endfacet
  facet normal -0.286494 0.958082 0
    outer loop
      vertex -48.1137 -21.7909 3.2
      vertex -48.0107 -21.7601 4.4
      vertex -48.0107 -21.7601 3.2
    endloop
  endfacet
  facet normal -0.286494 0.958082 0
    outer loop
      vertex -48.1137 -21.7909 3.2
      vertex -48.1137 -21.7909 4.4
      vertex -48.0107 -21.7601 4.4
    endloop
  endfacet
  facet normal -0.274225 0.961666 0
    outer loop
      vertex -48.2161 -21.8201 3.2
      vertex -48.1137 -21.7909 4.4
      vertex -48.1137 -21.7909 3.2
    endloop
  endfacet
  facet normal -0.274225 0.961666 0
    outer loop
      vertex -48.2161 -21.8201 3.2
      vertex -48.2161 -21.8201 4.4
      vertex -48.1137 -21.7909 4.4
    endloop
  endfacet
  facet normal -0.261673 0.965157 0
    outer loop
      vertex -48.3179 -21.8477 3.2
      vertex -48.2161 -21.8201 4.4
      vertex -48.2161 -21.8201 3.2
    endloop
  endfacet
  facet normal -0.261673 0.965157 0
    outer loop
      vertex -48.3179 -21.8477 3.2
      vertex -48.3179 -21.8477 4.4
      vertex -48.2161 -21.8201 4.4
    endloop
  endfacet
  facet normal -0.248146 0.968723 0
    outer loop
      vertex -48.4194 -21.8737 3.2
      vertex -48.3179 -21.8477 4.4
      vertex -48.3179 -21.8477 3.2
    endloop
  endfacet
  facet normal -0.248146 0.968723 0
    outer loop
      vertex -48.4194 -21.8737 3.2
      vertex -48.4194 -21.8737 4.4
      vertex -48.3179 -21.8477 4.4
    endloop
  endfacet
  facet normal -0.234171 0.972195 0
    outer loop
      vertex -48.5207 -21.8981 3.2
      vertex -48.4194 -21.8737 4.4
      vertex -48.4194 -21.8737 3.2
    endloop
  endfacet
  facet normal -0.234171 0.972195 0
    outer loop
      vertex -48.5207 -21.8981 3.2
      vertex -48.5207 -21.8981 4.4
      vertex -48.4194 -21.8737 4.4
    endloop
  endfacet
  facet normal -0.220705 0.975341 0
    outer loop
      vertex -48.6219 -21.921 3.2
      vertex -48.5207 -21.8981 4.4
      vertex -48.5207 -21.8981 3.2
    endloop
  endfacet
  facet normal -0.220705 0.975341 0
    outer loop
      vertex -48.6219 -21.921 3.2
      vertex -48.6219 -21.921 4.4
      vertex -48.5207 -21.8981 4.4
    endloop
  endfacet
  facet normal -0.206887 0.978365 0
    outer loop
      vertex -48.7231 -21.9424 3.2
      vertex -48.6219 -21.921 4.4
      vertex -48.6219 -21.921 3.2
    endloop
  endfacet
  facet normal -0.206887 0.978365 0
    outer loop
      vertex -48.7231 -21.9424 3.2
      vertex -48.7231 -21.9424 4.4
      vertex -48.6219 -21.921 4.4
    endloop
  endfacet
  facet normal -0.192579 0.981281 0
    outer loop
      vertex -48.8245 -21.9623 3.2
      vertex -48.7231 -21.9424 4.4
      vertex -48.7231 -21.9424 3.2
    endloop
  endfacet
  facet normal -0.192579 0.981281 0
    outer loop
      vertex -48.8245 -21.9623 3.2
      vertex -48.8245 -21.9623 4.4
      vertex -48.7231 -21.9424 4.4
    endloop
  endfacet
  facet normal -0.177865 0.984055 0
    outer loop
      vertex -48.9263 -21.9807 3.2
      vertex -48.8245 -21.9623 4.4
      vertex -48.8245 -21.9623 3.2
    endloop
  endfacet
  facet normal -0.177865 0.984055 0
    outer loop
      vertex -48.9263 -21.9807 3.2
      vertex -48.9263 -21.9807 4.4
      vertex -48.8245 -21.9623 4.4
    endloop
  endfacet
  facet normal -0.165182 0.986263 0
    outer loop
      vertex -49.0284 -21.9978 3.2
      vertex -48.9263 -21.9807 4.4
      vertex -48.9263 -21.9807 3.2
    endloop
  endfacet
  facet normal -0.165182 0.986263 0
    outer loop
      vertex -49.0284 -21.9978 3.2
      vertex -49.0284 -21.9978 4.4
      vertex -48.9263 -21.9807 4.4
    endloop
  endfacet
  facet normal -0.150033 0.988681 0
    outer loop
      vertex -49.1312 -22.0134 3.2
      vertex -49.0284 -21.9978 4.4
      vertex -49.0284 -21.9978 3.2
    endloop
  endfacet
  facet normal -0.150033 0.988681 0
    outer loop
      vertex -49.1312 -22.0134 3.2
      vertex -49.1312 -22.0134 4.4
      vertex -49.0284 -21.9978 4.4
    endloop
  endfacet
  facet normal -0.135925 0.990719 0
    outer loop
      vertex -49.2347 -22.0276 3.2
      vertex -49.1312 -22.0134 4.4
      vertex -49.1312 -22.0134 3.2
    endloop
  endfacet
  facet normal -0.135925 0.990719 0
    outer loop
      vertex -49.2347 -22.0276 3.2
      vertex -49.2347 -22.0276 4.4
      vertex -49.1312 -22.0134 4.4
    endloop
  endfacet
  facet normal -0.146083 0.989272 0
    outer loop
      vertex -49.404 -22.0526 3.2
      vertex -49.2347 -22.0276 4.4
      vertex -49.2347 -22.0276 3.2
    endloop
  endfacet
  facet normal -0.146083 0.989272 0
    outer loop
      vertex -49.404 -22.0526 3.2
      vertex -49.404 -22.0526 4.4
      vertex -49.2347 -22.0276 4.4
    endloop
  endfacet
  facet normal -0.16363 0.986522 0
    outer loop
      vertex -49.5704 -22.0802 3.2
      vertex -49.404 -22.0526 4.4
      vertex -49.404 -22.0526 3.2
    endloop
  endfacet
  facet normal -0.16363 0.986522 0
    outer loop
      vertex -49.5704 -22.0802 3.2
      vertex -49.5704 -22.0802 4.4
      vertex -49.404 -22.0526 4.4
    endloop
  endfacet
  facet normal -0.182369 0.98323 0
    outer loop
      vertex -49.7343 -22.1106 3.2
      vertex -49.5704 -22.0802 4.4
      vertex -49.5704 -22.0802 3.2
    endloop
  endfacet
  facet normal -0.182369 0.98323 0
    outer loop
      vertex -49.7343 -22.1106 3.2
      vertex -49.7343 -22.1106 4.4
      vertex -49.5704 -22.0802 4.4
    endloop
  endfacet
  facet normal -0.201362 0.979517 0
    outer loop
      vertex -49.8958 -22.1438 3.2
      vertex -49.7343 -22.1106 4.4
      vertex -49.7343 -22.1106 3.2
    endloop
  endfacet
  facet normal -0.201362 0.979517 0
    outer loop
      vertex -49.8958 -22.1438 3.2
      vertex -49.8958 -22.1438 4.4
      vertex -49.7343 -22.1106 4.4
    endloop
  endfacet
  facet normal -0.221277 0.975211 0
    outer loop
      vertex -50.0549 -22.1799 3.2
      vertex -49.8958 -22.1438 4.4
      vertex -49.8958 -22.1438 3.2
    endloop
  endfacet
  facet normal -0.221277 0.975211 0
    outer loop
      vertex -50.0549 -22.1799 3.2
      vertex -50.0549 -22.1799 4.4
      vertex -49.8958 -22.1438 4.4
    endloop
  endfacet
  facet normal -0.241373 0.970432 0
    outer loop
      vertex -50.2121 -22.219 3.2
      vertex -50.0549 -22.1799 4.4
      vertex -50.0549 -22.1799 3.2
    endloop
  endfacet
  facet normal -0.241373 0.970432 0
    outer loop
      vertex -50.2121 -22.219 3.2
      vertex -50.2121 -22.219 4.4
      vertex -50.0549 -22.1799 4.4
    endloop
  endfacet
  facet normal -0.262381 0.964964 0
    outer loop
      vertex -50.3673 -22.2612 3.2
      vertex -50.2121 -22.219 4.4
      vertex -50.2121 -22.219 3.2
    endloop
  endfacet
  facet normal -0.262381 0.964964 0
    outer loop
      vertex -50.3673 -22.2612 3.2
      vertex -50.3673 -22.2612 4.4
      vertex -50.2121 -22.219 4.4
    endloop
  endfacet
  facet normal -0.283451 0.958987 0
    outer loop
      vertex -50.5209 -22.3066 3.2
      vertex -50.3673 -22.2612 4.4
      vertex -50.3673 -22.2612 3.2
    endloop
  endfacet
  facet normal -0.283451 0.958987 0
    outer loop
      vertex -50.5209 -22.3066 3.2
      vertex -50.5209 -22.3066 4.4
      vertex -50.3673 -22.2612 4.4
    endloop
  endfacet
  facet normal -0.304548 0.952497 0
    outer loop
      vertex -50.6729 -22.3552 3.2
      vertex -50.5209 -22.3066 4.4
      vertex -50.5209 -22.3066 3.2
    endloop
  endfacet
  facet normal -0.304548 0.952497 0
    outer loop
      vertex -50.6729 -22.3552 3.2
      vertex -50.6729 -22.3552 4.4
      vertex -50.5209 -22.3066 4.4
    endloop
  endfacet
  facet normal -0.326744 0.945113 0
    outer loop
      vertex -50.8236 -22.4073 3.2
      vertex -50.6729 -22.3552 4.4
      vertex -50.6729 -22.3552 3.2
    endloop
  endfacet
  facet normal -0.326744 0.945113 0
    outer loop
      vertex -50.8236 -22.4073 3.2
      vertex -50.8236 -22.4073 4.4
      vertex -50.6729 -22.3552 4.4
    endloop
  endfacet
  facet normal -0.347825 0.93756 0
    outer loop
      vertex -50.9732 -22.4628 3.2
      vertex -50.8236 -22.4073 4.4
      vertex -50.8236 -22.4073 3.2
    endloop
  endfacet
  facet normal -0.347825 0.93756 0
    outer loop
      vertex -50.9732 -22.4628 3.2
      vertex -50.9732 -22.4628 4.4
      vertex -50.8236 -22.4073 4.4
    endloop
  endfacet
  facet normal -0.369343 0.929293 0
    outer loop
      vertex -51.1219 -22.5219 3.2
      vertex -50.9732 -22.4628 4.4
      vertex -50.9732 -22.4628 3.2
    endloop
  endfacet
  facet normal -0.369343 0.929293 0
    outer loop
      vertex -51.1219 -22.5219 3.2
      vertex -51.1219 -22.5219 4.4
      vertex -50.9732 -22.4628 4.4
    endloop
  endfacet
  facet normal -0.391062 0.920365 0
    outer loop
      vertex -51.2697 -22.5847 3.2
      vertex -51.1219 -22.5219 4.4
      vertex -51.1219 -22.5219 3.2
    endloop
  endfacet
  facet normal -0.391062 0.920365 0
    outer loop
      vertex -51.2697 -22.5847 3.2
      vertex -51.2697 -22.5847 4.4
      vertex -51.1219 -22.5219 4.4
    endloop
  endfacet
  facet normal -0.411471 0.911423 0
    outer loop
      vertex -51.417 -22.6512 3.2
      vertex -51.2697 -22.5847 4.4
      vertex -51.2697 -22.5847 3.2
    endloop
  endfacet
  facet normal -0.411471 0.911423 0
    outer loop
      vertex -51.417 -22.6512 3.2
      vertex -51.417 -22.6512 4.4
      vertex -51.2697 -22.5847 4.4
    endloop
  endfacet
  facet normal -0.432172 0.901791 0
    outer loop
      vertex -51.5639 -22.7216 3.2
      vertex -51.417 -22.6512 4.4
      vertex -51.417 -22.6512 3.2
    endloop
  endfacet
  facet normal -0.432172 0.901791 0
    outer loop
      vertex -51.5639 -22.7216 3.2
      vertex -51.5639 -22.7216 4.4
      vertex -51.417 -22.6512 4.4
    endloop
  endfacet
  facet normal -0.451345 0.892349 0
    outer loop
      vertex -51.7106 -22.7958 3.2
      vertex -51.5639 -22.7216 4.4
      vertex -51.5639 -22.7216 3.2
    endloop
  endfacet
  facet normal -0.451345 0.892349 0
    outer loop
      vertex -51.7106 -22.7958 3.2
      vertex -51.7106 -22.7958 4.4
      vertex -51.5639 -22.7216 4.4
    endloop
  endfacet
  facet normal -0.471587 0.88182 0
    outer loop
      vertex -51.8572 -22.8742 3.2
      vertex -51.7106 -22.7958 4.4
      vertex -51.7106 -22.7958 3.2
    endloop
  endfacet
  facet normal -0.471587 0.88182 0
    outer loop
      vertex -51.8572 -22.8742 3.2
      vertex -51.8572 -22.8742 4.4
      vertex -51.7106 -22.7958 4.4
    endloop
  endfacet
  facet normal -0.489471 0.872019 0
    outer loop
      vertex -52.004 -22.9566 3.2
      vertex -51.8572 -22.8742 4.4
      vertex -51.8572 -22.8742 3.2
    endloop
  endfacet
  facet normal -0.489471 0.872019 0
    outer loop
      vertex -52.004 -22.9566 3.2
      vertex -52.004 -22.9566 4.4
      vertex -51.8572 -22.8742 4.4
    endloop
  endfacet
  facet normal -0.507762 0.861497 0
    outer loop
      vertex -52.1511 -23.0433 3.2
      vertex -52.004 -22.9566 4.4
      vertex -52.004 -22.9566 3.2
    endloop
  endfacet
  facet normal -0.507762 0.861497 0
    outer loop
      vertex -52.1511 -23.0433 3.2
      vertex -52.1511 -23.0433 4.4
      vertex -52.004 -22.9566 4.4
    endloop
  endfacet
  facet normal -0.524548 0.851381 0
    outer loop
      vertex -52.2988 -23.1343 3.2
      vertex -52.1511 -23.0433 4.4
      vertex -52.1511 -23.0433 3.2
    endloop
  endfacet
  facet normal -0.524548 0.851381 0
    outer loop
      vertex -52.2988 -23.1343 3.2
      vertex -52.2988 -23.1343 4.4
      vertex -52.1511 -23.0433 4.4
    endloop
  endfacet
  facet normal -0.521824 0.853053 0
    outer loop
      vertex -52.9818 -23.5521 3.2
      vertex -52.2988 -23.1343 4.4
      vertex -52.2988 -23.1343 3.2
    endloop
  endfacet
  facet normal -0.521824 0.853053 0
    outer loop
      vertex -52.9818 -23.5521 3.2
      vertex -52.9818 -23.5521 4.4
      vertex -52.2988 -23.1343 4.4
    endloop
  endfacet
  facet normal 0.0183222 0.999832 0
    outer loop
      vertex -54.8317 -23.5182 3.2
      vertex -52.9818 -23.5521 4.4
      vertex -52.9818 -23.5521 3.2
    endloop
  endfacet
  facet normal 0.0183222 0.999832 -0
    outer loop
      vertex -54.8317 -23.5182 3.2
      vertex -54.8317 -23.5182 4.4
      vertex -52.9818 -23.5521 4.4
    endloop
  endfacet
  facet normal 0.0112324 0.999937 0
    outer loop
      vertex -55.2323 -23.5137 3.2
      vertex -54.8317 -23.5182 4.4
      vertex -54.8317 -23.5182 3.2
    endloop
  endfacet
  facet normal 0.0112324 0.999937 -0
    outer loop
      vertex -55.2323 -23.5137 3.2
      vertex -55.2323 -23.5137 4.4
      vertex -54.8317 -23.5182 4.4
    endloop
  endfacet
  facet normal -0.000783494 1 0
    outer loop
      vertex -55.6152 -23.514 3.2
      vertex -55.2323 -23.5137 4.4
      vertex -55.2323 -23.5137 3.2
    endloop
  endfacet
  facet normal -0.000783494 1 0
    outer loop
      vertex -55.6152 -23.514 3.2
      vertex -55.6152 -23.514 4.4
      vertex -55.2323 -23.5137 4.4
    endloop
  endfacet
  facet normal -0.0141907 0.999899 0
    outer loop
      vertex -55.9816 -23.5192 3.2
      vertex -55.6152 -23.514 4.4
      vertex -55.6152 -23.514 3.2
    endloop
  endfacet
  facet normal -0.0141907 0.999899 0
    outer loop
      vertex -55.9816 -23.5192 3.2
      vertex -55.9816 -23.5192 4.4
      vertex -55.6152 -23.514 4.4
    endloop
  endfacet
  facet normal -0.0296251 0.999561 0
    outer loop
      vertex -56.3325 -23.5296 3.2
      vertex -55.9816 -23.5192 4.4
      vertex -55.9816 -23.5192 3.2
    endloop
  endfacet
  facet normal -0.0296251 0.999561 0
    outer loop
      vertex -56.3325 -23.5296 3.2
      vertex -56.3325 -23.5296 4.4
      vertex -55.9816 -23.5192 4.4
    endloop
  endfacet
  facet normal -0.0462961 0.998928 0
    outer loop
      vertex -56.6691 -23.5452 3.2
      vertex -56.3325 -23.5296 4.4
      vertex -56.3325 -23.5296 3.2
    endloop
  endfacet
  facet normal -0.0462961 0.998928 0
    outer loop
      vertex -56.6691 -23.5452 3.2
      vertex -56.6691 -23.5452 4.4
      vertex -56.3325 -23.5296 4.4
    endloop
  endfacet
  facet normal -0.0651259 0.997877 0
    outer loop
      vertex -56.9924 -23.5663 3.2
      vertex -56.6691 -23.5452 4.4
      vertex -56.6691 -23.5452 3.2
    endloop
  endfacet
  facet normal -0.0651259 0.997877 0
    outer loop
      vertex -56.9924 -23.5663 3.2
      vertex -56.9924 -23.5663 4.4
      vertex -56.6691 -23.5452 4.4
    endloop
  endfacet
  facet normal -0.0854829 0.99634 0
    outer loop
      vertex -57.3036 -23.593 3.2
      vertex -56.9924 -23.5663 4.4
      vertex -56.9924 -23.5663 3.2
    endloop
  endfacet
  facet normal -0.0854829 0.99634 0
    outer loop
      vertex -57.3036 -23.593 3.2
      vertex -57.3036 -23.593 4.4
      vertex -56.9924 -23.5663 4.4
    endloop
  endfacet
  facet normal -0.107632 0.994191 0
    outer loop
      vertex -57.6038 -23.6255 3.2
      vertex -57.3036 -23.593 4.4
      vertex -57.3036 -23.593 3.2
    endloop
  endfacet
  facet normal -0.107632 0.994191 0
    outer loop
      vertex -57.6038 -23.6255 3.2
      vertex -57.6038 -23.6255 4.4
      vertex -57.3036 -23.593 4.4
    endloop
  endfacet
  facet normal -0.13147 0.99132 0
    outer loop
      vertex -57.8941 -23.664 3.2
      vertex -57.6038 -23.6255 4.4
      vertex -57.6038 -23.6255 3.2
    endloop
  endfacet
  facet normal -0.13147 0.99132 0
    outer loop
      vertex -57.8941 -23.664 3.2
      vertex -57.8941 -23.664 4.4
      vertex -57.6038 -23.6255 4.4
    endloop
  endfacet
  facet normal -0.156827 0.987626 0
    outer loop
      vertex -58.1756 -23.7087 3.2
      vertex -57.8941 -23.664 4.4
      vertex -57.8941 -23.664 3.2
    endloop
  endfacet
  facet normal -0.156827 0.987626 0
    outer loop
      vertex -58.1756 -23.7087 3.2
      vertex -58.1756 -23.7087 4.4
      vertex -57.8941 -23.664 4.4
    endloop
  endfacet
  facet normal -0.1834 0.983038 0
    outer loop
      vertex -58.4495 -23.7598 3.2
      vertex -58.1756 -23.7087 4.4
      vertex -58.1756 -23.7087 3.2
    endloop
  endfacet
  facet normal -0.1834 0.983038 0
    outer loop
      vertex -58.4495 -23.7598 3.2
      vertex -58.4495 -23.7598 4.4
      vertex -58.1756 -23.7087 4.4
    endloop
  endfacet
  facet normal -0.210728 0.977545 0
    outer loop
      vertex -58.7167 -23.8174 3.2
      vertex -58.4495 -23.7598 4.4
      vertex -58.4495 -23.7598 3.2
    endloop
  endfacet
  facet normal -0.210728 0.977545 0
    outer loop
      vertex -58.7167 -23.8174 3.2
      vertex -58.7167 -23.8174 4.4
      vertex -58.4495 -23.7598 4.4
    endloop
  endfacet
  facet normal -0.238519 0.971138 0
    outer loop
      vertex -58.9785 -23.8817 3.2
      vertex -58.7167 -23.8174 4.4
      vertex -58.7167 -23.8174 3.2
    endloop
  endfacet
  facet normal -0.238519 0.971138 0
    outer loop
      vertex -58.9785 -23.8817 3.2
      vertex -58.9785 -23.8817 4.4
      vertex -58.7167 -23.8174 4.4
    endloop
  endfacet
  facet normal -0.266601 0.963807 0
    outer loop
      vertex -59.2359 -23.9529 3.2
      vertex -58.9785 -23.8817 4.4
      vertex -58.9785 -23.8817 3.2
    endloop
  endfacet
  facet normal -0.266601 0.963807 0
    outer loop
      vertex -59.2359 -23.9529 3.2
      vertex -59.2359 -23.9529 4.4
      vertex -58.9785 -23.8817 4.4
    endloop
  endfacet
  facet normal -0.294033 0.955795 0
    outer loop
      vertex -59.4901 -24.0311 3.2
      vertex -59.2359 -23.9529 4.4
      vertex -59.2359 -23.9529 3.2
    endloop
  endfacet
  facet normal -0.294033 0.955795 0
    outer loop
      vertex -59.4901 -24.0311 3.2
      vertex -59.4901 -24.0311 4.4
      vertex -59.2359 -23.9529 4.4
    endloop
  endfacet
  facet normal -0.321182 0.947017 0
    outer loop
      vertex -59.7422 -24.1166 3.2
      vertex -59.4901 -24.0311 4.4
      vertex -59.4901 -24.0311 3.2
    endloop
  endfacet
  facet normal -0.321182 0.947017 0
    outer loop
      vertex -59.7422 -24.1166 3.2
      vertex -59.7422 -24.1166 4.4
      vertex -59.4901 -24.0311 4.4
    endloop
  endfacet
  facet normal -0.347107 0.937825 0
    outer loop
      vertex -59.9932 -24.2095 3.2
      vertex -59.7422 -24.1166 4.4
      vertex -59.7422 -24.1166 3.2
    endloop
  endfacet
  facet normal -0.347107 0.937825 0
    outer loop
      vertex -59.9932 -24.2095 3.2
      vertex -59.9932 -24.2095 4.4
      vertex -59.7422 -24.1166 4.4
    endloop
  endfacet
  facet normal -0.371582 0.9284 0
    outer loop
      vertex -60.2443 -24.31 3.2
      vertex -59.9932 -24.2095 4.4
      vertex -59.9932 -24.2095 3.2
    endloop
  endfacet
  facet normal -0.371582 0.9284 0
    outer loop
      vertex -60.2443 -24.31 3.2
      vertex -60.2443 -24.31 4.4
      vertex -59.9932 -24.2095 4.4
    endloop
  endfacet
  facet normal -0.394447 0.918919 0
    outer loop
      vertex -60.4966 -24.4183 3.2
      vertex -60.2443 -24.31 4.4
      vertex -60.2443 -24.31 3.2
    endloop
  endfacet
  facet normal -0.394447 0.918919 0
    outer loop
      vertex -60.4966 -24.4183 3.2
      vertex -60.4966 -24.4183 4.4
      vertex -60.2443 -24.31 4.4
    endloop
  endfacet
  facet normal -0.415202 0.909729 0
    outer loop
      vertex -60.7512 -24.5345 3.2
      vertex -60.4966 -24.4183 4.4
      vertex -60.4966 -24.4183 3.2
    endloop
  endfacet
  facet normal -0.415202 0.909729 0
    outer loop
      vertex -60.7512 -24.5345 3.2
      vertex -60.7512 -24.5345 4.4
      vertex -60.4966 -24.4183 4.4
    endloop
  endfacet
  facet normal -0.434041 0.900893 0
    outer loop
      vertex -60.8473 -24.5808 3.2
      vertex -60.7512 -24.5345 4.4
      vertex -60.7512 -24.5345 3.2
    endloop
  endfacet
  facet normal -0.434041 0.900893 0
    outer loop
      vertex -60.8473 -24.5808 3.2
      vertex -60.8473 -24.5808 4.4
      vertex -60.7512 -24.5345 4.4
    endloop
  endfacet
  facet normal -0.444808 0.895626 0
    outer loop
      vertex -60.9367 -24.6252 3.2
      vertex -60.8473 -24.5808 4.4
      vertex -60.8473 -24.5808 3.2
    endloop
  endfacet
  facet normal -0.444808 0.895626 0
    outer loop
      vertex -60.9367 -24.6252 3.2
      vertex -60.9367 -24.6252 4.4
      vertex -60.8473 -24.5808 4.4
    endloop
  endfacet
  facet normal -0.45951 0.888173 0
    outer loop
      vertex -61.0202 -24.6684 3.2
      vertex -60.9367 -24.6252 4.4
      vertex -60.9367 -24.6252 3.2
    endloop
  endfacet
  facet normal -0.45951 0.888173 0
    outer loop
      vertex -61.0202 -24.6684 3.2
      vertex -61.0202 -24.6684 4.4
      vertex -60.9367 -24.6252 4.4
    endloop
  endfacet
  facet normal -0.476968 0.87892 0
    outer loop
      vertex -61.0987 -24.711 3.2
      vertex -61.0202 -24.6684 4.4
      vertex -61.0202 -24.6684 3.2
    endloop
  endfacet
  facet normal -0.476968 0.87892 0
    outer loop
      vertex -61.0987 -24.711 3.2
      vertex -61.0987 -24.711 4.4
      vertex -61.0202 -24.6684 4.4
    endloop
  endfacet
  facet normal -0.499655 0.866224 0
    outer loop
      vertex -61.1729 -24.7538 3.2
      vertex -61.0987 -24.711 4.4
      vertex -61.0987 -24.711 3.2
    endloop
  endfacet
  facet normal -0.499655 0.866224 0
    outer loop
      vertex -61.1729 -24.7538 3.2
      vertex -61.1729 -24.7538 4.4
      vertex -61.0987 -24.711 4.4
    endloop
  endfacet
  facet normal -0.524903 0.851162 0
    outer loop
      vertex -61.2436 -24.7974 3.2
      vertex -61.1729 -24.7538 4.4
      vertex -61.1729 -24.7538 3.2
    endloop
  endfacet
  facet normal -0.524903 0.851162 0
    outer loop
      vertex -61.2436 -24.7974 3.2
      vertex -61.2436 -24.7974 4.4
      vertex -61.1729 -24.7538 4.4
    endloop
  endfacet
  facet normal -0.553284 0.832993 0
    outer loop
      vertex -61.3115 -24.8425 3.2
      vertex -61.2436 -24.7974 4.4
      vertex -61.2436 -24.7974 3.2
    endloop
  endfacet
  facet normal -0.553284 0.832993 0
    outer loop
      vertex -61.3115 -24.8425 3.2
      vertex -61.3115 -24.8425 4.4
      vertex -61.2436 -24.7974 4.4
    endloop
  endfacet
  facet normal -0.581704 0.8134 0
    outer loop
      vertex -61.3775 -24.8897 3.2
      vertex -61.3115 -24.8425 4.4
      vertex -61.3115 -24.8425 3.2
    endloop
  endfacet
  facet normal -0.581704 0.8134 0
    outer loop
      vertex -61.3775 -24.8897 3.2
      vertex -61.3775 -24.8897 4.4
      vertex -61.3115 -24.8425 4.4
    endloop
  endfacet
  facet normal -0.611482 0.791258 0
    outer loop
      vertex -61.4422 -24.9397 3.2
      vertex -61.3775 -24.8897 4.4
      vertex -61.3775 -24.8897 3.2
    endloop
  endfacet
  facet normal -0.611482 0.791258 0
    outer loop
      vertex -61.4422 -24.9397 3.2
      vertex -61.4422 -24.9397 4.4
      vertex -61.3775 -24.8897 4.4
    endloop
  endfacet
  facet normal -0.639715 0.768612 0
    outer loop
      vertex -61.5066 -24.9933 3.2
      vertex -61.4422 -24.9397 4.4
      vertex -61.4422 -24.9397 3.2
    endloop
  endfacet
  facet normal -0.639715 0.768612 0
    outer loop
      vertex -61.5066 -24.9933 3.2
      vertex -61.5066 -24.9933 4.4
      vertex -61.4422 -24.9397 4.4
    endloop
  endfacet
  facet normal -0.664937 0.7469 0
    outer loop
      vertex -61.5713 -25.0509 3.2
      vertex -61.5066 -24.9933 4.4
      vertex -61.5066 -24.9933 3.2
    endloop
  endfacet
  facet normal -0.664937 0.7469 0
    outer loop
      vertex -61.5713 -25.0509 3.2
      vertex -61.5713 -25.0509 4.4
      vertex -61.5066 -24.9933 4.4
    endloop
  endfacet
  facet normal -0.688692 0.725054 0
    outer loop
      vertex -61.6371 -25.1134 3.2
      vertex -61.5713 -25.0509 4.4
      vertex -61.5713 -25.0509 3.2
    endloop
  endfacet
  facet normal -0.688692 0.725054 0
    outer loop
      vertex -61.6371 -25.1134 3.2
      vertex -61.6371 -25.1134 4.4
      vertex -61.5713 -25.0509 4.4
    endloop
  endfacet
  facet normal -0.708668 0.705542 0
    outer loop
      vertex -61.7048 -25.1814 3.2
      vertex -61.6371 -25.1134 4.4
      vertex -61.6371 -25.1134 3.2
    endloop
  endfacet
  facet normal -0.708668 0.705542 0
    outer loop
      vertex -61.7048 -25.1814 3.2
      vertex -61.7048 -25.1814 4.4
      vertex -61.6371 -25.1134 4.4
    endloop
  endfacet
  facet normal -0.724975 0.688775 0
    outer loop
      vertex -61.7752 -25.2555 3.2
      vertex -61.7048 -25.1814 4.4
      vertex -61.7048 -25.1814 3.2
    endloop
  endfacet
  facet normal -0.724975 0.688775 0
    outer loop
      vertex -61.7752 -25.2555 3.2
      vertex -61.7752 -25.2555 4.4
      vertex -61.7048 -25.1814 4.4
    endloop
  endfacet
  facet normal -0.738327 0.674442 0
    outer loop
      vertex -61.8491 -25.3364 3.2
      vertex -61.7752 -25.2555 4.4
      vertex -61.7752 -25.2555 3.2
    endloop
  endfacet
  facet normal -0.738327 0.674442 0
    outer loop
      vertex -61.8491 -25.3364 3.2
      vertex -61.8491 -25.3364 4.4
      vertex -61.7752 -25.2555 4.4
    endloop
  endfacet
  facet normal -0.749788 0.661678 0
    outer loop
      vertex -61.9272 -25.4249 3.2
      vertex -61.8491 -25.3364 4.4
      vertex -61.8491 -25.3364 3.2
    endloop
  endfacet
  facet normal -0.749788 0.661678 0
    outer loop
      vertex -61.9272 -25.4249 3.2
      vertex -61.9272 -25.4249 4.4
      vertex -61.8491 -25.3364 4.4
    endloop
  endfacet
  facet normal -0.758092 0.652148 0
    outer loop
      vertex -62.0103 -25.5215 3.2
      vertex -61.9272 -25.4249 4.4
      vertex -61.9272 -25.4249 3.2
    endloop
  endfacet
  facet normal -0.758092 0.652148 0
    outer loop
      vertex -62.0103 -25.5215 3.2
      vertex -62.0103 -25.5215 4.4
      vertex -61.9272 -25.4249 4.4
    endloop
  endfacet
  facet normal -0.764046 0.645162 0
    outer loop
      vertex -62.0993 -25.6269 3.2
      vertex -62.0103 -25.5215 4.4
      vertex -62.0103 -25.5215 3.2
    endloop
  endfacet
  facet normal -0.764046 0.645162 0
    outer loop
      vertex -62.0993 -25.6269 3.2
      vertex -62.0993 -25.6269 4.4
      vertex -62.0103 -25.5215 4.4
    endloop
  endfacet
  facet normal -0.769646 0.638471 0
    outer loop
      vertex -62.1947 -25.7419 3.2
      vertex -62.0993 -25.6269 4.4
      vertex -62.0993 -25.6269 3.2
    endloop
  endfacet
  facet normal -0.769646 0.638471 0
    outer loop
      vertex -62.1947 -25.7419 3.2
      vertex -62.1947 -25.7419 4.4
      vertex -62.0993 -25.6269 4.4
    endloop
  endfacet
  facet normal -0.772607 0.634884 0
    outer loop
      vertex -62.2975 -25.867 3.2
      vertex -62.1947 -25.7419 4.4
      vertex -62.1947 -25.7419 3.2
    endloop
  endfacet
  facet normal -0.772607 0.634884 0
    outer loop
      vertex -62.2975 -25.867 3.2
      vertex -62.2975 -25.867 4.4
      vertex -62.1947 -25.7419 4.4
    endloop
  endfacet
  facet normal -0.776936 0.629579 0
    outer loop
      vertex -62.4449 -26.0489 3.2
      vertex -62.2975 -25.867 4.4
      vertex -62.2975 -25.867 3.2
    endloop
  endfacet
  facet normal -0.776936 0.629579 0
    outer loop
      vertex -62.4449 -26.0489 3.2
      vertex -62.4449 -26.0489 4.4
      vertex -62.2975 -25.867 4.4
    endloop
  endfacet
  facet normal -0.777861 0.628436 0
    outer loop
      vertex -62.5778 -26.2134 3.2
      vertex -62.4449 -26.0489 4.4
      vertex -62.4449 -26.0489 3.2
    endloop
  endfacet
  facet normal -0.777861 0.628436 0
    outer loop
      vertex -62.5778 -26.2134 3.2
      vertex -62.5778 -26.2134 4.4
      vertex -62.4449 -26.0489 4.4
    endloop
  endfacet
  facet normal -0.78092 0.624631 0
    outer loop
      vertex -62.6973 -26.3628 3.2
      vertex -62.5778 -26.2134 4.4
      vertex -62.5778 -26.2134 3.2
    endloop
  endfacet
  facet normal -0.78092 0.624631 0
    outer loop
      vertex -62.6973 -26.3628 3.2
      vertex -62.6973 -26.3628 4.4
      vertex -62.5778 -26.2134 4.4
    endloop
  endfacet
  facet normal -0.786278 0.617872 0
    outer loop
      vertex -62.8048 -26.4996 3.2
      vertex -62.6973 -26.3628 4.4
      vertex -62.6973 -26.3628 3.2
    endloop
  endfacet
  facet normal -0.786278 0.617872 0
    outer loop
      vertex -62.8048 -26.4996 3.2
      vertex -62.8048 -26.4996 4.4
      vertex -62.6973 -26.3628 4.4
    endloop
  endfacet
  facet normal -0.794465 0.60731 0
    outer loop
      vertex -62.9015 -26.6261 3.2
      vertex -62.8048 -26.4996 4.4
      vertex -62.8048 -26.4996 3.2
    endloop
  endfacet
  facet normal -0.794465 0.60731 0
    outer loop
      vertex -62.9015 -26.6261 3.2
      vertex -62.9015 -26.6261 4.4
      vertex -62.8048 -26.4996 4.4
    endloop
  endfacet
  facet normal -0.805994 0.591923 0
    outer loop
      vertex -62.9886 -26.7447 3.2
      vertex -62.9015 -26.6261 4.4
      vertex -62.9015 -26.6261 3.2
    endloop
  endfacet
  facet normal -0.805994 0.591923 0
    outer loop
      vertex -62.9886 -26.7447 3.2
      vertex -62.9886 -26.7447 4.4
      vertex -62.9015 -26.6261 4.4
    endloop
  endfacet
  facet normal -0.820491 0.571659 0
    outer loop
      vertex -63.0674 -26.8578 3.2
      vertex -62.9886 -26.7447 4.4
      vertex -62.9886 -26.7447 3.2
    endloop
  endfacet
  facet normal -0.820491 0.571659 0
    outer loop
      vertex -63.0674 -26.8578 3.2
      vertex -63.0674 -26.8578 4.4
      vertex -62.9886 -26.7447 4.4
    endloop
  endfacet
  facet normal -0.837974 0.54571 0
    outer loop
      vertex -63.1391 -26.9679 3.2
      vertex -63.0674 -26.8578 4.4
      vertex -63.0674 -26.8578 3.2
    endloop
  endfacet
  facet normal -0.837974 0.54571 0
    outer loop
      vertex -63.1391 -26.9679 3.2
      vertex -63.1391 -26.9679 4.4
      vertex -63.0674 -26.8578 4.4
    endloop
  endfacet
  facet normal -0.856385 0.516338 0
    outer loop
      vertex -63.205 -27.0772 3.2
      vertex -63.1391 -26.9679 4.4
      vertex -63.1391 -26.9679 3.2
    endloop
  endfacet
  facet normal -0.856385 0.516338 0
    outer loop
      vertex -63.205 -27.0772 3.2
      vertex -63.205 -27.0772 4.4
      vertex -63.1391 -26.9679 4.4
    endloop
  endfacet
  facet normal -0.875382 0.483432 0
    outer loop
      vertex -63.2663 -27.1882 3.2
      vertex -63.205 -27.0772 4.4
      vertex -63.205 -27.0772 3.2
    endloop
  endfacet
  facet normal -0.875382 0.483432 0
    outer loop
      vertex -63.2663 -27.1882 3.2
      vertex -63.2663 -27.1882 4.4
      vertex -63.205 -27.0772 4.4
    endloop
  endfacet
  facet normal -0.893026 0.450005 0
    outer loop
      vertex -63.3243 -27.3033 3.2
      vertex -63.2663 -27.1882 4.4
      vertex -63.2663 -27.1882 3.2
    endloop
  endfacet
  facet normal -0.893026 0.450005 0
    outer loop
      vertex -63.3243 -27.3033 3.2
      vertex -63.3243 -27.3033 4.4
      vertex -63.2663 -27.1882 4.4
    endloop
  endfacet
  facet normal -0.908746 0.41735 0
    outer loop
      vertex -63.3801 -27.4248 3.2
      vertex -63.3243 -27.3033 4.4
      vertex -63.3243 -27.3033 3.2
    endloop
  endfacet
  facet normal -0.908746 0.41735 0
    outer loop
      vertex -63.3801 -27.4248 3.2
      vertex -63.3801 -27.4248 4.4
      vertex -63.3243 -27.3033 4.4
    endloop
  endfacet
  facet normal -0.921396 0.388626 0
    outer loop
      vertex -63.4351 -27.5552 3.2
      vertex -63.3801 -27.4248 4.4
      vertex -63.3801 -27.4248 3.2
    endloop
  endfacet
  facet normal -0.921396 0.388626 0
    outer loop
      vertex -63.4351 -27.5552 3.2
      vertex -63.4351 -27.5552 4.4
      vertex -63.3801 -27.4248 4.4
    endloop
  endfacet
  facet normal -0.931262 0.36435 0
    outer loop
      vertex -63.4905 -27.6968 3.2
      vertex -63.4351 -27.5552 4.4
      vertex -63.4351 -27.5552 3.2
    endloop
  endfacet
  facet normal -0.931262 0.36435 0
    outer loop
      vertex -63.4905 -27.6968 3.2
      vertex -63.4905 -27.6968 4.4
      vertex -63.4351 -27.5552 4.4
    endloop
  endfacet
  facet normal -0.938694 0.344752 0
    outer loop
      vertex -63.5475 -27.852 3.2
      vertex -63.4905 -27.6968 4.4
      vertex -63.4905 -27.6968 3.2
    endloop
  endfacet
  facet normal -0.938694 0.344752 0
    outer loop
      vertex -63.5475 -27.852 3.2
      vertex -63.5475 -27.852 4.4
      vertex -63.4905 -27.6968 4.4
    endloop
  endfacet
  facet normal -0.943893 0.330252 0
    outer loop
      vertex -63.6074 -28.0232 3.2
      vertex -63.5475 -27.852 4.4
      vertex -63.5475 -27.852 3.2
    endloop
  endfacet
  facet normal -0.943893 0.330252 0
    outer loop
      vertex -63.6074 -28.0232 3.2
      vertex -63.6074 -28.0232 4.4
      vertex -63.5475 -27.852 4.4
    endloop
  endfacet
  facet normal -0.947477 0.319824 0
    outer loop
      vertex -63.6714 -28.2128 3.2
      vertex -63.6074 -28.0232 4.4
      vertex -63.6074 -28.0232 3.2
    endloop
  endfacet
  facet normal -0.947477 0.319824 0
    outer loop
      vertex -63.6714 -28.2128 3.2
      vertex -63.6714 -28.2128 4.4
      vertex -63.6074 -28.0232 4.4
    endloop
  endfacet
  facet normal -0.949672 0.313247 0
    outer loop
      vertex -63.7408 -28.4232 3.2
      vertex -63.6714 -28.2128 4.4
      vertex -63.6714 -28.2128 3.2
    endloop
  endfacet
  facet normal -0.949672 0.313247 0
    outer loop
      vertex -63.7408 -28.4232 3.2
      vertex -63.7408 -28.4232 4.4
      vertex -63.6714 -28.2128 4.4
    endloop
  endfacet
  facet normal -0.950938 0.309381 0
    outer loop
      vertex -63.8168 -28.6568 3.2
      vertex -63.7408 -28.4232 4.4
      vertex -63.7408 -28.4232 3.2
    endloop
  endfacet
  facet normal -0.950938 0.309381 0
    outer loop
      vertex -63.8168 -28.6568 3.2
      vertex -63.8168 -28.6568 4.4
      vertex -63.7408 -28.4232 4.4
    endloop
  endfacet
  facet normal -0.951365 0.308065 0
    outer loop
      vertex -63.9007 -28.9159 3.2
      vertex -63.8168 -28.6568 4.4
      vertex -63.8168 -28.6568 3.2
    endloop
  endfacet
  facet normal -0.951365 0.308065 0
    outer loop
      vertex -63.9007 -28.9159 3.2
      vertex -63.9007 -28.9159 4.4
      vertex -63.8168 -28.6568 4.4
    endloop
  endfacet
  facet normal -0.951577 0.30741 0
    outer loop
      vertex -63.9426 -29.0456 3.2
      vertex -63.9007 -28.9159 4.4
      vertex -63.9007 -28.9159 3.2
    endloop
  endfacet
  facet normal -0.951577 0.30741 0
    outer loop
      vertex -63.9426 -29.0456 3.2
      vertex -63.9426 -29.0456 4.4
      vertex -63.9007 -28.9159 4.4
    endloop
  endfacet
  facet normal -0.950409 0.311003 0
    outer loop
      vertex -63.9855 -29.1767 3.2
      vertex -63.9426 -29.0456 4.4
      vertex -63.9426 -29.0456 3.2
    endloop
  endfacet
  facet normal -0.950409 0.311003 0
    outer loop
      vertex -63.9855 -29.1767 3.2
      vertex -63.9855 -29.1767 4.4
      vertex -63.9426 -29.0456 4.4
    endloop
  endfacet
  facet normal -0.949114 0.314933 0
    outer loop
      vertex -64.0293 -29.3087 3.2
      vertex -63.9855 -29.1767 4.4
      vertex -63.9855 -29.1767 3.2
    endloop
  endfacet
  facet normal -0.949114 0.314933 0
    outer loop
      vertex -64.0293 -29.3087 3.2
      vertex -64.0293 -29.3087 4.4
      vertex -63.9855 -29.1767 4.4
    endloop
  endfacet
  facet normal -0.948036 0.318162 0
    outer loop
      vertex -64.0737 -29.441 3.2
      vertex -64.0293 -29.3087 4.4
      vertex -64.0293 -29.3087 3.2
    endloop
  endfacet
  facet normal -0.948036 0.318162 0
    outer loop
      vertex -64.0737 -29.441 3.2
      vertex -64.0737 -29.441 4.4
      vertex -64.0293 -29.3087 4.4
    endloop
  endfacet
  facet normal -0.946948 0.321388 0
    outer loop
      vertex -64.1185 -29.573 3.2
      vertex -64.0737 -29.441 4.4
      vertex -64.0737 -29.441 3.2
    endloop
  endfacet
  facet normal -0.946948 0.321388 0
    outer loop
      vertex -64.1185 -29.573 3.2
      vertex -64.1185 -29.573 4.4
      vertex -64.0737 -29.441 4.4
    endloop
  endfacet
  facet normal -0.946129 0.32379 0
    outer loop
      vertex -64.1634 -29.7042 3.2
      vertex -64.1185 -29.573 4.4
      vertex -64.1185 -29.573 3.2
    endloop
  endfacet
  facet normal -0.946129 0.32379 0
    outer loop
      vertex -64.1634 -29.7042 3.2
      vertex -64.1634 -29.7042 4.4
      vertex -64.1185 -29.573 4.4
    endloop
  endfacet
  facet normal -0.944977 0.327136 0
    outer loop
      vertex -64.2083 -29.8339 3.2
      vertex -64.1634 -29.7042 4.4
      vertex -64.1634 -29.7042 3.2
    endloop
  endfacet
  facet normal -0.944977 0.327136 0
    outer loop
      vertex -64.2083 -29.8339 3.2
      vertex -64.2083 -29.8339 4.4
      vertex -64.1634 -29.7042 4.4
    endloop
  endfacet
  facet normal -0.943927 0.330153 0
    outer loop
      vertex -64.253 -29.9617 3.2
      vertex -64.2083 -29.8339 4.4
      vertex -64.2083 -29.8339 3.2
    endloop
  endfacet
  facet normal -0.943927 0.330153 0
    outer loop
      vertex -64.253 -29.9617 3.2
      vertex -64.253 -29.9617 4.4
      vertex -64.2083 -29.8339 4.4
    endloop
  endfacet
  facet normal -0.942963 0.332899 0
    outer loop
      vertex -64.2972 -30.0869 3.2
      vertex -64.253 -29.9617 4.4
      vertex -64.253 -29.9617 3.2
    endloop
  endfacet
  facet normal -0.942963 0.332899 0
    outer loop
      vertex -64.2972 -30.0869 3.2
      vertex -64.2972 -30.0869 4.4
      vertex -64.253 -29.9617 4.4
    endloop
  endfacet
  facet normal -0.941916 0.335847 0
    outer loop
      vertex -64.3407 -30.2089 3.2
      vertex -64.2972 -30.0869 4.4
      vertex -64.2972 -30.0869 3.2
    endloop
  endfacet
  facet normal -0.941916 0.335847 0
    outer loop
      vertex -64.3407 -30.2089 3.2
      vertex -64.3407 -30.2089 4.4
      vertex -64.2972 -30.0869 4.4
    endloop
  endfacet
  facet normal -0.94111 0.3381 0
    outer loop
      vertex -64.3832 -30.3272 3.2
      vertex -64.3407 -30.2089 4.4
      vertex -64.3407 -30.2089 3.2
    endloop
  endfacet
  facet normal -0.94111 0.3381 0
    outer loop
      vertex -64.3832 -30.3272 3.2
      vertex -64.3832 -30.3272 4.4
      vertex -64.3407 -30.2089 4.4
    endloop
  endfacet
  facet normal -0.939938 0.341346 0
    outer loop
      vertex -64.4246 -30.4412 3.2
      vertex -64.3832 -30.3272 4.4
      vertex -64.3832 -30.3272 3.2
    endloop
  endfacet
  facet normal -0.939938 0.341346 0
    outer loop
      vertex -64.4246 -30.4412 3.2
      vertex -64.4246 -30.4412 4.4
      vertex -64.3832 -30.3272 4.4
    endloop
  endfacet
  facet normal -0.938886 0.344229 0
    outer loop
      vertex -64.4646 -30.5503 3.2
      vertex -64.4246 -30.4412 4.4
      vertex -64.4246 -30.4412 3.2
    endloop
  endfacet
  facet normal -0.938886 0.344229 0
    outer loop
      vertex -64.4646 -30.5503 3.2
      vertex -64.4646 -30.5503 4.4
      vertex -64.4246 -30.4412 4.4
    endloop
  endfacet
  facet normal -0.937476 0.34805 0
    outer loop
      vertex -64.5031 -30.654 3.2
      vertex -64.4646 -30.5503 4.4
      vertex -64.4646 -30.5503 3.2
    endloop
  endfacet
  facet normal -0.937476 0.34805 0
    outer loop
      vertex -64.5031 -30.654 3.2
      vertex -64.5031 -30.654 4.4
      vertex -64.4646 -30.5503 4.4
    endloop
  endfacet
  facet normal -0.936329 0.351123 0
    outer loop
      vertex -64.5397 -30.7516 3.2
      vertex -64.5031 -30.654 4.4
      vertex -64.5031 -30.654 3.2
    endloop
  endfacet
  facet normal -0.936329 0.351123 0
    outer loop
      vertex -64.5397 -30.7516 3.2
      vertex -64.5397 -30.7516 4.4
      vertex -64.5031 -30.654 4.4
    endloop
  endfacet
  facet normal -0.934845 0.355056 0
    outer loop
      vertex -64.5743 -30.8427 3.2
      vertex -64.5397 -30.7516 4.4
      vertex -64.5397 -30.7516 3.2
    endloop
  endfacet
  facet normal -0.934845 0.355056 0
    outer loop
      vertex -64.5743 -30.8427 3.2
      vertex -64.5743 -30.8427 4.4
      vertex -64.5397 -30.7516 4.4
    endloop
  endfacet
  facet normal -0.932713 0.360619 0
    outer loop
      vertex -64.6067 -30.9265 3.2
      vertex -64.5743 -30.8427 4.4
      vertex -64.5743 -30.8427 3.2
    endloop
  endfacet
  facet normal -0.932713 0.360619 0
    outer loop
      vertex -64.6067 -30.9265 3.2
      vertex -64.6067 -30.9265 4.4
      vertex -64.5743 -30.8427 4.4
    endloop
  endfacet
  facet normal -0.930737 0.36569 0
    outer loop
      vertex -64.6366 -31.0026 3.2
      vertex -64.6067 -30.9265 4.4
      vertex -64.6067 -30.9265 3.2
    endloop
  endfacet
  facet normal -0.930737 0.36569 0
    outer loop
      vertex -64.6366 -31.0026 3.2
      vertex -64.6366 -31.0026 4.4
      vertex -64.6067 -30.9265 4.4
    endloop
  endfacet
  facet normal -0.928099 0.372335 0
    outer loop
      vertex -64.6638 -31.0704 3.2
      vertex -64.6366 -31.0026 4.4
      vertex -64.6366 -31.0026 3.2
    endloop
  endfacet
  facet normal -0.928099 0.372335 0
    outer loop
      vertex -64.6638 -31.0704 3.2
      vertex -64.6638 -31.0704 4.4
      vertex -64.6366 -31.0026 4.4
    endloop
  endfacet
  facet normal -0.924189 0.381935 0
    outer loop
      vertex -64.6881 -31.1292 3.2
      vertex -64.6638 -31.0704 4.4
      vertex -64.6638 -31.0704 3.2
    endloop
  endfacet
  facet normal -0.924189 0.381935 0
    outer loop
      vertex -64.6881 -31.1292 3.2
      vertex -64.6881 -31.1292 4.4
      vertex -64.6638 -31.0704 4.4
    endloop
  endfacet
  facet normal -0.911825 0.410578 0
    outer loop
      vertex -64.7121 -31.1825 3.2
      vertex -64.6881 -31.1292 4.4
      vertex -64.6881 -31.1292 3.2
    endloop
  endfacet
  facet normal -0.911825 0.410578 0
    outer loop
      vertex -64.7121 -31.1825 3.2
      vertex -64.7121 -31.1825 4.4
      vertex -64.6881 -31.1292 4.4
    endloop
  endfacet
  facet normal -0.91862 0.395142 0
    outer loop
      vertex -64.7355 -31.2369 3.2
      vertex -64.7121 -31.1825 4.4
      vertex -64.7121 -31.1825 3.2
    endloop
  endfacet
  facet normal -0.91862 0.395142 0
    outer loop
      vertex -64.7355 -31.2369 3.2
      vertex -64.7355 -31.2369 4.4
      vertex -64.7121 -31.1825 4.4
    endloop
  endfacet
  facet normal -0.924402 0.38142 0
    outer loop
      vertex -64.7584 -31.2924 3.2
      vertex -64.7355 -31.2369 4.4
      vertex -64.7355 -31.2369 3.2
    endloop
  endfacet
  facet normal -0.924402 0.38142 0
    outer loop
      vertex -64.7584 -31.2924 3.2
      vertex -64.7584 -31.2924 4.4
      vertex -64.7355 -31.2369 4.4
    endloop
  endfacet
  facet normal -0.930066 0.367393 0
    outer loop
      vertex -64.7806 -31.3486 3.2
      vertex -64.7584 -31.2924 4.4
      vertex -64.7584 -31.2924 3.2
    endloop
  endfacet
  facet normal -0.930066 0.367393 0
    outer loop
      vertex -64.7806 -31.3486 3.2
      vertex -64.7806 -31.3486 4.4
      vertex -64.7584 -31.2924 4.4
    endloop
  endfacet
  facet normal -0.934827 0.355102 0
    outer loop
      vertex -64.8021 -31.4052 3.2
      vertex -64.7806 -31.3486 4.4
      vertex -64.7806 -31.3486 3.2
    endloop
  endfacet
  facet normal -0.934827 0.355102 0
    outer loop
      vertex -64.8021 -31.4052 3.2
      vertex -64.8021 -31.4052 4.4
      vertex -64.7806 -31.3486 4.4
    endloop
  endfacet
  facet normal -0.940083 0.340946 0
    outer loop
      vertex -64.8227 -31.462 3.2
      vertex -64.8021 -31.4052 4.4
      vertex -64.8021 -31.4052 3.2
    endloop
  endfacet
  facet normal -0.940083 0.340946 0
    outer loop
      vertex -64.8227 -31.462 3.2
      vertex -64.8227 -31.462 4.4
      vertex -64.8021 -31.4052 4.4
    endloop
  endfacet
  facet normal -0.944092 0.329683 0
    outer loop
      vertex -64.8425 -31.5187 3.2
      vertex -64.8227 -31.462 4.4
      vertex -64.8227 -31.462 3.2
    endloop
  endfacet
  facet normal -0.944092 0.329683 0
    outer loop
      vertex -64.8425 -31.5187 3.2
      vertex -64.8425 -31.5187 4.4
      vertex -64.8227 -31.462 4.4
    endloop
  endfacet
  facet normal -0.948515 0.316733 0
    outer loop
      vertex -64.8613 -31.575 3.2
      vertex -64.8425 -31.5187 4.4
      vertex -64.8425 -31.5187 3.2
    endloop
  endfacet
  facet normal -0.948515 0.316733 0
    outer loop
      vertex -64.8613 -31.575 3.2
      vertex -64.8613 -31.575 4.4
      vertex -64.8425 -31.5187 4.4
    endloop
  endfacet
  facet normal -0.952881 0.303345 0
    outer loop
      vertex -64.879 -31.6306 3.2
      vertex -64.8613 -31.575 4.4
      vertex -64.8613 -31.575 3.2
    endloop
  endfacet
  facet normal -0.952881 0.303345 0
    outer loop
      vertex -64.879 -31.6306 3.2
      vertex -64.879 -31.6306 4.4
      vertex -64.8613 -31.575 4.4
    endloop
  endfacet
  facet normal -0.957054 0.28991 0
    outer loop
      vertex -64.8956 -31.6854 3.2
      vertex -64.879 -31.6306 4.4
      vertex -64.879 -31.6306 3.2
    endloop
  endfacet
  facet normal -0.957054 0.28991 0
    outer loop
      vertex -64.8956 -31.6854 3.2
      vertex -64.8956 -31.6854 4.4
      vertex -64.879 -31.6306 4.4
    endloop
  endfacet
  facet normal -0.96098 0.276618 0
    outer loop
      vertex -64.911 -31.7389 3.2
      vertex -64.8956 -31.6854 4.4
      vertex -64.8956 -31.6854 3.2
    endloop
  endfacet
  facet normal -0.96098 0.276618 0
    outer loop
      vertex -64.911 -31.7389 3.2
      vertex -64.911 -31.7389 4.4
      vertex -64.8956 -31.6854 4.4
    endloop
  endfacet
  facet normal -0.965401 0.260769 0
    outer loop
      vertex -64.9251 -31.7911 3.2
      vertex -64.911 -31.7389 4.4
      vertex -64.911 -31.7389 3.2
    endloop
  endfacet
  facet normal -0.965401 0.260769 0
    outer loop
      vertex -64.9251 -31.7911 3.2
      vertex -64.9251 -31.7911 4.4
      vertex -64.911 -31.7389 4.4
    endloop
  endfacet
  facet normal -0.969573 0.244803 0
    outer loop
      vertex -64.9378 -31.8414 3.2
      vertex -64.9251 -31.7911 4.4
      vertex -64.9251 -31.7911 3.2
    endloop
  endfacet
  facet normal -0.969573 0.244803 0
    outer loop
      vertex -64.9378 -31.8414 3.2
      vertex -64.9378 -31.8414 4.4
      vertex -64.9251 -31.7911 4.4
    endloop
  endfacet
  facet normal -0.973812 0.227357 0
    outer loop
      vertex -64.9491 -31.8898 3.2
      vertex -64.9378 -31.8414 4.4
      vertex -64.9378 -31.8414 3.2
    endloop
  endfacet
  facet normal -0.973812 0.227357 0
    outer loop
      vertex -64.9491 -31.8898 3.2
      vertex -64.9491 -31.8898 4.4
      vertex -64.9378 -31.8414 4.4
    endloop
  endfacet
  facet normal -0.978143 0.207935 0
    outer loop
      vertex -64.9589 -31.9359 3.2
      vertex -64.9491 -31.8898 4.4
      vertex -64.9491 -31.8898 3.2
    endloop
  endfacet
  facet normal -0.978143 0.207935 0
    outer loop
      vertex -64.9589 -31.9359 3.2
      vertex -64.9589 -31.9359 4.4
      vertex -64.9491 -31.8898 4.4
    endloop
  endfacet
  facet normal -0.98277 0.184833 0
    outer loop
      vertex -64.9671 -31.9795 3.2
      vertex -64.9589 -31.9359 4.4
      vertex -64.9589 -31.9359 3.2
    endloop
  endfacet
  facet normal -0.98277 0.184833 0
    outer loop
      vertex -64.9671 -31.9795 3.2
      vertex -64.9671 -31.9795 4.4
      vertex -64.9589 -31.9359 4.4
    endloop
  endfacet
  facet normal -0.987546 0.15733 0
    outer loop
      vertex -64.9736 -32.0203 3.2
      vertex -64.9671 -31.9795 4.4
      vertex -64.9671 -31.9795 3.2
    endloop
  endfacet
  facet normal -0.987546 0.15733 0
    outer loop
      vertex -64.9736 -32.0203 3.2
      vertex -64.9736 -32.0203 4.4
      vertex -64.9671 -31.9795 4.4
    endloop
  endfacet
  facet normal -0.992278 0.124035 0
    outer loop
      vertex -64.9783 -32.0579 3.2
      vertex -64.9736 -32.0203 4.4
      vertex -64.9736 -32.0203 3.2
    endloop
  endfacet
  facet normal -0.992278 0.124035 0
    outer loop
      vertex -64.9783 -32.0579 3.2
      vertex -64.9783 -32.0579 4.4
      vertex -64.9736 -32.0203 4.4
    endloop
  endfacet
  facet normal -0.996465 0.0840043 0
    outer loop
      vertex -64.9812 -32.0923 3.2
      vertex -64.9783 -32.0579 4.4
      vertex -64.9783 -32.0579 3.2
    endloop
  endfacet
  facet normal -0.996465 0.0840043 0
    outer loop
      vertex -64.9812 -32.0923 3.2
      vertex -64.9812 -32.0923 4.4
      vertex -64.9783 -32.0579 4.4
    endloop
  endfacet
  facet normal -0.99947 0.032556 0
    outer loop
      vertex -64.9822 -32.123 3.2
      vertex -64.9812 -32.0923 4.4
      vertex -64.9812 -32.0923 3.2
    endloop
  endfacet
  facet normal -0.99947 0.032556 0
    outer loop
      vertex -64.9822 -32.123 3.2
      vertex -64.9822 -32.123 4.4
      vertex -64.9812 -32.0923 4.4
    endloop
  endfacet
  facet normal -0.999736 0.0229824 0
    outer loop
      vertex -64.9832 -32.1665 3.2
      vertex -64.9822 -32.123 4.4
      vertex -64.9822 -32.123 3.2
    endloop
  endfacet
  facet normal -0.999736 0.0229824 0
    outer loop
      vertex -64.9832 -32.1665 3.2
      vertex -64.9832 -32.1665 4.4
      vertex -64.9822 -32.123 4.4
    endloop
  endfacet
  facet normal -0.997041 0.0768746 0
    outer loop
      vertex -64.9865 -32.2093 3.2
      vertex -64.9832 -32.1665 4.4
      vertex -64.9832 -32.1665 3.2
    endloop
  endfacet
  facet normal -0.997041 0.0768746 0
    outer loop
      vertex -64.9865 -32.2093 3.2
      vertex -64.9865 -32.2093 4.4
      vertex -64.9832 -32.1665 4.4
    endloop
  endfacet
  facet normal -0.990501 0.137505 0
    outer loop
      vertex -64.9924 -32.2518 3.2
      vertex -64.9865 -32.2093 4.4
      vertex -64.9865 -32.2093 3.2
    endloop
  endfacet
  facet normal -0.990501 0.137505 0
    outer loop
      vertex -64.9924 -32.2518 3.2
      vertex -64.9924 -32.2518 4.4
      vertex -64.9865 -32.2093 4.4
    endloop
  endfacet
  facet normal -0.980225 0.197886 0
    outer loop
      vertex -65.001 -32.2944 3.2
      vertex -64.9924 -32.2518 4.4
      vertex -64.9924 -32.2518 3.2
    endloop
  endfacet
  facet normal -0.980225 0.197886 0
    outer loop
      vertex -65.001 -32.2944 3.2
      vertex -65.001 -32.2944 4.4
      vertex -64.9924 -32.2518 4.4
    endloop
  endfacet
  facet normal -0.965379 0.260853 0
    outer loop
      vertex -65.0127 -32.3377 3.2
      vertex -65.001 -32.2944 4.4
      vertex -65.001 -32.2944 3.2
    endloop
  endfacet
  facet normal -0.965379 0.260853 0
    outer loop
      vertex -65.0127 -32.3377 3.2
      vertex -65.0127 -32.3377 4.4
      vertex -65.001 -32.2944 4.4
    endloop
  endfacet
  facet normal -0.946525 0.32263 0
    outer loop
      vertex -65.0278 -32.382 3.2
      vertex -65.0127 -32.3377 4.4
      vertex -65.0127 -32.3377 3.2
    endloop
  endfacet
  facet normal -0.946525 0.32263 0
    outer loop
      vertex -65.0278 -32.382 3.2
      vertex -65.0278 -32.382 4.4
      vertex -65.0127 -32.3377 4.4
    endloop
  endfacet
  facet normal -0.926796 0.375564 0
    outer loop
      vertex -65.0464 -32.4279 3.2
      vertex -65.0278 -32.382 4.4
      vertex -65.0278 -32.382 3.2
    endloop
  endfacet
  facet normal -0.926796 0.375564 0
    outer loop
      vertex -65.0464 -32.4279 3.2
      vertex -65.0464 -32.4279 4.4
      vertex -65.0278 -32.382 4.4
    endloop
  endfacet
  facet normal -0.903699 0.428168 0
    outer loop
      vertex -65.069 -32.4756 3.2
      vertex -65.0464 -32.4279 4.4
      vertex -65.0464 -32.4279 3.2
    endloop
  endfacet
  facet normal -0.903699 0.428168 0
    outer loop
      vertex -65.069 -32.4756 3.2
      vertex -65.069 -32.4756 4.4
      vertex -65.0464 -32.4279 4.4
    endloop
  endfacet
  facet normal -0.882888 0.469584 0
    outer loop
      vertex -65.0957 -32.5258 3.2
      vertex -65.069 -32.4756 4.4
      vertex -65.069 -32.4756 3.2
    endloop
  endfacet
  facet normal -0.882888 0.469584 0
    outer loop
      vertex -65.0957 -32.5258 3.2
      vertex -65.0957 -32.5258 4.4
      vertex -65.069 -32.4756 4.4
    endloop
  endfacet
  facet normal -0.862893 0.505386 0
    outer loop
      vertex -65.1268 -32.5789 3.2
      vertex -65.0957 -32.5258 4.4
      vertex -65.0957 -32.5258 3.2
    endloop
  endfacet
  facet normal -0.862893 0.505386 0
    outer loop
      vertex -65.1268 -32.5789 3.2
      vertex -65.1268 -32.5789 4.4
      vertex -65.0957 -32.5258 4.4
    endloop
  endfacet
  facet normal -0.843168 0.537651 0
    outer loop
      vertex -65.1627 -32.6352 3.2
      vertex -65.1268 -32.5789 4.4
      vertex -65.1268 -32.5789 3.2
    endloop
  endfacet
  facet normal -0.843168 0.537651 0
    outer loop
      vertex -65.1627 -32.6352 3.2
      vertex -65.1627 -32.6352 4.4
      vertex -65.1268 -32.5789 4.4
    endloop
  endfacet
  facet normal -0.827362 0.56167 0
    outer loop
      vertex -65.2035 -32.6953 3.2
      vertex -65.1627 -32.6352 4.4
      vertex -65.1627 -32.6352 3.2
    endloop
  endfacet
  facet normal -0.827362 0.56167 0
    outer loop
      vertex -65.2035 -32.6953 3.2
      vertex -65.2035 -32.6953 4.4
      vertex -65.1627 -32.6352 4.4
    endloop
  endfacet
  facet normal -0.813733 0.581238 0
    outer loop
      vertex -65.2495 -32.7597 3.2
      vertex -65.2035 -32.6953 4.4
      vertex -65.2035 -32.6953 3.2
    endloop
  endfacet
  facet normal -0.813733 0.581238 0
    outer loop
      vertex -65.2495 -32.7597 3.2
      vertex -65.2495 -32.7597 4.4
      vertex -65.2035 -32.6953 4.4
    endloop
  endfacet
  facet normal -0.800975 0.598697 0
    outer loop
      vertex -65.301 -32.8286 3.2
      vertex -65.2495 -32.7597 4.4
      vertex -65.2495 -32.7597 3.2
    endloop
  endfacet
  facet normal -0.800975 0.598697 0
    outer loop
      vertex -65.301 -32.8286 3.2
      vertex -65.301 -32.8286 4.4
      vertex -65.2495 -32.7597 4.4
    endloop
  endfacet
  facet normal -0.790557 0.612388 0
    outer loop
      vertex -65.3584 -32.9027 3.2
      vertex -65.301 -32.8286 4.4
      vertex -65.301 -32.8286 3.2
    endloop
  endfacet
  facet normal -0.790557 0.612388 0
    outer loop
      vertex -65.3584 -32.9027 3.2
      vertex -65.3584 -32.9027 4.4
      vertex -65.301 -32.8286 4.4
    endloop
  endfacet
  facet normal -0.782688 0.622414 0
    outer loop
      vertex -65.4217 -32.9823 3.2
      vertex -65.3584 -32.9027 4.4
      vertex -65.3584 -32.9027 3.2
    endloop
  endfacet
  facet normal -0.782688 0.622414 0
    outer loop
      vertex -65.4217 -32.9823 3.2
      vertex -65.4217 -32.9823 4.4
      vertex -65.3584 -32.9027 4.4
    endloop
  endfacet
  facet normal -0.775449 0.631411 0
    outer loop
      vertex -65.4914 -33.0679 3.2
      vertex -65.4217 -32.9823 4.4
      vertex -65.4217 -32.9823 3.2
    endloop
  endfacet
  facet normal -0.775449 0.631411 0
    outer loop
      vertex -65.4914 -33.0679 3.2
      vertex -65.4914 -33.0679 4.4
      vertex -65.4217 -32.9823 4.4
    endloop
  endfacet
  facet normal -0.769728 0.638372 0
    outer loop
      vertex -65.5677 -33.1599 3.2
      vertex -65.4914 -33.0679 4.4
      vertex -65.4914 -33.0679 3.2
    endloop
  endfacet
  facet normal -0.769728 0.638372 0
    outer loop
      vertex -65.5677 -33.1599 3.2
      vertex -65.5677 -33.1599 4.4
      vertex -65.4914 -33.0679 4.4
    endloop
  endfacet
  facet normal -0.765613 0.643301 0
    outer loop
      vertex -65.6508 -33.2588 3.2
      vertex -65.5677 -33.1599 4.4
      vertex -65.5677 -33.1599 3.2
    endloop
  endfacet
  facet normal -0.765613 0.643301 0
    outer loop
      vertex -65.6508 -33.2588 3.2
      vertex -65.6508 -33.2588 4.4
      vertex -65.5677 -33.1599 4.4
    endloop
  endfacet
  facet normal -0.762134 0.647419 0
    outer loop
      vertex -65.7411 -33.3651 3.2
      vertex -65.6508 -33.2588 4.4
      vertex -65.6508 -33.2588 3.2
    endloop
  endfacet
  facet normal -0.762134 0.647419 0
    outer loop
      vertex -65.7411 -33.3651 3.2
      vertex -65.7411 -33.3651 4.4
      vertex -65.6508 -33.2588 4.4
    endloop
  endfacet
  facet normal -0.757584 0.652737 0
    outer loop
      vertex -66.5 -34.2459 3.2
      vertex -65.7411 -33.3651 4.4
      vertex -65.7411 -33.3651 3.2
    endloop
  endfacet
  facet normal -0.757584 0.652737 0
    outer loop
      vertex -66.5 -34.2459 3.2
      vertex -66.5 -34.2459 4.4
      vertex -65.7411 -33.3651 4.4
    endloop
  endfacet
  facet normal -1 0 0
    outer loop
      vertex -66.5 -48 3.2
      vertex -66.5 -34.2459 4.4
      vertex -66.5 -34.2459 3.2
    endloop
  endfacet
  facet normal -1 0 0
    outer loop
      vertex -66.5 -48 3.2
      vertex -66.5 -48 4.4
      vertex -66.5 -34.2459 4.4
    endloop
  endfacet
  facet normal 0 -1 0
    outer loop
      vertex 66.5 -48 3.2
      vertex -66.5 -48 4.4
      vertex -66.5 -48 3.2
    endloop
  endfacet
  facet normal 0 -1 0
    outer loop
      vertex 66.5 -48 3.2
      vertex 66.5 -48 4.4
      vertex -66.5 -48 4.4
    endloop
  endfacet
  facet normal 1 0 0
    outer loop
      vertex 66.5 -35.4768 3.2
      vertex 66.5 -48 4.4
      vertex 66.5 -48 3.2
    endloop
  endfacet
  facet normal 1 0 -0
    outer loop
      vertex 66.5 -35.4768 3.2
      vertex 66.5 -35.4768 4.4
      vertex 66.5 -48 4.4
    endloop
  endfacet
endsolid OpenSCAD_Model
