solid OpenSCAD_Model
  facet normal 0 0 -1
    outer loop
      vertex -4.6292 -9.71903 1.6
      vertex -4.72119 -9.6962 1.6
      vertex -3.2346 -3.81914 1.6
    endloop
  endfacet
  facet normal 0 0 -1
    outer loop
      vertex -2.60643 -10.3518 1.6
      vertex -2.69054 -10.3577 1.6
      vertex -2.7754 -10.3582 1.6
    endloop
  endfacet
  facet normal 0 0 -1
    outer loop
      vertex -2.86154 -10.3531 1.6
      vertex -2.94953 -10.3426 1.6
      vertex -2.43819 -10.324 1.6
    endloop
  endfacet
  facet normal -0 0 -1
    outer loop
      vertex -2.60643 -10.3518 1.6
      vertex -2.7754 -10.3582 1.6
      vertex -2.52249 -10.3405 1.6
    endloop
  endfacet
  facet normal 0 0 -1
    outer loop
      vertex -3.0399 -10.3264 1.6
      vertex -2.26628 -10.2753 1.6
      vertex -2.35297 -10.3022 1.6
    endloop
  endfacet
  facet normal 0 0 -1
    outer loop
      vertex -3.23005 -10.2769 1.6
      vertex -2.17755 -10.2433 1.6
      vertex -3.13322 -10.3045 1.6
    endloop
  endfacet
  facet normal 0 0 -1
    outer loop
      vertex -1.99182 -10.1642 1.6
      vertex -2.08625 -10.2062 1.6
      vertex -3.33093 -10.2434 1.6
    endloop
  endfacet
  facet normal 0 0 -1
    outer loop
      vertex -1.94332 -10.1428 1.6
      vertex -1.99182 -10.1642 1.6
      vertex -3.54705 -10.1588 1.6
    endloop
  endfacet
  facet normal 0 0 -1
    outer loop
      vertex -1.89188 -10.1229 1.6
      vertex -3.786 -10.05 1.6
      vertex -3.91543 -9.98644 1.6
    endloop
  endfacet
  facet normal 0 0 -1
    outer loop
      vertex -4.27559 -9.83211 1.6
      vertex -4.36308 -9.8003 1.6
      vertex -2.03185 -4.37273 1.6
    endloop
  endfacet
  facet normal -0 0 -1
    outer loop
      vertex -0.22298 -4.971 1.6
      vertex -0.620828 -10.0054 1.6
      vertex -0.358564 -4.95094 1.6
    endloop
  endfacet
  facet normal 0 0 -1
    outer loop
      vertex 1.4392 -5.22286 1.6
      vertex 1.46968 -5.22282 1.6
      vertex 1.63164 -10.0903 1.6
    endloop
  endfacet
  facet normal -0 0 -1
    outer loop
      vertex 3.94686 -6.31155 1.6
      vertex 2.71384 -10.1045 1.6
      vertex 3.89407 -6.27165 1.6
    endloop
  endfacet
  facet normal 0 0 -1
    outer loop
      vertex 5.30742 -10.0811 1.6
      vertex 5.39505 -6.43125 1.6
      vertex 5.50319 -6.43008 1.6
    endloop
  endfacet
  facet normal 0 0 -1
    outer loop
      vertex 5.76807 -10.0673 1.6
      vertex 5.60859 -6.43345 1.6
      vertex 5.71188 -6.44153 1.6
    endloop
  endfacet
  facet normal -0 0 -1
    outer loop
      vertex 6.43037 -6.64626 1.6
      vertex 5.76807 -10.0673 1.6
      vertex 6.32371 -6.59982 1.6
    endloop
  endfacet
  facet normal -0 0 -1
    outer loop
      vertex 6.7713 -6.82374 1.6
      vertex 6.19803 -10.0507 1.6
      vertex 6.65352 -6.75803 1.6
    endloop
  endfacet
  facet normal 0 0 -1
    outer loop
      vertex 7.15715 -7.06241 1.6
      vertex 6.59242 -10.0315 1.6
      vertex 6.19803 -10.0507 1.6
    endloop
  endfacet
  facet normal 0 -0 -1
    outer loop
      vertex 7.35086 -7.19184 1.6
      vertex 7.38187 -7.21253 1.6
      vertex 6.59242 -10.0315 1.6
    endloop
  endfacet
  facet normal 0 -0 -1
    outer loop
      vertex 7.49203 -7.28501 1.6
      vertex 7.53372 -7.31219 1.6
      vertex 6.94641 -10.0098 1.6
    endloop
  endfacet
  facet normal 0 0 -1
    outer loop
      vertex 6.94641 -10.0098 1.6
      vertex 7.67053 -7.40093 1.6
      vertex 7.25511 -9.98573 1.6
    endloop
  endfacet
  facet normal 0 0 -1
    outer loop
      vertex 8.09196 -9.76696 1.6
      vertex 8.18554 -7.73431 1.6
      vertex 8.1282 -9.74709 1.6
    endloop
  endfacet
  facet normal 0 -0 -1
    outer loop
      vertex 9.14163 -8.76772 1.6
      vertex 9.17843 -8.84729 1.6
      vertex 8.91944 -9.4742 1.6
    endloop
  endfacet
  facet normal 0 0 -1
    outer loop
      vertex 9.17843 -8.84729 1.6
      vertex 8.98554 -9.44617 1.6
      vertex 8.95303 -9.46047 1.6
    endloop
  endfacet
  facet normal 0 0 -1
    outer loop
      vertex 9.04673 -9.416 1.6
      vertex 9.20809 -8.92404 1.6
      vertex 9.23023 -8.9974 1.6
    endloop
  endfacet
  facet normal 0 -0 -1
    outer loop
      vertex 8.93058 -8.43254 1.6
      vertex 8.99216 -8.51774 1.6
      vertex 8.624 -9.55827 1.6
    endloop
  endfacet
  facet normal 0 -0 -1
    outer loop
      vertex 8.13401 -7.70077 1.6
      vertex 8.18554 -7.73431 1.6
      vertex 8.09196 -9.76696 1.6
    endloop
  endfacet
  facet normal 0 0 -1
    outer loop
      vertex 8.05741 -9.78706 1.6
      vertex 8.02474 -9.80729 1.6
      vertex 7.71726 -9.93086 1.6
    endloop
  endfacet
  facet normal 0 0 -1
    outer loop
      vertex 8.93058 -8.43254 1.6
      vertex 8.624 -9.55827 1.6
      vertex 8.58266 -9.56854 1.6
    endloop
  endfacet
  facet normal -0 0 -1
    outer loop
      vertex 9.20448 -9.29875 1.6
      vertex 9.18854 -9.31625 1.6
      vertex 9.24775 -9.19147 1.6
    endloop
  endfacet
  facet normal -0 0 -1
    outer loop
      vertex 8.88493 -9.4873 1.6
      vertex 8.84966 -9.49974 1.6
      vertex 9.14163 -8.76772 1.6
    endloop
  endfacet
  facet normal 0 0 -1
    outer loop
      vertex 8.624 -9.55827 1.6
      vertex 8.99216 -8.51774 1.6
      vertex 8.66449 -9.54937 1.6
    endloop
  endfacet
  facet normal -0 0 -1
    outer loop
      vertex 8.54068 -9.58011 1.6
      vertex 8.49825 -9.59287 1.6
      vertex 8.86374 -8.34736 1.6
    endloop
  endfacet
  facet normal -0 0 -1
    outer loop
      vertex 8.49825 -9.59287 1.6
      vertex 8.45557 -9.60675 1.6
      vertex 8.79203 -8.26276 1.6
    endloop
  endfacet
  facet normal -0 0 -1
    outer loop
      vertex 8.63553 -8.09755 1.6
      vertex 8.32792 -9.65415 1.6
      vertex 8.55149 -8.01807 1.6
    endloop
  endfacet
  facet normal 0 0 -1
    outer loop
      vertex 7.99415 -9.82757 1.6
      vertex 7.86097 -9.90034 1.6
      vertex 7.71726 -9.93086 1.6
    endloop
  endfacet
  facet normal 0 0 -1
    outer loop
      vertex 7.96583 -9.84781 1.6
      vertex 7.93997 -9.8679 1.6
      vertex 7.86097 -9.90034 1.6
    endloop
  endfacet
  facet normal 0 0 -1
    outer loop
      vertex 7.99415 -9.82757 1.6
      vertex 7.96583 -9.84781 1.6
      vertex 7.86097 -9.90034 1.6
    endloop
  endfacet
  facet normal 0 0 -1
    outer loop
      vertex 8.02474 -9.80729 1.6
      vertex 7.99415 -9.82757 1.6
      vertex 7.71726 -9.93086 1.6
    endloop
  endfacet
  facet normal 0 0 -1
    outer loop
      vertex 8.46409 -7.94145 1.6
      vertex 8.2451 -9.68968 1.6
      vertex 8.20496 -9.70836 1.6
    endloop
  endfacet
  facet normal 0 0 -1
    outer loop
      vertex 8.32792 -9.65415 1.6
      vertex 8.63553 -8.09755 1.6
      vertex 8.37021 -9.63748 1.6
    endloop
  endfacet
  facet normal 0 0 -1
    outer loop
      vertex 8.71584 -8.1793 1.6
      vertex 8.45557 -9.60675 1.6
      vertex 8.41282 -9.62164 1.6
    endloop
  endfacet
  facet normal -0 0 -1
    outer loop
      vertex 8.86374 -8.34736 1.6
      vertex 8.49825 -9.59287 1.6
      vertex 8.79203 -8.26276 1.6
    endloop
  endfacet
  facet normal -0 0 -1
    outer loop
      vertex 8.70396 -9.54194 1.6
      vertex 8.66449 -9.54937 1.6
      vertex 9.04811 -8.60238 1.6
    endloop
  endfacet
  facet normal -0 0 -1
    outer loop
      vertex 9.04811 -8.60238 1.6
      vertex 8.66449 -9.54937 1.6
      vertex 8.99216 -8.51774 1.6
    endloop
  endfacet
  facet normal -0 0 -1
    outer loop
      vertex 9.09806 -8.68589 1.6
      vertex 8.74077 -9.53261 1.6
      vertex 9.04811 -8.60238 1.6
    endloop
  endfacet
  facet normal 0 0 -1
    outer loop
      vertex 9.14163 -8.76772 1.6
      vertex 8.91944 -9.4742 1.6
      vertex 8.88493 -9.4873 1.6
    endloop
  endfacet
  facet normal -0 0 -1
    outer loop
      vertex 9.20809 -8.92404 1.6
      vertex 8.98554 -9.44617 1.6
      vertex 9.17843 -8.84729 1.6
    endloop
  endfacet
  facet normal 0 0 -1
    outer loop
      vertex 9.04673 -9.416 1.6
      vertex 9.23023 -8.9974 1.6
      vertex 9.07509 -9.40022 1.6
    endloop
  endfacet
  facet normal -0 0 -1
    outer loop
      vertex 9.24775 -9.19147 1.6
      vertex 9.17015 -9.33358 1.6
      vertex 9.25044 -9.13168 1.6
    endloop
  endfacet
  facet normal 0 0 -1
    outer loop
      vertex 9.25044 -9.13168 1.6
      vertex 9.14946 -9.35068 1.6
      vertex 9.12661 -9.36752 1.6
    endloop
  endfacet
  facet normal -0 0 -1
    outer loop
      vertex 9.22837 -9.26338 1.6
      vertex 9.2178 -9.2811 1.6
      vertex 9.23602 -9.24561 1.6
    endloop
  endfacet
  facet normal 0 0 -1
    outer loop
      vertex 9.24775 -9.19147 1.6
      vertex 9.2178 -9.2811 1.6
      vertex 9.20448 -9.29875 1.6
    endloop
  endfacet
  facet normal -0 0 -1
    outer loop
      vertex 9.10178 -9.38405 1.6
      vertex 9.07509 -9.40022 1.6
      vertex 9.23023 -8.9974 1.6
    endloop
  endfacet
  facet normal -0 0 -1
    outer loop
      vertex 9.17015 -9.33358 1.6
      vertex 9.14946 -9.35068 1.6
      vertex 9.25044 -9.13168 1.6
    endloop
  endfacet
  facet normal 0 0 -1
    outer loop
      vertex 9.2178 -9.2811 1.6
      vertex 9.24775 -9.19147 1.6
      vertex 9.23602 -9.24561 1.6
    endloop
  endfacet
  facet normal -0 0 -1
    outer loop
      vertex 8.84966 -9.49974 1.6
      vertex 8.81377 -9.51147 1.6
      vertex 9.09806 -8.68589 1.6
    endloop
  endfacet
  facet normal -0 0 -1
    outer loop
      vertex 9.18854 -9.31625 1.6
      vertex 9.17015 -9.33358 1.6
      vertex 9.24775 -9.19147 1.6
    endloop
  endfacet
  facet normal 0 0 -1
    outer loop
      vertex 9.12661 -9.36752 1.6
      vertex 9.24448 -9.0668 1.6
      vertex 9.25044 -9.13168 1.6
    endloop
  endfacet
  facet normal -0 0 -1
    outer loop
      vertex 9.12661 -9.36752 1.6
      vertex 9.10178 -9.38405 1.6
      vertex 9.24448 -9.0668 1.6
    endloop
  endfacet
  facet normal -0 0 -1
    outer loop
      vertex 9.24448 -9.0668 1.6
      vertex 9.10178 -9.38405 1.6
      vertex 9.23023 -8.9974 1.6
    endloop
  endfacet
  facet normal -0 0 -1
    outer loop
      vertex 9.04673 -9.416 1.6
      vertex 9.01682 -9.43132 1.6
      vertex 9.20809 -8.92404 1.6
    endloop
  endfacet
  facet normal 0 0 -1
    outer loop
      vertex 9.20809 -8.92404 1.6
      vertex 9.01682 -9.43132 1.6
      vertex 8.98554 -9.44617 1.6
    endloop
  endfacet
  facet normal 0 0 -1
    outer loop
      vertex 9.17843 -8.84729 1.6
      vertex 8.95303 -9.46047 1.6
      vertex 8.91944 -9.4742 1.6
    endloop
  endfacet
  facet normal -0 0 -1
    outer loop
      vertex 9.14163 -8.76772 1.6
      vertex 8.84966 -9.49974 1.6
      vertex 9.09806 -8.68589 1.6
    endloop
  endfacet
  facet normal 0 0 -1
    outer loop
      vertex 9.09806 -8.68589 1.6
      vertex 8.81377 -9.51147 1.6
      vertex 8.77742 -9.52244 1.6
    endloop
  endfacet
  facet normal 0 0 -1
    outer loop
      vertex 8.74077 -9.53261 1.6
      vertex 9.09806 -8.68589 1.6
      vertex 8.77742 -9.52244 1.6
    endloop
  endfacet
  facet normal 0 0 -1
    outer loop
      vertex 8.70396 -9.54194 1.6
      vertex 9.04811 -8.60238 1.6
      vertex 8.74077 -9.53261 1.6
    endloop
  endfacet
  facet normal 0 0 -1
    outer loop
      vertex 8.93058 -8.43254 1.6
      vertex 8.58266 -9.56854 1.6
      vertex 8.54068 -9.58011 1.6
    endloop
  endfacet
  facet normal 0 -0 -1
    outer loop
      vertex 8.86374 -8.34736 1.6
      vertex 8.93058 -8.43254 1.6
      vertex 8.54068 -9.58011 1.6
    endloop
  endfacet
  facet normal -0 0 -1
    outer loop
      vertex 8.79203 -8.26276 1.6
      vertex 8.45557 -9.60675 1.6
      vertex 8.71584 -8.1793 1.6
    endloop
  endfacet
  facet normal 0 0 -1
    outer loop
      vertex 8.71584 -8.1793 1.6
      vertex 8.41282 -9.62164 1.6
      vertex 8.37021 -9.63748 1.6
    endloop
  endfacet
  facet normal 0 -0 -1
    outer loop
      vertex 8.63553 -8.09755 1.6
      vertex 8.71584 -8.1793 1.6
      vertex 8.37021 -9.63748 1.6
    endloop
  endfacet
  facet normal 0 0 -1
    outer loop
      vertex 8.55149 -8.01807 1.6
      vertex 8.32792 -9.65415 1.6
      vertex 8.28615 -9.67159 1.6
    endloop
  endfacet
  facet normal 0 -0 -1
    outer loop
      vertex 8.46409 -7.94145 1.6
      vertex 8.55149 -8.01807 1.6
      vertex 8.28615 -9.67159 1.6
    endloop
  endfacet
  facet normal 0 0 -1
    outer loop
      vertex 8.2451 -9.68968 1.6
      vertex 8.46409 -7.94145 1.6
      vertex 8.28615 -9.67159 1.6
    endloop
  endfacet
  facet normal 0 0 -1
    outer loop
      vertex 8.20496 -9.70836 1.6
      vertex 8.37371 -7.86823 1.6
      vertex 8.46409 -7.94145 1.6
    endloop
  endfacet
  facet normal -0 0 -1
    outer loop
      vertex 8.20496 -9.70836 1.6
      vertex 8.16594 -9.72753 1.6
      vertex 8.37371 -7.86823 1.6
    endloop
  endfacet
  facet normal -0 0 -1
    outer loop
      vertex 8.37371 -7.86823 1.6
      vertex 8.16594 -9.72753 1.6
      vertex 8.28074 -7.799 1.6
    endloop
  endfacet
  facet normal 0 0 -1
    outer loop
      vertex 8.28074 -7.799 1.6
      vertex 8.16594 -9.72753 1.6
      vertex 8.1282 -9.74709 1.6
    endloop
  endfacet
  facet normal 0 -0 -1
    outer loop
      vertex 8.18554 -7.73431 1.6
      vertex 8.28074 -7.799 1.6
      vertex 8.1282 -9.74709 1.6
    endloop
  endfacet
  facet normal 0 0 -1
    outer loop
      vertex 8.13401 -7.70077 1.6
      vertex 8.09196 -9.76696 1.6
      vertex 8.05741 -9.78706 1.6
    endloop
  endfacet
  facet normal 0 -0 -1
    outer loop
      vertex 8.08188 -7.66692 1.6
      vertex 8.13401 -7.70077 1.6
      vertex 8.05741 -9.78706 1.6
    endloop
  endfacet
  facet normal 0 0 -1
    outer loop
      vertex 7.71726 -9.93086 1.6
      vertex 8.08188 -7.66692 1.6
      vertex 8.05741 -9.78706 1.6
    endloop
  endfacet
  facet normal -0 0 -1
    outer loop
      vertex 7.71726 -9.93086 1.6
      vertex 7.51368 -9.95937 1.6
      vertex 8.08188 -7.66692 1.6
    endloop
  endfacet
  facet normal -0 0 -1
    outer loop
      vertex 8.08188 -7.66692 1.6
      vertex 7.51368 -9.95937 1.6
      vertex 8.02939 -7.63289 1.6
    endloop
  endfacet
  facet normal -0 0 -1
    outer loop
      vertex 8.02939 -7.63289 1.6
      vertex 7.51368 -9.95937 1.6
      vertex 7.97675 -7.59882 1.6
    endloop
  endfacet
  facet normal -0 0 -1
    outer loop
      vertex 7.97675 -7.59882 1.6
      vertex 7.51368 -9.95937 1.6
      vertex 7.9242 -7.56484 1.6
    endloop
  endfacet
  facet normal 0 0 -1
    outer loop
      vertex 7.9242 -7.56484 1.6
      vertex 7.51368 -9.95937 1.6
      vertex 7.25511 -9.98573 1.6
    endloop
  endfacet
  facet normal 0 -0 -1
    outer loop
      vertex 7.7193 -7.43247 1.6
      vertex 7.9242 -7.56484 1.6
      vertex 7.25511 -9.98573 1.6
    endloop
  endfacet
  facet normal 0 -0 -1
    outer loop
      vertex 7.67053 -7.40093 1.6
      vertex 7.7193 -7.43247 1.6
      vertex 7.25511 -9.98573 1.6
    endloop
  endfacet
  facet normal 0 -0 -1
    outer loop
      vertex 7.6232 -7.37028 1.6
      vertex 7.67053 -7.40093 1.6
      vertex 6.94641 -10.0098 1.6
    endloop
  endfacet
  facet normal 0 -0 -1
    outer loop
      vertex 7.57751 -7.34065 1.6
      vertex 7.6232 -7.37028 1.6
      vertex 6.94641 -10.0098 1.6
    endloop
  endfacet
  facet normal 0 -0 -1
    outer loop
      vertex 7.53372 -7.31219 1.6
      vertex 7.57751 -7.34065 1.6
      vertex 6.94641 -10.0098 1.6
    endloop
  endfacet
  facet normal -0 0 -1
    outer loop
      vertex 7.49203 -7.28501 1.6
      vertex 6.94641 -10.0098 1.6
      vertex 7.45268 -7.25924 1.6
    endloop
  endfacet
  facet normal -0 0 -1
    outer loop
      vertex 7.45268 -7.25924 1.6
      vertex 6.94641 -10.0098 1.6
      vertex 7.41588 -7.23505 1.6
    endloop
  endfacet
  facet normal 0 0 -1
    outer loop
      vertex 7.41588 -7.23505 1.6
      vertex 6.94641 -10.0098 1.6
      vertex 6.59242 -10.0315 1.6
    endloop
  endfacet
  facet normal 0 -0 -1
    outer loop
      vertex 7.38187 -7.21253 1.6
      vertex 7.41588 -7.23505 1.6
      vertex 6.59242 -10.0315 1.6
    endloop
  endfacet
  facet normal -0 0 -1
    outer loop
      vertex 7.35086 -7.19184 1.6
      vertex 6.59242 -10.0315 1.6
      vertex 7.32309 -7.1731 1.6
    endloop
  endfacet
  facet normal -0 0 -1
    outer loop
      vertex 7.32309 -7.1731 1.6
      vertex 6.59242 -10.0315 1.6
      vertex 7.29877 -7.15646 1.6
    endloop
  endfacet
  facet normal -0 0 -1
    outer loop
      vertex 7.29877 -7.15646 1.6
      vertex 6.59242 -10.0315 1.6
      vertex 7.15715 -7.06241 1.6
    endloop
  endfacet
  facet normal -0 0 -1
    outer loop
      vertex 7.15715 -7.06241 1.6
      vertex 6.19803 -10.0507 1.6
      vertex 7.02247 -6.97574 1.6
    endloop
  endfacet
  facet normal -0 0 -1
    outer loop
      vertex 7.02247 -6.97574 1.6
      vertex 6.19803 -10.0507 1.6
      vertex 6.89406 -6.89624 1.6
    endloop
  endfacet
  facet normal -0 0 -1
    outer loop
      vertex 6.89406 -6.89624 1.6
      vertex 6.19803 -10.0507 1.6
      vertex 6.7713 -6.82374 1.6
    endloop
  endfacet
  facet normal -0 0 -1
    outer loop
      vertex 6.19803 -10.0507 1.6
      vertex 5.76807 -10.0673 1.6
      vertex 6.65352 -6.75803 1.6
    endloop
  endfacet
  facet normal -0 0 -1
    outer loop
      vertex 6.65352 -6.75803 1.6
      vertex 5.76807 -10.0673 1.6
      vertex 6.5401 -6.69893 1.6
    endloop
  endfacet
  facet normal -0 0 -1
    outer loop
      vertex 6.5401 -6.69893 1.6
      vertex 5.76807 -10.0673 1.6
      vertex 6.43037 -6.64626 1.6
    endloop
  endfacet
  facet normal 0 0 -1
    outer loop
      vertex 5.76807 -10.0673 1.6
      vertex 6.21946 -6.55943 1.6
      vertex 6.32371 -6.59982 1.6
    endloop
  endfacet
  facet normal 0 0 -1
    outer loop
      vertex 5.76807 -10.0673 1.6
      vertex 6.11699 -6.5249 1.6
      vertex 6.21946 -6.55943 1.6
    endloop
  endfacet
  facet normal 0 0 -1
    outer loop
      vertex 5.76807 -10.0673 1.6
      vertex 6.01563 -6.49603 1.6
      vertex 6.11699 -6.5249 1.6
    endloop
  endfacet
  facet normal 0 0 -1
    outer loop
      vertex 5.76807 -10.0673 1.6
      vertex 5.91476 -6.47264 1.6
      vertex 6.01563 -6.49603 1.6
    endloop
  endfacet
  facet normal 0 0 -1
    outer loop
      vertex 5.76807 -10.0673 1.6
      vertex 5.81372 -6.45454 1.6
      vertex 5.91476 -6.47264 1.6
    endloop
  endfacet
  facet normal 0 0 -1
    outer loop
      vertex 5.76807 -10.0673 1.6
      vertex 5.71188 -6.44153 1.6
      vertex 5.81372 -6.45454 1.6
    endloop
  endfacet
  facet normal 0 0 -1
    outer loop
      vertex 5.50319 -6.43008 1.6
      vertex 5.60859 -6.43345 1.6
      vertex 5.76807 -10.0673 1.6
    endloop
  endfacet
  facet normal 0 0 -1
    outer loop
      vertex 5.30742 -10.0811 1.6
      vertex 5.50319 -6.43008 1.6
      vertex 5.76807 -10.0673 1.6
    endloop
  endfacet
  facet normal 0 0 -1
    outer loop
      vertex 5.28353 -6.43677 1.6
      vertex 5.39505 -6.43125 1.6
      vertex 5.30742 -10.0811 1.6
    endloop
  endfacet
  facet normal 0 0 -1
    outer loop
      vertex 5.16797 -6.44644 1.6
      vertex 5.28353 -6.43677 1.6
      vertex 5.30742 -10.0811 1.6
    endloop
  endfacet
  facet normal 0 0 -1
    outer loop
      vertex 5.04774 -6.46007 1.6
      vertex 5.16797 -6.44644 1.6
      vertex 5.30742 -10.0811 1.6
    endloop
  endfacet
  facet normal 0 0 -1
    outer loop
      vertex 4.94174 -6.47249 1.6
      vertex 5.04774 -6.46007 1.6
      vertex 5.30742 -10.0811 1.6
    endloop
  endfacet
  facet normal 0 0 -1
    outer loop
      vertex 4.84425 -6.48299 1.6
      vertex 4.94174 -6.47249 1.6
      vertex 5.30742 -10.0811 1.6
    endloop
  endfacet
  facet normal 0 0 -1
    outer loop
      vertex 4.82094 -10.092 1.6
      vertex 4.84425 -6.48299 1.6
      vertex 5.30742 -10.0811 1.6
    endloop
  endfacet
  facet normal 0 0 -1
    outer loop
      vertex 4.82094 -10.092 1.6
      vertex 4.75463 -6.49143 1.6
      vertex 4.84425 -6.48299 1.6
    endloop
  endfacet
  facet normal 0 0 -1
    outer loop
      vertex 4.82094 -10.092 1.6
      vertex 4.6722 -6.49765 1.6
      vertex 4.75463 -6.49143 1.6
    endloop
  endfacet
  facet normal 0 0 -1
    outer loop
      vertex 4.82094 -10.092 1.6
      vertex 4.59626 -6.50151 1.6
      vertex 4.6722 -6.49765 1.6
    endloop
  endfacet
  facet normal 0 0 -1
    outer loop
      vertex 4.82094 -10.092 1.6
      vertex 4.52616 -6.50288 1.6
      vertex 4.59626 -6.50151 1.6
    endloop
  endfacet
  facet normal -0 0 -1
    outer loop
      vertex 4.82094 -10.092 1.6
      vertex 4.31348 -10.0999 1.6
      vertex 4.52616 -6.50288 1.6
    endloop
  endfacet
  facet normal -0 0 -1
    outer loop
      vertex 4.52616 -6.50288 1.6
      vertex 4.31348 -10.0999 1.6
      vertex 4.46122 -6.5016 1.6
    endloop
  endfacet
  facet normal -0 0 -1
    outer loop
      vertex 4.46122 -6.5016 1.6
      vertex 4.31348 -10.0999 1.6
      vertex 4.40076 -6.49753 1.6
    endloop
  endfacet
  facet normal -0 0 -1
    outer loop
      vertex 4.40076 -6.49753 1.6
      vertex 4.31348 -10.0999 1.6
      vertex 4.34411 -6.49053 1.6
    endloop
  endfacet
  facet normal 0 0 -1
    outer loop
      vertex 4.34411 -6.49053 1.6
      vertex 4.31348 -10.0999 1.6
      vertex 3.7899 -10.1047 1.6
    endloop
  endfacet
  facet normal 0 -0 -1
    outer loop
      vertex 4.29058 -6.48045 1.6
      vertex 4.34411 -6.49053 1.6
      vertex 3.7899 -10.1047 1.6
    endloop
  endfacet
  facet normal 0 -0 -1
    outer loop
      vertex 4.23952 -6.46714 1.6
      vertex 4.29058 -6.48045 1.6
      vertex 3.7899 -10.1047 1.6
    endloop
  endfacet
  facet normal 0 -0 -1
    outer loop
      vertex 4.19023 -6.45047 1.6
      vertex 4.23952 -6.46714 1.6
      vertex 3.7899 -10.1047 1.6
    endloop
  endfacet
  facet normal 0 -0 -1
    outer loop
      vertex 4.14205 -6.43029 1.6
      vertex 4.19023 -6.45047 1.6
      vertex 3.7899 -10.1047 1.6
    endloop
  endfacet
  facet normal 0 0 -1
    outer loop
      vertex 3.25507 -10.1063 1.6
      vertex 4.14205 -6.43029 1.6
      vertex 3.7899 -10.1047 1.6
    endloop
  endfacet
  facet normal 0 0 -1
    outer loop
      vertex 3.25507 -10.1063 1.6
      vertex 4.0943 -6.40645 1.6
      vertex 4.14205 -6.43029 1.6
    endloop
  endfacet
  facet normal 0 0 -1
    outer loop
      vertex 3.25507 -10.1063 1.6
      vertex 4.0463 -6.37881 1.6
      vertex 4.0943 -6.40645 1.6
    endloop
  endfacet
  facet normal 0 0 -1
    outer loop
      vertex 3.25507 -10.1063 1.6
      vertex 3.99738 -6.34723 1.6
      vertex 4.0463 -6.37881 1.6
    endloop
  endfacet
  facet normal 0 0 -1
    outer loop
      vertex 3.25507 -10.1063 1.6
      vertex 2.71384 -10.1045 1.6
      vertex 3.99738 -6.34723 1.6
    endloop
  endfacet
  facet normal -0 0 -1
    outer loop
      vertex 3.99738 -6.34723 1.6
      vertex 2.71384 -10.1045 1.6
      vertex 3.94686 -6.31155 1.6
    endloop
  endfacet
  facet normal 0 0 -1
    outer loop
      vertex 2.71384 -10.1045 1.6
      vertex 3.83834 -6.22736 1.6
      vertex 3.89407 -6.27165 1.6
    endloop
  endfacet
  facet normal 0 0 -1
    outer loop
      vertex 2.71384 -10.1045 1.6
      vertex 3.77899 -6.17855 1.6
      vertex 3.83834 -6.22736 1.6
    endloop
  endfacet
  facet normal 0 0 -1
    outer loop
      vertex 2.71384 -10.1045 1.6
      vertex 3.63701 -6.06368 1.6
      vertex 3.77899 -6.17855 1.6
    endloop
  endfacet
  facet normal 0 0 -1
    outer loop
      vertex 2.71384 -10.1045 1.6
      vertex 2.17108 -10.0992 1.6
      vertex 3.63701 -6.06368 1.6
    endloop
  endfacet
  facet normal -0 0 -1
    outer loop
      vertex 3.63701 -6.06368 1.6
      vertex 2.17108 -10.0992 1.6
      vertex 3.49772 -5.9547 1.6
    endloop
  endfacet
  facet normal -0 0 -1
    outer loop
      vertex 3.49772 -5.9547 1.6
      vertex 2.17108 -10.0992 1.6
      vertex 3.36136 -5.85178 1.6
    endloop
  endfacet
  facet normal -0 0 -1
    outer loop
      vertex 3.36136 -5.85178 1.6
      vertex 2.17108 -10.0992 1.6
      vertex 3.22816 -5.75503 1.6
    endloop
  endfacet
  facet normal -0 0 -1
    outer loop
      vertex 3.22816 -5.75503 1.6
      vertex 2.17108 -10.0992 1.6
      vertex 3.09835 -5.6646 1.6
    endloop
  endfacet
  facet normal 0 0 -1
    outer loop
      vertex 3.09835 -5.6646 1.6
      vertex 2.17108 -10.0992 1.6
      vertex 1.63164 -10.0903 1.6
    endloop
  endfacet
  facet normal 0 -0 -1
    outer loop
      vertex 2.97218 -5.58062 1.6
      vertex 3.09835 -5.6646 1.6
      vertex 1.63164 -10.0903 1.6
    endloop
  endfacet
  facet normal 0 -0 -1
    outer loop
      vertex 2.84987 -5.50321 1.6
      vertex 2.97218 -5.58062 1.6
      vertex 1.63164 -10.0903 1.6
    endloop
  endfacet
  facet normal -0 -0 -1
    outer loop
      vertex 2.40404 -5.26202 1.6
      vertex 2.50852 -5.31178 1.6
      vertex 1.59202 -5.20409 1.6
    endloop
  endfacet
  facet normal 0 0 -1
    outer loop
      vertex 2.30461 -5.21951 1.6
      vertex 1.62313 -5.19483 1.6
      vertex 2.21045 -5.18437 1.6
    endloop
  endfacet
  facet normal 0 0 -1
    outer loop
      vertex 1.65459 -5.18375 1.6
      vertex 1.68651 -5.17087 1.6
      vertex 2.12181 -5.15674 1.6
    endloop
  endfacet
  facet normal 0 0 -1
    outer loop
      vertex 1.68651 -5.17087 1.6
      vertex 1.96201 -5.12455 1.6
      vertex 2.03892 -5.13676 1.6
    endloop
  endfacet
  facet normal 0 -0 -1
    outer loop
      vertex 1.8271 -5.12402 1.6
      vertex 1.89133 -5.12027 1.6
      vertex 1.71896 -5.15621 1.6
    endloop
  endfacet
  facet normal 0 -0 -1
    outer loop
      vertex 1.76956 -5.13596 1.6
      vertex 1.8271 -5.12402 1.6
      vertex 1.71896 -5.15621 1.6
    endloop
  endfacet
  facet normal 0 0 -1
    outer loop
      vertex 1.71896 -5.15621 1.6
      vertex 1.89133 -5.12027 1.6
      vertex 1.96201 -5.12455 1.6
    endloop
  endfacet
  facet normal 0 0 -1
    outer loop
      vertex 1.68651 -5.17087 1.6
      vertex 1.71896 -5.15621 1.6
      vertex 1.96201 -5.12455 1.6
    endloop
  endfacet
  facet normal -0 0 -1
    outer loop
      vertex 2.12181 -5.15674 1.6
      vertex 1.68651 -5.17087 1.6
      vertex 2.03892 -5.13676 1.6
    endloop
  endfacet
  facet normal 0 0 -1
    outer loop
      vertex 2.21045 -5.18437 1.6
      vertex 1.65459 -5.18375 1.6
      vertex 2.12181 -5.15674 1.6
    endloop
  endfacet
  facet normal -0 0 -1
    outer loop
      vertex 2.21045 -5.18437 1.6
      vertex 1.62313 -5.19483 1.6
      vertex 1.65459 -5.18375 1.6
    endloop
  endfacet
  facet normal -0 -0 -1
    outer loop
      vertex 2.30461 -5.21951 1.6
      vertex 2.40404 -5.26202 1.6
      vertex 1.62313 -5.19483 1.6
    endloop
  endfacet
  facet normal 0 -0 -1
    outer loop
      vertex 1.62313 -5.19483 1.6
      vertex 2.40404 -5.26202 1.6
      vertex 1.59202 -5.20409 1.6
    endloop
  endfacet
  facet normal 0 -0 -1
    outer loop
      vertex 1.59202 -5.20409 1.6
      vertex 2.50852 -5.31178 1.6
      vertex 1.56122 -5.21154 1.6
    endloop
  endfacet
  facet normal 0 0 -1
    outer loop
      vertex 1.56122 -5.21154 1.6
      vertex 2.50852 -5.31178 1.6
      vertex 2.61781 -5.36866 1.6
    endloop
  endfacet
  facet normal 0 0 -1
    outer loop
      vertex 2.73167 -5.43251 1.6
      vertex 1.56122 -5.21154 1.6
      vertex 2.61781 -5.36866 1.6
    endloop
  endfacet
  facet normal 0 0 -1
    outer loop
      vertex 2.73167 -5.43251 1.6
      vertex 1.53061 -5.21715 1.6
      vertex 1.56122 -5.21154 1.6
    endloop
  endfacet
  facet normal -0 -0 -1
    outer loop
      vertex 2.73167 -5.43251 1.6
      vertex 2.84987 -5.50321 1.6
      vertex 1.53061 -5.21715 1.6
    endloop
  endfacet
  facet normal 0 -0 -1
    outer loop
      vertex 1.53061 -5.21715 1.6
      vertex 2.84987 -5.50321 1.6
      vertex 1.50012 -5.22091 1.6
    endloop
  endfacet
  facet normal 0 0 -1
    outer loop
      vertex 1.50012 -5.22091 1.6
      vertex 2.84987 -5.50321 1.6
      vertex 1.63164 -10.0903 1.6
    endloop
  endfacet
  facet normal 0 0 -1
    outer loop
      vertex 1.46968 -5.22282 1.6
      vertex 1.50012 -5.22091 1.6
      vertex 1.63164 -10.0903 1.6
    endloop
  endfacet
  facet normal 0 -0 -1
    outer loop
      vertex 1.4392 -5.22286 1.6
      vertex 1.63164 -10.0903 1.6
      vertex 1.10039 -10.0776 1.6
    endloop
  endfacet
  facet normal 0 -0 -1
    outer loop
      vertex 1.40859 -5.22103 1.6
      vertex 1.4392 -5.22286 1.6
      vertex 1.10039 -10.0776 1.6
    endloop
  endfacet
  facet normal 0 -0 -1
    outer loop
      vertex 1.37778 -5.2173 1.6
      vertex 1.40859 -5.22103 1.6
      vertex 1.10039 -10.0776 1.6
    endloop
  endfacet
  facet normal 0 -0 -1
    outer loop
      vertex 1.34668 -5.21168 1.6
      vertex 1.37778 -5.2173 1.6
      vertex 1.10039 -10.0776 1.6
    endloop
  endfacet
  facet normal 0 0 -1
    outer loop
      vertex 0.582192 -10.0611 1.6
      vertex 1.34668 -5.21168 1.6
      vertex 1.10039 -10.0776 1.6
    endloop
  endfacet
  facet normal 0 0 -1
    outer loop
      vertex 0.582192 -10.0611 1.6
      vertex 1.31521 -5.20414 1.6
      vertex 1.34668 -5.21168 1.6
    endloop
  endfacet
  facet normal 0 0 -1
    outer loop
      vertex 0.582192 -10.0611 1.6
      vertex 1.2833 -5.19468 1.6
      vertex 1.31521 -5.20414 1.6
    endloop
  endfacet
  facet normal 0 0 -1
    outer loop
      vertex 0.582192 -10.0611 1.6
      vertex 1.25085 -5.18329 1.6
      vertex 1.2833 -5.19468 1.6
    endloop
  endfacet
  facet normal 0 0 -1
    outer loop
      vertex 0.582192 -10.0611 1.6
      vertex 1.21779 -5.16995 1.6
      vertex 1.25085 -5.18329 1.6
    endloop
  endfacet
  facet normal 0 0 -1
    outer loop
      vertex -6.69113 -4.3064 1.6
      vertex -6.34812 -3.72163 1.6
      vertex -6.29589 -3.66992 1.6
    endloop
  endfacet
  facet normal 0 0 -1
    outer loop
      vertex 0.582192 -10.0611 1.6
      vertex 0.081888 -10.0406 1.6
      vertex 1.21779 -5.16995 1.6
    endloop
  endfacet
  facet normal 0 0 -1
    outer loop
      vertex -4.91376 -9.65615 1.6
      vertex -3.34118 -3.78078 1.6
      vertex -4.81584 -9.67529 1.6
    endloop
  endfacet
  facet normal 0 -0 -1
    outer loop
      vertex 0.34106 -4.9784 1.6
      vertex 1.14949 -5.1374 1.6
      vertex 0.247324 -4.99035 1.6
    endloop
  endfacet
  facet normal -0 0 -1
    outer loop
      vertex 0.689795 -4.97601 1.6
      vertex 0.34106 -4.9784 1.6
      vertex 0.649486 -4.97105 1.6
    endloop
  endfacet
  facet normal 0 0 -1
    outer loop
      vertex 0.884251 -5.0172 1.6
      vertex 0.920441 -5.02841 1.6
      vertex 1.1141 -5.11817 1.6
    endloop
  endfacet
  facet normal 0 0 -1
    outer loop
      vertex 0.988644 -5.05347 1.6
      vertex 1.0203 -5.06722 1.6
      vertex 1.07776 -5.09694 1.6
    endloop
  endfacet
  facet normal 0 0 -1
    outer loop
      vertex 1.07776 -5.09694 1.6
      vertex 1.0203 -5.06722 1.6
      vertex 1.05006 -5.08173 1.6
    endloop
  endfacet
  facet normal 0 0 -1
    outer loop
      vertex 0.955298 -5.04052 1.6
      vertex 0.988644 -5.05347 1.6
      vertex 1.07776 -5.09694 1.6
    endloop
  endfacet
  facet normal 0 0 -1
    outer loop
      vertex 0.920441 -5.02841 1.6
      vertex 0.955298 -5.04052 1.6
      vertex 1.07776 -5.09694 1.6
    endloop
  endfacet
  facet normal 0 0 -1
    outer loop
      vertex 1.1141 -5.11817 1.6
      vertex 0.920441 -5.02841 1.6
      vertex 1.07776 -5.09694 1.6
    endloop
  endfacet
  facet normal 0 0 -1
    outer loop
      vertex 0.846911 -5.00691 1.6
      vertex 0.884251 -5.0172 1.6
      vertex 1.1141 -5.11817 1.6
    endloop
  endfacet
  facet normal 0 0 -1
    outer loop
      vertex 0.808614 -4.99761 1.6
      vertex 0.846911 -5.00691 1.6
      vertex 1.1141 -5.11817 1.6
    endloop
  endfacet
  facet normal 0 0 -1
    outer loop
      vertex 0.769539 -4.98932 1.6
      vertex 0.808614 -4.99761 1.6
      vertex 1.1141 -5.11817 1.6
    endloop
  endfacet
  facet normal 0 0 -1
    outer loop
      vertex 0.729873 -4.98211 1.6
      vertex 0.769539 -4.98932 1.6
      vertex 1.1141 -5.11817 1.6
    endloop
  endfacet
  facet normal 0 0 -1
    outer loop
      vertex 0.689795 -4.97601 1.6
      vertex 0.729873 -4.98211 1.6
      vertex 1.1141 -5.11817 1.6
    endloop
  endfacet
  facet normal 0 0 -1
    outer loop
      vertex 0.34106 -4.9784 1.6
      vertex 0.568945 -4.96481 1.6
      vertex 0.609142 -4.96731 1.6
    endloop
  endfacet
  facet normal 0 0 -1
    outer loop
      vertex 0.34106 -4.9784 1.6
      vertex 0.413251 -4.96812 1.6
      vertex 0.45104 -4.9652 1.6
    endloop
  endfacet
  facet normal 0 0 -1
    outer loop
      vertex 0.34106 -4.9784 1.6
      vertex 0.37653 -4.97251 1.6
      vertex 0.413251 -4.96812 1.6
    endloop
  endfacet
  facet normal 0 0 -1
    outer loop
      vertex 0.489708 -4.96371 1.6
      vertex 0.34106 -4.9784 1.6
      vertex 0.45104 -4.9652 1.6
    endloop
  endfacet
  facet normal 0 -0 -1
    outer loop
      vertex 0.489708 -4.96371 1.6
      vertex 0.529067 -4.96359 1.6
      vertex 0.34106 -4.9784 1.6
    endloop
  endfacet
  facet normal 0 0 -1
    outer loop
      vertex 0.34106 -4.9784 1.6
      vertex 0.529067 -4.96359 1.6
      vertex 0.568945 -4.96481 1.6
    endloop
  endfacet
  facet normal -0 0 -1
    outer loop
      vertex 0.649486 -4.97105 1.6
      vertex 0.34106 -4.9784 1.6
      vertex 0.609142 -4.96731 1.6
    endloop
  endfacet
  facet normal 0 -0 -1
    outer loop
      vertex 0.689795 -4.97601 1.6
      vertex 1.1141 -5.11817 1.6
      vertex 0.34106 -4.9784 1.6
    endloop
  endfacet
  facet normal 0 0 -1
    outer loop
      vertex 0.34106 -4.9784 1.6
      vertex 1.1141 -5.11817 1.6
      vertex 1.14949 -5.1374 1.6
    endloop
  endfacet
  facet normal 0 0 -1
    outer loop
      vertex 0.247324 -4.99035 1.6
      vertex 1.14949 -5.1374 1.6
      vertex 1.18403 -5.15466 1.6
    endloop
  endfacet
  facet normal 0 0 -1
    outer loop
      vertex 1.21779 -5.16995 1.6
      vertex 0.247324 -4.99035 1.6
      vertex 1.18403 -5.15466 1.6
    endloop
  endfacet
  facet normal -0 0 -1
    outer loop
      vertex 1.21779 -5.16995 1.6
      vertex 0.081888 -10.0406 1.6
      vertex 0.247324 -4.99035 1.6
    endloop
  endfacet
  facet normal 0 0 -1
    outer loop
      vertex 0.247324 -4.99035 1.6
      vertex 0.081888 -10.0406 1.6
      vertex 0.142885 -4.99527 1.6
    endloop
  endfacet
  facet normal -0 0 -1
    outer loop
      vertex 0.142885 -4.99527 1.6
      vertex 0.081888 -10.0406 1.6
      vertex 0.0289101 -4.99347 1.6
    endloop
  endfacet
  facet normal 0 -0 -1
    outer loop
      vertex 0.0289101 -4.99347 1.6
      vertex 0.081888 -10.0406 1.6
      vertex -0.395645 -10.0161 1.6
    endloop
  endfacet
  facet normal 0 -0 -1
    outer loop
      vertex -0.0934324 -4.98528 1.6
      vertex 0.0289101 -4.99347 1.6
      vertex -0.395645 -10.0161 1.6
    endloop
  endfacet
  facet normal 0 0 -1
    outer loop
      vertex -0.510251 -10.0101 1.6
      vertex -0.0934324 -4.98528 1.6
      vertex -0.395645 -10.0161 1.6
    endloop
  endfacet
  facet normal 0 0 -1
    outer loop
      vertex -0.510251 -10.0101 1.6
      vertex -0.22298 -4.971 1.6
      vertex -0.0934324 -4.98528 1.6
    endloop
  endfacet
  facet normal 0 0 -1
    outer loop
      vertex -0.510251 -10.0101 1.6
      vertex -0.620828 -10.0054 1.6
      vertex -0.22298 -4.971 1.6
    endloop
  endfacet
  facet normal 0 0 -1
    outer loop
      vertex -0.620828 -10.0054 1.6
      vertex -0.727433 -10.0021 1.6
      vertex -0.358564 -4.95094 1.6
    endloop
  endfacet
  facet normal 0 0 -1
    outer loop
      vertex -0.358564 -4.95094 1.6
      vertex -0.727433 -10.0021 1.6
      vertex -0.830131 -10.0002 1.6
    endloop
  endfacet
  facet normal 0 -0 -1
    outer loop
      vertex -0.499016 -4.9254 1.6
      vertex -0.358564 -4.95094 1.6
      vertex -0.830131 -10.0002 1.6
    endloop
  endfacet
  facet normal 0 0 -1
    outer loop
      vertex -0.928982 -9.99963 1.6
      vertex -0.499016 -4.9254 1.6
      vertex -0.830131 -10.0002 1.6
    endloop
  endfacet
  facet normal -0 0 -1
    outer loop
      vertex -0.928982 -9.99963 1.6
      vertex -1.02405 -10.0005 1.6
      vertex -0.499016 -4.9254 1.6
    endloop
  endfacet
  facet normal -0 0 -1
    outer loop
      vertex -0.499016 -4.9254 1.6
      vertex -1.02405 -10.0005 1.6
      vertex -0.643174 -4.89472 1.6
    endloop
  endfacet
  facet normal 0 0 -1
    outer loop
      vertex -0.643174 -4.89472 1.6
      vertex -1.02405 -10.0005 1.6
      vertex -1.11538 -10.0027 1.6
    endloop
  endfacet
  facet normal 0 -0 -1
    outer loop
      vertex -0.78987 -4.85919 1.6
      vertex -0.643174 -4.89472 1.6
      vertex -1.11538 -10.0027 1.6
    endloop
  endfacet
  facet normal 0 0 -1
    outer loop
      vertex -1.20307 -10.0063 1.6
      vertex -0.78987 -4.85919 1.6
      vertex -1.11538 -10.0027 1.6
    endloop
  endfacet
  facet normal -0 0 -1
    outer loop
      vertex -1.20307 -10.0063 1.6
      vertex -1.28714 -10.0114 1.6
      vertex -0.78987 -4.85919 1.6
    endloop
  endfacet
  facet normal -0 0 -1
    outer loop
      vertex -0.78987 -4.85919 1.6
      vertex -1.28714 -10.0114 1.6
      vertex -0.937934 -4.81913 1.6
    endloop
  endfacet
  facet normal 0 0 -1
    outer loop
      vertex -0.937934 -4.81913 1.6
      vertex -1.28714 -10.0114 1.6
      vertex -1.36768 -10.0179 1.6
    endloop
  endfacet
  facet normal 0 0 -1
    outer loop
      vertex -1.44474 -10.0259 1.6
      vertex -0.937934 -4.81913 1.6
      vertex -1.36768 -10.0179 1.6
    endloop
  endfacet
  facet normal 0 0 -1
    outer loop
      vertex -1.44474 -10.0259 1.6
      vertex -1.0862 -4.77484 1.6
      vertex -0.937934 -4.81913 1.6
    endloop
  endfacet
  facet normal -0 0 -1
    outer loop
      vertex -1.44474 -10.0259 1.6
      vertex -1.51837 -10.0353 1.6
      vertex -1.0862 -4.77484 1.6
    endloop
  endfacet
  facet normal -0 0 -1
    outer loop
      vertex -1.0862 -4.77484 1.6
      vertex -1.51837 -10.0353 1.6
      vertex -1.23351 -4.72664 1.6
    endloop
  endfacet
  facet normal 0 0 -1
    outer loop
      vertex -1.23351 -4.72664 1.6
      vertex -1.51837 -10.0353 1.6
      vertex -1.58866 -10.0461 1.6
    endloop
  endfacet
  facet normal 0 0 -1
    outer loop
      vertex -1.65564 -10.0585 1.6
      vertex -1.23351 -4.72664 1.6
      vertex -1.58866 -10.0461 1.6
    endloop
  endfacet
  facet normal 0 0 -1
    outer loop
      vertex -1.65564 -10.0585 1.6
      vertex -1.37869 -4.67484 1.6
      vertex -1.23351 -4.72664 1.6
    endloop
  endfacet
  facet normal -0 0 -1
    outer loop
      vertex -1.65564 -10.0585 1.6
      vertex -1.7194 -10.0723 1.6
      vertex -1.37869 -4.67484 1.6
    endloop
  endfacet
  facet normal -0 0 -1
    outer loop
      vertex -1.37869 -4.67484 1.6
      vertex -1.7194 -10.0723 1.6
      vertex -1.52058 -4.61975 1.6
    endloop
  endfacet
  facet normal 0 0 -1
    outer loop
      vertex -1.52058 -4.61975 1.6
      vertex -1.7194 -10.0723 1.6
      vertex -1.77998 -10.0877 1.6
    endloop
  endfacet
  facet normal 0 0 -1
    outer loop
      vertex -1.83746 -10.1045 1.6
      vertex -1.52058 -4.61975 1.6
      vertex -1.77998 -10.0877 1.6
    endloop
  endfacet
  facet normal 0 0 -1
    outer loop
      vertex -1.83746 -10.1045 1.6
      vertex -1.658 -4.56169 1.6
      vertex -1.52058 -4.61975 1.6
    endloop
  endfacet
  facet normal -0 0 -1
    outer loop
      vertex -1.83746 -10.1045 1.6
      vertex -1.89188 -10.1229 1.6
      vertex -1.658 -4.56169 1.6
    endloop
  endfacet
  facet normal 0 0 -1
    outer loop
      vertex -4.09878 -9.90359 1.6
      vertex -1.91481 -4.43786 1.6
      vertex -4.00823 -9.94352 1.6
    endloop
  endfacet
  facet normal 0 0 -1
    outer loop
      vertex -4.1877 -9.86649 1.6
      vertex -2.03185 -4.37273 1.6
      vertex -1.91481 -4.43786 1.6
    endloop
  endfacet
  facet normal 0 0 -1
    outer loop
      vertex -4.45076 -9.77095 1.6
      vertex -2.13977 -4.30586 1.6
      vertex -4.36308 -9.8003 1.6
    endloop
  endfacet
  facet normal 0 -0 -1
    outer loop
      vertex -3.16891 -3.83716 1.6
      vertex -2.23739 -4.23757 1.6
      vertex -4.45076 -9.77095 1.6
    endloop
  endfacet
  facet normal 0 0 -1
    outer loop
      vertex -3.13813 -3.84369 1.6
      vertex -2.37087 -4.14673 1.6
      vertex -2.32551 -4.17638 1.6
    endloop
  endfacet
  facet normal 0 0 -1
    outer loop
      vertex -3.10895 -3.84844 1.6
      vertex -2.55601 -4.03701 1.6
      vertex -2.5096 -4.06288 1.6
    endloop
  endfacet
  facet normal 0 0 -1
    outer loop
      vertex -3.4919 -3.7118 1.6
      vertex -5.12187 -9.62268 1.6
      vertex -6.71763 -4.35974 1.6
    endloop
  endfacet
  facet normal 0 0 -1
    outer loop
      vertex -3.10895 -3.84844 1.6
      vertex -2.73672 -3.94685 1.6
      vertex -2.69271 -3.96717 1.6
    endloop
  endfacet
  facet normal 0 0 -1
    outer loop
      vertex -3.0815 -3.85135 1.6
      vertex -2.7796 -3.9282 1.6
      vertex -2.73672 -3.94685 1.6
    endloop
  endfacet
  facet normal 0 0 -1
    outer loop
      vertex -2.86109 -3.89634 1.6
      vertex -3.0815 -3.85135 1.6
      vertex -2.89927 -3.88336 1.6
    endloop
  endfacet
  facet normal -0 -0 -1
    outer loop
      vertex -3.00098 -3.85752 1.6
      vertex -2.96943 -3.86384 1.6
      vertex -3.05595 -3.85234 1.6
    endloop
  endfacet
  facet normal -0 -0 -1
    outer loop
      vertex -3.02989 -3.85365 1.6
      vertex -3.00098 -3.85752 1.6
      vertex -3.05595 -3.85234 1.6
    endloop
  endfacet
  facet normal 0 0 -1
    outer loop
      vertex -3.05595 -3.85234 1.6
      vertex -2.96943 -3.86384 1.6
      vertex -2.93545 -3.87249 1.6
    endloop
  endfacet
  facet normal 0 0 -1
    outer loop
      vertex -3.0815 -3.85135 1.6
      vertex -3.05595 -3.85234 1.6
      vertex -2.93545 -3.87249 1.6
    endloop
  endfacet
  facet normal 0 0 -1
    outer loop
      vertex -2.89927 -3.88336 1.6
      vertex -3.0815 -3.85135 1.6
      vertex -2.93545 -3.87249 1.6
    endloop
  endfacet
  facet normal -0 -0 -1
    outer loop
      vertex -2.86109 -3.89634 1.6
      vertex -2.82113 -3.91133 1.6
      vertex -3.0815 -3.85135 1.6
    endloop
  endfacet
  facet normal 0 0 -1
    outer loop
      vertex -3.0815 -3.85135 1.6
      vertex -2.82113 -3.91133 1.6
      vertex -2.7796 -3.9282 1.6
    endloop
  endfacet
  facet normal 0 0 -1
    outer loop
      vertex -3.10895 -3.84844 1.6
      vertex -3.0815 -3.85135 1.6
      vertex -2.73672 -3.94685 1.6
    endloop
  endfacet
  facet normal 0 0 -1
    outer loop
      vertex -2.64778 -3.98904 1.6
      vertex -3.10895 -3.84844 1.6
      vertex -2.69271 -3.96717 1.6
    endloop
  endfacet
  facet normal -0 -0 -1
    outer loop
      vertex -2.64778 -3.98904 1.6
      vertex -2.60214 -4.01236 1.6
      vertex -3.10895 -3.84844 1.6
    endloop
  endfacet
  facet normal 0 0 -1
    outer loop
      vertex -3.10895 -3.84844 1.6
      vertex -2.60214 -4.01236 1.6
      vertex -2.55601 -4.03701 1.6
    endloop
  endfacet
  facet normal 0 0 -1
    outer loop
      vertex -3.13813 -3.84369 1.6
      vertex -3.10895 -3.84844 1.6
      vertex -2.5096 -4.06288 1.6
    endloop
  endfacet
  facet normal 0 0 -1
    outer loop
      vertex -2.46314 -4.08987 1.6
      vertex -3.13813 -3.84369 1.6
      vertex -2.5096 -4.06288 1.6
    endloop
  endfacet
  facet normal -0 -0 -1
    outer loop
      vertex -2.46314 -4.08987 1.6
      vertex -2.41682 -4.11785 1.6
      vertex -3.13813 -3.84369 1.6
    endloop
  endfacet
  facet normal 0 0 -1
    outer loop
      vertex -5.74244 -9.56079 1.6
      vertex -6.74967 -4.38574 1.6
      vertex -5.60441 -9.57121 1.6
    endloop
  endfacet
  facet normal 0 0 -1
    outer loop
      vertex -3.13813 -3.84369 1.6
      vertex -2.41682 -4.11785 1.6
      vertex -2.37087 -4.14673 1.6
    endloop
  endfacet
  facet normal 0 0 -1
    outer loop
      vertex -5.12187 -9.62268 1.6
      vertex -5.2333 -9.60808 1.6
      vertex -6.72721 -4.36974 1.6
    endloop
  endfacet
  facet normal 0 0 -1
    outer loop
      vertex -2.28094 -4.2067 1.6
      vertex -3.13813 -3.84369 1.6
      vertex -2.32551 -4.17638 1.6
    endloop
  endfacet
  facet normal -0 -0 -1
    outer loop
      vertex -2.28094 -4.2067 1.6
      vertex -2.23739 -4.23757 1.6
      vertex -3.13813 -3.84369 1.6
    endloop
  endfacet
  facet normal -0 -0 -1
    outer loop
      vertex -3.13813 -3.84369 1.6
      vertex -2.23739 -4.23757 1.6
      vertex -3.16891 -3.83716 1.6
    endloop
  endfacet
  facet normal -0 0 -1
    outer loop
      vertex -3.2692 -3.80778 1.6
      vertex -4.72119 -9.6962 1.6
      vertex -3.30479 -3.79497 1.6
    endloop
  endfacet
  facet normal -0 0 -1
    outer loop
      vertex -3.41583 -3.74858 1.6
      vertex -5.01556 -9.63866 1.6
      vertex -3.45376 -3.73072 1.6
    endloop
  endfacet
  facet normal -0 0 -1
    outer loop
      vertex -3.45376 -3.73072 1.6
      vertex -5.01556 -9.63866 1.6
      vertex -3.4919 -3.7118 1.6
    endloop
  endfacet
  facet normal 0 0 -1
    outer loop
      vertex -6.73791 -4.3784 1.6
      vertex -5.35045 -9.59473 1.6
      vertex -5.47395 -9.58248 1.6
    endloop
  endfacet
  facet normal 0 0 -1
    outer loop
      vertex -5.88865 -9.55108 1.6
      vertex -6.76245 -4.39174 1.6
      vertex -6.74967 -4.38574 1.6
    endloop
  endfacet
  facet normal 0 0 -1
    outer loop
      vertex -6.70918 -4.3484 1.6
      vertex -4.6393 -3.28982 1.6
      vertex -4.51767 -3.30685 1.6
    endloop
  endfacet
  facet normal 0 0 -1
    outer loop
      vertex -6.69589 -4.32173 1.6
      vertex -5.25572 -3.26031 1.6
      vertex -5.13505 -3.25839 1.6
    endloop
  endfacet
  facet normal 0 -0 -1
    outer loop
      vertex -6.67079 -4.17709 1.6
      vertex -6.65393 -4.13378 1.6
      vertex -6.68558 -4.27172 1.6
    endloop
  endfacet
  facet normal 0 0 -1
    outer loop
      vertex -5.592 -3.2915 1.6
      vertex -6.18752 -3.57222 1.6
      vertex -6.13235 -3.5273 1.6
    endloop
  endfacet
  facet normal 0 0 -1
    outer loop
      vertex -6.68768 -4.28973 1.6
      vertex -6.60301 -4.03847 1.6
      vertex -6.56994 -3.98756 1.6
    endloop
  endfacet
  facet normal 0 0 -1
    outer loop
      vertex -3.6803 -3.60391 1.6
      vertex -4.39918 -3.32729 1.6
      vertex -4.28497 -3.35105 1.6
    endloop
  endfacet
  facet normal 0 0 -1
    outer loop
      vertex -3.71644 -3.58022 1.6
      vertex -4.17613 -3.37797 1.6
      vertex -4.07379 -3.40795 1.6
    endloop
  endfacet
  facet normal -0 -0 -1
    outer loop
      vertex -3.75172 -3.55601 1.6
      vertex -3.71644 -3.58022 1.6
      vertex -3.97907 -3.44088 1.6
    endloop
  endfacet
  facet normal -0 -0 -1
    outer loop
      vertex -3.81691 -3.51502 1.6
      vertex -3.75172 -3.55601 1.6
      vertex -3.89307 -3.4766 1.6
    endloop
  endfacet
  facet normal 0 0 -1
    outer loop
      vertex -7.06409 -9.46276 1.6
      vertex -7.24485 -9.43739 1.6
      vertex -6.823 -4.40241 1.6
    endloop
  endfacet
  facet normal -0 -0 -1
    outer loop
      vertex -3.89307 -3.4766 1.6
      vertex -3.75172 -3.55601 1.6
      vertex -3.97907 -3.44088 1.6
    endloop
  endfacet
  facet normal -0 -0 -1
    outer loop
      vertex -3.97907 -3.44088 1.6
      vertex -3.71644 -3.58022 1.6
      vertex -4.07379 -3.40795 1.6
    endloop
  endfacet
  facet normal -0 -0 -1
    outer loop
      vertex -3.71644 -3.58022 1.6
      vertex -3.6803 -3.60391 1.6
      vertex -4.17613 -3.37797 1.6
    endloop
  endfacet
  facet normal -0 -0 -1
    outer loop
      vertex -4.17613 -3.37797 1.6
      vertex -3.6803 -3.60391 1.6
      vertex -4.28497 -3.35105 1.6
    endloop
  endfacet
  facet normal -0 -0 -1
    outer loop
      vertex -3.6803 -3.60391 1.6
      vertex -3.64344 -3.627 1.6
      vertex -4.39918 -3.32729 1.6
    endloop
  endfacet
  facet normal 0 0 -1
    outer loop
      vertex -5.13505 -3.25839 1.6
      vertex -6.70192 -4.33573 1.6
      vertex -6.69589 -4.32173 1.6
    endloop
  endfacet
  facet normal 0 0 -1
    outer loop
      vertex -6.60301 -4.03847 1.6
      vertex -6.68558 -4.27172 1.6
      vertex -6.63117 -4.08739 1.6
    endloop
  endfacet
  facet normal 0 0 -1
    outer loop
      vertex -6.60301 -4.03847 1.6
      vertex -6.68768 -4.28973 1.6
      vertex -6.68558 -4.27172 1.6
    endloop
  endfacet
  facet normal 0 0 -1
    outer loop
      vertex -5.48531 -3.27674 1.6
      vertex -6.29589 -3.66992 1.6
      vertex -6.24219 -3.61993 1.6
    endloop
  endfacet
  facet normal 0 -0 -1
    outer loop
      vertex -6.18752 -3.57222 1.6
      vertex -5.48531 -3.27674 1.6
      vertex -6.24219 -3.61993 1.6
    endloop
  endfacet
  facet normal 0 0 -1
    outer loop
      vertex -5.69181 -3.31077 1.6
      vertex -6.07718 -3.48572 1.6
      vertex -6.0225 -3.448 1.6
    endloop
  endfacet
  facet normal 0 0 -1
    outer loop
      vertex -5.78363 -3.3347 1.6
      vertex -5.9688 -3.41468 1.6
      vertex -5.91658 -3.38631 1.6
    endloop
  endfacet
  facet normal 0 -0 -1
    outer loop
      vertex -5.86631 -3.36339 1.6
      vertex -5.78363 -3.3347 1.6
      vertex -5.91658 -3.38631 1.6
    endloop
  endfacet
  facet normal 0 0 -1
    outer loop
      vertex -5.78363 -3.3347 1.6
      vertex -6.0225 -3.448 1.6
      vertex -5.9688 -3.41468 1.6
    endloop
  endfacet
  facet normal 0 -0 -1
    outer loop
      vertex -5.78363 -3.3347 1.6
      vertex -5.69181 -3.31077 1.6
      vertex -6.0225 -3.448 1.6
    endloop
  endfacet
  facet normal 0 0 -1
    outer loop
      vertex -5.69181 -3.31077 1.6
      vertex -6.13235 -3.5273 1.6
      vertex -6.07718 -3.48572 1.6
    endloop
  endfacet
  facet normal 0 -0 -1
    outer loop
      vertex -5.69181 -3.31077 1.6
      vertex -5.592 -3.2915 1.6
      vertex -6.13235 -3.5273 1.6
    endloop
  endfacet
  facet normal 0 -0 -1
    outer loop
      vertex -5.592 -3.2915 1.6
      vertex -5.48531 -3.27674 1.6
      vertex -6.18752 -3.57222 1.6
    endloop
  endfacet
  facet normal 0 0 -1
    outer loop
      vertex -6.69113 -4.3064 1.6
      vertex -6.44618 -3.82813 1.6
      vertex -6.39838 -3.77455 1.6
    endloop
  endfacet
  facet normal 0 0 -1
    outer loop
      vertex -6.69113 -4.3064 1.6
      vertex -6.49104 -3.88185 1.6
      vertex -6.44618 -3.82813 1.6
    endloop
  endfacet
  facet normal 0 0 -1
    outer loop
      vertex -6.68768 -4.28973 1.6
      vertex -6.53246 -3.93517 1.6
      vertex -6.49104 -3.88185 1.6
    endloop
  endfacet
  facet normal 0 0 -1
    outer loop
      vertex -6.68558 -4.27172 1.6
      vertex -6.65393 -4.13378 1.6
      vertex -6.63117 -4.08739 1.6
    endloop
  endfacet
  facet normal 0 -0 -1
    outer loop
      vertex -6.68127 -4.21681 1.6
      vertex -6.67079 -4.17709 1.6
      vertex -6.68487 -4.25239 1.6
    endloop
  endfacet
  facet normal 0 -0 -1
    outer loop
      vertex -6.68487 -4.25239 1.6
      vertex -6.67079 -4.17709 1.6
      vertex -6.68558 -4.27172 1.6
    endloop
  endfacet
  facet normal 0 -0 -1
    outer loop
      vertex -6.56994 -3.98756 1.6
      vertex -6.53246 -3.93517 1.6
      vertex -6.68768 -4.28973 1.6
    endloop
  endfacet
  facet normal 0 -0 -1
    outer loop
      vertex -6.68768 -4.28973 1.6
      vertex -6.49104 -3.88185 1.6
      vertex -6.69113 -4.3064 1.6
    endloop
  endfacet
  facet normal 0 0 -1
    outer loop
      vertex -6.69113 -4.3064 1.6
      vertex -6.39838 -3.77455 1.6
      vertex -6.34812 -3.72163 1.6
    endloop
  endfacet
  facet normal 0 0 -1
    outer loop
      vertex -6.69589 -4.32173 1.6
      vertex -6.69113 -4.3064 1.6
      vertex -6.29589 -3.66992 1.6
    endloop
  endfacet
  facet normal 0 0 -1
    outer loop
      vertex -5.48531 -3.27674 1.6
      vertex -6.69589 -4.32173 1.6
      vertex -6.29589 -3.66992 1.6
    endloop
  endfacet
  facet normal 0 -0 -1
    outer loop
      vertex -5.48531 -3.27674 1.6
      vertex -5.37284 -3.26639 1.6
      vertex -6.69589 -4.32173 1.6
    endloop
  endfacet
  facet normal 0 0 -1
    outer loop
      vertex -6.69589 -4.32173 1.6
      vertex -5.37284 -3.26639 1.6
      vertex -5.25572 -3.26031 1.6
    endloop
  endfacet
  facet normal 0 0 -1
    outer loop
      vertex -6.70192 -4.33573 1.6
      vertex -5.13505 -3.25839 1.6
      vertex -5.01196 -3.2605 1.6
    endloop
  endfacet
  facet normal 0 0 -1
    outer loop
      vertex -10.6145 -6.01912 1.6
      vertex -10.5325 -5.94102 1.6
      vertex -10.1811 -8.23831 1.6
    endloop
  endfacet
  facet normal -0 0 -1
    outer loop
      vertex -4.88756 -3.26653 1.6
      vertex -6.70192 -4.33573 1.6
      vertex -5.01196 -3.2605 1.6
    endloop
  endfacet
  facet normal 0 -0 -1
    outer loop
      vertex -7.98131 -4.28969 1.6
      vertex -7.59743 -4.21112 1.6
      vertex -8.04443 -4.32672 1.6
    endloop
  endfacet
  facet normal 0 -0 -1
    outer loop
      vertex -4.88756 -3.26653 1.6
      vertex -4.76297 -3.27634 1.6
      vertex -6.70192 -4.33573 1.6
    endloop
  endfacet
  facet normal 0 0 -1
    outer loop
      vertex -8.17933 -4.42319 1.6
      vertex -8.11009 -4.37116 1.6
      vertex -7.44246 -4.23456 1.6
    endloop
  endfacet
  facet normal 0 -0 -1
    outer loop
      vertex -6.70192 -4.33573 1.6
      vertex -4.76297 -3.27634 1.6
      vertex -6.70918 -4.3484 1.6
    endloop
  endfacet
  facet normal 0 -0 -1
    outer loop
      vertex -7.15598 -4.31046 1.6
      vertex -7.0419 -4.34577 1.6
      vertex -8.41897 -4.62711 1.6
    endloop
  endfacet
  facet normal 0 0 -1
    outer loop
      vertex -6.70918 -4.3484 1.6
      vertex -4.76297 -3.27634 1.6
      vertex -4.6393 -3.28982 1.6
    endloop
  endfacet
  facet normal 0 -0 -1
    outer loop
      vertex -8.51297 -4.71171 1.6
      vertex -6.9168 -4.38574 1.6
      vertex -8.56746 -4.76057 1.6
    endloop
  endfacet
  facet normal -0 0 -1
    outer loop
      vertex -4.39918 -3.32729 1.6
      vertex -6.70918 -4.3484 1.6
      vertex -4.51767 -3.30685 1.6
    endloop
  endfacet
  facet normal 0 -0 -1
    outer loop
      vertex -9.92707 -5.55777 1.6
      vertex -9.80889 -5.50999 1.6
      vertex -9.96084 -8.33799 1.6
    endloop
  endfacet
  facet normal 0 -0 -1
    outer loop
      vertex -4.39918 -3.32729 1.6
      vertex -3.64344 -3.627 1.6
      vertex -6.70918 -4.3484 1.6
    endloop
  endfacet
  facet normal 0 0 -1
    outer loop
      vertex -8.68543 -9.02104 1.6
      vertex -8.99669 -5.08864 1.6
      vertex -8.93247 -5.04444 1.6
    endloop
  endfacet
  facet normal 0 0 -1
    outer loop
      vertex -6.70918 -4.3484 1.6
      vertex -3.64344 -3.627 1.6
      vertex -3.60601 -3.64941 1.6
    endloop
  endfacet
  facet normal 0 0 -1
    outer loop
      vertex -7.58888 -9.37552 1.6
      vertex -6.85835 -4.39974 1.6
      vertex -7.41954 -9.40838 1.6
    endloop
  endfacet
  facet normal 0 0 -1
    outer loop
      vertex -6.71763 -4.35974 1.6
      vertex -6.70918 -4.3484 1.6
      vertex -3.60601 -3.64941 1.6
    endloop
  endfacet
  facet normal -0 0 -1
    outer loop
      vertex -3.56818 -3.67106 1.6
      vertex -6.71763 -4.35974 1.6
      vertex -3.60601 -3.64941 1.6
    endloop
  endfacet
  facet normal 0 -0 -1
    outer loop
      vertex -3.56818 -3.67106 1.6
      vertex -3.53009 -3.69189 1.6
      vertex -6.71763 -4.35974 1.6
    endloop
  endfacet
  facet normal 0 0 -1
    outer loop
      vertex -6.71763 -4.35974 1.6
      vertex -3.53009 -3.69189 1.6
      vertex -3.4919 -3.7118 1.6
    endloop
  endfacet
  facet normal 0 0 -1
    outer loop
      vertex -6.72721 -4.36974 1.6
      vertex -5.2333 -9.60808 1.6
      vertex -5.35045 -9.59473 1.6
    endloop
  endfacet
  facet normal 0 0 -1
    outer loop
      vertex -5.74244 -9.56079 1.6
      vertex -5.88865 -9.55108 1.6
      vertex -6.74967 -4.38574 1.6
    endloop
  endfacet
  facet normal 0 0 -1
    outer loop
      vertex -5.88865 -9.55108 1.6
      vertex -6.04367 -9.54194 1.6
      vertex -6.76245 -4.39174 1.6
    endloop
  endfacet
  facet normal 0 0 -1
    outer loop
      vertex -6.26572 -9.53179 1.6
      vertex -6.47806 -9.519 1.6
      vertex -6.77622 -4.39641 1.6
    endloop
  endfacet
  facet normal 0 0 -1
    outer loop
      vertex -6.04367 -9.54194 1.6
      vertex -6.26572 -9.53179 1.6
      vertex -6.77622 -4.39641 1.6
    endloop
  endfacet
  facet normal 0 0 -1
    outer loop
      vertex -6.79093 -4.39974 1.6
      vertex -6.47806 -9.519 1.6
      vertex -6.68142 -9.50337 1.6
    endloop
  endfacet
  facet normal 0 -0 -1
    outer loop
      vertex -8.68314 -4.85764 1.6
      vertex -7.91441 -9.29746 1.6
      vertex -8.7437 -4.90551 1.6
    endloop
  endfacet
  facet normal 0 -0 -1
    outer loop
      vertex -9.43193 -5.35137 1.6
      vertex -9.37351 -5.32001 1.6
      vertex -9.46796 -8.60849 1.6
    endloop
  endfacet
  facet normal 0 0 -1
    outer loop
      vertex -8.68314 -4.85764 1.6
      vertex -8.62429 -4.80927 1.6
      vertex -6.87715 -4.39641 1.6
    endloop
  endfacet
  facet normal 0 0 -1
    outer loop
      vertex -7.26007 -4.28001 1.6
      vertex -8.33273 -4.55096 1.6
      vertex -8.2532 -4.48306 1.6
    endloop
  endfacet
  facet normal 0 -0 -1
    outer loop
      vertex -7.73333 -4.21137 1.6
      vertex -7.66724 -4.20818 1.6
      vertex -7.91969 -4.25986 1.6
    endloop
  endfacet
  facet normal 0 -0 -1
    outer loop
      vertex -7.79674 -4.2209 1.6
      vertex -7.73333 -4.21137 1.6
      vertex -7.85851 -4.237 1.6
    endloop
  endfacet
  facet normal 0 -0 -1
    outer loop
      vertex -7.85851 -4.237 1.6
      vertex -7.73333 -4.21137 1.6
      vertex -7.91969 -4.25986 1.6
    endloop
  endfacet
  facet normal 0 -0 -1
    outer loop
      vertex -7.91969 -4.25986 1.6
      vertex -7.66724 -4.20818 1.6
      vertex -7.98131 -4.28969 1.6
    endloop
  endfacet
  facet normal 0 0 -1
    outer loop
      vertex -7.98131 -4.28969 1.6
      vertex -7.66724 -4.20818 1.6
      vertex -7.59743 -4.21112 1.6
    endloop
  endfacet
  facet normal 0 0 -1
    outer loop
      vertex -8.04443 -4.32672 1.6
      vertex -7.59743 -4.21112 1.6
      vertex -7.52285 -4.21999 1.6
    endloop
  endfacet
  facet normal 0 0 -1
    outer loop
      vertex -8.11009 -4.37116 1.6
      vertex -8.04443 -4.32672 1.6
      vertex -7.52285 -4.21999 1.6
    endloop
  endfacet
  facet normal -0 0 -1
    outer loop
      vertex -7.44246 -4.23456 1.6
      vertex -8.11009 -4.37116 1.6
      vertex -7.52285 -4.21999 1.6
    endloop
  endfacet
  facet normal -0 0 -1
    outer loop
      vertex -7.35521 -4.25464 1.6
      vertex -8.17933 -4.42319 1.6
      vertex -7.44246 -4.23456 1.6
    endloop
  endfacet
  facet normal 0 0 -1
    outer loop
      vertex -7.35521 -4.25464 1.6
      vertex -8.2532 -4.48306 1.6
      vertex -8.17933 -4.42319 1.6
    endloop
  endfacet
  facet normal 0 -0 -1
    outer loop
      vertex -7.35521 -4.25464 1.6
      vertex -7.26007 -4.28001 1.6
      vertex -8.2532 -4.48306 1.6
    endloop
  endfacet
  facet normal 0 -0 -1
    outer loop
      vertex -7.26007 -4.28001 1.6
      vertex -7.15598 -4.31046 1.6
      vertex -8.33273 -4.55096 1.6
    endloop
  endfacet
  facet normal 0 -0 -1
    outer loop
      vertex -8.33273 -4.55096 1.6
      vertex -7.15598 -4.31046 1.6
      vertex -8.41897 -4.62711 1.6
    endloop
  endfacet
  facet normal 0 -0 -1
    outer loop
      vertex -8.41897 -4.62711 1.6
      vertex -7.0419 -4.34577 1.6
      vertex -8.51297 -4.71171 1.6
    endloop
  endfacet
  facet normal 0 0 -1
    outer loop
      vertex -8.51297 -4.71171 1.6
      vertex -7.0419 -4.34577 1.6
      vertex -6.9168 -4.38574 1.6
    endloop
  endfacet
  facet normal 0 0 -1
    outer loop
      vertex -10.3953 -8.16263 1.6
      vertex -11.082 -7.35004 1.6
      vertex -11.0886 -7.25986 1.6
    endloop
  endfacet
  facet normal 0 0 -1
    outer loop
      vertex -8.56746 -4.76057 1.6
      vertex -6.9168 -4.38574 1.6
      vertex -6.89665 -4.39174 1.6
    endloop
  endfacet
  facet normal 0 0 -1
    outer loop
      vertex -10.2303 -8.21841 1.6
      vertex -10.2766 -8.20078 1.6
      vertex -10.7608 -6.18574 1.6
    endloop
  endfacet
  facet normal 0 0 -1
    outer loop
      vertex -8.62429 -4.80927 1.6
      vertex -8.56746 -4.76057 1.6
      vertex -6.89665 -4.39174 1.6
    endloop
  endfacet
  facet normal -0 0 -1
    outer loop
      vertex -6.87715 -4.39641 1.6
      vertex -8.62429 -4.80927 1.6
      vertex -6.89665 -4.39174 1.6
    endloop
  endfacet
  facet normal 0 0 -1
    outer loop
      vertex -8.53321 -9.08641 1.6
      vertex -8.86868 -4.99907 1.6
      vertex -8.38072 -9.14655 1.6
    endloop
  endfacet
  facet normal 0 0 -1
    outer loop
      vertex -8.68543 -9.02104 1.6
      vertex -8.93247 -5.04444 1.6
      vertex -8.53321 -9.08641 1.6
    endloop
  endfacet
  facet normal 0 0 -1
    outer loop
      vertex -9.25164 -5.25044 1.6
      vertex -9.18883 -5.21257 1.6
      vertex -9.14775 -8.79145 1.6
    endloop
  endfacet
  facet normal 0 0 -1
    outer loop
      vertex -9.31331 -5.2863 1.6
      vertex -9.25164 -5.25044 1.6
      vertex -9.30617 -8.70309 1.6
    endloop
  endfacet
  facet normal 0 0 -1
    outer loop
      vertex -9.59199 -8.53442 1.6
      vertex -9.48826 -5.38024 1.6
      vertex -9.52971 -8.57106 1.6
    endloop
  endfacet
  facet normal 0 0 -1
    outer loop
      vertex -9.90137 -8.36733 1.6
      vertex -9.68624 -5.46736 1.6
      vertex -9.84073 -8.3982 1.6
    endloop
  endfacet
  facet normal 0 0 -1
    outer loop
      vertex -9.84073 -8.3982 1.6
      vertex -9.68624 -5.46736 1.6
      vertex -9.64147 -5.45016 1.6
    endloop
  endfacet
  facet normal 0 -0 -1
    outer loop
      vertex -10.0406 -5.61047 1.6
      vertex -10.0188 -8.3103 1.6
      vertex -10.1493 -5.66792 1.6
    endloop
  endfacet
  facet normal 0 0 -1
    outer loop
      vertex -10.075 -8.28437 1.6
      vertex -10.1292 -8.26033 1.6
      vertex -10.253 -5.72989 1.6
    endloop
  endfacet
  facet normal 0 0 -1
    outer loop
      vertex -10.1292 -8.26033 1.6
      vertex -10.4448 -5.86664 1.6
      vertex -10.3516 -5.7962 1.6
    endloop
  endfacet
  facet normal 0 0 -1
    outer loop
      vertex -10.9332 -6.45868 1.6
      vertex -10.8822 -6.3649 1.6
      vertex -10.2766 -8.20078 1.6
    endloop
  endfacet
  facet normal 0 -0 -1
    outer loop
      vertex -10.9774 -6.55499 1.6
      vertex -10.3198 -8.18552 1.6
      vertex -11.0147 -6.65364 1.6
    endloop
  endfacet
  facet normal 0 0 -1
    outer loop
      vertex -10.3594 -8.17276 1.6
      vertex -11.0679 -6.85713 1.6
      vertex -10.3198 -8.18552 1.6
    endloop
  endfacet
  facet normal 0 -0 -1
    outer loop
      vertex -11.0914 -7.06755 1.6
      vertex -10.3594 -8.17276 1.6
      vertex -11.0917 -7.16566 1.6
    endloop
  endfacet
  facet normal 0 0 -1
    outer loop
      vertex -10.5945 -8.13689 1.6
      vertex -10.6487 -8.12172 1.6
      vertex -10.8353 -8.0037 1.6
    endloop
  endfacet
  facet normal 0 0 -1
    outer loop
      vertex -10.8353 -8.0037 1.6
      vertex -10.6487 -8.12172 1.6
      vertex -10.7932 -8.04156 1.6
    endloop
  endfacet
  facet normal 0 0 -1
    outer loop
      vertex -10.9727 -7.7998 1.6
      vertex -10.9991 -7.73632 1.6
      vertex -10.4775 -8.14917 1.6
    endloop
  endfacet
  facet normal 0 0 -1
    outer loop
      vertex -11.0223 -7.66809 1.6
      vertex -11.0422 -7.59522 1.6
      vertex -10.4546 -8.15071 1.6
    endloop
  endfacet
  facet normal 0 0 -1
    outer loop
      vertex -10.4546 -8.15071 1.6
      vertex -11.0588 -7.51784 1.6
      vertex -10.4271 -8.15523 1.6
    endloop
  endfacet
  facet normal 0 0 -1
    outer loop
      vertex -10.4271 -8.15523 1.6
      vertex -11.0588 -7.51784 1.6
      vertex -11.0721 -7.43607 1.6
    endloop
  endfacet
  facet normal 0 0 -1
    outer loop
      vertex -11.0588 -7.51784 1.6
      vertex -10.4546 -8.15071 1.6
      vertex -11.0422 -7.59522 1.6
    endloop
  endfacet
  facet normal 0 0 -1
    outer loop
      vertex -11.082 -7.35004 1.6
      vertex -10.4271 -8.15523 1.6
      vertex -11.0721 -7.43607 1.6
    endloop
  endfacet
  facet normal 0 0 -1
    outer loop
      vertex -11.082 -7.35004 1.6
      vertex -10.3953 -8.16263 1.6
      vertex -10.4271 -8.15523 1.6
    endloop
  endfacet
  facet normal 0 0 -1
    outer loop
      vertex -10.9991 -7.73632 1.6
      vertex -11.0223 -7.66809 1.6
      vertex -10.4546 -8.15071 1.6
    endloop
  endfacet
  facet normal 0 0 -1
    outer loop
      vertex -10.4775 -8.14917 1.6
      vertex -10.9991 -7.73632 1.6
      vertex -10.4546 -8.15071 1.6
    endloop
  endfacet
  facet normal 0 0 -1
    outer loop
      vertex -10.9431 -7.85839 1.6
      vertex -10.9727 -7.7998 1.6
      vertex -10.4775 -8.14917 1.6
    endloop
  endfacet
  facet normal 0 0 -1
    outer loop
      vertex -10.9103 -7.912 1.6
      vertex -10.4775 -8.14917 1.6
      vertex -10.5375 -8.14608 1.6
    endloop
  endfacet
  facet normal 0 0 -1
    outer loop
      vertex -10.8743 -7.96046 1.6
      vertex -10.5375 -8.14608 1.6
      vertex -10.5945 -8.13689 1.6
    endloop
  endfacet
  facet normal 0 0 -1
    outer loop
      vertex -10.8353 -8.0037 1.6
      vertex -10.8743 -7.96046 1.6
      vertex -10.5945 -8.13689 1.6
    endloop
  endfacet
  facet normal 0 0 -1
    outer loop
      vertex -10.7932 -8.04156 1.6
      vertex -10.6998 -8.10069 1.6
      vertex -10.748 -8.07393 1.6
    endloop
  endfacet
  facet normal 0 0 -1
    outer loop
      vertex -10.7932 -8.04156 1.6
      vertex -10.6487 -8.12172 1.6
      vertex -10.6998 -8.10069 1.6
    endloop
  endfacet
  facet normal 0 0 -1
    outer loop
      vertex -10.5375 -8.14608 1.6
      vertex -10.8743 -7.96046 1.6
      vertex -10.9103 -7.912 1.6
    endloop
  endfacet
  facet normal 0 0 -1
    outer loop
      vertex -10.4775 -8.14917 1.6
      vertex -10.9103 -7.912 1.6
      vertex -10.9431 -7.85839 1.6
    endloop
  endfacet
  facet normal 0 0 -1
    outer loop
      vertex -11.0917 -7.16566 1.6
      vertex -10.3953 -8.16263 1.6
      vertex -11.0886 -7.25986 1.6
    endloop
  endfacet
  facet normal 0 0 -1
    outer loop
      vertex -11.0917 -7.16566 1.6
      vertex -10.3594 -8.17276 1.6
      vertex -10.3953 -8.16263 1.6
    endloop
  endfacet
  facet normal 0 0 -1
    outer loop
      vertex -11.0914 -7.06755 1.6
      vertex -11.0835 -6.96157 1.6
      vertex -10.3594 -8.17276 1.6
    endloop
  endfacet
  facet normal 0 0 -1
    outer loop
      vertex -10.3594 -8.17276 1.6
      vertex -11.0835 -6.96157 1.6
      vertex -11.0679 -6.85713 1.6
    endloop
  endfacet
  facet normal 0 0 -1
    outer loop
      vertex -10.3198 -8.18552 1.6
      vertex -11.0679 -6.85713 1.6
      vertex -11.0449 -6.75442 1.6
    endloop
  endfacet
  facet normal 0 -0 -1
    outer loop
      vertex -11.0147 -6.65364 1.6
      vertex -10.3198 -8.18552 1.6
      vertex -11.0449 -6.75442 1.6
    endloop
  endfacet
  facet normal 0 0 -1
    outer loop
      vertex -10.9774 -6.55499 1.6
      vertex -10.9332 -6.45868 1.6
      vertex -10.3198 -8.18552 1.6
    endloop
  endfacet
  facet normal 0 0 -1
    outer loop
      vertex -10.3198 -8.18552 1.6
      vertex -10.9332 -6.45868 1.6
      vertex -10.2766 -8.20078 1.6
    endloop
  endfacet
  facet normal 0 0 -1
    outer loop
      vertex -10.2766 -8.20078 1.6
      vertex -10.8822 -6.3649 1.6
      vertex -10.8247 -6.27386 1.6
    endloop
  endfacet
  facet normal 0 -0 -1
    outer loop
      vertex -10.7608 -6.18574 1.6
      vertex -10.2766 -8.20078 1.6
      vertex -10.8247 -6.27386 1.6
    endloop
  endfacet
  facet normal 0 -0 -1
    outer loop
      vertex -10.6907 -6.10077 1.6
      vertex -10.2303 -8.21841 1.6
      vertex -10.7608 -6.18574 1.6
    endloop
  endfacet
  facet normal 0 0 -1
    outer loop
      vertex -10.6907 -6.10077 1.6
      vertex -10.6145 -6.01912 1.6
      vertex -10.2303 -8.21841 1.6
    endloop
  endfacet
  facet normal 0 0 -1
    outer loop
      vertex -10.2303 -8.21841 1.6
      vertex -10.6145 -6.01912 1.6
      vertex -10.1811 -8.23831 1.6
    endloop
  endfacet
  facet normal 0 0 -1
    outer loop
      vertex -10.1811 -8.23831 1.6
      vertex -10.5325 -5.94102 1.6
      vertex -10.4448 -5.86664 1.6
    endloop
  endfacet
  facet normal 0 0 -1
    outer loop
      vertex -10.1292 -8.26033 1.6
      vertex -10.1811 -8.23831 1.6
      vertex -10.4448 -5.86664 1.6
    endloop
  endfacet
  facet normal 0 -0 -1
    outer loop
      vertex -10.253 -5.72989 1.6
      vertex -10.1292 -8.26033 1.6
      vertex -10.3516 -5.7962 1.6
    endloop
  endfacet
  facet normal 0 -0 -1
    outer loop
      vertex -10.1493 -5.66792 1.6
      vertex -10.075 -8.28437 1.6
      vertex -10.253 -5.72989 1.6
    endloop
  endfacet
  facet normal 0 0 -1
    outer loop
      vertex -10.1493 -5.66792 1.6
      vertex -10.0188 -8.3103 1.6
      vertex -10.075 -8.28437 1.6
    endloop
  endfacet
  facet normal 0 0 -1
    outer loop
      vertex -10.0406 -5.61047 1.6
      vertex -9.92707 -5.55777 1.6
      vertex -10.0188 -8.3103 1.6
    endloop
  endfacet
  facet normal 0 0 -1
    outer loop
      vertex -10.0188 -8.3103 1.6
      vertex -9.92707 -5.55777 1.6
      vertex -9.96084 -8.33799 1.6
    endloop
  endfacet
  facet normal 0 0 -1
    outer loop
      vertex -9.96084 -8.33799 1.6
      vertex -9.80889 -5.50999 1.6
      vertex -9.90137 -8.36733 1.6
    endloop
  endfacet
  facet normal 0 0 -1
    outer loop
      vertex -9.90137 -8.36733 1.6
      vertex -9.80889 -5.50999 1.6
      vertex -9.68624 -5.46736 1.6
    endloop
  endfacet
  facet normal 0 0 -1
    outer loop
      vertex -9.84073 -8.3982 1.6
      vertex -9.64147 -5.45016 1.6
      vertex -9.77918 -8.43046 1.6
    endloop
  endfacet
  facet normal 0 0 -1
    outer loop
      vertex -9.77918 -8.43046 1.6
      vertex -9.64147 -5.45016 1.6
      vertex -9.71701 -8.46399 1.6
    endloop
  endfacet
  facet normal 0 0 -1
    outer loop
      vertex -9.71701 -8.46399 1.6
      vertex -9.64147 -5.45016 1.6
      vertex -9.59334 -5.42979 1.6
    endloop
  endfacet
  facet normal 0 0 -1
    outer loop
      vertex -9.65452 -8.49869 1.6
      vertex -9.71701 -8.46399 1.6
      vertex -9.59334 -5.42979 1.6
    endloop
  endfacet
  facet normal 0 0 -1
    outer loop
      vertex -9.54217 -5.40643 1.6
      vertex -9.65452 -8.49869 1.6
      vertex -9.59334 -5.42979 1.6
    endloop
  endfacet
  facet normal 0 -0 -1
    outer loop
      vertex -9.54217 -5.40643 1.6
      vertex -9.48826 -5.38024 1.6
      vertex -9.59199 -8.53442 1.6
    endloop
  endfacet
  facet normal 0 0 -1
    outer loop
      vertex -9.54217 -5.40643 1.6
      vertex -9.59199 -8.53442 1.6
      vertex -9.65452 -8.49869 1.6
    endloop
  endfacet
  facet normal 0 -0 -1
    outer loop
      vertex -9.48826 -5.38024 1.6
      vertex -9.43193 -5.35137 1.6
      vertex -9.52971 -8.57106 1.6
    endloop
  endfacet
  facet normal 0 0 -1
    outer loop
      vertex -9.52971 -8.57106 1.6
      vertex -9.43193 -5.35137 1.6
      vertex -9.46796 -8.60849 1.6
    endloop
  endfacet
  facet normal 0 0 -1
    outer loop
      vertex -9.46796 -8.60849 1.6
      vertex -9.37351 -5.32001 1.6
      vertex -9.30617 -8.70309 1.6
    endloop
  endfacet
  facet normal 0 0 -1
    outer loop
      vertex -9.30617 -8.70309 1.6
      vertex -9.37351 -5.32001 1.6
      vertex -9.31331 -5.2863 1.6
    endloop
  endfacet
  facet normal 0 0 -1
    outer loop
      vertex -9.14775 -8.79145 1.6
      vertex -9.30617 -8.70309 1.6
      vertex -9.25164 -5.25044 1.6
    endloop
  endfacet
  facet normal 0 0 -1
    outer loop
      vertex -8.99197 -8.87375 1.6
      vertex -9.14775 -8.79145 1.6
      vertex -9.18883 -5.21257 1.6
    endloop
  endfacet
  facet normal 0 -0 -1
    outer loop
      vertex -9.12519 -5.17288 1.6
      vertex -8.99197 -8.87375 1.6
      vertex -9.18883 -5.21257 1.6
    endloop
  endfacet
  facet normal 0 0 -1
    outer loop
      vertex -9.12519 -5.17288 1.6
      vertex -8.83811 -8.95022 1.6
      vertex -8.99197 -8.87375 1.6
    endloop
  endfacet
  facet normal 0 0 -1
    outer loop
      vertex -9.12519 -5.17288 1.6
      vertex -9.06103 -5.13151 1.6
      vertex -8.83811 -8.95022 1.6
    endloop
  endfacet
  facet normal 0 0 -1
    outer loop
      vertex -8.83811 -8.95022 1.6
      vertex -9.06103 -5.13151 1.6
      vertex -8.99669 -5.08864 1.6
    endloop
  endfacet
  facet normal 0 0 -1
    outer loop
      vertex -8.68543 -9.02104 1.6
      vertex -8.83811 -8.95022 1.6
      vertex -8.99669 -5.08864 1.6
    endloop
  endfacet
  facet normal 0 0 -1
    outer loop
      vertex -8.53321 -9.08641 1.6
      vertex -8.93247 -5.04444 1.6
      vertex -8.86868 -4.99907 1.6
    endloop
  endfacet
  facet normal 0 0 -1
    outer loop
      vertex -8.38072 -9.14655 1.6
      vertex -8.86868 -4.99907 1.6
      vertex -8.22725 -9.20163 1.6
    endloop
  endfacet
  facet normal 0 0 -1
    outer loop
      vertex -8.22725 -9.20163 1.6
      vertex -8.86868 -4.99907 1.6
      vertex -8.80565 -4.95271 1.6
    endloop
  endfacet
  facet normal 0 0 -1
    outer loop
      vertex -8.07205 -9.25187 1.6
      vertex -8.22725 -9.20163 1.6
      vertex -8.80565 -4.95271 1.6
    endloop
  endfacet
  facet normal 0 -0 -1
    outer loop
      vertex -8.7437 -4.90551 1.6
      vertex -8.07205 -9.25187 1.6
      vertex -8.80565 -4.95271 1.6
    endloop
  endfacet
  facet normal 0 0 -1
    outer loop
      vertex -8.7437 -4.90551 1.6
      vertex -7.91441 -9.29746 1.6
      vertex -8.07205 -9.25187 1.6
    endloop
  endfacet
  facet normal 0 0 -1
    outer loop
      vertex -8.68314 -4.85764 1.6
      vertex -7.75359 -9.33861 1.6
      vertex -7.91441 -9.29746 1.6
    endloop
  endfacet
  facet normal 0 0 -1
    outer loop
      vertex -8.68314 -4.85764 1.6
      vertex -6.87715 -4.39641 1.6
      vertex -7.75359 -9.33861 1.6
    endloop
  endfacet
  facet normal 0 0 -1
    outer loop
      vertex -7.75359 -9.33861 1.6
      vertex -6.87715 -4.39641 1.6
      vertex -6.85835 -4.39974 1.6
    endloop
  endfacet
  facet normal 0 0 -1
    outer loop
      vertex -7.58888 -9.37552 1.6
      vertex -7.75359 -9.33861 1.6
      vertex -6.85835 -4.39974 1.6
    endloop
  endfacet
  facet normal 0 0 -1
    outer loop
      vertex -7.41954 -9.40838 1.6
      vertex -6.85835 -4.39974 1.6
      vertex -6.84029 -4.40174 1.6
    endloop
  endfacet
  facet normal 0 0 -1
    outer loop
      vertex -7.24485 -9.43739 1.6
      vertex -7.41954 -9.40838 1.6
      vertex -6.84029 -4.40174 1.6
    endloop
  endfacet
  facet normal -0 0 -1
    outer loop
      vertex -6.823 -4.40241 1.6
      vertex -7.24485 -9.43739 1.6
      vertex -6.84029 -4.40174 1.6
    endloop
  endfacet
  facet normal 0 0 -1
    outer loop
      vertex -6.80653 -4.40174 1.6
      vertex -7.06409 -9.46276 1.6
      vertex -6.823 -4.40241 1.6
    endloop
  endfacet
  facet normal 0 0 -1
    outer loop
      vertex -6.80653 -4.40174 1.6
      vertex -6.87652 -9.48469 1.6
      vertex -7.06409 -9.46276 1.6
    endloop
  endfacet
  facet normal 0 -0 -1
    outer loop
      vertex -6.80653 -4.40174 1.6
      vertex -6.68142 -9.50337 1.6
      vertex -6.87652 -9.48469 1.6
    endloop
  endfacet
  facet normal 0 0 -1
    outer loop
      vertex -6.80653 -4.40174 1.6
      vertex -6.79093 -4.39974 1.6
      vertex -6.68142 -9.50337 1.6
    endloop
  endfacet
  facet normal 0 0 -1
    outer loop
      vertex -6.79093 -4.39974 1.6
      vertex -6.77622 -4.39641 1.6
      vertex -6.47806 -9.519 1.6
    endloop
  endfacet
  facet normal 0 -0 -1
    outer loop
      vertex -6.76245 -4.39174 1.6
      vertex -6.04367 -9.54194 1.6
      vertex -6.77622 -4.39641 1.6
    endloop
  endfacet
  facet normal 0 0 -1
    outer loop
      vertex -6.74967 -4.38574 1.6
      vertex -6.73791 -4.3784 1.6
      vertex -5.60441 -9.57121 1.6
    endloop
  endfacet
  facet normal 0 0 -1
    outer loop
      vertex -5.60441 -9.57121 1.6
      vertex -6.73791 -4.3784 1.6
      vertex -5.47395 -9.58248 1.6
    endloop
  endfacet
  facet normal 0 0 -1
    outer loop
      vertex -6.73791 -4.3784 1.6
      vertex -6.72721 -4.36974 1.6
      vertex -5.35045 -9.59473 1.6
    endloop
  endfacet
  facet normal 0 -0 -1
    outer loop
      vertex -6.71763 -4.35974 1.6
      vertex -5.12187 -9.62268 1.6
      vertex -6.72721 -4.36974 1.6
    endloop
  endfacet
  facet normal 0 0 -1
    outer loop
      vertex -3.4919 -3.7118 1.6
      vertex -5.01556 -9.63866 1.6
      vertex -5.12187 -9.62268 1.6
    endloop
  endfacet
  facet normal 0 0 -1
    outer loop
      vertex -3.41583 -3.74858 1.6
      vertex -4.91376 -9.65615 1.6
      vertex -5.01556 -9.63866 1.6
    endloop
  endfacet
  facet normal 0 -0 -1
    outer loop
      vertex -3.41583 -3.74858 1.6
      vertex -3.37825 -3.76529 1.6
      vertex -4.91376 -9.65615 1.6
    endloop
  endfacet
  facet normal 0 0 -1
    outer loop
      vertex -4.91376 -9.65615 1.6
      vertex -3.37825 -3.76529 1.6
      vertex -3.34118 -3.78078 1.6
    endloop
  endfacet
  facet normal 0 0 -1
    outer loop
      vertex -4.81584 -9.67529 1.6
      vertex -3.34118 -3.78078 1.6
      vertex -3.30479 -3.79497 1.6
    endloop
  endfacet
  facet normal 0 0 -1
    outer loop
      vertex -4.72119 -9.6962 1.6
      vertex -4.81584 -9.67529 1.6
      vertex -3.30479 -3.79497 1.6
    endloop
  endfacet
  facet normal -0 0 -1
    outer loop
      vertex -3.2346 -3.81914 1.6
      vertex -4.72119 -9.6962 1.6
      vertex -3.2692 -3.80778 1.6
    endloop
  endfacet
  facet normal -0 0 -1
    outer loop
      vertex -3.20111 -3.82895 1.6
      vertex -4.6292 -9.71903 1.6
      vertex -3.2346 -3.81914 1.6
    endloop
  endfacet
  facet normal 0 0 -1
    outer loop
      vertex -3.20111 -3.82895 1.6
      vertex -4.53927 -9.7439 1.6
      vertex -4.6292 -9.71903 1.6
    endloop
  endfacet
  facet normal 0 -0 -1
    outer loop
      vertex -3.20111 -3.82895 1.6
      vertex -3.16891 -3.83716 1.6
      vertex -4.53927 -9.7439 1.6
    endloop
  endfacet
  facet normal 0 0 -1
    outer loop
      vertex -4.53927 -9.7439 1.6
      vertex -3.16891 -3.83716 1.6
      vertex -4.45076 -9.77095 1.6
    endloop
  endfacet
  facet normal 0 0 -1
    outer loop
      vertex -4.45076 -9.77095 1.6
      vertex -2.23739 -4.23757 1.6
      vertex -2.13977 -4.30586 1.6
    endloop
  endfacet
  facet normal 0 0 -1
    outer loop
      vertex -4.36308 -9.8003 1.6
      vertex -2.13977 -4.30586 1.6
      vertex -2.03185 -4.37273 1.6
    endloop
  endfacet
  facet normal 0 0 -1
    outer loop
      vertex -4.27559 -9.83211 1.6
      vertex -2.03185 -4.37273 1.6
      vertex -4.1877 -9.86649 1.6
    endloop
  endfacet
  facet normal 0 0 -1
    outer loop
      vertex -4.1877 -9.86649 1.6
      vertex -1.91481 -4.43786 1.6
      vertex -4.09878 -9.90359 1.6
    endloop
  endfacet
  facet normal 0 0 -1
    outer loop
      vertex -4.00823 -9.94352 1.6
      vertex -1.78981 -4.50095 1.6
      vertex -3.91543 -9.98644 1.6
    endloop
  endfacet
  facet normal 0 -0 -1
    outer loop
      vertex -1.91481 -4.43786 1.6
      vertex -1.78981 -4.50095 1.6
      vertex -4.00823 -9.94352 1.6
    endloop
  endfacet
  facet normal 0 0 -1
    outer loop
      vertex -3.91543 -9.98644 1.6
      vertex -1.78981 -4.50095 1.6
      vertex -1.658 -4.56169 1.6
    endloop
  endfacet
  facet normal 0 0 -1
    outer loop
      vertex -1.89188 -10.1229 1.6
      vertex -3.91543 -9.98644 1.6
      vertex -1.658 -4.56169 1.6
    endloop
  endfacet
  facet normal 0 0 -1
    outer loop
      vertex -1.94332 -10.1428 1.6
      vertex -3.786 -10.05 1.6
      vertex -1.89188 -10.1229 1.6
    endloop
  endfacet
  facet normal 0 0 -1
    outer loop
      vertex -1.94332 -10.1428 1.6
      vertex -3.66339 -10.1074 1.6
      vertex -3.786 -10.05 1.6
    endloop
  endfacet
  facet normal -0 0 -1
    outer loop
      vertex -1.94332 -10.1428 1.6
      vertex -3.54705 -10.1588 1.6
      vertex -3.66339 -10.1074 1.6
    endloop
  endfacet
  facet normal -0 0 -1
    outer loop
      vertex -1.99182 -10.1642 1.6
      vertex -3.43641 -10.2041 1.6
      vertex -3.54705 -10.1588 1.6
    endloop
  endfacet
  facet normal 0 0 -1
    outer loop
      vertex -1.99182 -10.1642 1.6
      vertex -3.33093 -10.2434 1.6
      vertex -3.43641 -10.2041 1.6
    endloop
  endfacet
  facet normal 0 0 -1
    outer loop
      vertex -2.08625 -10.2062 1.6
      vertex -3.23005 -10.2769 1.6
      vertex -3.33093 -10.2434 1.6
    endloop
  endfacet
  facet normal 0 0 -1
    outer loop
      vertex -2.08625 -10.2062 1.6
      vertex -2.17755 -10.2433 1.6
      vertex -3.23005 -10.2769 1.6
    endloop
  endfacet
  facet normal 0 0 -1
    outer loop
      vertex -2.17755 -10.2433 1.6
      vertex -2.26628 -10.2753 1.6
      vertex -3.13322 -10.3045 1.6
    endloop
  endfacet
  facet normal 0 0 -1
    outer loop
      vertex -3.13322 -10.3045 1.6
      vertex -2.26628 -10.2753 1.6
      vertex -3.0399 -10.3264 1.6
    endloop
  endfacet
  facet normal 0 0 -1
    outer loop
      vertex -3.0399 -10.3264 1.6
      vertex -2.35297 -10.3022 1.6
      vertex -2.94953 -10.3426 1.6
    endloop
  endfacet
  facet normal 0 0 -1
    outer loop
      vertex -2.94953 -10.3426 1.6
      vertex -2.35297 -10.3022 1.6
      vertex -2.43819 -10.324 1.6
    endloop
  endfacet
  facet normal 0 0 -1
    outer loop
      vertex -2.86154 -10.3531 1.6
      vertex -2.43819 -10.324 1.6
      vertex -2.52249 -10.3405 1.6
    endloop
  endfacet
  facet normal 0 0 -1
    outer loop
      vertex -2.7754 -10.3582 1.6
      vertex -2.86154 -10.3531 1.6
      vertex -2.52249 -10.3405 1.6
    endloop
  endfacet
  facet normal 0 0 1
    outer loop
      vertex -3.2346 -3.81914 3.2
      vertex -4.72119 -9.6962 3.2
      vertex -4.6292 -9.71903 3.2
    endloop
  endfacet
  facet normal 0 0 1
    outer loop
      vertex -2.7754 -10.3582 3.2
      vertex -2.69054 -10.3577 3.2
      vertex -2.60643 -10.3518 3.2
    endloop
  endfacet
  facet normal 0 0 1
    outer loop
      vertex -2.43819 -10.324 3.2
      vertex -2.94953 -10.3426 3.2
      vertex -2.86154 -10.3531 3.2
    endloop
  endfacet
  facet normal 0 0 1
    outer loop
      vertex -2.52249 -10.3405 3.2
      vertex -2.7754 -10.3582 3.2
      vertex -2.60643 -10.3518 3.2
    endloop
  endfacet
  facet normal 0 -0 1
    outer loop
      vertex -2.35297 -10.3022 3.2
      vertex -2.26628 -10.2753 3.2
      vertex -3.0399 -10.3264 3.2
    endloop
  endfacet
  facet normal 0 -0 1
    outer loop
      vertex -3.13322 -10.3045 3.2
      vertex -2.17755 -10.2433 3.2
      vertex -3.23005 -10.2769 3.2
    endloop
  endfacet
  facet normal 0 0 1
    outer loop
      vertex -3.33093 -10.2434 3.2
      vertex -2.08625 -10.2062 3.2
      vertex -1.99182 -10.1642 3.2
    endloop
  endfacet
  facet normal -0 0 1
    outer loop
      vertex -3.54705 -10.1588 3.2
      vertex -1.99182 -10.1642 3.2
      vertex -1.94332 -10.1428 3.2
    endloop
  endfacet
  facet normal 0 0 1
    outer loop
      vertex -3.91543 -9.98644 3.2
      vertex -3.786 -10.05 3.2
      vertex -1.89188 -10.1229 3.2
    endloop
  endfacet
  facet normal 0 0 1
    outer loop
      vertex -2.03185 -4.37273 3.2
      vertex -4.36308 -9.8003 3.2
      vertex -4.27559 -9.83211 3.2
    endloop
  endfacet
  facet normal 0 0 1
    outer loop
      vertex -0.358564 -4.95094 3.2
      vertex -0.620828 -10.0054 3.2
      vertex -0.22298 -4.971 3.2
    endloop
  endfacet
  facet normal 0 0 1
    outer loop
      vertex 1.63164 -10.0903 3.2
      vertex 1.46968 -5.22282 3.2
      vertex 1.4392 -5.22286 3.2
    endloop
  endfacet
  facet normal 0 0 1
    outer loop
      vertex 3.89407 -6.27165 3.2
      vertex 2.71384 -10.1045 3.2
      vertex 3.94686 -6.31155 3.2
    endloop
  endfacet
  facet normal 0 0 1
    outer loop
      vertex 5.50319 -6.43008 3.2
      vertex 5.39505 -6.43125 3.2
      vertex 5.30742 -10.0811 3.2
    endloop
  endfacet
  facet normal 0 0 1
    outer loop
      vertex 5.71188 -6.44153 3.2
      vertex 5.60859 -6.43345 3.2
      vertex 5.76807 -10.0673 3.2
    endloop
  endfacet
  facet normal 0 0 1
    outer loop
      vertex 6.32371 -6.59982 3.2
      vertex 5.76807 -10.0673 3.2
      vertex 6.43037 -6.64626 3.2
    endloop
  endfacet
  facet normal 0 0 1
    outer loop
      vertex 6.65352 -6.75803 3.2
      vertex 6.19803 -10.0507 3.2
      vertex 6.7713 -6.82374 3.2
    endloop
  endfacet
  facet normal 0 0 1
    outer loop
      vertex 6.19803 -10.0507 3.2
      vertex 6.59242 -10.0315 3.2
      vertex 7.15715 -7.06241 3.2
    endloop
  endfacet
  facet normal 0 0 1
    outer loop
      vertex 6.59242 -10.0315 3.2
      vertex 7.38187 -7.21253 3.2
      vertex 7.35086 -7.19184 3.2
    endloop
  endfacet
  facet normal 0 0 1
    outer loop
      vertex 6.94641 -10.0098 3.2
      vertex 7.53372 -7.31219 3.2
      vertex 7.49203 -7.28501 3.2
    endloop
  endfacet
  facet normal 0 -0 1
    outer loop
      vertex 7.25511 -9.98573 3.2
      vertex 7.67053 -7.40093 3.2
      vertex 6.94641 -10.0098 3.2
    endloop
  endfacet
  facet normal 0 -0 1
    outer loop
      vertex 8.1282 -9.74709 3.2
      vertex 8.18554 -7.73431 3.2
      vertex 8.09196 -9.76696 3.2
    endloop
  endfacet
  facet normal 0 0 1
    outer loop
      vertex 8.91944 -9.4742 3.2
      vertex 9.17843 -8.84729 3.2
      vertex 9.14163 -8.76772 3.2
    endloop
  endfacet
  facet normal 0 0 1
    outer loop
      vertex 8.95303 -9.46047 3.2
      vertex 8.98554 -9.44617 3.2
      vertex 9.17843 -8.84729 3.2
    endloop
  endfacet
  facet normal 0 0 1
    outer loop
      vertex 9.23023 -8.9974 3.2
      vertex 9.20809 -8.92404 3.2
      vertex 9.04673 -9.416 3.2
    endloop
  endfacet
  facet normal 0 0 1
    outer loop
      vertex 8.624 -9.55827 3.2
      vertex 8.99216 -8.51774 3.2
      vertex 8.93058 -8.43254 3.2
    endloop
  endfacet
  facet normal 0 0 1
    outer loop
      vertex 8.09196 -9.76696 3.2
      vertex 8.18554 -7.73431 3.2
      vertex 8.13401 -7.70077 3.2
    endloop
  endfacet
  facet normal 0 0 1
    outer loop
      vertex 7.71726 -9.93086 3.2
      vertex 8.02474 -9.80729 3.2
      vertex 8.05741 -9.78706 3.2
    endloop
  endfacet
  facet normal 0 0 1
    outer loop
      vertex 8.58266 -9.56854 3.2
      vertex 8.624 -9.55827 3.2
      vertex 8.93058 -8.43254 3.2
    endloop
  endfacet
  facet normal 0 0 1
    outer loop
      vertex 9.24775 -9.19147 3.2
      vertex 9.18854 -9.31625 3.2
      vertex 9.20448 -9.29875 3.2
    endloop
  endfacet
  facet normal 0 0 1
    outer loop
      vertex 9.14163 -8.76772 3.2
      vertex 8.84966 -9.49974 3.2
      vertex 8.88493 -9.4873 3.2
    endloop
  endfacet
  facet normal 0 -0 1
    outer loop
      vertex 8.66449 -9.54937 3.2
      vertex 8.99216 -8.51774 3.2
      vertex 8.624 -9.55827 3.2
    endloop
  endfacet
  facet normal 0 0 1
    outer loop
      vertex 8.86374 -8.34736 3.2
      vertex 8.49825 -9.59287 3.2
      vertex 8.54068 -9.58011 3.2
    endloop
  endfacet
  facet normal 0 0 1
    outer loop
      vertex 8.79203 -8.26276 3.2
      vertex 8.45557 -9.60675 3.2
      vertex 8.49825 -9.59287 3.2
    endloop
  endfacet
  facet normal 0 0 1
    outer loop
      vertex 8.55149 -8.01807 3.2
      vertex 8.32792 -9.65415 3.2
      vertex 8.63553 -8.09755 3.2
    endloop
  endfacet
  facet normal 0 0 1
    outer loop
      vertex 7.71726 -9.93086 3.2
      vertex 7.86097 -9.90034 3.2
      vertex 7.99415 -9.82757 3.2
    endloop
  endfacet
  facet normal 0 0 1
    outer loop
      vertex 7.86097 -9.90034 3.2
      vertex 7.93997 -9.8679 3.2
      vertex 7.96583 -9.84781 3.2
    endloop
  endfacet
  facet normal 0 0 1
    outer loop
      vertex 7.86097 -9.90034 3.2
      vertex 7.96583 -9.84781 3.2
      vertex 7.99415 -9.82757 3.2
    endloop
  endfacet
  facet normal 0 0 1
    outer loop
      vertex 7.71726 -9.93086 3.2
      vertex 7.99415 -9.82757 3.2
      vertex 8.02474 -9.80729 3.2
    endloop
  endfacet
  facet normal 0 0 1
    outer loop
      vertex 8.20496 -9.70836 3.2
      vertex 8.2451 -9.68968 3.2
      vertex 8.46409 -7.94145 3.2
    endloop
  endfacet
  facet normal 0 -0 1
    outer loop
      vertex 8.37021 -9.63748 3.2
      vertex 8.63553 -8.09755 3.2
      vertex 8.32792 -9.65415 3.2
    endloop
  endfacet
  facet normal 0 0 1
    outer loop
      vertex 8.41282 -9.62164 3.2
      vertex 8.45557 -9.60675 3.2
      vertex 8.71584 -8.1793 3.2
    endloop
  endfacet
  facet normal 0 0 1
    outer loop
      vertex 8.79203 -8.26276 3.2
      vertex 8.49825 -9.59287 3.2
      vertex 8.86374 -8.34736 3.2
    endloop
  endfacet
  facet normal 0 0 1
    outer loop
      vertex 9.04811 -8.60238 3.2
      vertex 8.66449 -9.54937 3.2
      vertex 8.70396 -9.54194 3.2
    endloop
  endfacet
  facet normal 0 0 1
    outer loop
      vertex 8.99216 -8.51774 3.2
      vertex 8.66449 -9.54937 3.2
      vertex 9.04811 -8.60238 3.2
    endloop
  endfacet
  facet normal 0 0 1
    outer loop
      vertex 9.04811 -8.60238 3.2
      vertex 8.74077 -9.53261 3.2
      vertex 9.09806 -8.68589 3.2
    endloop
  endfacet
  facet normal 0 0 1
    outer loop
      vertex 8.88493 -9.4873 3.2
      vertex 8.91944 -9.4742 3.2
      vertex 9.14163 -8.76772 3.2
    endloop
  endfacet
  facet normal 0 0 1
    outer loop
      vertex 9.17843 -8.84729 3.2
      vertex 8.98554 -9.44617 3.2
      vertex 9.20809 -8.92404 3.2
    endloop
  endfacet
  facet normal 0 -0 1
    outer loop
      vertex 9.07509 -9.40022 3.2
      vertex 9.23023 -8.9974 3.2
      vertex 9.04673 -9.416 3.2
    endloop
  endfacet
  facet normal 0 0 1
    outer loop
      vertex 9.25044 -9.13168 3.2
      vertex 9.17015 -9.33358 3.2
      vertex 9.24775 -9.19147 3.2
    endloop
  endfacet
  facet normal 0 0 1
    outer loop
      vertex 9.12661 -9.36752 3.2
      vertex 9.14946 -9.35068 3.2
      vertex 9.25044 -9.13168 3.2
    endloop
  endfacet
  facet normal 0 0 1
    outer loop
      vertex 9.23602 -9.24561 3.2
      vertex 9.2178 -9.2811 3.2
      vertex 9.22837 -9.26338 3.2
    endloop
  endfacet
  facet normal 0 0 1
    outer loop
      vertex 9.20448 -9.29875 3.2
      vertex 9.2178 -9.2811 3.2
      vertex 9.24775 -9.19147 3.2
    endloop
  endfacet
  facet normal 0 0 1
    outer loop
      vertex 9.23023 -8.9974 3.2
      vertex 9.07509 -9.40022 3.2
      vertex 9.10178 -9.38405 3.2
    endloop
  endfacet
  facet normal 0 0 1
    outer loop
      vertex 9.25044 -9.13168 3.2
      vertex 9.14946 -9.35068 3.2
      vertex 9.17015 -9.33358 3.2
    endloop
  endfacet
  facet normal 0 -0 1
    outer loop
      vertex 9.23602 -9.24561 3.2
      vertex 9.24775 -9.19147 3.2
      vertex 9.2178 -9.2811 3.2
    endloop
  endfacet
  facet normal 0 0 1
    outer loop
      vertex 9.09806 -8.68589 3.2
      vertex 8.81377 -9.51147 3.2
      vertex 8.84966 -9.49974 3.2
    endloop
  endfacet
  facet normal 0 0 1
    outer loop
      vertex 9.24775 -9.19147 3.2
      vertex 9.17015 -9.33358 3.2
      vertex 9.18854 -9.31625 3.2
    endloop
  endfacet
  facet normal 0 0 1
    outer loop
      vertex 9.25044 -9.13168 3.2
      vertex 9.24448 -9.0668 3.2
      vertex 9.12661 -9.36752 3.2
    endloop
  endfacet
  facet normal 0 0 1
    outer loop
      vertex 9.24448 -9.0668 3.2
      vertex 9.10178 -9.38405 3.2
      vertex 9.12661 -9.36752 3.2
    endloop
  endfacet
  facet normal 0 0 1
    outer loop
      vertex 9.23023 -8.9974 3.2
      vertex 9.10178 -9.38405 3.2
      vertex 9.24448 -9.0668 3.2
    endloop
  endfacet
  facet normal 0 0 1
    outer loop
      vertex 9.20809 -8.92404 3.2
      vertex 9.01682 -9.43132 3.2
      vertex 9.04673 -9.416 3.2
    endloop
  endfacet
  facet normal 0 0 1
    outer loop
      vertex 8.98554 -9.44617 3.2
      vertex 9.01682 -9.43132 3.2
      vertex 9.20809 -8.92404 3.2
    endloop
  endfacet
  facet normal 0 0 1
    outer loop
      vertex 8.91944 -9.4742 3.2
      vertex 8.95303 -9.46047 3.2
      vertex 9.17843 -8.84729 3.2
    endloop
  endfacet
  facet normal 0 0 1
    outer loop
      vertex 9.09806 -8.68589 3.2
      vertex 8.84966 -9.49974 3.2
      vertex 9.14163 -8.76772 3.2
    endloop
  endfacet
  facet normal 0 0 1
    outer loop
      vertex 8.77742 -9.52244 3.2
      vertex 8.81377 -9.51147 3.2
      vertex 9.09806 -8.68589 3.2
    endloop
  endfacet
  facet normal 0 -0 1
    outer loop
      vertex 8.77742 -9.52244 3.2
      vertex 9.09806 -8.68589 3.2
      vertex 8.74077 -9.53261 3.2
    endloop
  endfacet
  facet normal 0 -0 1
    outer loop
      vertex 8.74077 -9.53261 3.2
      vertex 9.04811 -8.60238 3.2
      vertex 8.70396 -9.54194 3.2
    endloop
  endfacet
  facet normal 0 0 1
    outer loop
      vertex 8.54068 -9.58011 3.2
      vertex 8.58266 -9.56854 3.2
      vertex 8.93058 -8.43254 3.2
    endloop
  endfacet
  facet normal 0 0 1
    outer loop
      vertex 8.54068 -9.58011 3.2
      vertex 8.93058 -8.43254 3.2
      vertex 8.86374 -8.34736 3.2
    endloop
  endfacet
  facet normal 0 0 1
    outer loop
      vertex 8.71584 -8.1793 3.2
      vertex 8.45557 -9.60675 3.2
      vertex 8.79203 -8.26276 3.2
    endloop
  endfacet
  facet normal 0 0 1
    outer loop
      vertex 8.37021 -9.63748 3.2
      vertex 8.41282 -9.62164 3.2
      vertex 8.71584 -8.1793 3.2
    endloop
  endfacet
  facet normal 0 0 1
    outer loop
      vertex 8.37021 -9.63748 3.2
      vertex 8.71584 -8.1793 3.2
      vertex 8.63553 -8.09755 3.2
    endloop
  endfacet
  facet normal 0 0 1
    outer loop
      vertex 8.28615 -9.67159 3.2
      vertex 8.32792 -9.65415 3.2
      vertex 8.55149 -8.01807 3.2
    endloop
  endfacet
  facet normal 0 0 1
    outer loop
      vertex 8.28615 -9.67159 3.2
      vertex 8.55149 -8.01807 3.2
      vertex 8.46409 -7.94145 3.2
    endloop
  endfacet
  facet normal 0 -0 1
    outer loop
      vertex 8.28615 -9.67159 3.2
      vertex 8.46409 -7.94145 3.2
      vertex 8.2451 -9.68968 3.2
    endloop
  endfacet
  facet normal 0 0 1
    outer loop
      vertex 8.46409 -7.94145 3.2
      vertex 8.37371 -7.86823 3.2
      vertex 8.20496 -9.70836 3.2
    endloop
  endfacet
  facet normal 0 0 1
    outer loop
      vertex 8.37371 -7.86823 3.2
      vertex 8.16594 -9.72753 3.2
      vertex 8.20496 -9.70836 3.2
    endloop
  endfacet
  facet normal 0 0 1
    outer loop
      vertex 8.28074 -7.799 3.2
      vertex 8.16594 -9.72753 3.2
      vertex 8.37371 -7.86823 3.2
    endloop
  endfacet
  facet normal 0 0 1
    outer loop
      vertex 8.1282 -9.74709 3.2
      vertex 8.16594 -9.72753 3.2
      vertex 8.28074 -7.799 3.2
    endloop
  endfacet
  facet normal 0 0 1
    outer loop
      vertex 8.1282 -9.74709 3.2
      vertex 8.28074 -7.799 3.2
      vertex 8.18554 -7.73431 3.2
    endloop
  endfacet
  facet normal 0 0 1
    outer loop
      vertex 8.05741 -9.78706 3.2
      vertex 8.09196 -9.76696 3.2
      vertex 8.13401 -7.70077 3.2
    endloop
  endfacet
  facet normal 0 0 1
    outer loop
      vertex 8.05741 -9.78706 3.2
      vertex 8.13401 -7.70077 3.2
      vertex 8.08188 -7.66692 3.2
    endloop
  endfacet
  facet normal 0 -0 1
    outer loop
      vertex 8.05741 -9.78706 3.2
      vertex 8.08188 -7.66692 3.2
      vertex 7.71726 -9.93086 3.2
    endloop
  endfacet
  facet normal 0 0 1
    outer loop
      vertex 8.08188 -7.66692 3.2
      vertex 7.51368 -9.95937 3.2
      vertex 7.71726 -9.93086 3.2
    endloop
  endfacet
  facet normal 0 0 1
    outer loop
      vertex 8.02939 -7.63289 3.2
      vertex 7.51368 -9.95937 3.2
      vertex 8.08188 -7.66692 3.2
    endloop
  endfacet
  facet normal 0 0 1
    outer loop
      vertex 7.97675 -7.59882 3.2
      vertex 7.51368 -9.95937 3.2
      vertex 8.02939 -7.63289 3.2
    endloop
  endfacet
  facet normal 0 0 1
    outer loop
      vertex 7.9242 -7.56484 3.2
      vertex 7.51368 -9.95937 3.2
      vertex 7.97675 -7.59882 3.2
    endloop
  endfacet
  facet normal 0 0 1
    outer loop
      vertex 7.25511 -9.98573 3.2
      vertex 7.51368 -9.95937 3.2
      vertex 7.9242 -7.56484 3.2
    endloop
  endfacet
  facet normal 0 0 1
    outer loop
      vertex 7.25511 -9.98573 3.2
      vertex 7.9242 -7.56484 3.2
      vertex 7.7193 -7.43247 3.2
    endloop
  endfacet
  facet normal 0 0 1
    outer loop
      vertex 7.25511 -9.98573 3.2
      vertex 7.7193 -7.43247 3.2
      vertex 7.67053 -7.40093 3.2
    endloop
  endfacet
  facet normal 0 0 1
    outer loop
      vertex 6.94641 -10.0098 3.2
      vertex 7.67053 -7.40093 3.2
      vertex 7.6232 -7.37028 3.2
    endloop
  endfacet
  facet normal 0 0 1
    outer loop
      vertex 6.94641 -10.0098 3.2
      vertex 7.6232 -7.37028 3.2
      vertex 7.57751 -7.34065 3.2
    endloop
  endfacet
  facet normal 0 0 1
    outer loop
      vertex 6.94641 -10.0098 3.2
      vertex 7.57751 -7.34065 3.2
      vertex 7.53372 -7.31219 3.2
    endloop
  endfacet
  facet normal 0 0 1
    outer loop
      vertex 7.45268 -7.25924 3.2
      vertex 6.94641 -10.0098 3.2
      vertex 7.49203 -7.28501 3.2
    endloop
  endfacet
  facet normal 0 0 1
    outer loop
      vertex 7.41588 -7.23505 3.2
      vertex 6.94641 -10.0098 3.2
      vertex 7.45268 -7.25924 3.2
    endloop
  endfacet
  facet normal 0 0 1
    outer loop
      vertex 6.59242 -10.0315 3.2
      vertex 6.94641 -10.0098 3.2
      vertex 7.41588 -7.23505 3.2
    endloop
  endfacet
  facet normal 0 0 1
    outer loop
      vertex 6.59242 -10.0315 3.2
      vertex 7.41588 -7.23505 3.2
      vertex 7.38187 -7.21253 3.2
    endloop
  endfacet
  facet normal 0 0 1
    outer loop
      vertex 7.32309 -7.1731 3.2
      vertex 6.59242 -10.0315 3.2
      vertex 7.35086 -7.19184 3.2
    endloop
  endfacet
  facet normal 0 0 1
    outer loop
      vertex 7.29877 -7.15646 3.2
      vertex 6.59242 -10.0315 3.2
      vertex 7.32309 -7.1731 3.2
    endloop
  endfacet
  facet normal 0 0 1
    outer loop
      vertex 7.15715 -7.06241 3.2
      vertex 6.59242 -10.0315 3.2
      vertex 7.29877 -7.15646 3.2
    endloop
  endfacet
  facet normal 0 0 1
    outer loop
      vertex 7.02247 -6.97574 3.2
      vertex 6.19803 -10.0507 3.2
      vertex 7.15715 -7.06241 3.2
    endloop
  endfacet
  facet normal 0 0 1
    outer loop
      vertex 6.89406 -6.89624 3.2
      vertex 6.19803 -10.0507 3.2
      vertex 7.02247 -6.97574 3.2
    endloop
  endfacet
  facet normal 0 0 1
    outer loop
      vertex 6.7713 -6.82374 3.2
      vertex 6.19803 -10.0507 3.2
      vertex 6.89406 -6.89624 3.2
    endloop
  endfacet
  facet normal 0 0 1
    outer loop
      vertex 6.65352 -6.75803 3.2
      vertex 5.76807 -10.0673 3.2
      vertex 6.19803 -10.0507 3.2
    endloop
  endfacet
  facet normal 0 0 1
    outer loop
      vertex 6.5401 -6.69893 3.2
      vertex 5.76807 -10.0673 3.2
      vertex 6.65352 -6.75803 3.2
    endloop
  endfacet
  facet normal 0 0 1
    outer loop
      vertex 6.43037 -6.64626 3.2
      vertex 5.76807 -10.0673 3.2
      vertex 6.5401 -6.69893 3.2
    endloop
  endfacet
  facet normal 0 0 1
    outer loop
      vertex 6.32371 -6.59982 3.2
      vertex 6.21946 -6.55943 3.2
      vertex 5.76807 -10.0673 3.2
    endloop
  endfacet
  facet normal 0 0 1
    outer loop
      vertex 6.21946 -6.55943 3.2
      vertex 6.11699 -6.5249 3.2
      vertex 5.76807 -10.0673 3.2
    endloop
  endfacet
  facet normal 0 0 1
    outer loop
      vertex 6.11699 -6.5249 3.2
      vertex 6.01563 -6.49603 3.2
      vertex 5.76807 -10.0673 3.2
    endloop
  endfacet
  facet normal 0 0 1
    outer loop
      vertex 6.01563 -6.49603 3.2
      vertex 5.91476 -6.47264 3.2
      vertex 5.76807 -10.0673 3.2
    endloop
  endfacet
  facet normal 0 0 1
    outer loop
      vertex 5.91476 -6.47264 3.2
      vertex 5.81372 -6.45454 3.2
      vertex 5.76807 -10.0673 3.2
    endloop
  endfacet
  facet normal 0 0 1
    outer loop
      vertex 5.81372 -6.45454 3.2
      vertex 5.71188 -6.44153 3.2
      vertex 5.76807 -10.0673 3.2
    endloop
  endfacet
  facet normal 0 0 1
    outer loop
      vertex 5.76807 -10.0673 3.2
      vertex 5.60859 -6.43345 3.2
      vertex 5.50319 -6.43008 3.2
    endloop
  endfacet
  facet normal 0 0 1
    outer loop
      vertex 5.76807 -10.0673 3.2
      vertex 5.50319 -6.43008 3.2
      vertex 5.30742 -10.0811 3.2
    endloop
  endfacet
  facet normal 0 -0 1
    outer loop
      vertex 5.30742 -10.0811 3.2
      vertex 5.39505 -6.43125 3.2
      vertex 5.28353 -6.43677 3.2
    endloop
  endfacet
  facet normal 0 0 1
    outer loop
      vertex 5.30742 -10.0811 3.2
      vertex 5.28353 -6.43677 3.2
      vertex 5.16797 -6.44644 3.2
    endloop
  endfacet
  facet normal 0 0 1
    outer loop
      vertex 5.30742 -10.0811 3.2
      vertex 5.16797 -6.44644 3.2
      vertex 5.04774 -6.46007 3.2
    endloop
  endfacet
  facet normal 0 0 1
    outer loop
      vertex 5.30742 -10.0811 3.2
      vertex 5.04774 -6.46007 3.2
      vertex 4.94174 -6.47249 3.2
    endloop
  endfacet
  facet normal 0 0 1
    outer loop
      vertex 5.30742 -10.0811 3.2
      vertex 4.94174 -6.47249 3.2
      vertex 4.84425 -6.48299 3.2
    endloop
  endfacet
  facet normal 0 0 1
    outer loop
      vertex 5.30742 -10.0811 3.2
      vertex 4.84425 -6.48299 3.2
      vertex 4.82094 -10.092 3.2
    endloop
  endfacet
  facet normal 0 0 1
    outer loop
      vertex 4.84425 -6.48299 3.2
      vertex 4.75463 -6.49143 3.2
      vertex 4.82094 -10.092 3.2
    endloop
  endfacet
  facet normal 0 0 1
    outer loop
      vertex 4.75463 -6.49143 3.2
      vertex 4.6722 -6.49765 3.2
      vertex 4.82094 -10.092 3.2
    endloop
  endfacet
  facet normal 0 0 1
    outer loop
      vertex 4.6722 -6.49765 3.2
      vertex 4.59626 -6.50151 3.2
      vertex 4.82094 -10.092 3.2
    endloop
  endfacet
  facet normal 0 0 1
    outer loop
      vertex 4.59626 -6.50151 3.2
      vertex 4.52616 -6.50288 3.2
      vertex 4.82094 -10.092 3.2
    endloop
  endfacet
  facet normal 0 0 1
    outer loop
      vertex 4.52616 -6.50288 3.2
      vertex 4.31348 -10.0999 3.2
      vertex 4.82094 -10.092 3.2
    endloop
  endfacet
  facet normal 0 0 1
    outer loop
      vertex 4.46122 -6.5016 3.2
      vertex 4.31348 -10.0999 3.2
      vertex 4.52616 -6.50288 3.2
    endloop
  endfacet
  facet normal 0 0 1
    outer loop
      vertex 4.40076 -6.49753 3.2
      vertex 4.31348 -10.0999 3.2
      vertex 4.46122 -6.5016 3.2
    endloop
  endfacet
  facet normal 0 0 1
    outer loop
      vertex 4.34411 -6.49053 3.2
      vertex 4.31348 -10.0999 3.2
      vertex 4.40076 -6.49753 3.2
    endloop
  endfacet
  facet normal 0 0 1
    outer loop
      vertex 3.7899 -10.1047 3.2
      vertex 4.31348 -10.0999 3.2
      vertex 4.34411 -6.49053 3.2
    endloop
  endfacet
  facet normal 0 0 1
    outer loop
      vertex 3.7899 -10.1047 3.2
      vertex 4.34411 -6.49053 3.2
      vertex 4.29058 -6.48045 3.2
    endloop
  endfacet
  facet normal 0 0 1
    outer loop
      vertex 3.7899 -10.1047 3.2
      vertex 4.29058 -6.48045 3.2
      vertex 4.23952 -6.46714 3.2
    endloop
  endfacet
  facet normal 0 0 1
    outer loop
      vertex 3.7899 -10.1047 3.2
      vertex 4.23952 -6.46714 3.2
      vertex 4.19023 -6.45047 3.2
    endloop
  endfacet
  facet normal 0 0 1
    outer loop
      vertex 3.7899 -10.1047 3.2
      vertex 4.19023 -6.45047 3.2
      vertex 4.14205 -6.43029 3.2
    endloop
  endfacet
  facet normal 0 -0 1
    outer loop
      vertex 3.7899 -10.1047 3.2
      vertex 4.14205 -6.43029 3.2
      vertex 3.25507 -10.1063 3.2
    endloop
  endfacet
  facet normal 0 0 1
    outer loop
      vertex 4.14205 -6.43029 3.2
      vertex 4.0943 -6.40645 3.2
      vertex 3.25507 -10.1063 3.2
    endloop
  endfacet
  facet normal 0 0 1
    outer loop
      vertex 4.0943 -6.40645 3.2
      vertex 4.0463 -6.37881 3.2
      vertex 3.25507 -10.1063 3.2
    endloop
  endfacet
  facet normal 0 0 1
    outer loop
      vertex 4.0463 -6.37881 3.2
      vertex 3.99738 -6.34723 3.2
      vertex 3.25507 -10.1063 3.2
    endloop
  endfacet
  facet normal 0 0 1
    outer loop
      vertex 3.99738 -6.34723 3.2
      vertex 2.71384 -10.1045 3.2
      vertex 3.25507 -10.1063 3.2
    endloop
  endfacet
  facet normal 0 0 1
    outer loop
      vertex 3.94686 -6.31155 3.2
      vertex 2.71384 -10.1045 3.2
      vertex 3.99738 -6.34723 3.2
    endloop
  endfacet
  facet normal 0 0 1
    outer loop
      vertex 3.89407 -6.27165 3.2
      vertex 3.83834 -6.22736 3.2
      vertex 2.71384 -10.1045 3.2
    endloop
  endfacet
  facet normal 0 0 1
    outer loop
      vertex 3.83834 -6.22736 3.2
      vertex 3.77899 -6.17855 3.2
      vertex 2.71384 -10.1045 3.2
    endloop
  endfacet
  facet normal 0 0 1
    outer loop
      vertex 3.77899 -6.17855 3.2
      vertex 3.63701 -6.06368 3.2
      vertex 2.71384 -10.1045 3.2
    endloop
  endfacet
  facet normal 0 0 1
    outer loop
      vertex 3.63701 -6.06368 3.2
      vertex 2.17108 -10.0992 3.2
      vertex 2.71384 -10.1045 3.2
    endloop
  endfacet
  facet normal 0 0 1
    outer loop
      vertex 3.49772 -5.9547 3.2
      vertex 2.17108 -10.0992 3.2
      vertex 3.63701 -6.06368 3.2
    endloop
  endfacet
  facet normal 0 0 1
    outer loop
      vertex 3.36136 -5.85178 3.2
      vertex 2.17108 -10.0992 3.2
      vertex 3.49772 -5.9547 3.2
    endloop
  endfacet
  facet normal 0 0 1
    outer loop
      vertex 3.22816 -5.75503 3.2
      vertex 2.17108 -10.0992 3.2
      vertex 3.36136 -5.85178 3.2
    endloop
  endfacet
  facet normal 0 0 1
    outer loop
      vertex 3.09835 -5.6646 3.2
      vertex 2.17108 -10.0992 3.2
      vertex 3.22816 -5.75503 3.2
    endloop
  endfacet
  facet normal -0 0 1
    outer loop
      vertex 1.63164 -10.0903 3.2
      vertex 2.17108 -10.0992 3.2
      vertex 3.09835 -5.6646 3.2
    endloop
  endfacet
  facet normal 0 0 1
    outer loop
      vertex 1.63164 -10.0903 3.2
      vertex 3.09835 -5.6646 3.2
      vertex 2.97218 -5.58062 3.2
    endloop
  endfacet
  facet normal 0 0 1
    outer loop
      vertex 1.63164 -10.0903 3.2
      vertex 2.97218 -5.58062 3.2
      vertex 2.84987 -5.50321 3.2
    endloop
  endfacet
  facet normal 0 0 1
    outer loop
      vertex 1.59202 -5.20409 3.2
      vertex 2.50852 -5.31178 3.2
      vertex 2.40404 -5.26202 3.2
    endloop
  endfacet
  facet normal 0 0 1
    outer loop
      vertex 2.21045 -5.18437 3.2
      vertex 1.62313 -5.19483 3.2
      vertex 2.30461 -5.21951 3.2
    endloop
  endfacet
  facet normal 0 0 1
    outer loop
      vertex 2.12181 -5.15674 3.2
      vertex 1.68651 -5.17087 3.2
      vertex 1.65459 -5.18375 3.2
    endloop
  endfacet
  facet normal 0 0 1
    outer loop
      vertex 2.03892 -5.13676 3.2
      vertex 1.96201 -5.12455 3.2
      vertex 1.68651 -5.17087 3.2
    endloop
  endfacet
  facet normal 0 0 1
    outer loop
      vertex 1.71896 -5.15621 3.2
      vertex 1.89133 -5.12027 3.2
      vertex 1.8271 -5.12402 3.2
    endloop
  endfacet
  facet normal 0 0 1
    outer loop
      vertex 1.71896 -5.15621 3.2
      vertex 1.8271 -5.12402 3.2
      vertex 1.76956 -5.13596 3.2
    endloop
  endfacet
  facet normal 0 0 1
    outer loop
      vertex 1.96201 -5.12455 3.2
      vertex 1.89133 -5.12027 3.2
      vertex 1.71896 -5.15621 3.2
    endloop
  endfacet
  facet normal 0 0 1
    outer loop
      vertex 1.96201 -5.12455 3.2
      vertex 1.71896 -5.15621 3.2
      vertex 1.68651 -5.17087 3.2
    endloop
  endfacet
  facet normal 0 0 1
    outer loop
      vertex 2.03892 -5.13676 3.2
      vertex 1.68651 -5.17087 3.2
      vertex 2.12181 -5.15674 3.2
    endloop
  endfacet
  facet normal 0 0 1
    outer loop
      vertex 2.12181 -5.15674 3.2
      vertex 1.65459 -5.18375 3.2
      vertex 2.21045 -5.18437 3.2
    endloop
  endfacet
  facet normal 0 0 1
    outer loop
      vertex 1.65459 -5.18375 3.2
      vertex 1.62313 -5.19483 3.2
      vertex 2.21045 -5.18437 3.2
    endloop
  endfacet
  facet normal 0 0 1
    outer loop
      vertex 1.62313 -5.19483 3.2
      vertex 2.40404 -5.26202 3.2
      vertex 2.30461 -5.21951 3.2
    endloop
  endfacet
  facet normal -0 0 1
    outer loop
      vertex 1.59202 -5.20409 3.2
      vertex 2.40404 -5.26202 3.2
      vertex 1.62313 -5.19483 3.2
    endloop
  endfacet
  facet normal -0 0 1
    outer loop
      vertex 1.56122 -5.21154 3.2
      vertex 2.50852 -5.31178 3.2
      vertex 1.59202 -5.20409 3.2
    endloop
  endfacet
  facet normal 0 0 1
    outer loop
      vertex 2.61781 -5.36866 3.2
      vertex 2.50852 -5.31178 3.2
      vertex 1.56122 -5.21154 3.2
    endloop
  endfacet
  facet normal 0 0 1
    outer loop
      vertex 2.61781 -5.36866 3.2
      vertex 1.56122 -5.21154 3.2
      vertex 2.73167 -5.43251 3.2
    endloop
  endfacet
  facet normal 0 0 1
    outer loop
      vertex 1.56122 -5.21154 3.2
      vertex 1.53061 -5.21715 3.2
      vertex 2.73167 -5.43251 3.2
    endloop
  endfacet
  facet normal 0 0 1
    outer loop
      vertex 1.53061 -5.21715 3.2
      vertex 2.84987 -5.50321 3.2
      vertex 2.73167 -5.43251 3.2
    endloop
  endfacet
  facet normal -0 0 1
    outer loop
      vertex 1.50012 -5.22091 3.2
      vertex 2.84987 -5.50321 3.2
      vertex 1.53061 -5.21715 3.2
    endloop
  endfacet
  facet normal 0 -0 1
    outer loop
      vertex 1.63164 -10.0903 3.2
      vertex 2.84987 -5.50321 3.2
      vertex 1.50012 -5.22091 3.2
    endloop
  endfacet
  facet normal 0 0 1
    outer loop
      vertex 1.63164 -10.0903 3.2
      vertex 1.50012 -5.22091 3.2
      vertex 1.46968 -5.22282 3.2
    endloop
  endfacet
  facet normal -0 0 1
    outer loop
      vertex 1.10039 -10.0776 3.2
      vertex 1.63164 -10.0903 3.2
      vertex 1.4392 -5.22286 3.2
    endloop
  endfacet
  facet normal 0 0 1
    outer loop
      vertex 1.10039 -10.0776 3.2
      vertex 1.4392 -5.22286 3.2
      vertex 1.40859 -5.22103 3.2
    endloop
  endfacet
  facet normal 0 0 1
    outer loop
      vertex 1.10039 -10.0776 3.2
      vertex 1.40859 -5.22103 3.2
      vertex 1.37778 -5.2173 3.2
    endloop
  endfacet
  facet normal 0 0 1
    outer loop
      vertex 1.10039 -10.0776 3.2
      vertex 1.37778 -5.2173 3.2
      vertex 1.34668 -5.21168 3.2
    endloop
  endfacet
  facet normal 0 -0 1
    outer loop
      vertex 1.10039 -10.0776 3.2
      vertex 1.34668 -5.21168 3.2
      vertex 0.582192 -10.0611 3.2
    endloop
  endfacet
  facet normal 0 0 1
    outer loop
      vertex 1.34668 -5.21168 3.2
      vertex 1.31521 -5.20414 3.2
      vertex 0.582192 -10.0611 3.2
    endloop
  endfacet
  facet normal 0 0 1
    outer loop
      vertex 1.31521 -5.20414 3.2
      vertex 1.2833 -5.19468 3.2
      vertex 0.582192 -10.0611 3.2
    endloop
  endfacet
  facet normal 0 0 1
    outer loop
      vertex 1.2833 -5.19468 3.2
      vertex 1.25085 -5.18329 3.2
      vertex 0.582192 -10.0611 3.2
    endloop
  endfacet
  facet normal 0 0 1
    outer loop
      vertex 1.25085 -5.18329 3.2
      vertex 1.21779 -5.16995 3.2
      vertex 0.582192 -10.0611 3.2
    endloop
  endfacet
  facet normal 0 0 1
    outer loop
      vertex -6.29589 -3.66992 3.2
      vertex -6.34812 -3.72163 3.2
      vertex -6.69113 -4.3064 3.2
    endloop
  endfacet
  facet normal 0 0 1
    outer loop
      vertex 1.21779 -5.16995 3.2
      vertex 0.081888 -10.0406 3.2
      vertex 0.582192 -10.0611 3.2
    endloop
  endfacet
  facet normal 0 -0 1
    outer loop
      vertex -4.81584 -9.67529 3.2
      vertex -3.34118 -3.78078 3.2
      vertex -4.91376 -9.65615 3.2
    endloop
  endfacet
  facet normal -0 0 1
    outer loop
      vertex 0.247324 -4.99035 3.2
      vertex 1.14949 -5.1374 3.2
      vertex 0.34106 -4.9784 3.2
    endloop
  endfacet
  facet normal 0 0 1
    outer loop
      vertex 0.649486 -4.97105 3.2
      vertex 0.34106 -4.9784 3.2
      vertex 0.689795 -4.97601 3.2
    endloop
  endfacet
  facet normal 0 0 1
    outer loop
      vertex 1.1141 -5.11817 3.2
      vertex 0.920441 -5.02841 3.2
      vertex 0.884251 -5.0172 3.2
    endloop
  endfacet
  facet normal 0 0 1
    outer loop
      vertex 1.07776 -5.09694 3.2
      vertex 1.0203 -5.06722 3.2
      vertex 0.988644 -5.05347 3.2
    endloop
  endfacet
  facet normal 0 0 1
    outer loop
      vertex 1.05006 -5.08173 3.2
      vertex 1.0203 -5.06722 3.2
      vertex 1.07776 -5.09694 3.2
    endloop
  endfacet
  facet normal 0 0 1
    outer loop
      vertex 1.07776 -5.09694 3.2
      vertex 0.988644 -5.05347 3.2
      vertex 0.955298 -5.04052 3.2
    endloop
  endfacet
  facet normal 0 0 1
    outer loop
      vertex 1.07776 -5.09694 3.2
      vertex 0.955298 -5.04052 3.2
      vertex 0.920441 -5.02841 3.2
    endloop
  endfacet
  facet normal 0 0 1
    outer loop
      vertex 1.07776 -5.09694 3.2
      vertex 0.920441 -5.02841 3.2
      vertex 1.1141 -5.11817 3.2
    endloop
  endfacet
  facet normal 0 0 1
    outer loop
      vertex 1.1141 -5.11817 3.2
      vertex 0.884251 -5.0172 3.2
      vertex 0.846911 -5.00691 3.2
    endloop
  endfacet
  facet normal 0 0 1
    outer loop
      vertex 1.1141 -5.11817 3.2
      vertex 0.846911 -5.00691 3.2
      vertex 0.808614 -4.99761 3.2
    endloop
  endfacet
  facet normal 0 0 1
    outer loop
      vertex 1.1141 -5.11817 3.2
      vertex 0.808614 -4.99761 3.2
      vertex 0.769539 -4.98932 3.2
    endloop
  endfacet
  facet normal 0 0 1
    outer loop
      vertex 1.1141 -5.11817 3.2
      vertex 0.769539 -4.98932 3.2
      vertex 0.729873 -4.98211 3.2
    endloop
  endfacet
  facet normal 0 0 1
    outer loop
      vertex 1.1141 -5.11817 3.2
      vertex 0.729873 -4.98211 3.2
      vertex 0.689795 -4.97601 3.2
    endloop
  endfacet
  facet normal 0 0 1
    outer loop
      vertex 0.609142 -4.96731 3.2
      vertex 0.568945 -4.96481 3.2
      vertex 0.34106 -4.9784 3.2
    endloop
  endfacet
  facet normal 0 0 1
    outer loop
      vertex 0.45104 -4.9652 3.2
      vertex 0.413251 -4.96812 3.2
      vertex 0.34106 -4.9784 3.2
    endloop
  endfacet
  facet normal 0 0 1
    outer loop
      vertex 0.413251 -4.96812 3.2
      vertex 0.37653 -4.97251 3.2
      vertex 0.34106 -4.9784 3.2
    endloop
  endfacet
  facet normal -0 0 1
    outer loop
      vertex 0.45104 -4.9652 3.2
      vertex 0.34106 -4.9784 3.2
      vertex 0.489708 -4.96371 3.2
    endloop
  endfacet
  facet normal 0 0 1
    outer loop
      vertex 0.34106 -4.9784 3.2
      vertex 0.529067 -4.96359 3.2
      vertex 0.489708 -4.96371 3.2
    endloop
  endfacet
  facet normal 0 0 1
    outer loop
      vertex 0.568945 -4.96481 3.2
      vertex 0.529067 -4.96359 3.2
      vertex 0.34106 -4.9784 3.2
    endloop
  endfacet
  facet normal 0 0 1
    outer loop
      vertex 0.609142 -4.96731 3.2
      vertex 0.34106 -4.9784 3.2
      vertex 0.649486 -4.97105 3.2
    endloop
  endfacet
  facet normal -0 0 1
    outer loop
      vertex 0.34106 -4.9784 3.2
      vertex 1.1141 -5.11817 3.2
      vertex 0.689795 -4.97601 3.2
    endloop
  endfacet
  facet normal 0 0 1
    outer loop
      vertex 1.14949 -5.1374 3.2
      vertex 1.1141 -5.11817 3.2
      vertex 0.34106 -4.9784 3.2
    endloop
  endfacet
  facet normal 0 0 1
    outer loop
      vertex 1.18403 -5.15466 3.2
      vertex 1.14949 -5.1374 3.2
      vertex 0.247324 -4.99035 3.2
    endloop
  endfacet
  facet normal 0 0 1
    outer loop
      vertex 1.18403 -5.15466 3.2
      vertex 0.247324 -4.99035 3.2
      vertex 1.21779 -5.16995 3.2
    endloop
  endfacet
  facet normal 0 0 1
    outer loop
      vertex 0.247324 -4.99035 3.2
      vertex 0.081888 -10.0406 3.2
      vertex 1.21779 -5.16995 3.2
    endloop
  endfacet
  facet normal -0 0 1
    outer loop
      vertex 0.142885 -4.99527 3.2
      vertex 0.081888 -10.0406 3.2
      vertex 0.247324 -4.99035 3.2
    endloop
  endfacet
  facet normal 0 0 1
    outer loop
      vertex 0.0289101 -4.99347 3.2
      vertex 0.081888 -10.0406 3.2
      vertex 0.142885 -4.99527 3.2
    endloop
  endfacet
  facet normal -0 0 1
    outer loop
      vertex -0.395645 -10.0161 3.2
      vertex 0.081888 -10.0406 3.2
      vertex 0.0289101 -4.99347 3.2
    endloop
  endfacet
  facet normal 0 0 1
    outer loop
      vertex -0.395645 -10.0161 3.2
      vertex 0.0289101 -4.99347 3.2
      vertex -0.0934324 -4.98528 3.2
    endloop
  endfacet
  facet normal 0 -0 1
    outer loop
      vertex -0.395645 -10.0161 3.2
      vertex -0.0934324 -4.98528 3.2
      vertex -0.510251 -10.0101 3.2
    endloop
  endfacet
  facet normal 0 0 1
    outer loop
      vertex -0.0934324 -4.98528 3.2
      vertex -0.22298 -4.971 3.2
      vertex -0.510251 -10.0101 3.2
    endloop
  endfacet
  facet normal 0 0 1
    outer loop
      vertex -0.22298 -4.971 3.2
      vertex -0.620828 -10.0054 3.2
      vertex -0.510251 -10.0101 3.2
    endloop
  endfacet
  facet normal 0 0 1
    outer loop
      vertex -0.358564 -4.95094 3.2
      vertex -0.727433 -10.0021 3.2
      vertex -0.620828 -10.0054 3.2
    endloop
  endfacet
  facet normal -0 0 1
    outer loop
      vertex -0.830131 -10.0002 3.2
      vertex -0.727433 -10.0021 3.2
      vertex -0.358564 -4.95094 3.2
    endloop
  endfacet
  facet normal 0 0 1
    outer loop
      vertex -0.830131 -10.0002 3.2
      vertex -0.358564 -4.95094 3.2
      vertex -0.499016 -4.9254 3.2
    endloop
  endfacet
  facet normal 0 -0 1
    outer loop
      vertex -0.830131 -10.0002 3.2
      vertex -0.499016 -4.9254 3.2
      vertex -0.928982 -9.99963 3.2
    endloop
  endfacet
  facet normal 0 0 1
    outer loop
      vertex -0.499016 -4.9254 3.2
      vertex -1.02405 -10.0005 3.2
      vertex -0.928982 -9.99963 3.2
    endloop
  endfacet
  facet normal 0 0 1
    outer loop
      vertex -0.643174 -4.89472 3.2
      vertex -1.02405 -10.0005 3.2
      vertex -0.499016 -4.9254 3.2
    endloop
  endfacet
  facet normal 0 0 1
    outer loop
      vertex -1.11538 -10.0027 3.2
      vertex -1.02405 -10.0005 3.2
      vertex -0.643174 -4.89472 3.2
    endloop
  endfacet
  facet normal 0 0 1
    outer loop
      vertex -1.11538 -10.0027 3.2
      vertex -0.643174 -4.89472 3.2
      vertex -0.78987 -4.85919 3.2
    endloop
  endfacet
  facet normal 0 -0 1
    outer loop
      vertex -1.11538 -10.0027 3.2
      vertex -0.78987 -4.85919 3.2
      vertex -1.20307 -10.0063 3.2
    endloop
  endfacet
  facet normal 0 0 1
    outer loop
      vertex -0.78987 -4.85919 3.2
      vertex -1.28714 -10.0114 3.2
      vertex -1.20307 -10.0063 3.2
    endloop
  endfacet
  facet normal 0 0 1
    outer loop
      vertex -0.937934 -4.81913 3.2
      vertex -1.28714 -10.0114 3.2
      vertex -0.78987 -4.85919 3.2
    endloop
  endfacet
  facet normal 0 0 1
    outer loop
      vertex -1.36768 -10.0179 3.2
      vertex -1.28714 -10.0114 3.2
      vertex -0.937934 -4.81913 3.2
    endloop
  endfacet
  facet normal 0 -0 1
    outer loop
      vertex -1.36768 -10.0179 3.2
      vertex -0.937934 -4.81913 3.2
      vertex -1.44474 -10.0259 3.2
    endloop
  endfacet
  facet normal 0 0 1
    outer loop
      vertex -0.937934 -4.81913 3.2
      vertex -1.0862 -4.77484 3.2
      vertex -1.44474 -10.0259 3.2
    endloop
  endfacet
  facet normal 0 0 1
    outer loop
      vertex -1.0862 -4.77484 3.2
      vertex -1.51837 -10.0353 3.2
      vertex -1.44474 -10.0259 3.2
    endloop
  endfacet
  facet normal 0 0 1
    outer loop
      vertex -1.23351 -4.72664 3.2
      vertex -1.51837 -10.0353 3.2
      vertex -1.0862 -4.77484 3.2
    endloop
  endfacet
  facet normal 0 0 1
    outer loop
      vertex -1.58866 -10.0461 3.2
      vertex -1.51837 -10.0353 3.2
      vertex -1.23351 -4.72664 3.2
    endloop
  endfacet
  facet normal 0 -0 1
    outer loop
      vertex -1.58866 -10.0461 3.2
      vertex -1.23351 -4.72664 3.2
      vertex -1.65564 -10.0585 3.2
    endloop
  endfacet
  facet normal 0 0 1
    outer loop
      vertex -1.23351 -4.72664 3.2
      vertex -1.37869 -4.67484 3.2
      vertex -1.65564 -10.0585 3.2
    endloop
  endfacet
  facet normal 0 0 1
    outer loop
      vertex -1.37869 -4.67484 3.2
      vertex -1.7194 -10.0723 3.2
      vertex -1.65564 -10.0585 3.2
    endloop
  endfacet
  facet normal 0 0 1
    outer loop
      vertex -1.52058 -4.61975 3.2
      vertex -1.7194 -10.0723 3.2
      vertex -1.37869 -4.67484 3.2
    endloop
  endfacet
  facet normal 0 0 1
    outer loop
      vertex -1.77998 -10.0877 3.2
      vertex -1.7194 -10.0723 3.2
      vertex -1.52058 -4.61975 3.2
    endloop
  endfacet
  facet normal 0 -0 1
    outer loop
      vertex -1.77998 -10.0877 3.2
      vertex -1.52058 -4.61975 3.2
      vertex -1.83746 -10.1045 3.2
    endloop
  endfacet
  facet normal 0 0 1
    outer loop
      vertex -1.52058 -4.61975 3.2
      vertex -1.658 -4.56169 3.2
      vertex -1.83746 -10.1045 3.2
    endloop
  endfacet
  facet normal 0 0 1
    outer loop
      vertex -1.658 -4.56169 3.2
      vertex -1.89188 -10.1229 3.2
      vertex -1.83746 -10.1045 3.2
    endloop
  endfacet
  facet normal 0 -0 1
    outer loop
      vertex -4.00823 -9.94352 3.2
      vertex -1.91481 -4.43786 3.2
      vertex -4.09878 -9.90359 3.2
    endloop
  endfacet
  facet normal 0 0 1
    outer loop
      vertex -1.91481 -4.43786 3.2
      vertex -2.03185 -4.37273 3.2
      vertex -4.1877 -9.86649 3.2
    endloop
  endfacet
  facet normal 0 -0 1
    outer loop
      vertex -4.36308 -9.8003 3.2
      vertex -2.13977 -4.30586 3.2
      vertex -4.45076 -9.77095 3.2
    endloop
  endfacet
  facet normal 0 0 1
    outer loop
      vertex -4.45076 -9.77095 3.2
      vertex -2.23739 -4.23757 3.2
      vertex -3.16891 -3.83716 3.2
    endloop
  endfacet
  facet normal 0 0 1
    outer loop
      vertex -2.32551 -4.17638 3.2
      vertex -2.37087 -4.14673 3.2
      vertex -3.13813 -3.84369 3.2
    endloop
  endfacet
  facet normal 0 0 1
    outer loop
      vertex -2.5096 -4.06288 3.2
      vertex -2.55601 -4.03701 3.2
      vertex -3.10895 -3.84844 3.2
    endloop
  endfacet
  facet normal -0 0 1
    outer loop
      vertex -6.71763 -4.35974 3.2
      vertex -5.12187 -9.62268 3.2
      vertex -3.4919 -3.7118 3.2
    endloop
  endfacet
  facet normal 0 0 1
    outer loop
      vertex -2.69271 -3.96717 3.2
      vertex -2.73672 -3.94685 3.2
      vertex -3.10895 -3.84844 3.2
    endloop
  endfacet
  facet normal 0 0 1
    outer loop
      vertex -2.73672 -3.94685 3.2
      vertex -2.7796 -3.9282 3.2
      vertex -3.0815 -3.85135 3.2
    endloop
  endfacet
  facet normal 0 0 1
    outer loop
      vertex -2.89927 -3.88336 3.2
      vertex -3.0815 -3.85135 3.2
      vertex -2.86109 -3.89634 3.2
    endloop
  endfacet
  facet normal 0 0 1
    outer loop
      vertex -3.05595 -3.85234 3.2
      vertex -2.96943 -3.86384 3.2
      vertex -3.00098 -3.85752 3.2
    endloop
  endfacet
  facet normal 0 0 1
    outer loop
      vertex -3.05595 -3.85234 3.2
      vertex -3.00098 -3.85752 3.2
      vertex -3.02989 -3.85365 3.2
    endloop
  endfacet
  facet normal 0 0 1
    outer loop
      vertex -2.93545 -3.87249 3.2
      vertex -2.96943 -3.86384 3.2
      vertex -3.05595 -3.85234 3.2
    endloop
  endfacet
  facet normal 0 0 1
    outer loop
      vertex -2.93545 -3.87249 3.2
      vertex -3.05595 -3.85234 3.2
      vertex -3.0815 -3.85135 3.2
    endloop
  endfacet
  facet normal 0 0 1
    outer loop
      vertex -2.93545 -3.87249 3.2
      vertex -3.0815 -3.85135 3.2
      vertex -2.89927 -3.88336 3.2
    endloop
  endfacet
  facet normal 0 0 1
    outer loop
      vertex -3.0815 -3.85135 3.2
      vertex -2.82113 -3.91133 3.2
      vertex -2.86109 -3.89634 3.2
    endloop
  endfacet
  facet normal 0 0 1
    outer loop
      vertex -2.7796 -3.9282 3.2
      vertex -2.82113 -3.91133 3.2
      vertex -3.0815 -3.85135 3.2
    endloop
  endfacet
  facet normal 0 0 1
    outer loop
      vertex -2.73672 -3.94685 3.2
      vertex -3.0815 -3.85135 3.2
      vertex -3.10895 -3.84844 3.2
    endloop
  endfacet
  facet normal 0 0 1
    outer loop
      vertex -2.69271 -3.96717 3.2
      vertex -3.10895 -3.84844 3.2
      vertex -2.64778 -3.98904 3.2
    endloop
  endfacet
  facet normal 0 0 1
    outer loop
      vertex -3.10895 -3.84844 3.2
      vertex -2.60214 -4.01236 3.2
      vertex -2.64778 -3.98904 3.2
    endloop
  endfacet
  facet normal 0 0 1
    outer loop
      vertex -2.55601 -4.03701 3.2
      vertex -2.60214 -4.01236 3.2
      vertex -3.10895 -3.84844 3.2
    endloop
  endfacet
  facet normal 0 0 1
    outer loop
      vertex -2.5096 -4.06288 3.2
      vertex -3.10895 -3.84844 3.2
      vertex -3.13813 -3.84369 3.2
    endloop
  endfacet
  facet normal 0 0 1
    outer loop
      vertex -2.5096 -4.06288 3.2
      vertex -3.13813 -3.84369 3.2
      vertex -2.46314 -4.08987 3.2
    endloop
  endfacet
  facet normal 0 0 1
    outer loop
      vertex -3.13813 -3.84369 3.2
      vertex -2.41682 -4.11785 3.2
      vertex -2.46314 -4.08987 3.2
    endloop
  endfacet
  facet normal 0 0 1
    outer loop
      vertex -5.60441 -9.57121 3.2
      vertex -6.74967 -4.38574 3.2
      vertex -5.74244 -9.56079 3.2
    endloop
  endfacet
  facet normal 0 0 1
    outer loop
      vertex -2.37087 -4.14673 3.2
      vertex -2.41682 -4.11785 3.2
      vertex -3.13813 -3.84369 3.2
    endloop
  endfacet
  facet normal 0 0 1
    outer loop
      vertex -6.72721 -4.36974 3.2
      vertex -5.2333 -9.60808 3.2
      vertex -5.12187 -9.62268 3.2
    endloop
  endfacet
  facet normal 0 0 1
    outer loop
      vertex -2.32551 -4.17638 3.2
      vertex -3.13813 -3.84369 3.2
      vertex -2.28094 -4.2067 3.2
    endloop
  endfacet
  facet normal 0 0 1
    outer loop
      vertex -3.13813 -3.84369 3.2
      vertex -2.23739 -4.23757 3.2
      vertex -2.28094 -4.2067 3.2
    endloop
  endfacet
  facet normal 0 0 1
    outer loop
      vertex -3.16891 -3.83716 3.2
      vertex -2.23739 -4.23757 3.2
      vertex -3.13813 -3.84369 3.2
    endloop
  endfacet
  facet normal 0 0 1
    outer loop
      vertex -3.30479 -3.79497 3.2
      vertex -4.72119 -9.6962 3.2
      vertex -3.2692 -3.80778 3.2
    endloop
  endfacet
  facet normal 0 0 1
    outer loop
      vertex -3.45376 -3.73072 3.2
      vertex -5.01556 -9.63866 3.2
      vertex -3.41583 -3.74858 3.2
    endloop
  endfacet
  facet normal 0 0 1
    outer loop
      vertex -3.4919 -3.7118 3.2
      vertex -5.01556 -9.63866 3.2
      vertex -3.45376 -3.73072 3.2
    endloop
  endfacet
  facet normal -0 -0 1
    outer loop
      vertex -5.47395 -9.58248 3.2
      vertex -5.35045 -9.59473 3.2
      vertex -6.73791 -4.3784 3.2
    endloop
  endfacet
  facet normal 0 0 1
    outer loop
      vertex -6.74967 -4.38574 3.2
      vertex -6.76245 -4.39174 3.2
      vertex -5.88865 -9.55108 3.2
    endloop
  endfacet
  facet normal 0 0 1
    outer loop
      vertex -4.51767 -3.30685 3.2
      vertex -4.6393 -3.28982 3.2
      vertex -6.70918 -4.3484 3.2
    endloop
  endfacet
  facet normal 0 0 1
    outer loop
      vertex -5.13505 -3.25839 3.2
      vertex -5.25572 -3.26031 3.2
      vertex -6.69589 -4.32173 3.2
    endloop
  endfacet
  facet normal 0 0 1
    outer loop
      vertex -6.68558 -4.27172 3.2
      vertex -6.65393 -4.13378 3.2
      vertex -6.67079 -4.17709 3.2
    endloop
  endfacet
  facet normal -0 0 1
    outer loop
      vertex -6.13235 -3.5273 3.2
      vertex -6.18752 -3.57222 3.2
      vertex -5.592 -3.2915 3.2
    endloop
  endfacet
  facet normal 0 0 1
    outer loop
      vertex -6.56994 -3.98756 3.2
      vertex -6.60301 -4.03847 3.2
      vertex -6.68768 -4.28973 3.2
    endloop
  endfacet
  facet normal 0 0 1
    outer loop
      vertex -4.28497 -3.35105 3.2
      vertex -4.39918 -3.32729 3.2
      vertex -3.6803 -3.60391 3.2
    endloop
  endfacet
  facet normal 0 0 1
    outer loop
      vertex -4.07379 -3.40795 3.2
      vertex -4.17613 -3.37797 3.2
      vertex -3.71644 -3.58022 3.2
    endloop
  endfacet
  facet normal 0 0 1
    outer loop
      vertex -3.97907 -3.44088 3.2
      vertex -3.71644 -3.58022 3.2
      vertex -3.75172 -3.55601 3.2
    endloop
  endfacet
  facet normal 0 0 1
    outer loop
      vertex -3.89307 -3.4766 3.2
      vertex -3.75172 -3.55601 3.2
      vertex -3.81691 -3.51502 3.2
    endloop
  endfacet
  facet normal 0 0 1
    outer loop
      vertex -6.823 -4.40241 3.2
      vertex -7.24485 -9.43739 3.2
      vertex -7.06409 -9.46276 3.2
    endloop
  endfacet
  facet normal 0 0 1
    outer loop
      vertex -3.97907 -3.44088 3.2
      vertex -3.75172 -3.55601 3.2
      vertex -3.89307 -3.4766 3.2
    endloop
  endfacet
  facet normal 0 0 1
    outer loop
      vertex -4.07379 -3.40795 3.2
      vertex -3.71644 -3.58022 3.2
      vertex -3.97907 -3.44088 3.2
    endloop
  endfacet
  facet normal 0 0 1
    outer loop
      vertex -4.17613 -3.37797 3.2
      vertex -3.6803 -3.60391 3.2
      vertex -3.71644 -3.58022 3.2
    endloop
  endfacet
  facet normal 0 0 1
    outer loop
      vertex -4.28497 -3.35105 3.2
      vertex -3.6803 -3.60391 3.2
      vertex -4.17613 -3.37797 3.2
    endloop
  endfacet
  facet normal 0 0 1
    outer loop
      vertex -4.39918 -3.32729 3.2
      vertex -3.64344 -3.627 3.2
      vertex -3.6803 -3.60391 3.2
    endloop
  endfacet
  facet normal -0 0 1
    outer loop
      vertex -6.69589 -4.32173 3.2
      vertex -6.70192 -4.33573 3.2
      vertex -5.13505 -3.25839 3.2
    endloop
  endfacet
  facet normal -0 0 1
    outer loop
      vertex -6.63117 -4.08739 3.2
      vertex -6.68558 -4.27172 3.2
      vertex -6.60301 -4.03847 3.2
    endloop
  endfacet
  facet normal -0 0 1
    outer loop
      vertex -6.68558 -4.27172 3.2
      vertex -6.68768 -4.28973 3.2
      vertex -6.60301 -4.03847 3.2
    endloop
  endfacet
  facet normal -0 0 1
    outer loop
      vertex -6.24219 -3.61993 3.2
      vertex -6.29589 -3.66992 3.2
      vertex -5.48531 -3.27674 3.2
    endloop
  endfacet
  facet normal 0 0 1
    outer loop
      vertex -6.24219 -3.61993 3.2
      vertex -5.48531 -3.27674 3.2
      vertex -6.18752 -3.57222 3.2
    endloop
  endfacet
  facet normal -0 0 1
    outer loop
      vertex -6.0225 -3.448 3.2
      vertex -6.07718 -3.48572 3.2
      vertex -5.69181 -3.31077 3.2
    endloop
  endfacet
  facet normal -0 0 1
    outer loop
      vertex -5.91658 -3.38631 3.2
      vertex -5.9688 -3.41468 3.2
      vertex -5.78363 -3.3347 3.2
    endloop
  endfacet
  facet normal 0 0 1
    outer loop
      vertex -5.91658 -3.38631 3.2
      vertex -5.78363 -3.3347 3.2
      vertex -5.86631 -3.36339 3.2
    endloop
  endfacet
  facet normal -0 0 1
    outer loop
      vertex -5.9688 -3.41468 3.2
      vertex -6.0225 -3.448 3.2
      vertex -5.78363 -3.3347 3.2
    endloop
  endfacet
  facet normal 0 0 1
    outer loop
      vertex -6.0225 -3.448 3.2
      vertex -5.69181 -3.31077 3.2
      vertex -5.78363 -3.3347 3.2
    endloop
  endfacet
  facet normal -0 0 1
    outer loop
      vertex -6.07718 -3.48572 3.2
      vertex -6.13235 -3.5273 3.2
      vertex -5.69181 -3.31077 3.2
    endloop
  endfacet
  facet normal 0 0 1
    outer loop
      vertex -6.13235 -3.5273 3.2
      vertex -5.592 -3.2915 3.2
      vertex -5.69181 -3.31077 3.2
    endloop
  endfacet
  facet normal 0 0 1
    outer loop
      vertex -6.18752 -3.57222 3.2
      vertex -5.48531 -3.27674 3.2
      vertex -5.592 -3.2915 3.2
    endloop
  endfacet
  facet normal 0 0 1
    outer loop
      vertex -6.39838 -3.77455 3.2
      vertex -6.44618 -3.82813 3.2
      vertex -6.69113 -4.3064 3.2
    endloop
  endfacet
  facet normal 0 0 1
    outer loop
      vertex -6.44618 -3.82813 3.2
      vertex -6.49104 -3.88185 3.2
      vertex -6.69113 -4.3064 3.2
    endloop
  endfacet
  facet normal 0 0 1
    outer loop
      vertex -6.49104 -3.88185 3.2
      vertex -6.53246 -3.93517 3.2
      vertex -6.68768 -4.28973 3.2
    endloop
  endfacet
  facet normal 0 0 1
    outer loop
      vertex -6.63117 -4.08739 3.2
      vertex -6.65393 -4.13378 3.2
      vertex -6.68558 -4.27172 3.2
    endloop
  endfacet
  facet normal 0 0 1
    outer loop
      vertex -6.68487 -4.25239 3.2
      vertex -6.67079 -4.17709 3.2
      vertex -6.68127 -4.21681 3.2
    endloop
  endfacet
  facet normal 0 0 1
    outer loop
      vertex -6.68558 -4.27172 3.2
      vertex -6.67079 -4.17709 3.2
      vertex -6.68487 -4.25239 3.2
    endloop
  endfacet
  facet normal 0 0 1
    outer loop
      vertex -6.68768 -4.28973 3.2
      vertex -6.53246 -3.93517 3.2
      vertex -6.56994 -3.98756 3.2
    endloop
  endfacet
  facet normal 0 0 1
    outer loop
      vertex -6.69113 -4.3064 3.2
      vertex -6.49104 -3.88185 3.2
      vertex -6.68768 -4.28973 3.2
    endloop
  endfacet
  facet normal 0 0 1
    outer loop
      vertex -6.34812 -3.72163 3.2
      vertex -6.39838 -3.77455 3.2
      vertex -6.69113 -4.3064 3.2
    endloop
  endfacet
  facet normal 0 0 1
    outer loop
      vertex -6.29589 -3.66992 3.2
      vertex -6.69113 -4.3064 3.2
      vertex -6.69589 -4.32173 3.2
    endloop
  endfacet
  facet normal -0 0 1
    outer loop
      vertex -6.29589 -3.66992 3.2
      vertex -6.69589 -4.32173 3.2
      vertex -5.48531 -3.27674 3.2
    endloop
  endfacet
  facet normal 0 0 1
    outer loop
      vertex -6.69589 -4.32173 3.2
      vertex -5.37284 -3.26639 3.2
      vertex -5.48531 -3.27674 3.2
    endloop
  endfacet
  facet normal 0 0 1
    outer loop
      vertex -5.25572 -3.26031 3.2
      vertex -5.37284 -3.26639 3.2
      vertex -6.69589 -4.32173 3.2
    endloop
  endfacet
  facet normal 0 0 1
    outer loop
      vertex -5.01196 -3.2605 3.2
      vertex -5.13505 -3.25839 3.2
      vertex -6.70192 -4.33573 3.2
    endloop
  endfacet
  facet normal 0 0 1
    outer loop
      vertex -10.1811 -8.23831 3.2
      vertex -10.5325 -5.94102 3.2
      vertex -10.6145 -6.01912 3.2
    endloop
  endfacet
  facet normal 0 0 1
    outer loop
      vertex -5.01196 -3.2605 3.2
      vertex -6.70192 -4.33573 3.2
      vertex -4.88756 -3.26653 3.2
    endloop
  endfacet
  facet normal 0 0 1
    outer loop
      vertex -8.04443 -4.32672 3.2
      vertex -7.59743 -4.21112 3.2
      vertex -7.98131 -4.28969 3.2
    endloop
  endfacet
  facet normal 0 0 1
    outer loop
      vertex -6.70192 -4.33573 3.2
      vertex -4.76297 -3.27634 3.2
      vertex -4.88756 -3.26653 3.2
    endloop
  endfacet
  facet normal 0 0 1
    outer loop
      vertex -7.44246 -4.23456 3.2
      vertex -8.11009 -4.37116 3.2
      vertex -8.17933 -4.42319 3.2
    endloop
  endfacet
  facet normal 0 0 1
    outer loop
      vertex -6.70918 -4.3484 3.2
      vertex -4.76297 -3.27634 3.2
      vertex -6.70192 -4.33573 3.2
    endloop
  endfacet
  facet normal 0 0 1
    outer loop
      vertex -8.41897 -4.62711 3.2
      vertex -7.0419 -4.34577 3.2
      vertex -7.15598 -4.31046 3.2
    endloop
  endfacet
  facet normal 0 0 1
    outer loop
      vertex -4.6393 -3.28982 3.2
      vertex -4.76297 -3.27634 3.2
      vertex -6.70918 -4.3484 3.2
    endloop
  endfacet
  facet normal 0 0 1
    outer loop
      vertex -8.56746 -4.76057 3.2
      vertex -6.9168 -4.38574 3.2
      vertex -8.51297 -4.71171 3.2
    endloop
  endfacet
  facet normal 0 0 1
    outer loop
      vertex -4.51767 -3.30685 3.2
      vertex -6.70918 -4.3484 3.2
      vertex -4.39918 -3.32729 3.2
    endloop
  endfacet
  facet normal 0 0 1
    outer loop
      vertex -9.96084 -8.33799 3.2
      vertex -9.80889 -5.50999 3.2
      vertex -9.92707 -5.55777 3.2
    endloop
  endfacet
  facet normal 0 0 1
    outer loop
      vertex -6.70918 -4.3484 3.2
      vertex -3.64344 -3.627 3.2
      vertex -4.39918 -3.32729 3.2
    endloop
  endfacet
  facet normal 0 0 1
    outer loop
      vertex -8.93247 -5.04444 3.2
      vertex -8.99669 -5.08864 3.2
      vertex -8.68543 -9.02104 3.2
    endloop
  endfacet
  facet normal 0 0 1
    outer loop
      vertex -3.60601 -3.64941 3.2
      vertex -3.64344 -3.627 3.2
      vertex -6.70918 -4.3484 3.2
    endloop
  endfacet
  facet normal 0 -0 1
    outer loop
      vertex -7.41954 -9.40838 3.2
      vertex -6.85835 -4.39974 3.2
      vertex -7.58888 -9.37552 3.2
    endloop
  endfacet
  facet normal 0 0 1
    outer loop
      vertex -3.60601 -3.64941 3.2
      vertex -6.70918 -4.3484 3.2
      vertex -6.71763 -4.35974 3.2
    endloop
  endfacet
  facet normal 0 0 1
    outer loop
      vertex -3.60601 -3.64941 3.2
      vertex -6.71763 -4.35974 3.2
      vertex -3.56818 -3.67106 3.2
    endloop
  endfacet
  facet normal 0 0 1
    outer loop
      vertex -6.71763 -4.35974 3.2
      vertex -3.53009 -3.69189 3.2
      vertex -3.56818 -3.67106 3.2
    endloop
  endfacet
  facet normal 0 0 1
    outer loop
      vertex -3.4919 -3.7118 3.2
      vertex -3.53009 -3.69189 3.2
      vertex -6.71763 -4.35974 3.2
    endloop
  endfacet
  facet normal -0 -0 1
    outer loop
      vertex -5.35045 -9.59473 3.2
      vertex -5.2333 -9.60808 3.2
      vertex -6.72721 -4.36974 3.2
    endloop
  endfacet
  facet normal 0 0 1
    outer loop
      vertex -6.74967 -4.38574 3.2
      vertex -5.88865 -9.55108 3.2
      vertex -5.74244 -9.56079 3.2
    endloop
  endfacet
  facet normal 0 0 1
    outer loop
      vertex -6.76245 -4.39174 3.2
      vertex -6.04367 -9.54194 3.2
      vertex -5.88865 -9.55108 3.2
    endloop
  endfacet
  facet normal 0 0 1
    outer loop
      vertex -6.77622 -4.39641 3.2
      vertex -6.47806 -9.519 3.2
      vertex -6.26572 -9.53179 3.2
    endloop
  endfacet
  facet normal 0 0 1
    outer loop
      vertex -6.77622 -4.39641 3.2
      vertex -6.26572 -9.53179 3.2
      vertex -6.04367 -9.54194 3.2
    endloop
  endfacet
  facet normal -0 -0 1
    outer loop
      vertex -6.68142 -9.50337 3.2
      vertex -6.47806 -9.519 3.2
      vertex -6.79093 -4.39974 3.2
    endloop
  endfacet
  facet normal -0 0 1
    outer loop
      vertex -8.7437 -4.90551 3.2
      vertex -7.91441 -9.29746 3.2
      vertex -8.68314 -4.85764 3.2
    endloop
  endfacet
  facet normal 0 0 1
    outer loop
      vertex -9.46796 -8.60849 3.2
      vertex -9.37351 -5.32001 3.2
      vertex -9.43193 -5.35137 3.2
    endloop
  endfacet
  facet normal 0 0 1
    outer loop
      vertex -6.87715 -4.39641 3.2
      vertex -8.62429 -4.80927 3.2
      vertex -8.68314 -4.85764 3.2
    endloop
  endfacet
  facet normal -0 0 1
    outer loop
      vertex -8.2532 -4.48306 3.2
      vertex -8.33273 -4.55096 3.2
      vertex -7.26007 -4.28001 3.2
    endloop
  endfacet
  facet normal 0 0 1
    outer loop
      vertex -7.91969 -4.25986 3.2
      vertex -7.66724 -4.20818 3.2
      vertex -7.73333 -4.21137 3.2
    endloop
  endfacet
  facet normal 0 0 1
    outer loop
      vertex -7.85851 -4.237 3.2
      vertex -7.73333 -4.21137 3.2
      vertex -7.79674 -4.2209 3.2
    endloop
  endfacet
  facet normal 0 0 1
    outer loop
      vertex -7.91969 -4.25986 3.2
      vertex -7.73333 -4.21137 3.2
      vertex -7.85851 -4.237 3.2
    endloop
  endfacet
  facet normal 0 0 1
    outer loop
      vertex -7.98131 -4.28969 3.2
      vertex -7.66724 -4.20818 3.2
      vertex -7.91969 -4.25986 3.2
    endloop
  endfacet
  facet normal 0 0 1
    outer loop
      vertex -7.59743 -4.21112 3.2
      vertex -7.66724 -4.20818 3.2
      vertex -7.98131 -4.28969 3.2
    endloop
  endfacet
  facet normal 0 0 1
    outer loop
      vertex -7.52285 -4.21999 3.2
      vertex -7.59743 -4.21112 3.2
      vertex -8.04443 -4.32672 3.2
    endloop
  endfacet
  facet normal 0 0 1
    outer loop
      vertex -7.52285 -4.21999 3.2
      vertex -8.04443 -4.32672 3.2
      vertex -8.11009 -4.37116 3.2
    endloop
  endfacet
  facet normal 0 0 1
    outer loop
      vertex -7.52285 -4.21999 3.2
      vertex -8.11009 -4.37116 3.2
      vertex -7.44246 -4.23456 3.2
    endloop
  endfacet
  facet normal 0 0 1
    outer loop
      vertex -7.44246 -4.23456 3.2
      vertex -8.17933 -4.42319 3.2
      vertex -7.35521 -4.25464 3.2
    endloop
  endfacet
  facet normal -0 0 1
    outer loop
      vertex -8.17933 -4.42319 3.2
      vertex -8.2532 -4.48306 3.2
      vertex -7.35521 -4.25464 3.2
    endloop
  endfacet
  facet normal 0 0 1
    outer loop
      vertex -8.2532 -4.48306 3.2
      vertex -7.26007 -4.28001 3.2
      vertex -7.35521 -4.25464 3.2
    endloop
  endfacet
  facet normal 0 0 1
    outer loop
      vertex -8.33273 -4.55096 3.2
      vertex -7.15598 -4.31046 3.2
      vertex -7.26007 -4.28001 3.2
    endloop
  endfacet
  facet normal 0 0 1
    outer loop
      vertex -8.41897 -4.62711 3.2
      vertex -7.15598 -4.31046 3.2
      vertex -8.33273 -4.55096 3.2
    endloop
  endfacet
  facet normal 0 0 1
    outer loop
      vertex -8.51297 -4.71171 3.2
      vertex -7.0419 -4.34577 3.2
      vertex -8.41897 -4.62711 3.2
    endloop
  endfacet
  facet normal 0 0 1
    outer loop
      vertex -6.9168 -4.38574 3.2
      vertex -7.0419 -4.34577 3.2
      vertex -8.51297 -4.71171 3.2
    endloop
  endfacet
  facet normal 0 0 1
    outer loop
      vertex -11.0886 -7.25986 3.2
      vertex -11.082 -7.35004 3.2
      vertex -10.3953 -8.16263 3.2
    endloop
  endfacet
  facet normal 0 0 1
    outer loop
      vertex -6.89665 -4.39174 3.2
      vertex -6.9168 -4.38574 3.2
      vertex -8.56746 -4.76057 3.2
    endloop
  endfacet
  facet normal 0 0 1
    outer loop
      vertex -10.7608 -6.18574 3.2
      vertex -10.2766 -8.20078 3.2
      vertex -10.2303 -8.21841 3.2
    endloop
  endfacet
  facet normal 0 0 1
    outer loop
      vertex -6.89665 -4.39174 3.2
      vertex -8.56746 -4.76057 3.2
      vertex -8.62429 -4.80927 3.2
    endloop
  endfacet
  facet normal 0 0 1
    outer loop
      vertex -6.89665 -4.39174 3.2
      vertex -8.62429 -4.80927 3.2
      vertex -6.87715 -4.39641 3.2
    endloop
  endfacet
  facet normal 0 0 1
    outer loop
      vertex -8.38072 -9.14655 3.2
      vertex -8.86868 -4.99907 3.2
      vertex -8.53321 -9.08641 3.2
    endloop
  endfacet
  facet normal 0 0 1
    outer loop
      vertex -8.53321 -9.08641 3.2
      vertex -8.93247 -5.04444 3.2
      vertex -8.68543 -9.02104 3.2
    endloop
  endfacet
  facet normal 0 0 1
    outer loop
      vertex -9.14775 -8.79145 3.2
      vertex -9.18883 -5.21257 3.2
      vertex -9.25164 -5.25044 3.2
    endloop
  endfacet
  facet normal 0 -0 1
    outer loop
      vertex -9.30617 -8.70309 3.2
      vertex -9.25164 -5.25044 3.2
      vertex -9.31331 -5.2863 3.2
    endloop
  endfacet
  facet normal 0 -0 1
    outer loop
      vertex -9.52971 -8.57106 3.2
      vertex -9.48826 -5.38024 3.2
      vertex -9.59199 -8.53442 3.2
    endloop
  endfacet
  facet normal 0 -0 1
    outer loop
      vertex -9.84073 -8.3982 3.2
      vertex -9.68624 -5.46736 3.2
      vertex -9.90137 -8.36733 3.2
    endloop
  endfacet
  facet normal 0 0 1
    outer loop
      vertex -9.64147 -5.45016 3.2
      vertex -9.68624 -5.46736 3.2
      vertex -9.84073 -8.3982 3.2
    endloop
  endfacet
  facet normal -0 0 1
    outer loop
      vertex -10.1493 -5.66792 3.2
      vertex -10.0188 -8.3103 3.2
      vertex -10.0406 -5.61047 3.2
    endloop
  endfacet
  facet normal 0 0 1
    outer loop
      vertex -10.253 -5.72989 3.2
      vertex -10.1292 -8.26033 3.2
      vertex -10.075 -8.28437 3.2
    endloop
  endfacet
  facet normal 0 0 1
    outer loop
      vertex -10.3516 -5.7962 3.2
      vertex -10.4448 -5.86664 3.2
      vertex -10.1292 -8.26033 3.2
    endloop
  endfacet
  facet normal 0 0 1
    outer loop
      vertex -10.2766 -8.20078 3.2
      vertex -10.8822 -6.3649 3.2
      vertex -10.9332 -6.45868 3.2
    endloop
  endfacet
  facet normal -0 0 1
    outer loop
      vertex -11.0147 -6.65364 3.2
      vertex -10.3198 -8.18552 3.2
      vertex -10.9774 -6.55499 3.2
    endloop
  endfacet
  facet normal 0 0 1
    outer loop
      vertex -10.3198 -8.18552 3.2
      vertex -11.0679 -6.85713 3.2
      vertex -10.3594 -8.17276 3.2
    endloop
  endfacet
  facet normal -0 0 1
    outer loop
      vertex -11.0917 -7.16566 3.2
      vertex -10.3594 -8.17276 3.2
      vertex -11.0914 -7.06755 3.2
    endloop
  endfacet
  facet normal 0 0 1
    outer loop
      vertex -10.8353 -8.0037 3.2
      vertex -10.6487 -8.12172 3.2
      vertex -10.5945 -8.13689 3.2
    endloop
  endfacet
  facet normal -0 -0 1
    outer loop
      vertex -10.7932 -8.04156 3.2
      vertex -10.6487 -8.12172 3.2
      vertex -10.8353 -8.0037 3.2
    endloop
  endfacet
  facet normal 0 0 1
    outer loop
      vertex -10.4775 -8.14917 3.2
      vertex -10.9991 -7.73632 3.2
      vertex -10.9727 -7.7998 3.2
    endloop
  endfacet
  facet normal 0 0 1
    outer loop
      vertex -10.4546 -8.15071 3.2
      vertex -11.0422 -7.59522 3.2
      vertex -11.0223 -7.66809 3.2
    endloop
  endfacet
  facet normal 0 0 1
    outer loop
      vertex -10.4271 -8.15523 3.2
      vertex -11.0588 -7.51784 3.2
      vertex -10.4546 -8.15071 3.2
    endloop
  endfacet
  facet normal 0 0 1
    outer loop
      vertex -11.0721 -7.43607 3.2
      vertex -11.0588 -7.51784 3.2
      vertex -10.4271 -8.15523 3.2
    endloop
  endfacet
  facet normal -0 -0 1
    outer loop
      vertex -11.0422 -7.59522 3.2
      vertex -10.4546 -8.15071 3.2
      vertex -11.0588 -7.51784 3.2
    endloop
  endfacet
  facet normal -0 -0 1
    outer loop
      vertex -11.0721 -7.43607 3.2
      vertex -10.4271 -8.15523 3.2
      vertex -11.082 -7.35004 3.2
    endloop
  endfacet
  facet normal -0 -0 1
    outer loop
      vertex -10.4271 -8.15523 3.2
      vertex -10.3953 -8.16263 3.2
      vertex -11.082 -7.35004 3.2
    endloop
  endfacet
  facet normal 0 0 1
    outer loop
      vertex -10.4546 -8.15071 3.2
      vertex -11.0223 -7.66809 3.2
      vertex -10.9991 -7.73632 3.2
    endloop
  endfacet
  facet normal 0 0 1
    outer loop
      vertex -10.4546 -8.15071 3.2
      vertex -10.9991 -7.73632 3.2
      vertex -10.4775 -8.14917 3.2
    endloop
  endfacet
  facet normal 0 0 1
    outer loop
      vertex -10.4775 -8.14917 3.2
      vertex -10.9727 -7.7998 3.2
      vertex -10.9431 -7.85839 3.2
    endloop
  endfacet
  facet normal -0 -0 1
    outer loop
      vertex -10.5375 -8.14608 3.2
      vertex -10.4775 -8.14917 3.2
      vertex -10.9103 -7.912 3.2
    endloop
  endfacet
  facet normal -0 -0 1
    outer loop
      vertex -10.5945 -8.13689 3.2
      vertex -10.5375 -8.14608 3.2
      vertex -10.8743 -7.96046 3.2
    endloop
  endfacet
  facet normal 0 0 1
    outer loop
      vertex -10.5945 -8.13689 3.2
      vertex -10.8743 -7.96046 3.2
      vertex -10.8353 -8.0037 3.2
    endloop
  endfacet
  facet normal -0 -0 1
    outer loop
      vertex -10.748 -8.07393 3.2
      vertex -10.6998 -8.10069 3.2
      vertex -10.7932 -8.04156 3.2
    endloop
  endfacet
  facet normal -0 -0 1
    outer loop
      vertex -10.6998 -8.10069 3.2
      vertex -10.6487 -8.12172 3.2
      vertex -10.7932 -8.04156 3.2
    endloop
  endfacet
  facet normal 0 0 1
    outer loop
      vertex -10.9103 -7.912 3.2
      vertex -10.8743 -7.96046 3.2
      vertex -10.5375 -8.14608 3.2
    endloop
  endfacet
  facet normal 0 0 1
    outer loop
      vertex -10.9431 -7.85839 3.2
      vertex -10.9103 -7.912 3.2
      vertex -10.4775 -8.14917 3.2
    endloop
  endfacet
  facet normal -0 -0 1
    outer loop
      vertex -11.0886 -7.25986 3.2
      vertex -10.3953 -8.16263 3.2
      vertex -11.0917 -7.16566 3.2
    endloop
  endfacet
  facet normal -0 -0 1
    outer loop
      vertex -10.3953 -8.16263 3.2
      vertex -10.3594 -8.17276 3.2
      vertex -11.0917 -7.16566 3.2
    endloop
  endfacet
  facet normal 0 0 1
    outer loop
      vertex -10.3594 -8.17276 3.2
      vertex -11.0835 -6.96157 3.2
      vertex -11.0914 -7.06755 3.2
    endloop
  endfacet
  facet normal 0 0 1
    outer loop
      vertex -11.0679 -6.85713 3.2
      vertex -11.0835 -6.96157 3.2
      vertex -10.3594 -8.17276 3.2
    endloop
  endfacet
  facet normal 0 0 1
    outer loop
      vertex -11.0449 -6.75442 3.2
      vertex -11.0679 -6.85713 3.2
      vertex -10.3198 -8.18552 3.2
    endloop
  endfacet
  facet normal -0 0 1
    outer loop
      vertex -11.0449 -6.75442 3.2
      vertex -10.3198 -8.18552 3.2
      vertex -11.0147 -6.65364 3.2
    endloop
  endfacet
  facet normal 0 0 1
    outer loop
      vertex -10.3198 -8.18552 3.2
      vertex -10.9332 -6.45868 3.2
      vertex -10.9774 -6.55499 3.2
    endloop
  endfacet
  facet normal 0 0 1
    outer loop
      vertex -10.2766 -8.20078 3.2
      vertex -10.9332 -6.45868 3.2
      vertex -10.3198 -8.18552 3.2
    endloop
  endfacet
  facet normal 0 0 1
    outer loop
      vertex -10.8247 -6.27386 3.2
      vertex -10.8822 -6.3649 3.2
      vertex -10.2766 -8.20078 3.2
    endloop
  endfacet
  facet normal -0 0 1
    outer loop
      vertex -10.8247 -6.27386 3.2
      vertex -10.2766 -8.20078 3.2
      vertex -10.7608 -6.18574 3.2
    endloop
  endfacet
  facet normal -0 0 1
    outer loop
      vertex -10.7608 -6.18574 3.2
      vertex -10.2303 -8.21841 3.2
      vertex -10.6907 -6.10077 3.2
    endloop
  endfacet
  facet normal 0 0 1
    outer loop
      vertex -10.2303 -8.21841 3.2
      vertex -10.6145 -6.01912 3.2
      vertex -10.6907 -6.10077 3.2
    endloop
  endfacet
  facet normal 0 0 1
    outer loop
      vertex -10.1811 -8.23831 3.2
      vertex -10.6145 -6.01912 3.2
      vertex -10.2303 -8.21841 3.2
    endloop
  endfacet
  facet normal 0 0 1
    outer loop
      vertex -10.4448 -5.86664 3.2
      vertex -10.5325 -5.94102 3.2
      vertex -10.1811 -8.23831 3.2
    endloop
  endfacet
  facet normal 0 0 1
    outer loop
      vertex -10.4448 -5.86664 3.2
      vertex -10.1811 -8.23831 3.2
      vertex -10.1292 -8.26033 3.2
    endloop
  endfacet
  facet normal -0 0 1
    outer loop
      vertex -10.3516 -5.7962 3.2
      vertex -10.1292 -8.26033 3.2
      vertex -10.253 -5.72989 3.2
    endloop
  endfacet
  facet normal -0 0 1
    outer loop
      vertex -10.253 -5.72989 3.2
      vertex -10.075 -8.28437 3.2
      vertex -10.1493 -5.66792 3.2
    endloop
  endfacet
  facet normal -0 -0 1
    outer loop
      vertex -10.075 -8.28437 3.2
      vertex -10.0188 -8.3103 3.2
      vertex -10.1493 -5.66792 3.2
    endloop
  endfacet
  facet normal 0 -0 1
    outer loop
      vertex -10.0188 -8.3103 3.2
      vertex -9.92707 -5.55777 3.2
      vertex -10.0406 -5.61047 3.2
    endloop
  endfacet
  facet normal 0 -0 1
    outer loop
      vertex -9.96084 -8.33799 3.2
      vertex -9.92707 -5.55777 3.2
      vertex -10.0188 -8.3103 3.2
    endloop
  endfacet
  facet normal 0 -0 1
    outer loop
      vertex -9.90137 -8.36733 3.2
      vertex -9.80889 -5.50999 3.2
      vertex -9.96084 -8.33799 3.2
    endloop
  endfacet
  facet normal 0 0 1
    outer loop
      vertex -9.68624 -5.46736 3.2
      vertex -9.80889 -5.50999 3.2
      vertex -9.90137 -8.36733 3.2
    endloop
  endfacet
  facet normal 0 -0 1
    outer loop
      vertex -9.77918 -8.43046 3.2
      vertex -9.64147 -5.45016 3.2
      vertex -9.84073 -8.3982 3.2
    endloop
  endfacet
  facet normal 0 -0 1
    outer loop
      vertex -9.71701 -8.46399 3.2
      vertex -9.64147 -5.45016 3.2
      vertex -9.77918 -8.43046 3.2
    endloop
  endfacet
  facet normal 0 0 1
    outer loop
      vertex -9.59334 -5.42979 3.2
      vertex -9.64147 -5.45016 3.2
      vertex -9.71701 -8.46399 3.2
    endloop
  endfacet
  facet normal 0 0 1
    outer loop
      vertex -9.59334 -5.42979 3.2
      vertex -9.71701 -8.46399 3.2
      vertex -9.65452 -8.49869 3.2
    endloop
  endfacet
  facet normal -0 0 1
    outer loop
      vertex -9.59334 -5.42979 3.2
      vertex -9.65452 -8.49869 3.2
      vertex -9.54217 -5.40643 3.2
    endloop
  endfacet
  facet normal 0 0 1
    outer loop
      vertex -9.59199 -8.53442 3.2
      vertex -9.48826 -5.38024 3.2
      vertex -9.54217 -5.40643 3.2
    endloop
  endfacet
  facet normal -0 0 1
    outer loop
      vertex -9.65452 -8.49869 3.2
      vertex -9.59199 -8.53442 3.2
      vertex -9.54217 -5.40643 3.2
    endloop
  endfacet
  facet normal 0 0 1
    outer loop
      vertex -9.52971 -8.57106 3.2
      vertex -9.43193 -5.35137 3.2
      vertex -9.48826 -5.38024 3.2
    endloop
  endfacet
  facet normal 0 -0 1
    outer loop
      vertex -9.46796 -8.60849 3.2
      vertex -9.43193 -5.35137 3.2
      vertex -9.52971 -8.57106 3.2
    endloop
  endfacet
  facet normal 0 0 1
    outer loop
      vertex -9.30617 -8.70309 3.2
      vertex -9.37351 -5.32001 3.2
      vertex -9.46796 -8.60849 3.2
    endloop
  endfacet
  facet normal 0 0 1
    outer loop
      vertex -9.31331 -5.2863 3.2
      vertex -9.37351 -5.32001 3.2
      vertex -9.30617 -8.70309 3.2
    endloop
  endfacet
  facet normal 0 0 1
    outer loop
      vertex -9.25164 -5.25044 3.2
      vertex -9.30617 -8.70309 3.2
      vertex -9.14775 -8.79145 3.2
    endloop
  endfacet
  facet normal 0 0 1
    outer loop
      vertex -9.18883 -5.21257 3.2
      vertex -9.14775 -8.79145 3.2
      vertex -8.99197 -8.87375 3.2
    endloop
  endfacet
  facet normal -0 0 1
    outer loop
      vertex -9.18883 -5.21257 3.2
      vertex -8.99197 -8.87375 3.2
      vertex -9.12519 -5.17288 3.2
    endloop
  endfacet
  facet normal -0 -0 1
    outer loop
      vertex -8.99197 -8.87375 3.2
      vertex -8.83811 -8.95022 3.2
      vertex -9.12519 -5.17288 3.2
    endloop
  endfacet
  facet normal 0 0 1
    outer loop
      vertex -8.83811 -8.95022 3.2
      vertex -9.06103 -5.13151 3.2
      vertex -9.12519 -5.17288 3.2
    endloop
  endfacet
  facet normal 0 0 1
    outer loop
      vertex -8.99669 -5.08864 3.2
      vertex -9.06103 -5.13151 3.2
      vertex -8.83811 -8.95022 3.2
    endloop
  endfacet
  facet normal 0 0 1
    outer loop
      vertex -8.99669 -5.08864 3.2
      vertex -8.83811 -8.95022 3.2
      vertex -8.68543 -9.02104 3.2
    endloop
  endfacet
  facet normal 0 0 1
    outer loop
      vertex -8.86868 -4.99907 3.2
      vertex -8.93247 -5.04444 3.2
      vertex -8.53321 -9.08641 3.2
    endloop
  endfacet
  facet normal 0 0 1
    outer loop
      vertex -8.22725 -9.20163 3.2
      vertex -8.86868 -4.99907 3.2
      vertex -8.38072 -9.14655 3.2
    endloop
  endfacet
  facet normal 0 0 1
    outer loop
      vertex -8.80565 -4.95271 3.2
      vertex -8.86868 -4.99907 3.2
      vertex -8.22725 -9.20163 3.2
    endloop
  endfacet
  facet normal 0 0 1
    outer loop
      vertex -8.80565 -4.95271 3.2
      vertex -8.22725 -9.20163 3.2
      vertex -8.07205 -9.25187 3.2
    endloop
  endfacet
  facet normal -0 0 1
    outer loop
      vertex -8.80565 -4.95271 3.2
      vertex -8.07205 -9.25187 3.2
      vertex -8.7437 -4.90551 3.2
    endloop
  endfacet
  facet normal -0 -0 1
    outer loop
      vertex -8.07205 -9.25187 3.2
      vertex -7.91441 -9.29746 3.2
      vertex -8.7437 -4.90551 3.2
    endloop
  endfacet
  facet normal -0 -0 1
    outer loop
      vertex -7.91441 -9.29746 3.2
      vertex -7.75359 -9.33861 3.2
      vertex -8.68314 -4.85764 3.2
    endloop
  endfacet
  facet normal 0 -0 1
    outer loop
      vertex -7.75359 -9.33861 3.2
      vertex -6.87715 -4.39641 3.2
      vertex -8.68314 -4.85764 3.2
    endloop
  endfacet
  facet normal 0 0 1
    outer loop
      vertex -6.85835 -4.39974 3.2
      vertex -6.87715 -4.39641 3.2
      vertex -7.75359 -9.33861 3.2
    endloop
  endfacet
  facet normal 0 0 1
    outer loop
      vertex -6.85835 -4.39974 3.2
      vertex -7.75359 -9.33861 3.2
      vertex -7.58888 -9.37552 3.2
    endloop
  endfacet
  facet normal 0 0 1
    outer loop
      vertex -6.84029 -4.40174 3.2
      vertex -6.85835 -4.39974 3.2
      vertex -7.41954 -9.40838 3.2
    endloop
  endfacet
  facet normal 0 0 1
    outer loop
      vertex -6.84029 -4.40174 3.2
      vertex -7.41954 -9.40838 3.2
      vertex -7.24485 -9.43739 3.2
    endloop
  endfacet
  facet normal 0 0 1
    outer loop
      vertex -6.84029 -4.40174 3.2
      vertex -7.24485 -9.43739 3.2
      vertex -6.823 -4.40241 3.2
    endloop
  endfacet
  facet normal -0 0 1
    outer loop
      vertex -6.823 -4.40241 3.2
      vertex -7.06409 -9.46276 3.2
      vertex -6.80653 -4.40174 3.2
    endloop
  endfacet
  facet normal -0 0 1
    outer loop
      vertex -7.06409 -9.46276 3.2
      vertex -6.87652 -9.48469 3.2
      vertex -6.80653 -4.40174 3.2
    endloop
  endfacet
  facet normal -0 0 1
    outer loop
      vertex -6.87652 -9.48469 3.2
      vertex -6.68142 -9.50337 3.2
      vertex -6.80653 -4.40174 3.2
    endloop
  endfacet
  facet normal 0 0 1
    outer loop
      vertex -6.68142 -9.50337 3.2
      vertex -6.79093 -4.39974 3.2
      vertex -6.80653 -4.40174 3.2
    endloop
  endfacet
  facet normal 0 0 1
    outer loop
      vertex -6.47806 -9.519 3.2
      vertex -6.77622 -4.39641 3.2
      vertex -6.79093 -4.39974 3.2
    endloop
  endfacet
  facet normal -0 0 1
    outer loop
      vertex -6.77622 -4.39641 3.2
      vertex -6.04367 -9.54194 3.2
      vertex -6.76245 -4.39174 3.2
    endloop
  endfacet
  facet normal 0 0 1
    outer loop
      vertex -5.60441 -9.57121 3.2
      vertex -6.73791 -4.3784 3.2
      vertex -6.74967 -4.38574 3.2
    endloop
  endfacet
  facet normal 0 0 1
    outer loop
      vertex -5.47395 -9.58248 3.2
      vertex -6.73791 -4.3784 3.2
      vertex -5.60441 -9.57121 3.2
    endloop
  endfacet
  facet normal 0 0 1
    outer loop
      vertex -5.35045 -9.59473 3.2
      vertex -6.72721 -4.36974 3.2
      vertex -6.73791 -4.3784 3.2
    endloop
  endfacet
  facet normal -0 0 1
    outer loop
      vertex -6.72721 -4.36974 3.2
      vertex -5.12187 -9.62268 3.2
      vertex -6.71763 -4.35974 3.2
    endloop
  endfacet
  facet normal -0 0 1
    outer loop
      vertex -5.12187 -9.62268 3.2
      vertex -5.01556 -9.63866 3.2
      vertex -3.4919 -3.7118 3.2
    endloop
  endfacet
  facet normal -0 0 1
    outer loop
      vertex -5.01556 -9.63866 3.2
      vertex -4.91376 -9.65615 3.2
      vertex -3.41583 -3.74858 3.2
    endloop
  endfacet
  facet normal 0 0 1
    outer loop
      vertex -4.91376 -9.65615 3.2
      vertex -3.37825 -3.76529 3.2
      vertex -3.41583 -3.74858 3.2
    endloop
  endfacet
  facet normal 0 0 1
    outer loop
      vertex -3.34118 -3.78078 3.2
      vertex -3.37825 -3.76529 3.2
      vertex -4.91376 -9.65615 3.2
    endloop
  endfacet
  facet normal 0 0 1
    outer loop
      vertex -3.30479 -3.79497 3.2
      vertex -3.34118 -3.78078 3.2
      vertex -4.81584 -9.67529 3.2
    endloop
  endfacet
  facet normal 0 0 1
    outer loop
      vertex -3.30479 -3.79497 3.2
      vertex -4.81584 -9.67529 3.2
      vertex -4.72119 -9.6962 3.2
    endloop
  endfacet
  facet normal 0 0 1
    outer loop
      vertex -3.2692 -3.80778 3.2
      vertex -4.72119 -9.6962 3.2
      vertex -3.2346 -3.81914 3.2
    endloop
  endfacet
  facet normal 0 0 1
    outer loop
      vertex -3.2346 -3.81914 3.2
      vertex -4.6292 -9.71903 3.2
      vertex -3.20111 -3.82895 3.2
    endloop
  endfacet
  facet normal -0 0 1
    outer loop
      vertex -4.6292 -9.71903 3.2
      vertex -4.53927 -9.7439 3.2
      vertex -3.20111 -3.82895 3.2
    endloop
  endfacet
  facet normal 0 0 1
    outer loop
      vertex -4.53927 -9.7439 3.2
      vertex -3.16891 -3.83716 3.2
      vertex -3.20111 -3.82895 3.2
    endloop
  endfacet
  facet normal 0 -0 1
    outer loop
      vertex -4.45076 -9.77095 3.2
      vertex -3.16891 -3.83716 3.2
      vertex -4.53927 -9.7439 3.2
    endloop
  endfacet
  facet normal 0 0 1
    outer loop
      vertex -2.13977 -4.30586 3.2
      vertex -2.23739 -4.23757 3.2
      vertex -4.45076 -9.77095 3.2
    endloop
  endfacet
  facet normal 0 0 1
    outer loop
      vertex -2.03185 -4.37273 3.2
      vertex -2.13977 -4.30586 3.2
      vertex -4.36308 -9.8003 3.2
    endloop
  endfacet
  facet normal 0 -0 1
    outer loop
      vertex -4.1877 -9.86649 3.2
      vertex -2.03185 -4.37273 3.2
      vertex -4.27559 -9.83211 3.2
    endloop
  endfacet
  facet normal 0 -0 1
    outer loop
      vertex -4.09878 -9.90359 3.2
      vertex -1.91481 -4.43786 3.2
      vertex -4.1877 -9.86649 3.2
    endloop
  endfacet
  facet normal 0 -0 1
    outer loop
      vertex -3.91543 -9.98644 3.2
      vertex -1.78981 -4.50095 3.2
      vertex -4.00823 -9.94352 3.2
    endloop
  endfacet
  facet normal 0 0 1
    outer loop
      vertex -4.00823 -9.94352 3.2
      vertex -1.78981 -4.50095 3.2
      vertex -1.91481 -4.43786 3.2
    endloop
  endfacet
  facet normal 0 0 1
    outer loop
      vertex -1.658 -4.56169 3.2
      vertex -1.78981 -4.50095 3.2
      vertex -3.91543 -9.98644 3.2
    endloop
  endfacet
  facet normal 0 0 1
    outer loop
      vertex -1.658 -4.56169 3.2
      vertex -3.91543 -9.98644 3.2
      vertex -1.89188 -10.1229 3.2
    endloop
  endfacet
  facet normal 0 0 1
    outer loop
      vertex -1.89188 -10.1229 3.2
      vertex -3.786 -10.05 3.2
      vertex -1.94332 -10.1428 3.2
    endloop
  endfacet
  facet normal 0 0 1
    outer loop
      vertex -3.786 -10.05 3.2
      vertex -3.66339 -10.1074 3.2
      vertex -1.94332 -10.1428 3.2
    endloop
  endfacet
  facet normal 0 0 1
    outer loop
      vertex -3.66339 -10.1074 3.2
      vertex -3.54705 -10.1588 3.2
      vertex -1.94332 -10.1428 3.2
    endloop
  endfacet
  facet normal 0 0 1
    outer loop
      vertex -3.54705 -10.1588 3.2
      vertex -3.43641 -10.2041 3.2
      vertex -1.99182 -10.1642 3.2
    endloop
  endfacet
  facet normal -0 0 1
    outer loop
      vertex -3.43641 -10.2041 3.2
      vertex -3.33093 -10.2434 3.2
      vertex -1.99182 -10.1642 3.2
    endloop
  endfacet
  facet normal -0 0 1
    outer loop
      vertex -3.33093 -10.2434 3.2
      vertex -3.23005 -10.2769 3.2
      vertex -2.08625 -10.2062 3.2
    endloop
  endfacet
  facet normal 0 0 1
    outer loop
      vertex -3.23005 -10.2769 3.2
      vertex -2.17755 -10.2433 3.2
      vertex -2.08625 -10.2062 3.2
    endloop
  endfacet
  facet normal 0 0 1
    outer loop
      vertex -3.13322 -10.3045 3.2
      vertex -2.26628 -10.2753 3.2
      vertex -2.17755 -10.2433 3.2
    endloop
  endfacet
  facet normal 0 -0 1
    outer loop
      vertex -3.0399 -10.3264 3.2
      vertex -2.26628 -10.2753 3.2
      vertex -3.13322 -10.3045 3.2
    endloop
  endfacet
  facet normal 0 -0 1
    outer loop
      vertex -2.94953 -10.3426 3.2
      vertex -2.35297 -10.3022 3.2
      vertex -3.0399 -10.3264 3.2
    endloop
  endfacet
  facet normal 0 -0 1
    outer loop
      vertex -2.43819 -10.324 3.2
      vertex -2.35297 -10.3022 3.2
      vertex -2.94953 -10.3426 3.2
    endloop
  endfacet
  facet normal 0 -0 1
    outer loop
      vertex -2.52249 -10.3405 3.2
      vertex -2.43819 -10.324 3.2
      vertex -2.86154 -10.3531 3.2
    endloop
  endfacet
  facet normal 0 0 1
    outer loop
      vertex -2.52249 -10.3405 3.2
      vertex -2.86154 -10.3531 3.2
      vertex -2.7754 -10.3582 3.2
    endloop
  endfacet
  facet normal 0.0699743 -0.997549 0
    outer loop
      vertex -2.60643 -10.3518 1.6
      vertex -2.69054 -10.3577 3.2
      vertex -2.69054 -10.3577 1.6
    endloop
  endfacet
  facet normal 0.0699743 -0.997549 0
    outer loop
      vertex -2.60643 -10.3518 1.6
      vertex -2.60643 -10.3518 3.2
      vertex -2.69054 -10.3577 3.2
    endloop
  endfacet
  facet normal 0.133416 -0.99106 0
    outer loop
      vertex -2.52249 -10.3405 1.6
      vertex -2.60643 -10.3518 3.2
      vertex -2.60643 -10.3518 1.6
    endloop
  endfacet
  facet normal 0.133416 -0.99106 0
    outer loop
      vertex -2.52249 -10.3405 1.6
      vertex -2.52249 -10.3405 3.2
      vertex -2.60643 -10.3518 3.2
    endloop
  endfacet
  facet normal 0.192085 -0.981378 0
    outer loop
      vertex -2.43819 -10.324 1.6
      vertex -2.52249 -10.3405 3.2
      vertex -2.52249 -10.3405 1.6
    endloop
  endfacet
  facet normal 0.192085 -0.981378 0
    outer loop
      vertex -2.43819 -10.324 1.6
      vertex -2.43819 -10.324 3.2
      vertex -2.52249 -10.3405 3.2
    endloop
  endfacet
  facet normal 0.247828 -0.968804 0
    outer loop
      vertex -2.35297 -10.3022 1.6
      vertex -2.43819 -10.324 3.2
      vertex -2.43819 -10.324 1.6
    endloop
  endfacet
  facet normal 0.247828 -0.968804 0
    outer loop
      vertex -2.35297 -10.3022 1.6
      vertex -2.35297 -10.3022 3.2
      vertex -2.43819 -10.324 3.2
    endloop
  endfacet
  facet normal 0.296361 -0.955076 0
    outer loop
      vertex -2.26628 -10.2753 1.6
      vertex -2.35297 -10.3022 3.2
      vertex -2.35297 -10.3022 1.6
    endloop
  endfacet
  facet normal 0.296361 -0.955076 0
    outer loop
      vertex -2.26628 -10.2753 1.6
      vertex -2.26628 -10.2753 3.2
      vertex -2.35297 -10.3022 3.2
    endloop
  endfacet
  facet normal 0.339256 -0.940694 0
    outer loop
      vertex -2.17755 -10.2433 1.6
      vertex -2.26628 -10.2753 3.2
      vertex -2.26628 -10.2753 1.6
    endloop
  endfacet
  facet normal 0.339256 -0.940694 0
    outer loop
      vertex -2.17755 -10.2433 1.6
      vertex -2.17755 -10.2433 3.2
      vertex -2.26628 -10.2753 3.2
    endloop
  endfacet
  facet normal 0.376459 -0.926433 0
    outer loop
      vertex -2.08625 -10.2062 1.6
      vertex -2.17755 -10.2433 3.2
      vertex -2.17755 -10.2433 1.6
    endloop
  endfacet
  facet normal 0.376459 -0.926433 0
    outer loop
      vertex -2.08625 -10.2062 1.6
      vertex -2.08625 -10.2062 3.2
      vertex -2.17755 -10.2433 3.2
    endloop
  endfacet
  facet normal 0.40639 -0.9137 0
    outer loop
      vertex -1.99182 -10.1642 1.6
      vertex -2.08625 -10.2062 3.2
      vertex -2.08625 -10.2062 1.6
    endloop
  endfacet
  facet normal 0.40639 -0.9137 0
    outer loop
      vertex -1.99182 -10.1642 1.6
      vertex -1.99182 -10.1642 3.2
      vertex -2.08625 -10.2062 3.2
    endloop
  endfacet
  facet normal 0.403687 -0.914897 0
    outer loop
      vertex -1.94332 -10.1428 1.6
      vertex -1.99182 -10.1642 3.2
      vertex -1.99182 -10.1642 1.6
    endloop
  endfacet
  facet normal 0.403687 -0.914897 0
    outer loop
      vertex -1.94332 -10.1428 1.6
      vertex -1.94332 -10.1428 3.2
      vertex -1.99182 -10.1642 3.2
    endloop
  endfacet
  facet normal 0.360801 -0.932643 0
    outer loop
      vertex -1.89188 -10.1229 1.6
      vertex -1.94332 -10.1428 3.2
      vertex -1.94332 -10.1428 1.6
    endloop
  endfacet
  facet normal 0.360801 -0.932643 0
    outer loop
      vertex -1.89188 -10.1229 1.6
      vertex -1.89188 -10.1229 3.2
      vertex -1.94332 -10.1428 3.2
    endloop
  endfacet
  facet normal 0.320298 -0.947317 0
    outer loop
      vertex -1.83746 -10.1045 1.6
      vertex -1.89188 -10.1229 3.2
      vertex -1.89188 -10.1229 1.6
    endloop
  endfacet
  facet normal 0.320298 -0.947317 0
    outer loop
      vertex -1.83746 -10.1045 1.6
      vertex -1.83746 -10.1045 3.2
      vertex -1.89188 -10.1229 3.2
    endloop
  endfacet
  facet normal 0.280539 -0.959843 0
    outer loop
      vertex -1.77998 -10.0877 1.6
      vertex -1.83746 -10.1045 3.2
      vertex -1.83746 -10.1045 1.6
    endloop
  endfacet
  facet normal 0.280539 -0.959843 0
    outer loop
      vertex -1.77998 -10.0877 1.6
      vertex -1.77998 -10.0877 3.2
      vertex -1.83746 -10.1045 3.2
    endloop
  endfacet
  facet normal 0.246373 -0.969175 0
    outer loop
      vertex -1.7194 -10.0723 1.6
      vertex -1.77998 -10.0877 3.2
      vertex -1.77998 -10.0877 1.6
    endloop
  endfacet
  facet normal 0.246373 -0.969175 0
    outer loop
      vertex -1.7194 -10.0723 1.6
      vertex -1.7194 -10.0723 3.2
      vertex -1.77998 -10.0877 3.2
    endloop
  endfacet
  facet normal 0.211539 -0.97737 0
    outer loop
      vertex -1.65564 -10.0585 1.6
      vertex -1.7194 -10.0723 3.2
      vertex -1.7194 -10.0723 1.6
    endloop
  endfacet
  facet normal 0.211539 -0.97737 0
    outer loop
      vertex -1.65564 -10.0585 1.6
      vertex -1.65564 -10.0585 3.2
      vertex -1.7194 -10.0723 3.2
    endloop
  endfacet
  facet normal 0.182037 -0.983292 0
    outer loop
      vertex -1.58866 -10.0461 1.6
      vertex -1.65564 -10.0585 3.2
      vertex -1.65564 -10.0585 1.6
    endloop
  endfacet
  facet normal 0.182037 -0.983292 0
    outer loop
      vertex -1.58866 -10.0461 1.6
      vertex -1.58866 -10.0461 3.2
      vertex -1.65564 -10.0585 3.2
    endloop
  endfacet
  facet normal 0.151867 -0.988401 0
    outer loop
      vertex -1.51837 -10.0353 1.6
      vertex -1.58866 -10.0461 3.2
      vertex -1.58866 -10.0461 1.6
    endloop
  endfacet
  facet normal 0.151867 -0.988401 0
    outer loop
      vertex -1.51837 -10.0353 1.6
      vertex -1.51837 -10.0353 3.2
      vertex -1.58866 -10.0461 3.2
    endloop
  endfacet
  facet normal 0.126638 -0.991949 0
    outer loop
      vertex -1.44474 -10.0259 1.6
      vertex -1.51837 -10.0353 3.2
      vertex -1.51837 -10.0353 1.6
    endloop
  endfacet
  facet normal 0.126638 -0.991949 0
    outer loop
      vertex -1.44474 -10.0259 1.6
      vertex -1.44474 -10.0259 3.2
      vertex -1.51837 -10.0353 3.2
    endloop
  endfacet
  facet normal 0.10326 -0.994654 0
    outer loop
      vertex -1.36768 -10.0179 1.6
      vertex -1.44474 -10.0259 3.2
      vertex -1.44474 -10.0259 1.6
    endloop
  endfacet
  facet normal 0.10326 -0.994654 0
    outer loop
      vertex -1.36768 -10.0179 1.6
      vertex -1.36768 -10.0179 3.2
      vertex -1.44474 -10.0259 3.2
    endloop
  endfacet
  facet normal 0.0804437 -0.996759 0
    outer loop
      vertex -1.28714 -10.0114 1.6
      vertex -1.36768 -10.0179 3.2
      vertex -1.36768 -10.0179 1.6
    endloop
  endfacet
  facet normal 0.0804437 -0.996759 0
    outer loop
      vertex -1.28714 -10.0114 1.6
      vertex -1.28714 -10.0114 3.2
      vertex -1.36768 -10.0179 3.2
    endloop
  endfacet
  facet normal 0.0605524 -0.998165 0
    outer loop
      vertex -1.20307 -10.0063 1.6
      vertex -1.28714 -10.0114 3.2
      vertex -1.28714 -10.0114 1.6
    endloop
  endfacet
  facet normal 0.0605524 -0.998165 0
    outer loop
      vertex -1.20307 -10.0063 1.6
      vertex -1.20307 -10.0063 3.2
      vertex -1.28714 -10.0114 3.2
    endloop
  endfacet
  facet normal 0.0410192 -0.999158 0
    outer loop
      vertex -1.11538 -10.0027 1.6
      vertex -1.20307 -10.0063 3.2
      vertex -1.20307 -10.0063 1.6
    endloop
  endfacet
  facet normal 0.0410192 -0.999158 0
    outer loop
      vertex -1.11538 -10.0027 1.6
      vertex -1.11538 -10.0027 3.2
      vertex -1.20307 -10.0063 3.2
    endloop
  endfacet
  facet normal 0.0240815 -0.99971 0
    outer loop
      vertex -1.02405 -10.0005 1.6
      vertex -1.11538 -10.0027 3.2
      vertex -1.11538 -10.0027 1.6
    endloop
  endfacet
  facet normal 0.0240815 -0.99971 0
    outer loop
      vertex -1.02405 -10.0005 1.6
      vertex -1.02405 -10.0005 3.2
      vertex -1.11538 -10.0027 3.2
    endloop
  endfacet
  facet normal 0.00915096 -0.999958 0
    outer loop
      vertex -0.928982 -9.99963 1.6
      vertex -1.02405 -10.0005 3.2
      vertex -1.02405 -10.0005 1.6
    endloop
  endfacet
  facet normal 0.00915096 -0.999958 0
    outer loop
      vertex -0.928982 -9.99963 1.6
      vertex -0.928982 -9.99963 3.2
      vertex -1.02405 -10.0005 3.2
    endloop
  endfacet
  facet normal -0.00576616 -0.999983 0
    outer loop
      vertex -0.830131 -10.0002 1.6
      vertex -0.928982 -9.99963 3.2
      vertex -0.928982 -9.99963 1.6
    endloop
  endfacet
  facet normal -0.00576616 -0.999983 0
    outer loop
      vertex -0.830131 -10.0002 1.6
      vertex -0.830131 -10.0002 3.2
      vertex -0.928982 -9.99963 3.2
    endloop
  endfacet
  facet normal -0.0184977 -0.999829 0
    outer loop
      vertex -0.727433 -10.0021 1.6
      vertex -0.830131 -10.0002 3.2
      vertex -0.830131 -10.0002 1.6
    endloop
  endfacet
  facet normal -0.0184977 -0.999829 0
    outer loop
      vertex -0.727433 -10.0021 1.6
      vertex -0.727433 -10.0021 3.2
      vertex -0.830131 -10.0002 3.2
    endloop
  endfacet
  facet normal -0.0309406 -0.999521 0
    outer loop
      vertex -0.620828 -10.0054 1.6
      vertex -0.727433 -10.0021 3.2
      vertex -0.727433 -10.0021 1.6
    endloop
  endfacet
  facet normal -0.0309406 -0.999521 0
    outer loop
      vertex -0.620828 -10.0054 1.6
      vertex -0.620828 -10.0054 3.2
      vertex -0.727433 -10.0021 3.2
    endloop
  endfacet
  facet normal -0.042466 -0.999098 0
    outer loop
      vertex -0.510251 -10.0101 1.6
      vertex -0.620828 -10.0054 3.2
      vertex -0.620828 -10.0054 1.6
    endloop
  endfacet
  facet normal -0.042466 -0.999098 0
    outer loop
      vertex -0.510251 -10.0101 1.6
      vertex -0.510251 -10.0101 3.2
      vertex -0.620828 -10.0054 3.2
    endloop
  endfacet
  facet normal -0.0522817 -0.998632 0
    outer loop
      vertex -0.395645 -10.0161 1.6
      vertex -0.510251 -10.0101 3.2
      vertex -0.510251 -10.0101 1.6
    endloop
  endfacet
  facet normal -0.0522817 -0.998632 0
    outer loop
      vertex -0.395645 -10.0161 1.6
      vertex -0.395645 -10.0161 3.2
      vertex -0.510251 -10.0101 3.2
    endloop
  endfacet
  facet normal -0.051238 -0.998686 0
    outer loop
      vertex 0.081888 -10.0406 1.6
      vertex -0.395645 -10.0161 3.2
      vertex -0.395645 -10.0161 1.6
    endloop
  endfacet
  facet normal -0.051238 -0.998686 0
    outer loop
      vertex 0.081888 -10.0406 1.6
      vertex 0.081888 -10.0406 3.2
      vertex -0.395645 -10.0161 3.2
    endloop
  endfacet
  facet normal -0.0409407 -0.999162 0
    outer loop
      vertex 0.582192 -10.0611 1.6
      vertex 0.081888 -10.0406 3.2
      vertex 0.081888 -10.0406 1.6
    endloop
  endfacet
  facet normal -0.0409407 -0.999162 0
    outer loop
      vertex 0.582192 -10.0611 1.6
      vertex 0.582192 -10.0611 3.2
      vertex 0.081888 -10.0406 3.2
    endloop
  endfacet
  facet normal -0.031825 -0.999493 0
    outer loop
      vertex 1.10039 -10.0776 1.6
      vertex 0.582192 -10.0611 3.2
      vertex 0.582192 -10.0611 1.6
    endloop
  endfacet
  facet normal -0.031825 -0.999493 0
    outer loop
      vertex 1.10039 -10.0776 1.6
      vertex 1.10039 -10.0776 3.2
      vertex 0.582192 -10.0611 3.2
    endloop
  endfacet
  facet normal -0.0238991 -0.999714 0
    outer loop
      vertex 1.63164 -10.0903 1.6
      vertex 1.10039 -10.0776 3.2
      vertex 1.10039 -10.0776 1.6
    endloop
  endfacet
  facet normal -0.0238991 -0.999714 0
    outer loop
      vertex 1.63164 -10.0903 1.6
      vertex 1.63164 -10.0903 3.2
      vertex 1.10039 -10.0776 3.2
    endloop
  endfacet
  facet normal -0.0164963 -0.999864 0
    outer loop
      vertex 2.17108 -10.0992 1.6
      vertex 1.63164 -10.0903 3.2
      vertex 1.63164 -10.0903 1.6
    endloop
  endfacet
  facet normal -0.0164963 -0.999864 0
    outer loop
      vertex 2.17108 -10.0992 1.6
      vertex 2.17108 -10.0992 3.2
      vertex 1.63164 -10.0903 3.2
    endloop
  endfacet
  facet normal -0.00976444 -0.999952 0
    outer loop
      vertex 2.71384 -10.1045 1.6
      vertex 2.17108 -10.0992 3.2
      vertex 2.17108 -10.0992 1.6
    endloop
  endfacet
  facet normal -0.00976444 -0.999952 0
    outer loop
      vertex 2.71384 -10.1045 1.6
      vertex 2.71384 -10.1045 3.2
      vertex 2.17108 -10.0992 3.2
    endloop
  endfacet
  facet normal -0.00332574 -0.999994 0
    outer loop
      vertex 3.25507 -10.1063 1.6
      vertex 2.71384 -10.1045 3.2
      vertex 2.71384 -10.1045 1.6
    endloop
  endfacet
  facet normal -0.00332574 -0.999994 0
    outer loop
      vertex 3.25507 -10.1063 1.6
      vertex 3.25507 -10.1063 3.2
      vertex 2.71384 -10.1045 3.2
    endloop
  endfacet
  facet normal 0.00299159 -0.999996 0
    outer loop
      vertex 3.7899 -10.1047 1.6
      vertex 3.25507 -10.1063 3.2
      vertex 3.25507 -10.1063 1.6
    endloop
  endfacet
  facet normal 0.00299159 -0.999996 0
    outer loop
      vertex 3.7899 -10.1047 1.6
      vertex 3.7899 -10.1047 3.2
      vertex 3.25507 -10.1063 3.2
    endloop
  endfacet
  facet normal 0.00916727 -0.999958 0
    outer loop
      vertex 4.31348 -10.0999 1.6
      vertex 3.7899 -10.1047 3.2
      vertex 3.7899 -10.1047 1.6
    endloop
  endfacet
  facet normal 0.00916727 -0.999958 0
    outer loop
      vertex 4.31348 -10.0999 1.6
      vertex 4.31348 -10.0999 3.2
      vertex 3.7899 -10.1047 3.2
    endloop
  endfacet
  facet normal 0.0155658 -0.999879 0
    outer loop
      vertex 4.82094 -10.092 1.6
      vertex 4.31348 -10.0999 3.2
      vertex 4.31348 -10.0999 1.6
    endloop
  endfacet
  facet normal 0.0155658 -0.999879 0
    outer loop
      vertex 4.82094 -10.092 1.6
      vertex 4.82094 -10.092 3.2
      vertex 4.31348 -10.0999 3.2
    endloop
  endfacet
  facet normal 0.0224002 -0.999749 0
    outer loop
      vertex 5.30742 -10.0811 1.6
      vertex 4.82094 -10.092 3.2
      vertex 4.82094 -10.092 1.6
    endloop
  endfacet
  facet normal 0.0224002 -0.999749 0
    outer loop
      vertex 5.30742 -10.0811 1.6
      vertex 5.30742 -10.0811 3.2
      vertex 4.82094 -10.092 3.2
    endloop
  endfacet
  facet normal 0.0299442 -0.999552 0
    outer loop
      vertex 5.76807 -10.0673 1.6
      vertex 5.30742 -10.0811 3.2
      vertex 5.30742 -10.0811 1.6
    endloop
  endfacet
  facet normal 0.0299442 -0.999552 0
    outer loop
      vertex 5.76807 -10.0673 1.6
      vertex 5.76807 -10.0673 3.2
      vertex 5.30742 -10.0811 3.2
    endloop
  endfacet
  facet normal 0.0385795 -0.999256 0
    outer loop
      vertex 6.19803 -10.0507 1.6
      vertex 5.76807 -10.0673 3.2
      vertex 5.76807 -10.0673 1.6
    endloop
  endfacet
  facet normal 0.0385795 -0.999256 0
    outer loop
      vertex 6.19803 -10.0507 1.6
      vertex 6.19803 -10.0507 3.2
      vertex 5.76807 -10.0673 3.2
    endloop
  endfacet
  facet normal 0.0486252 -0.998817 0
    outer loop
      vertex 6.59242 -10.0315 1.6
      vertex 6.19803 -10.0507 3.2
      vertex 6.19803 -10.0507 1.6
    endloop
  endfacet
  facet normal 0.0486252 -0.998817 0
    outer loop
      vertex 6.59242 -10.0315 1.6
      vertex 6.59242 -10.0315 3.2
      vertex 6.19803 -10.0507 3.2
    endloop
  endfacet
  facet normal 0.0611863 -0.998126 0
    outer loop
      vertex 6.94641 -10.0098 1.6
      vertex 6.59242 -10.0315 3.2
      vertex 6.59242 -10.0315 1.6
    endloop
  endfacet
  facet normal 0.0611863 -0.998126 0
    outer loop
      vertex 6.94641 -10.0098 1.6
      vertex 6.94641 -10.0098 3.2
      vertex 6.59242 -10.0315 3.2
    endloop
  endfacet
  facet normal 0.0777362 -0.996974 0
    outer loop
      vertex 7.25511 -9.98573 1.6
      vertex 6.94641 -10.0098 3.2
      vertex 6.94641 -10.0098 1.6
    endloop
  endfacet
  facet normal 0.0777362 -0.996974 0
    outer loop
      vertex 7.25511 -9.98573 1.6
      vertex 7.25511 -9.98573 3.2
      vertex 6.94641 -10.0098 3.2
    endloop
  endfacet
  facet normal 0.10142 -0.994844 0
    outer loop
      vertex 7.51368 -9.95937 1.6
      vertex 7.25511 -9.98573 3.2
      vertex 7.25511 -9.98573 1.6
    endloop
  endfacet
  facet normal 0.10142 -0.994844 0
    outer loop
      vertex 7.51368 -9.95937 1.6
      vertex 7.51368 -9.95937 3.2
      vertex 7.25511 -9.98573 3.2
    endloop
  endfacet
  facet normal 0.13869 -0.990336 0
    outer loop
      vertex 7.71726 -9.93086 1.6
      vertex 7.51368 -9.95937 3.2
      vertex 7.51368 -9.95937 1.6
    endloop
  endfacet
  facet normal 0.13869 -0.990336 0
    outer loop
      vertex 7.71726 -9.93086 1.6
      vertex 7.71726 -9.93086 3.2
      vertex 7.51368 -9.95937 3.2
    endloop
  endfacet
  facet normal 0.207739 -0.978184 0
    outer loop
      vertex 7.86097 -9.90034 1.6
      vertex 7.71726 -9.93086 3.2
      vertex 7.71726 -9.93086 1.6
    endloop
  endfacet
  facet normal 0.207739 -0.978184 0
    outer loop
      vertex 7.86097 -9.90034 1.6
      vertex 7.86097 -9.90034 3.2
      vertex 7.71726 -9.93086 3.2
    endloop
  endfacet
  facet normal 0.379854 -0.925046 0
    outer loop
      vertex 7.93997 -9.8679 1.6
      vertex 7.86097 -9.90034 3.2
      vertex 7.86097 -9.90034 1.6
    endloop
  endfacet
  facet normal 0.379854 -0.925046 0
    outer loop
      vertex 7.93997 -9.8679 1.6
      vertex 7.93997 -9.8679 3.2
      vertex 7.86097 -9.90034 3.2
    endloop
  endfacet
  facet normal 0.613497 -0.789697 0
    outer loop
      vertex 7.96583 -9.84781 1.6
      vertex 7.93997 -9.8679 3.2
      vertex 7.93997 -9.8679 1.6
    endloop
  endfacet
  facet normal 0.613497 -0.789697 0
    outer loop
      vertex 7.96583 -9.84781 1.6
      vertex 7.96583 -9.84781 3.2
      vertex 7.93997 -9.8679 3.2
    endloop
  endfacet
  facet normal 0.581456 -0.813578 0
    outer loop
      vertex 7.99415 -9.82757 1.6
      vertex 7.96583 -9.84781 3.2
      vertex 7.96583 -9.84781 1.6
    endloop
  endfacet
  facet normal 0.581456 -0.813578 0
    outer loop
      vertex 7.99415 -9.82757 1.6
      vertex 7.99415 -9.82757 3.2
      vertex 7.96583 -9.84781 3.2
    endloop
  endfacet
  facet normal 0.552561 -0.833473 0
    outer loop
      vertex 8.02474 -9.80729 1.6
      vertex 7.99415 -9.82757 3.2
      vertex 7.99415 -9.82757 1.6
    endloop
  endfacet
  facet normal 0.552561 -0.833473 0
    outer loop
      vertex 8.02474 -9.80729 1.6
      vertex 8.02474 -9.80729 3.2
      vertex 7.99415 -9.82757 3.2
    endloop
  endfacet
  facet normal 0.526462 -0.850199 0
    outer loop
      vertex 8.05741 -9.78706 1.6
      vertex 8.02474 -9.80729 3.2
      vertex 8.02474 -9.80729 1.6
    endloop
  endfacet
  facet normal 0.526462 -0.850199 0
    outer loop
      vertex 8.05741 -9.78706 1.6
      vertex 8.05741 -9.78706 3.2
      vertex 8.02474 -9.80729 3.2
    endloop
  endfacet
  facet normal 0.50286 -0.864368 0
    outer loop
      vertex 8.09196 -9.76696 1.6
      vertex 8.05741 -9.78706 3.2
      vertex 8.05741 -9.78706 1.6
    endloop
  endfacet
  facet normal 0.50286 -0.864368 0
    outer loop
      vertex 8.09196 -9.76696 1.6
      vertex 8.09196 -9.76696 3.2
      vertex 8.05741 -9.78706 3.2
    endloop
  endfacet
  facet normal 0.480767 -0.876849 0
    outer loop
      vertex 8.1282 -9.74709 1.6
      vertex 8.09196 -9.76696 3.2
      vertex 8.09196 -9.76696 1.6
    endloop
  endfacet
  facet normal 0.480767 -0.876849 0
    outer loop
      vertex 8.1282 -9.74709 1.6
      vertex 8.1282 -9.74709 3.2
      vertex 8.09196 -9.76696 3.2
    endloop
  endfacet
  facet normal 0.460152 -0.88784 0
    outer loop
      vertex 8.16594 -9.72753 1.6
      vertex 8.1282 -9.74709 3.2
      vertex 8.1282 -9.74709 1.6
    endloop
  endfacet
  facet normal 0.460152 -0.88784 0
    outer loop
      vertex 8.16594 -9.72753 1.6
      vertex 8.16594 -9.72753 3.2
      vertex 8.1282 -9.74709 3.2
    endloop
  endfacet
  facet normal 0.440946 -0.897534 0
    outer loop
      vertex 8.20496 -9.70836 1.6
      vertex 8.16594 -9.72753 3.2
      vertex 8.16594 -9.72753 1.6
    endloop
  endfacet
  facet normal 0.440946 -0.897534 0
    outer loop
      vertex 8.20496 -9.70836 1.6
      vertex 8.20496 -9.70836 3.2
      vertex 8.16594 -9.72753 3.2
    endloop
  endfacet
  facet normal 0.421921 -0.906633 0
    outer loop
      vertex 8.2451 -9.68968 1.6
      vertex 8.20496 -9.70836 3.2
      vertex 8.20496 -9.70836 1.6
    endloop
  endfacet
  facet normal 0.421921 -0.906633 0
    outer loop
      vertex 8.2451 -9.68968 1.6
      vertex 8.2451 -9.68968 3.2
      vertex 8.20496 -9.70836 3.2
    endloop
  endfacet
  facet normal 0.403261 -0.915085 0
    outer loop
      vertex 8.28615 -9.67159 1.6
      vertex 8.2451 -9.68968 3.2
      vertex 8.2451 -9.68968 1.6
    endloop
  endfacet
  facet normal 0.403261 -0.915085 0
    outer loop
      vertex 8.28615 -9.67159 1.6
      vertex 8.28615 -9.67159 3.2
      vertex 8.2451 -9.68968 3.2
    endloop
  endfacet
  facet normal 0.38529 -0.922796 0
    outer loop
      vertex 8.32792 -9.65415 1.6
      vertex 8.28615 -9.67159 3.2
      vertex 8.28615 -9.67159 1.6
    endloop
  endfacet
  facet normal 0.38529 -0.922796 0
    outer loop
      vertex 8.32792 -9.65415 1.6
      vertex 8.32792 -9.65415 3.2
      vertex 8.28615 -9.67159 3.2
    endloop
  endfacet
  facet normal 0.366721 -0.930331 0
    outer loop
      vertex 8.37021 -9.63748 1.6
      vertex 8.32792 -9.65415 3.2
      vertex 8.32792 -9.65415 1.6
    endloop
  endfacet
  facet normal 0.366721 -0.930331 0
    outer loop
      vertex 8.37021 -9.63748 1.6
      vertex 8.37021 -9.63748 3.2
      vertex 8.32792 -9.65415 3.2
    endloop
  endfacet
  facet normal 0.348446 -0.937329 0
    outer loop
      vertex 8.41282 -9.62164 1.6
      vertex 8.37021 -9.63748 3.2
      vertex 8.37021 -9.63748 1.6
    endloop
  endfacet
  facet normal 0.348446 -0.937329 0
    outer loop
      vertex 8.41282 -9.62164 1.6
      vertex 8.41282 -9.62164 3.2
      vertex 8.37021 -9.63748 3.2
    endloop
  endfacet
  facet normal 0.328923 -0.944357 0
    outer loop
      vertex 8.45557 -9.60675 1.6
      vertex 8.41282 -9.62164 3.2
      vertex 8.41282 -9.62164 1.6
    endloop
  endfacet
  facet normal 0.328923 -0.944357 0
    outer loop
      vertex 8.45557 -9.60675 1.6
      vertex 8.45557 -9.60675 3.2
      vertex 8.41282 -9.62164 3.2
    endloop
  endfacet
  facet normal 0.309267 -0.950975 0
    outer loop
      vertex 8.49825 -9.59287 1.6
      vertex 8.45557 -9.60675 3.2
      vertex 8.45557 -9.60675 1.6
    endloop
  endfacet
  facet normal 0.309267 -0.950975 0
    outer loop
      vertex 8.49825 -9.59287 1.6
      vertex 8.49825 -9.59287 3.2
      vertex 8.45557 -9.60675 3.2
    endloop
  endfacet
  facet normal 0.28799 -0.957634 0
    outer loop
      vertex 8.54068 -9.58011 1.6
      vertex 8.49825 -9.59287 3.2
      vertex 8.49825 -9.59287 1.6
    endloop
  endfacet
  facet normal 0.28799 -0.957634 0
    outer loop
      vertex 8.54068 -9.58011 1.6
      vertex 8.54068 -9.58011 3.2
      vertex 8.49825 -9.59287 3.2
    endloop
  endfacet
  facet normal 0.265701 -0.964056 0
    outer loop
      vertex 8.58266 -9.56854 1.6
      vertex 8.54068 -9.58011 3.2
      vertex 8.54068 -9.58011 1.6
    endloop
  endfacet
  facet normal 0.265701 -0.964056 0
    outer loop
      vertex 8.58266 -9.56854 1.6
      vertex 8.58266 -9.56854 3.2
      vertex 8.54068 -9.58011 3.2
    endloop
  endfacet
  facet normal 0.241099 -0.9705 0
    outer loop
      vertex 8.624 -9.55827 1.6
      vertex 8.58266 -9.56854 3.2
      vertex 8.58266 -9.56854 1.6
    endloop
  endfacet
  facet normal 0.241099 -0.9705 0
    outer loop
      vertex 8.624 -9.55827 1.6
      vertex 8.624 -9.55827 3.2
      vertex 8.58266 -9.56854 3.2
    endloop
  endfacet
  facet normal 0.214682 -0.976684 0
    outer loop
      vertex 8.66449 -9.54937 1.6
      vertex 8.624 -9.55827 3.2
      vertex 8.624 -9.55827 1.6
    endloop
  endfacet
  facet normal 0.214682 -0.976684 0
    outer loop
      vertex 8.66449 -9.54937 1.6
      vertex 8.66449 -9.54937 3.2
      vertex 8.624 -9.55827 3.2
    endloop
  endfacet
  facet normal 0.184995 -0.982739 0
    outer loop
      vertex 8.70396 -9.54194 1.6
      vertex 8.66449 -9.54937 3.2
      vertex 8.66449 -9.54937 1.6
    endloop
  endfacet
  facet normal 0.184995 -0.982739 0
    outer loop
      vertex 8.70396 -9.54194 1.6
      vertex 8.70396 -9.54194 3.2
      vertex 8.66449 -9.54937 3.2
    endloop
  endfacet
  facet normal 0.245694 -0.969347 0
    outer loop
      vertex 8.74077 -9.53261 1.6
      vertex 8.70396 -9.54194 3.2
      vertex 8.70396 -9.54194 1.6
    endloop
  endfacet
  facet normal 0.245694 -0.969347 0
    outer loop
      vertex 8.74077 -9.53261 1.6
      vertex 8.74077 -9.53261 3.2
      vertex 8.70396 -9.54194 3.2
    endloop
  endfacet
  facet normal 0.267386 -0.963589 0
    outer loop
      vertex 8.77742 -9.52244 1.6
      vertex 8.74077 -9.53261 3.2
      vertex 8.74077 -9.53261 1.6
    endloop
  endfacet
  facet normal 0.267386 -0.963589 0
    outer loop
      vertex 8.77742 -9.52244 1.6
      vertex 8.77742 -9.52244 3.2
      vertex 8.74077 -9.53261 3.2
    endloop
  endfacet
  facet normal 0.288918 -0.957354 0
    outer loop
      vertex 8.81377 -9.51147 1.6
      vertex 8.77742 -9.52244 3.2
      vertex 8.77742 -9.52244 1.6
    endloop
  endfacet
  facet normal 0.288918 -0.957354 0
    outer loop
      vertex 8.81377 -9.51147 1.6
      vertex 8.81377 -9.51147 3.2
      vertex 8.77742 -9.52244 3.2
    endloop
  endfacet
  facet normal 0.310661 -0.950521 0
    outer loop
      vertex 8.84966 -9.49974 1.6
      vertex 8.81377 -9.51147 3.2
      vertex 8.81377 -9.51147 1.6
    endloop
  endfacet
  facet normal 0.310661 -0.950521 0
    outer loop
      vertex 8.84966 -9.49974 1.6
      vertex 8.84966 -9.49974 3.2
      vertex 8.81377 -9.51147 3.2
    endloop
  endfacet
  facet normal 0.332624 -0.943059 0
    outer loop
      vertex 8.88493 -9.4873 1.6
      vertex 8.84966 -9.49974 3.2
      vertex 8.84966 -9.49974 1.6
    endloop
  endfacet
  facet normal 0.332624 -0.943059 0
    outer loop
      vertex 8.88493 -9.4873 1.6
      vertex 8.88493 -9.4873 3.2
      vertex 8.84966 -9.49974 3.2
    endloop
  endfacet
  facet normal 0.354891 -0.934908 0
    outer loop
      vertex 8.91944 -9.4742 1.6
      vertex 8.88493 -9.4873 3.2
      vertex 8.88493 -9.4873 1.6
    endloop
  endfacet
  facet normal 0.354891 -0.934908 0
    outer loop
      vertex 8.91944 -9.4742 1.6
      vertex 8.91944 -9.4742 3.2
      vertex 8.88493 -9.4873 3.2
    endloop
  endfacet
  facet normal 0.378365 -0.925657 0
    outer loop
      vertex 8.95303 -9.46047 1.6
      vertex 8.91944 -9.4742 3.2
      vertex 8.91944 -9.4742 1.6
    endloop
  endfacet
  facet normal 0.378365 -0.925657 0
    outer loop
      vertex 8.95303 -9.46047 1.6
      vertex 8.95303 -9.46047 3.2
      vertex 8.91944 -9.4742 3.2
    endloop
  endfacet
  facet normal 0.402635 -0.915361 0
    outer loop
      vertex 8.98554 -9.44617 1.6
      vertex 8.95303 -9.46047 3.2
      vertex 8.95303 -9.46047 1.6
    endloop
  endfacet
  facet normal 0.402635 -0.915361 0
    outer loop
      vertex 8.98554 -9.44617 1.6
      vertex 8.98554 -9.44617 3.2
      vertex 8.95303 -9.46047 3.2
    endloop
  endfacet
  facet normal 0.428868 -0.903367 0
    outer loop
      vertex 9.01682 -9.43132 1.6
      vertex 8.98554 -9.44617 3.2
      vertex 8.98554 -9.44617 1.6
    endloop
  endfacet
  facet normal 0.428868 -0.903367 0
    outer loop
      vertex 9.01682 -9.43132 1.6
      vertex 9.01682 -9.43132 3.2
      vertex 8.98554 -9.44617 3.2
    endloop
  endfacet
  facet normal 0.455882 -0.89004 0
    outer loop
      vertex 9.04673 -9.416 1.6
      vertex 9.01682 -9.43132 3.2
      vertex 9.01682 -9.43132 1.6
    endloop
  endfacet
  facet normal 0.455882 -0.89004 0
    outer loop
      vertex 9.04673 -9.416 1.6
      vertex 9.04673 -9.416 3.2
      vertex 9.01682 -9.43132 3.2
    endloop
  endfacet
  facet normal 0.486218 -0.873837 0
    outer loop
      vertex 9.07509 -9.40022 1.6
      vertex 9.04673 -9.416 3.2
      vertex 9.04673 -9.416 1.6
    endloop
  endfacet
  facet normal 0.486218 -0.873837 0
    outer loop
      vertex 9.07509 -9.40022 1.6
      vertex 9.07509 -9.40022 3.2
      vertex 9.04673 -9.416 3.2
    endloop
  endfacet
  facet normal 0.518167 -0.85528 0
    outer loop
      vertex 9.10178 -9.38405 1.6
      vertex 9.07509 -9.40022 3.2
      vertex 9.07509 -9.40022 1.6
    endloop
  endfacet
  facet normal 0.518167 -0.85528 0
    outer loop
      vertex 9.10178 -9.38405 1.6
      vertex 9.10178 -9.38405 3.2
      vertex 9.07509 -9.40022 3.2
    endloop
  endfacet
  facet normal 0.554159 -0.832411 0
    outer loop
      vertex 9.12661 -9.36752 1.6
      vertex 9.10178 -9.38405 3.2
      vertex 9.10178 -9.38405 1.6
    endloop
  endfacet
  facet normal 0.554159 -0.832411 0
    outer loop
      vertex 9.12661 -9.36752 1.6
      vertex 9.12661 -9.36752 3.2
      vertex 9.10178 -9.38405 3.2
    endloop
  endfacet
  facet normal 0.593271 -0.805003 0
    outer loop
      vertex 9.14946 -9.35068 1.6
      vertex 9.12661 -9.36752 3.2
      vertex 9.12661 -9.36752 1.6
    endloop
  endfacet
  facet normal 0.593271 -0.805003 0
    outer loop
      vertex 9.14946 -9.35068 1.6
      vertex 9.14946 -9.35068 3.2
      vertex 9.12661 -9.36752 3.2
    endloop
  endfacet
  facet normal 0.637064 -0.770811 0
    outer loop
      vertex 9.17015 -9.33358 1.6
      vertex 9.14946 -9.35068 3.2
      vertex 9.14946 -9.35068 1.6
    endloop
  endfacet
  facet normal 0.637064 -0.770811 0
    outer loop
      vertex 9.17015 -9.33358 1.6
      vertex 9.17015 -9.33358 3.2
      vertex 9.14946 -9.35068 3.2
    endloop
  endfacet
  facet normal 0.685821 -0.72777 0
    outer loop
      vertex 9.18854 -9.31625 1.6
      vertex 9.17015 -9.33358 3.2
      vertex 9.17015 -9.33358 1.6
    endloop
  endfacet
  facet normal 0.685821 -0.72777 0
    outer loop
      vertex 9.18854 -9.31625 1.6
      vertex 9.18854 -9.31625 3.2
      vertex 9.17015 -9.33358 3.2
    endloop
  endfacet
  facet normal 0.73929 -0.673387 0
    outer loop
      vertex 9.20448 -9.29875 1.6
      vertex 9.18854 -9.31625 3.2
      vertex 9.18854 -9.31625 1.6
    endloop
  endfacet
  facet normal 0.73929 -0.673387 0
    outer loop
      vertex 9.20448 -9.29875 1.6
      vertex 9.20448 -9.29875 3.2
      vertex 9.18854 -9.31625 3.2
    endloop
  endfacet
  facet normal 0.798206 -0.602385 0
    outer loop
      vertex 9.2178 -9.2811 1.6
      vertex 9.20448 -9.29875 3.2
      vertex 9.20448 -9.29875 1.6
    endloop
  endfacet
  facet normal 0.798206 -0.602385 0
    outer loop
      vertex 9.2178 -9.2811 1.6
      vertex 9.2178 -9.2811 3.2
      vertex 9.20448 -9.29875 3.2
    endloop
  endfacet
  facet normal 0.858816 -0.512285 0
    outer loop
      vertex 9.22837 -9.26338 1.6
      vertex 9.2178 -9.2811 3.2
      vertex 9.2178 -9.2811 1.6
    endloop
  endfacet
  facet normal 0.858816 -0.512285 0
    outer loop
      vertex 9.22837 -9.26338 1.6
      vertex 9.22837 -9.26338 3.2
      vertex 9.2178 -9.2811 3.2
    endloop
  endfacet
  facet normal 0.918502 -0.395416 0
    outer loop
      vertex 9.23602 -9.24561 1.6
      vertex 9.22837 -9.26338 3.2
      vertex 9.22837 -9.26338 1.6
    endloop
  endfacet
  facet normal 0.918502 -0.395416 0
    outer loop
      vertex 9.23602 -9.24561 1.6
      vertex 9.23602 -9.24561 3.2
      vertex 9.22837 -9.26338 3.2
    endloop
  endfacet
  facet normal 0.977324 -0.211748 0
    outer loop
      vertex 9.24775 -9.19147 1.6
      vertex 9.23602 -9.24561 3.2
      vertex 9.23602 -9.24561 1.6
    endloop
  endfacet
  facet normal 0.977324 -0.211748 0
    outer loop
      vertex 9.24775 -9.19147 1.6
      vertex 9.24775 -9.19147 3.2
      vertex 9.23602 -9.24561 3.2
    endloop
  endfacet
  facet normal 0.998989 -0.0449453 0
    outer loop
      vertex 9.25044 -9.13168 1.6
      vertex 9.24775 -9.19147 3.2
      vertex 9.24775 -9.19147 1.6
    endloop
  endfacet
  facet normal 0.998989 -0.0449453 0
    outer loop
      vertex 9.25044 -9.13168 1.6
      vertex 9.25044 -9.13168 3.2
      vertex 9.24775 -9.19147 3.2
    endloop
  endfacet
  facet normal 0.995807 0.0914767 0
    outer loop
      vertex 9.24448 -9.0668 1.6
      vertex 9.25044 -9.13168 3.2
      vertex 9.25044 -9.13168 1.6
    endloop
  endfacet
  facet normal 0.995807 0.0914767 -0
    outer loop
      vertex 9.24448 -9.0668 1.6
      vertex 9.24448 -9.0668 3.2
      vertex 9.25044 -9.13168 3.2
    endloop
  endfacet
  facet normal 0.979563 0.201135 0
    outer loop
      vertex 9.23023 -8.9974 1.6
      vertex 9.24448 -9.0668 3.2
      vertex 9.24448 -9.0668 1.6
    endloop
  endfacet
  facet normal 0.979563 0.201135 -0
    outer loop
      vertex 9.23023 -8.9974 1.6
      vertex 9.23023 -8.9974 3.2
      vertex 9.24448 -9.0668 3.2
    endloop
  endfacet
  facet normal 0.957351 0.288928 0
    outer loop
      vertex 9.20809 -8.92404 1.6
      vertex 9.23023 -8.9974 3.2
      vertex 9.23023 -8.9974 1.6
    endloop
  endfacet
  facet normal 0.957351 0.288928 -0
    outer loop
      vertex 9.20809 -8.92404 1.6
      vertex 9.20809 -8.92404 3.2
      vertex 9.23023 -8.9974 3.2
    endloop
  endfacet
  facet normal 0.932771 0.360469 0
    outer loop
      vertex 9.17843 -8.84729 1.6
      vertex 9.20809 -8.92404 3.2
      vertex 9.20809 -8.92404 1.6
    endloop
  endfacet
  facet normal 0.932771 0.360469 -0
    outer loop
      vertex 9.17843 -8.84729 1.6
      vertex 9.17843 -8.84729 3.2
      vertex 9.20809 -8.92404 3.2
    endloop
  endfacet
  facet normal 0.907632 0.419767 0
    outer loop
      vertex 9.14163 -8.76772 1.6
      vertex 9.17843 -8.84729 3.2
      vertex 9.17843 -8.84729 1.6
    endloop
  endfacet
  facet normal 0.907632 0.419767 -0
    outer loop
      vertex 9.14163 -8.76772 1.6
      vertex 9.14163 -8.76772 3.2
      vertex 9.17843 -8.84729 3.2
    endloop
  endfacet
  facet normal 0.882678 0.469978 0
    outer loop
      vertex 9.09806 -8.68589 1.6
      vertex 9.14163 -8.76772 3.2
      vertex 9.14163 -8.76772 1.6
    endloop
  endfacet
  facet normal 0.882678 0.469978 -0
    outer loop
      vertex 9.09806 -8.68589 1.6
      vertex 9.09806 -8.68589 3.2
      vertex 9.14163 -8.76772 3.2
    endloop
  endfacet
  facet normal 0.858199 0.513316 0
    outer loop
      vertex 9.04811 -8.60238 1.6
      vertex 9.09806 -8.68589 3.2
      vertex 9.09806 -8.68589 1.6
    endloop
  endfacet
  facet normal 0.858199 0.513316 -0
    outer loop
      vertex 9.04811 -8.60238 1.6
      vertex 9.04811 -8.60238 3.2
      vertex 9.09806 -8.68589 3.2
    endloop
  endfacet
  facet normal 0.834212 0.551443 0
    outer loop
      vertex 8.99216 -8.51774 1.6
      vertex 9.04811 -8.60238 3.2
      vertex 9.04811 -8.60238 1.6
    endloop
  endfacet
  facet normal 0.834212 0.551443 -0
    outer loop
      vertex 8.99216 -8.51774 1.6
      vertex 8.99216 -8.51774 3.2
      vertex 9.04811 -8.60238 3.2
    endloop
  endfacet
  facet normal 0.810468 0.585782 0
    outer loop
      vertex 8.93058 -8.43254 1.6
      vertex 8.99216 -8.51774 3.2
      vertex 8.99216 -8.51774 1.6
    endloop
  endfacet
  facet normal 0.810468 0.585782 -0
    outer loop
      vertex 8.93058 -8.43254 1.6
      vertex 8.93058 -8.43254 3.2
      vertex 8.99216 -8.51774 3.2
    endloop
  endfacet
  facet normal 0.786709 0.617324 0
    outer loop
      vertex 8.86374 -8.34736 1.6
      vertex 8.93058 -8.43254 3.2
      vertex 8.93058 -8.43254 1.6
    endloop
  endfacet
  facet normal 0.786709 0.617324 -0
    outer loop
      vertex 8.86374 -8.34736 1.6
      vertex 8.86374 -8.34736 3.2
      vertex 8.93058 -8.43254 3.2
    endloop
  endfacet
  facet normal 0.762829 0.646601 0
    outer loop
      vertex 8.79203 -8.26276 1.6
      vertex 8.86374 -8.34736 3.2
      vertex 8.86374 -8.34736 1.6
    endloop
  endfacet
  facet normal 0.762829 0.646601 -0
    outer loop
      vertex 8.79203 -8.26276 1.6
      vertex 8.79203 -8.26276 3.2
      vertex 8.86374 -8.34736 3.2
    endloop
  endfacet
  facet normal 0.738541 0.674209 0
    outer loop
      vertex 8.71584 -8.1793 1.6
      vertex 8.79203 -8.26276 3.2
      vertex 8.79203 -8.26276 1.6
    endloop
  endfacet
  facet normal 0.738541 0.674209 -0
    outer loop
      vertex 8.71584 -8.1793 1.6
      vertex 8.71584 -8.1793 3.2
      vertex 8.79203 -8.26276 3.2
    endloop
  endfacet
  facet normal 0.713362 0.700796 0
    outer loop
      vertex 8.63553 -8.09755 1.6
      vertex 8.71584 -8.1793 3.2
      vertex 8.71584 -8.1793 1.6
    endloop
  endfacet
  facet normal 0.713362 0.700796 -0
    outer loop
      vertex 8.63553 -8.09755 1.6
      vertex 8.63553 -8.09755 3.2
      vertex 8.71584 -8.1793 3.2
    endloop
  endfacet
  facet normal 0.687121 0.726543 0
    outer loop
      vertex 8.55149 -8.01807 1.6
      vertex 8.63553 -8.09755 3.2
      vertex 8.63553 -8.09755 1.6
    endloop
  endfacet
  facet normal 0.687121 0.726543 -0
    outer loop
      vertex 8.55149 -8.01807 1.6
      vertex 8.55149 -8.01807 3.2
      vertex 8.63553 -8.09755 3.2
    endloop
  endfacet
  facet normal 0.659211 0.751958 0
    outer loop
      vertex 8.46409 -7.94145 1.6
      vertex 8.55149 -8.01807 3.2
      vertex 8.55149 -8.01807 1.6
    endloop
  endfacet
  facet normal 0.659211 0.751958 -0
    outer loop
      vertex 8.46409 -7.94145 1.6
      vertex 8.46409 -7.94145 3.2
      vertex 8.55149 -8.01807 3.2
    endloop
  endfacet
  facet normal 0.629485 0.777013 0
    outer loop
      vertex 8.37371 -7.86823 1.6
      vertex 8.46409 -7.94145 3.2
      vertex 8.46409 -7.94145 1.6
    endloop
  endfacet
  facet normal 0.629485 0.777013 -0
    outer loop
      vertex 8.37371 -7.86823 1.6
      vertex 8.37371 -7.86823 3.2
      vertex 8.46409 -7.94145 3.2
    endloop
  endfacet
  facet normal 0.59725 0.802055 0
    outer loop
      vertex 8.28074 -7.799 1.6
      vertex 8.37371 -7.86823 3.2
      vertex 8.37371 -7.86823 1.6
    endloop
  endfacet
  facet normal 0.59725 0.802055 -0
    outer loop
      vertex 8.28074 -7.799 1.6
      vertex 8.28074 -7.799 3.2
      vertex 8.37371 -7.86823 3.2
    endloop
  endfacet
  facet normal 0.562037 0.827112 0
    outer loop
      vertex 8.18554 -7.73431 1.6
      vertex 8.28074 -7.799 3.2
      vertex 8.28074 -7.799 1.6
    endloop
  endfacet
  facet normal 0.562037 0.827112 -0
    outer loop
      vertex 8.18554 -7.73431 1.6
      vertex 8.18554 -7.73431 3.2
      vertex 8.28074 -7.799 3.2
    endloop
  endfacet
  facet normal 0.545508 0.838105 0
    outer loop
      vertex 8.13401 -7.70077 1.6
      vertex 8.18554 -7.73431 3.2
      vertex 8.18554 -7.73431 1.6
    endloop
  endfacet
  facet normal 0.545508 0.838105 -0
    outer loop
      vertex 8.13401 -7.70077 1.6
      vertex 8.13401 -7.70077 3.2
      vertex 8.18554 -7.73431 3.2
    endloop
  endfacet
  facet normal 0.544598 0.838697 0
    outer loop
      vertex 8.08188 -7.66692 1.6
      vertex 8.13401 -7.70077 3.2
      vertex 8.13401 -7.70077 1.6
    endloop
  endfacet
  facet normal 0.544598 0.838697 -0
    outer loop
      vertex 8.08188 -7.66692 1.6
      vertex 8.08188 -7.66692 3.2
      vertex 8.13401 -7.70077 3.2
    endloop
  endfacet
  facet normal 0.543993 0.839089 0
    outer loop
      vertex 8.02939 -7.63289 1.6
      vertex 8.08188 -7.66692 3.2
      vertex 8.08188 -7.66692 1.6
    endloop
  endfacet
  facet normal 0.543993 0.839089 -0
    outer loop
      vertex 8.02939 -7.63289 1.6
      vertex 8.02939 -7.63289 3.2
      vertex 8.08188 -7.66692 3.2
    endloop
  endfacet
  facet normal 0.54335 0.839506 0
    outer loop
      vertex 7.97675 -7.59882 1.6
      vertex 8.02939 -7.63289 3.2
      vertex 8.02939 -7.63289 1.6
    endloop
  endfacet
  facet normal 0.54335 0.839506 -0
    outer loop
      vertex 7.97675 -7.59882 1.6
      vertex 7.97675 -7.59882 3.2
      vertex 8.02939 -7.63289 3.2
    endloop
  endfacet
  facet normal 0.542993 0.839737 0
    outer loop
      vertex 7.9242 -7.56484 1.6
      vertex 7.97675 -7.59882 3.2
      vertex 7.97675 -7.59882 1.6
    endloop
  endfacet
  facet normal 0.542993 0.839737 -0
    outer loop
      vertex 7.9242 -7.56484 1.6
      vertex 7.9242 -7.56484 3.2
      vertex 7.97675 -7.59882 3.2
    endloop
  endfacet
  facet normal 0.542638 0.839967 0
    outer loop
      vertex 7.7193 -7.43247 1.6
      vertex 7.9242 -7.56484 3.2
      vertex 7.9242 -7.56484 1.6
    endloop
  endfacet
  facet normal 0.542638 0.839967 -0
    outer loop
      vertex 7.7193 -7.43247 1.6
      vertex 7.7193 -7.43247 3.2
      vertex 7.9242 -7.56484 3.2
    endloop
  endfacet
  facet normal 0.543044 0.839704 0
    outer loop
      vertex 7.67053 -7.40093 1.6
      vertex 7.7193 -7.43247 3.2
      vertex 7.7193 -7.43247 1.6
    endloop
  endfacet
  facet normal 0.543044 0.839704 -0
    outer loop
      vertex 7.67053 -7.40093 1.6
      vertex 7.67053 -7.40093 3.2
      vertex 7.7193 -7.43247 3.2
    endloop
  endfacet
  facet normal 0.54356 0.83937 0
    outer loop
      vertex 7.6232 -7.37028 1.6
      vertex 7.67053 -7.40093 3.2
      vertex 7.67053 -7.40093 1.6
    endloop
  endfacet
  facet normal 0.54356 0.83937 -0
    outer loop
      vertex 7.6232 -7.37028 1.6
      vertex 7.6232 -7.37028 3.2
      vertex 7.67053 -7.40093 3.2
    endloop
  endfacet
  facet normal 0.544104 0.839018 0
    outer loop
      vertex 7.57751 -7.34065 1.6
      vertex 7.6232 -7.37028 3.2
      vertex 7.6232 -7.37028 1.6
    endloop
  endfacet
  facet normal 0.544104 0.839018 -0
    outer loop
      vertex 7.57751 -7.34065 1.6
      vertex 7.57751 -7.34065 3.2
      vertex 7.6232 -7.37028 3.2
    endloop
  endfacet
  facet normal 0.544941 0.838474 0
    outer loop
      vertex 7.53372 -7.31219 1.6
      vertex 7.57751 -7.34065 3.2
      vertex 7.57751 -7.34065 1.6
    endloop
  endfacet
  facet normal 0.544941 0.838474 -0
    outer loop
      vertex 7.53372 -7.31219 1.6
      vertex 7.53372 -7.31219 3.2
      vertex 7.57751 -7.34065 3.2
    endloop
  endfacet
  facet normal 0.546139 0.837695 0
    outer loop
      vertex 7.49203 -7.28501 1.6
      vertex 7.53372 -7.31219 3.2
      vertex 7.53372 -7.31219 1.6
    endloop
  endfacet
  facet normal 0.546139 0.837695 -0
    outer loop
      vertex 7.49203 -7.28501 1.6
      vertex 7.49203 -7.28501 3.2
      vertex 7.53372 -7.31219 3.2
    endloop
  endfacet
  facet normal 0.547862 0.836569 0
    outer loop
      vertex 7.45268 -7.25924 1.6
      vertex 7.49203 -7.28501 3.2
      vertex 7.49203 -7.28501 1.6
    endloop
  endfacet
  facet normal 0.547862 0.836569 -0
    outer loop
      vertex 7.45268 -7.25924 1.6
      vertex 7.45268 -7.25924 3.2
      vertex 7.49203 -7.28501 3.2
    endloop
  endfacet
  facet normal 0.549291 0.835631 0
    outer loop
      vertex 7.41588 -7.23505 1.6
      vertex 7.45268 -7.25924 3.2
      vertex 7.45268 -7.25924 1.6
    endloop
  endfacet
  facet normal 0.549291 0.835631 -0
    outer loop
      vertex 7.41588 -7.23505 1.6
      vertex 7.41588 -7.23505 3.2
      vertex 7.45268 -7.25924 3.2
    endloop
  endfacet
  facet normal 0.552095 0.833781 0
    outer loop
      vertex 7.38187 -7.21253 1.6
      vertex 7.41588 -7.23505 3.2
      vertex 7.41588 -7.23505 1.6
    endloop
  endfacet
  facet normal 0.552095 0.833781 -0
    outer loop
      vertex 7.38187 -7.21253 1.6
      vertex 7.38187 -7.21253 3.2
      vertex 7.41588 -7.23505 3.2
    endloop
  endfacet
  facet normal 0.55501 0.831844 0
    outer loop
      vertex 7.35086 -7.19184 1.6
      vertex 7.38187 -7.21253 3.2
      vertex 7.38187 -7.21253 1.6
    endloop
  endfacet
  facet normal 0.55501 0.831844 -0
    outer loop
      vertex 7.35086 -7.19184 1.6
      vertex 7.35086 -7.19184 3.2
      vertex 7.38187 -7.21253 3.2
    endloop
  endfacet
  facet normal 0.559375 0.828914 0
    outer loop
      vertex 7.32309 -7.1731 1.6
      vertex 7.35086 -7.19184 3.2
      vertex 7.35086 -7.19184 1.6
    endloop
  endfacet
  facet normal 0.559375 0.828914 -0
    outer loop
      vertex 7.32309 -7.1731 1.6
      vertex 7.32309 -7.1731 3.2
      vertex 7.35086 -7.19184 3.2
    endloop
  endfacet
  facet normal 0.564684 0.825307 0
    outer loop
      vertex 7.29877 -7.15646 1.6
      vertex 7.32309 -7.1731 3.2
      vertex 7.32309 -7.1731 1.6
    endloop
  endfacet
  facet normal 0.564684 0.825307 -0
    outer loop
      vertex 7.29877 -7.15646 1.6
      vertex 7.29877 -7.15646 3.2
      vertex 7.32309 -7.1731 3.2
    endloop
  endfacet
  facet normal 0.55322 0.833035 0
    outer loop
      vertex 7.15715 -7.06241 1.6
      vertex 7.29877 -7.15646 3.2
      vertex 7.29877 -7.15646 1.6
    endloop
  endfacet
  facet normal 0.55322 0.833035 -0
    outer loop
      vertex 7.15715 -7.06241 1.6
      vertex 7.15715 -7.06241 3.2
      vertex 7.29877 -7.15646 3.2
    endloop
  endfacet
  facet normal 0.541155 0.840923 0
    outer loop
      vertex 7.02247 -6.97574 1.6
      vertex 7.15715 -7.06241 3.2
      vertex 7.15715 -7.06241 1.6
    endloop
  endfacet
  facet normal 0.541155 0.840923 -0
    outer loop
      vertex 7.02247 -6.97574 1.6
      vertex 7.02247 -6.97574 3.2
      vertex 7.15715 -7.06241 3.2
    endloop
  endfacet
  facet normal 0.526393 0.850241 0
    outer loop
      vertex 6.89406 -6.89624 1.6
      vertex 7.02247 -6.97574 3.2
      vertex 7.02247 -6.97574 1.6
    endloop
  endfacet
  facet normal 0.526393 0.850241 -0
    outer loop
      vertex 6.89406 -6.89624 1.6
      vertex 6.89406 -6.89624 3.2
      vertex 7.02247 -6.97574 3.2
    endloop
  endfacet
  facet normal 0.508521 0.861049 0
    outer loop
      vertex 6.7713 -6.82374 1.6
      vertex 6.89406 -6.89624 3.2
      vertex 6.89406 -6.89624 1.6
    endloop
  endfacet
  facet normal 0.508521 0.861049 -0
    outer loop
      vertex 6.7713 -6.82374 1.6
      vertex 6.7713 -6.82374 3.2
      vertex 6.89406 -6.89624 3.2
    endloop
  endfacet
  facet normal 0.48721 0.873285 0
    outer loop
      vertex 6.65352 -6.75803 1.6
      vertex 6.7713 -6.82374 3.2
      vertex 6.7713 -6.82374 1.6
    endloop
  endfacet
  facet normal 0.48721 0.873285 -0
    outer loop
      vertex 6.65352 -6.75803 1.6
      vertex 6.65352 -6.75803 3.2
      vertex 6.7713 -6.82374 3.2
    endloop
  endfacet
  facet normal 0.462101 0.886827 0
    outer loop
      vertex 6.5401 -6.69893 1.6
      vertex 6.65352 -6.75803 3.2
      vertex 6.65352 -6.75803 1.6
    endloop
  endfacet
  facet normal 0.462101 0.886827 -0
    outer loop
      vertex 6.5401 -6.69893 1.6
      vertex 6.5401 -6.69893 3.2
      vertex 6.65352 -6.75803 3.2
    endloop
  endfacet
  facet normal 0.432728 0.901524 0
    outer loop
      vertex 6.43037 -6.64626 1.6
      vertex 6.5401 -6.69893 3.2
      vertex 6.5401 -6.69893 1.6
    endloop
  endfacet
  facet normal 0.432728 0.901524 -0
    outer loop
      vertex 6.43037 -6.64626 1.6
      vertex 6.43037 -6.64626 3.2
      vertex 6.5401 -6.69893 3.2
    endloop
  endfacet
  facet normal 0.399204 0.916862 0
    outer loop
      vertex 6.32371 -6.59982 1.6
      vertex 6.43037 -6.64626 3.2
      vertex 6.43037 -6.64626 1.6
    endloop
  endfacet
  facet normal 0.399204 0.916862 -0
    outer loop
      vertex 6.32371 -6.59982 1.6
      vertex 6.32371 -6.59982 3.2
      vertex 6.43037 -6.64626 3.2
    endloop
  endfacet
  facet normal 0.361268 0.932462 0
    outer loop
      vertex 6.21946 -6.55943 1.6
      vertex 6.32371 -6.59982 3.2
      vertex 6.32371 -6.59982 1.6
    endloop
  endfacet
  facet normal 0.361268 0.932462 -0
    outer loop
      vertex 6.21946 -6.55943 1.6
      vertex 6.21946 -6.55943 3.2
      vertex 6.32371 -6.59982 3.2
    endloop
  endfacet
  facet normal 0.319333 0.947642 0
    outer loop
      vertex 6.11699 -6.5249 1.6
      vertex 6.21946 -6.55943 3.2
      vertex 6.21946 -6.55943 1.6
    endloop
  endfacet
  facet normal 0.319333 0.947642 -0
    outer loop
      vertex 6.11699 -6.5249 1.6
      vertex 6.11699 -6.5249 3.2
      vertex 6.21946 -6.55943 3.2
    endloop
  endfacet
  facet normal 0.273932 0.961749 0
    outer loop
      vertex 6.01563 -6.49603 1.6
      vertex 6.11699 -6.5249 3.2
      vertex 6.11699 -6.5249 1.6
    endloop
  endfacet
  facet normal 0.273932 0.961749 -0
    outer loop
      vertex 6.01563 -6.49603 1.6
      vertex 6.01563 -6.49603 3.2
      vertex 6.11699 -6.5249 3.2
    endloop
  endfacet
  facet normal 0.225889 0.974153 0
    outer loop
      vertex 5.91476 -6.47264 1.6
      vertex 6.01563 -6.49603 3.2
      vertex 6.01563 -6.49603 1.6
    endloop
  endfacet
  facet normal 0.225889 0.974153 -0
    outer loop
      vertex 5.91476 -6.47264 1.6
      vertex 5.91476 -6.47264 3.2
      vertex 6.01563 -6.49603 3.2
    endloop
  endfacet
  facet normal 0.17633 0.984331 0
    outer loop
      vertex 5.81372 -6.45454 1.6
      vertex 5.91476 -6.47264 3.2
      vertex 5.91476 -6.47264 1.6
    endloop
  endfacet
  facet normal 0.17633 0.984331 -0
    outer loop
      vertex 5.81372 -6.45454 1.6
      vertex 5.81372 -6.45454 3.2
      vertex 5.91476 -6.47264 3.2
    endloop
  endfacet
  facet normal 0.12672 0.991939 0
    outer loop
      vertex 5.71188 -6.44153 1.6
      vertex 5.81372 -6.45454 3.2
      vertex 5.81372 -6.45454 1.6
    endloop
  endfacet
  facet normal 0.12672 0.991939 -0
    outer loop
      vertex 5.71188 -6.44153 1.6
      vertex 5.71188 -6.44153 3.2
      vertex 5.81372 -6.45454 3.2
    endloop
  endfacet
  facet normal 0.0779881 0.996954 0
    outer loop
      vertex 5.60859 -6.43345 1.6
      vertex 5.71188 -6.44153 3.2
      vertex 5.71188 -6.44153 1.6
    endloop
  endfacet
  facet normal 0.0779881 0.996954 -0
    outer loop
      vertex 5.60859 -6.43345 1.6
      vertex 5.60859 -6.43345 3.2
      vertex 5.71188 -6.44153 3.2
    endloop
  endfacet
  facet normal 0.0319571 0.999489 0
    outer loop
      vertex 5.50319 -6.43008 1.6
      vertex 5.60859 -6.43345 3.2
      vertex 5.60859 -6.43345 1.6
    endloop
  endfacet
  facet normal 0.0319571 0.999489 -0
    outer loop
      vertex 5.50319 -6.43008 1.6
      vertex 5.50319 -6.43008 3.2
      vertex 5.60859 -6.43345 3.2
    endloop
  endfacet
  facet normal -0.0108187 0.999941 0
    outer loop
      vertex 5.39505 -6.43125 1.6
      vertex 5.50319 -6.43008 3.2
      vertex 5.50319 -6.43008 1.6
    endloop
  endfacet
  facet normal -0.0108187 0.999941 0
    outer loop
      vertex 5.39505 -6.43125 1.6
      vertex 5.39505 -6.43125 3.2
      vertex 5.50319 -6.43008 3.2
    endloop
  endfacet
  facet normal -0.0494373 0.998777 0
    outer loop
      vertex 5.28353 -6.43677 1.6
      vertex 5.39505 -6.43125 3.2
      vertex 5.39505 -6.43125 1.6
    endloop
  endfacet
  facet normal -0.0494373 0.998777 0
    outer loop
      vertex 5.28353 -6.43677 1.6
      vertex 5.28353 -6.43677 3.2
      vertex 5.39505 -6.43125 3.2
    endloop
  endfacet
  facet normal -0.083388 0.996517 0
    outer loop
      vertex 5.16797 -6.44644 1.6
      vertex 5.28353 -6.43677 3.2
      vertex 5.28353 -6.43677 1.6
    endloop
  endfacet
  facet normal -0.083388 0.996517 0
    outer loop
      vertex 5.16797 -6.44644 1.6
      vertex 5.16797 -6.44644 3.2
      vertex 5.28353 -6.43677 3.2
    endloop
  endfacet
  facet normal -0.112645 0.993635 0
    outer loop
      vertex 5.04774 -6.46007 1.6
      vertex 5.16797 -6.44644 3.2
      vertex 5.16797 -6.44644 1.6
    endloop
  endfacet
  facet normal -0.112645 0.993635 0
    outer loop
      vertex 5.04774 -6.46007 1.6
      vertex 5.04774 -6.46007 3.2
      vertex 5.16797 -6.44644 3.2
    endloop
  endfacet
  facet normal -0.116374 0.993205 0
    outer loop
      vertex 4.94174 -6.47249 1.6
      vertex 5.04774 -6.46007 3.2
      vertex 5.04774 -6.46007 1.6
    endloop
  endfacet
  facet normal -0.116374 0.993205 0
    outer loop
      vertex 4.94174 -6.47249 1.6
      vertex 4.94174 -6.47249 3.2
      vertex 5.04774 -6.46007 3.2
    endloop
  endfacet
  facet normal -0.107084 0.99425 0
    outer loop
      vertex 4.84425 -6.48299 1.6
      vertex 4.94174 -6.47249 3.2
      vertex 4.94174 -6.47249 1.6
    endloop
  endfacet
  facet normal -0.107084 0.99425 0
    outer loop
      vertex 4.84425 -6.48299 1.6
      vertex 4.84425 -6.48299 3.2
      vertex 4.94174 -6.47249 3.2
    endloop
  endfacet
  facet normal -0.0937605 0.995595 0
    outer loop
      vertex 4.75463 -6.49143 1.6
      vertex 4.84425 -6.48299 3.2
      vertex 4.84425 -6.48299 1.6
    endloop
  endfacet
  facet normal -0.0937605 0.995595 0
    outer loop
      vertex 4.75463 -6.49143 1.6
      vertex 4.75463 -6.49143 3.2
      vertex 4.84425 -6.48299 3.2
    endloop
  endfacet
  facet normal -0.0752441 0.997165 0
    outer loop
      vertex 4.6722 -6.49765 1.6
      vertex 4.75463 -6.49143 3.2
      vertex 4.75463 -6.49143 1.6
    endloop
  endfacet
  facet normal -0.0752441 0.997165 0
    outer loop
      vertex 4.6722 -6.49765 1.6
      vertex 4.6722 -6.49765 3.2
      vertex 4.75463 -6.49143 3.2
    endloop
  endfacet
  facet normal -0.0507641 0.998711 0
    outer loop
      vertex 4.59626 -6.50151 1.6
      vertex 4.6722 -6.49765 3.2
      vertex 4.6722 -6.49765 1.6
    endloop
  endfacet
  facet normal -0.0507641 0.998711 0
    outer loop
      vertex 4.59626 -6.50151 1.6
      vertex 4.59626 -6.50151 3.2
      vertex 4.6722 -6.49765 3.2
    endloop
  endfacet
  facet normal -0.0195398 0.999809 0
    outer loop
      vertex 4.52616 -6.50288 1.6
      vertex 4.59626 -6.50151 3.2
      vertex 4.59626 -6.50151 1.6
    endloop
  endfacet
  facet normal -0.0195398 0.999809 0
    outer loop
      vertex 4.52616 -6.50288 1.6
      vertex 4.52616 -6.50288 3.2
      vertex 4.59626 -6.50151 3.2
    endloop
  endfacet
  facet normal 0.0197067 0.999806 0
    outer loop
      vertex 4.46122 -6.5016 1.6
      vertex 4.52616 -6.50288 3.2
      vertex 4.52616 -6.50288 1.6
    endloop
  endfacet
  facet normal 0.0197067 0.999806 -0
    outer loop
      vertex 4.46122 -6.5016 1.6
      vertex 4.46122 -6.5016 3.2
      vertex 4.52616 -6.50288 3.2
    endloop
  endfacet
  facet normal 0.0671652 0.997742 0
    outer loop
      vertex 4.40076 -6.49753 1.6
      vertex 4.46122 -6.5016 3.2
      vertex 4.46122 -6.5016 1.6
    endloop
  endfacet
  facet normal 0.0671652 0.997742 -0
    outer loop
      vertex 4.40076 -6.49753 1.6
      vertex 4.40076 -6.49753 3.2
      vertex 4.46122 -6.5016 3.2
    endloop
  endfacet
  facet normal 0.122633 0.992452 0
    outer loop
      vertex 4.34411 -6.49053 1.6
      vertex 4.40076 -6.49753 3.2
      vertex 4.40076 -6.49753 1.6
    endloop
  endfacet
  facet normal 0.122633 0.992452 -0
    outer loop
      vertex 4.34411 -6.49053 1.6
      vertex 4.34411 -6.49053 3.2
      vertex 4.40076 -6.49753 3.2
    endloop
  endfacet
  facet normal 0.185053 0.982728 0
    outer loop
      vertex 4.29058 -6.48045 1.6
      vertex 4.34411 -6.49053 3.2
      vertex 4.34411 -6.49053 1.6
    endloop
  endfacet
  facet normal 0.185053 0.982728 -0
    outer loop
      vertex 4.29058 -6.48045 1.6
      vertex 4.29058 -6.48045 3.2
      vertex 4.34411 -6.49053 3.2
    endloop
  endfacet
  facet normal 0.252244 0.967664 0
    outer loop
      vertex 4.23952 -6.46714 1.6
      vertex 4.29058 -6.48045 3.2
      vertex 4.29058 -6.48045 1.6
    endloop
  endfacet
  facet normal 0.252244 0.967664 -0
    outer loop
      vertex 4.23952 -6.46714 1.6
      vertex 4.23952 -6.46714 3.2
      vertex 4.29058 -6.48045 3.2
    endloop
  endfacet
  facet normal 0.320376 0.94729 0
    outer loop
      vertex 4.19023 -6.45047 1.6
      vertex 4.23952 -6.46714 3.2
      vertex 4.23952 -6.46714 1.6
    endloop
  endfacet
  facet normal 0.320376 0.94729 -0
    outer loop
      vertex 4.19023 -6.45047 1.6
      vertex 4.19023 -6.45047 3.2
      vertex 4.23952 -6.46714 3.2
    endloop
  endfacet
  facet normal 0.386327 0.922362 0
    outer loop
      vertex 4.14205 -6.43029 1.6
      vertex 4.19023 -6.45047 3.2
      vertex 4.19023 -6.45047 1.6
    endloop
  endfacet
  facet normal 0.386327 0.922362 -0
    outer loop
      vertex 4.14205 -6.43029 1.6
      vertex 4.14205 -6.43029 3.2
      vertex 4.19023 -6.45047 3.2
    endloop
  endfacet
  facet normal 0.446689 0.894689 0
    outer loop
      vertex 4.0943 -6.40645 1.6
      vertex 4.14205 -6.43029 3.2
      vertex 4.14205 -6.43029 1.6
    endloop
  endfacet
  facet normal 0.446689 0.894689 -0
    outer loop
      vertex 4.0943 -6.40645 1.6
      vertex 4.0943 -6.40645 3.2
      vertex 4.14205 -6.43029 3.2
    endloop
  endfacet
  facet normal 0.499014 0.866594 0
    outer loop
      vertex 4.0463 -6.37881 1.6
      vertex 4.0943 -6.40645 3.2
      vertex 4.0943 -6.40645 1.6
    endloop
  endfacet
  facet normal 0.499014 0.866594 -0
    outer loop
      vertex 4.0463 -6.37881 1.6
      vertex 4.0463 -6.37881 3.2
      vertex 4.0943 -6.40645 3.2
    endloop
  endfacet
  facet normal 0.542354 0.84015 0
    outer loop
      vertex 3.99738 -6.34723 1.6
      vertex 4.0463 -6.37881 3.2
      vertex 4.0463 -6.37881 1.6
    endloop
  endfacet
  facet normal 0.542354 0.84015 -0
    outer loop
      vertex 3.99738 -6.34723 1.6
      vertex 3.99738 -6.34723 3.2
      vertex 4.0463 -6.37881 3.2
    endloop
  endfacet
  facet normal 0.576886 0.816824 0
    outer loop
      vertex 3.94686 -6.31155 1.6
      vertex 3.99738 -6.34723 3.2
      vertex 3.99738 -6.34723 1.6
    endloop
  endfacet
  facet normal 0.576886 0.816824 -0
    outer loop
      vertex 3.94686 -6.31155 1.6
      vertex 3.94686 -6.31155 3.2
      vertex 3.99738 -6.34723 3.2
    endloop
  endfacet
  facet normal 0.60297 0.797764 0
    outer loop
      vertex 3.89407 -6.27165 1.6
      vertex 3.94686 -6.31155 3.2
      vertex 3.94686 -6.31155 1.6
    endloop
  endfacet
  facet normal 0.60297 0.797764 -0
    outer loop
      vertex 3.89407 -6.27165 1.6
      vertex 3.89407 -6.27165 3.2
      vertex 3.94686 -6.31155 3.2
    endloop
  endfacet
  facet normal 0.622173 0.782879 0
    outer loop
      vertex 3.83834 -6.22736 1.6
      vertex 3.89407 -6.27165 3.2
      vertex 3.89407 -6.27165 1.6
    endloop
  endfacet
  facet normal 0.622173 0.782879 -0
    outer loop
      vertex 3.83834 -6.22736 1.6
      vertex 3.83834 -6.22736 3.2
      vertex 3.89407 -6.27165 3.2
    endloop
  endfacet
  facet normal 0.635192 0.772355 0
    outer loop
      vertex 3.77899 -6.17855 1.6
      vertex 3.83834 -6.22736 3.2
      vertex 3.83834 -6.22736 1.6
    endloop
  endfacet
  facet normal 0.635192 0.772355 -0
    outer loop
      vertex 3.77899 -6.17855 1.6
      vertex 3.77899 -6.17855 3.2
      vertex 3.83834 -6.22736 3.2
    endloop
  endfacet
  facet normal 0.628979 0.777422 0
    outer loop
      vertex 3.63701 -6.06368 1.6
      vertex 3.77899 -6.17855 3.2
      vertex 3.77899 -6.17855 1.6
    endloop
  endfacet
  facet normal 0.628979 0.777422 -0
    outer loop
      vertex 3.63701 -6.06368 1.6
      vertex 3.63701 -6.06368 3.2
      vertex 3.77899 -6.17855 3.2
    endloop
  endfacet
  facet normal 0.616205 0.787586 0
    outer loop
      vertex 3.49772 -5.9547 1.6
      vertex 3.63701 -6.06368 3.2
      vertex 3.63701 -6.06368 1.6
    endloop
  endfacet
  facet normal 0.616205 0.787586 -0
    outer loop
      vertex 3.49772 -5.9547 1.6
      vertex 3.49772 -5.9547 3.2
      vertex 3.63701 -6.06368 3.2
    endloop
  endfacet
  facet normal 0.602432 0.79817 0
    outer loop
      vertex 3.36136 -5.85178 1.6
      vertex 3.49772 -5.9547 3.2
      vertex 3.49772 -5.9547 1.6
    endloop
  endfacet
  facet normal 0.602432 0.79817 -0
    outer loop
      vertex 3.36136 -5.85178 1.6
      vertex 3.36136 -5.85178 3.2
      vertex 3.49772 -5.9547 3.2
    endloop
  endfacet
  facet normal 0.587684 0.809091 0
    outer loop
      vertex 3.22816 -5.75503 1.6
      vertex 3.36136 -5.85178 3.2
      vertex 3.36136 -5.85178 1.6
    endloop
  endfacet
  facet normal 0.587684 0.809091 -0
    outer loop
      vertex 3.22816 -5.75503 1.6
      vertex 3.22816 -5.75503 3.2
      vertex 3.36136 -5.85178 3.2
    endloop
  endfacet
  facet normal 0.571607 0.820528 0
    outer loop
      vertex 3.09835 -5.6646 1.6
      vertex 3.22816 -5.75503 3.2
      vertex 3.22816 -5.75503 1.6
    endloop
  endfacet
  facet normal 0.571607 0.820528 -0
    outer loop
      vertex 3.09835 -5.6646 1.6
      vertex 3.09835 -5.6646 3.2
      vertex 3.22816 -5.75503 3.2
    endloop
  endfacet
  facet normal 0.554091 0.832456 0
    outer loop
      vertex 2.97218 -5.58062 1.6
      vertex 3.09835 -5.6646 3.2
      vertex 3.09835 -5.6646 1.6
    endloop
  endfacet
  facet normal 0.554091 0.832456 -0
    outer loop
      vertex 2.97218 -5.58062 1.6
      vertex 2.97218 -5.58062 3.2
      vertex 3.09835 -5.6646 3.2
    endloop
  endfacet
  facet normal 0.534791 0.844985 0
    outer loop
      vertex 2.84987 -5.50321 1.6
      vertex 2.97218 -5.58062 3.2
      vertex 2.97218 -5.58062 1.6
    endloop
  endfacet
  facet normal 0.534791 0.844985 -0
    outer loop
      vertex 2.84987 -5.50321 1.6
      vertex 2.84987 -5.50321 3.2
      vertex 2.97218 -5.58062 3.2
    endloop
  endfacet
  facet normal 0.513321 0.858197 0
    outer loop
      vertex 2.73167 -5.43251 1.6
      vertex 2.84987 -5.50321 3.2
      vertex 2.84987 -5.50321 1.6
    endloop
  endfacet
  facet normal 0.513321 0.858197 -0
    outer loop
      vertex 2.73167 -5.43251 1.6
      vertex 2.73167 -5.43251 3.2
      vertex 2.84987 -5.50321 3.2
    endloop
  endfacet
  facet normal 0.489119 0.872217 0
    outer loop
      vertex 2.61781 -5.36866 1.6
      vertex 2.73167 -5.43251 3.2
      vertex 2.73167 -5.43251 1.6
    endloop
  endfacet
  facet normal 0.489119 0.872217 -0
    outer loop
      vertex 2.61781 -5.36866 1.6
      vertex 2.61781 -5.36866 3.2
      vertex 2.73167 -5.43251 3.2
    endloop
  endfacet
  facet normal 0.461667 0.887053 0
    outer loop
      vertex 2.50852 -5.31178 1.6
      vertex 2.61781 -5.36866 3.2
      vertex 2.61781 -5.36866 1.6
    endloop
  endfacet
  facet normal 0.461667 0.887053 -0
    outer loop
      vertex 2.50852 -5.31178 1.6
      vertex 2.50852 -5.31178 3.2
      vertex 2.61781 -5.36866 3.2
    endloop
  endfacet
  facet normal 0.429987 0.902835 0
    outer loop
      vertex 2.40404 -5.26202 1.6
      vertex 2.50852 -5.31178 3.2
      vertex 2.50852 -5.31178 1.6
    endloop
  endfacet
  facet normal 0.429987 0.902835 -0
    outer loop
      vertex 2.40404 -5.26202 1.6
      vertex 2.40404 -5.26202 3.2
      vertex 2.50852 -5.31178 3.2
    endloop
  endfacet
  facet normal 0.393116 0.919489 0
    outer loop
      vertex 2.30461 -5.21951 1.6
      vertex 2.40404 -5.26202 3.2
      vertex 2.40404 -5.26202 1.6
    endloop
  endfacet
  facet normal 0.393116 0.919489 -0
    outer loop
      vertex 2.30461 -5.21951 1.6
      vertex 2.30461 -5.21951 3.2
      vertex 2.40404 -5.26202 3.2
    endloop
  endfacet
  facet normal 0.34964 0.936884 0
    outer loop
      vertex 2.21045 -5.18437 1.6
      vertex 2.30461 -5.21951 3.2
      vertex 2.30461 -5.21951 1.6
    endloop
  endfacet
  facet normal 0.34964 0.936884 -0
    outer loop
      vertex 2.21045 -5.18437 1.6
      vertex 2.21045 -5.18437 3.2
      vertex 2.30461 -5.21951 3.2
    endloop
  endfacet
  facet normal 0.297588 0.954694 0
    outer loop
      vertex 2.12181 -5.15674 1.6
      vertex 2.21045 -5.18437 3.2
      vertex 2.21045 -5.18437 1.6
    endloop
  endfacet
  facet normal 0.297588 0.954694 -0
    outer loop
      vertex 2.12181 -5.15674 1.6
      vertex 2.12181 -5.15674 3.2
      vertex 2.21045 -5.18437 3.2
    endloop
  endfacet
  facet normal 0.234331 0.972157 0
    outer loop
      vertex 2.03892 -5.13676 1.6
      vertex 2.12181 -5.15674 3.2
      vertex 2.12181 -5.15674 1.6
    endloop
  endfacet
  facet normal 0.234331 0.972157 -0
    outer loop
      vertex 2.03892 -5.13676 1.6
      vertex 2.03892 -5.13676 3.2
      vertex 2.12181 -5.15674 3.2
    endloop
  endfacet
  facet normal 0.156793 0.987631 0
    outer loop
      vertex 1.96201 -5.12455 1.6
      vertex 2.03892 -5.13676 3.2
      vertex 2.03892 -5.13676 1.6
    endloop
  endfacet
  facet normal 0.156793 0.987631 -0
    outer loop
      vertex 1.96201 -5.12455 1.6
      vertex 1.96201 -5.12455 3.2
      vertex 2.03892 -5.13676 3.2
    endloop
  endfacet
  facet normal 0.0604439 0.998172 0
    outer loop
      vertex 1.89133 -5.12027 1.6
      vertex 1.96201 -5.12455 3.2
      vertex 1.96201 -5.12455 1.6
    endloop
  endfacet
  facet normal 0.0604439 0.998172 -0
    outer loop
      vertex 1.89133 -5.12027 1.6
      vertex 1.89133 -5.12027 3.2
      vertex 1.96201 -5.12455 3.2
    endloop
  endfacet
  facet normal -0.0582847 0.9983 0
    outer loop
      vertex 1.8271 -5.12402 1.6
      vertex 1.89133 -5.12027 3.2
      vertex 1.89133 -5.12027 1.6
    endloop
  endfacet
  facet normal -0.0582847 0.9983 0
    outer loop
      vertex 1.8271 -5.12402 1.6
      vertex 1.8271 -5.12402 3.2
      vertex 1.89133 -5.12027 3.2
    endloop
  endfacet
  facet normal -0.20318 0.979142 0
    outer loop
      vertex 1.76956 -5.13596 1.6
      vertex 1.8271 -5.12402 3.2
      vertex 1.8271 -5.12402 1.6
    endloop
  endfacet
  facet normal -0.20318 0.979142 0
    outer loop
      vertex 1.76956 -5.13596 1.6
      vertex 1.76956 -5.13596 3.2
      vertex 1.8271 -5.12402 3.2
    endloop
  endfacet
  facet normal -0.371549 0.928413 0
    outer loop
      vertex 1.71896 -5.15621 1.6
      vertex 1.76956 -5.13596 3.2
      vertex 1.76956 -5.13596 1.6
    endloop
  endfacet
  facet normal -0.371549 0.928413 0
    outer loop
      vertex 1.71896 -5.15621 1.6
      vertex 1.71896 -5.15621 3.2
      vertex 1.76956 -5.13596 3.2
    endloop
  endfacet
  facet normal -0.411707 0.911316 0
    outer loop
      vertex 1.68651 -5.17087 1.6
      vertex 1.71896 -5.15621 3.2
      vertex 1.71896 -5.15621 1.6
    endloop
  endfacet
  facet normal -0.411707 0.911316 0
    outer loop
      vertex 1.68651 -5.17087 1.6
      vertex 1.68651 -5.17087 3.2
      vertex 1.71896 -5.15621 3.2
    endloop
  endfacet
  facet normal -0.374194 0.92735 0
    outer loop
      vertex 1.65459 -5.18375 1.6
      vertex 1.68651 -5.17087 3.2
      vertex 1.68651 -5.17087 1.6
    endloop
  endfacet
  facet normal -0.374194 0.92735 0
    outer loop
      vertex 1.65459 -5.18375 1.6
      vertex 1.65459 -5.18375 3.2
      vertex 1.68651 -5.17087 3.2
    endloop
  endfacet
  facet normal -0.332193 0.943212 0
    outer loop
      vertex 1.62313 -5.19483 1.6
      vertex 1.65459 -5.18375 3.2
      vertex 1.65459 -5.18375 1.6
    endloop
  endfacet
  facet normal -0.332193 0.943212 0
    outer loop
      vertex 1.62313 -5.19483 1.6
      vertex 1.62313 -5.19483 3.2
      vertex 1.65459 -5.18375 3.2
    endloop
  endfacet
  facet normal -0.285284 0.958443 0
    outer loop
      vertex 1.59202 -5.20409 1.6
      vertex 1.62313 -5.19483 3.2
      vertex 1.62313 -5.19483 1.6
    endloop
  endfacet
  facet normal -0.285284 0.958443 0
    outer loop
      vertex 1.59202 -5.20409 1.6
      vertex 1.59202 -5.20409 3.2
      vertex 1.62313 -5.19483 3.2
    endloop
  endfacet
  facet normal -0.235103 0.97197 0
    outer loop
      vertex 1.56122 -5.21154 1.6
      vertex 1.59202 -5.20409 3.2
      vertex 1.59202 -5.20409 1.6
    endloop
  endfacet
  facet normal -0.235103 0.97197 0
    outer loop
      vertex 1.56122 -5.21154 1.6
      vertex 1.56122 -5.21154 3.2
      vertex 1.59202 -5.20409 3.2
    endloop
  endfacet
  facet normal -0.180271 0.983617 0
    outer loop
      vertex 1.53061 -5.21715 1.6
      vertex 1.56122 -5.21154 3.2
      vertex 1.56122 -5.21154 1.6
    endloop
  endfacet
  facet normal -0.180271 0.983617 0
    outer loop
      vertex 1.53061 -5.21715 1.6
      vertex 1.53061 -5.21715 3.2
      vertex 1.56122 -5.21154 3.2
    endloop
  endfacet
  facet normal -0.122392 0.992482 0
    outer loop
      vertex 1.50012 -5.22091 1.6
      vertex 1.53061 -5.21715 3.2
      vertex 1.53061 -5.21715 1.6
    endloop
  endfacet
  facet normal -0.122392 0.992482 0
    outer loop
      vertex 1.50012 -5.22091 1.6
      vertex 1.50012 -5.22091 3.2
      vertex 1.53061 -5.21715 3.2
    endloop
  endfacet
  facet normal -0.0626232 0.998037 0
    outer loop
      vertex 1.46968 -5.22282 1.6
      vertex 1.50012 -5.22091 3.2
      vertex 1.50012 -5.22091 1.6
    endloop
  endfacet
  facet normal -0.0626232 0.998037 0
    outer loop
      vertex 1.46968 -5.22282 1.6
      vertex 1.46968 -5.22282 3.2
      vertex 1.50012 -5.22091 3.2
    endloop
  endfacet
  facet normal -0.00131233 0.999999 0
    outer loop
      vertex 1.4392 -5.22286 1.6
      vertex 1.46968 -5.22282 3.2
      vertex 1.46968 -5.22282 1.6
    endloop
  endfacet
  facet normal -0.00131233 0.999999 0
    outer loop
      vertex 1.4392 -5.22286 1.6
      vertex 1.4392 -5.22286 3.2
      vertex 1.46968 -5.22282 3.2
    endloop
  endfacet
  facet normal 0.0596778 0.998218 0
    outer loop
      vertex 1.40859 -5.22103 1.6
      vertex 1.4392 -5.22286 3.2
      vertex 1.4392 -5.22286 1.6
    endloop
  endfacet
  facet normal 0.0596778 0.998218 -0
    outer loop
      vertex 1.40859 -5.22103 1.6
      vertex 1.40859 -5.22103 3.2
      vertex 1.4392 -5.22286 3.2
    endloop
  endfacet
  facet normal 0.120187 0.992751 0
    outer loop
      vertex 1.37778 -5.2173 1.6
      vertex 1.40859 -5.22103 3.2
      vertex 1.40859 -5.22103 1.6
    endloop
  endfacet
  facet normal 0.120187 0.992751 -0
    outer loop
      vertex 1.37778 -5.2173 1.6
      vertex 1.37778 -5.2173 3.2
      vertex 1.40859 -5.22103 3.2
    endloop
  endfacet
  facet normal 0.177827 0.984062 0
    outer loop
      vertex 1.34668 -5.21168 1.6
      vertex 1.37778 -5.2173 3.2
      vertex 1.37778 -5.2173 1.6
    endloop
  endfacet
  facet normal 0.177827 0.984062 -0
    outer loop
      vertex 1.34668 -5.21168 1.6
      vertex 1.34668 -5.21168 3.2
      vertex 1.37778 -5.2173 3.2
    endloop
  endfacet
  facet normal 0.232999 0.972477 0
    outer loop
      vertex 1.31521 -5.20414 1.6
      vertex 1.34668 -5.21168 3.2
      vertex 1.34668 -5.21168 1.6
    endloop
  endfacet
  facet normal 0.232999 0.972477 -0
    outer loop
      vertex 1.31521 -5.20414 1.6
      vertex 1.31521 -5.20414 3.2
      vertex 1.34668 -5.21168 3.2
    endloop
  endfacet
  facet normal 0.284232 0.958756 0
    outer loop
      vertex 1.2833 -5.19468 1.6
      vertex 1.31521 -5.20414 3.2
      vertex 1.31521 -5.20414 1.6
    endloop
  endfacet
  facet normal 0.284232 0.958756 -0
    outer loop
      vertex 1.2833 -5.19468 1.6
      vertex 1.2833 -5.19468 3.2
      vertex 1.31521 -5.20414 3.2
    endloop
  endfacet
  facet normal 0.331192 0.943563 0
    outer loop
      vertex 1.25085 -5.18329 1.6
      vertex 1.2833 -5.19468 3.2
      vertex 1.2833 -5.19468 1.6
    endloop
  endfacet
  facet normal 0.331192 0.943563 -0
    outer loop
      vertex 1.25085 -5.18329 1.6
      vertex 1.25085 -5.18329 3.2
      vertex 1.2833 -5.19468 3.2
    endloop
  endfacet
  facet normal 0.374194 0.92735 0
    outer loop
      vertex 1.21779 -5.16995 1.6
      vertex 1.25085 -5.18329 3.2
      vertex 1.25085 -5.18329 1.6
    endloop
  endfacet
  facet normal 0.374194 0.92735 -0
    outer loop
      vertex 1.21779 -5.16995 1.6
      vertex 1.21779 -5.16995 3.2
      vertex 1.25085 -5.18329 3.2
    endloop
  endfacet
  facet normal 0.412562 0.910929 0
    outer loop
      vertex 1.18403 -5.15466 1.6
      vertex 1.21779 -5.16995 3.2
      vertex 1.21779 -5.16995 1.6
    endloop
  endfacet
  facet normal 0.412562 0.910929 -0
    outer loop
      vertex 1.18403 -5.15466 1.6
      vertex 1.18403 -5.15466 3.2
      vertex 1.21779 -5.16995 3.2
    endloop
  endfacet
  facet normal 0.447006 0.894531 0
    outer loop
      vertex 1.14949 -5.1374 1.6
      vertex 1.18403 -5.15466 3.2
      vertex 1.18403 -5.15466 1.6
    endloop
  endfacet
  facet normal 0.447006 0.894531 -0
    outer loop
      vertex 1.14949 -5.1374 1.6
      vertex 1.14949 -5.1374 3.2
      vertex 1.18403 -5.15466 3.2
    endloop
  endfacet
  facet normal 0.477442 0.878663 0
    outer loop
      vertex 1.1141 -5.11817 1.6
      vertex 1.14949 -5.1374 3.2
      vertex 1.14949 -5.1374 1.6
    endloop
  endfacet
  facet normal 0.477442 0.878663 -0
    outer loop
      vertex 1.1141 -5.11817 1.6
      vertex 1.1141 -5.11817 3.2
      vertex 1.14949 -5.1374 3.2
    endloop
  endfacet
  facet normal 0.504432 0.863451 0
    outer loop
      vertex 1.07776 -5.09694 1.6
      vertex 1.1141 -5.11817 3.2
      vertex 1.1141 -5.11817 1.6
    endloop
  endfacet
  facet normal 0.504432 0.863451 -0
    outer loop
      vertex 1.07776 -5.09694 1.6
      vertex 1.07776 -5.09694 3.2
      vertex 1.1141 -5.11817 3.2
    endloop
  endfacet
  facet normal 0.481311 0.87655 0
    outer loop
      vertex 1.05006 -5.08173 1.6
      vertex 1.07776 -5.09694 3.2
      vertex 1.07776 -5.09694 1.6
    endloop
  endfacet
  facet normal 0.481311 0.87655 -0
    outer loop
      vertex 1.05006 -5.08173 1.6
      vertex 1.05006 -5.08173 3.2
      vertex 1.07776 -5.09694 3.2
    endloop
  endfacet
  facet normal 0.438251 0.898853 0
    outer loop
      vertex 1.0203 -5.06722 1.6
      vertex 1.05006 -5.08173 3.2
      vertex 1.05006 -5.08173 1.6
    endloop
  endfacet
  facet normal 0.438251 0.898853 -0
    outer loop
      vertex 1.0203 -5.06722 1.6
      vertex 1.0203 -5.06722 3.2
      vertex 1.05006 -5.08173 3.2
    endloop
  endfacet
  facet normal 0.398398 0.917213 0
    outer loop
      vertex 0.988644 -5.05347 1.6
      vertex 1.0203 -5.06722 3.2
      vertex 1.0203 -5.06722 1.6
    endloop
  endfacet
  facet normal 0.398398 0.917213 -0
    outer loop
      vertex 0.988644 -5.05347 1.6
      vertex 0.988644 -5.05347 3.2
      vertex 1.0203 -5.06722 3.2
    endloop
  endfacet
  facet normal 0.362012 0.932173 0
    outer loop
      vertex 0.955298 -5.04052 1.6
      vertex 0.988644 -5.05347 3.2
      vertex 0.988644 -5.05347 1.6
    endloop
  endfacet
  facet normal 0.362012 0.932173 -0
    outer loop
      vertex 0.955298 -5.04052 1.6
      vertex 0.955298 -5.04052 3.2
      vertex 0.988644 -5.05347 3.2
    endloop
  endfacet
  facet normal 0.328178 0.944616 0
    outer loop
      vertex 0.920441 -5.02841 1.6
      vertex 0.955298 -5.04052 3.2
      vertex 0.955298 -5.04052 1.6
    endloop
  endfacet
  facet normal 0.328178 0.944616 -0
    outer loop
      vertex 0.920441 -5.02841 1.6
      vertex 0.920441 -5.02841 3.2
      vertex 0.955298 -5.04052 3.2
    endloop
  endfacet
  facet normal 0.295884 0.955224 0
    outer loop
      vertex 0.884251 -5.0172 1.6
      vertex 0.920441 -5.02841 3.2
      vertex 0.920441 -5.02841 1.6
    endloop
  endfacet
  facet normal 0.295884 0.955224 -0
    outer loop
      vertex 0.884251 -5.0172 1.6
      vertex 0.884251 -5.0172 3.2
      vertex 0.920441 -5.02841 3.2
    endloop
  endfacet
  facet normal 0.265673 0.964063 0
    outer loop
      vertex 0.846911 -5.00691 1.6
      vertex 0.884251 -5.0172 3.2
      vertex 0.884251 -5.0172 1.6
    endloop
  endfacet
  facet normal 0.265673 0.964063 -0
    outer loop
      vertex 0.846911 -5.00691 1.6
      vertex 0.846911 -5.00691 3.2
      vertex 0.884251 -5.0172 3.2
    endloop
  endfacet
  facet normal 0.235981 0.971758 0
    outer loop
      vertex 0.808614 -4.99761 1.6
      vertex 0.846911 -5.00691 3.2
      vertex 0.846911 -5.00691 1.6
    endloop
  endfacet
  facet normal 0.235981 0.971758 -0
    outer loop
      vertex 0.808614 -4.99761 1.6
      vertex 0.808614 -4.99761 3.2
      vertex 0.846911 -5.00691 3.2
    endloop
  endfacet
  facet normal 0.207537 0.978227 0
    outer loop
      vertex 0.769539 -4.98932 1.6
      vertex 0.808614 -4.99761 3.2
      vertex 0.808614 -4.99761 1.6
    endloop
  endfacet
  facet normal 0.207537 0.978227 -0
    outer loop
      vertex 0.769539 -4.98932 1.6
      vertex 0.769539 -4.98932 3.2
      vertex 0.808614 -4.99761 3.2
    endloop
  endfacet
  facet normal 0.178837 0.983879 0
    outer loop
      vertex 0.729873 -4.98211 1.6
      vertex 0.769539 -4.98932 3.2
      vertex 0.769539 -4.98932 1.6
    endloop
  endfacet
  facet normal 0.178837 0.983879 -0
    outer loop
      vertex 0.729873 -4.98211 1.6
      vertex 0.729873 -4.98211 3.2
      vertex 0.769539 -4.98932 3.2
    endloop
  endfacet
  facet normal 0.15047 0.988615 0
    outer loop
      vertex 0.689795 -4.97601 1.6
      vertex 0.729873 -4.98211 3.2
      vertex 0.729873 -4.98211 1.6
    endloop
  endfacet
  facet normal 0.15047 0.988615 -0
    outer loop
      vertex 0.689795 -4.97601 1.6
      vertex 0.689795 -4.97601 3.2
      vertex 0.729873 -4.98211 3.2
    endloop
  endfacet
  facet normal 0.122128 0.992514 0
    outer loop
      vertex 0.649486 -4.97105 1.6
      vertex 0.689795 -4.97601 3.2
      vertex 0.689795 -4.97601 1.6
    endloop
  endfacet
  facet normal 0.122128 0.992514 -0
    outer loop
      vertex 0.649486 -4.97105 1.6
      vertex 0.649486 -4.97105 3.2
      vertex 0.689795 -4.97601 3.2
    endloop
  endfacet
  facet normal 0.092307 0.995731 0
    outer loop
      vertex 0.609142 -4.96731 1.6
      vertex 0.649486 -4.97105 3.2
      vertex 0.649486 -4.97105 1.6
    endloop
  endfacet
  facet normal 0.092307 0.995731 -0
    outer loop
      vertex 0.609142 -4.96731 1.6
      vertex 0.609142 -4.96731 3.2
      vertex 0.649486 -4.97105 3.2
    endloop
  endfacet
  facet normal 0.0620738 0.998072 0
    outer loop
      vertex 0.568945 -4.96481 1.6
      vertex 0.609142 -4.96731 3.2
      vertex 0.609142 -4.96731 1.6
    endloop
  endfacet
  facet normal 0.0620738 0.998072 -0
    outer loop
      vertex 0.568945 -4.96481 1.6
      vertex 0.568945 -4.96481 3.2
      vertex 0.609142 -4.96731 3.2
    endloop
  endfacet
  facet normal 0.030579 0.999532 0
    outer loop
      vertex 0.529067 -4.96359 1.6
      vertex 0.568945 -4.96481 3.2
      vertex 0.568945 -4.96481 1.6
    endloop
  endfacet
  facet normal 0.030579 0.999532 -0
    outer loop
      vertex 0.529067 -4.96359 1.6
      vertex 0.529067 -4.96359 3.2
      vertex 0.568945 -4.96481 3.2
    endloop
  endfacet
  facet normal -0.00304884 0.999995 0
    outer loop
      vertex 0.489708 -4.96371 1.6
      vertex 0.529067 -4.96359 3.2
      vertex 0.529067 -4.96359 1.6
    endloop
  endfacet
  facet normal -0.00304884 0.999995 0
    outer loop
      vertex 0.489708 -4.96371 1.6
      vertex 0.489708 -4.96371 3.2
      vertex 0.529067 -4.96359 3.2
    endloop
  endfacet
  facet normal -0.0385046 0.999258 0
    outer loop
      vertex 0.45104 -4.9652 1.6
      vertex 0.489708 -4.96371 3.2
      vertex 0.489708 -4.96371 1.6
    endloop
  endfacet
  facet normal -0.0385046 0.999258 0
    outer loop
      vertex 0.45104 -4.9652 1.6
      vertex 0.45104 -4.9652 3.2
      vertex 0.489708 -4.96371 3.2
    endloop
  endfacet
  facet normal -0.0770415 0.997028 0
    outer loop
      vertex 0.413251 -4.96812 1.6
      vertex 0.45104 -4.9652 3.2
      vertex 0.45104 -4.9652 1.6
    endloop
  endfacet
  facet normal -0.0770415 0.997028 0
    outer loop
      vertex 0.413251 -4.96812 1.6
      vertex 0.413251 -4.96812 3.2
      vertex 0.45104 -4.9652 3.2
    endloop
  endfacet
  facet normal -0.118705 0.99293 0
    outer loop
      vertex 0.37653 -4.97251 1.6
      vertex 0.413251 -4.96812 3.2
      vertex 0.413251 -4.96812 1.6
    endloop
  endfacet
  facet normal -0.118705 0.99293 0
    outer loop
      vertex 0.37653 -4.97251 1.6
      vertex 0.37653 -4.97251 3.2
      vertex 0.413251 -4.96812 3.2
    endloop
  endfacet
  facet normal -0.163813 0.986491 0
    outer loop
      vertex 0.34106 -4.9784 1.6
      vertex 0.37653 -4.97251 3.2
      vertex 0.37653 -4.97251 1.6
    endloop
  endfacet
  facet normal -0.163813 0.986491 0
    outer loop
      vertex 0.34106 -4.9784 1.6
      vertex 0.34106 -4.9784 3.2
      vertex 0.37653 -4.97251 3.2
    endloop
  endfacet
  facet normal -0.126462 0.991971 0
    outer loop
      vertex 0.247324 -4.99035 1.6
      vertex 0.34106 -4.9784 3.2
      vertex 0.34106 -4.9784 1.6
    endloop
  endfacet
  facet normal -0.126462 0.991971 0
    outer loop
      vertex 0.247324 -4.99035 1.6
      vertex 0.247324 -4.99035 3.2
      vertex 0.34106 -4.9784 3.2
    endloop
  endfacet
  facet normal -0.0470567 0.998892 0
    outer loop
      vertex 0.142885 -4.99527 1.6
      vertex 0.247324 -4.99035 3.2
      vertex 0.247324 -4.99035 1.6
    endloop
  endfacet
  facet normal -0.0470567 0.998892 0
    outer loop
      vertex 0.142885 -4.99527 1.6
      vertex 0.142885 -4.99527 3.2
      vertex 0.247324 -4.99035 3.2
    endloop
  endfacet
  facet normal 0.015791 0.999875 0
    outer loop
      vertex 0.0289101 -4.99347 1.6
      vertex 0.142885 -4.99527 3.2
      vertex 0.142885 -4.99527 1.6
    endloop
  endfacet
  facet normal 0.015791 0.999875 -0
    outer loop
      vertex 0.0289101 -4.99347 1.6
      vertex 0.0289101 -4.99347 3.2
      vertex 0.142885 -4.99527 3.2
    endloop
  endfacet
  facet normal 0.0667937 0.997767 0
    outer loop
      vertex -0.0934324 -4.98528 1.6
      vertex 0.0289101 -4.99347 3.2
      vertex 0.0289101 -4.99347 1.6
    endloop
  endfacet
  facet normal 0.0667937 0.997767 -0
    outer loop
      vertex -0.0934324 -4.98528 1.6
      vertex -0.0934324 -4.98528 3.2
      vertex 0.0289101 -4.99347 3.2
    endloop
  endfacet
  facet normal 0.109566 0.99398 0
    outer loop
      vertex -0.22298 -4.971 1.6
      vertex -0.0934324 -4.98528 3.2
      vertex -0.0934324 -4.98528 1.6
    endloop
  endfacet
  facet normal 0.109566 0.99398 -0
    outer loop
      vertex -0.22298 -4.971 1.6
      vertex -0.22298 -4.971 3.2
      vertex -0.0934324 -4.98528 3.2
    endloop
  endfacet
  facet normal 0.146359 0.989231 0
    outer loop
      vertex -0.358564 -4.95094 1.6
      vertex -0.22298 -4.971 3.2
      vertex -0.22298 -4.971 1.6
    endloop
  endfacet
  facet normal 0.146359 0.989231 -0
    outer loop
      vertex -0.358564 -4.95094 1.6
      vertex -0.358564 -4.95094 3.2
      vertex -0.22298 -4.971 3.2
    endloop
  endfacet
  facet normal 0.178908 0.983866 0
    outer loop
      vertex -0.499016 -4.9254 1.6
      vertex -0.358564 -4.95094 3.2
      vertex -0.358564 -4.95094 1.6
    endloop
  endfacet
  facet normal 0.178908 0.983866 -0
    outer loop
      vertex -0.499016 -4.9254 1.6
      vertex -0.499016 -4.9254 3.2
      vertex -0.358564 -4.95094 3.2
    endloop
  endfacet
  facet normal 0.20816 0.978095 0
    outer loop
      vertex -0.643174 -4.89472 1.6
      vertex -0.499016 -4.9254 3.2
      vertex -0.499016 -4.9254 1.6
    endloop
  endfacet
  facet normal 0.20816 0.978095 -0
    outer loop
      vertex -0.643174 -4.89472 1.6
      vertex -0.643174 -4.89472 3.2
      vertex -0.499016 -4.9254 3.2
    endloop
  endfacet
  facet normal 0.235396 0.9719 0
    outer loop
      vertex -0.78987 -4.85919 1.6
      vertex -0.643174 -4.89472 3.2
      vertex -0.643174 -4.89472 1.6
    endloop
  endfacet
  facet normal 0.235396 0.9719 -0
    outer loop
      vertex -0.78987 -4.85919 1.6
      vertex -0.78987 -4.85919 3.2
      vertex -0.643174 -4.89472 3.2
    endloop
  endfacet
  facet normal 0.261168 0.965293 0
    outer loop
      vertex -0.937934 -4.81913 1.6
      vertex -0.78987 -4.85919 3.2
      vertex -0.78987 -4.85919 1.6
    endloop
  endfacet
  facet normal 0.261168 0.965293 -0
    outer loop
      vertex -0.937934 -4.81913 1.6
      vertex -0.937934 -4.81913 3.2
      vertex -0.78987 -4.85919 3.2
    endloop
  endfacet
  facet normal 0.286222 0.958163 0
    outer loop
      vertex -1.0862 -4.77484 1.6
      vertex -0.937934 -4.81913 3.2
      vertex -0.937934 -4.81913 1.6
    endloop
  endfacet
  facet normal 0.286222 0.958163 -0
    outer loop
      vertex -1.0862 -4.77484 1.6
      vertex -1.0862 -4.77484 3.2
      vertex -0.937934 -4.81913 3.2
    endloop
  endfacet
  facet normal 0.310978 0.950417 0
    outer loop
      vertex -1.23351 -4.72664 1.6
      vertex -1.0862 -4.77484 3.2
      vertex -1.0862 -4.77484 1.6
    endloop
  endfacet
  facet normal 0.310978 0.950417 -0
    outer loop
      vertex -1.23351 -4.72664 1.6
      vertex -1.23351 -4.72664 3.2
      vertex -1.0862 -4.77484 3.2
    endloop
  endfacet
  facet normal 0.336049 0.941845 0
    outer loop
      vertex -1.37869 -4.67484 1.6
      vertex -1.23351 -4.72664 3.2
      vertex -1.23351 -4.72664 1.6
    endloop
  endfacet
  facet normal 0.336049 0.941845 -0
    outer loop
      vertex -1.37869 -4.67484 1.6
      vertex -1.37869 -4.67484 3.2
      vertex -1.23351 -4.72664 3.2
    endloop
  endfacet
  facet normal 0.361936 0.932203 0
    outer loop
      vertex -1.52058 -4.61975 1.6
      vertex -1.37869 -4.67484 3.2
      vertex -1.37869 -4.67484 1.6
    endloop
  endfacet
  facet normal 0.361936 0.932203 -0
    outer loop
      vertex -1.52058 -4.61975 1.6
      vertex -1.52058 -4.61975 3.2
      vertex -1.37869 -4.67484 3.2
    endloop
  endfacet
  facet normal 0.389189 0.921158 0
    outer loop
      vertex -1.658 -4.56169 1.6
      vertex -1.52058 -4.61975 3.2
      vertex -1.52058 -4.61975 1.6
    endloop
  endfacet
  facet normal 0.389189 0.921158 -0
    outer loop
      vertex -1.658 -4.56169 1.6
      vertex -1.658 -4.56169 3.2
      vertex -1.52058 -4.61975 3.2
    endloop
  endfacet
  facet normal 0.418516 0.908209 0
    outer loop
      vertex -1.78981 -4.50095 1.6
      vertex -1.658 -4.56169 3.2
      vertex -1.658 -4.56169 1.6
    endloop
  endfacet
  facet normal 0.418516 0.908209 -0
    outer loop
      vertex -1.78981 -4.50095 1.6
      vertex -1.78981 -4.50095 3.2
      vertex -1.658 -4.56169 3.2
    endloop
  endfacet
  facet normal 0.450581 0.892735 0
    outer loop
      vertex -1.91481 -4.43786 1.6
      vertex -1.78981 -4.50095 3.2
      vertex -1.78981 -4.50095 1.6
    endloop
  endfacet
  facet normal 0.450581 0.892735 -0
    outer loop
      vertex -1.91481 -4.43786 1.6
      vertex -1.91481 -4.43786 3.2
      vertex -1.78981 -4.50095 3.2
    endloop
  endfacet
  facet normal 0.486258 0.873815 0
    outer loop
      vertex -2.03185 -4.37273 1.6
      vertex -1.91481 -4.43786 3.2
      vertex -1.91481 -4.43786 1.6
    endloop
  endfacet
  facet normal 0.486258 0.873815 -0
    outer loop
      vertex -2.03185 -4.37273 1.6
      vertex -2.03185 -4.37273 3.2
      vertex -1.91481 -4.43786 3.2
    endloop
  endfacet
  facet normal 0.52671 0.850045 0
    outer loop
      vertex -2.13977 -4.30586 1.6
      vertex -2.03185 -4.37273 3.2
      vertex -2.03185 -4.37273 1.6
    endloop
  endfacet
  facet normal 0.52671 0.850045 -0
    outer loop
      vertex -2.13977 -4.30586 1.6
      vertex -2.13977 -4.30586 3.2
      vertex -2.03185 -4.37273 3.2
    endloop
  endfacet
  facet normal 0.573214 0.819405 0
    outer loop
      vertex -2.23739 -4.23757 1.6
      vertex -2.13977 -4.30586 3.2
      vertex -2.13977 -4.30586 1.6
    endloop
  endfacet
  facet normal 0.573214 0.819405 -0
    outer loop
      vertex -2.23739 -4.23757 1.6
      vertex -2.23739 -4.23757 3.2
      vertex -2.13977 -4.30586 3.2
    endloop
  endfacet
  facet normal 0.578293 0.815829 0
    outer loop
      vertex -2.28094 -4.2067 1.6
      vertex -2.23739 -4.23757 3.2
      vertex -2.23739 -4.23757 1.6
    endloop
  endfacet
  facet normal 0.578293 0.815829 -0
    outer loop
      vertex -2.28094 -4.2067 1.6
      vertex -2.28094 -4.2067 3.2
      vertex -2.23739 -4.23757 3.2
    endloop
  endfacet
  facet normal 0.562467 0.82682 0
    outer loop
      vertex -2.32551 -4.17638 1.6
      vertex -2.28094 -4.2067 3.2
      vertex -2.28094 -4.2067 1.6
    endloop
  endfacet
  facet normal 0.562467 0.82682 -0
    outer loop
      vertex -2.32551 -4.17638 1.6
      vertex -2.32551 -4.17638 3.2
      vertex -2.28094 -4.2067 3.2
    endloop
  endfacet
  facet normal 0.54714 0.837041 0
    outer loop
      vertex -2.37087 -4.14673 1.6
      vertex -2.32551 -4.17638 3.2
      vertex -2.32551 -4.17638 1.6
    endloop
  endfacet
  facet normal 0.54714 0.837041 -0
    outer loop
      vertex -2.37087 -4.14673 1.6
      vertex -2.37087 -4.14673 3.2
      vertex -2.32551 -4.17638 3.2
    endloop
  endfacet
  facet normal 0.532134 0.84666 0
    outer loop
      vertex -2.41682 -4.11785 1.6
      vertex -2.37087 -4.14673 3.2
      vertex -2.37087 -4.14673 1.6
    endloop
  endfacet
  facet normal 0.532134 0.84666 -0
    outer loop
      vertex -2.41682 -4.11785 1.6
      vertex -2.41682 -4.11785 3.2
      vertex -2.37087 -4.14673 3.2
    endloop
  endfacet
  facet normal 0.517048 0.855956 0
    outer loop
      vertex -2.46314 -4.08987 1.6
      vertex -2.41682 -4.11785 3.2
      vertex -2.41682 -4.11785 1.6
    endloop
  endfacet
  facet normal 0.517048 0.855956 -0
    outer loop
      vertex -2.46314 -4.08987 1.6
      vertex -2.46314 -4.08987 3.2
      vertex -2.41682 -4.11785 3.2
    endloop
  endfacet
  facet normal 0.50232 0.864682 0
    outer loop
      vertex -2.5096 -4.06288 1.6
      vertex -2.46314 -4.08987 3.2
      vertex -2.46314 -4.08987 1.6
    endloop
  endfacet
  facet normal 0.50232 0.864682 -0
    outer loop
      vertex -2.5096 -4.06288 1.6
      vertex -2.5096 -4.06288 3.2
      vertex -2.46314 -4.08987 3.2
    endloop
  endfacet
  facet normal 0.486889 0.873464 0
    outer loop
      vertex -2.55601 -4.03701 1.6
      vertex -2.5096 -4.06288 3.2
      vertex -2.5096 -4.06288 1.6
    endloop
  endfacet
  facet normal 0.486889 0.873464 -0
    outer loop
      vertex -2.55601 -4.03701 1.6
      vertex -2.55601 -4.03701 3.2
      vertex -2.5096 -4.06288 3.2
    endloop
  endfacet
  facet normal 0.471293 0.881977 0
    outer loop
      vertex -2.60214 -4.01236 1.6
      vertex -2.55601 -4.03701 3.2
      vertex -2.55601 -4.03701 1.6
    endloop
  endfacet
  facet normal 0.471293 0.881977 -0
    outer loop
      vertex -2.60214 -4.01236 1.6
      vertex -2.60214 -4.01236 3.2
      vertex -2.55601 -4.03701 3.2
    endloop
  endfacet
  facet normal 0.455001 0.890491 0
    outer loop
      vertex -2.64778 -3.98904 1.6
      vertex -2.60214 -4.01236 3.2
      vertex -2.60214 -4.01236 1.6
    endloop
  endfacet
  facet normal 0.455001 0.890491 -0
    outer loop
      vertex -2.64778 -3.98904 1.6
      vertex -2.64778 -3.98904 3.2
      vertex -2.60214 -4.01236 3.2
    endloop
  endfacet
  facet normal 0.437663 0.899139 0
    outer loop
      vertex -2.69271 -3.96717 1.6
      vertex -2.64778 -3.98904 3.2
      vertex -2.64778 -3.98904 1.6
    endloop
  endfacet
  facet normal 0.437663 0.899139 -0
    outer loop
      vertex -2.69271 -3.96717 1.6
      vertex -2.69271 -3.96717 3.2
      vertex -2.64778 -3.98904 3.2
    endloop
  endfacet
  facet normal 0.419189 0.907899 0
    outer loop
      vertex -2.73672 -3.94685 1.6
      vertex -2.69271 -3.96717 3.2
      vertex -2.69271 -3.96717 1.6
    endloop
  endfacet
  facet normal 0.419189 0.907899 -0
    outer loop
      vertex -2.73672 -3.94685 1.6
      vertex -2.73672 -3.94685 3.2
      vertex -2.69271 -3.96717 3.2
    endloop
  endfacet
  facet normal 0.398843 0.917019 0
    outer loop
      vertex -2.7796 -3.9282 1.6
      vertex -2.73672 -3.94685 3.2
      vertex -2.73672 -3.94685 1.6
    endloop
  endfacet
  facet normal 0.398843 0.917019 -0
    outer loop
      vertex -2.7796 -3.9282 1.6
      vertex -2.7796 -3.9282 3.2
      vertex -2.73672 -3.94685 3.2
    endloop
  endfacet
  facet normal 0.376347 0.926479 0
    outer loop
      vertex -2.82113 -3.91133 1.6
      vertex -2.7796 -3.9282 3.2
      vertex -2.7796 -3.9282 1.6
    endloop
  endfacet
  facet normal 0.376347 0.926479 -0
    outer loop
      vertex -2.82113 -3.91133 1.6
      vertex -2.82113 -3.91133 3.2
      vertex -2.7796 -3.9282 3.2
    endloop
  endfacet
  facet normal 0.351226 0.936291 0
    outer loop
      vertex -2.86109 -3.89634 1.6
      vertex -2.82113 -3.91133 3.2
      vertex -2.82113 -3.91133 1.6
    endloop
  endfacet
  facet normal 0.351226 0.936291 -0
    outer loop
      vertex -2.86109 -3.89634 1.6
      vertex -2.86109 -3.89634 3.2
      vertex -2.82113 -3.91133 3.2
    endloop
  endfacet
  facet normal 0.321876 0.946782 0
    outer loop
      vertex -2.89927 -3.88336 1.6
      vertex -2.86109 -3.89634 3.2
      vertex -2.86109 -3.89634 1.6
    endloop
  endfacet
  facet normal 0.321876 0.946782 -0
    outer loop
      vertex -2.89927 -3.88336 1.6
      vertex -2.89927 -3.88336 3.2
      vertex -2.86109 -3.89634 3.2
    endloop
  endfacet
  facet normal 0.287736 0.95771 0
    outer loop
      vertex -2.93545 -3.87249 1.6
      vertex -2.89927 -3.88336 3.2
      vertex -2.89927 -3.88336 1.6
    endloop
  endfacet
  facet normal 0.287736 0.95771 -0
    outer loop
      vertex -2.93545 -3.87249 1.6
      vertex -2.93545 -3.87249 3.2
      vertex -2.89927 -3.88336 3.2
    endloop
  endfacet
  facet normal 0.246694 0.969093 0
    outer loop
      vertex -2.96943 -3.86384 1.6
      vertex -2.93545 -3.87249 3.2
      vertex -2.93545 -3.87249 1.6
    endloop
  endfacet
  facet normal 0.246694 0.969093 -0
    outer loop
      vertex -2.96943 -3.86384 1.6
      vertex -2.96943 -3.86384 3.2
      vertex -2.93545 -3.87249 3.2
    endloop
  endfacet
  facet normal 0.196415 0.980521 0
    outer loop
      vertex -3.00098 -3.85752 1.6
      vertex -2.96943 -3.86384 3.2
      vertex -2.96943 -3.86384 1.6
    endloop
  endfacet
  facet normal 0.196415 0.980521 -0
    outer loop
      vertex -3.00098 -3.85752 1.6
      vertex -3.00098 -3.85752 3.2
      vertex -2.96943 -3.86384 3.2
    endloop
  endfacet
  facet normal 0.13268 0.991159 0
    outer loop
      vertex -3.02989 -3.85365 1.6
      vertex -3.00098 -3.85752 3.2
      vertex -3.00098 -3.85752 1.6
    endloop
  endfacet
  facet normal 0.13268 0.991159 -0
    outer loop
      vertex -3.02989 -3.85365 1.6
      vertex -3.02989 -3.85365 3.2
      vertex -3.00098 -3.85752 3.2
    endloop
  endfacet
  facet normal 0.0502052 0.998739 0
    outer loop
      vertex -3.05595 -3.85234 1.6
      vertex -3.02989 -3.85365 3.2
      vertex -3.02989 -3.85365 1.6
    endloop
  endfacet
  facet normal 0.0502052 0.998739 -0
    outer loop
      vertex -3.05595 -3.85234 1.6
      vertex -3.05595 -3.85234 3.2
      vertex -3.02989 -3.85365 3.2
    endloop
  endfacet
  facet normal 0.0387185 0.99925 0
    outer loop
      vertex -3.0815 -3.85135 1.6
      vertex -3.05595 -3.85234 3.2
      vertex -3.05595 -3.85234 1.6
    endloop
  endfacet
  facet normal 0.0387185 0.99925 -0
    outer loop
      vertex -3.0815 -3.85135 1.6
      vertex -3.0815 -3.85135 3.2
      vertex -3.05595 -3.85234 3.2
    endloop
  endfacet
  facet normal 0.10542 0.994428 0
    outer loop
      vertex -3.10895 -3.84844 1.6
      vertex -3.0815 -3.85135 3.2
      vertex -3.0815 -3.85135 1.6
    endloop
  endfacet
  facet normal 0.10542 0.994428 -0
    outer loop
      vertex -3.10895 -3.84844 1.6
      vertex -3.10895 -3.84844 3.2
      vertex -3.0815 -3.85135 3.2
    endloop
  endfacet
  facet normal 0.160668 0.987009 0
    outer loop
      vertex -3.13813 -3.84369 1.6
      vertex -3.10895 -3.84844 3.2
      vertex -3.10895 -3.84844 1.6
    endloop
  endfacet
  facet normal 0.160668 0.987009 -0
    outer loop
      vertex -3.13813 -3.84369 1.6
      vertex -3.13813 -3.84369 3.2
      vertex -3.10895 -3.84844 3.2
    endloop
  endfacet
  facet normal 0.207532 0.978228 0
    outer loop
      vertex -3.16891 -3.83716 1.6
      vertex -3.13813 -3.84369 3.2
      vertex -3.13813 -3.84369 1.6
    endloop
  endfacet
  facet normal 0.207532 0.978228 -0
    outer loop
      vertex -3.16891 -3.83716 1.6
      vertex -3.16891 -3.83716 3.2
      vertex -3.13813 -3.84369 3.2
    endloop
  endfacet
  facet normal 0.247065 0.968999 0
    outer loop
      vertex -3.20111 -3.82895 1.6
      vertex -3.16891 -3.83716 3.2
      vertex -3.16891 -3.83716 1.6
    endloop
  endfacet
  facet normal 0.247065 0.968999 -0
    outer loop
      vertex -3.20111 -3.82895 1.6
      vertex -3.20111 -3.82895 3.2
      vertex -3.16891 -3.83716 3.2
    endloop
  endfacet
  facet normal 0.281111 0.959675 0
    outer loop
      vertex -3.2346 -3.81914 1.6
      vertex -3.20111 -3.82895 3.2
      vertex -3.20111 -3.82895 1.6
    endloop
  endfacet
  facet normal 0.281111 0.959675 -0
    outer loop
      vertex -3.2346 -3.81914 1.6
      vertex -3.2346 -3.81914 3.2
      vertex -3.20111 -3.82895 3.2
    endloop
  endfacet
  facet normal 0.311941 0.950102 0
    outer loop
      vertex -3.2692 -3.80778 1.6
      vertex -3.2346 -3.81914 3.2
      vertex -3.2346 -3.81914 1.6
    endloop
  endfacet
  facet normal 0.311941 0.950102 -0
    outer loop
      vertex -3.2692 -3.80778 1.6
      vertex -3.2692 -3.80778 3.2
      vertex -3.2346 -3.81914 3.2
    endloop
  endfacet
  facet normal 0.338663 0.940908 0
    outer loop
      vertex -3.30479 -3.79497 1.6
      vertex -3.2692 -3.80778 3.2
      vertex -3.2692 -3.80778 1.6
    endloop
  endfacet
  facet normal 0.338663 0.940908 -0
    outer loop
      vertex -3.30479 -3.79497 1.6
      vertex -3.30479 -3.79497 3.2
      vertex -3.2692 -3.80778 3.2
    endloop
  endfacet
  facet normal 0.363299 0.931673 0
    outer loop
      vertex -3.34118 -3.78078 1.6
      vertex -3.30479 -3.79497 3.2
      vertex -3.30479 -3.79497 1.6
    endloop
  endfacet
  facet normal 0.363299 0.931673 -0
    outer loop
      vertex -3.34118 -3.78078 1.6
      vertex -3.34118 -3.78078 3.2
      vertex -3.30479 -3.79497 3.2
    endloop
  endfacet
  facet normal 0.385552 0.922686 0
    outer loop
      vertex -3.37825 -3.76529 1.6
      vertex -3.34118 -3.78078 3.2
      vertex -3.34118 -3.78078 1.6
    endloop
  endfacet
  facet normal 0.385552 0.922686 -0
    outer loop
      vertex -3.37825 -3.76529 1.6
      vertex -3.37825 -3.76529 3.2
      vertex -3.34118 -3.78078 3.2
    endloop
  endfacet
  facet normal 0.406296 0.913741 0
    outer loop
      vertex -3.41583 -3.74858 1.6
      vertex -3.37825 -3.76529 3.2
      vertex -3.37825 -3.76529 1.6
    endloop
  endfacet
  facet normal 0.406296 0.913741 -0
    outer loop
      vertex -3.41583 -3.74858 1.6
      vertex -3.41583 -3.74858 3.2
      vertex -3.37825 -3.76529 3.2
    endloop
  endfacet
  facet normal 0.426004 0.904721 0
    outer loop
      vertex -3.45376 -3.73072 1.6
      vertex -3.41583 -3.74858 3.2
      vertex -3.41583 -3.74858 1.6
    endloop
  endfacet
  facet normal 0.426004 0.904721 -0
    outer loop
      vertex -3.45376 -3.73072 1.6
      vertex -3.45376 -3.73072 3.2
      vertex -3.41583 -3.74858 3.2
    endloop
  endfacet
  facet normal 0.444393 0.895832 0
    outer loop
      vertex -3.4919 -3.7118 1.6
      vertex -3.45376 -3.73072 3.2
      vertex -3.45376 -3.73072 1.6
    endloop
  endfacet
  facet normal 0.444393 0.895832 -0
    outer loop
      vertex -3.4919 -3.7118 1.6
      vertex -3.4919 -3.7118 3.2
      vertex -3.45376 -3.73072 3.2
    endloop
  endfacet
  facet normal 0.462288 0.88673 0
    outer loop
      vertex -3.53009 -3.69189 1.6
      vertex -3.4919 -3.7118 3.2
      vertex -3.4919 -3.7118 1.6
    endloop
  endfacet
  facet normal 0.462288 0.88673 -0
    outer loop
      vertex -3.53009 -3.69189 1.6
      vertex -3.53009 -3.69189 3.2
      vertex -3.4919 -3.7118 3.2
    endloop
  endfacet
  facet normal 0.479804 0.877376 0
    outer loop
      vertex -3.56818 -3.67106 1.6
      vertex -3.53009 -3.69189 3.2
      vertex -3.53009 -3.69189 1.6
    endloop
  endfacet
  facet normal 0.479804 0.877376 -0
    outer loop
      vertex -3.56818 -3.67106 1.6
      vertex -3.56818 -3.67106 3.2
      vertex -3.53009 -3.69189 3.2
    endloop
  endfacet
  facet normal 0.496707 0.867918 0
    outer loop
      vertex -3.60601 -3.64941 1.6
      vertex -3.56818 -3.67106 3.2
      vertex -3.56818 -3.67106 1.6
    endloop
  endfacet
  facet normal 0.496707 0.867918 -0
    outer loop
      vertex -3.60601 -3.64941 1.6
      vertex -3.60601 -3.64941 3.2
      vertex -3.56818 -3.67106 3.2
    endloop
  endfacet
  facet normal 0.513687 0.857978 0
    outer loop
      vertex -3.64344 -3.627 1.6
      vertex -3.60601 -3.64941 3.2
      vertex -3.60601 -3.64941 1.6
    endloop
  endfacet
  facet normal 0.513687 0.857978 -0
    outer loop
      vertex -3.64344 -3.627 1.6
      vertex -3.64344 -3.627 3.2
      vertex -3.60601 -3.64941 3.2
    endloop
  endfacet
  facet normal 0.530867 0.847455 0
    outer loop
      vertex -3.6803 -3.60391 1.6
      vertex -3.64344 -3.627 3.2
      vertex -3.64344 -3.627 1.6
    endloop
  endfacet
  facet normal 0.530867 0.847455 -0
    outer loop
      vertex -3.6803 -3.60391 1.6
      vertex -3.6803 -3.60391 3.2
      vertex -3.64344 -3.627 3.2
    endloop
  endfacet
  facet normal 0.548222 0.836333 0
    outer loop
      vertex -3.71644 -3.58022 1.6
      vertex -3.6803 -3.60391 3.2
      vertex -3.6803 -3.60391 1.6
    endloop
  endfacet
  facet normal 0.548222 0.836333 -0
    outer loop
      vertex -3.71644 -3.58022 1.6
      vertex -3.71644 -3.58022 3.2
      vertex -3.6803 -3.60391 3.2
    endloop
  endfacet
  facet normal 0.565814 0.824533 0
    outer loop
      vertex -3.75172 -3.55601 1.6
      vertex -3.71644 -3.58022 3.2
      vertex -3.71644 -3.58022 1.6
    endloop
  endfacet
  facet normal 0.565814 0.824533 -0
    outer loop
      vertex -3.75172 -3.55601 1.6
      vertex -3.75172 -3.55601 3.2
      vertex -3.71644 -3.58022 3.2
    endloop
  endfacet
  facet normal 0.532297 0.846558 0
    outer loop
      vertex -3.81691 -3.51502 1.6
      vertex -3.75172 -3.55601 3.2
      vertex -3.75172 -3.55601 1.6
    endloop
  endfacet
  facet normal 0.532297 0.846558 -0
    outer loop
      vertex -3.81691 -3.51502 1.6
      vertex -3.81691 -3.51502 3.2
      vertex -3.75172 -3.55601 3.2
    endloop
  endfacet
  facet normal 0.450399 0.892827 0
    outer loop
      vertex -3.89307 -3.4766 1.6
      vertex -3.81691 -3.51502 3.2
      vertex -3.81691 -3.51502 1.6
    endloop
  endfacet
  facet normal 0.450399 0.892827 -0
    outer loop
      vertex -3.89307 -3.4766 1.6
      vertex -3.89307 -3.4766 3.2
      vertex -3.81691 -3.51502 3.2
    endloop
  endfacet
  facet normal 0.383578 0.923508 0
    outer loop
      vertex -3.97907 -3.44088 1.6
      vertex -3.89307 -3.4766 3.2
      vertex -3.89307 -3.4766 1.6
    endloop
  endfacet
  facet normal 0.383578 0.923508 -0
    outer loop
      vertex -3.97907 -3.44088 1.6
      vertex -3.97907 -3.44088 3.2
      vertex -3.89307 -3.4766 3.2
    endloop
  endfacet
  facet normal 0.328378 0.944547 0
    outer loop
      vertex -4.07379 -3.40795 1.6
      vertex -3.97907 -3.44088 3.2
      vertex -3.97907 -3.44088 1.6
    endloop
  endfacet
  facet normal 0.328378 0.944547 -0
    outer loop
      vertex -4.07379 -3.40795 1.6
      vertex -4.07379 -3.40795 3.2
      vertex -3.97907 -3.44088 3.2
    endloop
  endfacet
  facet normal 0.28113 0.95967 0
    outer loop
      vertex -4.17613 -3.37797 1.6
      vertex -4.07379 -3.40795 3.2
      vertex -4.07379 -3.40795 1.6
    endloop
  endfacet
  facet normal 0.28113 0.95967 -0
    outer loop
      vertex -4.17613 -3.37797 1.6
      vertex -4.17613 -3.37797 3.2
      vertex -4.07379 -3.40795 3.2
    endloop
  endfacet
  facet normal 0.2401 0.970748 0
    outer loop
      vertex -4.28497 -3.35105 1.6
      vertex -4.17613 -3.37797 3.2
      vertex -4.17613 -3.37797 1.6
    endloop
  endfacet
  facet normal 0.2401 0.970748 -0
    outer loop
      vertex -4.28497 -3.35105 1.6
      vertex -4.28497 -3.35105 3.2
      vertex -4.17613 -3.37797 3.2
    endloop
  endfacet
  facet normal 0.203677 0.979038 0
    outer loop
      vertex -4.39918 -3.32729 1.6
      vertex -4.28497 -3.35105 3.2
      vertex -4.28497 -3.35105 1.6
    endloop
  endfacet
  facet normal 0.203677 0.979038 -0
    outer loop
      vertex -4.39918 -3.32729 1.6
      vertex -4.39918 -3.32729 3.2
      vertex -4.28497 -3.35105 3.2
    endloop
  endfacet
  facet normal 0.169993 0.985445 0
    outer loop
      vertex -4.51767 -3.30685 1.6
      vertex -4.39918 -3.32729 3.2
      vertex -4.39918 -3.32729 1.6
    endloop
  endfacet
  facet normal 0.169993 0.985445 -0
    outer loop
      vertex -4.51767 -3.30685 1.6
      vertex -4.51767 -3.30685 3.2
      vertex -4.39918 -3.32729 3.2
    endloop
  endfacet
  facet normal 0.138662 0.99034 0
    outer loop
      vertex -4.6393 -3.28982 1.6
      vertex -4.51767 -3.30685 3.2
      vertex -4.51767 -3.30685 1.6
    endloop
  endfacet
  facet normal 0.138662 0.99034 -0
    outer loop
      vertex -4.6393 -3.28982 1.6
      vertex -4.6393 -3.28982 3.2
      vertex -4.51767 -3.30685 3.2
    endloop
  endfacet
  facet normal 0.108358 0.994112 0
    outer loop
      vertex -4.76297 -3.27634 1.6
      vertex -4.6393 -3.28982 3.2
      vertex -4.6393 -3.28982 1.6
    endloop
  endfacet
  facet normal 0.108358 0.994112 -0
    outer loop
      vertex -4.76297 -3.27634 1.6
      vertex -4.76297 -3.27634 3.2
      vertex -4.6393 -3.28982 3.2
    endloop
  endfacet
  facet normal 0.0784953 0.996914 0
    outer loop
      vertex -4.88756 -3.26653 1.6
      vertex -4.76297 -3.27634 3.2
      vertex -4.76297 -3.27634 1.6
    endloop
  endfacet
  facet normal 0.0784953 0.996914 -0
    outer loop
      vertex -4.88756 -3.26653 1.6
      vertex -4.88756 -3.26653 3.2
      vertex -4.76297 -3.27634 3.2
    endloop
  endfacet
  facet normal 0.0484158 0.998827 0
    outer loop
      vertex -5.01196 -3.2605 1.6
      vertex -4.88756 -3.26653 3.2
      vertex -4.88756 -3.26653 1.6
    endloop
  endfacet
  facet normal 0.0484158 0.998827 -0
    outer loop
      vertex -5.01196 -3.2605 1.6
      vertex -5.01196 -3.2605 3.2
      vertex -4.88756 -3.26653 3.2
    endloop
  endfacet
  facet normal 0.0171394 0.999853 0
    outer loop
      vertex -5.13505 -3.25839 1.6
      vertex -5.01196 -3.2605 3.2
      vertex -5.01196 -3.2605 1.6
    endloop
  endfacet
  facet normal 0.0171394 0.999853 -0
    outer loop
      vertex -5.13505 -3.25839 1.6
      vertex -5.13505 -3.25839 3.2
      vertex -5.01196 -3.2605 3.2
    endloop
  endfacet
  facet normal -0.0159091 0.999873 0
    outer loop
      vertex -5.25572 -3.26031 1.6
      vertex -5.13505 -3.25839 3.2
      vertex -5.13505 -3.25839 1.6
    endloop
  endfacet
  facet normal -0.0159091 0.999873 0
    outer loop
      vertex -5.25572 -3.26031 1.6
      vertex -5.25572 -3.26031 3.2
      vertex -5.13505 -3.25839 3.2
    endloop
  endfacet
  facet normal -0.0518428 0.998655 0
    outer loop
      vertex -5.37284 -3.26639 1.6
      vertex -5.25572 -3.26031 3.2
      vertex -5.25572 -3.26031 1.6
    endloop
  endfacet
  facet normal -0.0518428 0.998655 0
    outer loop
      vertex -5.37284 -3.26639 1.6
      vertex -5.37284 -3.26639 3.2
      vertex -5.25572 -3.26031 3.2
    endloop
  endfacet
  facet normal -0.0916373 0.995792 0
    outer loop
      vertex -5.48531 -3.27674 1.6
      vertex -5.37284 -3.26639 3.2
      vertex -5.37284 -3.26639 1.6
    endloop
  endfacet
  facet normal -0.0916373 0.995792 0
    outer loop
      vertex -5.48531 -3.27674 1.6
      vertex -5.48531 -3.27674 3.2
      vertex -5.37284 -3.26639 3.2
    endloop
  endfacet
  facet normal -0.13704 0.990566 0
    outer loop
      vertex -5.592 -3.2915 1.6
      vertex -5.48531 -3.27674 3.2
      vertex -5.48531 -3.27674 1.6
    endloop
  endfacet
  facet normal -0.13704 0.990566 0
    outer loop
      vertex -5.592 -3.2915 1.6
      vertex -5.592 -3.2915 3.2
      vertex -5.48531 -3.27674 3.2
    endloop
  endfacet
  facet normal -0.189566 0.981868 0
    outer loop
      vertex -5.69181 -3.31077 1.6
      vertex -5.592 -3.2915 3.2
      vertex -5.592 -3.2915 1.6
    endloop
  endfacet
  facet normal -0.189566 0.981868 0
    outer loop
      vertex -5.69181 -3.31077 1.6
      vertex -5.69181 -3.31077 3.2
      vertex -5.592 -3.2915 3.2
    endloop
  endfacet
  facet normal -0.252195 0.967677 0
    outer loop
      vertex -5.78363 -3.3347 1.6
      vertex -5.69181 -3.31077 3.2
      vertex -5.69181 -3.31077 1.6
    endloop
  endfacet
  facet normal -0.252195 0.967677 0
    outer loop
      vertex -5.78363 -3.3347 1.6
      vertex -5.78363 -3.3347 3.2
      vertex -5.69181 -3.31077 3.2
    endloop
  endfacet
  facet normal -0.327825 0.944739 0
    outer loop
      vertex -5.86631 -3.36339 1.6
      vertex -5.78363 -3.3347 3.2
      vertex -5.78363 -3.3347 1.6
    endloop
  endfacet
  facet normal -0.327825 0.944739 0
    outer loop
      vertex -5.86631 -3.36339 1.6
      vertex -5.86631 -3.36339 3.2
      vertex -5.78363 -3.3347 3.2
    endloop
  endfacet
  facet normal -0.414853 0.909889 0
    outer loop
      vertex -5.91658 -3.38631 1.6
      vertex -5.86631 -3.36339 3.2
      vertex -5.86631 -3.36339 1.6
    endloop
  endfacet
  facet normal -0.414853 0.909889 0
    outer loop
      vertex -5.91658 -3.38631 1.6
      vertex -5.91658 -3.38631 3.2
      vertex -5.86631 -3.36339 3.2
    endloop
  endfacet
  facet normal -0.477378 0.878698 0
    outer loop
      vertex -5.9688 -3.41468 1.6
      vertex -5.91658 -3.38631 3.2
      vertex -5.91658 -3.38631 1.6
    endloop
  endfacet
  facet normal -0.477378 0.878698 0
    outer loop
      vertex -5.9688 -3.41468 1.6
      vertex -5.9688 -3.41468 3.2
      vertex -5.91658 -3.38631 3.2
    endloop
  endfacet
  facet normal -0.527237 0.849718 0
    outer loop
      vertex -6.0225 -3.448 1.6
      vertex -5.9688 -3.41468 3.2
      vertex -5.9688 -3.41468 1.6
    endloop
  endfacet
  facet normal -0.527237 0.849718 0
    outer loop
      vertex -6.0225 -3.448 1.6
      vertex -6.0225 -3.448 3.2
      vertex -5.9688 -3.41468 3.2
    endloop
  endfacet
  facet normal -0.567831 0.823145 0
    outer loop
      vertex -6.07718 -3.48572 1.6
      vertex -6.0225 -3.448 3.2
      vertex -6.0225 -3.448 1.6
    endloop
  endfacet
  facet normal -0.567831 0.823145 0
    outer loop
      vertex -6.07718 -3.48572 1.6
      vertex -6.07718 -3.48572 3.2
      vertex -6.0225 -3.448 3.2
    endloop
  endfacet
  facet normal -0.601874 0.798591 0
    outer loop
      vertex -6.13235 -3.5273 1.6
      vertex -6.07718 -3.48572 3.2
      vertex -6.07718 -3.48572 1.6
    endloop
  endfacet
  facet normal -0.601874 0.798591 0
    outer loop
      vertex -6.13235 -3.5273 1.6
      vertex -6.13235 -3.5273 3.2
      vertex -6.07718 -3.48572 3.2
    endloop
  endfacet
  facet normal -0.631391 0.775464 0
    outer loop
      vertex -6.18752 -3.57222 1.6
      vertex -6.13235 -3.5273 3.2
      vertex -6.13235 -3.5273 1.6
    endloop
  endfacet
  facet normal -0.631391 0.775464 0
    outer loop
      vertex -6.18752 -3.57222 1.6
      vertex -6.18752 -3.57222 3.2
      vertex -6.13235 -3.5273 3.2
    endloop
  endfacet
  facet normal -0.657519 0.753438 0
    outer loop
      vertex -6.24219 -3.61993 1.6
      vertex -6.18752 -3.57222 3.2
      vertex -6.18752 -3.57222 1.6
    endloop
  endfacet
  facet normal -0.657519 0.753438 0
    outer loop
      vertex -6.24219 -3.61993 1.6
      vertex -6.24219 -3.61993 3.2
      vertex -6.18752 -3.57222 3.2
    endloop
  endfacet
  facet normal -0.681371 0.731939 0
    outer loop
      vertex -6.29589 -3.66992 1.6
      vertex -6.24219 -3.61993 3.2
      vertex -6.24219 -3.61993 1.6
    endloop
  endfacet
  facet normal -0.681371 0.731939 0
    outer loop
      vertex -6.29589 -3.66992 1.6
      vertex -6.29589 -3.66992 3.2
      vertex -6.24219 -3.61993 3.2
    endloop
  endfacet
  facet normal -0.70356 0.710635 0
    outer loop
      vertex -6.34812 -3.72163 1.6
      vertex -6.29589 -3.66992 3.2
      vertex -6.29589 -3.66992 1.6
    endloop
  endfacet
  facet normal -0.70356 0.710635 0
    outer loop
      vertex -6.34812 -3.72163 1.6
      vertex -6.34812 -3.72163 3.2
      vertex -6.29589 -3.66992 3.2
    endloop
  endfacet
  facet normal -0.725095 0.688649 0
    outer loop
      vertex -6.39838 -3.77455 1.6
      vertex -6.34812 -3.72163 3.2
      vertex -6.34812 -3.72163 1.6
    endloop
  endfacet
  facet normal -0.725095 0.688649 0
    outer loop
      vertex -6.39838 -3.77455 1.6
      vertex -6.39838 -3.77455 3.2
      vertex -6.34812 -3.72163 3.2
    endloop
  endfacet
  facet normal -0.746209 0.665711 0
    outer loop
      vertex -6.44618 -3.82813 1.6
      vertex -6.39838 -3.77455 3.2
      vertex -6.39838 -3.77455 1.6
    endloop
  endfacet
  facet normal -0.746209 0.665711 0
    outer loop
      vertex -6.44618 -3.82813 1.6
      vertex -6.44618 -3.82813 3.2
      vertex -6.39838 -3.77455 3.2
    endloop
  endfacet
  facet normal -0.767565 0.640971 0
    outer loop
      vertex -6.49104 -3.88185 1.6
      vertex -6.44618 -3.82813 3.2
      vertex -6.44618 -3.82813 1.6
    endloop
  endfacet
  facet normal -0.767565 0.640971 0
    outer loop
      vertex -6.49104 -3.88185 1.6
      vertex -6.49104 -3.88185 3.2
      vertex -6.44618 -3.82813 3.2
    endloop
  endfacet
  facet normal -0.789719 0.613469 0
    outer loop
      vertex -6.53246 -3.93517 1.6
      vertex -6.49104 -3.88185 3.2
      vertex -6.49104 -3.88185 1.6
    endloop
  endfacet
  facet normal -0.789719 0.613469 0
    outer loop
      vertex -6.53246 -3.93517 1.6
      vertex -6.53246 -3.93517 3.2
      vertex -6.49104 -3.88185 3.2
    endloop
  endfacet
  facet normal -0.813303 0.58184 0
    outer loop
      vertex -6.56994 -3.98756 1.6
      vertex -6.53246 -3.93517 3.2
      vertex -6.53246 -3.93517 1.6
    endloop
  endfacet
  facet normal -0.813303 0.58184 0
    outer loop
      vertex -6.56994 -3.98756 1.6
      vertex -6.56994 -3.98756 3.2
      vertex -6.53246 -3.93517 3.2
    endloop
  endfacet
  facet normal -0.838605 0.544739 0
    outer loop
      vertex -6.60301 -4.03847 1.6
      vertex -6.56994 -3.98756 3.2
      vertex -6.56994 -3.98756 1.6
    endloop
  endfacet
  facet normal -0.838605 0.544739 0
    outer loop
      vertex -6.60301 -4.03847 1.6
      vertex -6.60301 -4.03847 3.2
      vertex -6.56994 -3.98756 3.2
    endloop
  endfacet
  facet normal -0.866669 0.498884 0
    outer loop
      vertex -6.63117 -4.08739 1.6
      vertex -6.60301 -4.03847 3.2
      vertex -6.60301 -4.03847 1.6
    endloop
  endfacet
  facet normal -0.866669 0.498884 0
    outer loop
      vertex -6.63117 -4.08739 1.6
      vertex -6.63117 -4.08739 3.2
      vertex -6.60301 -4.03847 3.2
    endloop
  endfacet
  facet normal -0.897769 0.440466 0
    outer loop
      vertex -6.65393 -4.13378 1.6
      vertex -6.63117 -4.08739 3.2
      vertex -6.63117 -4.08739 1.6
    endloop
  endfacet
  facet normal -0.897769 0.440466 0
    outer loop
      vertex -6.65393 -4.13378 1.6
      vertex -6.65393 -4.13378 3.2
      vertex -6.63117 -4.08739 3.2
    endloop
  endfacet
  facet normal -0.931879 0.362768 0
    outer loop
      vertex -6.67079 -4.17709 1.6
      vertex -6.65393 -4.13378 3.2
      vertex -6.65393 -4.13378 1.6
    endloop
  endfacet
  facet normal -0.931879 0.362768 0
    outer loop
      vertex -6.67079 -4.17709 1.6
      vertex -6.67079 -4.17709 3.2
      vertex -6.65393 -4.13378 3.2
    endloop
  endfacet
  facet normal -0.96691 0.255116 0
    outer loop
      vertex -6.68127 -4.21681 1.6
      vertex -6.67079 -4.17709 3.2
      vertex -6.67079 -4.17709 1.6
    endloop
  endfacet
  facet normal -0.96691 0.255116 0
    outer loop
      vertex -6.68127 -4.21681 1.6
      vertex -6.68127 -4.21681 3.2
      vertex -6.67079 -4.17709 3.2
    endloop
  endfacet
  facet normal -0.99492 0.100666 0
    outer loop
      vertex -6.68487 -4.25239 1.6
      vertex -6.68127 -4.21681 3.2
      vertex -6.68127 -4.21681 1.6
    endloop
  endfacet
  facet normal -0.99492 0.100666 0
    outer loop
      vertex -6.68487 -4.25239 1.6
      vertex -6.68487 -4.25239 3.2
      vertex -6.68127 -4.21681 3.2
    endloop
  endfacet
  facet normal -0.999326 0.0367057 0
    outer loop
      vertex -6.68558 -4.27172 1.6
      vertex -6.68487 -4.25239 3.2
      vertex -6.68487 -4.25239 1.6
    endloop
  endfacet
  facet normal -0.999326 0.0367057 0
    outer loop
      vertex -6.68558 -4.27172 1.6
      vertex -6.68558 -4.27172 3.2
      vertex -6.68487 -4.25239 3.2
    endloop
  endfacet
  facet normal -0.993271 0.115817 0
    outer loop
      vertex -6.68768 -4.28973 1.6
      vertex -6.68558 -4.27172 3.2
      vertex -6.68558 -4.27172 1.6
    endloop
  endfacet
  facet normal -0.993271 0.115817 0
    outer loop
      vertex -6.68768 -4.28973 1.6
      vertex -6.68768 -4.28973 3.2
      vertex -6.68558 -4.27172 3.2
    endloop
  endfacet
  facet normal -0.979248 0.202664 0
    outer loop
      vertex -6.69113 -4.3064 1.6
      vertex -6.68768 -4.28973 3.2
      vertex -6.68768 -4.28973 1.6
    endloop
  endfacet
  facet normal -0.979248 0.202664 0
    outer loop
      vertex -6.69113 -4.3064 1.6
      vertex -6.69113 -4.3064 3.2
      vertex -6.68768 -4.28973 3.2
    endloop
  endfacet
  facet normal -0.955022 0.296536 0
    outer loop
      vertex -6.69589 -4.32173 1.6
      vertex -6.69113 -4.3064 3.2
      vertex -6.69113 -4.3064 1.6
    endloop
  endfacet
  facet normal -0.955022 0.296536 0
    outer loop
      vertex -6.69589 -4.32173 1.6
      vertex -6.69589 -4.32173 3.2
      vertex -6.69113 -4.3064 3.2
    endloop
  endfacet
  facet normal -0.918431 0.395581 0
    outer loop
      vertex -6.70192 -4.33573 1.6
      vertex -6.69589 -4.32173 3.2
      vertex -6.69589 -4.32173 1.6
    endloop
  endfacet
  facet normal -0.918431 0.395581 0
    outer loop
      vertex -6.70192 -4.33573 1.6
      vertex -6.70192 -4.33573 3.2
      vertex -6.69589 -4.32173 3.2
    endloop
  endfacet
  facet normal -0.867653 0.497171 0
    outer loop
      vertex -6.70918 -4.3484 1.6
      vertex -6.70192 -4.33573 3.2
      vertex -6.70192 -4.33573 1.6
    endloop
  endfacet
  facet normal -0.867653 0.497171 0
    outer loop
      vertex -6.70918 -4.3484 1.6
      vertex -6.70918 -4.3484 3.2
      vertex -6.70192 -4.33573 3.2
    endloop
  endfacet
  facet normal -0.801863 0.597508 0
    outer loop
      vertex -6.71763 -4.35974 1.6
      vertex -6.70918 -4.3484 3.2
      vertex -6.70918 -4.3484 1.6
    endloop
  endfacet
  facet normal -0.801863 0.597508 0
    outer loop
      vertex -6.71763 -4.35974 1.6
      vertex -6.71763 -4.35974 3.2
      vertex -6.70918 -4.3484 3.2
    endloop
  endfacet
  facet normal -0.722108 0.69178 0
    outer loop
      vertex -6.72721 -4.36974 1.6
      vertex -6.71763 -4.35974 3.2
      vertex -6.71763 -4.35974 1.6
    endloop
  endfacet
  facet normal -0.722108 0.69178 0
    outer loop
      vertex -6.72721 -4.36974 1.6
      vertex -6.72721 -4.36974 3.2
      vertex -6.71763 -4.35974 3.2
    endloop
  endfacet
  facet normal -0.629115 0.777313 0
    outer loop
      vertex -6.73791 -4.3784 1.6
      vertex -6.72721 -4.36974 3.2
      vertex -6.72721 -4.36974 1.6
    endloop
  endfacet
  facet normal -0.629115 0.777313 0
    outer loop
      vertex -6.73791 -4.3784 1.6
      vertex -6.73791 -4.3784 3.2
      vertex -6.72721 -4.36974 3.2
    endloop
  endfacet
  facet normal -0.52948 0.848322 0
    outer loop
      vertex -6.74967 -4.38574 1.6
      vertex -6.73791 -4.3784 3.2
      vertex -6.73791 -4.3784 1.6
    endloop
  endfacet
  facet normal -0.52948 0.848322 0
    outer loop
      vertex -6.74967 -4.38574 1.6
      vertex -6.74967 -4.38574 3.2
      vertex -6.73791 -4.3784 3.2
    endloop
  endfacet
  facet normal -0.424978 0.905204 0
    outer loop
      vertex -6.76245 -4.39174 1.6
      vertex -6.74967 -4.38574 3.2
      vertex -6.74967 -4.38574 1.6
    endloop
  endfacet
  facet normal -0.424978 0.905204 0
    outer loop
      vertex -6.76245 -4.39174 1.6
      vertex -6.76245 -4.39174 3.2
      vertex -6.74967 -4.38574 3.2
    endloop
  endfacet
  facet normal -0.321175 0.94702 0
    outer loop
      vertex -6.77622 -4.39641 1.6
      vertex -6.76245 -4.39174 3.2
      vertex -6.76245 -4.39174 1.6
    endloop
  endfacet
  facet normal -0.321175 0.94702 0
    outer loop
      vertex -6.77622 -4.39641 1.6
      vertex -6.77622 -4.39641 3.2
      vertex -6.76245 -4.39174 3.2
    endloop
  endfacet
  facet normal -0.22079 0.975321 0
    outer loop
      vertex -6.79093 -4.39974 1.6
      vertex -6.77622 -4.39641 3.2
      vertex -6.77622 -4.39641 1.6
    endloop
  endfacet
  facet normal -0.22079 0.975321 0
    outer loop
      vertex -6.79093 -4.39974 1.6
      vertex -6.79093 -4.39974 3.2
      vertex -6.77622 -4.39641 3.2
    endloop
  endfacet
  facet normal -0.127164 0.991882 0
    outer loop
      vertex -6.80653 -4.40174 1.6
      vertex -6.79093 -4.39974 3.2
      vertex -6.79093 -4.39974 1.6
    endloop
  endfacet
  facet normal -0.127164 0.991882 0
    outer loop
      vertex -6.80653 -4.40174 1.6
      vertex -6.80653 -4.40174 3.2
      vertex -6.79093 -4.39974 3.2
    endloop
  endfacet
  facet normal -0.0406464 0.999174 0
    outer loop
      vertex -6.823 -4.40241 1.6
      vertex -6.80653 -4.40174 3.2
      vertex -6.80653 -4.40174 1.6
    endloop
  endfacet
  facet normal -0.0406464 0.999174 0
    outer loop
      vertex -6.823 -4.40241 1.6
      vertex -6.823 -4.40241 3.2
      vertex -6.80653 -4.40174 3.2
    endloop
  endfacet
  facet normal 0.0387217 0.99925 0
    outer loop
      vertex -6.84029 -4.40174 1.6
      vertex -6.823 -4.40241 3.2
      vertex -6.823 -4.40241 1.6
    endloop
  endfacet
  facet normal 0.0387217 0.99925 -0
    outer loop
      vertex -6.84029 -4.40174 1.6
      vertex -6.84029 -4.40174 3.2
      vertex -6.823 -4.40241 3.2
    endloop
  endfacet
  facet normal 0.110069 0.993924 0
    outer loop
      vertex -6.85835 -4.39974 1.6
      vertex -6.84029 -4.40174 3.2
      vertex -6.84029 -4.40174 1.6
    endloop
  endfacet
  facet normal 0.110069 0.993924 -0
    outer loop
      vertex -6.85835 -4.39974 1.6
      vertex -6.85835 -4.39974 3.2
      vertex -6.84029 -4.40174 3.2
    endloop
  endfacet
  facet normal 0.174413 0.984673 0
    outer loop
      vertex -6.87715 -4.39641 1.6
      vertex -6.85835 -4.39974 3.2
      vertex -6.85835 -4.39974 1.6
    endloop
  endfacet
  facet normal 0.174413 0.984673 -0
    outer loop
      vertex -6.87715 -4.39641 1.6
      vertex -6.87715 -4.39641 3.2
      vertex -6.85835 -4.39974 3.2
    endloop
  endfacet
  facet normal 0.232901 0.9725 0
    outer loop
      vertex -6.89665 -4.39174 1.6
      vertex -6.87715 -4.39641 3.2
      vertex -6.87715 -4.39641 1.6
    endloop
  endfacet
  facet normal 0.232901 0.9725 -0
    outer loop
      vertex -6.89665 -4.39174 1.6
      vertex -6.89665 -4.39174 3.2
      vertex -6.87715 -4.39641 3.2
    endloop
  endfacet
  facet normal 0.285384 0.958413 0
    outer loop
      vertex -6.9168 -4.38574 1.6
      vertex -6.89665 -4.39174 3.2
      vertex -6.89665 -4.39174 1.6
    endloop
  endfacet
  facet normal 0.285384 0.958413 -0
    outer loop
      vertex -6.9168 -4.38574 1.6
      vertex -6.9168 -4.38574 3.2
      vertex -6.89665 -4.39174 3.2
    endloop
  endfacet
  facet normal 0.304347 0.952561 0
    outer loop
      vertex -7.0419 -4.34577 1.6
      vertex -6.9168 -4.38574 3.2
      vertex -6.9168 -4.38574 1.6
    endloop
  endfacet
  facet normal 0.304347 0.952561 -0
    outer loop
      vertex -7.0419 -4.34577 1.6
      vertex -7.0419 -4.34577 3.2
      vertex -6.9168 -4.38574 3.2
    endloop
  endfacet
  facet normal 0.29568 0.955287 0
    outer loop
      vertex -7.15598 -4.31046 1.6
      vertex -7.0419 -4.34577 3.2
      vertex -7.0419 -4.34577 1.6
    endloop
  endfacet
  facet normal 0.29568 0.955287 -0
    outer loop
      vertex -7.15598 -4.31046 1.6
      vertex -7.15598 -4.31046 3.2
      vertex -7.0419 -4.34577 3.2
    endloop
  endfacet
  facet normal 0.280768 0.959776 0
    outer loop
      vertex -7.26007 -4.28001 1.6
      vertex -7.15598 -4.31046 3.2
      vertex -7.15598 -4.31046 1.6
    endloop
  endfacet
  facet normal 0.280768 0.959776 -0
    outer loop
      vertex -7.26007 -4.28001 1.6
      vertex -7.26007 -4.28001 3.2
      vertex -7.15598 -4.31046 3.2
    endloop
  endfacet
  facet normal 0.257656 0.966237 0
    outer loop
      vertex -7.35521 -4.25464 1.6
      vertex -7.26007 -4.28001 3.2
      vertex -7.26007 -4.28001 1.6
    endloop
  endfacet
  facet normal 0.257656 0.966237 -0
    outer loop
      vertex -7.35521 -4.25464 1.6
      vertex -7.35521 -4.25464 3.2
      vertex -7.26007 -4.28001 3.2
    endloop
  endfacet
  facet normal 0.22428 0.974525 0
    outer loop
      vertex -7.44246 -4.23456 1.6
      vertex -7.35521 -4.25464 3.2
      vertex -7.35521 -4.25464 1.6
    endloop
  endfacet
  facet normal 0.22428 0.974525 -0
    outer loop
      vertex -7.44246 -4.23456 1.6
      vertex -7.44246 -4.23456 3.2
      vertex -7.35521 -4.25464 3.2
    endloop
  endfacet
  facet normal 0.178336 0.98397 0
    outer loop
      vertex -7.52285 -4.21999 1.6
      vertex -7.44246 -4.23456 3.2
      vertex -7.44246 -4.23456 1.6
    endloop
  endfacet
  facet normal 0.178336 0.98397 -0
    outer loop
      vertex -7.52285 -4.21999 1.6
      vertex -7.52285 -4.21999 3.2
      vertex -7.44246 -4.23456 3.2
    endloop
  endfacet
  facet normal 0.1181 0.993002 0
    outer loop
      vertex -7.59743 -4.21112 1.6
      vertex -7.52285 -4.21999 3.2
      vertex -7.52285 -4.21999 1.6
    endloop
  endfacet
  facet normal 0.1181 0.993002 -0
    outer loop
      vertex -7.59743 -4.21112 1.6
      vertex -7.59743 -4.21112 3.2
      vertex -7.52285 -4.21999 3.2
    endloop
  endfacet
  facet normal 0.042077 0.999114 0
    outer loop
      vertex -7.66724 -4.20818 1.6
      vertex -7.59743 -4.21112 3.2
      vertex -7.59743 -4.21112 1.6
    endloop
  endfacet
  facet normal 0.042077 0.999114 -0
    outer loop
      vertex -7.66724 -4.20818 1.6
      vertex -7.66724 -4.20818 3.2
      vertex -7.59743 -4.21112 3.2
    endloop
  endfacet
  facet normal -0.0482114 0.998837 0
    outer loop
      vertex -7.73333 -4.21137 1.6
      vertex -7.66724 -4.20818 3.2
      vertex -7.66724 -4.20818 1.6
    endloop
  endfacet
  facet normal -0.0482114 0.998837 0
    outer loop
      vertex -7.73333 -4.21137 1.6
      vertex -7.73333 -4.21137 3.2
      vertex -7.66724 -4.20818 3.2
    endloop
  endfacet
  facet normal -0.148623 0.988894 0
    outer loop
      vertex -7.79674 -4.2209 1.6
      vertex -7.73333 -4.21137 3.2
      vertex -7.73333 -4.21137 1.6
    endloop
  endfacet
  facet normal -0.148623 0.988894 0
    outer loop
      vertex -7.79674 -4.2209 1.6
      vertex -7.79674 -4.2209 3.2
      vertex -7.73333 -4.21137 3.2
    endloop
  endfacet
  facet normal -0.252218 0.96767 0
    outer loop
      vertex -7.85851 -4.237 1.6
      vertex -7.79674 -4.2209 3.2
      vertex -7.79674 -4.2209 1.6
    endloop
  endfacet
  facet normal -0.252218 0.96767 0
    outer loop
      vertex -7.85851 -4.237 1.6
      vertex -7.85851 -4.237 3.2
      vertex -7.79674 -4.2209 3.2
    endloop
  endfacet
  facet normal -0.350016 0.936744 0
    outer loop
      vertex -7.91969 -4.25986 1.6
      vertex -7.85851 -4.237 3.2
      vertex -7.85851 -4.237 1.6
    endloop
  endfacet
  facet normal -0.350016 0.936744 0
    outer loop
      vertex -7.91969 -4.25986 1.6
      vertex -7.91969 -4.25986 3.2
      vertex -7.85851 -4.237 3.2
    endloop
  endfacet
  facet normal -0.435725 0.90008 0
    outer loop
      vertex -7.98131 -4.28969 1.6
      vertex -7.91969 -4.25986 3.2
      vertex -7.91969 -4.25986 1.6
    endloop
  endfacet
  facet normal -0.435725 0.90008 0
    outer loop
      vertex -7.98131 -4.28969 1.6
      vertex -7.98131 -4.28969 3.2
      vertex -7.91969 -4.25986 3.2
    endloop
  endfacet
  facet normal -0.506011 0.862527 0
    outer loop
      vertex -8.04443 -4.32672 1.6
      vertex -7.98131 -4.28969 3.2
      vertex -7.98131 -4.28969 1.6
    endloop
  endfacet
  facet normal -0.506011 0.862527 0
    outer loop
      vertex -8.04443 -4.32672 1.6
      vertex -8.04443 -4.32672 3.2
      vertex -7.98131 -4.28969 3.2
    endloop
  endfacet
  facet normal -0.560508 0.828149 0
    outer loop
      vertex -8.11009 -4.37116 1.6
      vertex -8.04443 -4.32672 3.2
      vertex -8.04443 -4.32672 1.6
    endloop
  endfacet
  facet normal -0.560508 0.828149 0
    outer loop
      vertex -8.11009 -4.37116 1.6
      vertex -8.11009 -4.37116 3.2
      vertex -8.04443 -4.32672 3.2
    endloop
  endfacet
  facet normal -0.600739 0.799445 0
    outer loop
      vertex -8.17933 -4.42319 1.6
      vertex -8.11009 -4.37116 3.2
      vertex -8.11009 -4.37116 1.6
    endloop
  endfacet
  facet normal -0.600739 0.799445 0
    outer loop
      vertex -8.17933 -4.42319 1.6
      vertex -8.17933 -4.42319 3.2
      vertex -8.11009 -4.37116 3.2
    endloop
  endfacet
  facet normal -0.629646 0.776882 0
    outer loop
      vertex -8.2532 -4.48306 1.6
      vertex -8.17933 -4.42319 3.2
      vertex -8.17933 -4.42319 1.6
    endloop
  endfacet
  facet normal -0.629646 0.776882 0
    outer loop
      vertex -8.2532 -4.48306 1.6
      vertex -8.2532 -4.48306 3.2
      vertex -8.17933 -4.42319 3.2
    endloop
  endfacet
  facet normal -0.64931 0.760524 0
    outer loop
      vertex -8.33273 -4.55096 1.6
      vertex -8.2532 -4.48306 3.2
      vertex -8.2532 -4.48306 1.6
    endloop
  endfacet
  facet normal -0.64931 0.760524 0
    outer loop
      vertex -8.33273 -4.55096 1.6
      vertex -8.33273 -4.55096 3.2
      vertex -8.2532 -4.48306 3.2
    endloop
  endfacet
  facet normal -0.661895 0.749597 0
    outer loop
      vertex -8.41897 -4.62711 1.6
      vertex -8.33273 -4.55096 3.2
      vertex -8.33273 -4.55096 1.6
    endloop
  endfacet
  facet normal -0.661895 0.749597 0
    outer loop
      vertex -8.41897 -4.62711 1.6
      vertex -8.41897 -4.62711 3.2
      vertex -8.33273 -4.55096 3.2
    endloop
  endfacet
  facet normal -0.668965 0.743294 0
    outer loop
      vertex -8.51297 -4.71171 1.6
      vertex -8.41897 -4.62711 3.2
      vertex -8.41897 -4.62711 1.6
    endloop
  endfacet
  facet normal -0.668965 0.743294 0
    outer loop
      vertex -8.51297 -4.71171 1.6
      vertex -8.51297 -4.71171 3.2
      vertex -8.41897 -4.62711 3.2
    endloop
  endfacet
  facet normal -0.667597 0.744523 0
    outer loop
      vertex -8.56746 -4.76057 1.6
      vertex -8.51297 -4.71171 3.2
      vertex -8.51297 -4.71171 1.6
    endloop
  endfacet
  facet normal -0.667597 0.744523 0
    outer loop
      vertex -8.56746 -4.76057 1.6
      vertex -8.56746 -4.76057 3.2
      vertex -8.51297 -4.71171 3.2
    endloop
  endfacet
  facet normal -0.650703 0.759332 0
    outer loop
      vertex -8.62429 -4.80927 1.6
      vertex -8.56746 -4.76057 3.2
      vertex -8.56746 -4.76057 1.6
    endloop
  endfacet
  facet normal -0.650703 0.759332 0
    outer loop
      vertex -8.62429 -4.80927 1.6
      vertex -8.62429 -4.80927 3.2
      vertex -8.56746 -4.76057 3.2
    endloop
  endfacet
  facet normal -0.634966 0.77254 0
    outer loop
      vertex -8.68314 -4.85764 1.6
      vertex -8.62429 -4.80927 3.2
      vertex -8.62429 -4.80927 1.6
    endloop
  endfacet
  facet normal -0.634966 0.77254 0
    outer loop
      vertex -8.68314 -4.85764 1.6
      vertex -8.68314 -4.85764 3.2
      vertex -8.62429 -4.80927 3.2
    endloop
  endfacet
  facet normal -0.620119 0.784508 0
    outer loop
      vertex -8.7437 -4.90551 1.6
      vertex -8.68314 -4.85764 3.2
      vertex -8.68314 -4.85764 1.6
    endloop
  endfacet
  facet normal -0.620119 0.784508 0
    outer loop
      vertex -8.7437 -4.90551 1.6
      vertex -8.7437 -4.90551 3.2
      vertex -8.68314 -4.85764 3.2
    endloop
  endfacet
  facet normal -0.606043 0.795432 0
    outer loop
      vertex -8.80565 -4.95271 1.6
      vertex -8.7437 -4.90551 3.2
      vertex -8.7437 -4.90551 1.6
    endloop
  endfacet
  facet normal -0.606043 0.795432 0
    outer loop
      vertex -8.80565 -4.95271 1.6
      vertex -8.80565 -4.95271 3.2
      vertex -8.7437 -4.90551 3.2
    endloop
  endfacet
  facet normal -0.59251 0.805563 0
    outer loop
      vertex -8.86868 -4.99907 1.6
      vertex -8.80565 -4.95271 3.2
      vertex -8.80565 -4.95271 1.6
    endloop
  endfacet
  facet normal -0.59251 0.805563 0
    outer loop
      vertex -8.86868 -4.99907 1.6
      vertex -8.86868 -4.99907 3.2
      vertex -8.80565 -4.95271 3.2
    endloop
  endfacet
  facet normal -0.579594 0.814906 0
    outer loop
      vertex -8.93247 -5.04444 1.6
      vertex -8.86868 -4.99907 3.2
      vertex -8.86868 -4.99907 1.6
    endloop
  endfacet
  facet normal -0.579594 0.814906 0
    outer loop
      vertex -8.93247 -5.04444 1.6
      vertex -8.93247 -5.04444 3.2
      vertex -8.86868 -4.99907 3.2
    endloop
  endfacet
  facet normal -0.566953 0.82375 0
    outer loop
      vertex -8.99669 -5.08864 1.6
      vertex -8.93247 -5.04444 3.2
      vertex -8.93247 -5.04444 1.6
    endloop
  endfacet
  facet normal -0.566953 0.82375 0
    outer loop
      vertex -8.99669 -5.08864 1.6
      vertex -8.99669 -5.08864 3.2
      vertex -8.93247 -5.04444 3.2
    endloop
  endfacet
  facet normal -0.554491 0.83219 0
    outer loop
      vertex -9.06103 -5.13151 1.6
      vertex -8.99669 -5.08864 3.2
      vertex -8.99669 -5.08864 1.6
    endloop
  endfacet
  facet normal -0.554491 0.83219 0
    outer loop
      vertex -9.06103 -5.13151 1.6
      vertex -9.06103 -5.13151 3.2
      vertex -8.99669 -5.08864 3.2
    endloop
  endfacet
  facet normal -0.541909 0.840437 0
    outer loop
      vertex -9.12519 -5.17288 1.6
      vertex -9.06103 -5.13151 3.2
      vertex -9.06103 -5.13151 1.6
    endloop
  endfacet
  facet normal -0.541909 0.840437 0
    outer loop
      vertex -9.12519 -5.17288 1.6
      vertex -9.12519 -5.17288 3.2
      vertex -9.06103 -5.13151 3.2
    endloop
  endfacet
  facet normal -0.529184 0.848507 0
    outer loop
      vertex -9.18883 -5.21257 1.6
      vertex -9.12519 -5.17288 3.2
      vertex -9.12519 -5.17288 1.6
    endloop
  endfacet
  facet normal -0.529184 0.848507 0
    outer loop
      vertex -9.18883 -5.21257 1.6
      vertex -9.18883 -5.21257 3.2
      vertex -9.12519 -5.17288 3.2
    endloop
  endfacet
  facet normal -0.516339 0.856384 0
    outer loop
      vertex -9.25164 -5.25044 1.6
      vertex -9.18883 -5.21257 3.2
      vertex -9.18883 -5.21257 1.6
    endloop
  endfacet
  facet normal -0.516339 0.856384 0
    outer loop
      vertex -9.25164 -5.25044 1.6
      vertex -9.25164 -5.25044 3.2
      vertex -9.18883 -5.21257 3.2
    endloop
  endfacet
  facet normal -0.502676 0.864475 0
    outer loop
      vertex -9.31331 -5.2863 1.6
      vertex -9.25164 -5.25044 3.2
      vertex -9.25164 -5.25044 1.6
    endloop
  endfacet
  facet normal -0.502676 0.864475 0
    outer loop
      vertex -9.31331 -5.2863 1.6
      vertex -9.31331 -5.2863 3.2
      vertex -9.25164 -5.25044 3.2
    endloop
  endfacet
  facet normal -0.488581 0.872518 0
    outer loop
      vertex -9.37351 -5.32001 1.6
      vertex -9.31331 -5.2863 3.2
      vertex -9.31331 -5.2863 1.6
    endloop
  endfacet
  facet normal -0.488581 0.872518 0
    outer loop
      vertex -9.37351 -5.32001 1.6
      vertex -9.37351 -5.32001 3.2
      vertex -9.31331 -5.2863 3.2
    endloop
  endfacet
  facet normal -0.472966 0.881081 0
    outer loop
      vertex -9.43193 -5.35137 1.6
      vertex -9.37351 -5.32001 3.2
      vertex -9.37351 -5.32001 1.6
    endloop
  endfacet
  facet normal -0.472966 0.881081 0
    outer loop
      vertex -9.43193 -5.35137 1.6
      vertex -9.43193 -5.35137 3.2
      vertex -9.37351 -5.32001 3.2
    endloop
  endfacet
  facet normal -0.456102 0.889928 0
    outer loop
      vertex -9.48826 -5.38024 1.6
      vertex -9.43193 -5.35137 3.2
      vertex -9.43193 -5.35137 1.6
    endloop
  endfacet
  facet normal -0.456102 0.889928 0
    outer loop
      vertex -9.48826 -5.38024 1.6
      vertex -9.48826 -5.38024 3.2
      vertex -9.43193 -5.35137 3.2
    endloop
  endfacet
  facet normal -0.436973 0.899474 0
    outer loop
      vertex -9.54217 -5.40643 1.6
      vertex -9.48826 -5.38024 3.2
      vertex -9.48826 -5.38024 1.6
    endloop
  endfacet
  facet normal -0.436973 0.899474 0
    outer loop
      vertex -9.54217 -5.40643 1.6
      vertex -9.54217 -5.40643 3.2
      vertex -9.48826 -5.38024 3.2
    endloop
  endfacet
  facet normal -0.415289 0.909689 0
    outer loop
      vertex -9.59334 -5.42979 1.6
      vertex -9.54217 -5.40643 3.2
      vertex -9.54217 -5.40643 1.6
    endloop
  endfacet
  facet normal -0.415289 0.909689 0
    outer loop
      vertex -9.59334 -5.42979 1.6
      vertex -9.59334 -5.42979 3.2
      vertex -9.54217 -5.40643 3.2
    endloop
  endfacet
  facet normal -0.389759 0.920917 0
    outer loop
      vertex -9.64147 -5.45016 1.6
      vertex -9.59334 -5.42979 3.2
      vertex -9.59334 -5.42979 1.6
    endloop
  endfacet
  facet normal -0.389759 0.920917 0
    outer loop
      vertex -9.64147 -5.45016 1.6
      vertex -9.64147 -5.45016 3.2
      vertex -9.59334 -5.42979 3.2
    endloop
  endfacet
  facet normal -0.35863 0.93348 0
    outer loop
      vertex -9.68624 -5.46736 1.6
      vertex -9.64147 -5.45016 3.2
      vertex -9.64147 -5.45016 1.6
    endloop
  endfacet
  facet normal -0.35863 0.93348 0
    outer loop
      vertex -9.68624 -5.46736 1.6
      vertex -9.68624 -5.46736 3.2
      vertex -9.64147 -5.45016 3.2
    endloop
  endfacet
  facet normal -0.328309 0.944571 0
    outer loop
      vertex -9.80889 -5.50999 1.6
      vertex -9.68624 -5.46736 3.2
      vertex -9.68624 -5.46736 1.6
    endloop
  endfacet
  facet normal -0.328309 0.944571 0
    outer loop
      vertex -9.80889 -5.50999 1.6
      vertex -9.80889 -5.50999 3.2
      vertex -9.68624 -5.46736 3.2
    endloop
  endfacet
  facet normal -0.374824 0.927096 0
    outer loop
      vertex -9.92707 -5.55777 1.6
      vertex -9.80889 -5.50999 3.2
      vertex -9.80889 -5.50999 1.6
    endloop
  endfacet
  facet normal -0.374824 0.927096 0
    outer loop
      vertex -9.92707 -5.55777 1.6
      vertex -9.92707 -5.55777 3.2
      vertex -9.80889 -5.50999 3.2
    endloop
  endfacet
  facet normal -0.421043 0.907041 0
    outer loop
      vertex -10.0406 -5.61047 1.6
      vertex -9.92707 -5.55777 3.2
      vertex -9.92707 -5.55777 1.6
    endloop
  endfacet
  facet normal -0.421043 0.907041 0
    outer loop
      vertex -10.0406 -5.61047 1.6
      vertex -10.0406 -5.61047 3.2
      vertex -9.92707 -5.55777 3.2
    endloop
  endfacet
  facet normal -0.467271 0.884114 0
    outer loop
      vertex -10.1493 -5.66792 1.6
      vertex -10.0406 -5.61047 3.2
      vertex -10.0406 -5.61047 1.6
    endloop
  endfacet
  facet normal -0.467271 0.884114 0
    outer loop
      vertex -10.1493 -5.66792 1.6
      vertex -10.1493 -5.66792 3.2
      vertex -10.0406 -5.61047 3.2
    endloop
  endfacet
  facet normal -0.512973 0.858405 0
    outer loop
      vertex -10.253 -5.72989 1.6
      vertex -10.1493 -5.66792 3.2
      vertex -10.1493 -5.66792 1.6
    endloop
  endfacet
  facet normal -0.512973 0.858405 0
    outer loop
      vertex -10.253 -5.72989 1.6
      vertex -10.253 -5.72989 3.2
      vertex -10.1493 -5.66792 3.2
    endloop
  endfacet
  facet normal -0.558056 0.829804 0
    outer loop
      vertex -10.3516 -5.7962 1.6
      vertex -10.253 -5.72989 3.2
      vertex -10.253 -5.72989 1.6
    endloop
  endfacet
  facet normal -0.558056 0.829804 0
    outer loop
      vertex -10.3516 -5.7962 1.6
      vertex -10.3516 -5.7962 3.2
      vertex -10.253 -5.72989 3.2
    endloop
  endfacet
  facet normal -0.602954 0.797776 0
    outer loop
      vertex -10.4448 -5.86664 1.6
      vertex -10.3516 -5.7962 3.2
      vertex -10.3516 -5.7962 1.6
    endloop
  endfacet
  facet normal -0.602954 0.797776 0
    outer loop
      vertex -10.4448 -5.86664 1.6
      vertex -10.4448 -5.86664 3.2
      vertex -10.3516 -5.7962 3.2
    endloop
  endfacet
  facet normal -0.646815 0.762647 0
    outer loop
      vertex -10.5325 -5.94102 1.6
      vertex -10.4448 -5.86664 3.2
      vertex -10.4448 -5.86664 1.6
    endloop
  endfacet
  facet normal -0.646815 0.762647 0
    outer loop
      vertex -10.5325 -5.94102 1.6
      vertex -10.5325 -5.94102 3.2
      vertex -10.4448 -5.86664 3.2
    endloop
  endfacet
  facet normal -0.689677 0.724117 0
    outer loop
      vertex -10.6145 -6.01912 1.6
      vertex -10.5325 -5.94102 3.2
      vertex -10.5325 -5.94102 1.6
    endloop
  endfacet
  facet normal -0.689677 0.724117 0
    outer loop
      vertex -10.6145 -6.01912 1.6
      vertex -10.6145 -6.01912 3.2
      vertex -10.5325 -5.94102 3.2
    endloop
  endfacet
  facet normal -0.731085 0.682286 0
    outer loop
      vertex -10.6907 -6.10077 1.6
      vertex -10.6145 -6.01912 3.2
      vertex -10.6145 -6.01912 1.6
    endloop
  endfacet
  facet normal -0.731085 0.682286 0
    outer loop
      vertex -10.6907 -6.10077 1.6
      vertex -10.6907 -6.10077 3.2
      vertex -10.6145 -6.01912 3.2
    endloop
  endfacet
  facet normal -0.771374 0.636382 0
    outer loop
      vertex -10.7608 -6.18574 1.6
      vertex -10.6907 -6.10077 3.2
      vertex -10.6907 -6.10077 1.6
    endloop
  endfacet
  facet normal -0.771374 0.636382 0
    outer loop
      vertex -10.7608 -6.18574 1.6
      vertex -10.7608 -6.18574 3.2
      vertex -10.6907 -6.10077 3.2
    endloop
  endfacet
  facet normal -0.809554 0.587046 0
    outer loop
      vertex -10.8247 -6.27386 1.6
      vertex -10.7608 -6.18574 3.2
      vertex -10.7608 -6.18574 1.6
    endloop
  endfacet
  facet normal -0.809554 0.587046 0
    outer loop
      vertex -10.8247 -6.27386 1.6
      vertex -10.8247 -6.27386 3.2
      vertex -10.7608 -6.18574 3.2
    endloop
  endfacet
  facet normal -0.845484 0.534 0
    outer loop
      vertex -10.8822 -6.3649 1.6
      vertex -10.8247 -6.27386 3.2
      vertex -10.8247 -6.27386 1.6
    endloop
  endfacet
  facet normal -0.845484 0.534 0
    outer loop
      vertex -10.8822 -6.3649 1.6
      vertex -10.8822 -6.3649 3.2
      vertex -10.8247 -6.27386 3.2
    endloop
  endfacet
  facet normal -0.878496 0.477749 0
    outer loop
      vertex -10.9332 -6.45868 1.6
      vertex -10.8822 -6.3649 3.2
      vertex -10.8822 -6.3649 1.6
    endloop
  endfacet
  facet normal -0.878496 0.477749 0
    outer loop
      vertex -10.9332 -6.45868 1.6
      vertex -10.9332 -6.45868 3.2
      vertex -10.8822 -6.3649 3.2
    endloop
  endfacet
  facet normal -0.908858 0.417106 0
    outer loop
      vertex -10.9774 -6.55499 1.6
      vertex -10.9332 -6.45868 3.2
      vertex -10.9332 -6.45868 1.6
    endloop
  endfacet
  facet normal -0.908858 0.417106 0
    outer loop
      vertex -10.9774 -6.55499 1.6
      vertex -10.9774 -6.55499 3.2
      vertex -10.9332 -6.45868 3.2
    endloop
  endfacet
  facet normal -0.935371 0.353668 0
    outer loop
      vertex -11.0147 -6.65364 1.6
      vertex -10.9774 -6.55499 3.2
      vertex -10.9774 -6.55499 1.6
    endloop
  endfacet
  facet normal -0.935371 0.353668 0
    outer loop
      vertex -11.0147 -6.65364 1.6
      vertex -11.0147 -6.65364 3.2
      vertex -10.9774 -6.55499 3.2
    endloop
  endfacet
  facet normal -0.957915 0.287051 0
    outer loop
      vertex -11.0449 -6.75442 1.6
      vertex -11.0147 -6.65364 3.2
      vertex -11.0147 -6.65364 1.6
    endloop
  endfacet
  facet normal -0.957915 0.287051 0
    outer loop
      vertex -11.0449 -6.75442 1.6
      vertex -11.0449 -6.75442 3.2
      vertex -11.0147 -6.65364 3.2
    endloop
  endfacet
  facet normal -0.975833 0.21852 0
    outer loop
      vertex -11.0679 -6.85713 1.6
      vertex -11.0449 -6.75442 3.2
      vertex -11.0449 -6.75442 1.6
    endloop
  endfacet
  facet normal -0.975833 0.21852 0
    outer loop
      vertex -11.0679 -6.85713 1.6
      vertex -11.0679 -6.85713 3.2
      vertex -11.0449 -6.75442 3.2
    endloop
  endfacet
  facet normal -0.989028 0.147729 0
    outer loop
      vertex -11.0835 -6.96157 1.6
      vertex -11.0679 -6.85713 3.2
      vertex -11.0679 -6.85713 1.6
    endloop
  endfacet
  facet normal -0.989028 0.147729 0
    outer loop
      vertex -11.0835 -6.96157 1.6
      vertex -11.0835 -6.96157 3.2
      vertex -11.0679 -6.85713 3.2
    endloop
  endfacet
  facet normal -0.997233 0.0743361 0
    outer loop
      vertex -11.0914 -7.06755 1.6
      vertex -11.0835 -6.96157 3.2
      vertex -11.0835 -6.96157 1.6
    endloop
  endfacet
  facet normal -0.997233 0.0743361 0
    outer loop
      vertex -11.0914 -7.06755 1.6
      vertex -11.0914 -7.06755 3.2
      vertex -11.0835 -6.96157 3.2
    endloop
  endfacet
  facet normal -0.999995 0.00305778 0
    outer loop
      vertex -11.0917 -7.16566 1.6
      vertex -11.0914 -7.06755 3.2
      vertex -11.0914 -7.06755 1.6
    endloop
  endfacet
  facet normal -0.999995 0.00305778 0
    outer loop
      vertex -11.0917 -7.16566 1.6
      vertex -11.0917 -7.16566 3.2
      vertex -11.0914 -7.06755 3.2
    endloop
  endfacet
  facet normal -0.999459 -0.0328909 0
    outer loop
      vertex -11.0886 -7.25986 1.6
      vertex -11.0917 -7.16566 3.2
      vertex -11.0917 -7.16566 1.6
    endloop
  endfacet
  facet normal -0.999459 -0.0328909 0
    outer loop
      vertex -11.0886 -7.25986 1.6
      vertex -11.0886 -7.25986 3.2
      vertex -11.0917 -7.16566 3.2
    endloop
  endfacet
  facet normal -0.997333 -0.0729917 0
    outer loop
      vertex -11.082 -7.35004 1.6
      vertex -11.0886 -7.25986 3.2
      vertex -11.0886 -7.25986 1.6
    endloop
  endfacet
  facet normal -0.997333 -0.0729917 0
    outer loop
      vertex -11.082 -7.35004 1.6
      vertex -11.082 -7.35004 3.2
      vertex -11.0886 -7.25986 3.2
    endloop
  endfacet
  facet normal -0.993444 -0.114322 0
    outer loop
      vertex -11.0721 -7.43607 1.6
      vertex -11.082 -7.35004 3.2
      vertex -11.082 -7.35004 1.6
    endloop
  endfacet
  facet normal -0.993444 -0.114322 0
    outer loop
      vertex -11.0721 -7.43607 1.6
      vertex -11.0721 -7.43607 3.2
      vertex -11.082 -7.35004 3.2
    endloop
  endfacet
  facet normal -0.987029 -0.160542 0
    outer loop
      vertex -11.0588 -7.51784 1.6
      vertex -11.0721 -7.43607 3.2
      vertex -11.0721 -7.43607 1.6
    endloop
  endfacet
  facet normal -0.987029 -0.160542 0
    outer loop
      vertex -11.0588 -7.51784 1.6
      vertex -11.0588 -7.51784 3.2
      vertex -11.0721 -7.43607 3.2
    endloop
  endfacet
  facet normal -0.977754 -0.209753 0
    outer loop
      vertex -11.0422 -7.59522 1.6
      vertex -11.0588 -7.51784 3.2
      vertex -11.0588 -7.51784 1.6
    endloop
  endfacet
  facet normal -0.977754 -0.209753 0
    outer loop
      vertex -11.0422 -7.59522 1.6
      vertex -11.0422 -7.59522 3.2
      vertex -11.0588 -7.51784 3.2
    endloop
  endfacet
  facet normal -0.964675 -0.263442 0
    outer loop
      vertex -11.0223 -7.66809 1.6
      vertex -11.0422 -7.59522 3.2
      vertex -11.0422 -7.59522 1.6
    endloop
  endfacet
  facet normal -0.964675 -0.263442 0
    outer loop
      vertex -11.0223 -7.66809 1.6
      vertex -11.0223 -7.66809 3.2
      vertex -11.0422 -7.59522 3.2
    endloop
  endfacet
  facet normal -0.946765 -0.321925 0
    outer loop
      vertex -10.9991 -7.73632 1.6
      vertex -11.0223 -7.66809 3.2
      vertex -11.0223 -7.66809 1.6
    endloop
  endfacet
  facet normal -0.946765 -0.321925 0
    outer loop
      vertex -10.9991 -7.73632 1.6
      vertex -10.9991 -7.73632 3.2
      vertex -11.0223 -7.66809 3.2
    endloop
  endfacet
  facet normal -0.923335 -0.383996 0
    outer loop
      vertex -10.9727 -7.7998 1.6
      vertex -10.9991 -7.73632 3.2
      vertex -10.9991 -7.73632 1.6
    endloop
  endfacet
  facet normal -0.923335 -0.383996 0
    outer loop
      vertex -10.9727 -7.7998 1.6
      vertex -10.9727 -7.7998 3.2
      vertex -10.9991 -7.73632 3.2
    endloop
  endfacet
  facet normal -0.892561 -0.450927 0
    outer loop
      vertex -10.9431 -7.85839 1.6
      vertex -10.9727 -7.7998 3.2
      vertex -10.9727 -7.7998 1.6
    endloop
  endfacet
  facet normal -0.892561 -0.450927 0
    outer loop
      vertex -10.9431 -7.85839 1.6
      vertex -10.9431 -7.85839 3.2
      vertex -10.9727 -7.7998 3.2
    endloop
  endfacet
  facet normal -0.85301 -0.521894 0
    outer loop
      vertex -10.9103 -7.912 1.6
      vertex -10.9431 -7.85839 3.2
      vertex -10.9431 -7.85839 1.6
    endloop
  endfacet
  facet normal -0.85301 -0.521894 0
    outer loop
      vertex -10.9103 -7.912 1.6
      vertex -10.9103 -7.912 3.2
      vertex -10.9431 -7.85839 3.2
    endloop
  endfacet
  facet normal -0.802735 -0.596336 0
    outer loop
      vertex -10.8743 -7.96046 1.6
      vertex -10.9103 -7.912 3.2
      vertex -10.9103 -7.912 1.6
    endloop
  endfacet
  facet normal -0.802735 -0.596336 0
    outer loop
      vertex -10.8743 -7.96046 1.6
      vertex -10.8743 -7.96046 3.2
      vertex -10.9103 -7.912 3.2
    endloop
  endfacet
  facet normal -0.742576 -0.669761 0
    outer loop
      vertex -10.8353 -8.0037 1.6
      vertex -10.8743 -7.96046 3.2
      vertex -10.8743 -7.96046 1.6
    endloop
  endfacet
  facet normal -0.742576 -0.669761 0
    outer loop
      vertex -10.8353 -8.0037 1.6
      vertex -10.8353 -8.0037 3.2
      vertex -10.8743 -7.96046 3.2
    endloop
  endfacet
  facet normal -0.668672 -0.743558 0
    outer loop
      vertex -10.7932 -8.04156 1.6
      vertex -10.8353 -8.0037 3.2
      vertex -10.8353 -8.0037 1.6
    endloop
  endfacet
  facet normal -0.668672 -0.743558 0
    outer loop
      vertex -10.7932 -8.04156 1.6
      vertex -10.7932 -8.04156 3.2
      vertex -10.8353 -8.0037 3.2
    endloop
  endfacet
  facet normal -0.582242 -0.813016 0
    outer loop
      vertex -10.748 -8.07393 1.6
      vertex -10.7932 -8.04156 3.2
      vertex -10.7932 -8.04156 1.6
    endloop
  endfacet
  facet normal -0.582242 -0.813016 0
    outer loop
      vertex -10.748 -8.07393 1.6
      vertex -10.748 -8.07393 3.2
      vertex -10.7932 -8.04156 3.2
    endloop
  endfacet
  facet normal -0.485396 -0.874294 0
    outer loop
      vertex -10.6998 -8.10069 1.6
      vertex -10.748 -8.07393 3.2
      vertex -10.748 -8.07393 1.6
    endloop
  endfacet
  facet normal -0.485396 -0.874294 0
    outer loop
      vertex -10.6998 -8.10069 1.6
      vertex -10.6998 -8.10069 3.2
      vertex -10.748 -8.07393 3.2
    endloop
  endfacet
  facet normal -0.380577 -0.924749 0
    outer loop
      vertex -10.6487 -8.12172 1.6
      vertex -10.6998 -8.10069 3.2
      vertex -10.6998 -8.10069 1.6
    endloop
  endfacet
  facet normal -0.380577 -0.924749 0
    outer loop
      vertex -10.6487 -8.12172 1.6
      vertex -10.6487 -8.12172 3.2
      vertex -10.6998 -8.10069 3.2
    endloop
  endfacet
  facet normal -0.269531 -0.962992 0
    outer loop
      vertex -10.5945 -8.13689 1.6
      vertex -10.6487 -8.12172 3.2
      vertex -10.6487 -8.12172 1.6
    endloop
  endfacet
  facet normal -0.269531 -0.962992 0
    outer loop
      vertex -10.5945 -8.13689 1.6
      vertex -10.5945 -8.13689 3.2
      vertex -10.6487 -8.12172 3.2
    endloop
  endfacet
  facet normal -0.159173 -0.987251 0
    outer loop
      vertex -10.5375 -8.14608 1.6
      vertex -10.5945 -8.13689 3.2
      vertex -10.5945 -8.13689 1.6
    endloop
  endfacet
  facet normal -0.159173 -0.987251 0
    outer loop
      vertex -10.5375 -8.14608 1.6
      vertex -10.5375 -8.14608 3.2
      vertex -10.5945 -8.13689 3.2
    endloop
  endfacet
  facet normal -0.0514318 -0.998677 0
    outer loop
      vertex -10.4775 -8.14917 1.6
      vertex -10.5375 -8.14608 3.2
      vertex -10.5375 -8.14608 1.6
    endloop
  endfacet
  facet normal -0.0514318 -0.998677 0
    outer loop
      vertex -10.4775 -8.14917 1.6
      vertex -10.4775 -8.14917 3.2
      vertex -10.5375 -8.14608 3.2
    endloop
  endfacet
  facet normal -0.0670974 -0.997746 0
    outer loop
      vertex -10.4546 -8.15071 1.6
      vertex -10.4775 -8.14917 3.2
      vertex -10.4775 -8.14917 1.6
    endloop
  endfacet
  facet normal -0.0670974 -0.997746 0
    outer loop
      vertex -10.4546 -8.15071 1.6
      vertex -10.4546 -8.15071 3.2
      vertex -10.4775 -8.14917 3.2
    endloop
  endfacet
  facet normal -0.162187 -0.98676 0
    outer loop
      vertex -10.4271 -8.15523 1.6
      vertex -10.4546 -8.15071 3.2
      vertex -10.4546 -8.15071 1.6
    endloop
  endfacet
  facet normal -0.162187 -0.98676 0
    outer loop
      vertex -10.4271 -8.15523 1.6
      vertex -10.4271 -8.15523 3.2
      vertex -10.4546 -8.15071 3.2
    endloop
  endfacet
  facet normal -0.226649 -0.973977 0
    outer loop
      vertex -10.3953 -8.16263 1.6
      vertex -10.4271 -8.15523 3.2
      vertex -10.4271 -8.15523 1.6
    endloop
  endfacet
  facet normal -0.226649 -0.973977 0
    outer loop
      vertex -10.3953 -8.16263 1.6
      vertex -10.3953 -8.16263 3.2
      vertex -10.4271 -8.15523 3.2
    endloop
  endfacet
  facet normal -0.271568 -0.962419 0
    outer loop
      vertex -10.3594 -8.17276 1.6
      vertex -10.3953 -8.16263 3.2
      vertex -10.3953 -8.16263 1.6
    endloop
  endfacet
  facet normal -0.271568 -0.962419 0
    outer loop
      vertex -10.3594 -8.17276 1.6
      vertex -10.3594 -8.17276 3.2
      vertex -10.3953 -8.16263 3.2
    endloop
  endfacet
  facet normal -0.306694 -0.951808 0
    outer loop
      vertex -10.3198 -8.18552 1.6
      vertex -10.3594 -8.17276 3.2
      vertex -10.3594 -8.17276 1.6
    endloop
  endfacet
  facet normal -0.306694 -0.951808 0
    outer loop
      vertex -10.3198 -8.18552 1.6
      vertex -10.3198 -8.18552 3.2
      vertex -10.3594 -8.17276 3.2
    endloop
  endfacet
  facet normal -0.333071 -0.942902 0
    outer loop
      vertex -10.2766 -8.20078 1.6
      vertex -10.3198 -8.18552 3.2
      vertex -10.3198 -8.18552 1.6
    endloop
  endfacet
  facet normal -0.333071 -0.942902 0
    outer loop
      vertex -10.2766 -8.20078 1.6
      vertex -10.2766 -8.20078 3.2
      vertex -10.3198 -8.18552 3.2
    endloop
  endfacet
  facet normal -0.355853 -0.934542 0
    outer loop
      vertex -10.2303 -8.21841 1.6
      vertex -10.2766 -8.20078 3.2
      vertex -10.2766 -8.20078 1.6
    endloop
  endfacet
  facet normal -0.355853 -0.934542 0
    outer loop
      vertex -10.2303 -8.21841 1.6
      vertex -10.2303 -8.21841 3.2
      vertex -10.2766 -8.20078 3.2
    endloop
  endfacet
  facet normal -0.374961 -0.92704 0
    outer loop
      vertex -10.1811 -8.23831 1.6
      vertex -10.2303 -8.21841 3.2
      vertex -10.2303 -8.21841 1.6
    endloop
  endfacet
  facet normal -0.374961 -0.92704 0
    outer loop
      vertex -10.1811 -8.23831 1.6
      vertex -10.1811 -8.23831 3.2
      vertex -10.2303 -8.21841 3.2
    endloop
  endfacet
  facet normal -0.390577 -0.92057 0
    outer loop
      vertex -10.1292 -8.26033 1.6
      vertex -10.1811 -8.23831 3.2
      vertex -10.1811 -8.23831 1.6
    endloop
  endfacet
  facet normal -0.390577 -0.92057 0
    outer loop
      vertex -10.1292 -8.26033 1.6
      vertex -10.1292 -8.26033 3.2
      vertex -10.1811 -8.23831 3.2
    endloop
  endfacet
  facet normal -0.40545 -0.914117 0
    outer loop
      vertex -10.075 -8.28437 1.6
      vertex -10.1292 -8.26033 3.2
      vertex -10.1292 -8.26033 1.6
    endloop
  endfacet
  facet normal -0.40545 -0.914117 0
    outer loop
      vertex -10.075 -8.28437 1.6
      vertex -10.075 -8.28437 3.2
      vertex -10.1292 -8.26033 3.2
    endloop
  endfacet
  facet normal -0.418945 -0.908011 0
    outer loop
      vertex -10.0188 -8.3103 1.6
      vertex -10.075 -8.28437 3.2
      vertex -10.075 -8.28437 1.6
    endloop
  endfacet
  facet normal -0.418945 -0.908011 0
    outer loop
      vertex -10.0188 -8.3103 1.6
      vertex -10.0188 -8.3103 3.2
      vertex -10.075 -8.28437 3.2
    endloop
  endfacet
  facet normal -0.431075 -0.902316 0
    outer loop
      vertex -9.96084 -8.33799 1.6
      vertex -10.0188 -8.3103 3.2
      vertex -10.0188 -8.3103 1.6
    endloop
  endfacet
  facet normal -0.431075 -0.902316 0
    outer loop
      vertex -9.96084 -8.33799 1.6
      vertex -9.96084 -8.33799 3.2
      vertex -10.0188 -8.3103 3.2
    endloop
  endfacet
  facet normal -0.442442 -0.896797 0
    outer loop
      vertex -9.90137 -8.36733 1.6
      vertex -9.96084 -8.33799 3.2
      vertex -9.96084 -8.33799 1.6
    endloop
  endfacet
  facet normal -0.442442 -0.896797 0
    outer loop
      vertex -9.90137 -8.36733 1.6
      vertex -9.90137 -8.36733 3.2
      vertex -9.96084 -8.33799 3.2
    endloop
  endfacet
  facet normal -0.453668 -0.891171 0
    outer loop
      vertex -9.84073 -8.3982 1.6
      vertex -9.90137 -8.36733 3.2
      vertex -9.90137 -8.36733 1.6
    endloop
  endfacet
  facet normal -0.453668 -0.891171 0
    outer loop
      vertex -9.84073 -8.3982 1.6
      vertex -9.84073 -8.3982 3.2
      vertex -9.90137 -8.36733 3.2
    endloop
  endfacet
  facet normal -0.464227 -0.885716 0
    outer loop
      vertex -9.77918 -8.43046 1.6
      vertex -9.84073 -8.3982 3.2
      vertex -9.84073 -8.3982 1.6
    endloop
  endfacet
  facet normal -0.464227 -0.885716 0
    outer loop
      vertex -9.77918 -8.43046 1.6
      vertex -9.77918 -8.43046 3.2
      vertex -9.84073 -8.3982 3.2
    endloop
  endfacet
  facet normal -0.474691 -0.880153 0
    outer loop
      vertex -9.71701 -8.46399 1.6
      vertex -9.77918 -8.43046 3.2
      vertex -9.77918 -8.43046 1.6
    endloop
  endfacet
  facet normal -0.474691 -0.880153 0
    outer loop
      vertex -9.71701 -8.46399 1.6
      vertex -9.71701 -8.46399 3.2
      vertex -9.77918 -8.43046 3.2
    endloop
  endfacet
  facet normal -0.485465 -0.874256 0
    outer loop
      vertex -9.65452 -8.49869 1.6
      vertex -9.71701 -8.46399 3.2
      vertex -9.71701 -8.46399 1.6
    endloop
  endfacet
  facet normal -0.485465 -0.874256 0
    outer loop
      vertex -9.65452 -8.49869 1.6
      vertex -9.65452 -8.49869 3.2
      vertex -9.71701 -8.46399 3.2
    endloop
  endfacet
  facet normal -0.496124 -0.868252 0
    outer loop
      vertex -9.59199 -8.53442 1.6
      vertex -9.65452 -8.49869 3.2
      vertex -9.65452 -8.49869 1.6
    endloop
  endfacet
  facet normal -0.496124 -0.868252 0
    outer loop
      vertex -9.59199 -8.53442 1.6
      vertex -9.59199 -8.53442 3.2
      vertex -9.65452 -8.49869 3.2
    endloop
  endfacet
  facet normal -0.507069 -0.861906 0
    outer loop
      vertex -9.52971 -8.57106 1.6
      vertex -9.59199 -8.53442 3.2
      vertex -9.59199 -8.53442 1.6
    endloop
  endfacet
  facet normal -0.507069 -0.861906 0
    outer loop
      vertex -9.52971 -8.57106 1.6
      vertex -9.52971 -8.57106 3.2
      vertex -9.59199 -8.53442 3.2
    endloop
  endfacet
  facet normal -0.51836 -0.855162 0
    outer loop
      vertex -9.46796 -8.60849 1.6
      vertex -9.52971 -8.57106 3.2
      vertex -9.52971 -8.57106 1.6
    endloop
  endfacet
  facet normal -0.51836 -0.855162 0
    outer loop
      vertex -9.46796 -8.60849 1.6
      vertex -9.46796 -8.60849 3.2
      vertex -9.52971 -8.57106 3.2
    endloop
  endfacet
  facet normal -0.504757 -0.863262 0
    outer loop
      vertex -9.30617 -8.70309 1.6
      vertex -9.46796 -8.60849 3.2
      vertex -9.46796 -8.60849 1.6
    endloop
  endfacet
  facet normal -0.504757 -0.863262 0
    outer loop
      vertex -9.30617 -8.70309 1.6
      vertex -9.30617 -8.70309 3.2
      vertex -9.46796 -8.60849 3.2
    endloop
  endfacet
  facet normal -0.487112 -0.87334 0
    outer loop
      vertex -9.14775 -8.79145 1.6
      vertex -9.30617 -8.70309 3.2
      vertex -9.30617 -8.70309 1.6
    endloop
  endfacet
  facet normal -0.487112 -0.87334 0
    outer loop
      vertex -9.14775 -8.79145 1.6
      vertex -9.14775 -8.79145 3.2
      vertex -9.30617 -8.70309 3.2
    endloop
  endfacet
  facet normal -0.467126 -0.884191 0
    outer loop
      vertex -8.99197 -8.87375 1.6
      vertex -9.14775 -8.79145 3.2
      vertex -9.14775 -8.79145 1.6
    endloop
  endfacet
  facet normal -0.467126 -0.884191 0
    outer loop
      vertex -8.99197 -8.87375 1.6
      vertex -8.99197 -8.87375 3.2
      vertex -9.14775 -8.79145 3.2
    endloop
  endfacet
  facet normal -0.44507 -0.895496 0
    outer loop
      vertex -8.83811 -8.95022 1.6
      vertex -8.99197 -8.87375 3.2
      vertex -8.99197 -8.87375 1.6
    endloop
  endfacet
  facet normal -0.44507 -0.895496 0
    outer loop
      vertex -8.83811 -8.95022 1.6
      vertex -8.83811 -8.95022 3.2
      vertex -8.99197 -8.87375 3.2
    endloop
  endfacet
  facet normal -0.420783 -0.907161 0
    outer loop
      vertex -8.68543 -9.02104 1.6
      vertex -8.83811 -8.95022 3.2
      vertex -8.83811 -8.95022 1.6
    endloop
  endfacet
  facet normal -0.420783 -0.907161 0
    outer loop
      vertex -8.68543 -9.02104 1.6
      vertex -8.68543 -9.02104 3.2
      vertex -8.83811 -8.95022 3.2
    endloop
  endfacet
  facet normal -0.394597 -0.918854 0
    outer loop
      vertex -8.53321 -9.08641 1.6
      vertex -8.68543 -9.02104 3.2
      vertex -8.68543 -9.02104 1.6
    endloop
  endfacet
  facet normal -0.394597 -0.918854 0
    outer loop
      vertex -8.53321 -9.08641 1.6
      vertex -8.53321 -9.08641 3.2
      vertex -8.68543 -9.02104 3.2
    endloop
  endfacet
  facet normal -0.366885 -0.930266 0
    outer loop
      vertex -8.38072 -9.14655 1.6
      vertex -8.53321 -9.08641 3.2
      vertex -8.53321 -9.08641 1.6
    endloop
  endfacet
  facet normal -0.366885 -0.930266 0
    outer loop
      vertex -8.38072 -9.14655 1.6
      vertex -8.38072 -9.14655 3.2
      vertex -8.53321 -9.08641 3.2
    endloop
  endfacet
  facet normal -0.337801 -0.941218 0
    outer loop
      vertex -8.22725 -9.20163 1.6
      vertex -8.38072 -9.14655 3.2
      vertex -8.38072 -9.14655 1.6
    endloop
  endfacet
  facet normal -0.337801 -0.941218 0
    outer loop
      vertex -8.22725 -9.20163 1.6
      vertex -8.22725 -9.20163 3.2
      vertex -8.38072 -9.14655 3.2
    endloop
  endfacet
  facet normal -0.307977 -0.951394 0
    outer loop
      vertex -8.07205 -9.25187 1.6
      vertex -8.22725 -9.20163 3.2
      vertex -8.22725 -9.20163 1.6
    endloop
  endfacet
  facet normal -0.307977 -0.951394 0
    outer loop
      vertex -8.07205 -9.25187 1.6
      vertex -8.07205 -9.25187 3.2
      vertex -8.22725 -9.20163 3.2
    endloop
  endfacet
  facet normal -0.277818 -0.960634 0
    outer loop
      vertex -7.91441 -9.29746 1.6
      vertex -8.07205 -9.25187 3.2
      vertex -8.07205 -9.25187 1.6
    endloop
  endfacet
  facet normal -0.277818 -0.960634 0
    outer loop
      vertex -7.91441 -9.29746 1.6
      vertex -7.91441 -9.29746 3.2
      vertex -8.07205 -9.25187 3.2
    endloop
  endfacet
  facet normal -0.24789 -0.968788 0
    outer loop
      vertex -7.75359 -9.33861 1.6
      vertex -7.91441 -9.29746 3.2
      vertex -7.91441 -9.29746 1.6
    endloop
  endfacet
  facet normal -0.24789 -0.968788 0
    outer loop
      vertex -7.75359 -9.33861 1.6
      vertex -7.75359 -9.33861 3.2
      vertex -7.91441 -9.29746 3.2
    endloop
  endfacet
  facet normal -0.218668 -0.975799 0
    outer loop
      vertex -7.58888 -9.37552 1.6
      vertex -7.75359 -9.33861 3.2
      vertex -7.75359 -9.33861 1.6
    endloop
  endfacet
  facet normal -0.218668 -0.975799 0
    outer loop
      vertex -7.58888 -9.37552 1.6
      vertex -7.58888 -9.37552 3.2
      vertex -7.75359 -9.33861 3.2
    endloop
  endfacet
  facet normal -0.190494 -0.981688 0
    outer loop
      vertex -7.41954 -9.40838 1.6
      vertex -7.58888 -9.37552 3.2
      vertex -7.58888 -9.37552 1.6
    endloop
  endfacet
  facet normal -0.190494 -0.981688 0
    outer loop
      vertex -7.41954 -9.40838 1.6
      vertex -7.41954 -9.40838 3.2
      vertex -7.58888 -9.37552 3.2
    endloop
  endfacet
  facet normal -0.163822 -0.98649 0
    outer loop
      vertex -7.24485 -9.43739 1.6
      vertex -7.41954 -9.40838 3.2
      vertex -7.41954 -9.40838 1.6
    endloop
  endfacet
  facet normal -0.163822 -0.98649 0
    outer loop
      vertex -7.24485 -9.43739 1.6
      vertex -7.24485 -9.43739 3.2
      vertex -7.41954 -9.40838 3.2
    endloop
  endfacet
  facet normal -0.13899 -0.990294 0
    outer loop
      vertex -7.06409 -9.46276 1.6
      vertex -7.24485 -9.43739 3.2
      vertex -7.24485 -9.43739 1.6
    endloop
  endfacet
  facet normal -0.13899 -0.990294 0
    outer loop
      vertex -7.06409 -9.46276 1.6
      vertex -7.06409 -9.46276 3.2
      vertex -7.24485 -9.43739 3.2
    endloop
  endfacet
  facet normal -0.116125 -0.993235 0
    outer loop
      vertex -6.87652 -9.48469 1.6
      vertex -7.06409 -9.46276 3.2
      vertex -7.06409 -9.46276 1.6
    endloop
  endfacet
  facet normal -0.116125 -0.993235 0
    outer loop
      vertex -6.87652 -9.48469 1.6
      vertex -6.87652 -9.48469 3.2
      vertex -7.06409 -9.46276 3.2
    endloop
  endfacet
  facet normal -0.0953099 -0.995448 0
    outer loop
      vertex -6.68142 -9.50337 1.6
      vertex -6.87652 -9.48469 3.2
      vertex -6.87652 -9.48469 1.6
    endloop
  endfacet
  facet normal -0.0953099 -0.995448 0
    outer loop
      vertex -6.68142 -9.50337 1.6
      vertex -6.68142 -9.50337 3.2
      vertex -6.87652 -9.48469 3.2
    endloop
  endfacet
  facet normal -0.0766328 -0.997059 0
    outer loop
      vertex -6.47806 -9.519 1.6
      vertex -6.68142 -9.50337 3.2
      vertex -6.68142 -9.50337 1.6
    endloop
  endfacet
  facet normal -0.0766328 -0.997059 0
    outer loop
      vertex -6.47806 -9.519 1.6
      vertex -6.47806 -9.519 3.2
      vertex -6.68142 -9.50337 3.2
    endloop
  endfacet
  facet normal -0.0601246 -0.998191 0
    outer loop
      vertex -6.26572 -9.53179 1.6
      vertex -6.47806 -9.519 3.2
      vertex -6.47806 -9.519 1.6
    endloop
  endfacet
  facet normal -0.0601246 -0.998191 0
    outer loop
      vertex -6.26572 -9.53179 1.6
      vertex -6.26572 -9.53179 3.2
      vertex -6.47806 -9.519 3.2
    endloop
  endfacet
  facet normal -0.0456627 -0.998957 0
    outer loop
      vertex -6.04367 -9.54194 1.6
      vertex -6.26572 -9.53179 3.2
      vertex -6.26572 -9.53179 1.6
    endloop
  endfacet
  facet normal -0.0456627 -0.998957 0
    outer loop
      vertex -6.04367 -9.54194 1.6
      vertex -6.04367 -9.54194 3.2
      vertex -6.26572 -9.53179 3.2
    endloop
  endfacet
  facet normal -0.0588579 -0.998266 0
    outer loop
      vertex -5.88865 -9.55108 1.6
      vertex -6.04367 -9.54194 3.2
      vertex -6.04367 -9.54194 1.6
    endloop
  endfacet
  facet normal -0.0588579 -0.998266 0
    outer loop
      vertex -5.88865 -9.55108 1.6
      vertex -5.88865 -9.55108 3.2
      vertex -6.04367 -9.54194 3.2
    endloop
  endfacet
  facet normal -0.0662654 -0.997802 0
    outer loop
      vertex -5.74244 -9.56079 1.6
      vertex -5.88865 -9.55108 3.2
      vertex -5.88865 -9.55108 1.6
    endloop
  endfacet
  facet normal -0.0662654 -0.997802 0
    outer loop
      vertex -5.74244 -9.56079 1.6
      vertex -5.74244 -9.56079 3.2
      vertex -5.88865 -9.55108 3.2
    endloop
  endfacet
  facet normal -0.0752766 -0.997163 0
    outer loop
      vertex -5.60441 -9.57121 1.6
      vertex -5.74244 -9.56079 3.2
      vertex -5.74244 -9.56079 1.6
    endloop
  endfacet
  facet normal -0.0752766 -0.997163 0
    outer loop
      vertex -5.60441 -9.57121 1.6
      vertex -5.60441 -9.57121 3.2
      vertex -5.74244 -9.56079 3.2
    endloop
  endfacet
  facet normal -0.0860661 -0.996289 0
    outer loop
      vertex -5.47395 -9.58248 1.6
      vertex -5.60441 -9.57121 3.2
      vertex -5.60441 -9.57121 1.6
    endloop
  endfacet
  facet normal -0.0860661 -0.996289 0
    outer loop
      vertex -5.47395 -9.58248 1.6
      vertex -5.47395 -9.58248 3.2
      vertex -5.60441 -9.57121 3.2
    endloop
  endfacet
  facet normal -0.0987059 -0.995117 0
    outer loop
      vertex -5.35045 -9.59473 1.6
      vertex -5.47395 -9.58248 3.2
      vertex -5.47395 -9.58248 1.6
    endloop
  endfacet
  facet normal -0.0987059 -0.995117 0
    outer loop
      vertex -5.35045 -9.59473 1.6
      vertex -5.35045 -9.59473 3.2
      vertex -5.47395 -9.58248 3.2
    endloop
  endfacet
  facet normal -0.113224 -0.99357 0
    outer loop
      vertex -5.2333 -9.60808 1.6
      vertex -5.35045 -9.59473 3.2
      vertex -5.35045 -9.59473 1.6
    endloop
  endfacet
  facet normal -0.113224 -0.99357 0
    outer loop
      vertex -5.2333 -9.60808 1.6
      vertex -5.2333 -9.60808 3.2
      vertex -5.35045 -9.59473 3.2
    endloop
  endfacet
  facet normal -0.129914 -0.991525 0
    outer loop
      vertex -5.12187 -9.62268 1.6
      vertex -5.2333 -9.60808 3.2
      vertex -5.2333 -9.60808 1.6
    endloop
  endfacet
  facet normal -0.129914 -0.991525 0
    outer loop
      vertex -5.12187 -9.62268 1.6
      vertex -5.12187 -9.62268 3.2
      vertex -5.2333 -9.60808 3.2
    endloop
  endfacet
  facet normal -0.148645 -0.988891 0
    outer loop
      vertex -5.01556 -9.63866 1.6
      vertex -5.12187 -9.62268 3.2
      vertex -5.12187 -9.62268 1.6
    endloop
  endfacet
  facet normal -0.148645 -0.988891 0
    outer loop
      vertex -5.01556 -9.63866 1.6
      vertex -5.01556 -9.63866 3.2
      vertex -5.12187 -9.62268 3.2
    endloop
  endfacet
  facet normal -0.169327 -0.98556 0
    outer loop
      vertex -4.91376 -9.65615 1.6
      vertex -5.01556 -9.63866 3.2
      vertex -5.01556 -9.63866 1.6
    endloop
  endfacet
  facet normal -0.169327 -0.98556 0
    outer loop
      vertex -4.91376 -9.65615 1.6
      vertex -4.91376 -9.65615 3.2
      vertex -5.01556 -9.63866 3.2
    endloop
  endfacet
  facet normal -0.191835 -0.981427 0
    outer loop
      vertex -4.81584 -9.67529 1.6
      vertex -4.91376 -9.65615 3.2
      vertex -4.91376 -9.65615 1.6
    endloop
  endfacet
  facet normal -0.191835 -0.981427 0
    outer loop
      vertex -4.81584 -9.67529 1.6
      vertex -4.81584 -9.67529 3.2
      vertex -4.91376 -9.65615 3.2
    endloop
  endfacet
  facet normal -0.215718 -0.976456 0
    outer loop
      vertex -4.72119 -9.6962 1.6
      vertex -4.81584 -9.67529 3.2
      vertex -4.81584 -9.67529 1.6
    endloop
  endfacet
  facet normal -0.215718 -0.976456 0
    outer loop
      vertex -4.72119 -9.6962 1.6
      vertex -4.72119 -9.6962 3.2
      vertex -4.81584 -9.67529 3.2
    endloop
  endfacet
  facet normal -0.240872 -0.970557 0
    outer loop
      vertex -4.6292 -9.71903 1.6
      vertex -4.72119 -9.6962 3.2
      vertex -4.72119 -9.6962 1.6
    endloop
  endfacet
  facet normal -0.240872 -0.970557 0
    outer loop
      vertex -4.6292 -9.71903 1.6
      vertex -4.6292 -9.71903 3.2
      vertex -4.72119 -9.6962 3.2
    endloop
  endfacet
  facet normal -0.266544 -0.963823 0
    outer loop
      vertex -4.53927 -9.7439 1.6
      vertex -4.6292 -9.71903 3.2
      vertex -4.6292 -9.71903 1.6
    endloop
  endfacet
  facet normal -0.266544 -0.963823 0
    outer loop
      vertex -4.53927 -9.7439 1.6
      vertex -4.53927 -9.7439 3.2
      vertex -4.6292 -9.71903 3.2
    endloop
  endfacet
  facet normal -0.292271 -0.956336 0
    outer loop
      vertex -4.45076 -9.77095 1.6
      vertex -4.53927 -9.7439 3.2
      vertex -4.53927 -9.7439 1.6
    endloop
  endfacet
  facet normal -0.292271 -0.956336 0
    outer loop
      vertex -4.45076 -9.77095 1.6
      vertex -4.45076 -9.77095 3.2
      vertex -4.53927 -9.7439 3.2
    endloop
  endfacet
  facet normal -0.317428 -0.948282 0
    outer loop
      vertex -4.36308 -9.8003 1.6
      vertex -4.45076 -9.77095 3.2
      vertex -4.45076 -9.77095 1.6
    endloop
  endfacet
  facet normal -0.317428 -0.948282 0
    outer loop
      vertex -4.36308 -9.8003 1.6
      vertex -4.36308 -9.8003 3.2
      vertex -4.45076 -9.77095 3.2
    endloop
  endfacet
  facet normal -0.3417 -0.939809 0
    outer loop
      vertex -4.27559 -9.83211 1.6
      vertex -4.36308 -9.8003 3.2
      vertex -4.36308 -9.8003 1.6
    endloop
  endfacet
  facet normal -0.3417 -0.939809 0
    outer loop
      vertex -4.27559 -9.83211 1.6
      vertex -4.27559 -9.83211 3.2
      vertex -4.36308 -9.8003 3.2
    endloop
  endfacet
  facet normal -0.364291 -0.931285 0
    outer loop
      vertex -4.1877 -9.86649 1.6
      vertex -4.27559 -9.83211 3.2
      vertex -4.27559 -9.83211 1.6
    endloop
  endfacet
  facet normal -0.364291 -0.931285 0
    outer loop
      vertex -4.1877 -9.86649 1.6
      vertex -4.1877 -9.86649 3.2
      vertex -4.27559 -9.83211 3.2
    endloop
  endfacet
  facet normal -0.385058 -0.922893 0
    outer loop
      vertex -4.09878 -9.90359 1.6
      vertex -4.1877 -9.86649 3.2
      vertex -4.1877 -9.86649 1.6
    endloop
  endfacet
  facet normal -0.385058 -0.922893 0
    outer loop
      vertex -4.09878 -9.90359 1.6
      vertex -4.09878 -9.90359 3.2
      vertex -4.1877 -9.86649 3.2
    endloop
  endfacet
  facet normal -0.403483 -0.914987 0
    outer loop
      vertex -4.00823 -9.94352 1.6
      vertex -4.09878 -9.90359 3.2
      vertex -4.09878 -9.90359 1.6
    endloop
  endfacet
  facet normal -0.403483 -0.914987 0
    outer loop
      vertex -4.00823 -9.94352 1.6
      vertex -4.00823 -9.94352 3.2
      vertex -4.09878 -9.90359 3.2
    endloop
  endfacet
  facet normal -0.419778 -0.907627 0
    outer loop
      vertex -3.91543 -9.98644 1.6
      vertex -4.00823 -9.94352 3.2
      vertex -4.00823 -9.94352 1.6
    endloop
  endfacet
  facet normal -0.419778 -0.907627 0
    outer loop
      vertex -3.91543 -9.98644 1.6
      vertex -3.91543 -9.98644 3.2
      vertex -4.00823 -9.94352 3.2
    endloop
  endfacet
  facet normal -0.440794 -0.897608 0
    outer loop
      vertex -3.786 -10.05 1.6
      vertex -3.91543 -9.98644 3.2
      vertex -3.91543 -9.98644 1.6
    endloop
  endfacet
  facet normal -0.440794 -0.897608 0
    outer loop
      vertex -3.786 -10.05 1.6
      vertex -3.786 -10.05 3.2
      vertex -3.91543 -9.98644 3.2
    endloop
  endfacet
  facet normal -0.423989 -0.905667 0
    outer loop
      vertex -3.66339 -10.1074 1.6
      vertex -3.786 -10.05 3.2
      vertex -3.786 -10.05 1.6
    endloop
  endfacet
  facet normal -0.423989 -0.905667 0
    outer loop
      vertex -3.66339 -10.1074 1.6
      vertex -3.66339 -10.1074 3.2
      vertex -3.786 -10.05 3.2
    endloop
  endfacet
  facet normal -0.404124 -0.914704 0
    outer loop
      vertex -3.54705 -10.1588 1.6
      vertex -3.66339 -10.1074 3.2
      vertex -3.66339 -10.1074 1.6
    endloop
  endfacet
  facet normal -0.404124 -0.914704 0
    outer loop
      vertex -3.54705 -10.1588 1.6
      vertex -3.54705 -10.1588 3.2
      vertex -3.66339 -10.1074 3.2
    endloop
  endfacet
  facet normal -0.378906 -0.925435 0
    outer loop
      vertex -3.43641 -10.2041 1.6
      vertex -3.54705 -10.1588 3.2
      vertex -3.54705 -10.1588 1.6
    endloop
  endfacet
  facet normal -0.378906 -0.925435 0
    outer loop
      vertex -3.43641 -10.2041 1.6
      vertex -3.43641 -10.2041 3.2
      vertex -3.54705 -10.1588 3.2
    endloop
  endfacet
  facet normal -0.349137 -0.937072 0
    outer loop
      vertex -3.33093 -10.2434 1.6
      vertex -3.43641 -10.2041 3.2
      vertex -3.43641 -10.2041 1.6
    endloop
  endfacet
  facet normal -0.349137 -0.937072 0
    outer loop
      vertex -3.33093 -10.2434 1.6
      vertex -3.33093 -10.2434 3.2
      vertex -3.43641 -10.2041 3.2
    endloop
  endfacet
  facet normal -0.315155 -0.94904 0
    outer loop
      vertex -3.23005 -10.2769 1.6
      vertex -3.33093 -10.2434 3.2
      vertex -3.33093 -10.2434 1.6
    endloop
  endfacet
  facet normal -0.315155 -0.94904 0
    outer loop
      vertex -3.23005 -10.2769 1.6
      vertex -3.23005 -10.2769 3.2
      vertex -3.33093 -10.2434 3.2
    endloop
  endfacet
  facet normal -0.274118 -0.961696 0
    outer loop
      vertex -3.13322 -10.3045 1.6
      vertex -3.23005 -10.2769 3.2
      vertex -3.23005 -10.2769 1.6
    endloop
  endfacet
  facet normal -0.274118 -0.961696 0
    outer loop
      vertex -3.13322 -10.3045 1.6
      vertex -3.13322 -10.3045 3.2
      vertex -3.23005 -10.2769 3.2
    endloop
  endfacet
  facet normal -0.228469 -0.973551 0
    outer loop
      vertex -3.0399 -10.3264 1.6
      vertex -3.13322 -10.3045 3.2
      vertex -3.13322 -10.3045 1.6
    endloop
  endfacet
  facet normal -0.228469 -0.973551 0
    outer loop
      vertex -3.0399 -10.3264 1.6
      vertex -3.0399 -10.3264 3.2
      vertex -3.13322 -10.3045 3.2
    endloop
  endfacet
  facet normal -0.17645 -0.98431 0
    outer loop
      vertex -2.94953 -10.3426 1.6
      vertex -3.0399 -10.3264 3.2
      vertex -3.0399 -10.3264 1.6
    endloop
  endfacet
  facet normal -0.17645 -0.98431 0
    outer loop
      vertex -2.94953 -10.3426 1.6
      vertex -2.94953 -10.3426 3.2
      vertex -3.0399 -10.3264 3.2
    endloop
  endfacet
  facet normal -0.118491 -0.992955 0
    outer loop
      vertex -2.86154 -10.3531 1.6
      vertex -2.94953 -10.3426 3.2
      vertex -2.94953 -10.3426 1.6
    endloop
  endfacet
  facet normal -0.118491 -0.992955 0
    outer loop
      vertex -2.86154 -10.3531 1.6
      vertex -2.86154 -10.3531 3.2
      vertex -2.94953 -10.3426 3.2
    endloop
  endfacet
  facet normal -0.0591024 -0.998252 0
    outer loop
      vertex -2.7754 -10.3582 1.6
      vertex -2.86154 -10.3531 3.2
      vertex -2.86154 -10.3531 1.6
    endloop
  endfacet
  facet normal -0.0591024 -0.998252 0
    outer loop
      vertex -2.7754 -10.3582 1.6
      vertex -2.7754 -10.3582 3.2
      vertex -2.86154 -10.3531 3.2
    endloop
  endfacet
  facet normal 0.00589196 -0.999983 0
    outer loop
      vertex -2.69054 -10.3577 1.6
      vertex -2.7754 -10.3582 3.2
      vertex -2.7754 -10.3582 1.6
    endloop
  endfacet
  facet normal 0.00589196 -0.999983 0
    outer loop
      vertex -2.69054 -10.3577 1.6
      vertex -2.69054 -10.3577 3.2
      vertex -2.7754 -10.3582 3.2
    endloop
  endfacet
endsolid OpenSCAD_Model
